solid OpenSCAD_Model
  facet normal 0.707106 -0.707108 0
    outer loop
      vertex -17.5 -4.2 44
      vertex -13.5 -0.200012 0.599999
      vertex -13.5 -0.200012 48
    endloop
  endfacet
  facet normal 0.707106 -0.707108 0
    outer loop
      vertex -17.5 -4.2 0
      vertex -13.5 -0.200012 0.599999
      vertex -17.5 -4.2 44
    endloop
  endfacet
  facet normal 0.707105 -0.707109 1.08146e-05
    outer loop
      vertex -13.5 -0.200012 0.599999
      vertex -17.5 -4.2 0
      vertex -14.1 -0.800018 0
    endloop
  endfacet
  facet normal 0 1 0
    outer loop
      vertex 17.5 -4.2 44
      vertex -0.0482982 -4.2 18.557
      vertex -17.5 -4.2 44
    endloop
  endfacet
  facet normal 0 1 0
    outer loop
      vertex 17.5 -4.2 44
      vertex -0.0475824 -4.2 18.557
      vertex -0.0482982 -4.2 18.557
    endloop
  endfacet
  facet normal 0 1 0
    outer loop
      vertex 17.5 -4.2 44
      vertex 0.144549 -4.2 18.5488
      vertex -0.0475824 -4.2 18.557
    endloop
  endfacet
  facet normal 0 1 0
    outer loop
      vertex 17.5 -4.2 44
      vertex 0.332539 -4.2 18.5083
      vertex 0.144549 -4.2 18.5488
    endloop
  endfacet
  facet normal 0 1 0
    outer loop
      vertex 17.5 -4.2 44
      vertex 0.33324 -4.2 18.5081
      vertex 0.332539 -4.2 18.5083
    endloop
  endfacet
  facet normal 0 1 0
    outer loop
      vertex 17.5 -4.2 44
      vertex 0.333904 -4.2 18.5079
      vertex 0.33324 -4.2 18.5081
    endloop
  endfacet
  facet normal 0 1 0
    outer loop
      vertex 17.5 -4.2 44
      vertex 0.512342 -4.2 18.4362
      vertex 0.333904 -4.2 18.5079
    endloop
  endfacet
  facet normal 0 1 0
    outer loop
      vertex 17.5 -4.2 44
      vertex 0.676096 -4.2 18.3353
      vertex 0.512342 -4.2 18.4362
    endloop
  endfacet
  facet normal 0 1 0
    outer loop
      vertex 17.5 -4.2 44
      vertex 0.676706 -4.2 18.335
      vertex 0.676096 -4.2 18.3353
    endloop
  endfacet
  facet normal 0 1 0
    outer loop
      vertex 17.5 -4.2 44
      vertex 0.677244 -4.2 18.3345
      vertex 0.676706 -4.2 18.335
    endloop
  endfacet
  facet normal 0 1 0
    outer loop
      vertex 17.5 -4.2 44
      vertex 0.821604 -4.2 18.2074
      vertex 0.677244 -4.2 18.3345
    endloop
  endfacet
  facet normal 0 1 0
    outer loop
      vertex 17.5 -4.2 44
      vertex 0.942414 -4.2 18.0578
      vertex 0.821604 -4.2 18.2074
    endloop
  endfacet
  facet normal 0 1 0
    outer loop
      vertex 17.5 -4.2 44
      vertex 0.942864 -4.2 18.0573
      vertex 0.942414 -4.2 18.0578
    endloop
  endfacet
  facet normal 0 1 0
    outer loop
      vertex 17.5 -4.2 44
      vertex 0.943214 -4.2 18.0566
      vertex 0.942864 -4.2 18.0573
    endloop
  endfacet
  facet normal 0 1 0
    outer loop
      vertex 17.5 -4.2 44
      vertex 1.037 -4.2 17.8888
      vertex 0.943214 -4.2 18.0566
    endloop
  endfacet
  facet normal 0 1 0
    outer loop
      vertex 17.5 -4.2 44
      vertex 1.03724 -4.2 17.8881
      vertex 1.037 -4.2 17.8888
    endloop
  endfacet
  facet normal 0 1 0
    outer loop
      vertex 17.5 -4.2 44
      vertex 1.1013 -4.2 17.7068
      vertex 1.03724 -4.2 17.8881
    endloop
  endfacet
  facet normal 0 1 -0
    outer loop
      vertex 17.5 -4.2 0
      vertex 1.1013 -4.2 17.7068
      vertex 17.5 -4.2 44
    endloop
  endfacet
  facet normal 0 1 0
    outer loop
      vertex 1.1013 -4.2 17.7068
      vertex 17.5 -4.2 0
      vertex 1.1338 -4.2 17.5172
    endloop
  endfacet
  facet normal 0 1 0
    outer loop
      vertex 1.1338 -4.2 17.5172
      vertex 17.5 -4.2 0
      vertex 1.13392 -4.2 17.5165
    endloop
  endfacet
  facet normal 0 1 0
    outer loop
      vertex 1.13392 -4.2 17.5165
      vertex 17.5 -4.2 0
      vertex 1.13392 -4.2 17.3235
    endloop
  endfacet
  facet normal 0 1 0
    outer loop
      vertex 1.13392 -4.2 17.3235
      vertex 17.5 -4.2 0
      vertex 1.1338 -4.2 17.3228
    endloop
  endfacet
  facet normal 0 1 0
    outer loop
      vertex 1.1338 -4.2 17.3228
      vertex 17.5 -4.2 0
      vertex 1.1013 -4.2 17.1332
    endloop
  endfacet
  facet normal 0 1 0
    outer loop
      vertex 1.1013 -4.2 17.1332
      vertex 17.5 -4.2 0
      vertex 1.03724 -4.2 16.9519
    endloop
  endfacet
  facet normal 0 1 0
    outer loop
      vertex 1.03724 -4.2 16.9519
      vertex 17.5 -4.2 0
      vertex 1.037 -4.2 16.9512
    endloop
  endfacet
  facet normal 0 1 0
    outer loop
      vertex 1.037 -4.2 16.9512
      vertex 17.5 -4.2 0
      vertex 0.943214 -4.2 16.7834
    endloop
  endfacet
  facet normal 0 1 0
    outer loop
      vertex 0.942864 -4.2 16.7827
      vertex 0.821604 -4.2 16.6326
      vertex 0.942414 -4.2 16.7822
    endloop
  endfacet
  facet normal 0 1 0
    outer loop
      vertex 0.676706 -4.2 16.505
      vertex 0.512342 -4.2 16.4038
      vertex 0.512952 -4.2 16.4042
    endloop
  endfacet
  facet normal 0 -1 0
    outer loop
      vertex 0.33324 -4.2 16.3319
      vertex 0.144549 -4.2 16.2912
      vertex 0.332539 -4.2 16.3317
    endloop
  endfacet
  facet normal 0 1 0
    outer loop
      vertex -0.0475824 -4.2 16.283
      vertex 17.5 -4.2 0
      vertex -0.0482982 -4.2 16.283
    endloop
  endfacet
  facet normal 0 1 0
    outer loop
      vertex 0.144549 -4.2 16.2912
      vertex 17.5 -4.2 0
      vertex -0.0475824 -4.2 16.283
    endloop
  endfacet
  facet normal 0 1 0
    outer loop
      vertex 0.33324 -4.2 16.3319
      vertex 17.5 -4.2 0
      vertex 0.144549 -4.2 16.2912
    endloop
  endfacet
  facet normal 0 1 0
    outer loop
      vertex 0.333904 -4.2 16.3321
      vertex 17.5 -4.2 0
      vertex 0.33324 -4.2 16.3319
    endloop
  endfacet
  facet normal 0 1 0
    outer loop
      vertex 0.512342 -4.2 16.4038
      vertex 17.5 -4.2 0
      vertex 0.333904 -4.2 16.3321
    endloop
  endfacet
  facet normal 0 1 0
    outer loop
      vertex 0.676706 -4.2 16.505
      vertex 17.5 -4.2 0
      vertex 0.512342 -4.2 16.4038
    endloop
  endfacet
  facet normal 0 1 0
    outer loop
      vertex 0.677244 -4.2 16.5055
      vertex 17.5 -4.2 0
      vertex 0.676706 -4.2 16.505
    endloop
  endfacet
  facet normal 0 1 0
    outer loop
      vertex 0.821604 -4.2 16.6326
      vertex 17.5 -4.2 0
      vertex 0.677244 -4.2 16.5055
    endloop
  endfacet
  facet normal 0 1 0
    outer loop
      vertex 0.942864 -4.2 16.7827
      vertex 17.5 -4.2 0
      vertex 0.821604 -4.2 16.6326
    endloop
  endfacet
  facet normal 0 1 0
    outer loop
      vertex 0.943214 -4.2 16.7834
      vertex 17.5 -4.2 0
      vertex 0.942864 -4.2 16.7827
    endloop
  endfacet
  facet normal 0 1 -0
    outer loop
      vertex -0.239047 -4.2 18.5326
      vertex -17.5 -4.2 44
      vertex -0.0482982 -4.2 18.557
    endloop
  endfacet
  facet normal 0 1 -0
    outer loop
      vertex -0.239757 -4.2 18.5325
      vertex -17.5 -4.2 44
      vertex -0.239047 -4.2 18.5326
    endloop
  endfacet
  facet normal 0 1 -0
    outer loop
      vertex -0.423635 -4.2 18.4762
      vertex -17.5 -4.2 44
      vertex -0.239757 -4.2 18.5325
    endloop
  endfacet
  facet normal 0 1 -0
    outer loop
      vertex -0.42432 -4.2 18.476
      vertex -17.5 -4.2 44
      vertex -0.423635 -4.2 18.4762
    endloop
  endfacet
  facet normal 0 1 -0
    outer loop
      vertex -0.42496 -4.2 18.4756
      vertex -17.5 -4.2 44
      vertex -0.42432 -4.2 18.476
    endloop
  endfacet
  facet normal 0 1 -0
    outer loop
      vertex -0.596675 -4.2 18.3891
      vertex -17.5 -4.2 44
      vertex -0.42496 -4.2 18.4756
    endloop
  endfacet
  facet normal 0 1 -0
    outer loop
      vertex -0.597251 -4.2 18.3886
      vertex -17.5 -4.2 44
      vertex -0.596675 -4.2 18.3891
    endloop
  endfacet
  facet normal 0 1 -0
    outer loop
      vertex -0.751864 -4.2 18.2743
      vertex -17.5 -4.2 44
      vertex -0.597251 -4.2 18.3886
    endloop
  endfacet
  facet normal 0 1 -0
    outer loop
      vertex -0.884928 -4.2 18.1354
      vertex -17.5 -4.2 44
      vertex -0.751864 -4.2 18.2743
    endloop
  endfacet
  facet normal 0 1 -0
    outer loop
      vertex -0.885424 -4.2 18.1349
      vertex -17.5 -4.2 44
      vertex -0.884928 -4.2 18.1354
    endloop
  endfacet
  facet normal 0 1 -0
    outer loop
      vertex -0.885825 -4.2 18.1343
      vertex -17.5 -4.2 44
      vertex -0.885424 -4.2 18.1349
    endloop
  endfacet
  facet normal 0 1 -0
    outer loop
      vertex -0.993512 -4.2 17.975
      vertex -17.5 -4.2 44
      vertex -0.885825 -4.2 18.1343
    endloop
  endfacet
  facet normal 0 1 -0
    outer loop
      vertex -1.07272 -4.2 17.7998
      vertex -17.5 -4.2 44
      vertex -0.993512 -4.2 17.975
    endloop
  endfacet
  facet normal 0 1 -0
    outer loop
      vertex -1.07302 -4.2 17.7991
      vertex -17.5 -4.2 44
      vertex -1.07272 -4.2 17.7998
    endloop
  endfacet
  facet normal 0 1 -0
    outer loop
      vertex -1.0732 -4.2 17.7984
      vertex -17.5 -4.2 44
      vertex -1.07302 -4.2 17.7991
    endloop
  endfacet
  facet normal 0 1 -0
    outer loop
      vertex -1.12165 -4.2 17.6123
      vertex -17.5 -4.2 44
      vertex -1.0732 -4.2 17.7984
    endloop
  endfacet
  facet normal 0 1 0
    outer loop
      vertex -17.5 -4.2 0
      vertex -1.12165 -4.2 17.6123
      vertex -1.12172 -4.2 17.6116
    endloop
  endfacet
  facet normal 0 1 0
    outer loop
      vertex -17.5 -4.2 0
      vertex -1.12172 -4.2 17.6116
      vertex -1.13803 -4.2 17.42
    endloop
  endfacet
  facet normal 0 1 0
    outer loop
      vertex -17.5 -4.2 0
      vertex -1.13803 -4.2 17.42
      vertex -1.12172 -4.2 17.2284
    endloop
  endfacet
  facet normal 0 1 0
    outer loop
      vertex -17.5 -4.2 0
      vertex -1.12172 -4.2 17.2284
      vertex -1.12165 -4.2 17.2277
    endloop
  endfacet
  facet normal 0 1 0
    outer loop
      vertex -17.5 -4.2 0
      vertex -1.12165 -4.2 17.2277
      vertex -1.0732 -4.2 17.0416
    endloop
  endfacet
  facet normal 0 1 0
    outer loop
      vertex -17.5 -4.2 0
      vertex -1.0732 -4.2 17.0416
      vertex -1.07302 -4.2 17.0409
    endloop
  endfacet
  facet normal 0 1 0
    outer loop
      vertex -17.5 -4.2 0
      vertex -1.07302 -4.2 17.0409
      vertex -1.07272 -4.2 17.0402
    endloop
  endfacet
  facet normal 0 1 0
    outer loop
      vertex -17.5 -4.2 0
      vertex -1.07272 -4.2 17.0402
      vertex -0.993512 -4.2 16.865
    endloop
  endfacet
  facet normal 0 1 0
    outer loop
      vertex -0.596675 -4.2 16.4509
      vertex -0.751864 -4.2 16.5657
      vertex -0.751288 -4.2 16.5653
    endloop
  endfacet
  facet normal 0 1 0
    outer loop
      vertex -17.5 -4.2 0
      vertex -0.0482982 -4.2 16.283
      vertex 17.5 -4.2 0
    endloop
  endfacet
  facet normal 0 1 0
    outer loop
      vertex -0.0482982 -4.2 16.283
      vertex -17.5 -4.2 0
      vertex -0.239047 -4.2 16.3074
    endloop
  endfacet
  facet normal 0 1 0
    outer loop
      vertex -0.239047 -4.2 16.3074
      vertex -17.5 -4.2 0
      vertex -0.239757 -4.2 16.3075
    endloop
  endfacet
  facet normal 0 1 0
    outer loop
      vertex -0.239757 -4.2 16.3075
      vertex -17.5 -4.2 0
      vertex -0.423635 -4.2 16.3638
    endloop
  endfacet
  facet normal 0 1 0
    outer loop
      vertex -0.423635 -4.2 16.3638
      vertex -17.5 -4.2 0
      vertex -0.42432 -4.2 16.364
    endloop
  endfacet
  facet normal 0 1 0
    outer loop
      vertex -0.42432 -4.2 16.364
      vertex -17.5 -4.2 0
      vertex -0.42496 -4.2 16.3644
    endloop
  endfacet
  facet normal 0 1 0
    outer loop
      vertex -0.42496 -4.2 16.3644
      vertex -17.5 -4.2 0
      vertex -0.596675 -4.2 16.4509
    endloop
  endfacet
  facet normal 0 1 0
    outer loop
      vertex -1.12165 -4.2 17.6123
      vertex -17.5 -4.2 0
      vertex -17.5 -4.2 44
    endloop
  endfacet
  facet normal 0 1 0
    outer loop
      vertex -0.885825 -4.2 16.7057
      vertex -17.5 -4.2 0
      vertex -0.993512 -4.2 16.865
    endloop
  endfacet
  facet normal 0 1 0
    outer loop
      vertex -0.885424 -4.2 16.7051
      vertex -17.5 -4.2 0
      vertex -0.885825 -4.2 16.7057
    endloop
  endfacet
  facet normal 0 1 0
    outer loop
      vertex -0.884928 -4.2 16.7046
      vertex -17.5 -4.2 0
      vertex -0.885424 -4.2 16.7051
    endloop
  endfacet
  facet normal 0 1 0
    outer loop
      vertex -0.751864 -4.2 16.5657
      vertex -17.5 -4.2 0
      vertex -0.884928 -4.2 16.7046
    endloop
  endfacet
  facet normal 0 1 0
    outer loop
      vertex -0.596675 -4.2 16.4509
      vertex -17.5 -4.2 0
      vertex -0.751864 -4.2 16.5657
    endloop
  endfacet
  facet normal -0.707105 -0.707109 1.08146e-05
    outer loop
      vertex 17.5 -4.2 0
      vertex 13.5 -0.200012 0.599999
      vertex 14.1 -0.800018 0
    endloop
  endfacet
  facet normal -0.707106 -0.707108 0
    outer loop
      vertex 13.5 -0.200012 0.599999
      vertex 17.5 -4.2 0
      vertex 17.5 -4.2 44
    endloop
  endfacet
  facet normal -0.707106 -0.707108 0
    outer loop
      vertex 13.5 -0.200012 0.599999
      vertex 17.5 -4.2 44
      vertex 13.5 -0.200012 48
    endloop
  endfacet
  facet normal 0 0.707108 -0.707106
    outer loop
      vertex 17.5 -4.2 44
      vertex -13.5 -0.200012 48
      vertex 13.5 -0.200012 48
    endloop
  endfacet
  facet normal 0 0.707108 -0.707106
    outer loop
      vertex -13.5 -0.200012 48
      vertex 17.5 -4.2 44
      vertex -17.5 -4.2 44
    endloop
  endfacet
  facet normal 0.0808244 0.766309 0.637368
    outer loop
      vertex -0.239047 -4.2 16.3074
      vertex -0.063201 -4.89999 17.1267
      vertex -0.0127316 -4.89999 17.1203
    endloop
  endfacet
  facet normal 0.0895477 0.766651 0.635789
    outer loop
      vertex -0.063201 -4.89999 17.1267
      vertex -0.239047 -4.2 16.3074
      vertex -0.239757 -4.2 16.3075
    endloop
  endfacet
  facet normal -0.337052 0.766329 0.546934
    outer loop
      vertex 0.512952 -4.2 16.4042
      vertex 0.135056 -4.89999 17.1521
      vertex 0.178382 -4.89999 17.1788
    endloop
  endfacet
  facet normal -0.352866 0.765449 0.53812
    outer loop
      vertex 0.135056 -4.89999 17.1521
      vertex 0.512952 -4.2 16.4042
      vertex 0.512342 -4.2 16.4038
    endloop
  endfacet
  facet normal 0.640108 0.76635 -0.0544894
    outer loop
      vertex -1.12172 -4.2 17.6116
      vertex -0.299988 -4.89999 17.42
      vertex -1.13803 -4.2 17.42
    endloop
  endfacet
  facet normal 0.622277 0.766268 -0.160014
    outer loop
      vertex -0.282851 -4.89999 17.5199
      vertex -1.0732 -4.2 17.7984
      vertex -1.07302 -4.2 17.7991
    endloop
  endfacet
  facet normal 0.621656 0.766356 -0.161997
    outer loop
      vertex -1.0732 -4.2 17.7984
      vertex -0.282851 -4.89999 17.5199
      vertex -0.295672 -4.89999 17.4707
    endloop
  endfacet
  facet normal 0.381899 0.766346 -0.516592
    outer loop
      vertex -0.597251 -4.2 18.3886
      vertex -0.198194 -4.89999 17.6452
      vertex -0.751864 -4.2 18.2743
    endloop
  endfacet
  facet normal 0.423513 0.763285 -0.487887
    outer loop
      vertex -0.157286 -4.89999 17.6754
      vertex -0.597251 -4.2 18.3886
      vertex -0.596675 -4.2 18.3891
    endloop
  endfacet
  facet normal 0.381535 0.766376 -0.516816
    outer loop
      vertex -0.597251 -4.2 18.3886
      vertex -0.157286 -4.89999 17.6754
      vertex -0.198194 -4.89999 17.6452
    endloop
  endfacet
  facet normal 0.463907 0.766345 -0.444416
    outer loop
      vertex -0.751864 -4.2 18.2743
      vertex -0.198194 -4.89999 17.6452
      vertex -0.884928 -4.2 18.1354
    endloop
  endfacet
  facet normal 0.585454 0.766365 0.264438
    outer loop
      vertex -1.07272 -4.2 17.0402
      vertex -0.282851 -4.89999 17.3201
      vertex -0.261893 -4.89999 17.2737
    endloop
  endfacet
  facet normal 0.589965 0.766819 0.252842
    outer loop
      vertex -0.282851 -4.89999 17.3201
      vertex -1.07272 -4.2 17.0402
      vertex -1.07302 -4.2 17.0409
    endloop
  endfacet
  facet normal -0.0265138 0.766398 0.641819
    outer loop
      vertex -0.0475824 -4.2 16.283
      vertex -0.0127316 -4.89999 17.1203
      vertex 0.0381031 -4.89999 17.1224
    endloop
  endfacet
  facet normal 0 0.767211 0.641395
    outer loop
      vertex -0.0127316 -4.89999 17.1203
      vertex -0.0475824 -4.2 16.283
      vertex -0.0482982 -4.2 16.283
    endloop
  endfacet
  facet normal 0.289007 0.766368 -0.57372
    outer loop
      vertex -0.42496 -4.2 18.4756
      vertex -0.157286 -4.89999 17.6754
      vertex -0.596675 -4.2 18.3891
    endloop
  endfacet
  facet normal 0.463631 0.766313 0.444758
    outer loop
      vertex -0.884928 -4.2 16.7046
      vertex -0.2334 -4.89999 17.2315
      vertex -0.198194 -4.89999 17.1948
    endloop
  endfacet
  facet normal 0.456532 0.765819 0.45288
    outer loop
      vertex -0.2334 -4.89999 17.2315
      vertex -0.884928 -4.2 16.7046
      vertex -0.885424 -4.2 16.7051
    endloop
  endfacet
  facet normal -0.424535 0.766334 0.482186
    outer loop
      vertex 0.821604 -4.2 16.6326
      vertex 0.677244 -4.2 16.5055
      vertex 0.216578 -4.89999 17.2124
    endloop
  endfacet
  facet normal 0.342892 0.762518 -0.548627
    outer loop
      vertex -0.111852 -4.89999 17.6984
      vertex -0.42496 -4.2 18.4756
      vertex -0.42432 -4.2 18.476
    endloop
  endfacet
  facet normal 0.290192 0.766277 -0.573243
    outer loop
      vertex -0.42496 -4.2 18.4756
      vertex -0.111852 -4.89999 17.6984
      vertex -0.157286 -4.89999 17.6754
    endloop
  endfacet
  facet normal 0.532455 0.76632 0.359508
    outer loop
      vertex -0.2334 -4.89999 17.2315
      vertex -0.885825 -4.2 16.7057
      vertex -0.261893 -4.89999 17.2737
    endloop
  endfacet
  facet normal 0.534276 0.76619 0.357075
    outer loop
      vertex -0.885825 -4.2 16.7057
      vertex -0.2334 -4.89999 17.2315
      vertex -0.885424 -4.2 16.7051
    endloop
  endfacet
  facet normal 0.640108 0.76635 0.0544894
    outer loop
      vertex -0.299988 -4.89999 17.42
      vertex -1.12172 -4.2 17.2284
      vertex -1.13803 -4.2 17.42
    endloop
  endfacet
  facet normal -0.175901 0.767429 0.616532
    outer loop
      vertex 0.332539 -4.2 16.3317
      vertex 0.0878429 -4.89999 17.1332
      vertex 0.33324 -4.2 16.3319
    endloop
  endfacet
  facet normal -0.136299 0.766406 0.627729
    outer loop
      vertex 0.0878429 -4.89999 17.1332
      vertex 0.332539 -4.2 16.3317
      vertex 0.0381031 -4.89999 17.1224
    endloop
  endfacet
  facet normal 0.534276 0.76619 -0.357075
    outer loop
      vertex -0.2334 -4.89999 17.6085
      vertex -0.885825 -4.2 18.1343
      vertex -0.885424 -4.2 18.1349
    endloop
  endfacet
  facet normal 0.532455 0.76632 -0.359508
    outer loop
      vertex -0.885825 -4.2 18.1343
      vertex -0.2334 -4.89999 17.6085
      vertex -0.261893 -4.89999 17.5663
    endloop
  endfacet
  facet normal -0.0273939 0.766335 -0.641856
    outer loop
      vertex 0.144549 -4.2 18.5488
      vertex 0.0381031 -4.89999 17.7176
      vertex -0.0475824 -4.2 18.557
    endloop
  endfacet
  facet normal -0.175901 0.767429 -0.616532
    outer loop
      vertex 0.0878429 -4.89999 17.7068
      vertex 0.332539 -4.2 18.5083
      vertex 0.33324 -4.2 18.5081
    endloop
  endfacet
  facet normal -0.136299 0.766406 -0.627729
    outer loop
      vertex 0.332539 -4.2 18.5083
      vertex 0.0878429 -4.89999 17.7068
      vertex 0.0381031 -4.89999 17.7176
    endloop
  endfacet
  facet normal -0.135302 0.766332 -0.628035
    outer loop
      vertex 0.144549 -4.2 18.5488
      vertex 0.332539 -4.2 18.5083
      vertex 0.0381031 -4.89999 17.7176
    endloop
  endfacet
  facet normal 0.585454 0.766365 -0.264438
    outer loop
      vertex -0.282851 -4.89999 17.5199
      vertex -1.07272 -4.2 17.7998
      vertex -0.261893 -4.89999 17.5663
    endloop
  endfacet
  facet normal 0.589965 0.766819 -0.252842
    outer loop
      vertex -1.07272 -4.2 17.7998
      vertex -0.282851 -4.89999 17.5199
      vertex -1.07302 -4.2 17.7991
    endloop
  endfacet
  facet normal -0.605768 0.766343 0.213924
    outer loop
      vertex 1.03724 -4.2 16.9519
      vertex 0.273357 -4.89999 17.2964
      vertex 0.290308 -4.89999 17.3444
    endloop
  endfacet
  facet normal -0.607997 0.766085 0.208456
    outer loop
      vertex 0.273357 -4.89999 17.2964
      vertex 1.03724 -4.2 16.9519
      vertex 1.037 -4.2 16.9512
    endloop
  endfacet
  facet normal 0.0815113 0.766359 -0.63722
    outer loop
      vertex -0.0482982 -4.2 18.557
      vertex -0.0127316 -4.89999 17.7197
      vertex -0.239047 -4.2 18.5326
    endloop
  endfacet
  facet normal 0.290192 0.766277 0.573243
    outer loop
      vertex -0.111852 -4.89999 17.1416
      vertex -0.42496 -4.2 16.3644
      vertex -0.157286 -4.89999 17.1646
    endloop
  endfacet
  facet normal 0.342892 0.762518 0.548627
    outer loop
      vertex -0.42496 -4.2 16.3644
      vertex -0.111852 -4.89999 17.1416
      vertex -0.42432 -4.2 16.364
    endloop
  endfacet
  facet normal 0.188083 0.76634 -0.614286
    outer loop
      vertex -0.239757 -4.2 18.5325
      vertex -0.063201 -4.89999 17.7133
      vertex -0.423635 -4.2 18.4762
    endloop
  endfacet
  facet normal -0.239527 0.766346 -0.596104
    outer loop
      vertex 0.333904 -4.2 18.5079
      vertex 0.512342 -4.2 18.4362
      vertex 0.135056 -4.89999 17.6879
    endloop
  endfacet
  facet normal 0.621705 0.766345 -0.161857
    outer loop
      vertex -1.0732 -4.2 17.7984
      vertex -0.295672 -4.89999 17.4707
      vertex -1.12165 -4.2 17.6123
    endloop
  endfacet
  facet normal -0.576271 0.764781 -0.288135
    outer loop
      vertex 0.943214 -4.2 18.0566
      vertex 0.248542 -4.89999 17.588
      vertex 0.942864 -4.2 18.0573
    endloop
  endfacet
  facet normal -0.560788 0.766344 -0.313422
    outer loop
      vertex 0.248542 -4.89999 17.588
      vertex 0.943214 -4.2 18.0566
      vertex 0.273357 -4.89999 17.5436
    endloop
  endfacet
  facet normal 0 1 0
    outer loop
      vertex 0.0381031 -4.89999 17.7176
      vertex -0.063201 -4.89999 17.7133
      vertex -0.0127316 -4.89999 17.7197
    endloop
  endfacet
  facet normal 0 1 0
    outer loop
      vertex 0.0878429 -4.89999 17.7068
      vertex -0.063201 -4.89999 17.7133
      vertex 0.0381031 -4.89999 17.7176
    endloop
  endfacet
  facet normal 0 1 0
    outer loop
      vertex 0.0878429 -4.89999 17.7068
      vertex -0.111852 -4.89999 17.6984
      vertex -0.063201 -4.89999 17.7133
    endloop
  endfacet
  facet normal 0 1 0
    outer loop
      vertex 0.135056 -4.89999 17.6879
      vertex -0.111852 -4.89999 17.6984
      vertex 0.0878429 -4.89999 17.7068
    endloop
  endfacet
  facet normal 0 1 0
    outer loop
      vertex 0.135056 -4.89999 17.6879
      vertex -0.157286 -4.89999 17.6754
      vertex -0.111852 -4.89999 17.6984
    endloop
  endfacet
  facet normal 0 1 0
    outer loop
      vertex 0.178382 -4.89999 17.6612
      vertex -0.157286 -4.89999 17.6754
      vertex 0.135056 -4.89999 17.6879
    endloop
  endfacet
  facet normal 0 1 0
    outer loop
      vertex 0.178382 -4.89999 17.6612
      vertex -0.198194 -4.89999 17.6452
      vertex -0.157286 -4.89999 17.6754
    endloop
  endfacet
  facet normal 0 1 0
    outer loop
      vertex 0.216578 -4.89999 17.6276
      vertex -0.198194 -4.89999 17.6452
      vertex 0.178382 -4.89999 17.6612
    endloop
  endfacet
  facet normal 0 1 0
    outer loop
      vertex 0.216578 -4.89999 17.6276
      vertex -0.2334 -4.89999 17.6085
      vertex -0.198194 -4.89999 17.6452
    endloop
  endfacet
  facet normal 0 1 0
    outer loop
      vertex 0.248542 -4.89999 17.588
      vertex -0.2334 -4.89999 17.6085
      vertex 0.216578 -4.89999 17.6276
    endloop
  endfacet
  facet normal 0 1 0
    outer loop
      vertex 0.248542 -4.89999 17.588
      vertex -0.261893 -4.89999 17.5663
      vertex -0.2334 -4.89999 17.6085
    endloop
  endfacet
  facet normal 0 1 0
    outer loop
      vertex 0.273357 -4.89999 17.5436
      vertex -0.261893 -4.89999 17.5663
      vertex 0.248542 -4.89999 17.588
    endloop
  endfacet
  facet normal 0 1 0
    outer loop
      vertex 0.273357 -4.89999 17.5436
      vertex -0.282851 -4.89999 17.5199
      vertex -0.261893 -4.89999 17.5663
    endloop
  endfacet
  facet normal 0 1 0
    outer loop
      vertex 0.290308 -4.89999 17.4956
      vertex -0.282851 -4.89999 17.5199
      vertex 0.273357 -4.89999 17.5436
    endloop
  endfacet
  facet normal 0 1 0
    outer loop
      vertex 0.290308 -4.89999 17.4956
      vertex -0.295672 -4.89999 17.4707
      vertex -0.282851 -4.89999 17.5199
    endloop
  endfacet
  facet normal 0 1 0
    outer loop
      vertex 0.298906 -4.89999 17.4454
      vertex -0.295672 -4.89999 17.4707
      vertex 0.290308 -4.89999 17.4956
    endloop
  endfacet
  facet normal 0 1 0
    outer loop
      vertex 0.298906 -4.89999 17.4454
      vertex -0.299988 -4.89999 17.42
      vertex -0.295672 -4.89999 17.4707
    endloop
  endfacet
  facet normal 0 1 -0
    outer loop
      vertex 0.298906 -4.89999 17.3946
      vertex -0.299988 -4.89999 17.42
      vertex 0.298906 -4.89999 17.4454
    endloop
  endfacet
  facet normal 0 1 0
    outer loop
      vertex 0.298906 -4.89999 17.3946
      vertex -0.295672 -4.89999 17.3693
      vertex -0.299988 -4.89999 17.42
    endloop
  endfacet
  facet normal 0 1 -0
    outer loop
      vertex 0.290308 -4.89999 17.3444
      vertex -0.295672 -4.89999 17.3693
      vertex 0.298906 -4.89999 17.3946
    endloop
  endfacet
  facet normal 0 1 0
    outer loop
      vertex 0.290308 -4.89999 17.3444
      vertex -0.282851 -4.89999 17.3201
      vertex -0.295672 -4.89999 17.3693
    endloop
  endfacet
  facet normal 0 1 -0
    outer loop
      vertex 0.273357 -4.89999 17.2964
      vertex -0.282851 -4.89999 17.3201
      vertex 0.290308 -4.89999 17.3444
    endloop
  endfacet
  facet normal 0 1 0
    outer loop
      vertex 0.273357 -4.89999 17.2964
      vertex -0.261893 -4.89999 17.2737
      vertex -0.282851 -4.89999 17.3201
    endloop
  endfacet
  facet normal 0 1 -0
    outer loop
      vertex 0.248542 -4.89999 17.252
      vertex -0.261893 -4.89999 17.2737
      vertex 0.273357 -4.89999 17.2964
    endloop
  endfacet
  facet normal 0 1 0
    outer loop
      vertex 0.248542 -4.89999 17.252
      vertex -0.2334 -4.89999 17.2315
      vertex -0.261893 -4.89999 17.2737
    endloop
  endfacet
  facet normal 0 1 -0
    outer loop
      vertex 0.216578 -4.89999 17.2124
      vertex -0.2334 -4.89999 17.2315
      vertex 0.248542 -4.89999 17.252
    endloop
  endfacet
  facet normal 0 1 0
    outer loop
      vertex 0.216578 -4.89999 17.2124
      vertex -0.198194 -4.89999 17.1948
      vertex -0.2334 -4.89999 17.2315
    endloop
  endfacet
  facet normal 0 1 -0
    outer loop
      vertex 0.178382 -4.89999 17.1788
      vertex -0.198194 -4.89999 17.1948
      vertex 0.216578 -4.89999 17.2124
    endloop
  endfacet
  facet normal 0 1 0
    outer loop
      vertex 0.178382 -4.89999 17.1788
      vertex -0.157286 -4.89999 17.1646
      vertex -0.198194 -4.89999 17.1948
    endloop
  endfacet
  facet normal 0 1 -0
    outer loop
      vertex 0.135056 -4.89999 17.1521
      vertex -0.157286 -4.89999 17.1646
      vertex 0.178382 -4.89999 17.1788
    endloop
  endfacet
  facet normal 0 1 0
    outer loop
      vertex 0.135056 -4.89999 17.1521
      vertex -0.111852 -4.89999 17.1416
      vertex -0.157286 -4.89999 17.1646
    endloop
  endfacet
  facet normal 0 1 -0
    outer loop
      vertex 0.0878429 -4.89999 17.1332
      vertex -0.111852 -4.89999 17.1416
      vertex 0.135056 -4.89999 17.1521
    endloop
  endfacet
  facet normal 0 1 0
    outer loop
      vertex 0.0878429 -4.89999 17.1332
      vertex -0.063201 -4.89999 17.1267
      vertex -0.111852 -4.89999 17.1416
    endloop
  endfacet
  facet normal 0 1 -0
    outer loop
      vertex 0.0381031 -4.89999 17.1224
      vertex -0.063201 -4.89999 17.1267
      vertex 0.0878429 -4.89999 17.1332
    endloop
  endfacet
  facet normal 0 1 0
    outer loop
      vertex -0.063201 -4.89999 17.1267
      vertex 0.0381031 -4.89999 17.1224
      vertex -0.0127316 -4.89999 17.1203
    endloop
  endfacet
  facet normal 0.63881 0.766708 -0.063881
    outer loop
      vertex -0.295672 -4.89999 17.4707
      vertex -1.12172 -4.2 17.6116
      vertex -1.12165 -4.2 17.6123
    endloop
  endfacet
  facet normal 0.640108 0.76635 -0.0544912
    outer loop
      vertex -1.12172 -4.2 17.6116
      vertex -0.295672 -4.89999 17.4707
      vertex -0.299988 -4.89999 17.42
    endloop
  endfacet
  facet normal 0.188128 0.766344 -0.614268
    outer loop
      vertex -0.111852 -4.89999 17.6984
      vertex -0.423635 -4.2 18.4762
      vertex -0.063201 -4.89999 17.7133
    endloop
  endfacet
  facet normal 0.18018 0.765966 -0.617115
    outer loop
      vertex -0.423635 -4.2 18.4762
      vertex -0.111852 -4.89999 17.6984
      vertex -0.42432 -4.2 18.476
    endloop
  endfacet
  facet normal -0.499817 0.766334 -0.403629
    outer loop
      vertex 0.821604 -4.2 18.2074
      vertex 0.942414 -4.2 18.0578
      vertex 0.216578 -4.89999 17.6276
    endloop
  endfacet
  facet normal 0.463631 0.766313 -0.444758
    outer loop
      vertex -0.2334 -4.89999 17.6085
      vertex -0.884928 -4.2 18.1354
      vertex -0.198194 -4.89999 17.6452
    endloop
  endfacet
  facet normal 0.456532 0.765819 -0.45288
    outer loop
      vertex -0.884928 -4.2 18.1354
      vertex -0.2334 -4.89999 17.6085
      vertex -0.885424 -4.2 18.1349
    endloop
  endfacet
  facet normal -0.633187 0.76635 -0.108546
    outer loop
      vertex 0.298906 -4.89999 17.4454
      vertex 1.1338 -4.2 17.5172
      vertex 1.13392 -4.2 17.5165
    endloop
  endfacet
  facet normal -0.633198 0.766354 -0.108451
    outer loop
      vertex 1.1338 -4.2 17.5172
      vertex 0.298906 -4.89999 17.4454
      vertex 0.290308 -4.89999 17.4956
    endloop
  endfacet
  facet normal -0.560783 0.766345 -0.31343
    outer loop
      vertex 0.943214 -4.2 18.0566
      vertex 1.037 -4.2 17.8888
      vertex 0.273357 -4.89999 17.5436
    endloop
  endfacet
  facet normal -0.239527 0.766346 0.596104
    outer loop
      vertex 0.512342 -4.2 16.4038
      vertex 0.333904 -4.2 16.3321
      vertex 0.135056 -4.89999 17.1521
    endloop
  endfacet
  facet normal -0.238726 0.766406 0.596349
    outer loop
      vertex 0.333904 -4.2 16.3321
      vertex 0.0878429 -4.89999 17.1332
      vertex 0.135056 -4.89999 17.1521
    endloop
  endfacet
  facet normal -0.184888 0.767484 0.613828
    outer loop
      vertex 0.0878429 -4.89999 17.1332
      vertex 0.333904 -4.2 16.3321
      vertex 0.33324 -4.2 16.3319
    endloop
  endfacet
  facet normal 0.289007 0.766368 0.57372
    outer loop
      vertex -0.157286 -4.89999 17.1646
      vertex -0.42496 -4.2 16.3644
      vertex -0.596675 -4.2 16.4509
    endloop
  endfacet
  facet normal 0.532229 0.766345 -0.359788
    outer loop
      vertex -0.885825 -4.2 18.1343
      vertex -0.261893 -4.89999 17.5663
      vertex -0.993512 -4.2 17.975
    endloop
  endfacet
  facet normal 0.585379 0.76635 -0.26465
    outer loop
      vertex -0.993512 -4.2 17.975
      vertex -0.261893 -4.89999 17.5663
      vertex -1.07272 -4.2 17.7998
    endloop
  endfacet
  facet normal -0.499817 0.766334 0.403629
    outer loop
      vertex 0.942414 -4.2 16.7822
      vertex 0.821604 -4.2 16.6326
      vertex 0.216578 -4.89999 17.2124
    endloop
  endfacet
  facet normal 0.382098 0.76637 0.51641
    outer loop
      vertex -0.157286 -4.89999 17.1646
      vertex -0.596675 -4.2 16.4509
      vertex -0.751288 -4.2 16.5653
    endloop
  endfacet
  facet normal -0.607997 0.766085 -0.208456
    outer loop
      vertex 1.03724 -4.2 17.8881
      vertex 0.273357 -4.89999 17.5436
      vertex 1.037 -4.2 17.8888
    endloop
  endfacet
  facet normal -0.605768 0.766343 -0.213924
    outer loop
      vertex 0.273357 -4.89999 17.5436
      vertex 1.03724 -4.2 17.8881
      vertex 0.290308 -4.89999 17.4956
    endloop
  endfacet
  facet normal -0.605723 0.766351 0.214024
    outer loop
      vertex 1.1013 -4.2 17.1332
      vertex 1.03724 -4.2 16.9519
      vertex 0.290308 -4.89999 17.3444
    endloop
  endfacet
  facet normal 0.463907 0.766345 0.444416
    outer loop
      vertex -0.198194 -4.89999 17.1948
      vertex -0.751864 -4.2 16.5657
      vertex -0.884928 -4.2 16.7046
    endloop
  endfacet
  facet normal 0.640108 0.76635 0.0544912
    outer loop
      vertex -0.295672 -4.89999 17.3693
      vertex -1.12172 -4.2 17.2284
      vertex -0.299988 -4.89999 17.42
    endloop
  endfacet
  facet normal 0.63881 0.766708 0.063881
    outer loop
      vertex -1.12172 -4.2 17.2284
      vertex -0.295672 -4.89999 17.3693
      vertex -1.12165 -4.2 17.2277
    endloop
  endfacet
  facet normal 0.621705 0.766345 0.161857
    outer loop
      vertex -0.295672 -4.89999 17.3693
      vertex -1.0732 -4.2 17.0416
      vertex -1.12165 -4.2 17.2277
    endloop
  endfacet
  facet normal 0.532229 0.766345 0.359788
    outer loop
      vertex -0.261893 -4.89999 17.2737
      vertex -0.885825 -4.2 16.7057
      vertex -0.993512 -4.2 16.865
    endloop
  endfacet
  facet normal 0.585379 0.76635 0.26465
    outer loop
      vertex -0.261893 -4.89999 17.2737
      vertex -0.993512 -4.2 16.865
      vertex -1.07272 -4.2 17.0402
    endloop
  endfacet
  facet normal -0.642427 0.766347 0
    outer loop
      vertex 1.13392 -4.2 17.5165
      vertex 0.298906 -4.89999 17.3946
      vertex 0.298906 -4.89999 17.4454
    endloop
  endfacet
  facet normal -0.642427 0.766347 0
    outer loop
      vertex 0.298906 -4.89999 17.3946
      vertex 1.13392 -4.2 17.5165
      vertex 1.13392 -4.2 17.3235
    endloop
  endfacet
  facet normal 0.0808244 0.766309 -0.637368
    outer loop
      vertex -0.063201 -4.89999 17.7133
      vertex -0.239047 -4.2 18.5326
      vertex -0.0127316 -4.89999 17.7197
    endloop
  endfacet
  facet normal 0.0895477 0.766651 -0.635789
    outer loop
      vertex -0.239047 -4.2 18.5326
      vertex -0.063201 -4.89999 17.7133
      vertex -0.239757 -4.2 18.5325
    endloop
  endfacet
  facet normal -0.285611 0.762341 -0.580743
    outer loop
      vertex 0.178382 -4.89999 17.6612
      vertex 0.676096 -4.2 18.3353
      vertex 0.676706 -4.2 18.335
    endloop
  endfacet
  facet normal -0.337044 0.766341 -0.546921
    outer loop
      vertex 0.676096 -4.2 18.3353
      vertex 0.178382 -4.89999 17.6612
      vertex 0.135056 -4.89999 17.6879
    endloop
  endfacet
  facet normal 0.0815113 0.766359 0.63722
    outer loop
      vertex -0.0127316 -4.89999 17.1203
      vertex -0.0482982 -4.2 16.283
      vertex -0.239047 -4.2 16.3074
    endloop
  endfacet
  facet normal -0.633191 0.766348 0.108537
    outer loop
      vertex 1.1338 -4.2 17.3228
      vertex 1.1013 -4.2 17.1332
      vertex 0.290308 -4.89999 17.3444
    endloop
  endfacet
  facet normal -0.424535 0.766334 -0.482186
    outer loop
      vertex 0.677244 -4.2 18.3345
      vertex 0.821604 -4.2 18.2074
      vertex 0.216578 -4.89999 17.6276
    endloop
  endfacet
  facet normal -0.337011 0.766338 -0.546946
    outer loop
      vertex 0.512342 -4.2 18.4362
      vertex 0.676096 -4.2 18.3353
      vertex 0.135056 -4.89999 17.6879
    endloop
  endfacet
  facet normal -0.33676 0.766352 0.547081
    outer loop
      vertex 0.676706 -4.2 16.505
      vertex 0.512952 -4.2 16.4042
      vertex 0.178382 -4.89999 17.1788
    endloop
  endfacet
  facet normal -0.605723 0.766351 -0.214024
    outer loop
      vertex 1.03724 -4.2 17.8881
      vertex 1.1013 -4.2 17.7068
      vertex 0.290308 -4.89999 17.4956
    endloop
  endfacet
  facet normal -0.479189 0.76445 0.431271
    outer loop
      vertex 0.942414 -4.2 16.7822
      vertex 0.248542 -4.89999 17.252
      vertex 0.942864 -4.2 16.7827
    endloop
  endfacet
  facet normal -0.4999 0.766344 0.403505
    outer loop
      vertex 0.248542 -4.89999 17.252
      vertex 0.942414 -4.2 16.7822
      vertex 0.216578 -4.89999 17.2124
    endloop
  endfacet
  facet normal -0.135302 0.766332 0.628035
    outer loop
      vertex 0.332539 -4.2 16.3317
      vertex 0.144549 -4.2 16.2912
      vertex 0.0381031 -4.89999 17.1224
    endloop
  endfacet
  facet normal -0.424311 0.766353 0.482351
    outer loop
      vertex 0.677244 -4.2 16.5055
      vertex 0.178382 -4.89999 17.1788
      vertex 0.216578 -4.89999 17.2124
    endloop
  endfacet
  facet normal -0.438023 0.765507 0.471312
    outer loop
      vertex 0.178382 -4.89999 17.1788
      vertex 0.677244 -4.2 16.5055
      vertex 0.676706 -4.2 16.505
    endloop
  endfacet
  facet normal 0.621656 0.766356 0.161997
    outer loop
      vertex -0.282851 -4.89999 17.3201
      vertex -1.0732 -4.2 17.0416
      vertex -0.295672 -4.89999 17.3693
    endloop
  endfacet
  facet normal 0.622277 0.766268 0.160014
    outer loop
      vertex -1.0732 -4.2 17.0416
      vertex -0.282851 -4.89999 17.3201
      vertex -1.07302 -4.2 17.0409
    endloop
  endfacet
  facet normal -0.438023 0.765507 -0.471312
    outer loop
      vertex 0.677244 -4.2 18.3345
      vertex 0.178382 -4.89999 17.6612
      vertex 0.676706 -4.2 18.335
    endloop
  endfacet
  facet normal -0.424311 0.766353 -0.482351
    outer loop
      vertex 0.178382 -4.89999 17.6612
      vertex 0.677244 -4.2 18.3345
      vertex 0.216578 -4.89999 17.6276
    endloop
  endfacet
  facet normal 0 0.767211 -0.641395
    outer loop
      vertex -0.0475824 -4.2 18.557
      vertex -0.0127316 -4.89999 17.7197
      vertex -0.0482982 -4.2 18.557
    endloop
  endfacet
  facet normal -0.0265138 0.766398 -0.641819
    outer loop
      vertex -0.0127316 -4.89999 17.7197
      vertex -0.0475824 -4.2 18.557
      vertex 0.0381031 -4.89999 17.7176
    endloop
  endfacet
  facet normal -0.0273939 0.766335 0.641856
    outer loop
      vertex 0.0381031 -4.89999 17.1224
      vertex 0.144549 -4.2 16.2912
      vertex -0.0475824 -4.2 16.283
    endloop
  endfacet
  facet normal 0.381575 0.76632 0.51687
    outer loop
      vertex -0.751288 -4.2 16.5653
      vertex -0.198194 -4.89999 17.1948
      vertex -0.157286 -4.89999 17.1646
    endloop
  endfacet
  facet normal 0.367077 0.765406 0.528591
    outer loop
      vertex -0.198194 -4.89999 17.1948
      vertex -0.751288 -4.2 16.5653
      vertex -0.751864 -4.2 16.5657
    endloop
  endfacet
  facet normal -0.560783 0.766345 0.31343
    outer loop
      vertex 1.037 -4.2 16.9512
      vertex 0.943214 -4.2 16.7834
      vertex 0.273357 -4.89999 17.2964
    endloop
  endfacet
  facet normal -0.560788 0.766344 0.313422
    outer loop
      vertex 0.943214 -4.2 16.7834
      vertex 0.248542 -4.89999 17.252
      vertex 0.273357 -4.89999 17.2964
    endloop
  endfacet
  facet normal -0.576271 0.764781 0.288135
    outer loop
      vertex 0.248542 -4.89999 17.252
      vertex 0.943214 -4.2 16.7834
      vertex 0.942864 -4.2 16.7827
    endloop
  endfacet
  facet normal -0.633191 0.766348 -0.108537
    outer loop
      vertex 1.1013 -4.2 17.7068
      vertex 1.1338 -4.2 17.5172
      vertex 0.290308 -4.89999 17.4956
    endloop
  endfacet
  facet normal 0.188128 0.766344 0.614268
    outer loop
      vertex -0.423635 -4.2 16.3638
      vertex -0.111852 -4.89999 17.1416
      vertex -0.063201 -4.89999 17.1267
    endloop
  endfacet
  facet normal 0.18018 0.765966 0.617115
    outer loop
      vertex -0.111852 -4.89999 17.1416
      vertex -0.423635 -4.2 16.3638
      vertex -0.42432 -4.2 16.364
    endloop
  endfacet
  facet normal 0.188083 0.76634 0.614286
    outer loop
      vertex -0.063201 -4.89999 17.1267
      vertex -0.239757 -4.2 16.3075
      vertex -0.423635 -4.2 16.3638
    endloop
  endfacet
  facet normal -0.184888 0.767484 -0.613828
    outer loop
      vertex 0.333904 -4.2 18.5079
      vertex 0.0878429 -4.89999 17.7068
      vertex 0.33324 -4.2 18.5081
    endloop
  endfacet
  facet normal -0.238726 0.766406 -0.596349
    outer loop
      vertex 0.0878429 -4.89999 17.7068
      vertex 0.333904 -4.2 18.5079
      vertex 0.135056 -4.89999 17.6879
    endloop
  endfacet
  facet normal -0.633187 0.76635 0.108546
    outer loop
      vertex 1.1338 -4.2 17.3228
      vertex 0.298906 -4.89999 17.3946
      vertex 1.13392 -4.2 17.3235
    endloop
  endfacet
  facet normal -0.633198 0.766354 0.108451
    outer loop
      vertex 0.298906 -4.89999 17.3946
      vertex 1.1338 -4.2 17.3228
      vertex 0.290308 -4.89999 17.3444
    endloop
  endfacet
  facet normal -0.479189 0.76445 -0.431271
    outer loop
      vertex 0.248542 -4.89999 17.588
      vertex 0.942414 -4.2 18.0578
      vertex 0.942864 -4.2 18.0573
    endloop
  endfacet
  facet normal -0.4999 0.766344 -0.403505
    outer loop
      vertex 0.942414 -4.2 18.0578
      vertex 0.248542 -4.89999 17.588
      vertex 0.216578 -4.89999 17.6276
    endloop
  endfacet
  facet normal -0.690238 0.150845 0.707684
    outer loop
      vertex -19.3262 -2.61087 51
      vertex -19.9505 -2.65736 50.401
      vertex -19.3601 -2.76599 51
    endloop
  endfacet
  facet normal -0.62737 0.326142 -0.707134
    outer loop
      vertex -19.1645 -2.16402 0
      vertex -19.706 -1.90475 0.599999
      vertex -19.6145 -1.72874 0.599999
    endloop
  endfacet
  facet normal -0.698728 0.104567 0.707704
    outer loop
      vertex -19.3601 -2.76599 51
      vertex -19.9799 -2.85356 50.401
      vertex -19.3836 -2.92302 51
    endloop
  endfacet
  facet normal -0.690251 0.150658 0.707712
    outer loop
      vertex -19.9082 -2.46356 50.401
      vertex -19.9505 -2.65736 50.401
      vertex -19.3262 -2.61087 51
    endloop
  endfacet
  facet normal 0.443345 0.550847 -0.707116
    outer loop
      vertex 18.5661 -1.38182 0
      vertex 18.4422 -1.2821 0
      vertex 18.9578 -0.926865 0.599999
    endloop
  endfacet
  facet normal 0 0.707103 -0.707111
    outer loop
      vertex -17 -0.200012 0.599999
      vertex -14.1 -0.800018 0
      vertex -16.9903 -0.800018 0
    endloop
  endfacet
  facet normal 0 0.707103 -0.707111
    outer loop
      vertex -14.1 -0.800018 0
      vertex -17 -0.200012 0.599999
      vertex -13.5 -0.200012 0.599999
    endloop
  endfacet
  facet normal 0 0.707103 -0.707111
    outer loop
      vertex 14.1 -0.800018 0
      vertex 17 -0.200012 0.599999
      vertex 16.9931 -0.800018 0
    endloop
  endfacet
  facet normal 0 0.707103 -0.707111
    outer loop
      vertex 17 -0.200012 0.599999
      vertex 14.1 -0.800018 0
      vertex 13.5 -0.200012 0.599999
    endloop
  endfacet
  facet normal -0.104842 -0.699305 -0.707093
    outer loop
      vertex -17.3465 -11.2799 0.599999
      vertex -17.5426 -11.2505 0.599999
      vertex -17.434 -10.6601 0
    endloop
  endfacet
  facet normal 0.0248109 0.999692 -0
    outer loop
      vertex 17.1488 -0.203705 0.599999
      vertex 17 -0.200012 50.401
      vertex 17.1488 -0.203705 50.401
    endloop
  endfacet
  facet normal 0.0248109 0.999692 0
    outer loop
      vertex 17 -0.200012 50.401
      vertex 17.1488 -0.203705 0.599999
      vertex 17 -0.200012 0.599999
    endloop
  endfacet
  facet normal 0.294565 -0.642202 0.707678
    outer loop
      vertex 18.3398 -10.9842 50.401
      vertex 18.0717 -10.4471 51
      vertex 18.1595 -11.0669 50.401
    endloop
  endfacet
  facet normal -0.572146 -0.415483 -0.707123
    outer loop
      vertex -18.8936 -9.77399 0
      vertex -19.484 -9.98213 0.599999
      vertex -18.9869 -9.64551 0
    endloop
  endfacet
  facet normal -0.698728 0.104702 0.707684
    outer loop
      vertex -19.9505 -2.65736 50.401
      vertex -19.9799 -2.85356 50.401
      vertex -19.3601 -2.76599 51
    endloop
  endfacet
  facet normal 0.690827 -0.150784 -0.707123
    outer loop
      vertex 19.9082 -9.03644 0.599999
      vertex 19.3262 -8.88913 0
      vertex 19.9505 -8.84264 0.599999
    endloop
  endfacet
  facet normal -0.66487 0.240598 -0.707149
    outer loop
      vertex -19.2822 -2.45853 0
      vertex -19.8532 -2.27296 0.599999
      vertex -19.7857 -2.08643 0.599999
    endloop
  endfacet
  facet normal -0.647517 0.284055 -0.707131
    outer loop
      vertex -19.1645 -2.16402 0
      vertex -19.7857 -2.08643 0.599999
      vertex -19.706 -1.90475 0.599999
    endloop
  endfacet
  facet normal 0 1 0
    outer loop
      vertex 17 -0.200012 50.401
      vertex 13.5 -0.200012 48
      vertex -17 -0.200012 50.401
    endloop
  endfacet
  facet normal 0 1 -0
    outer loop
      vertex 17 -0.200012 0.599999
      vertex 13.5 -0.200012 48
      vertex 17 -0.200012 50.401
    endloop
  endfacet
  facet normal 0 1 0
    outer loop
      vertex 13.5 -0.200012 48
      vertex 17 -0.200012 0.599999
      vertex 13.5 -0.200012 0.599999
    endloop
  endfacet
  facet normal 0 1 -0
    outer loop
      vertex -13.5 -0.200012 48
      vertex -17 -0.200012 50.401
      vertex 13.5 -0.200012 48
    endloop
  endfacet
  facet normal 0 1 0
    outer loop
      vertex -17 -0.200012 0.599999
      vertex -13.5 -0.200012 48
      vertex -13.5 -0.200012 0.599999
    endloop
  endfacet
  facet normal 0 1 0
    outer loop
      vertex -13.5 -0.200012 48
      vertex -17 -0.200012 0.599999
      vertex -17 -0.200012 50.401
    endloop
  endfacet
  facet normal -0.0233632 0.70613 0.707696
    outer loop
      vertex -17 -0.200012 50.401
      vertex -17.1983 -0.206573 50.401
      vertex -17.1586 -0.805588 51
    endloop
  endfacet
  facet normal -0.706517 0 0.707696
    outer loop
      vertex -20 -3.20001 50.401
      vertex -19.4 -8.29028 51
      vertex -19.4 -3.20691 51
    endloop
  endfacet
  facet normal -0.706517 0 0.707696
    outer loop
      vertex -19.4 -8.29028 51
      vertex -20 -3.20001 50.401
      vertex -20 -8.29999 50.401
    endloop
  endfacet
  facet normal -0.336237 0.621395 0.707681
    outer loop
      vertex -18.3398 -0.515823 50.401
      vertex -18.5143 -0.610245 50.401
      vertex -18.0717 -1.05293 51
    endloop
  endfacet
  facet normal -0.5506 0.44363 -0.70713
    outer loop
      vertex -18.9179 -1.75778 0
      vertex -19.3976 -1.39677 0.599999
      vertex -19.2731 -1.24225 0.599999
    endloop
  endfacet
  facet normal 0 -0.707106 -0.707107
    outer loop
      vertex 17 -11.3 0.599999
      vertex -16.9931 -10.7 0
      vertex 16.9903 -10.7 0
    endloop
  endfacet
  facet normal 0 -0.707106 -0.707107
    outer loop
      vertex -16.9931 -10.7 0
      vertex 17 -11.3 0.599999
      vertex -17 -11.3 0.599999
    endloop
  endfacet
  facet normal 0.207405 -0.676026 -0.707087
    outer loop
      vertex 17.7844 -11.1956 0.599999
      vertex 17.6274 -10.6162 0
      vertex 17.9741 -11.1374 0.599999
    endloop
  endfacet
  facet normal 0.511749 0.487143 0.707675
    outer loop
      vertex 19.1037 -1.06123 50.401
      vertex 18.6828 -1.48924 51
      vertex 19.2405 -1.20494 50.401
    endloop
  endfacet
  facet normal -0.520315 0.478851 -0.707089
    outer loop
      vertex -18.8182 -1.63394 0
      vertex -19.2731 -1.24225 0.599999
      vertex -18.7108 -1.51724 0
    endloop
  endfacet
  facet normal -0.443121 -0.550253 0.707718
    outer loop
      vertex -18.4422 -10.2179 51
      vertex -18.9578 -10.5731 50.401
      vertex -18.8032 -10.6976 50.401
    endloop
  endfacet
  facet normal 0.251432 -0.660232 0.707726
    outer loop
      vertex 17.9274 -10.5132 51
      vertex 17.7793 -10.5696 51
      vertex 18.1595 -11.0669 50.401
    endloop
  endfacet
  facet normal -0.976999 0.213246 0
    outer loop
      vertex -19.9505 -2.65736 0.599999
      vertex -19.9082 -2.46356 50.401
      vertex -19.9082 -2.46356 0.599999
    endloop
  endfacet
  facet normal -0.976999 0.213246 0
    outer loop
      vertex -19.9082 -2.46356 50.401
      vertex -19.9505 -2.65736 0.599999
      vertex -19.9505 -2.65736 50.401
    endloop
  endfacet
  facet normal -0.336384 0.621285 0.707708
    outer loop
      vertex -18.0717 -1.05293 51
      vertex -18.5143 -0.610245 50.401
      vertex -18.2112 -1.12846 51
    endloop
  endfacet
  facet normal 0.660953 0.251333 -0.707087
    outer loop
      vertex 19.8374 -2.22591 0.599999
      vertex 19.2696 -2.42072 0
      vertex 19.7669 -2.04051 0.599999
    endloop
  endfacet
  facet normal -0.519882 0.478451 0.707677
    outer loop
      vertex -18.7108 -1.51724 51
      vertex -19.2731 -1.24225 50.401
      vertex -18.8182 -1.63394 51
    endloop
  endfacet
  facet normal -0.0990745 0.99508 0
    outer loop
      vertex -17.1983 -0.206573 0.599999
      vertex -17.3957 -0.226227 50.401
      vertex -17.1983 -0.206573 50.401
    endloop
  endfacet
  facet normal -0.0990745 0.99508 0
    outer loop
      vertex -17.3957 -0.226227 50.401
      vertex -17.1983 -0.206573 0.599999
      vertex -17.3957 -0.226227 0.599999
    endloop
  endfacet
  facet normal -0.677253 -0.73575 0
    outer loop
      vertex -19.1037 -10.4388 0.599999
      vertex -18.9578 -10.5731 50.401
      vertex -19.1037 -10.4388 50.401
    endloop
  endfacet
  facet normal -0.677253 -0.73575 -0
    outer loop
      vertex -18.9578 -10.5731 50.401
      vertex -19.1037 -10.4388 0.599999
      vertex -18.9578 -10.5731 0.599999
    endloop
  endfacet
  facet normal 0 -0.706517 0.707696
    outer loop
      vertex -16.9931 -10.7 51
      vertex 17 -11.3 50.401
      vertex 16.9903 -10.7 51
    endloop
  endfacet
  facet normal 0 -0.706517 0.707696
    outer loop
      vertex 17 -11.3 50.401
      vertex -16.9931 -10.7 51
      vertex -17 -11.3 50.401
    endloop
  endfacet
  facet normal 0.415444 -0.572181 -0.707117
    outer loop
      vertex 18.6821 -10.784 0.599999
      vertex 18.3455 -10.2869 0
      vertex 18.474 -10.1936 0
    endloop
  endfacet
  facet normal 0.0583123 0.704106 0.707696
    outer loop
      vertex 17.3465 -0.220078 50.401
      vertex 17.1488 -0.203705 50.401
      vertex 17.277 -0.816376 51
    endloop
  endfacet
  facet normal -0.478508 -0.519838 0.707671
    outer loop
      vertex -18.6828 -10.0108 51
      vertex -19.1037 -10.4388 50.401
      vertex -18.9578 -10.5731 50.401
    endloop
  endfacet
  facet normal -0.578737 0.406241 -0.70713
    outer loop
      vertex -19.0089 -1.88742 0
      vertex -19.3976 -1.39677 0.599999
      vertex -18.9179 -1.75778 0
    endloop
  endfacet
  facet normal -0.690814 0.150971 -0.707095
    outer loop
      vertex -19.3601 -2.76599 0
      vertex -19.9505 -2.65736 0.599999
      vertex -19.3262 -2.61087 0
    endloop
  endfacet
  facet normal -0.64221 -0.29452 0.70769
    outer loop
      vertex -19.1471 -9.37167 51
      vertex -19.7669 -9.45949 50.401
      vertex -19.6842 -9.63982 50.401
    endloop
  endfacet
  facet normal 0.405785 0.578385 0.707679
    outer loop
      vertex 18.6408 -0.688507 50.401
      vertex 18.3126 -1.19115 51
      vertex 18.8032 -0.802444 50.401
    endloop
  endfacet
  facet normal -0.999446 -0.0332695 0
    outer loop
      vertex -19.9934 -8.49826 0.599999
      vertex -20 -8.29999 50.401
      vertex -20 -8.29999 0.599999
    endloop
  endfacet
  facet normal -0.999446 -0.0332695 0
    outer loop
      vertex -20 -8.29999 50.401
      vertex -19.9934 -8.49826 0.599999
      vertex -19.9934 -8.49826 50.401
    endloop
  endfacet
  facet normal -0.336518 0.621914 -0.707092
    outer loop
      vertex -18.0717 -1.05293 0
      vertex -18.5143 -0.610245 0.599999
      vertex -18.3398 -0.515823 0.599999
    endloop
  endfacet
  facet normal -0.996577 0.0826742 0
    outer loop
      vertex -19.9963 -3.05125 0.599999
      vertex -19.9799 -2.85356 50.401
      vertex -19.9799 -2.85356 0.599999
    endloop
  endfacet
  facet normal -0.996577 0.0826742 0
    outer loop
      vertex -19.9799 -2.85356 50.401
      vertex -19.9963 -3.05125 0.599999
      vertex -19.9963 -3.05125 50.401
    endloop
  endfacet
  facet normal -0.678783 0.195871 0.707734
    outer loop
      vertex -19.8532 -2.27296 50.401
      vertex -19.9082 -2.46356 50.401
      vertex -19.2822 -2.45853 51
    endloop
  endfacet
  facet normal 0.996577 -0.0826742 0
    outer loop
      vertex 19.9799 -8.64644 50.401
      vertex 19.9963 -8.44875 0.599999
      vertex 19.9963 -8.44875 50.401
    endloop
  endfacet
  facet normal 0.996577 -0.0826742 0
    outer loop
      vertex 19.9963 -8.44875 0.599999
      vertex 19.9799 -8.64644 50.401
      vertex 19.9799 -8.64644 0.599999
    endloop
  endfacet
  facet normal -0.0233894 0.70672 -0.707106
    outer loop
      vertex -16.9903 -0.800018 0
      vertex -17.1586 -0.805588 0
      vertex -17 -0.200012 0.599999
    endloop
  endfacet
  facet normal 0.240742 0.664844 -0.707125
    outer loop
      vertex 17.8908 -0.971832 0
      vertex 17.7415 -0.91777 0
      vertex 18.1136 -0.414352 0.599999
    endloop
  endfacet
  facet normal 0.196272 0.679335 -0.707094
    outer loop
      vertex 17.7415 -0.91777 0
      vertex 17.7365 -0.291809 0.599999
      vertex 17.927 -0.346848 0.599999
    endloop
  endfacet
  facet normal 0.687703 0.162051 0.707675
    outer loop
      vertex 19.8956 -2.41557 50.401
      vertex 19.3162 -2.57257 51
      vertex 19.9411 -2.60866 50.401
    endloop
  endfacet
  facet normal 0.597647 0.376734 0.707735
    outer loop
      vertex 19.484 -1.51787 50.401
      vertex 19.0715 -1.98877 51
      vertex 19.5898 -1.68571 50.401
    endloop
  endfacet
  facet normal -0.251633 0.660807 -0.707117
    outer loop
      vertex -17.9274 -0.986801 0
      vertex -18.1595 -0.433136 0.599999
      vertex -17.7793 -0.930405 0
    endloop
  endfacet
  facet normal 0.697425 0.116546 -0.707118
    outer loop
      vertex 19.9738 -2.80434 0.599999
      vertex 19.3787 -2.88356 0
      vertex 19.9411 -2.60866 0.599999
    endloop
  endfacet
  facet normal 0.0988049 -0.995107 0
    outer loop
      vertex 17.1983 -11.2934 0.599999
      vertex 17.3957 -11.2738 50.401
      vertex 17.1983 -11.2934 50.401
    endloop
  endfacet
  facet normal 0.0988049 -0.995107 0
    outer loop
      vertex 17.3957 -11.2738 50.401
      vertex 17.1983 -11.2934 0.599999
      vertex 17.3957 -11.2738 0.599999
    endloop
  endfacet
  facet normal -0.706131 -0.0234944 0.707691
    outer loop
      vertex -19.4 -8.29028 51
      vertex -20 -8.29999 50.401
      vertex -19.3944 -8.45859 51
    endloop
  endfacet
  facet normal -0.0175774 -0.706896 -0.707099
    outer loop
      vertex -17 -11.3 0.599999
      vertex -17.1488 -11.2963 0.599999
      vertex -16.9931 -10.7 0
    endloop
  endfacet
  facet normal 0.416915 -0.908945 0
    outer loop
      vertex 18.1595 -11.0669 0.599999
      vertex 18.3398 -10.9842 50.401
      vertex 18.1595 -11.0669 50.401
    endloop
  endfacet
  facet normal 0.416915 -0.908945 0
    outer loop
      vertex 18.3398 -10.9842 50.401
      vertex 18.1595 -11.0669 0.599999
      vertex 18.3398 -10.9842 0.599999
    endloop
  endfacet
  facet normal 0.415614 -0.572093 -0.707089
    outer loop
      vertex 18.6821 -10.784 0.599999
      vertex 18.474 -10.1936 0
      vertex 18.8426 -10.6674 0.599999
    endloop
  endfacet
  facet normal 0.0234958 -0.706131 0.707691
    outer loop
      vertex 17.1586 -10.6944 51
      vertex 16.9903 -10.7 51
      vertex 17 -11.3 50.401
    endloop
  endfacet
  facet normal 0.62737 -0.326142 -0.707134
    outer loop
      vertex 19.6145 -9.77126 0.599999
      vertex 19.1645 -9.33598 0
      vertex 19.706 -9.59525 0.599999
    endloop
  endfacet
  facet normal 0.626847 -0.325871 0.707723
    outer loop
      vertex 19.706 -9.59525 50.401
      vertex 19.1645 -9.33598 51
      vertex 19.6145 -9.77126 50.401
    endloop
  endfacet
  facet normal -0.207153 0.675465 0.707697
    outer loop
      vertex -17.6274 -0.88382 51
      vertex -17.9741 -0.362564 50.401
      vertex -17.7793 -0.930405 51
    endloop
  endfacet
  facet normal 0.452642 -0.543171 -0.707164
    outer loop
      vertex 18.9951 -10.5405 0.599999
      vertex 18.474 -10.1936 0
      vertex 18.5958 -10.0921 0
    endloop
  endfacet
  facet normal 0.376882 -0.598289 -0.707114
    outer loop
      vertex 18.6821 -10.784 0.599999
      vertex 18.2112 -10.3715 0
      vertex 18.3455 -10.2869 0
    endloop
  endfacet
  facet normal -0.213141 -0.977021 0
    outer loop
      vertex -17.7365 -11.2082 0.599999
      vertex -17.5426 -11.2505 50.401
      vertex -17.7365 -11.2082 50.401
    endloop
  endfacet
  facet normal -0.213141 -0.977021 -0
    outer loop
      vertex -17.5426 -11.2505 50.401
      vertex -17.7365 -11.2082 0.599999
      vertex -17.5426 -11.2505 0.599999
    endloop
  endfacet
  facet normal -0.487468 0.512238 -0.707098
    outer loop
      vertex -18.7108 -1.51724 0
      vertex -19.1388 -1.0963 0.599999
      vertex -18.9951 -0.959549 0.599999
    endloop
  endfacet
  facet normal -0.116257 0.696882 0.7077
    outer loop
      vertex -17.3165 -0.821304 51
      vertex -17.5914 -0.258865 50.401
      vertex -17.473 -0.847412 51
    endloop
  endfacet
  facet normal -0.687703 -0.162053 0.707675
    outer loop
      vertex -19.3526 -8.77296 51
      vertex -19.9411 -8.89134 50.401
      vertex -19.3162 -8.92743 51
    endloop
  endfacet
  facet normal -0.405987 -0.578197 0.707717
    outer loop
      vertex -18.4422 -10.2179 51
      vertex -18.8032 -10.6976 50.401
      vertex -18.3126 -10.3089 51
    endloop
  endfacet
  facet normal -0.845953 -0.533257 0
    outer loop
      vertex -19.484 -9.98213 0.599999
      vertex -19.5898 -9.81429 50.401
      vertex -19.5898 -9.81429 0.599999
    endloop
  endfacet
  facet normal -0.845953 -0.533257 0
    outer loop
      vertex -19.5898 -9.81429 50.401
      vertex -19.484 -9.98213 0.599999
      vertex -19.484 -9.98213 50.401
    endloop
  endfacet
  facet normal 0.642801 0.294573 -0.70713
    outer loop
      vertex 19.2132 -2.27257 0
      vertex 19.1471 -2.12833 0
      vertex 19.7669 -2.04051 0.599999
    endloop
  endfacet
  facet normal 0.703653 0.0698662 -0.707101
    outer loop
      vertex 19.9934 -3.00174 0.599999
      vertex 19.3944 -3.04141 0
      vertex 19.9738 -2.80434 0.599999
    endloop
  endfacet
  facet normal 0.116535 -0.697428 -0.707116
    outer loop
      vertex 17.3957 -11.2738 0.599999
      vertex 17.3165 -10.6787 0
      vertex 17.5914 -11.2411 0.599999
    endloop
  endfacet
  facet normal 0.0825348 0.996588 -0
    outer loop
      vertex 17.3465 -0.220078 0.599999
      vertex 17.1488 -0.203705 50.401
      vertex 17.3465 -0.220078 50.401
    endloop
  endfacet
  facet normal 0.0825348 0.996588 0
    outer loop
      vertex 17.1488 -0.203705 50.401
      vertex 17.3465 -0.220078 0.599999
      vertex 17.1488 -0.203705 0.599999
    endloop
  endfacet
  facet normal 0.0175294 0.706304 0.707692
    outer loop
      vertex 17 -0.200012 50.401
      vertex 16.9931 -0.800018 51
      vertex 17.1488 -0.203705 50.401
    endloop
  endfacet
  facet normal 0.550718 -0.443495 -0.707122
    outer loop
      vertex 19.2731 -10.2578 0.599999
      vertex 18.9179 -9.74222 0
      vertex 19.3976 -10.1032 0.599999
    endloop
  endfacet
  facet normal 0.698728 -0.104567 0.707704
    outer loop
      vertex 19.3836 -8.57698 51
      vertex 19.3601 -8.73401 51
      vertex 19.9799 -8.64644 50.401
    endloop
  endfacet
  facet normal -0.366962 -0.604471 -0.707074
    outer loop
      vertex -18.4713 -10.9144 0.599999
      vertex -18.6408 -10.8115 0.599999
      vertex -18.3126 -10.3089 0
    endloop
  endfacet
  facet normal 0.520301 -0.478837 -0.707108
    outer loop
      vertex 19.2731 -10.2578 0.599999
      vertex 18.7108 -9.98276 0
      vertex 18.8182 -9.86606 0
    endloop
  endfacet
  facet normal -0.627397 0.326105 -0.707127
    outer loop
      vertex -19.1645 -2.16402 0
      vertex -19.6145 -1.72874 0.599999
      vertex -19.0913 -2.02319 0
    endloop
  endfacet
  facet normal -0.442938 -0.550452 0.707678
    outer loop
      vertex -18.5661 -10.1182 51
      vertex -18.9578 -10.5731 50.401
      vertex -18.4422 -10.2179 51
    endloop
  endfacet
  facet normal 0.40619 0.578804 -0.707104
    outer loop
      vertex 18.4422 -1.2821 0
      vertex 18.3126 -1.19115 0
      vertex 18.8032 -0.802444 0.599999
    endloop
  endfacet
  facet normal 0.676014 0.207445 -0.707087
    outer loop
      vertex 19.8956 -2.41557 0.599999
      vertex 19.3162 -2.57257 0
      vertex 19.8374 -2.22591 0.599999
    endloop
  endfacet
  facet normal 0.572146 0.415483 -0.707123
    outer loop
      vertex 18.9869 -1.85449 0
      vertex 18.8936 -1.72601 0
      vertex 19.484 -1.51787 0.599999
    endloop
  endfacet
  facet normal 0.706722 0.0235253 -0.7071
    outer loop
      vertex 20 -3.20001 0.599999
      vertex 19.3944 -3.04141 0
      vertex 19.9934 -3.00174 0.599999
    endloop
  endfacet
  facet normal 0.706896 -0.0175821 -0.707099
    outer loop
      vertex 19.9963 -8.44875 0.599999
      vertex 19.4 -8.29309 0
      vertex 20 -8.29999 0.599999
    endloop
  endfacet
  facet normal -0.487061 0.511811 0.707686
    outer loop
      vertex -18.9951 -0.959549 50.401
      vertex -19.1388 -1.0963 50.401
      vertex -18.7108 -1.51724 51
    endloop
  endfacet
  facet normal 0.660269 0.251361 0.707716
    outer loop
      vertex 19.7669 -2.04051 50.401
      vertex 19.2132 -2.27257 51
      vertex 19.2696 -2.42072 51
    endloop
  endfacet
  facet normal -0.703066 -0.069808 0.70769
    outer loop
      vertex -19.3944 -8.45859 51
      vertex -19.9934 -8.49826 50.401
      vertex -19.9738 -8.69566 50.401
    endloop
  endfacet
  facet normal 0.675446 0.207282 0.707677
    outer loop
      vertex 19.8374 -2.22591 50.401
      vertex 19.2696 -2.42072 51
      vertex 19.3162 -2.57257 51
    endloop
  endfacet
  facet normal -0.934703 -0.355429 0
    outer loop
      vertex -19.7669 -9.45949 0.599999
      vertex -19.8374 -9.27409 50.401
      vertex -19.8374 -9.27409 0.599999
    endloop
  endfacet
  facet normal -0.934703 -0.355429 0
    outer loop
      vertex -19.8374 -9.27409 50.401
      vertex -19.7669 -9.45949 0.599999
      vertex -19.7669 -9.45949 50.401
    endloop
  endfacet
  facet normal -0.148266 -0.988947 0
    outer loop
      vertex -17.5426 -11.2505 0.599999
      vertex -17.3465 -11.2799 50.401
      vertex -17.5426 -11.2505 50.401
    endloop
  endfacet
  facet normal -0.148266 -0.988947 -0
    outer loop
      vertex -17.3465 -11.2799 50.401
      vertex -17.5426 -11.2505 0.599999
      vertex -17.3465 -11.2799 0.599999
    endloop
  endfacet
  facet normal 0.697501 0.11631 -0.707081
    outer loop
      vertex 19.3787 -2.88356 0
      vertex 19.3526 -2.72704 0
      vertex 19.9411 -2.60866 0.599999
    endloop
  endfacet
  facet normal 0.690814 -0.150971 -0.707095
    outer loop
      vertex 19.9505 -8.84264 0.599999
      vertex 19.3262 -8.88913 0
      vertex 19.3601 -8.73401 0
    endloop
  endfacet
  facet normal 0.679326 -0.196208 -0.70712
    outer loop
      vertex 19.9082 -9.03644 0.599999
      vertex 19.2822 -9.04147 0
      vertex 19.3262 -8.88913 0
    endloop
  endfacet
  facet normal -0.0700561 0.703627 -0.707108
    outer loop
      vertex -17.1586 -0.805588 0
      vertex -17.3957 -0.226227 0.599999
      vertex -17.1983 -0.206573 0.599999
    endloop
  endfacet
  facet normal -0.0233827 0.706719 -0.707107
    outer loop
      vertex -17.1586 -0.805588 0
      vertex -17.1983 -0.206573 0.599999
      vertex -17 -0.200012 0.599999
    endloop
  endfacet
  facet normal 0.251334 -0.660955 -0.707085
    outer loop
      vertex 17.9741 -11.1374 0.599999
      vertex 17.7793 -10.5696 0
      vertex 18.1595 -11.0669 0.599999
    endloop
  endfacet
  facet normal 0.104903 0.69928 -0.707108
    outer loop
      vertex 17.434 -0.83992 0
      vertex 17.3465 -0.220078 0.599999
      vertex 17.5426 -0.249496 0.599999
    endloop
  endfacet
  facet normal 0.150687 0.69026 0.707697
    outer loop
      vertex 17.5426 -0.249496 50.401
      vertex 17.434 -0.83992 51
      vertex 17.5891 -0.873779 51
    endloop
  endfacet
  facet normal -0.416861 0.90897 0
    outer loop
      vertex -18.1595 -0.433136 0.599999
      vertex -18.3398 -0.515823 50.401
      vertex -18.1595 -0.433136 50.401
    endloop
  endfacet
  facet normal -0.416861 0.90897 0
    outer loop
      vertex -18.3398 -0.515823 50.401
      vertex -18.1595 -0.433136 0.599999
      vertex -18.3398 -0.515823 0.599999
    endloop
  endfacet
  facet normal 0.646951 -0.283918 0.707704
    outer loop
      vertex 19.2282 -9.19083 51
      vertex 19.1645 -9.33598 51
      vertex 19.7857 -9.41357 50.401
    endloop
  endfacet
  facet normal 0.487152 -0.511723 0.707689
    outer loop
      vertex 19.1388 -10.4037 50.401
      vertex 18.7108 -9.98276 51
      vertex 18.9951 -10.5405 50.401
    endloop
  endfacet
  facet normal 0.283676 0.647048 0.707712
    outer loop
      vertex 18.1136 -0.414352 50.401
      vertex 17.8908 -0.971832 51
      vertex 18.036 -1.03549 51
    endloop
  endfacet
  facet normal 0.70672 0.023514 -0.707102
    outer loop
      vertex 19.4 -3.20972 0
      vertex 19.3944 -3.04141 0
      vertex 20 -3.20001 0.599999
    endloop
  endfacet
  facet normal -0.697501 -0.11631 -0.707081
    outer loop
      vertex -19.3526 -8.77296 0
      vertex -19.9411 -8.89134 0.599999
      vertex -19.3787 -8.61644 0
    endloop
  endfacet
  facet normal 0.0699617 -0.703627 -0.707117
    outer loop
      vertex 17.3957 -11.2738 0.599999
      vertex 17.1586 -10.6944 0
      vertex 17.3165 -10.6787 0
    endloop
  endfacet
  facet normal 0.0698661 -0.703651 -0.707102
    outer loop
      vertex 17.1983 -11.2934 0.599999
      vertex 17.1586 -10.6944 0
      vertex 17.3957 -11.2738 0.599999
    endloop
  endfacet
  facet normal -0.603964 0.366551 0.707721
    outer loop
      vertex -19.0089 -1.88742 51
      vertex -19.6145 -1.72874 50.401
      vertex -19.0913 -2.02319 51
    endloop
  endfacet
  facet normal 0.69692 0.116213 0.70767
    outer loop
      vertex 19.9411 -2.60866 50.401
      vertex 19.3526 -2.72704 51
      vertex 19.3787 -2.88356 51
    endloop
  endfacet
  facet normal -0.478449 -0.519879 0.707681
    outer loop
      vertex -18.6828 -10.0108 51
      vertex -18.9578 -10.5731 50.401
      vertex -18.5661 -10.1182 51
    endloop
  endfacet
  facet normal 0 0.706513 0.7077
    outer loop
      vertex 17 -0.200012 50.401
      vertex -16.9903 -0.800018 51
      vertex 16.9931 -0.800018 51
    endloop
  endfacet
  facet normal 0 0.706513 0.7077
    outer loop
      vertex -16.9903 -0.800018 51
      vertex 17 -0.200012 50.401
      vertex -17 -0.200012 50.401
    endloop
  endfacet
  facet normal 0.478628 0.519718 0.707678
    outer loop
      vertex 18.9578 -0.926865 50.401
      vertex 18.6828 -1.48924 51
      vertex 19.1037 -1.06123 50.401
    endloop
  endfacet
  facet normal 0.405851 0.578322 0.707693
    outer loop
      vertex 18.8032 -0.802444 50.401
      vertex 18.3126 -1.19115 51
      vertex 18.4422 -1.2821 51
    endloop
  endfacet
  facet normal 0.604364 -0.367102 -0.707092
    outer loop
      vertex 19.5115 -9.94083 0.599999
      vertex 19.0089 -9.61258 0
      vertex 19.6145 -9.77126 0.599999
    endloop
  endfacet
  facet normal 0.0235217 -0.706721 -0.707101
    outer loop
      vertex 17.1983 -11.2934 0.599999
      vertex 17 -11.3 0.599999
      vertex 17.1586 -10.6944 0
    endloop
  endfacet
  facet normal 0.0235154 -0.706721 -0.707102
    outer loop
      vertex 17 -11.3 0.599999
      vertex 16.9903 -10.7 0
      vertex 17.1586 -10.6944 0
    endloop
  endfacet
  facet normal -0.687703 -0.162051 0.707675
    outer loop
      vertex -19.3162 -8.92743 51
      vertex -19.9411 -8.89134 50.401
      vertex -19.8956 -9.08443 50.401
    endloop
  endfacet
  facet normal 0.621184 0.336497 0.707743
    outer loop
      vertex 19.5898 -1.68571 50.401
      vertex 19.0715 -1.98877 51
      vertex 19.1471 -2.12833 51
    endloop
  endfacet
  facet normal 0.478482 0.519818 0.707704
    outer loop
      vertex 18.9578 -0.926865 50.401
      vertex 18.5661 -1.38182 51
      vertex 18.6828 -1.48924 51
    endloop
  endfacet
  facet normal 0.24055 0.664947 -0.707093
    outer loop
      vertex 18.1136 -0.414352 0.599999
      vertex 17.7415 -0.91777 0
      vertex 17.927 -0.346848 0.599999
    endloop
  endfacet
  facet normal 0.162258 -0.688259 -0.707087
    outer loop
      vertex 17.5914 -11.2411 0.599999
      vertex 17.473 -10.6526 0
      vertex 17.6274 -10.6162 0
    endloop
  endfacet
  facet normal 0.706871 -0.0177563 -0.70712
    outer loop
      vertex 19.9963 -8.44875 0.599999
      vertex 19.3969 -8.4165 0
      vertex 19.4 -8.29309 0
    endloop
  endfacet
  facet normal 0.294811 -0.642737 -0.707089
    outer loop
      vertex 18.1595 -11.0669 0.599999
      vertex 18.0717 -10.4471 0
      vertex 18.3398 -10.9842 0.599999
    endloop
  endfacet
  facet normal -0.452561 0.543287 -0.707126
    outer loop
      vertex -18.5958 -1.40787 0
      vertex -18.9951 -0.959549 0.599999
      vertex -18.474 -1.30641 0
    endloop
  endfacet
  facet normal -0.704094 0.0583527 0.707706
    outer loop
      vertex -19.3836 -2.92302 51
      vertex -19.9963 -3.05125 50.401
      vertex -19.3969 -3.0835 51
    endloop
  endfacet
  facet normal 0.326226 0.627344 -0.707118
    outer loop
      vertex 18.4713 -0.585556 0.599999
      vertex 18.036 -1.03549 0
      vertex 18.2953 -0.494034 0.599999
    endloop
  endfacet
  facet normal 1 -0 0
    outer loop
      vertex 20 -8.29999 50.401
      vertex 20 -3.20001 0.599999
      vertex 20 -3.20001 50.401
    endloop
  endfacet
  facet normal 1 0 0
    outer loop
      vertex 20 -3.20001 0.599999
      vertex 20 -8.29999 50.401
      vertex 20 -8.29999 0.599999
    endloop
  endfacet
  facet normal 0.707106 0 -0.707107
    outer loop
      vertex 19.4 -8.29309 0
      vertex 20 -3.20001 0.599999
      vertex 20 -8.29999 0.599999
    endloop
  endfacet
  facet normal 0.707106 0 -0.707107
    outer loop
      vertex 20 -3.20001 0.599999
      vertex 19.4 -8.29309 0
      vertex 19.4 -3.20972 0
    endloop
  endfacet
  facet normal 0.699311 -0.104654 -0.707115
    outer loop
      vertex 19.9799 -8.64644 0.599999
      vertex 19.3601 -8.73401 0
      vertex 19.3836 -8.57698 0
    endloop
  endfacet
  facet normal 0.704685 -0.0584594 -0.707108
    outer loop
      vertex 19.9799 -8.64644 0.599999
      vertex 19.3836 -8.57698 0
      vertex 19.9963 -8.44875 0.599999
    endloop
  endfacet
  facet normal 0.706282 -0.0177415 0.707709
    outer loop
      vertex 19.4 -8.29309 51
      vertex 19.3969 -8.4165 51
      vertex 19.9963 -8.44875 50.401
    endloop
  endfacet
  facet normal -0.0175627 -0.706307 0.707688
    outer loop
      vertex -16.9931 -10.7 51
      vertex -17.1488 -11.2963 50.401
      vertex -17 -11.3 50.401
    endloop
  endfacet
  facet normal -0.706307 0.0175675 0.707688
    outer loop
      vertex -19.9963 -3.05125 50.401
      vertex -20 -3.20001 50.401
      vertex -19.4 -3.20691 51
    endloop
  endfacet
  facet normal 0.664415 -0.240214 0.707707
    outer loop
      vertex 19.2822 -9.04147 51
      vertex 19.2282 -9.19083 51
      vertex 19.7857 -9.41357 50.401
    endloop
  endfacet
  facet normal -0.707106 0 -0.707107
    outer loop
      vertex -20 -8.29999 0.599999
      vertex -19.4 -3.20691 0
      vertex -19.4 -8.29028 0
    endloop
  endfacet
  facet normal -0.707106 0 -0.707107
    outer loop
      vertex -19.4 -3.20691 0
      vertex -20 -8.29999 0.599999
      vertex -20 -3.20001 0.599999
    endloop
  endfacet
  facet normal -0.376604 0.597777 0.707695
    outer loop
      vertex -18.2112 -1.12846 51
      vertex -18.6821 -0.715988 50.401
      vertex -18.3455 -1.21307 51
    endloop
  endfacet
  facet normal -0.164504 0.986376 0
    outer loop
      vertex -17.3957 -0.226227 0.599999
      vertex -17.5914 -0.258865 50.401
      vertex -17.3957 -0.226227 50.401
    endloop
  endfacet
  facet normal -0.164504 0.986376 0
    outer loop
      vertex -17.5914 -0.258865 50.401
      vertex -17.3957 -0.226227 0.599999
      vertex -17.5914 -0.258865 0.599999
    endloop
  endfacet
  facet normal -0.0248579 -0.999691 0
    outer loop
      vertex -17.1488 -11.2963 0.599999
      vertex -17 -11.3 50.401
      vertex -17.1488 -11.2963 50.401
    endloop
  endfacet
  facet normal -0.0248579 -0.999691 -0
    outer loop
      vertex -17 -11.3 50.401
      vertex -17.1488 -11.2963 0.599999
      vertex -17 -11.3 0.599999
    endloop
  endfacet
  facet normal 0.294221 -0.642301 0.707731
    outer loop
      vertex 18.0717 -10.4471 51
      vertex 17.9274 -10.5132 51
      vertex 18.1595 -11.0669 50.401
    endloop
  endfacet
  facet normal 0.706307 -0.0175675 0.707688
    outer loop
      vertex 20 -8.29999 50.401
      vertex 19.4 -8.29309 51
      vertex 19.9963 -8.44875 50.401
    endloop
  endfacet
  facet normal -0.34061 -0.940205 0
    outer loop
      vertex -18.1136 -11.0856 0.599999
      vertex -17.927 -11.1532 50.401
      vertex -18.1136 -11.0856 50.401
    endloop
  endfacet
  facet normal -0.34061 -0.940205 -0
    outer loop
      vertex -17.927 -11.1532 50.401
      vertex -18.1136 -11.0856 0.599999
      vertex -17.927 -11.1532 0.599999
    endloop
  endfacet
  facet normal -0.597647 -0.376734 0.707735
    outer loop
      vertex -19.0715 -9.51123 51
      vertex -19.5898 -9.81429 50.401
      vertex -19.484 -9.98213 50.401
    endloop
  endfacet
  facet normal 0.162123 -0.687685 0.707676
    outer loop
      vertex 17.6274 -10.6162 51
      vertex 17.5914 -11.2411 50.401
      vertex 17.7844 -11.1956 50.401
    endloop
  endfacet
  facet normal 0.207393 -0.676031 -0.707086
    outer loop
      vertex 17.9741 -11.1374 0.599999
      vertex 17.6274 -10.6162 0
      vertex 17.7793 -10.5696 0
    endloop
  endfacet
  facet normal -0.366815 -0.604532 -0.707098
    outer loop
      vertex -18.1768 -10.3913 0
      vertex -18.4713 -10.9144 0.599999
      vertex -18.3126 -10.3089 0
    endloop
  endfacet
  facet normal 0.578897 -0.406087 -0.707087
    outer loop
      vertex 19.3976 -10.1032 0.599999
      vertex 19.0089 -9.61258 0
      vertex 19.5115 -9.94083 0.599999
    endloop
  endfacet
  facet normal 0.724306 0.689479 0
    outer loop
      vertex 19.2405 -1.20494 50.401
      vertex 19.1037 -1.06123 0.599999
      vertex 19.1037 -1.06123 50.401
    endloop
  endfacet
  facet normal 0.724306 0.689479 0
    outer loop
      vertex 19.1037 -1.06123 0.599999
      vertex 19.2405 -1.20494 50.401
      vertex 19.2405 -1.20494 0.599999
    endloop
  endfacet
  facet normal 0.336883 -0.62163 -0.707168
    outer loop
      vertex 18.5143 -10.8898 0.599999
      vertex 18.0717 -10.4471 0
      vertex 18.2112 -10.3715 0
    endloop
  endfacet
  facet normal 0.377107 -0.598096 -0.707158
    outer loop
      vertex 18.5143 -10.8898 0.599999
      vertex 18.2112 -10.3715 0
      vertex 18.6821 -10.784 0.599999
    endloop
  endfacet
  facet normal 0.676009 0.207455 -0.707088
    outer loop
      vertex 19.3162 -2.57257 0
      vertex 19.2696 -2.42072 0
      vertex 19.8374 -2.22591 0.599999
    endloop
  endfacet
  facet normal 0.0583556 0.704694 -0.707108
    outer loop
      vertex 17.277 -0.816376 0
      vertex 17.1165 -0.803085 0
      vertex 17.1488 -0.203705 0.599999
    endloop
  endfacet
  facet normal 0.0699033 -0.703041 0.707706
    outer loop
      vertex 17.3165 -10.6787 51
      vertex 17.1586 -10.6944 51
      vertex 17.3957 -11.2738 50.401
    endloop
  endfacet
  facet normal -0.0584563 -0.704683 -0.70711
    outer loop
      vertex -17.1488 -11.2963 0.599999
      vertex -17.3465 -11.2799 0.599999
      vertex -17.277 -10.6836 0
    endloop
  endfacet
  facet normal 0.150812 0.690836 -0.707108
    outer loop
      vertex 17.5891 -0.873779 0
      vertex 17.434 -0.83992 0
      vertex 17.5426 -0.249496 0.599999
    endloop
  endfacet
  facet normal -0.550141 0.44326 0.707719
    outer loop
      vertex -19.2731 -1.24225 50.401
      vertex -19.3976 -1.39677 50.401
      vertex -18.9179 -1.75778 51
    endloop
  endfacet
  facet normal 0.578745 -0.406247 -0.707119
    outer loop
      vertex 19.3976 -10.1032 0.599999
      vertex 18.9179 -9.74222 0
      vertex 19.0089 -9.61258 0
    endloop
  endfacet
  facet normal 0.597759 0.376604 0.70771
    outer loop
      vertex 19.484 -1.51787 50.401
      vertex 18.9869 -1.85449 51
      vertex 19.0715 -1.98877 51
    endloop
  endfacet
  facet normal -0.543093 -0.451925 0.707682
    outer loop
      vertex -18.8936 -9.77399 51
      vertex -19.3674 -10.1426 50.401
      vertex -19.2405 -10.2951 50.401
    endloop
  endfacet
  facet normal 0.706517 0 0.707696
    outer loop
      vertex 19.4 -3.20972 51
      vertex 20 -8.29999 50.401
      vertex 20 -3.20001 50.401
    endloop
  endfacet
  facet normal 0.706517 0 0.707696
    outer loop
      vertex 20 -8.29999 50.401
      vertex 19.4 -3.20972 51
      vertex 19.4 -8.29309 51
    endloop
  endfacet
  facet normal -0.294525 0.642216 0.707681
    outer loop
      vertex -18.1595 -0.433136 50.401
      vertex -18.3398 -0.515823 50.401
      vertex -18.0717 -1.05293 51
    endloop
  endfacet
  facet normal -0.336665 0.621803 -0.707119
    outer loop
      vertex -18.2112 -1.12846 0
      vertex -18.5143 -0.610245 0.599999
      vertex -18.0717 -1.05293 0
    endloop
  endfacet
  facet normal 0.283913 0.647588 -0.707123
    outer loop
      vertex 18.036 -1.03549 0
      vertex 17.8908 -0.971832 0
      vertex 18.1136 -0.414352 0.599999
    endloop
  endfacet
  facet normal -0.294771 0.642752 -0.707092
    outer loop
      vertex -18.0717 -1.05293 0
      vertex -18.3398 -0.515823 0.599999
      vertex -18.1595 -0.433136 0.599999
    endloop
  endfacet
  facet normal 0.660402 0.251124 0.707676
    outer loop
      vertex 19.7669 -2.04051 50.401
      vertex 19.2696 -2.42072 51
      vertex 19.8374 -2.22591 50.401
    endloop
  endfacet
  facet normal -0.366656 -0.603967 0.707663
    outer loop
      vertex -18.3126 -10.3089 51
      vertex -18.6408 -10.8115 50.401
      vertex -18.4713 -10.9144 50.401
    endloop
  endfacet
  facet normal 0.999691 -0.0248646 0
    outer loop
      vertex 19.9963 -8.44875 50.401
      vertex 20 -8.29999 0.599999
      vertex 20 -8.29999 50.401
    endloop
  endfacet
  facet normal 0.999691 -0.0248646 0
    outer loop
      vertex 20 -8.29999 0.599999
      vertex 19.9963 -8.44875 50.401
      vertex 19.9963 -8.44875 0.599999
    endloop
  endfacet
  facet normal 0.401615 0.915809 -0
    outer loop
      vertex 18.2953 -0.494034 0.599999
      vertex 18.1136 -0.414352 50.401
      vertex 18.2953 -0.494034 50.401
    endloop
  endfacet
  facet normal 0.401615 0.915809 0
    outer loop
      vertex 18.1136 -0.414352 50.401
      vertex 18.2953 -0.494034 0.599999
      vertex 18.1136 -0.414352 0.599999
    endloop
  endfacet
  facet normal 0.104815 0.698698 0.707697
    outer loop
      vertex 17.5426 -0.249496 50.401
      vertex 17.3465 -0.220078 50.401
      vertex 17.434 -0.83992 51
    endloop
  endfacet
  facet normal -0.325906 -0.626879 0.707678
    outer loop
      vertex -18.1768 -10.3913 51
      vertex -18.4713 -10.9144 50.401
      vertex -18.036 -10.4645 51
    endloop
  endfacet
  facet normal -0.956001 -0.293363 0
    outer loop
      vertex -19.8374 -9.27409 0.599999
      vertex -19.8956 -9.08443 50.401
      vertex -19.8956 -9.08443 0.599999
    endloop
  endfacet
  facet normal -0.956001 -0.293363 0
    outer loop
      vertex -19.8956 -9.08443 50.401
      vertex -19.8374 -9.27409 0.599999
      vertex -19.8374 -9.27409 50.401
    endloop
  endfacet
  facet normal -0.0330681 0.999453 0
    outer loop
      vertex -17 -0.200012 0.599999
      vertex -17.1983 -0.206573 50.401
      vertex -17 -0.200012 50.401
    endloop
  endfacet
  facet normal -0.0330681 0.999453 0
    outer loop
      vertex -17.1983 -0.206573 50.401
      vertex -17 -0.200012 0.599999
      vertex -17.1983 -0.206573 0.599999
    endloop
  endfacet
  facet normal -0.0177429 -0.706281 0.707709
    outer loop
      vertex -17.1165 -10.6969 51
      vertex -17.1488 -11.2963 50.401
      vertex -16.9931 -10.7 51
    endloop
  endfacet
  facet normal 0.148355 0.988934 -0
    outer loop
      vertex 17.5426 -0.249496 0.599999
      vertex 17.3465 -0.220078 50.401
      vertex 17.5426 -0.249496 50.401
    endloop
  endfacet
  facet normal 0.148355 0.988934 0
    outer loop
      vertex 17.3465 -0.220078 50.401
      vertex 17.5426 -0.249496 0.599999
      vertex 17.3465 -0.220078 0.599999
    endloop
  endfacet
  facet normal -0.664969 0.240415 -0.707118
    outer loop
      vertex -19.2822 -2.45853 0
      vertex -19.7857 -2.08643 0.599999
      vertex -19.2282 -2.30917 0
    endloop
  endfacet
  facet normal 0.104865 0.69928 -0.707114
    outer loop
      vertex 17.434 -0.83992 0
      vertex 17.277 -0.816376 0
      vertex 17.3465 -0.220078 0.599999
    endloop
  endfacet
  facet normal 0.277566 0.960707 -0
    outer loop
      vertex 17.927 -0.346848 0.599999
      vertex 17.7365 -0.291809 50.401
      vertex 17.927 -0.346848 50.401
    endloop
  endfacet
  facet normal 0.277566 0.960707 0
    outer loop
      vertex 17.7365 -0.291809 50.401
      vertex 17.927 -0.346848 0.599999
      vertex 17.7365 -0.291809 0.599999
    endloop
  endfacet
  facet normal -0.104586 -0.698722 0.707707
    outer loop
      vertex -17.277 -10.6836 51
      vertex -17.434 -10.6601 51
      vertex -17.3465 -11.2799 50.401
    endloop
  endfacet
  facet normal -0.689375 0.724405 0
    outer loop
      vertex -18.9951 -0.959549 0.599999
      vertex -19.1388 -1.0963 50.401
      vertex -18.9951 -0.959549 50.401
    endloop
  endfacet
  facet normal -0.689375 0.724405 0
    outer loop
      vertex -19.1388 -1.0963 50.401
      vertex -18.9951 -0.959549 0.599999
      vertex -19.1388 -1.0963 0.599999
    endloop
  endfacet
  facet normal 0.336458 -0.621949 -0.70709
    outer loop
      vertex 18.3398 -10.9842 0.599999
      vertex 18.0717 -10.4471 0
      vertex 18.5143 -10.8898 0.599999
    endloop
  endfacet
  facet normal 0.703623 0.0699834 -0.707118
    outer loop
      vertex 19.3944 -3.04141 0
      vertex 19.3787 -2.88356 0
      vertex 19.9738 -2.80434 0.599999
    endloop
  endfacet
  facet normal 0.956001 0.293363 0
    outer loop
      vertex 19.8956 -2.41557 50.401
      vertex 19.8374 -2.22591 0.599999
      vertex 19.8374 -2.22591 50.401
    endloop
  endfacet
  facet normal 0.956001 0.293363 0
    outer loop
      vertex 19.8374 -2.22591 0.599999
      vertex 19.8956 -2.41557 50.401
      vertex 19.8956 -2.41557 0.599999
    endloop
  endfacet
  facet normal -0.646951 0.283918 0.707704
    outer loop
      vertex -19.1645 -2.16402 51
      vertex -19.7857 -2.08643 50.401
      vertex -19.2282 -2.30917 51
    endloop
  endfacet
  facet normal 0.44333 0.550863 -0.707113
    outer loop
      vertex 18.9578 -0.926865 0.599999
      vertex 18.4422 -1.2821 0
      vertex 18.8032 -0.802444 0.599999
    endloop
  endfacet
  facet normal -0.0177577 -0.70687 -0.70712
    outer loop
      vertex -16.9931 -10.7 0
      vertex -17.1488 -11.2963 0.599999
      vertex -17.1165 -10.6969 0
    endloop
  endfacet
  facet normal 0.66082 0.251571 -0.707127
    outer loop
      vertex 19.2696 -2.42072 0
      vertex 19.2132 -2.27257 0
      vertex 19.7669 -2.04051 0.599999
    endloop
  endfacet
  facet normal -0.162286 0.688225 -0.707114
    outer loop
      vertex -17.473 -0.847412 0
      vertex -17.6274 -0.88382 0
      vertex -17.5914 -0.258865 0.599999
    endloop
  endfacet
  facet normal 0.367082 0.604369 -0.707099
    outer loop
      vertex 18.6408 -0.688507 0.599999
      vertex 18.3126 -1.19115 0
      vertex 18.4713 -0.585556 0.599999
    endloop
  endfacet
  facet normal 0.150755 0.690839 -0.707116
    outer loop
      vertex 17.5891 -0.873779 0
      vertex 17.5426 -0.249496 0.599999
      vertex 17.7365 -0.291809 0.599999
    endloop
  endfacet
  facet normal 0.973342 0.22936 0
    outer loop
      vertex 19.9411 -2.60866 50.401
      vertex 19.8956 -2.41557 0.599999
      vertex 19.8956 -2.41557 50.401
    endloop
  endfacet
  facet normal 0.973342 0.22936 0
    outer loop
      vertex 19.8956 -2.41557 0.599999
      vertex 19.9411 -2.60866 50.401
      vertex 19.9411 -2.60866 0.599999
    endloop
  endfacet
  facet normal 0.366897 0.604447 -0.707128
    outer loop
      vertex 18.3126 -1.19115 0
      vertex 18.1768 -1.10872 0
      vertex 18.4713 -0.585556 0.599999
    endloop
  endfacet
  facet normal -0.697425 -0.116546 -0.707118
    outer loop
      vertex -19.9411 -8.89134 0.599999
      vertex -19.9738 -8.69566 0.599999
      vertex -19.3787 -8.61644 0
    endloop
  endfacet
  facet normal -0.704681 0.0584014 -0.707117
    outer loop
      vertex -19.3969 -3.0835 0
      vertex -19.9963 -3.05125 0.599999
      vertex -19.3836 -2.92302 0
    endloop
  endfacet
  facet normal 0.688277 0.162187 -0.707086
    outer loop
      vertex 19.9411 -2.60866 0.599999
      vertex 19.3162 -2.57257 0
      vertex 19.8956 -2.41557 0.599999
    endloop
  endfacet
  facet normal -0.706282 0.0177415 0.707709
    outer loop
      vertex -19.3969 -3.0835 51
      vertex -19.9963 -3.05125 50.401
      vertex -19.4 -3.20691 51
    endloop
  endfacet
  facet normal 0.995107 0.0988049 0
    outer loop
      vertex 19.9934 -3.00174 50.401
      vertex 19.9738 -2.80434 0.599999
      vertex 19.9738 -2.80434 50.401
    endloop
  endfacet
  facet normal 0.995107 0.0988049 0
    outer loop
      vertex 19.9738 -2.80434 0.599999
      vertex 19.9934 -3.00174 50.401
      vertex 19.9934 -3.00174 0.599999
    endloop
  endfacet
  facet normal 0.478881 0.520251 -0.707115
    outer loop
      vertex 18.6828 -1.48924 0
      vertex 18.5661 -1.38182 0
      vertex 18.9578 -0.926865 0.599999
    endloop
  endfacet
  facet normal 0.604467 -0.366857 -0.707132
    outer loop
      vertex 19.6145 -9.77126 0.599999
      vertex 19.0089 -9.61258 0
      vertex 19.0913 -9.47681 0
    endloop
  endfacet
  facet normal 0.704681 -0.0584014 -0.707117
    outer loop
      vertex 19.9963 -8.44875 0.599999
      vertex 19.3836 -8.57698 0
      vertex 19.3969 -8.4165 0
    endloop
  endfacet
  facet normal 0.988959 -0.148193 0
    outer loop
      vertex 19.9505 -8.84264 50.401
      vertex 19.9799 -8.64644 0.599999
      vertex 19.9799 -8.64644 50.401
    endloop
  endfacet
  facet normal 0.988959 -0.148193 0
    outer loop
      vertex 19.9799 -8.64644 0.599999
      vertex 19.9505 -8.84264 50.401
      vertex 19.9505 -8.84264 0.599999
    endloop
  endfacet
  facet normal 0.699311 -0.10479 -0.707095
    outer loop
      vertex 19.9505 -8.84264 0.599999
      vertex 19.3601 -8.73401 0
      vertex 19.9799 -8.64644 0.599999
    endloop
  endfacet
  facet normal 0.690238 -0.150845 0.707684
    outer loop
      vertex 19.3601 -8.73401 51
      vertex 19.3262 -8.88913 51
      vertex 19.9505 -8.84264 50.401
    endloop
  endfacet
  facet normal -0.704097 0.0584106 0.707697
    outer loop
      vertex -19.9799 -2.85356 50.401
      vertex -19.9963 -3.05125 50.401
      vertex -19.3836 -2.92302 51
    endloop
  endfacet
  facet normal -0.664316 0.240397 0.707738
    outer loop
      vertex -19.7857 -2.08643 50.401
      vertex -19.8532 -2.27296 50.401
      vertex -19.2822 -2.45853 51
    endloop
  endfacet
  facet normal -0.626874 0.325834 0.707716
    outer loop
      vertex -19.0913 -2.02319 51
      vertex -19.6145 -1.72874 50.401
      vertex -19.1645 -2.16402 51
    endloop
  endfacet
  facet normal -0.283493 -0.647119 0.707721
    outer loop
      vertex -18.036 -10.4645 51
      vertex -18.2953 -11.006 50.401
      vertex -18.1136 -11.0856 50.401
    endloop
  endfacet
  facet normal -0.627211 -0.77885 0
    outer loop
      vertex -18.9578 -10.5731 0.599999
      vertex -18.8032 -10.6976 50.401
      vertex -18.9578 -10.5731 50.401
    endloop
  endfacet
  facet normal -0.627211 -0.77885 -0
    outer loop
      vertex -18.8032 -10.6976 50.401
      vertex -18.9578 -10.5731 0.599999
      vertex -18.8032 -10.6976 0.599999
    endloop
  endfacet
  facet normal -0.240314 -0.664424 0.707666
    outer loop
      vertex -17.8908 -10.5282 51
      vertex -18.1136 -11.0856 50.401
      vertex -17.7415 -10.5822 51
    endloop
  endfacet
  facet normal -0.08267 -0.996577 0
    outer loop
      vertex -17.3465 -11.2799 0.599999
      vertex -17.1488 -11.2963 50.401
      vertex -17.3465 -11.2799 50.401
    endloop
  endfacet
  facet normal -0.08267 -0.996577 -0
    outer loop
      vertex -17.1488 -11.2963 50.401
      vertex -17.3465 -11.2799 0.599999
      vertex -17.1488 -11.2963 0.599999
    endloop
  endfacet
  facet normal 0.550333 -0.443057 0.707696
    outer loop
      vertex 18.9179 -9.74222 51
      vertex 18.8182 -9.86606 51
      vertex 19.2731 -10.2578 50.401
    endloop
  endfacet
  facet normal -0.512069 -0.486688 0.707757
    outer loop
      vertex -18.7921 -9.8958 51
      vertex -19.2405 -10.2951 50.401
      vertex -18.6828 -10.0108 51
    endloop
  endfacet
  facet normal 0.934703 0.355429 0
    outer loop
      vertex 19.8374 -2.22591 50.401
      vertex 19.7669 -2.04051 0.599999
      vertex 19.7669 -2.04051 50.401
    endloop
  endfacet
  facet normal 0.934703 0.355429 0
    outer loop
      vertex 19.7669 -2.04051 0.599999
      vertex 19.8374 -2.22591 50.401
      vertex 19.8374 -2.22591 0.599999
    endloop
  endfacet
  facet normal 0.706133 0.0235057 0.707689
    outer loop
      vertex 19.9934 -3.00174 50.401
      vertex 19.3944 -3.04141 51
      vertex 20 -3.20001 50.401
    endloop
  endfacet
  facet normal 0.533348 -0.845896 0
    outer loop
      vertex 18.5143 -10.8898 0.599999
      vertex 18.6821 -10.784 50.401
      vertex 18.5143 -10.8898 50.401
    endloop
  endfacet
  facet normal 0.533348 -0.845896 0
    outer loop
      vertex 18.6821 -10.784 50.401
      vertex 18.5143 -10.8898 0.599999
      vertex 18.6821 -10.784 0.599999
    endloop
  endfacet
  facet normal 0.452304 -0.543549 -0.707089
    outer loop
      vertex 18.8426 -10.6674 0.599999
      vertex 18.474 -10.1936 0
      vertex 18.9951 -10.5405 0.599999
    endloop
  endfacet
  facet normal 0.689504 -0.724282 0
    outer loop
      vertex 18.9951 -10.5405 0.599999
      vertex 19.1388 -10.4037 50.401
      vertex 18.9951 -10.5405 50.401
    endloop
  endfacet
  facet normal 0.689504 -0.724282 0
    outer loop
      vertex 19.1388 -10.4037 50.401
      vertex 18.9951 -10.5405 0.599999
      vertex 19.1388 -10.4037 0.599999
    endloop
  endfacet
  facet normal -0.487284 0.512368 -0.707131
    outer loop
      vertex -18.7108 -1.51724 0
      vertex -18.9951 -0.959549 0.599999
      vertex -18.5958 -1.40787 0
    endloop
  endfacet
  facet normal 0.543455 0.452404 -0.707098
    outer loop
      vertex 19.3674 -1.35738 0.599999
      vertex 18.8936 -1.72601 0
      vertex 19.2405 -1.20494 0.599999
    endloop
  endfacet
  facet normal -0.940325 0.340277 0
    outer loop
      vertex -19.8532 -2.27296 0.599999
      vertex -19.7857 -2.08643 50.401
      vertex -19.7857 -2.08643 0.599999
    endloop
  endfacet
  facet normal -0.940325 0.340277 0
    outer loop
      vertex -19.7857 -2.08643 50.401
      vertex -19.8532 -2.27296 0.599999
      vertex -19.8532 -2.27296 50.401
    endloop
  endfacet
  facet normal 0.66487 -0.240598 -0.707149
    outer loop
      vertex 19.7857 -9.41357 0.599999
      vertex 19.2822 -9.04147 0
      vertex 19.8532 -9.22704 0.599999
    endloop
  endfacet
  facet normal 0.646978 -0.283818 0.70772
    outer loop
      vertex 19.7857 -9.41357 50.401
      vertex 19.1645 -9.33598 51
      vertex 19.706 -9.59525 50.401
    endloop
  endfacet
  facet normal 0.647517 -0.284055 -0.707131
    outer loop
      vertex 19.706 -9.59525 0.599999
      vertex 19.1645 -9.33598 0
      vertex 19.7857 -9.41357 0.599999
    endloop
  endfacet
  facet normal -0.28373 -0.647659 -0.707132
    outer loop
      vertex -18.1136 -11.0856 0.599999
      vertex -18.2953 -11.006 0.599999
      vertex -18.036 -10.4645 0
    endloop
  endfacet
  facet normal -0.294582 0.642807 -0.707121
    outer loop
      vertex -18.0717 -1.05293 0
      vertex -18.1595 -0.433136 0.599999
      vertex -17.9274 -0.986801 0
    endloop
  endfacet
  facet normal 0.162258 -0.688259 -0.707087
    outer loop
      vertex 17.7844 -11.1956 0.599999
      vertex 17.5914 -11.2411 0.599999
      vertex 17.6274 -10.6162 0
    endloop
  endfacet
  facet normal -0.578254 0.405902 0.707718
    outer loop
      vertex -18.9179 -1.75778 51
      vertex -19.3976 -1.39677 50.401
      vertex -19.0089 -1.88742 51
    endloop
  endfacet
  facet normal 0.703066 0.069808 0.70769
    outer loop
      vertex 19.9738 -2.80434 50.401
      vertex 19.3944 -3.04141 51
      vertex 19.9934 -3.00174 50.401
    endloop
  endfacet
  facet normal -0.0699977 0.70304 0.707697
    outer loop
      vertex -17.1983 -0.206573 50.401
      vertex -17.3957 -0.226227 50.401
      vertex -17.1586 -0.805588 51
    endloop
  endfacet
  facet normal -0.778691 0.627408 0
    outer loop
      vertex -19.3976 -1.39677 0.599999
      vertex -19.2731 -1.24225 50.401
      vertex -19.2731 -1.24225 0.599999
    endloop
  endfacet
  facet normal -0.778691 0.627408 0
    outer loop
      vertex -19.2731 -1.24225 50.401
      vertex -19.3976 -1.39677 0.599999
      vertex -19.3976 -1.39677 50.401
    endloop
  endfacet
  facet normal -0.679349 0.196035 -0.707146
    outer loop
      vertex -19.2822 -2.45853 0
      vertex -19.9082 -2.46356 0.599999
      vertex -19.8532 -2.27296 0.599999
    endloop
  endfacet
  facet normal 0.706131 0.0234944 0.707691
    outer loop
      vertex 20 -3.20001 50.401
      vertex 19.3944 -3.04141 51
      vertex 19.4 -3.20972 51
    endloop
  endfacet
  facet normal -0.104755 -0.698722 0.707682
    outer loop
      vertex -17.434 -10.6601 51
      vertex -17.5426 -11.2505 50.401
      vertex -17.3465 -11.2799 50.401
    endloop
  endfacet
  facet normal -0.376982 0.598221 -0.707118
    outer loop
      vertex -18.2112 -1.12846 0
      vertex -18.6821 -0.715988 0.599999
      vertex -18.5143 -0.610245 0.599999
    endloop
  endfacet
  facet normal -0.603861 0.366796 0.707681
    outer loop
      vertex -19.5115 -1.55917 50.401
      vertex -19.6145 -1.72874 50.401
      vertex -19.0089 -1.88742 51
    endloop
  endfacet
  facet normal 0.627397 -0.326105 -0.707127
    outer loop
      vertex 19.6145 -9.77126 0.599999
      vertex 19.0913 -9.47681 0
      vertex 19.1645 -9.33598 0
    endloop
  endfacet
  facet normal -0.0233699 0.706131 0.707695
    outer loop
      vertex -17 -0.200012 50.401
      vertex -17.1586 -0.805588 51
      vertex -16.9903 -0.800018 51
    endloop
  endfacet
  facet normal 0 0 1
    outer loop
      vertex 16.9903 -10.7 51
      vertex 19.4 -8.29309 51
      vertex 19.4 -3.20972 51
    endloop
  endfacet
  facet normal 0 0 1
    outer loop
      vertex 16.9931 -0.800018 51
      vertex 19.4 -3.20972 51
      vertex 19.3944 -3.04141 51
    endloop
  endfacet
  facet normal 0 0 1
    outer loop
      vertex 19.4 -8.29309 51
      vertex 16.9903 -10.7 51
      vertex 19.3969 -8.4165 51
    endloop
  endfacet
  facet normal 0 0 1
    outer loop
      vertex 16.9931 -0.800018 51
      vertex 19.3944 -3.04141 51
      vertex 19.3787 -2.88356 51
    endloop
  endfacet
  facet normal 0 0 1
    outer loop
      vertex 19.3969 -8.4165 51
      vertex 16.9903 -10.7 51
      vertex 19.3836 -8.57698 51
    endloop
  endfacet
  facet normal 0 0 1
    outer loop
      vertex 16.9931 -0.800018 51
      vertex 19.3787 -2.88356 51
      vertex 19.3526 -2.72704 51
    endloop
  endfacet
  facet normal 0 0 1
    outer loop
      vertex 19.3836 -8.57698 51
      vertex 16.9903 -10.7 51
      vertex 19.3601 -8.73401 51
    endloop
  endfacet
  facet normal 0 0 1
    outer loop
      vertex 16.9931 -0.800018 51
      vertex 19.3526 -2.72704 51
      vertex 19.3162 -2.57257 51
    endloop
  endfacet
  facet normal 0 0 1
    outer loop
      vertex 19.3601 -8.73401 51
      vertex 16.9903 -10.7 51
      vertex 19.3262 -8.88913 51
    endloop
  endfacet
  facet normal 0 0 1
    outer loop
      vertex 16.9931 -0.800018 51
      vertex 19.3162 -2.57257 51
      vertex 19.2696 -2.42072 51
    endloop
  endfacet
  facet normal 0 0 1
    outer loop
      vertex 19.3262 -8.88913 51
      vertex 16.9903 -10.7 51
      vertex 19.2822 -9.04147 51
    endloop
  endfacet
  facet normal 0 0 1
    outer loop
      vertex 16.9931 -0.800018 51
      vertex 19.2696 -2.42072 51
      vertex 19.2132 -2.27257 51
    endloop
  endfacet
  facet normal 0 0 1
    outer loop
      vertex 19.2822 -9.04147 51
      vertex 16.9903 -10.7 51
      vertex 19.2282 -9.19083 51
    endloop
  endfacet
  facet normal 0 0 1
    outer loop
      vertex 16.9931 -0.800018 51
      vertex 19.2132 -2.27257 51
      vertex 19.1471 -2.12833 51
    endloop
  endfacet
  facet normal 0 0 1
    outer loop
      vertex 19.2282 -9.19083 51
      vertex 16.9903 -10.7 51
      vertex 19.1645 -9.33598 51
    endloop
  endfacet
  facet normal 0 0 1
    outer loop
      vertex 16.9931 -0.800018 51
      vertex 19.1471 -2.12833 51
      vertex 19.0715 -1.98877 51
    endloop
  endfacet
  facet normal 0 0 1
    outer loop
      vertex 19.1645 -9.33598 51
      vertex 16.9903 -10.7 51
      vertex 19.0913 -9.47681 51
    endloop
  endfacet
  facet normal 0 0 1
    outer loop
      vertex 16.9931 -0.800018 51
      vertex 19.0715 -1.98877 51
      vertex 18.9869 -1.85449 51
    endloop
  endfacet
  facet normal 0 0 1
    outer loop
      vertex 19.0913 -9.47681 51
      vertex 16.9903 -10.7 51
      vertex 19.0089 -9.61258 51
    endloop
  endfacet
  facet normal 0 0 1
    outer loop
      vertex 16.9931 -0.800018 51
      vertex 18.9869 -1.85449 51
      vertex 18.8936 -1.72601 51
    endloop
  endfacet
  facet normal 0 0 1
    outer loop
      vertex 19.0089 -9.61258 51
      vertex 16.9903 -10.7 51
      vertex 18.9179 -9.74222 51
    endloop
  endfacet
  facet normal 0 0 1
    outer loop
      vertex 16.9931 -0.800018 51
      vertex 18.8936 -1.72601 51
      vertex 18.7921 -1.6042 51
    endloop
  endfacet
  facet normal 0 0 1
    outer loop
      vertex 18.9179 -9.74222 51
      vertex 16.9903 -10.7 51
      vertex 18.8182 -9.86606 51
    endloop
  endfacet
  facet normal 0 0 1
    outer loop
      vertex 16.9931 -0.800018 51
      vertex 18.7921 -1.6042 51
      vertex 18.6828 -1.48924 51
    endloop
  endfacet
  facet normal 0 0 1
    outer loop
      vertex 18.8182 -9.86606 51
      vertex 16.9903 -10.7 51
      vertex 18.7108 -9.98276 51
    endloop
  endfacet
  facet normal 0 0 1
    outer loop
      vertex 16.9931 -0.800018 51
      vertex 18.6828 -1.48924 51
      vertex 18.5661 -1.38182 51
    endloop
  endfacet
  facet normal 0 0 1
    outer loop
      vertex 18.7108 -9.98276 51
      vertex 16.9903 -10.7 51
      vertex 18.5958 -10.0921 51
    endloop
  endfacet
  facet normal 0 0 1
    outer loop
      vertex 16.9931 -0.800018 51
      vertex 18.5661 -1.38182 51
      vertex 18.4422 -1.2821 51
    endloop
  endfacet
  facet normal 0 0 1
    outer loop
      vertex 18.5958 -10.0921 51
      vertex 16.9903 -10.7 51
      vertex 18.474 -10.1936 51
    endloop
  endfacet
  facet normal 0 0 1
    outer loop
      vertex 16.9931 -0.800018 51
      vertex 18.4422 -1.2821 51
      vertex 18.3126 -1.19115 51
    endloop
  endfacet
  facet normal 0 0 1
    outer loop
      vertex 18.474 -10.1936 51
      vertex 16.9903 -10.7 51
      vertex 18.3455 -10.2869 51
    endloop
  endfacet
  facet normal 0 0 1
    outer loop
      vertex 16.9931 -0.800018 51
      vertex 18.3126 -1.19115 51
      vertex 18.1768 -1.10872 51
    endloop
  endfacet
  facet normal 0 0 1
    outer loop
      vertex 18.3455 -10.2869 51
      vertex 16.9903 -10.7 51
      vertex 18.2112 -10.3715 51
    endloop
  endfacet
  facet normal 0 0 1
    outer loop
      vertex 16.9931 -0.800018 51
      vertex 18.1768 -1.10872 51
      vertex 18.036 -1.03549 51
    endloop
  endfacet
  facet normal 0 0 1
    outer loop
      vertex 18.2112 -10.3715 51
      vertex 16.9903 -10.7 51
      vertex 18.0717 -10.4471 51
    endloop
  endfacet
  facet normal 0 0 1
    outer loop
      vertex 16.9931 -0.800018 51
      vertex 18.036 -1.03549 51
      vertex 17.8908 -0.971832 51
    endloop
  endfacet
  facet normal 0 0 1
    outer loop
      vertex 18.0717 -10.4471 51
      vertex 16.9903 -10.7 51
      vertex 17.9274 -10.5132 51
    endloop
  endfacet
  facet normal 0 0 1
    outer loop
      vertex 16.9931 -0.800018 51
      vertex 17.8908 -0.971832 51
      vertex 17.7415 -0.91777 51
    endloop
  endfacet
  facet normal 0 0 1
    outer loop
      vertex 17.9274 -10.5132 51
      vertex 16.9903 -10.7 51
      vertex 17.7793 -10.5696 51
    endloop
  endfacet
  facet normal 0 0 1
    outer loop
      vertex 16.9931 -0.800018 51
      vertex 17.7415 -0.91777 51
      vertex 17.5891 -0.873779 51
    endloop
  endfacet
  facet normal 0 0 1
    outer loop
      vertex 17.7793 -10.5696 51
      vertex 16.9903 -10.7 51
      vertex 17.6274 -10.6162 51
    endloop
  endfacet
  facet normal 0 0 1
    outer loop
      vertex 16.9931 -0.800018 51
      vertex 17.5891 -0.873779 51
      vertex 17.434 -0.83992 51
    endloop
  endfacet
  facet normal 0 0 1
    outer loop
      vertex 17.6274 -10.6162 51
      vertex 16.9903 -10.7 51
      vertex 17.473 -10.6526 51
    endloop
  endfacet
  facet normal 0 0 1
    outer loop
      vertex 16.9931 -0.800018 51
      vertex 17.434 -0.83992 51
      vertex 17.277 -0.816376 51
    endloop
  endfacet
  facet normal 0 0 1
    outer loop
      vertex 17.473 -10.6526 51
      vertex 16.9903 -10.7 51
      vertex 17.3165 -10.6787 51
    endloop
  endfacet
  facet normal 0 0 1
    outer loop
      vertex 16.9931 -0.800018 51
      vertex 17.277 -0.816376 51
      vertex 17.1165 -0.803085 51
    endloop
  endfacet
  facet normal 0 0 1
    outer loop
      vertex 19.4 -3.20972 51
      vertex 16.9931 -0.800018 51
      vertex 16.9903 -10.7 51
    endloop
  endfacet
  facet normal 0 0 1
    outer loop
      vertex 17.3165 -10.6787 51
      vertex 16.9903 -10.7 51
      vertex 17.1586 -10.6944 51
    endloop
  endfacet
  facet normal -0 0 1
    outer loop
      vertex -16.9903 -0.800018 51
      vertex 16.9903 -10.7 51
      vertex 16.9931 -0.800018 51
    endloop
  endfacet
  facet normal 0 0 1
    outer loop
      vertex -16.9903 -0.800018 51
      vertex -16.9931 -10.7 51
      vertex 16.9903 -10.7 51
    endloop
  endfacet
  facet normal -0 0 1
    outer loop
      vertex -19.4 -8.29028 51
      vertex -16.9931 -10.7 51
      vertex -16.9903 -0.800018 51
    endloop
  endfacet
  facet normal 0 0 1
    outer loop
      vertex -19.4 -3.20691 51
      vertex -16.9903 -0.800018 51
      vertex -17.1586 -0.805588 51
    endloop
  endfacet
  facet normal 0 0 1
    outer loop
      vertex -16.9931 -10.7 51
      vertex -19.4 -8.29028 51
      vertex -17.1165 -10.6969 51
    endloop
  endfacet
  facet normal 0 0 1
    outer loop
      vertex -19.4 -3.20691 51
      vertex -17.1586 -0.805588 51
      vertex -17.3165 -0.821304 51
    endloop
  endfacet
  facet normal 0 0 1
    outer loop
      vertex -17.1165 -10.6969 51
      vertex -19.4 -8.29028 51
      vertex -17.277 -10.6836 51
    endloop
  endfacet
  facet normal 0 0 1
    outer loop
      vertex -19.4 -3.20691 51
      vertex -17.3165 -0.821304 51
      vertex -17.473 -0.847412 51
    endloop
  endfacet
  facet normal 0 0 1
    outer loop
      vertex -17.277 -10.6836 51
      vertex -19.4 -8.29028 51
      vertex -17.434 -10.6601 51
    endloop
  endfacet
  facet normal 0 0 1
    outer loop
      vertex -19.4 -3.20691 51
      vertex -17.473 -0.847412 51
      vertex -17.6274 -0.88382 51
    endloop
  endfacet
  facet normal 0 0 1
    outer loop
      vertex -17.434 -10.6601 51
      vertex -19.4 -8.29028 51
      vertex -17.5891 -10.6262 51
    endloop
  endfacet
  facet normal 0 0 1
    outer loop
      vertex -19.4 -3.20691 51
      vertex -17.6274 -0.88382 51
      vertex -17.7793 -0.930405 51
    endloop
  endfacet
  facet normal 0 0 1
    outer loop
      vertex -17.5891 -10.6262 51
      vertex -19.4 -8.29028 51
      vertex -17.7415 -10.5822 51
    endloop
  endfacet
  facet normal 0 0 1
    outer loop
      vertex -19.4 -3.20691 51
      vertex -17.7793 -0.930405 51
      vertex -17.9274 -0.986801 51
    endloop
  endfacet
  facet normal 0 0 1
    outer loop
      vertex -17.7415 -10.5822 51
      vertex -19.4 -8.29028 51
      vertex -17.8908 -10.5282 51
    endloop
  endfacet
  facet normal 0 0 1
    outer loop
      vertex -19.4 -3.20691 51
      vertex -17.9274 -0.986801 51
      vertex -18.0717 -1.05293 51
    endloop
  endfacet
  facet normal 0 0 1
    outer loop
      vertex -17.8908 -10.5282 51
      vertex -19.4 -8.29028 51
      vertex -18.036 -10.4645 51
    endloop
  endfacet
  facet normal 0 0 1
    outer loop
      vertex -19.4 -3.20691 51
      vertex -18.0717 -1.05293 51
      vertex -18.2112 -1.12846 51
    endloop
  endfacet
  facet normal 0 0 1
    outer loop
      vertex -18.036 -10.4645 51
      vertex -19.4 -8.29028 51
      vertex -18.1768 -10.3913 51
    endloop
  endfacet
  facet normal 0 0 1
    outer loop
      vertex -19.4 -3.20691 51
      vertex -18.2112 -1.12846 51
      vertex -18.3455 -1.21307 51
    endloop
  endfacet
  facet normal 0 0 1
    outer loop
      vertex -18.1768 -10.3913 51
      vertex -19.4 -8.29028 51
      vertex -18.3126 -10.3089 51
    endloop
  endfacet
  facet normal 0 0 1
    outer loop
      vertex -19.4 -3.20691 51
      vertex -18.3455 -1.21307 51
      vertex -18.474 -1.30641 51
    endloop
  endfacet
  facet normal 0 0 1
    outer loop
      vertex -18.3126 -10.3089 51
      vertex -19.4 -8.29028 51
      vertex -18.4422 -10.2179 51
    endloop
  endfacet
  facet normal 0 0 1
    outer loop
      vertex -19.4 -3.20691 51
      vertex -18.474 -1.30641 51
      vertex -18.5958 -1.40787 51
    endloop
  endfacet
  facet normal 0 0 1
    outer loop
      vertex -18.4422 -10.2179 51
      vertex -19.4 -8.29028 51
      vertex -18.5661 -10.1182 51
    endloop
  endfacet
  facet normal 0 0 1
    outer loop
      vertex -19.4 -3.20691 51
      vertex -18.5958 -1.40787 51
      vertex -18.7108 -1.51724 51
    endloop
  endfacet
  facet normal 0 0 1
    outer loop
      vertex -18.5661 -10.1182 51
      vertex -19.4 -8.29028 51
      vertex -18.6828 -10.0108 51
    endloop
  endfacet
  facet normal 0 0 1
    outer loop
      vertex -19.4 -3.20691 51
      vertex -18.7108 -1.51724 51
      vertex -18.8182 -1.63394 51
    endloop
  endfacet
  facet normal 0 0 1
    outer loop
      vertex -18.6828 -10.0108 51
      vertex -19.4 -8.29028 51
      vertex -18.7921 -9.8958 51
    endloop
  endfacet
  facet normal 0 0 1
    outer loop
      vertex -19.4 -3.20691 51
      vertex -18.8182 -1.63394 51
      vertex -18.9179 -1.75778 51
    endloop
  endfacet
  facet normal 0 0 1
    outer loop
      vertex -18.7921 -9.8958 51
      vertex -19.4 -8.29028 51
      vertex -18.8936 -9.77399 51
    endloop
  endfacet
  facet normal 0 0 1
    outer loop
      vertex -19.4 -3.20691 51
      vertex -18.9179 -1.75778 51
      vertex -19.0089 -1.88742 51
    endloop
  endfacet
  facet normal 0 0 1
    outer loop
      vertex -18.8936 -9.77399 51
      vertex -19.4 -8.29028 51
      vertex -18.9869 -9.64551 51
    endloop
  endfacet
  facet normal 0 0 1
    outer loop
      vertex -19.4 -3.20691 51
      vertex -19.0089 -1.88742 51
      vertex -19.0913 -2.02319 51
    endloop
  endfacet
  facet normal 0 0 1
    outer loop
      vertex -18.9869 -9.64551 51
      vertex -19.4 -8.29028 51
      vertex -19.0715 -9.51123 51
    endloop
  endfacet
  facet normal 0 0 1
    outer loop
      vertex -19.4 -3.20691 51
      vertex -19.0913 -2.02319 51
      vertex -19.1645 -2.16402 51
    endloop
  endfacet
  facet normal 0 0 1
    outer loop
      vertex -19.0715 -9.51123 51
      vertex -19.4 -8.29028 51
      vertex -19.1471 -9.37167 51
    endloop
  endfacet
  facet normal 0 0 1
    outer loop
      vertex -19.4 -3.20691 51
      vertex -19.1645 -2.16402 51
      vertex -19.2282 -2.30917 51
    endloop
  endfacet
  facet normal 0 0 1
    outer loop
      vertex -19.1471 -9.37167 51
      vertex -19.4 -8.29028 51
      vertex -19.2132 -9.22743 51
    endloop
  endfacet
  facet normal 0 0 1
    outer loop
      vertex -19.4 -3.20691 51
      vertex -19.2282 -2.30917 51
      vertex -19.2822 -2.45853 51
    endloop
  endfacet
  facet normal 0 0 1
    outer loop
      vertex -19.2132 -9.22743 51
      vertex -19.4 -8.29028 51
      vertex -19.2696 -9.07928 51
    endloop
  endfacet
  facet normal 0 0 1
    outer loop
      vertex -19.4 -3.20691 51
      vertex -19.2822 -2.45853 51
      vertex -19.3262 -2.61087 51
    endloop
  endfacet
  facet normal 0 0 1
    outer loop
      vertex -19.2696 -9.07928 51
      vertex -19.4 -8.29028 51
      vertex -19.3162 -8.92743 51
    endloop
  endfacet
  facet normal 0 0 1
    outer loop
      vertex -19.4 -3.20691 51
      vertex -19.3262 -2.61087 51
      vertex -19.3601 -2.76599 51
    endloop
  endfacet
  facet normal 0 0 1
    outer loop
      vertex -19.3162 -8.92743 51
      vertex -19.4 -8.29028 51
      vertex -19.3526 -8.77296 51
    endloop
  endfacet
  facet normal 0 0 1
    outer loop
      vertex -19.4 -3.20691 51
      vertex -19.3601 -2.76599 51
      vertex -19.3836 -2.92302 51
    endloop
  endfacet
  facet normal 0 0 1
    outer loop
      vertex -19.3526 -8.77296 51
      vertex -19.4 -8.29028 51
      vertex -19.3787 -8.61644 51
    endloop
  endfacet
  facet normal 0 0 1
    outer loop
      vertex -19.4 -3.20691 51
      vertex -19.3836 -2.92302 51
      vertex -19.3969 -3.0835 51
    endloop
  endfacet
  facet normal 0 0 1
    outer loop
      vertex -16.9903 -0.800018 51
      vertex -19.4 -3.20691 51
      vertex -19.4 -8.29028 51
    endloop
  endfacet
  facet normal 0 0 1
    outer loop
      vertex -19.3787 -8.61644 51
      vertex -19.4 -8.29028 51
      vertex -19.3944 -8.45859 51
    endloop
  endfacet
  facet normal 0.0583609 0.704694 -0.707107
    outer loop
      vertex 17.277 -0.816376 0
      vertex 17.1488 -0.203705 0.599999
      vertex 17.3465 -0.220078 0.599999
    endloop
  endfacet
  facet normal -0.104673 -0.699305 -0.707118
    outer loop
      vertex -17.3465 -11.2799 0.599999
      vertex -17.434 -10.6601 0
      vertex -17.277 -10.6836 0
    endloop
  endfacet
  facet normal 0.1961 0.679358 -0.707119
    outer loop
      vertex 17.7415 -0.91777 0
      vertex 17.5891 -0.873779 0
      vertex 17.7365 -0.291809 0.599999
    endloop
  endfacet
  facet normal 0.688277 0.162189 -0.707086
    outer loop
      vertex 19.3526 -2.72704 0
      vertex 19.3162 -2.57257 0
      vertex 19.9411 -2.60866 0.599999
    endloop
  endfacet
  facet normal -0.908972 -0.416858 0
    outer loop
      vertex -19.6842 -9.63982 0.599999
      vertex -19.7669 -9.45949 50.401
      vertex -19.7669 -9.45949 0.599999
    endloop
  endfacet
  facet normal -0.908972 -0.416858 0
    outer loop
      vertex -19.7669 -9.45949 50.401
      vertex -19.6842 -9.63982 0.599999
      vertex -19.6842 -9.63982 50.401
    endloop
  endfacet
  facet normal -0.355746 0.934583 0
    outer loop
      vertex -17.9741 -0.362564 0.599999
      vertex -18.1595 -0.433136 50.401
      vertex -17.9741 -0.362564 50.401
    endloop
  endfacet
  facet normal -0.355746 0.934583 0
    outer loop
      vertex -18.1595 -0.433136 50.401
      vertex -17.9741 -0.362564 0.599999
      vertex -18.1595 -0.433136 0.599999
    endloop
  endfacet
  facet normal -0.452036 0.543 0.707682
    outer loop
      vertex -18.8426 -0.832596 50.401
      vertex -18.9951 -0.959549 50.401
      vertex -18.474 -1.30641 51
    endloop
  endfacet
  facet normal -0.587778 0.809022 0
    outer loop
      vertex -18.6821 -0.715988 0.599999
      vertex -18.8426 -0.832596 50.401
      vertex -18.6821 -0.715988 50.401
    endloop
  endfacet
  facet normal -0.587778 0.809022 0
    outer loop
      vertex -18.8426 -0.832596 50.401
      vertex -18.6821 -0.715988 0.599999
      vertex -18.8426 -0.832596 0.599999
    endloop
  endfacet
  facet normal 0.621394 0.336216 0.707692
    outer loop
      vertex 19.5898 -1.68571 50.401
      vertex 19.1471 -2.12833 51
      vertex 19.6842 -1.86018 50.401
    endloop
  endfacet
  facet normal 0.406123 0.578867 -0.70709
    outer loop
      vertex 18.8032 -0.802444 0.599999
      vertex 18.3126 -1.19115 0
      vertex 18.6408 -0.688507 0.599999
    endloop
  endfacet
  facet normal -0.676014 -0.207445 -0.707087
    outer loop
      vertex -19.8374 -9.27409 0.599999
      vertex -19.8956 -9.08443 0.599999
      vertex -19.3162 -8.92743 0
    endloop
  endfacet
  facet normal 0.519827 -0.478497 0.707687
    outer loop
      vertex 19.2731 -10.2578 50.401
      vertex 18.7108 -9.98276 51
      vertex 19.1388 -10.4037 50.401
    endloop
  endfacet
  facet normal -0.405707 -0.578462 0.70766
    outer loop
      vertex -18.3126 -10.3089 51
      vertex -18.8032 -10.6976 50.401
      vertex -18.6408 -10.8115 50.401
    endloop
  endfacet
  facet normal 0.104778 0.698698 0.707703
    outer loop
      vertex 17.3465 -0.220078 50.401
      vertex 17.277 -0.816376 51
      vertex 17.434 -0.83992 51
    endloop
  endfacet
  facet normal 0.854683 -0.51915 0
    outer loop
      vertex 19.5115 -9.94083 50.401
      vertex 19.6145 -9.77126 0.599999
      vertex 19.6145 -9.77126 50.401
    endloop
  endfacet
  facet normal 0.854683 -0.51915 0
    outer loop
      vertex 19.6145 -9.77126 0.599999
      vertex 19.5115 -9.94083 50.401
      vertex 19.5115 -9.94083 0.599999
    endloop
  endfacet
  facet normal -0.294336 0.642271 0.70771
    outer loop
      vertex -17.9274 -0.986801 51
      vertex -18.1595 -0.433136 50.401
      vertex -18.0717 -1.05293 51
    endloop
  endfacet
  facet normal -0.664415 0.240214 0.707707
    outer loop
      vertex -19.2282 -2.30917 51
      vertex -19.7857 -2.08643 50.401
      vertex -19.2822 -2.45853 51
    endloop
  endfacet
  facet normal -0.706133 -0.0235057 0.707689
    outer loop
      vertex -19.3944 -8.45859 51
      vertex -20 -8.29999 50.401
      vertex -19.9934 -8.49826 50.401
    endloop
  endfacet
  facet normal -0.475898 0.8795 0
    outer loop
      vertex -18.3398 -0.515823 0.599999
      vertex -18.5143 -0.610245 50.401
      vertex -18.3398 -0.515823 50.401
    endloop
  endfacet
  facet normal -0.475898 0.8795 0
    outer loop
      vertex -18.5143 -0.610245 50.401
      vertex -18.3398 -0.515823 0.599999
      vertex -18.5143 -0.610245 0.599999
    endloop
  endfacet
  facet normal -0.543189 -0.45262 -0.707163
    outer loop
      vertex -18.7921 -9.8958 0
      vertex -19.2405 -10.2951 0.599999
      vertex -18.8936 -9.77399 0
    endloop
  endfacet
  facet normal 0.0175691 0.706889 -0.707106
    outer loop
      vertex 17.1165 -0.803085 0
      vertex 16.9931 -0.800018 0
      vertex 17.1488 -0.203705 0.599999
    endloop
  endfacet
  facet normal 0.0175441 0.706893 -0.707103
    outer loop
      vertex 17.1488 -0.203705 0.599999
      vertex 16.9931 -0.800018 0
      vertex 17 -0.200012 0.599999
    endloop
  endfacet
  facet normal 0.251642 -0.660783 -0.707137
    outer loop
      vertex 18.1595 -11.0669 0.599999
      vertex 17.7793 -10.5696 0
      vertex 17.9274 -10.5132 0
    endloop
  endfacet
  facet normal 0.213203 0.977008 -0
    outer loop
      vertex 17.7365 -0.291809 0.599999
      vertex 17.5426 -0.249496 50.401
      vertex 17.7365 -0.291809 50.401
    endloop
  endfacet
  facet normal 0.213203 0.977008 0
    outer loop
      vertex 17.5426 -0.249496 50.401
      vertex 17.7365 -0.291809 0.599999
      vertex 17.5426 -0.249496 0.599999
    endloop
  endfacet
  facet normal 0.283982 0.647569 -0.707113
    outer loop
      vertex 18.2953 -0.494034 0.599999
      vertex 18.036 -1.03549 0
      vertex 18.1136 -0.414352 0.599999
    endloop
  endfacet
  facet normal 0.519127 0.854697 -0
    outer loop
      vertex 18.6408 -0.688507 0.599999
      vertex 18.4713 -0.585556 50.401
      vertex 18.6408 -0.688507 50.401
    endloop
  endfacet
  facet normal 0.519127 0.854697 0
    outer loop
      vertex 18.4713 -0.585556 50.401
      vertex 18.6408 -0.688507 0.599999
      vertex 18.4713 -0.585556 0.599999
    endloop
  endfacet
  facet normal 0.703037 0.0699251 0.707707
    outer loop
      vertex 19.9738 -2.80434 50.401
      vertex 19.3787 -2.88356 51
      vertex 19.3944 -3.04141 51
    endloop
  endfacet
  facet normal 0.366591 0.603943 0.707717
    outer loop
      vertex 18.4713 -0.585556 50.401
      vertex 18.1768 -1.10872 51
      vertex 18.3126 -1.19115 51
    endloop
  endfacet
  facet normal 0.626969 0.779044 -0
    outer loop
      vertex 18.9578 -0.926865 0.599999
      vertex 18.8032 -0.802444 50.401
      vertex 18.9578 -0.926865 50.401
    endloop
  endfacet
  facet normal 0.626969 0.779044 0
    outer loop
      vertex 18.8032 -0.802444 50.401
      vertex 18.9578 -0.926865 0.599999
      vertex 18.8032 -0.802444 0.599999
    endloop
  endfacet
  facet normal 0.621702 0.336778 -0.707154
    outer loop
      vertex 19.1471 -2.12833 0
      vertex 19.0715 -1.98877 0
      vertex 19.5898 -1.68571 0.599999
    endloop
  endfacet
  facet normal 0.598258 0.376918 -0.707121
    outer loop
      vertex 19.0715 -1.98877 0
      vertex 18.9869 -1.85449 0
      vertex 19.484 -1.51787 0.599999
    endloop
  endfacet
  facet normal 0.542748 0.452253 0.707737
    outer loop
      vertex 19.2405 -1.20494 50.401
      vertex 18.7921 -1.6042 51
      vertex 18.8936 -1.72601 51
    endloop
  endfacet
  facet normal 0.511998 0.48679 0.707739
    outer loop
      vertex 19.2405 -1.20494 50.401
      vertex 18.6828 -1.48924 51
      vertex 18.7921 -1.6042 51
    endloop
  endfacet
  facet normal 0.687703 0.162053 0.707675
    outer loop
      vertex 19.9411 -2.60866 50.401
      vertex 19.3162 -2.57257 51
      vertex 19.3526 -2.72704 51
    endloop
  endfacet
  facet normal 0.696843 0.116449 0.707707
    outer loop
      vertex 19.9411 -2.60866 50.401
      vertex 19.3787 -2.88356 51
      vertex 19.9738 -2.80434 50.401
    endloop
  endfacet
  facet normal -0.116225 0.696892 0.707695
    outer loop
      vertex -17.3957 -0.226227 50.401
      vertex -17.5914 -0.258865 50.401
      vertex -17.3165 -0.821304 51
    endloop
  endfacet
  facet normal -0.058394 -0.704679 -0.707119
    outer loop
      vertex -17.1488 -11.2963 0.599999
      vertex -17.277 -10.6836 0
      vertex -17.1165 -10.6969 0
    endloop
  endfacet
  facet normal -0.406046 -0.578945 -0.707071
    outer loop
      vertex -18.6408 -10.8115 0.599999
      vertex -18.8032 -10.6976 0.599999
      vertex -18.3126 -10.3089 0
    endloop
  endfacet
  facet normal -0.293224 0.956044 0
    outer loop
      vertex -17.7844 -0.304382 0.599999
      vertex -17.9741 -0.362564 50.401
      vertex -17.7844 -0.304382 50.401
    endloop
  endfacet
  facet normal -0.293224 0.956044 0
    outer loop
      vertex -17.9741 -0.362564 50.401
      vertex -17.7844 -0.304382 0.599999
      vertex -17.9741 -0.362564 0.599999
    endloop
  endfacet
  facet normal 0.116324 -0.697497 -0.707084
    outer loop
      vertex 17.5914 -11.2411 0.599999
      vertex 17.3165 -10.6787 0
      vertex 17.473 -10.6526 0
    endloop
  endfacet
  facet normal 0.294467 -0.642837 -0.707142
    outer loop
      vertex 18.1595 -11.0669 0.599999
      vertex 17.9274 -10.5132 0
      vertex 18.0717 -10.4471 0
    endloop
  endfacet
  facet normal 0.64749 -0.284155 -0.707115
    outer loop
      vertex 19.7857 -9.41357 0.599999
      vertex 19.1645 -9.33598 0
      vertex 19.2282 -9.19083 0
    endloop
  endfacet
  facet normal 0.999446 0.0332695 0
    outer loop
      vertex 20 -3.20001 50.401
      vertex 19.9934 -3.00174 0.599999
      vertex 19.9934 -3.00174 50.401
    endloop
  endfacet
  facet normal 0.999446 0.0332695 0
    outer loop
      vertex 19.9934 -3.00174 0.599999
      vertex 20 -3.20001 50.401
      vertex 20 -3.20001 0.599999
    endloop
  endfacet
  facet normal -0.703037 -0.0699251 0.707707
    outer loop
      vertex -19.3944 -8.45859 51
      vertex -19.9738 -8.69566 50.401
      vertex -19.3787 -8.61644 51
    endloop
  endfacet
  facet normal -0.626847 0.325871 0.707723
    outer loop
      vertex -19.6145 -1.72874 50.401
      vertex -19.706 -1.90475 50.401
      vertex -19.1645 -2.16402 51
    endloop
  endfacet
  facet normal -0.195969 -0.678765 0.707725
    outer loop
      vertex -17.7415 -10.5822 51
      vertex -17.927 -11.1532 50.401
      vertex -17.7365 -11.2082 50.401
    endloop
  endfacet
  facet normal 0.704094 -0.0583527 0.707706
    outer loop
      vertex 19.3969 -8.4165 51
      vertex 19.3836 -8.57698 51
      vertex 19.9963 -8.44875 50.401
    endloop
  endfacet
  facet normal -0.999691 0.0248646 0
    outer loop
      vertex -20 -3.20001 0.599999
      vertex -19.9963 -3.05125 50.401
      vertex -19.9963 -3.05125 0.599999
    endloop
  endfacet
  facet normal -0.999691 0.0248646 0
    outer loop
      vertex -19.9963 -3.05125 50.401
      vertex -20 -3.20001 0.599999
      vertex -20 -3.20001 50.401
    endloop
  endfacet
  facet normal -0.706896 0.0175821 -0.707099
    outer loop
      vertex -19.4 -3.20691 0
      vertex -20 -3.20001 0.599999
      vertex -19.9963 -3.05125 0.599999
    endloop
  endfacet
  facet normal -0.251423 0.660256 0.707706
    outer loop
      vertex -17.7793 -0.930405 51
      vertex -18.1595 -0.433136 50.401
      vertex -17.9274 -0.986801 51
    endloop
  endfacet
  facet normal 0.475812 -0.879547 0
    outer loop
      vertex 18.3398 -10.9842 0.599999
      vertex 18.5143 -10.8898 50.401
      vertex 18.3398 -10.9842 50.401
    endloop
  endfacet
  facet normal 0.475812 -0.879547 0
    outer loop
      vertex 18.5143 -10.8898 50.401
      vertex 18.3398 -10.9842 0.599999
      vertex 18.5143 -10.8898 0.599999
    endloop
  endfacet
  facet normal -0.283852 -0.647022 0.707666
    outer loop
      vertex -18.036 -10.4645 51
      vertex -18.1136 -11.0856 50.401
      vertex -17.8908 -10.5282 51
    endloop
  endfacet
  facet normal -0.703623 -0.0699834 -0.707118
    outer loop
      vertex -19.3787 -8.61644 0
      vertex -19.9738 -8.69566 0.599999
      vertex -19.3944 -8.45859 0
    endloop
  endfacet
  facet normal 0.461361 0.887213 -0
    outer loop
      vertex 18.4713 -0.585556 0.599999
      vertex 18.2953 -0.494034 50.401
      vertex 18.4713 -0.585556 50.401
    endloop
  endfacet
  facet normal 0.461361 0.887213 0
    outer loop
      vertex 18.2953 -0.494034 50.401
      vertex 18.4713 -0.585556 0.599999
      vertex 18.2953 -0.494034 0.599999
    endloop
  endfacet
  facet normal 0 -1 0
    outer loop
      vertex -17 -11.3 0.599999
      vertex 17 -11.3 50.401
      vertex -17 -11.3 50.401
    endloop
  endfacet
  facet normal 0 -1 -0
    outer loop
      vertex 17 -11.3 50.401
      vertex -17 -11.3 0.599999
      vertex 17 -11.3 0.599999
    endloop
  endfacet
  facet normal 0.0332645 -0.999447 0
    outer loop
      vertex 17 -11.3 0.599999
      vertex 17.1983 -11.2934 50.401
      vertex 17 -11.3 50.401
    endloop
  endfacet
  facet normal 0.0332645 -0.999447 0
    outer loop
      vertex 17.1983 -11.2934 50.401
      vertex 17 -11.3 0.599999
      vertex 17.1983 -11.2934 0.599999
    endloop
  endfacet
  facet normal -0.550348 0.443069 0.707677
    outer loop
      vertex -18.8182 -1.63394 51
      vertex -19.2731 -1.24225 50.401
      vertex -18.9179 -1.75778 51
    endloop
  endfacet
  facet normal -0.150582 -0.690257 0.707722
    outer loop
      vertex -17.5891 -10.6262 51
      vertex -17.7365 -11.2082 50.401
      vertex -17.5426 -11.2505 50.401
    endloop
  endfacet
  facet normal -0.162175 0.687649 0.707699
    outer loop
      vertex -17.5914 -0.258865 50.401
      vertex -17.7844 -0.304382 50.401
      vertex -17.6274 -0.88382 51
    endloop
  endfacet
  facet normal -0.15099 -0.690814 -0.707091
    outer loop
      vertex -17.5426 -11.2505 0.599999
      vertex -17.5891 -10.6262 0
      vertex -17.434 -10.6601 0
    endloop
  endfacet
  facet normal -0.70672 -0.023514 -0.707102
    outer loop
      vertex -19.3944 -8.45859 0
      vertex -20 -8.29999 0.599999
      vertex -19.4 -8.29028 0
    endloop
  endfacet
  facet normal -0.240839 -0.664802 -0.707131
    outer loop
      vertex -17.927 -11.1532 0.599999
      vertex -18.1136 -11.0856 0.599999
      vertex -17.7415 -10.5822 0
    endloop
  endfacet
  facet normal -0.543546 -0.452302 -0.707093
    outer loop
      vertex -19.2405 -10.2951 0.599999
      vertex -19.3674 -10.1426 0.599999
      vertex -18.8936 -9.77399 0
    endloop
  endfacet
  facet normal -0.196132 -0.679331 -0.707136
    outer loop
      vertex -17.7365 -11.2082 0.599999
      vertex -17.927 -11.1532 0.599999
      vertex -17.7415 -10.5822 0
    endloop
  endfacet
  facet normal -0.67876 0.196045 0.707709
    outer loop
      vertex -19.2822 -2.45853 51
      vertex -19.9082 -2.46356 50.401
      vertex -19.3262 -2.61087 51
    endloop
  endfacet
  facet normal -0.486878 0.511941 0.70772
    outer loop
      vertex -18.5958 -1.40787 51
      vertex -18.9951 -0.959549 50.401
      vertex -18.7108 -1.51724 51
    endloop
  endfacet
  facet normal -0.452184 0.542835 0.707715
    outer loop
      vertex -18.474 -1.30641 51
      vertex -18.9951 -0.959549 50.401
      vertex -18.5958 -1.40787 51
    endloop
  endfacet
  facet normal 0.283746 0.647029 0.707701
    outer loop
      vertex 18.1136 -0.414352 50.401
      vertex 18.036 -1.03549 51
      vertex 18.2953 -0.494034 50.401
    endloop
  endfacet
  facet normal 0.240541 0.66429 0.707714
    outer loop
      vertex 18.1136 -0.414352 50.401
      vertex 17.7415 -0.91777 51
      vertex 17.8908 -0.971832 51
    endloop
  endfacet
  facet normal 0.415267 -0.571616 0.707678
    outer loop
      vertex 18.8426 -10.6674 50.401
      vertex 18.474 -10.1936 51
      vertex 18.6821 -10.784 50.401
    endloop
  endfacet
  facet normal -0.0699751 0.703046 0.707694
    outer loop
      vertex -17.1586 -0.805588 51
      vertex -17.3957 -0.226227 50.401
      vertex -17.3165 -0.821304 51
    endloop
  endfacet
  facet normal -0.520344 0.478809 -0.707096
    outer loop
      vertex -18.7108 -1.51724 0
      vertex -19.2731 -1.24225 0.599999
      vertex -19.1388 -1.0963 0.599999
    endloop
  endfacet
  facet normal -0.51991 0.47841 0.707685
    outer loop
      vertex -19.1388 -1.0963 50.401
      vertex -19.2731 -1.24225 50.401
      vertex -18.7108 -1.51724 51
    endloop
  endfacet
  facet normal 0.195936 0.678791 0.707708
    outer loop
      vertex 17.7365 -0.291809 50.401
      vertex 17.5891 -0.873779 51
      vertex 17.7415 -0.91777 51
    endloop
  endfacet
  facet normal 0.355429 -0.934703 0
    outer loop
      vertex 17.9741 -11.1374 0.599999
      vertex 18.1595 -11.0669 50.401
      vertex 17.9741 -11.1374 50.401
    endloop
  endfacet
  facet normal 0.355429 -0.934703 0
    outer loop
      vertex 18.1595 -11.0669 50.401
      vertex 17.9741 -11.1374 0.599999
      vertex 18.1595 -11.0669 0.599999
    endloop
  endfacet
  facet normal 0.679349 -0.196035 -0.707146
    outer loop
      vertex 19.8532 -9.22704 0.599999
      vertex 19.2822 -9.04147 0
      vertex 19.9082 -9.03644 0.599999
    endloop
  endfacet
  facet normal -0.699311 0.104654 -0.707115
    outer loop
      vertex -19.3836 -2.92302 0
      vertex -19.9799 -2.85356 0.599999
      vertex -19.3601 -2.76599 0
    endloop
  endfacet
  facet normal -0.704685 0.0584594 -0.707108
    outer loop
      vertex -19.3836 -2.92302 0
      vertex -19.9963 -3.05125 0.599999
      vertex -19.9799 -2.85356 0.599999
    endloop
  endfacet
  facet normal -0.915759 0.401728 0
    outer loop
      vertex -19.7857 -2.08643 0.599999
      vertex -19.706 -1.90475 50.401
      vertex -19.706 -1.90475 0.599999
    endloop
  endfacet
  facet normal -0.915759 0.401728 0
    outer loop
      vertex -19.706 -1.90475 50.401
      vertex -19.7857 -2.08643 0.599999
      vertex -19.7857 -2.08643 50.401
    endloop
  endfacet
  facet normal 0.487189 -0.512409 -0.707166
    outer loop
      vertex 18.9951 -10.5405 0.599999
      vertex 18.5958 -10.0921 0
      vertex 18.7108 -9.98276 0
    endloop
  endfacet
  facet normal 0.52026 -0.478896 -0.707098
    outer loop
      vertex 19.1388 -10.4037 0.599999
      vertex 18.7108 -9.98276 0
      vertex 19.2731 -10.2578 0.599999
    endloop
  endfacet
  facet normal -0.251342 0.660302 0.707693
    outer loop
      vertex -17.9741 -0.362564 50.401
      vertex -18.1595 -0.433136 50.401
      vertex -17.7793 -0.930405 51
    endloop
  endfacet
  facet normal 0.20722 -0.675468 0.707675
    outer loop
      vertex 17.7793 -10.5696 51
      vertex 17.6274 -10.6162 51
      vertex 17.9741 -11.1374 50.401
    endloop
  endfacet
  facet normal -0.706871 0.0177563 -0.70712
    outer loop
      vertex -19.4 -3.20691 0
      vertex -19.9963 -3.05125 0.599999
      vertex -19.3969 -3.0835 0
    endloop
  endfacet
  facet normal -0.240514 -0.664978 -0.707077
    outer loop
      vertex -17.7415 -10.5822 0
      vertex -18.1136 -11.0856 0.599999
      vertex -17.8908 -10.5282 0
    endloop
  endfacet
  facet normal -0.116354 0.697463 -0.707112
    outer loop
      vertex -17.473 -0.847412 0
      vertex -17.5914 -0.258865 0.599999
      vertex -17.3165 -0.821304 0
    endloop
  endfacet
  facet normal -0.150864 -0.690238 0.70768
    outer loop
      vertex -17.434 -10.6601 51
      vertex -17.5891 -10.6262 51
      vertex -17.5426 -11.2505 50.401
    endloop
  endfacet
  facet normal -0.572052 -0.415662 -0.707094
    outer loop
      vertex -19.3674 -10.1426 0.599999
      vertex -19.484 -9.98213 0.599999
      vertex -18.8936 -9.77399 0
    endloop
  endfacet
  facet normal -0.808989 -0.587824 0
    outer loop
      vertex -19.3674 -10.1426 0.599999
      vertex -19.484 -9.98213 50.401
      vertex -19.484 -9.98213 0.599999
    endloop
  endfacet
  facet normal -0.808989 -0.587824 0
    outer loop
      vertex -19.484 -9.98213 50.401
      vertex -19.3674 -10.1426 0.599999
      vertex -19.3674 -10.1426 50.401
    endloop
  endfacet
  facet normal -0.443308 -0.550911 -0.707089
    outer loop
      vertex -18.4422 -10.2179 0
      vertex -18.9578 -10.5731 0.599999
      vertex -18.5661 -10.1182 0
    endloop
  endfacet
  facet normal 0.0175545 0.7063 0.707695
    outer loop
      vertex 17.1488 -0.203705 50.401
      vertex 16.9931 -0.800018 51
      vertex 17.1165 -0.803085 51
    endloop
  endfacet
  facet normal 0.058307 0.704106 0.707697
    outer loop
      vertex 17.1488 -0.203705 50.401
      vertex 17.1165 -0.803085 51
      vertex 17.277 -0.816376 51
    endloop
  endfacet
  facet normal 0.15063 0.690264 0.707705
    outer loop
      vertex 17.7365 -0.291809 50.401
      vertex 17.5426 -0.249496 50.401
      vertex 17.5891 -0.873779 51
    endloop
  endfacet
  facet normal 0.664969 -0.240415 -0.707118
    outer loop
      vertex 19.7857 -9.41357 0.599999
      vertex 19.2282 -9.19083 0
      vertex 19.2822 -9.04147 0
    endloop
  endfacet
  facet normal -0.207167 0.675459 0.707699
    outer loop
      vertex -17.7844 -0.304382 50.401
      vertex -17.9741 -0.362564 50.401
      vertex -17.6274 -0.88382 51
    endloop
  endfacet
  facet normal 0.571669 0.415136 0.707712
    outer loop
      vertex 19.484 -1.51787 50.401
      vertex 18.8936 -1.72601 51
      vertex 18.9869 -1.85449 51
    endloop
  endfacet
  facet normal 0.340182 0.940359 -0
    outer loop
      vertex 18.1136 -0.414352 0.599999
      vertex 17.927 -0.346848 50.401
      vertex 18.1136 -0.414352 50.401
    endloop
  endfacet
  facet normal 0.340182 0.940359 0
    outer loop
      vertex 17.927 -0.346848 50.401
      vertex 18.1136 -0.414352 0.599999
      vertex 17.927 -0.346848 0.599999
    endloop
  endfacet
  facet normal 0.572072 0.415624 -0.7071
    outer loop
      vertex 19.484 -1.51787 0.599999
      vertex 18.8936 -1.72601 0
      vertex 19.3674 -1.35738 0.599999
    endloop
  endfacet
  facet normal 0.512176 0.487549 -0.707086
    outer loop
      vertex 19.2405 -1.20494 0.599999
      vertex 18.6828 -1.48924 0
      vertex 19.1037 -1.06123 0.599999
    endloop
  endfacet
  facet normal 0.908972 0.416858 0
    outer loop
      vertex 19.7669 -2.04051 50.401
      vertex 19.6842 -1.86018 0.599999
      vertex 19.6842 -1.86018 50.401
    endloop
  endfacet
  facet normal 0.908972 0.416858 0
    outer loop
      vertex 19.6842 -1.86018 0.599999
      vertex 19.7669 -2.04051 50.401
      vertex 19.7669 -2.04051 0.599999
    endloop
  endfacet
  facet normal 0.642265 0.294327 0.707719
    outer loop
      vertex 19.7669 -2.04051 50.401
      vertex 19.1471 -2.12833 51
      vertex 19.2132 -2.27257 51
    endloop
  endfacet
  facet normal 0.442976 0.550388 0.707705
    outer loop
      vertex 18.9578 -0.926865 50.401
      vertex 18.4422 -1.2821 51
      vertex 18.5661 -1.38182 51
    endloop
  endfacet
  facet normal 0.442961 0.550404 0.707702
    outer loop
      vertex 18.8032 -0.802444 50.401
      vertex 18.4422 -1.2821 51
      vertex 18.9578 -0.926865 50.401
    endloop
  endfacet
  facet normal 0.664316 -0.240397 0.707738
    outer loop
      vertex 19.8532 -9.22704 50.401
      vertex 19.2822 -9.04147 51
      vertex 19.7857 -9.41357 50.401
    endloop
  endfacet
  facet normal 0.325954 0.626822 0.707707
    outer loop
      vertex 18.2953 -0.494034 50.401
      vertex 18.036 -1.03549 51
      vertex 18.4713 -0.585556 50.401
    endloop
  endfacet
  facet normal 0.325994 0.626792 0.707714
    outer loop
      vertex 18.4713 -0.585556 50.401
      vertex 18.036 -1.03549 51
      vertex 18.1768 -1.10872 51
    endloop
  endfacet
  facet normal 0.543002 0.452026 0.707687
    outer loop
      vertex 19.2405 -1.20494 50.401
      vertex 18.8936 -1.72601 51
      vertex 19.3674 -1.35738 50.401
    endloop
  endfacet
  facet normal 0.571595 0.415278 0.707689
    outer loop
      vertex 19.3674 -1.35738 50.401
      vertex 18.8936 -1.72601 51
      vertex 19.484 -1.51787 50.401
    endloop
  endfacet
  facet normal 0.240349 0.664393 0.707682
    outer loop
      vertex 17.927 -0.346848 50.401
      vertex 17.7415 -0.91777 51
      vertex 18.1136 -0.414352 50.401
    endloop
  endfacet
  facet normal 0.621913 0.336497 -0.707103
    outer loop
      vertex 19.6842 -1.86018 0.599999
      vertex 19.1471 -2.12833 0
      vertex 19.5898 -1.68571 0.599999
    endloop
  endfacet
  facet normal 0.768552 0.639788 0
    outer loop
      vertex 19.3674 -1.35738 50.401
      vertex 19.2405 -1.20494 0.599999
      vertex 19.2405 -1.20494 50.401
    endloop
  endfacet
  facet normal 0.768552 0.639788 0
    outer loop
      vertex 19.2405 -1.20494 0.599999
      vertex 19.3674 -1.35738 50.401
      vertex 19.3674 -1.35738 0.599999
    endloop
  endfacet
  facet normal 0.196109 0.678768 0.707683
    outer loop
      vertex 17.927 -0.346848 50.401
      vertex 17.7365 -0.291809 50.401
      vertex 17.7415 -0.91777 51
    endloop
  endfacet
  facet normal -0.646978 0.283818 0.70772
    outer loop
      vertex -19.706 -1.90475 50.401
      vertex -19.7857 -2.08643 50.401
      vertex -19.1645 -2.16402 51
    endloop
  endfacet
  facet normal 0.675451 0.207272 0.707676
    outer loop
      vertex 19.8374 -2.22591 50.401
      vertex 19.3162 -2.57257 51
      vertex 19.8956 -2.41557 50.401
    endloop
  endfacet
  facet normal 0.986323 0.164824 0
    outer loop
      vertex 19.9738 -2.80434 50.401
      vertex 19.9411 -2.60866 0.599999
      vertex 19.9411 -2.60866 50.401
    endloop
  endfacet
  facet normal 0.986323 0.164824 0
    outer loop
      vertex 19.9411 -2.60866 0.599999
      vertex 19.9738 -2.80434 50.401
      vertex 19.9738 -2.80434 0.599999
    endloop
  endfacet
  facet normal -0.699311 0.10479 -0.707095
    outer loop
      vertex -19.3601 -2.76599 0
      vertex -19.9799 -2.85356 0.599999
      vertex -19.9505 -2.65736 0.599999
    endloop
  endfacet
  facet normal 0.487558 -0.51215 -0.7071
    outer loop
      vertex 18.9951 -10.5405 0.599999
      vertex 18.7108 -9.98276 0
      vertex 19.1388 -10.4037 0.599999
    endloop
  endfacet
  facet normal -0.16215 0.687651 0.707702
    outer loop
      vertex -17.5914 -0.258865 50.401
      vertex -17.6274 -0.88382 51
      vertex -17.473 -0.847412 51
    endloop
  endfacet
  facet normal -0.571575 -0.415316 0.707683
    outer loop
      vertex -18.8936 -9.77399 51
      vertex -19.484 -9.98213 50.401
      vertex -19.3674 -10.1426 50.401
    endloop
  endfacet
  facet normal -0.366509 -0.604029 0.707687
    outer loop
      vertex -18.3126 -10.3089 51
      vertex -18.4713 -10.9144 50.401
      vertex -18.1768 -10.3913 51
    endloop
  endfacet
  facet normal 0.207232 -0.675462 0.707676
    outer loop
      vertex 17.9741 -11.1374 50.401
      vertex 17.6274 -10.6162 51
      vertex 17.7844 -11.1956 50.401
    endloop
  endfacet
  facet normal -0.621394 -0.336216 0.707692
    outer loop
      vertex -19.1471 -9.37167 51
      vertex -19.6842 -9.63982 50.401
      vertex -19.5898 -9.81429 50.401
    endloop
  endfacet
  facet normal 0.704097 -0.0584106 0.707697
    outer loop
      vertex 19.9963 -8.44875 50.401
      vertex 19.3836 -8.57698 51
      vertex 19.9799 -8.64644 50.401
    endloop
  endfacet
  facet normal 0.336178 -0.62143 0.707679
    outer loop
      vertex 18.5143 -10.8898 50.401
      vertex 18.0717 -10.4471 51
      vertex 18.3398 -10.9842 50.401
    endloop
  endfacet
  facet normal -0.642801 -0.294573 -0.70713
    outer loop
      vertex -19.1471 -9.37167 0
      vertex -19.7669 -9.45949 0.599999
      vertex -19.2132 -9.22743 0
    endloop
  endfacet
  facet normal 0.818661 -0.574278 0
    outer loop
      vertex 19.3976 -10.1032 50.401
      vertex 19.5115 -9.94083 0.599999
      vertex 19.5115 -9.94083 50.401
    endloop
  endfacet
  facet normal 0.818661 -0.574278 0
    outer loop
      vertex 19.5115 -9.94083 0.599999
      vertex 19.3976 -10.1032 50.401
      vertex 19.3976 -10.1032 0.599999
    endloop
  endfacet
  facet normal 0.578263 -0.405908 0.707708
    outer loop
      vertex 19.0089 -9.61258 51
      vertex 18.9179 -9.74222 51
      vertex 19.3976 -10.1032 50.401
    endloop
  endfacet
  facet normal -0.443491 -0.550712 -0.707129
    outer loop
      vertex -18.8032 -10.6976 0.599999
      vertex -18.9578 -10.5731 0.599999
      vertex -18.4422 -10.2179 0
    endloop
  endfacet
  facet normal -0.604467 0.366857 -0.707132
    outer loop
      vertex -19.0913 -2.02319 0
      vertex -19.6145 -1.72874 0.599999
      vertex -19.0089 -1.88742 0
    endloop
  endfacet
  facet normal -0.679326 0.196208 -0.70712
    outer loop
      vertex -19.3262 -2.61087 0
      vertex -19.9082 -2.46356 0.599999
      vertex -19.2822 -2.45853 0
    endloop
  endfacet
  facet normal -0.604364 0.367102 -0.707092
    outer loop
      vertex -19.0089 -1.88742 0
      vertex -19.6145 -1.72874 0.599999
      vertex -19.5115 -1.55917 0.599999
    endloop
  endfacet
  facet normal -0.578449 0.405698 0.707677
    outer loop
      vertex -19.3976 -1.39677 50.401
      vertex -19.5115 -1.55917 50.401
      vertex -19.0089 -1.88742 51
    endloop
  endfacet
  facet normal -0.660269 -0.251361 0.707716
    outer loop
      vertex -19.2696 -9.07928 51
      vertex -19.7669 -9.45949 50.401
      vertex -19.2132 -9.22743 51
    endloop
  endfacet
  facet normal 0.698728 -0.104702 0.707684
    outer loop
      vertex 19.9799 -8.64644 50.401
      vertex 19.3601 -8.73401 51
      vertex 19.9505 -8.84264 50.401
    endloop
  endfacet
  facet normal 0.0235021 -0.706132 0.70769
    outer loop
      vertex 17.1586 -10.6944 51
      vertex 17 -11.3 50.401
      vertex 17.1983 -11.2934 50.401
    endloop
  endfacet
  facet normal -0.0584075 -0.704096 0.707699
    outer loop
      vertex -17.277 -10.6836 51
      vertex -17.3465 -11.2799 50.401
      vertex -17.1488 -11.2963 50.401
    endloop
  endfacet
  facet normal -0.229542 0.973299 0
    outer loop
      vertex -17.5914 -0.258865 0.599999
      vertex -17.7844 -0.304382 50.401
      vertex -17.5914 -0.258865 50.401
    endloop
  endfacet
  facet normal -0.229542 0.973299 0
    outer loop
      vertex -17.7844 -0.304382 50.401
      vertex -17.5914 -0.258865 0.599999
      vertex -17.7844 -0.304382 0.599999
    endloop
  endfacet
  facet normal -0.415628 0.572073 -0.707096
    outer loop
      vertex -18.474 -1.30641 0
      vertex -18.8426 -0.832596 0.599999
      vertex -18.6821 -0.715988 0.599999
    endloop
  endfacet
  facet normal -0.376668 0.597722 0.707707
    outer loop
      vertex -18.5143 -0.610245 50.401
      vertex -18.6821 -0.715988 50.401
      vertex -18.2112 -1.12846 51
    endloop
  endfacet
  facet normal -0.973342 -0.22936 0
    outer loop
      vertex -19.8956 -9.08443 0.599999
      vertex -19.9411 -8.89134 50.401
      vertex -19.9411 -8.89134 0.599999
    endloop
  endfacet
  facet normal -0.973342 -0.22936 0
    outer loop
      vertex -19.9411 -8.89134 50.401
      vertex -19.8956 -9.08443 0.599999
      vertex -19.8956 -9.08443 50.401
    endloop
  endfacet
  facet normal -0.960798 0.27725 0
    outer loop
      vertex -19.9082 -2.46356 0.599999
      vertex -19.8532 -2.27296 50.401
      vertex -19.8532 -2.27296 0.599999
    endloop
  endfacet
  facet normal -0.960798 0.27725 0
    outer loop
      vertex -19.8532 -2.27296 50.401
      vertex -19.9082 -2.46356 0.599999
      vertex -19.9082 -2.46356 50.401
    endloop
  endfacet
  facet normal -0.284089 -0.647561 -0.707077
    outer loop
      vertex -17.8908 -10.5282 0
      vertex -18.1136 -11.0856 0.599999
      vertex -18.036 -10.4645 0
    endloop
  endfacet
  facet normal -0.887269 0.461253 0
    outer loop
      vertex -19.706 -1.90475 0.599999
      vertex -19.6145 -1.72874 50.401
      vertex -19.6145 -1.72874 0.599999
    endloop
  endfacet
  facet normal -0.887269 0.461253 0
    outer loop
      vertex -19.6145 -1.72874 50.401
      vertex -19.706 -1.90475 0.599999
      vertex -19.706 -1.90475 50.401
    endloop
  endfacet
  facet normal -0.688277 -0.162189 -0.707086
    outer loop
      vertex -19.3162 -8.92743 0
      vertex -19.9411 -8.89134 0.599999
      vertex -19.3526 -8.77296 0
    endloop
  endfacet
  facet normal -0.676009 -0.207455 -0.707088
    outer loop
      vertex -19.2696 -9.07928 0
      vertex -19.8374 -9.27409 0.599999
      vertex -19.3162 -8.92743 0
    endloop
  endfacet
  facet normal -0.406326 -0.578679 -0.707128
    outer loop
      vertex -18.3126 -10.3089 0
      vertex -18.8032 -10.6976 0.599999
      vertex -18.4422 -10.2179 0
    endloop
  endfacet
  facet normal -0.116322 0.697474 -0.707107
    outer loop
      vertex -17.3165 -0.821304 0
      vertex -17.5914 -0.258865 0.599999
      vertex -17.3957 -0.226227 0.599999
    endloop
  endfacet
  facet normal -0.196132 -0.679331 -0.707136
    outer loop
      vertex -17.7365 -11.2082 0.599999
      vertex -17.7415 -10.5822 0
      vertex -17.5891 -10.6262 0
    endloop
  endfacet
  facet normal -0.150708 -0.690833 -0.707133
    outer loop
      vertex -17.5426 -11.2505 0.599999
      vertex -17.7365 -11.2082 0.599999
      vertex -17.5891 -10.6262 0
    endloop
  endfacet
  facet normal -0.401268 -0.915961 0
    outer loop
      vertex -18.2953 -11.006 0.599999
      vertex -18.1136 -11.0856 50.401
      vertex -18.2953 -11.006 50.401
    endloop
  endfacet
  facet normal -0.401268 -0.915961 -0
    outer loop
      vertex -18.1136 -11.0856 50.401
      vertex -18.2953 -11.006 0.599999
      vertex -18.1136 -11.0856 0.599999
    endloop
  endfacet
  facet normal -0.574206 -0.818711 0
    outer loop
      vertex -18.8032 -10.6976 0.599999
      vertex -18.6408 -10.8115 50.401
      vertex -18.8032 -10.6976 50.401
    endloop
  endfacet
  facet normal -0.574206 -0.818711 -0
    outer loop
      vertex -18.6408 -10.8115 50.401
      vertex -18.8032 -10.6976 0.599999
      vertex -18.6408 -10.8115 0.599999
    endloop
  endfacet
  facet normal -0.518939 -0.854811 0
    outer loop
      vertex -18.6408 -10.8115 0.599999
      vertex -18.4713 -10.9144 50.401
      vertex -18.6408 -10.8115 50.401
    endloop
  endfacet
  facet normal -0.518939 -0.854811 -0
    outer loop
      vertex -18.4713 -10.9144 50.401
      vertex -18.6408 -10.8115 0.599999
      vertex -18.4713 -10.9144 0.599999
    endloop
  endfacet
  facet normal -0.550807 0.443439 -0.707089
    outer loop
      vertex -18.9179 -1.75778 0
      vertex -19.2731 -1.24225 0.599999
      vertex -18.8182 -1.63394 0
    endloop
  endfacet
  facet normal -0.326177 -0.627402 -0.70709
    outer loop
      vertex -18.036 -10.4645 0
      vertex -18.4713 -10.9144 0.599999
      vertex -18.1768 -10.3913 0
    endloop
  endfacet
  facet normal -0.660953 -0.251333 -0.707087
    outer loop
      vertex -19.7669 -9.45949 0.599999
      vertex -19.8374 -9.27409 0.599999
      vertex -19.2696 -9.07928 0
    endloop
  endfacet
  facet normal -0.20734 0.676022 -0.70711
    outer loop
      vertex -17.6274 -0.88382 0
      vertex -17.9741 -0.362564 0.599999
      vertex -17.7844 -0.304382 0.599999
    endloop
  endfacet
  facet normal -0.511735 -0.487163 0.707672
    outer loop
      vertex -18.6828 -10.0108 51
      vertex -19.2405 -10.2951 50.401
      vertex -19.1037 -10.4388 50.401
    endloop
  endfacet
  facet normal -0.0583453 -0.704092 0.707708
    outer loop
      vertex -17.1165 -10.6969 51
      vertex -17.277 -10.6836 51
      vertex -17.1488 -11.2963 50.401
    endloop
  endfacet
  facet normal -0.69692 -0.116213 0.70767
    outer loop
      vertex -19.3787 -8.61644 51
      vertex -19.9411 -8.89134 50.401
      vertex -19.3526 -8.77296 51
    endloop
  endfacet
  facet normal -0.642265 -0.294327 0.707719
    outer loop
      vertex -19.2132 -9.22743 51
      vertex -19.7669 -9.45949 50.401
      vertex -19.1471 -9.37167 51
    endloop
  endfacet
  facet normal 0.550792 -0.443427 -0.707107
    outer loop
      vertex 19.2731 -10.2578 0.599999
      vertex 18.8182 -9.86606 0
      vertex 18.9179 -9.74222 0
    endloop
  endfacet
  facet normal -0.995107 -0.0988049 0
    outer loop
      vertex -19.9738 -8.69566 0.599999
      vertex -19.9934 -8.49826 50.401
      vertex -19.9934 -8.49826 0.599999
    endloop
  endfacet
  facet normal -0.995107 -0.0988049 0
    outer loop
      vertex -19.9934 -8.49826 50.401
      vertex -19.9738 -8.69566 0.599999
      vertex -19.9738 -8.69566 50.401
    endloop
  endfacet
  facet normal -1 0 0
    outer loop
      vertex -20 -8.29999 0.599999
      vertex -20 -3.20001 50.401
      vertex -20 -3.20001 0.599999
    endloop
  endfacet
  facet normal -1 -0 0
    outer loop
      vertex -20 -3.20001 50.401
      vertex -20 -8.29999 0.599999
      vertex -20 -8.29999 50.401
    endloop
  endfacet
  facet normal 0.626874 -0.325834 0.707716
    outer loop
      vertex 19.1645 -9.33598 51
      vertex 19.0913 -9.47681 51
      vertex 19.6145 -9.77126 50.401
    endloop
  endfacet
  facet normal 0.73575 -0.677253 0
    outer loop
      vertex 19.1388 -10.4037 50.401
      vertex 19.2731 -10.2578 0.599999
      vertex 19.2731 -10.2578 50.401
    endloop
  endfacet
  facet normal 0.73575 -0.677253 0
    outer loop
      vertex 19.2731 -10.2578 0.599999
      vertex 19.1388 -10.4037 50.401
      vertex 19.1388 -10.4037 0.599999
    endloop
  endfacet
  facet normal -0.195969 -0.678765 0.707725
    outer loop
      vertex -17.5891 -10.6262 51
      vertex -17.7415 -10.5822 51
      vertex -17.7365 -11.2082 50.401
    endloop
  endfacet
  facet normal 0.452265 -0.542718 0.707753
    outer loop
      vertex 18.5958 -10.0921 51
      vertex 18.474 -10.1936 51
      vertex 18.9951 -10.5405 50.401
    endloop
  endfacet
  facet normal -0.621184 -0.336497 0.707743
    outer loop
      vertex -19.1471 -9.37167 51
      vertex -19.5898 -9.81429 50.401
      vertex -19.0715 -9.51123 51
    endloop
  endfacet
  facet normal -0.240639 -0.664248 0.70772
    outer loop
      vertex -17.7415 -10.5822 51
      vertex -18.1136 -11.0856 50.401
      vertex -17.927 -11.1532 50.401
    endloop
  endfacet
  facet normal 0.366776 0.603866 0.707687
    outer loop
      vertex 18.4713 -0.585556 50.401
      vertex 18.3126 -1.19115 51
      vertex 18.6408 -0.688507 50.401
    endloop
  endfacet
  facet normal 0.574331 0.818623 -0
    outer loop
      vertex 18.8032 -0.802444 0.599999
      vertex 18.6408 -0.688507 50.401
      vertex 18.8032 -0.802444 50.401
    endloop
  endfacet
  facet normal 0.574331 0.818623 0
    outer loop
      vertex 18.6408 -0.688507 50.401
      vertex 18.8032 -0.802444 0.599999
      vertex 18.6408 -0.688507 0.599999
    endloop
  endfacet
  facet normal 0.642745 0.294765 -0.707101
    outer loop
      vertex 19.7669 -2.04051 0.599999
      vertex 19.1471 -2.12833 0
      vertex 19.6842 -1.86018 0.599999
    endloop
  endfacet
  facet normal 0.879513 0.475875 0
    outer loop
      vertex 19.6842 -1.86018 50.401
      vertex 19.5898 -1.68571 0.599999
      vertex 19.5898 -1.68571 50.401
    endloop
  endfacet
  facet normal 0.879513 0.475875 0
    outer loop
      vertex 19.5898 -1.68571 0.599999
      vertex 19.6842 -1.86018 50.401
      vertex 19.6842 -1.86018 0.599999
    endloop
  endfacet
  facet normal 0.543201 0.45263 -0.707148
    outer loop
      vertex 18.8936 -1.72601 0
      vertex 18.7921 -1.6042 0
      vertex 19.2405 -1.20494 0.599999
    endloop
  endfacet
  facet normal 0.512425 0.487196 -0.70715
    outer loop
      vertex 18.7921 -1.6042 0
      vertex 18.6828 -1.48924 0
      vertex 19.2405 -1.20494 0.599999
    endloop
  endfacet
  facet normal 0.64221 0.29452 0.70769
    outer loop
      vertex 19.6842 -1.86018 50.401
      vertex 19.1471 -2.12833 51
      vertex 19.7669 -2.04051 50.401
    endloop
  endfacet
  facet normal 0.376568 -0.59779 0.707703
    outer loop
      vertex 18.3455 -10.2869 51
      vertex 18.2112 -10.3715 51
      vertex 18.6821 -10.784 50.401
    endloop
  endfacet
  facet normal 0.336602 -0.621111 0.707757
    outer loop
      vertex 18.2112 -10.3715 51
      vertex 18.0717 -10.4471 51
      vertex 18.5143 -10.8898 50.401
    endloop
  endfacet
  facet normal 0.67876 -0.196045 0.707709
    outer loop
      vertex 19.3262 -8.88913 51
      vertex 19.2822 -9.04147 51
      vertex 19.9082 -9.03644 50.401
    endloop
  endfacet
  facet normal 0.690251 -0.150658 0.707712
    outer loop
      vertex 19.9505 -8.84264 50.401
      vertex 19.3262 -8.88913 51
      vertex 19.9082 -9.03644 50.401
    endloop
  endfacet
  facet normal -0.326164 -0.626691 0.707725
    outer loop
      vertex -18.036 -10.4645 51
      vertex -18.4713 -10.9144 50.401
      vertex -18.2953 -11.006 50.401
    endloop
  endfacet
  facet normal -0.46167 -0.887052 0
    outer loop
      vertex -18.4713 -10.9144 0.599999
      vertex -18.2953 -11.006 50.401
      vertex -18.4713 -10.9144 50.401
    endloop
  endfacet
  facet normal -0.46167 -0.887052 -0
    outer loop
      vertex -18.2953 -11.006 50.401
      vertex -18.4713 -10.9144 0.599999
      vertex -18.2953 -11.006 0.599999
    endloop
  endfacet
  facet normal 0.116227 -0.696915 0.707673
    outer loop
      vertex 17.473 -10.6526 51
      vertex 17.3165 -10.6787 51
      vertex 17.5914 -11.2411 50.401
    endloop
  endfacet
  facet normal 0.887269 -0.461253 0
    outer loop
      vertex 19.6145 -9.77126 50.401
      vertex 19.706 -9.59525 0.599999
      vertex 19.706 -9.59525 50.401
    endloop
  endfacet
  facet normal 0.887269 -0.461253 0
    outer loop
      vertex 19.706 -9.59525 0.599999
      vertex 19.6145 -9.77126 50.401
      vertex 19.6145 -9.77126 0.599999
    endloop
  endfacet
  facet normal 0.164808 -0.986326 0
    outer loop
      vertex 17.3957 -11.2738 0.599999
      vertex 17.5914 -11.2411 50.401
      vertex 17.3957 -11.2738 50.401
    endloop
  endfacet
  facet normal 0.164808 -0.986326 0
    outer loop
      vertex 17.5914 -11.2411 50.401
      vertex 17.3957 -11.2738 0.599999
      vertex 17.5914 -11.2411 0.599999
    endloop
  endfacet
  facet normal 0.116438 -0.696847 0.707705
    outer loop
      vertex 17.5914 -11.2411 50.401
      vertex 17.3165 -10.6787 51
      vertex 17.3957 -11.2738 50.401
    endloop
  endfacet
  facet normal -0.571669 -0.415136 0.707712
    outer loop
      vertex -18.9869 -9.64551 51
      vertex -19.484 -9.98213 50.401
      vertex -18.8936 -9.77399 51
    endloop
  endfacet
  facet normal -0.688277 -0.162187 -0.707086
    outer loop
      vertex -19.8956 -9.08443 0.599999
      vertex -19.9411 -8.89134 0.599999
      vertex -19.3162 -8.92743 0
    endloop
  endfacet
  facet normal -0.0700335 0.703632 -0.707105
    outer loop
      vertex -17.3165 -0.821304 0
      vertex -17.3957 -0.226227 0.599999
      vertex -17.1586 -0.805588 0
    endloop
  endfacet
  facet normal -0.415282 0.571597 0.707685
    outer loop
      vertex -18.6821 -0.715988 50.401
      vertex -18.8426 -0.832596 50.401
      vertex -18.474 -1.30641 51
    endloop
  endfacet
  facet normal -0.41522 0.571629 0.707695
    outer loop
      vertex -18.3455 -1.21307 51
      vertex -18.6821 -0.715988 50.401
      vertex -18.474 -1.30641 51
    endloop
  endfacet
  facet normal -0.64749 0.284155 -0.707115
    outer loop
      vertex -19.2282 -2.30917 0
      vertex -19.7857 -2.08643 0.599999
      vertex -19.1645 -2.16402 0
    endloop
  endfacet
  facet normal -0.16231 0.688223 -0.70711
    outer loop
      vertex -17.6274 -0.88382 0
      vertex -17.7844 -0.304382 0.599999
      vertex -17.5914 -0.258865 0.599999
    endloop
  endfacet
  facet normal -0.690827 0.150784 -0.707123
    outer loop
      vertex -19.3262 -2.61087 0
      vertex -19.9505 -2.65736 0.599999
      vertex -19.9082 -2.46356 0.599999
    endloop
  endfacet
  facet normal -0.854683 0.51915 0
    outer loop
      vertex -19.6145 -1.72874 0.599999
      vertex -19.5115 -1.55917 50.401
      vertex -19.5115 -1.55917 0.599999
    endloop
  endfacet
  facet normal -0.854683 0.51915 0
    outer loop
      vertex -19.5115 -1.55917 50.401
      vertex -19.6145 -1.72874 0.599999
      vertex -19.6145 -1.72874 50.401
    endloop
  endfacet
  facet normal -0.478848 -0.520312 -0.707092
    outer loop
      vertex -18.5661 -10.1182 0
      vertex -18.9578 -10.5731 0.599999
      vertex -18.6828 -10.0108 0
    endloop
  endfacet
  facet normal -0.706722 -0.0235253 -0.7071
    outer loop
      vertex -19.9934 -8.49826 0.599999
      vertex -20 -8.29999 0.599999
      vertex -19.3944 -8.45859 0
    endloop
  endfacet
  facet normal -0.703653 -0.0698662 -0.707101
    outer loop
      vertex -19.9738 -8.69566 0.599999
      vertex -19.9934 -8.49826 0.599999
      vertex -19.3944 -8.45859 0
    endloop
  endfacet
  facet normal -0.639797 0.768544 0
    outer loop
      vertex -18.8426 -0.832596 0.599999
      vertex -18.9951 -0.959549 50.401
      vertex -18.8426 -0.832596 50.401
    endloop
  endfacet
  facet normal -0.639797 0.768544 0
    outer loop
      vertex -18.9951 -0.959549 50.401
      vertex -18.8426 -0.832596 0.599999
      vertex -18.9951 -0.959549 0.599999
    endloop
  endfacet
  facet normal -0.452413 0.543453 -0.707093
    outer loop
      vertex -18.474 -1.30641 0
      vertex -18.9951 -0.959549 0.599999
      vertex -18.8426 -0.832596 0.599999
    endloop
  endfacet
  facet normal -0.326436 -0.627214 -0.707137
    outer loop
      vertex -18.2953 -11.006 0.599999
      vertex -18.4713 -10.9144 0.599999
      vertex -18.036 -10.4645 0
    endloop
  endfacet
  facet normal 0.326266 0.627315 -0.707125
    outer loop
      vertex 18.1768 -1.10872 0
      vertex 18.036 -1.03549 0
      vertex 18.4713 -0.585556 0.599999
    endloop
  endfacet
  facet normal -0.277384 -0.960759 0
    outer loop
      vertex -17.927 -11.1532 0.599999
      vertex -17.7365 -11.2082 50.401
      vertex -17.927 -11.1532 50.401
    endloop
  endfacet
  facet normal -0.277384 -0.960759 -0
    outer loop
      vertex -17.7365 -11.2082 50.401
      vertex -17.927 -11.1532 0.599999
      vertex -17.7365 -11.2082 0.599999
    endloop
  endfacet
  facet normal -0.478907 -0.520272 -0.707082
    outer loop
      vertex -18.9578 -10.5731 0.599999
      vertex -19.1037 -10.4388 0.599999
      vertex -18.6828 -10.0108 0
    endloop
  endfacet
  facet normal 0.486783 -0.511982 0.707755
    outer loop
      vertex 18.7108 -9.98276 51
      vertex 18.5958 -10.0921 51
      vertex 18.9951 -10.5405 50.401
    endloop
  endfacet
  facet normal 0.451927 -0.543096 0.707678
    outer loop
      vertex 18.9951 -10.5405 50.401
      vertex 18.474 -10.1936 51
      vertex 18.8426 -10.6674 50.401
    endloop
  endfacet
  facet normal 0.603964 -0.366551 0.707721
    outer loop
      vertex 19.0913 -9.47681 51
      vertex 19.0089 -9.61258 51
      vertex 19.6145 -9.77126 50.401
    endloop
  endfacet
  facet normal -0.512496 -0.487094 -0.707168
    outer loop
      vertex -18.6828 -10.0108 0
      vertex -19.2405 -10.2951 0.599999
      vertex -18.7921 -9.8958 0
    endloop
  endfacet
  facet normal 0.519867 -0.478438 0.707697
    outer loop
      vertex 18.8182 -9.86606 51
      vertex 18.7108 -9.98276 51
      vertex 19.2731 -10.2578 50.401
    endloop
  endfacet
  facet normal -0.696843 -0.116449 0.707707
    outer loop
      vertex -19.3787 -8.61644 51
      vertex -19.9738 -8.69566 50.401
      vertex -19.9411 -8.89134 50.401
    endloop
  endfacet
  facet normal -0.66082 -0.251571 -0.707127
    outer loop
      vertex -19.2132 -9.22743 0
      vertex -19.7669 -9.45949 0.599999
      vertex -19.2696 -9.07928 0
    endloop
  endfacet
  facet normal -0.207326 0.676029 -0.707108
    outer loop
      vertex -17.7793 -0.930405 0
      vertex -17.9741 -0.362564 0.599999
      vertex -17.6274 -0.88382 0
    endloop
  endfacet
  facet normal -0.251552 0.660853 -0.707104
    outer loop
      vertex -17.7793 -0.930405 0
      vertex -18.1595 -0.433136 0.599999
      vertex -17.9741 -0.362564 0.599999
    endloop
  endfacet
  facet normal 0.960798 -0.27725 0
    outer loop
      vertex 19.8532 -9.22704 50.401
      vertex 19.9082 -9.03644 0.599999
      vertex 19.9082 -9.03644 50.401
    endloop
  endfacet
  facet normal 0.960798 -0.27725 0
    outer loop
      vertex 19.9082 -9.03644 0.599999
      vertex 19.8532 -9.22704 50.401
      vertex 19.8532 -9.22704 0.599999
    endloop
  endfacet
  facet normal 0.678783 -0.195871 0.707734
    outer loop
      vertex 19.9082 -9.03644 50.401
      vertex 19.2822 -9.04147 51
      vertex 19.8532 -9.22704 50.401
    endloop
  endfacet
  facet normal 0.578414 -0.405748 0.707676
    outer loop
      vertex 19.5115 -9.94083 50.401
      vertex 19.0089 -9.61258 51
      vertex 19.3976 -10.1032 50.401
    endloop
  endfacet
  facet normal 0.376792 -0.597597 0.707747
    outer loop
      vertex 18.6821 -10.784 50.401
      vertex 18.2112 -10.3715 51
      vertex 18.5143 -10.8898 50.401
    endloop
  endfacet
  facet normal -0.597759 -0.376604 0.70771
    outer loop
      vertex -19.0715 -9.51123 51
      vertex -19.484 -9.98213 50.401
      vertex -18.9869 -9.64551 51
    endloop
  endfacet
  facet normal 0.162123 -0.687685 0.707676
    outer loop
      vertex 17.6274 -10.6162 51
      vertex 17.473 -10.6526 51
      vertex 17.5914 -11.2411 50.401
    endloop
  endfacet
  facet normal 0.587752 -0.809041 0
    outer loop
      vertex 18.6821 -10.784 0.599999
      vertex 18.8426 -10.6674 50.401
      vertex 18.6821 -10.784 50.401
    endloop
  endfacet
  facet normal 0.587752 -0.809041 0
    outer loop
      vertex 18.8426 -10.6674 50.401
      vertex 18.6821 -10.784 0.599999
      vertex 18.8426 -10.6674 0.599999
    endloop
  endfacet
  facet normal 0.598146 0.377048 -0.707147
    outer loop
      vertex 19.5898 -1.68571 0.599999
      vertex 19.0715 -1.98877 0
      vertex 19.484 -1.51787 0.599999
    endloop
  endfacet
  facet normal 0.845953 0.533257 0
    outer loop
      vertex 19.5898 -1.68571 50.401
      vertex 19.484 -1.51787 0.599999
      vertex 19.484 -1.51787 50.401
    endloop
  endfacet
  facet normal 0.845953 0.533257 0
    outer loop
      vertex 19.484 -1.51787 0.599999
      vertex 19.5898 -1.68571 50.401
      vertex 19.5898 -1.68571 0.599999
    endloop
  endfacet
  facet normal 0.479028 0.520151 -0.707089
    outer loop
      vertex 19.1037 -1.06123 0.599999
      vertex 18.6828 -1.48924 0
      vertex 18.9578 -0.926865 0.599999
    endloop
  endfacet
  facet normal 0.677431 0.735587 -0
    outer loop
      vertex 19.1037 -1.06123 0.599999
      vertex 18.9578 -0.926865 50.401
      vertex 19.1037 -1.06123 50.401
    endloop
  endfacet
  facet normal 0.677431 0.735587 0
    outer loop
      vertex 18.9578 -0.926865 50.401
      vertex 19.1037 -1.06123 0.599999
      vertex 18.9578 -0.926865 0.599999
    endloop
  endfacet
  facet normal 0.809024 0.587776 0
    outer loop
      vertex 19.484 -1.51787 50.401
      vertex 19.3674 -1.35738 0.599999
      vertex 19.3674 -1.35738 50.401
    endloop
  endfacet
  facet normal 0.809024 0.587776 0
    outer loop
      vertex 19.3674 -1.35738 0.599999
      vertex 19.484 -1.51787 50.401
      vertex 19.484 -1.51787 0.599999
    endloop
  endfacet
  facet normal 0.415097 -0.571704 0.707706
    outer loop
      vertex 18.474 -10.1936 51
      vertex 18.3455 -10.2869 51
      vertex 18.6821 -10.784 50.401
    endloop
  endfacet
  facet normal 0.229461 -0.973318 0
    outer loop
      vertex 17.5914 -11.2411 0.599999
      vertex 17.7844 -11.1956 50.401
      vertex 17.5914 -11.2411 50.401
    endloop
  endfacet
  facet normal 0.229461 -0.973318 0
    outer loop
      vertex 17.7844 -11.1956 50.401
      vertex 17.5914 -11.2411 0.599999
      vertex 17.7844 -11.1956 0.599999
    endloop
  endfacet
  facet normal 0.251125 -0.660404 0.707674
    outer loop
      vertex 18.1595 -11.0669 50.401
      vertex 17.7793 -10.5696 51
      vertex 17.9741 -11.1374 50.401
    endloop
  endfacet
  facet normal 0.0698078 -0.703065 0.707691
    outer loop
      vertex 17.3957 -11.2738 50.401
      vertex 17.1586 -10.6944 51
      vertex 17.1983 -11.2934 50.401
    endloop
  endfacet
  facet normal 0.639639 -0.768676 0
    outer loop
      vertex 18.8426 -10.6674 0.599999
      vertex 18.9951 -10.5405 50.401
      vertex 18.8426 -10.6674 50.401
    endloop
  endfacet
  facet normal 0.639639 -0.768676 0
    outer loop
      vertex 18.9951 -10.5405 50.401
      vertex 18.8426 -10.6674 0.599999
      vertex 18.9951 -10.5405 0.599999
    endloop
  endfacet
  facet normal -0.376918 0.598276 -0.707106
    outer loop
      vertex -18.3455 -1.21307 0
      vertex -18.6821 -0.715988 0.599999
      vertex -18.2112 -1.12846 0
    endloop
  endfacet
  facet normal -0.415567 0.572106 -0.707106
    outer loop
      vertex -18.474 -1.30641 0
      vertex -18.6821 -0.715988 0.599999
      vertex -18.3455 -1.21307 0
    endloop
  endfacet
  facet normal -0.988959 0.148193 0
    outer loop
      vertex -19.9799 -2.85356 0.599999
      vertex -19.9505 -2.65736 50.401
      vertex -19.9505 -2.65736 0.599999
    endloop
  endfacet
  facet normal -0.988959 0.148193 0
    outer loop
      vertex -19.9505 -2.65736 50.401
      vertex -19.9799 -2.85356 0.599999
      vertex -19.9799 -2.85356 50.401
    endloop
  endfacet
  facet normal -0.578931 0.406036 -0.707088
    outer loop
      vertex -19.0089 -1.88742 0
      vertex -19.5115 -1.55917 0.599999
      vertex -19.3976 -1.39677 0.599999
    endloop
  endfacet
  facet normal -0.818711 0.574206 0
    outer loop
      vertex -19.5115 -1.55917 0.599999
      vertex -19.3976 -1.39677 50.401
      vertex -19.3976 -1.39677 0.599999
    endloop
  endfacet
  facet normal -0.818711 0.574206 0
    outer loop
      vertex -19.3976 -1.39677 50.401
      vertex -19.5115 -1.55917 0.599999
      vertex -19.5115 -1.55917 50.401
    endloop
  endfacet
  facet normal -0.735866 0.677128 0
    outer loop
      vertex -19.2731 -1.24225 0.599999
      vertex -19.1388 -1.0963 50.401
      vertex -19.1388 -1.0963 0.599999
    endloop
  endfacet
  facet normal -0.735866 0.677128 0
    outer loop
      vertex -19.1388 -1.0963 50.401
      vertex -19.2731 -1.24225 0.599999
      vertex -19.2731 -1.24225 50.401
    endloop
  endfacet
  facet normal -0.724282 -0.689504 0
    outer loop
      vertex -19.1037 -10.4388 0.599999
      vertex -19.2405 -10.2951 50.401
      vertex -19.2405 -10.2951 0.599999
    endloop
  endfacet
  facet normal -0.724282 -0.689504 0
    outer loop
      vertex -19.2405 -10.2951 50.401
      vertex -19.1037 -10.4388 0.599999
      vertex -19.1037 -10.4388 50.401
    endloop
  endfacet
  facet normal -0.512162 -0.48757 -0.707083
    outer loop
      vertex -19.1037 -10.4388 0.599999
      vertex -19.2405 -10.2951 0.599999
      vertex -18.6828 -10.0108 0
    endloop
  endfacet
  facet normal -0.660402 -0.251124 0.707676
    outer loop
      vertex -19.2696 -9.07928 51
      vertex -19.8374 -9.27409 50.401
      vertex -19.7669 -9.45949 50.401
    endloop
  endfacet
  facet normal -0.675446 -0.207282 0.707677
    outer loop
      vertex -19.3162 -8.92743 51
      vertex -19.8374 -9.27409 50.401
      vertex -19.2696 -9.07928 51
    endloop
  endfacet
  facet normal -0.675451 -0.207272 0.707676
    outer loop
      vertex -19.3162 -8.92743 51
      vertex -19.8956 -9.08443 50.401
      vertex -19.8374 -9.27409 50.401
    endloop
  endfacet
  facet normal -0.986323 -0.164824 0
    outer loop
      vertex -19.9411 -8.89134 0.599999
      vertex -19.9738 -8.69566 50.401
      vertex -19.9738 -8.69566 0.599999
    endloop
  endfacet
  facet normal -0.986323 -0.164824 0
    outer loop
      vertex -19.9738 -8.69566 50.401
      vertex -19.9411 -8.89134 0.599999
      vertex -19.9411 -8.89134 50.401
    endloop
  endfacet
  facet normal 0 0 -1
    outer loop
      vertex 16.9903 -10.7 0
      vertex 19.4 -8.29309 0
      vertex 19.3969 -8.4165 0
    endloop
  endfacet
  facet normal 0 0 -1
    outer loop
      vertex 19.4 -8.29309 0
      vertex 17.5 -4.2 0
      vertex 19.4 -3.20972 0
    endloop
  endfacet
  facet normal 0 0 -1
    outer loop
      vertex 16.9903 -10.7 0
      vertex 19.3969 -8.4165 0
      vertex 19.3836 -8.57698 0
    endloop
  endfacet
  facet normal -0 0 -1
    outer loop
      vertex 19.4 -3.20972 0
      vertex 17.5 -4.2 0
      vertex 19.3944 -3.04141 0
    endloop
  endfacet
  facet normal 0 0 -1
    outer loop
      vertex 16.9903 -10.7 0
      vertex 19.3836 -8.57698 0
      vertex 19.3601 -8.73401 0
    endloop
  endfacet
  facet normal -0 0 -1
    outer loop
      vertex 19.3944 -3.04141 0
      vertex 17.5 -4.2 0
      vertex 19.3787 -2.88356 0
    endloop
  endfacet
  facet normal 0 0 -1
    outer loop
      vertex 16.9903 -10.7 0
      vertex 19.3601 -8.73401 0
      vertex 19.3262 -8.88913 0
    endloop
  endfacet
  facet normal -0 0 -1
    outer loop
      vertex 19.3787 -2.88356 0
      vertex 17.5 -4.2 0
      vertex 19.3526 -2.72704 0
    endloop
  endfacet
  facet normal 0 0 -1
    outer loop
      vertex 16.9903 -10.7 0
      vertex 19.3262 -8.88913 0
      vertex 19.2822 -9.04147 0
    endloop
  endfacet
  facet normal -0 0 -1
    outer loop
      vertex 19.3526 -2.72704 0
      vertex 17.5 -4.2 0
      vertex 19.3162 -2.57257 0
    endloop
  endfacet
  facet normal 0 0 -1
    outer loop
      vertex 16.9903 -10.7 0
      vertex 19.2822 -9.04147 0
      vertex 19.2282 -9.19083 0
    endloop
  endfacet
  facet normal -0 0 -1
    outer loop
      vertex 19.3162 -2.57257 0
      vertex 17.5 -4.2 0
      vertex 19.2696 -2.42072 0
    endloop
  endfacet
  facet normal 0 0 -1
    outer loop
      vertex 16.9903 -10.7 0
      vertex 19.2282 -9.19083 0
      vertex 19.1645 -9.33598 0
    endloop
  endfacet
  facet normal -0 0 -1
    outer loop
      vertex 19.2696 -2.42072 0
      vertex 17.5 -4.2 0
      vertex 19.2132 -2.27257 0
    endloop
  endfacet
  facet normal 0 0 -1
    outer loop
      vertex 16.9903 -10.7 0
      vertex 19.1645 -9.33598 0
      vertex 19.0913 -9.47681 0
    endloop
  endfacet
  facet normal -0 0 -1
    outer loop
      vertex 19.2132 -2.27257 0
      vertex 17.5 -4.2 0
      vertex 19.1471 -2.12833 0
    endloop
  endfacet
  facet normal 0 0 -1
    outer loop
      vertex 16.9903 -10.7 0
      vertex 19.0913 -9.47681 0
      vertex 19.0089 -9.61258 0
    endloop
  endfacet
  facet normal -0 0 -1
    outer loop
      vertex 19.1471 -2.12833 0
      vertex 17.5 -4.2 0
      vertex 19.0715 -1.98877 0
    endloop
  endfacet
  facet normal 0 0 -1
    outer loop
      vertex 16.9903 -10.7 0
      vertex 19.0089 -9.61258 0
      vertex 18.9179 -9.74222 0
    endloop
  endfacet
  facet normal -0 0 -1
    outer loop
      vertex 19.0715 -1.98877 0
      vertex 17.5 -4.2 0
      vertex 18.9869 -1.85449 0
    endloop
  endfacet
  facet normal 0 0 -1
    outer loop
      vertex 16.9903 -10.7 0
      vertex 18.9179 -9.74222 0
      vertex 18.8182 -9.86606 0
    endloop
  endfacet
  facet normal -0 0 -1
    outer loop
      vertex 18.9869 -1.85449 0
      vertex 17.5 -4.2 0
      vertex 18.8936 -1.72601 0
    endloop
  endfacet
  facet normal 0 0 -1
    outer loop
      vertex 16.9903 -10.7 0
      vertex 18.8182 -9.86606 0
      vertex 18.7108 -9.98276 0
    endloop
  endfacet
  facet normal -0 0 -1
    outer loop
      vertex 18.8936 -1.72601 0
      vertex 17.5 -4.2 0
      vertex 18.7921 -1.6042 0
    endloop
  endfacet
  facet normal 0 0 -1
    outer loop
      vertex 16.9903 -10.7 0
      vertex 18.7108 -9.98276 0
      vertex 18.5958 -10.0921 0
    endloop
  endfacet
  facet normal -0 0 -1
    outer loop
      vertex 18.7921 -1.6042 0
      vertex 17.5 -4.2 0
      vertex 18.6828 -1.48924 0
    endloop
  endfacet
  facet normal 0 0 -1
    outer loop
      vertex 16.9903 -10.7 0
      vertex 18.5958 -10.0921 0
      vertex 18.474 -10.1936 0
    endloop
  endfacet
  facet normal -0 0 -1
    outer loop
      vertex 18.6828 -1.48924 0
      vertex 17.5 -4.2 0
      vertex 18.5661 -1.38182 0
    endloop
  endfacet
  facet normal 0 0 -1
    outer loop
      vertex 16.9903 -10.7 0
      vertex 18.474 -10.1936 0
      vertex 18.3455 -10.2869 0
    endloop
  endfacet
  facet normal -0 0 -1
    outer loop
      vertex 18.5661 -1.38182 0
      vertex 17.5 -4.2 0
      vertex 18.4422 -1.2821 0
    endloop
  endfacet
  facet normal 0 0 -1
    outer loop
      vertex 16.9903 -10.7 0
      vertex 18.3455 -10.2869 0
      vertex 18.2112 -10.3715 0
    endloop
  endfacet
  facet normal -0 0 -1
    outer loop
      vertex 18.4422 -1.2821 0
      vertex 17.5 -4.2 0
      vertex 18.3126 -1.19115 0
    endloop
  endfacet
  facet normal 0 0 -1
    outer loop
      vertex 16.9903 -10.7 0
      vertex 18.2112 -10.3715 0
      vertex 18.0717 -10.4471 0
    endloop
  endfacet
  facet normal -0 0 -1
    outer loop
      vertex 18.3126 -1.19115 0
      vertex 17.5 -4.2 0
      vertex 18.1768 -1.10872 0
    endloop
  endfacet
  facet normal 0 0 -1
    outer loop
      vertex 16.9903 -10.7 0
      vertex 18.0717 -10.4471 0
      vertex 17.9274 -10.5132 0
    endloop
  endfacet
  facet normal -0 0 -1
    outer loop
      vertex 18.1768 -1.10872 0
      vertex 17.5 -4.2 0
      vertex 18.036 -1.03549 0
    endloop
  endfacet
  facet normal 0 0 -1
    outer loop
      vertex 16.9903 -10.7 0
      vertex 17.9274 -10.5132 0
      vertex 17.7793 -10.5696 0
    endloop
  endfacet
  facet normal -0 0 -1
    outer loop
      vertex 18.036 -1.03549 0
      vertex 17.5 -4.2 0
      vertex 17.8908 -0.971832 0
    endloop
  endfacet
  facet normal 0 0 -1
    outer loop
      vertex 16.9903 -10.7 0
      vertex 17.7793 -10.5696 0
      vertex 17.6274 -10.6162 0
    endloop
  endfacet
  facet normal -0 0 -1
    outer loop
      vertex 17.8908 -0.971832 0
      vertex 17.5 -4.2 0
      vertex 17.7415 -0.91777 0
    endloop
  endfacet
  facet normal -0 0 -1
    outer loop
      vertex 17.7415 -0.91777 0
      vertex 17.5 -4.2 0
      vertex 17.5891 -0.873779 0
    endloop
  endfacet
  facet normal 0 0 -1
    outer loop
      vertex 16.9903 -10.7 0
      vertex 17.6274 -10.6162 0
      vertex 17.473 -10.6526 0
    endloop
  endfacet
  facet normal 0 0 -1
    outer loop
      vertex 16.9903 -10.7 0
      vertex 17.473 -10.6526 0
      vertex 17.3165 -10.6787 0
    endloop
  endfacet
  facet normal 0 0 -1
    outer loop
      vertex 16.9903 -10.7 0
      vertex 17.3165 -10.6787 0
      vertex 17.1586 -10.6944 0
    endloop
  endfacet
  facet normal -0 0 -1
    outer loop
      vertex 19.4 -8.29309 0
      vertex 16.9903 -10.7 0
      vertex 17.5 -4.2 0
    endloop
  endfacet
  facet normal 0 0 -1
    outer loop
      vertex -16.9931 -10.7 0
      vertex 17.5 -4.2 0
      vertex 16.9903 -10.7 0
    endloop
  endfacet
  facet normal 0 0 -1
    outer loop
      vertex -19.4 -8.29028 0
      vertex -16.9931 -10.7 0
      vertex -17.1165 -10.6969 0
    endloop
  endfacet
  facet normal 0 0 -1
    outer loop
      vertex -19.4 -8.29028 0
      vertex -17.1165 -10.6969 0
      vertex -17.277 -10.6836 0
    endloop
  endfacet
  facet normal 0 0 -1
    outer loop
      vertex -19.4 -8.29028 0
      vertex -17.277 -10.6836 0
      vertex -17.434 -10.6601 0
    endloop
  endfacet
  facet normal 0 0 -1
    outer loop
      vertex -16.9931 -10.7 0
      vertex -17.5 -4.2 0
      vertex 17.5 -4.2 0
    endloop
  endfacet
  facet normal 0 0 -1
    outer loop
      vertex -19.4 -8.29028 0
      vertex -17.434 -10.6601 0
      vertex -17.5891 -10.6262 0
    endloop
  endfacet
  facet normal 0 0 -1
    outer loop
      vertex 17.5 -4.2 0
      vertex 17.434 -0.83992 0
      vertex 17.5891 -0.873779 0
    endloop
  endfacet
  facet normal 0 0 -1
    outer loop
      vertex 17.5 -4.2 0
      vertex 17.277 -0.816376 0
      vertex 17.434 -0.83992 0
    endloop
  endfacet
  facet normal 0 0 -1
    outer loop
      vertex 17.5 -4.2 0
      vertex 17.1165 -0.803085 0
      vertex 17.277 -0.816376 0
    endloop
  endfacet
  facet normal 0 0 -1
    outer loop
      vertex 17.5 -4.2 0
      vertex 16.9931 -0.800018 0
      vertex 17.1165 -0.803085 0
    endloop
  endfacet
  facet normal -0 -0 -1
    outer loop
      vertex 16.9931 -0.800018 0
      vertex 17.5 -4.2 0
      vertex 14.1 -0.800018 0
    endloop
  endfacet
  facet normal 0 0 -1
    outer loop
      vertex -17.5 -4.2 0
      vertex -16.9903 -0.800018 0
      vertex -14.1 -0.800018 0
    endloop
  endfacet
  facet normal 0 0 -1
    outer loop
      vertex -16.9903 -0.800018 0
      vertex -17.5 -4.2 0
      vertex -17.1586 -0.805588 0
    endloop
  endfacet
  facet normal 0 0 -1
    outer loop
      vertex -17.1586 -0.805588 0
      vertex -17.5 -4.2 0
      vertex -17.3165 -0.821304 0
    endloop
  endfacet
  facet normal 0 0 -1
    outer loop
      vertex -17.3165 -0.821304 0
      vertex -17.5 -4.2 0
      vertex -17.473 -0.847412 0
    endloop
  endfacet
  facet normal 0 0 -1
    outer loop
      vertex -16.9931 -10.7 0
      vertex -19.4 -8.29028 0
      vertex -17.5 -4.2 0
    endloop
  endfacet
  facet normal 0 0 -1
    outer loop
      vertex -19.4 -3.20691 0
      vertex -17.5 -4.2 0
      vertex -19.4 -8.29028 0
    endloop
  endfacet
  facet normal 0 0 -1
    outer loop
      vertex -19.4 -8.29028 0
      vertex -17.5891 -10.6262 0
      vertex -17.7415 -10.5822 0
    endloop
  endfacet
  facet normal 0 -0 -1
    outer loop
      vertex -19.3969 -3.0835 0
      vertex -17.5 -4.2 0
      vertex -19.4 -3.20691 0
    endloop
  endfacet
  facet normal 0 0 -1
    outer loop
      vertex -19.4 -8.29028 0
      vertex -17.7415 -10.5822 0
      vertex -17.8908 -10.5282 0
    endloop
  endfacet
  facet normal 0 0 -1
    outer loop
      vertex -17.5 -4.2 0
      vertex -17.6274 -0.88382 0
      vertex -17.473 -0.847412 0
    endloop
  endfacet
  facet normal 0 0 -1
    outer loop
      vertex -19.4 -8.29028 0
      vertex -17.8908 -10.5282 0
      vertex -18.036 -10.4645 0
    endloop
  endfacet
  facet normal 0 0 -1
    outer loop
      vertex -17.5 -4.2 0
      vertex -17.7793 -0.930405 0
      vertex -17.6274 -0.88382 0
    endloop
  endfacet
  facet normal 0 0 -1
    outer loop
      vertex -19.4 -8.29028 0
      vertex -18.036 -10.4645 0
      vertex -18.1768 -10.3913 0
    endloop
  endfacet
  facet normal 0 0 -1
    outer loop
      vertex -17.5 -4.2 0
      vertex -17.9274 -0.986801 0
      vertex -17.7793 -0.930405 0
    endloop
  endfacet
  facet normal 0 0 -1
    outer loop
      vertex -19.4 -8.29028 0
      vertex -18.1768 -10.3913 0
      vertex -18.3126 -10.3089 0
    endloop
  endfacet
  facet normal 0 0 -1
    outer loop
      vertex -17.5 -4.2 0
      vertex -18.0717 -1.05293 0
      vertex -17.9274 -0.986801 0
    endloop
  endfacet
  facet normal 0 0 -1
    outer loop
      vertex -19.4 -8.29028 0
      vertex -18.3126 -10.3089 0
      vertex -18.4422 -10.2179 0
    endloop
  endfacet
  facet normal 0 0 -1
    outer loop
      vertex -17.5 -4.2 0
      vertex -18.2112 -1.12846 0
      vertex -18.0717 -1.05293 0
    endloop
  endfacet
  facet normal 0 0 -1
    outer loop
      vertex -19.4 -8.29028 0
      vertex -18.4422 -10.2179 0
      vertex -18.5661 -10.1182 0
    endloop
  endfacet
  facet normal 0 0 -1
    outer loop
      vertex -17.5 -4.2 0
      vertex -18.3455 -1.21307 0
      vertex -18.2112 -1.12846 0
    endloop
  endfacet
  facet normal 0 0 -1
    outer loop
      vertex -19.4 -8.29028 0
      vertex -18.5661 -10.1182 0
      vertex -18.6828 -10.0108 0
    endloop
  endfacet
  facet normal 0 0 -1
    outer loop
      vertex -17.5 -4.2 0
      vertex -18.474 -1.30641 0
      vertex -18.3455 -1.21307 0
    endloop
  endfacet
  facet normal 0 0 -1
    outer loop
      vertex -19.4 -8.29028 0
      vertex -18.6828 -10.0108 0
      vertex -18.7921 -9.8958 0
    endloop
  endfacet
  facet normal 0 0 -1
    outer loop
      vertex -17.5 -4.2 0
      vertex -18.5958 -1.40787 0
      vertex -18.474 -1.30641 0
    endloop
  endfacet
  facet normal 0 0 -1
    outer loop
      vertex -19.4 -8.29028 0
      vertex -18.7921 -9.8958 0
      vertex -18.8936 -9.77399 0
    endloop
  endfacet
  facet normal 0 0 -1
    outer loop
      vertex -17.5 -4.2 0
      vertex -18.7108 -1.51724 0
      vertex -18.5958 -1.40787 0
    endloop
  endfacet
  facet normal 0 0 -1
    outer loop
      vertex -19.4 -8.29028 0
      vertex -18.8936 -9.77399 0
      vertex -18.9869 -9.64551 0
    endloop
  endfacet
  facet normal 0 0 -1
    outer loop
      vertex -17.5 -4.2 0
      vertex -18.8182 -1.63394 0
      vertex -18.7108 -1.51724 0
    endloop
  endfacet
  facet normal 0 0 -1
    outer loop
      vertex -19.4 -8.29028 0
      vertex -18.9869 -9.64551 0
      vertex -19.0715 -9.51123 0
    endloop
  endfacet
  facet normal 0 0 -1
    outer loop
      vertex -17.5 -4.2 0
      vertex -18.9179 -1.75778 0
      vertex -18.8182 -1.63394 0
    endloop
  endfacet
  facet normal 0 0 -1
    outer loop
      vertex -19.4 -8.29028 0
      vertex -19.0715 -9.51123 0
      vertex -19.1471 -9.37167 0
    endloop
  endfacet
  facet normal 0 0 -1
    outer loop
      vertex -17.5 -4.2 0
      vertex -19.0089 -1.88742 0
      vertex -18.9179 -1.75778 0
    endloop
  endfacet
  facet normal 0 0 -1
    outer loop
      vertex -19.4 -8.29028 0
      vertex -19.1471 -9.37167 0
      vertex -19.2132 -9.22743 0
    endloop
  endfacet
  facet normal 0 0 -1
    outer loop
      vertex -17.5 -4.2 0
      vertex -19.0913 -2.02319 0
      vertex -19.0089 -1.88742 0
    endloop
  endfacet
  facet normal 0 0 -1
    outer loop
      vertex -19.4 -8.29028 0
      vertex -19.2132 -9.22743 0
      vertex -19.2696 -9.07928 0
    endloop
  endfacet
  facet normal 0 0 -1
    outer loop
      vertex -17.5 -4.2 0
      vertex -19.1645 -2.16402 0
      vertex -19.0913 -2.02319 0
    endloop
  endfacet
  facet normal 0 0 -1
    outer loop
      vertex -19.4 -8.29028 0
      vertex -19.2696 -9.07928 0
      vertex -19.3162 -8.92743 0
    endloop
  endfacet
  facet normal 0 0 -1
    outer loop
      vertex -17.5 -4.2 0
      vertex -19.2282 -2.30917 0
      vertex -19.1645 -2.16402 0
    endloop
  endfacet
  facet normal 0 0 -1
    outer loop
      vertex -19.4 -8.29028 0
      vertex -19.3162 -8.92743 0
      vertex -19.3526 -8.77296 0
    endloop
  endfacet
  facet normal 0 0 -1
    outer loop
      vertex -17.5 -4.2 0
      vertex -19.2822 -2.45853 0
      vertex -19.2282 -2.30917 0
    endloop
  endfacet
  facet normal 0 0 -1
    outer loop
      vertex -19.4 -8.29028 0
      vertex -19.3526 -8.77296 0
      vertex -19.3787 -8.61644 0
    endloop
  endfacet
  facet normal 0 0 -1
    outer loop
      vertex -17.5 -4.2 0
      vertex -19.3262 -2.61087 0
      vertex -19.2822 -2.45853 0
    endloop
  endfacet
  facet normal 0 0 -1
    outer loop
      vertex -19.4 -8.29028 0
      vertex -19.3787 -8.61644 0
      vertex -19.3944 -8.45859 0
    endloop
  endfacet
  facet normal 0 0 -1
    outer loop
      vertex -17.5 -4.2 0
      vertex -19.3601 -2.76599 0
      vertex -19.3262 -2.61087 0
    endloop
  endfacet
  facet normal 0 0 -1
    outer loop
      vertex -17.5 -4.2 0
      vertex -19.3836 -2.92302 0
      vertex -19.3601 -2.76599 0
    endloop
  endfacet
  facet normal 0 0 -1
    outer loop
      vertex -17.5 -4.2 0
      vertex -19.3969 -3.0835 0
      vertex -19.3836 -2.92302 0
    endloop
  endfacet
  facet normal -0.642745 -0.294765 -0.707101
    outer loop
      vertex -19.6842 -9.63982 0.599999
      vertex -19.7669 -9.45949 0.599999
      vertex -19.1471 -9.37167 0
    endloop
  endfacet
  facet normal 0.915759 -0.401728 0
    outer loop
      vertex 19.706 -9.59525 50.401
      vertex 19.7857 -9.41357 0.599999
      vertex 19.7857 -9.41357 50.401
    endloop
  endfacet
  facet normal 0.915759 -0.401728 0
    outer loop
      vertex 19.7857 -9.41357 0.599999
      vertex 19.706 -9.59525 50.401
      vertex 19.706 -9.59525 0.599999
    endloop
  endfacet
  facet normal 0.940325 -0.340277 0
    outer loop
      vertex 19.7857 -9.41357 50.401
      vertex 19.8532 -9.22704 0.599999
      vertex 19.8532 -9.22704 50.401
    endloop
  endfacet
  facet normal 0.940325 -0.340277 0
    outer loop
      vertex 19.8532 -9.22704 0.599999
      vertex 19.7857 -9.41357 50.401
      vertex 19.7857 -9.41357 0.599999
    endloop
  endfacet
  facet normal 0.603861 -0.366796 0.707681
    outer loop
      vertex 19.6145 -9.77126 50.401
      vertex 19.0089 -9.61258 51
      vertex 19.5115 -9.94083 50.401
    endloop
  endfacet
  facet normal 0.550259 -0.443126 0.707711
    outer loop
      vertex 19.3976 -10.1032 50.401
      vertex 18.9179 -9.74222 51
      vertex 19.2731 -10.2578 50.401
    endloop
  endfacet
  facet normal 0.77885 -0.627211 0
    outer loop
      vertex 19.2731 -10.2578 50.401
      vertex 19.3976 -10.1032 0.599999
      vertex 19.3976 -10.1032 50.401
    endloop
  endfacet
  facet normal 0.77885 -0.627211 0
    outer loop
      vertex 19.3976 -10.1032 0.599999
      vertex 19.2731 -10.2578 50.401
      vertex 19.2731 -10.2578 0.599999
    endloop
  endfacet
  facet normal 0.976999 -0.213246 0
    outer loop
      vertex 19.9082 -9.03644 50.401
      vertex 19.9505 -8.84264 0.599999
      vertex 19.9505 -8.84264 50.401
    endloop
  endfacet
  facet normal 0.976999 -0.213246 0
    outer loop
      vertex 19.9505 -8.84264 0.599999
      vertex 19.9082 -9.03644 50.401
      vertex 19.9082 -9.03644 0.599999
    endloop
  endfacet
  facet normal 0.293307 -0.956018 0
    outer loop
      vertex 17.7844 -11.1956 0.599999
      vertex 17.9741 -11.1374 50.401
      vertex 17.7844 -11.1956 50.401
    endloop
  endfacet
  facet normal 0.293307 -0.956018 0
    outer loop
      vertex 17.9741 -11.1374 50.401
      vertex 17.7844 -11.1956 0.599999
      vertex 17.9741 -11.1374 0.599999
    endloop
  endfacet
  facet normal -0.533142 0.846026 0
    outer loop
      vertex -18.5143 -0.610245 0.599999
      vertex -18.6821 -0.715988 50.401
      vertex -18.5143 -0.610245 50.401
    endloop
  endfacet
  facet normal -0.533142 0.846026 0
    outer loop
      vertex -18.6821 -0.715988 50.401
      vertex -18.5143 -0.610245 0.599999
      vertex -18.6821 -0.715988 0.599999
    endloop
  endfacet
  facet normal -0.598146 -0.377048 -0.707147
    outer loop
      vertex -19.484 -9.98213 0.599999
      vertex -19.5898 -9.81429 0.599999
      vertex -19.0715 -9.51123 0
    endloop
  endfacet
  facet normal -0.621913 -0.336497 -0.707103
    outer loop
      vertex -19.5898 -9.81429 0.599999
      vertex -19.6842 -9.63982 0.599999
      vertex -19.1471 -9.37167 0
    endloop
  endfacet
  facet normal -0.621702 -0.336778 -0.707154
    outer loop
      vertex -19.0715 -9.51123 0
      vertex -19.5898 -9.81429 0.599999
      vertex -19.1471 -9.37167 0
    endloop
  endfacet
  facet normal -0.768676 -0.639639 0
    outer loop
      vertex -19.2405 -10.2951 0.599999
      vertex -19.3674 -10.1426 50.401
      vertex -19.3674 -10.1426 0.599999
    endloop
  endfacet
  facet normal -0.768676 -0.639639 0
    outer loop
      vertex -19.3674 -10.1426 50.401
      vertex -19.2405 -10.2951 0.599999
      vertex -19.2405 -10.2951 50.401
    endloop
  endfacet
  facet normal -0.598258 -0.376918 -0.707121
    outer loop
      vertex -18.9869 -9.64551 0
      vertex -19.484 -9.98213 0.599999
      vertex -19.0715 -9.51123 0
    endloop
  endfacet
  facet normal -0.542736 -0.452243 0.707752
    outer loop
      vertex -18.8936 -9.77399 51
      vertex -19.2405 -10.2951 50.401
      vertex -18.7921 -9.8958 51
    endloop
  endfacet
  facet normal -0.879513 -0.475875 0
    outer loop
      vertex -19.5898 -9.81429 0.599999
      vertex -19.6842 -9.63982 50.401
      vertex -19.6842 -9.63982 0.599999
    endloop
  endfacet
  facet normal -0.879513 -0.475875 0
    outer loop
      vertex -19.6842 -9.63982 50.401
      vertex -19.5898 -9.81429 0.599999
      vertex -19.5898 -9.81429 50.401
    endloop
  endfacet
endsolid OpenSCAD_Model
