solid OpenSCAD_Model
  facet normal 0.707106 -0.707108 0
    outer loop
      vertex -17.5 -4.2 76.65
      vertex -13.5 -0.200012 0.599999
      vertex -13.5 -0.200012 80.65
    endloop
  endfacet
  facet normal 0.707106 -0.707108 0
    outer loop
      vertex -17.5 -4.2 0
      vertex -13.5 -0.200012 0.599999
      vertex -17.5 -4.2 76.65
    endloop
  endfacet
  facet normal 0.707105 -0.707109 1.08146e-05
    outer loop
      vertex -13.5 -0.200012 0.599999
      vertex -17.5 -4.2 0
      vertex -14.1 -0.800018 0
    endloop
  endfacet
  facet normal 0 1 0
    outer loop
      vertex 17.5 -4.2 76.65
      vertex -0.0482982 -4.2 51.207
      vertex -17.5 -4.2 76.65
    endloop
  endfacet
  facet normal 0 1 0
    outer loop
      vertex 17.5 -4.2 76.65
      vertex -0.0475824 -4.2 51.207
      vertex -0.0482982 -4.2 51.207
    endloop
  endfacet
  facet normal 0 1 0
    outer loop
      vertex 17.5 -4.2 76.65
      vertex 0.144549 -4.2 51.1988
      vertex -0.0475824 -4.2 51.207
    endloop
  endfacet
  facet normal 0 1 0
    outer loop
      vertex 17.5 -4.2 76.65
      vertex 0.14525 -4.2 51.1987
      vertex 0.144549 -4.2 51.1988
    endloop
  endfacet
  facet normal 0 1 0
    outer loop
      vertex 17.5 -4.2 76.65
      vertex 0.33324 -4.2 51.1581
      vertex 0.14525 -4.2 51.1987
    endloop
  endfacet
  facet normal 0 1 0
    outer loop
      vertex 17.5 -4.2 76.65
      vertex 0.333904 -4.2 51.1579
      vertex 0.33324 -4.2 51.1581
    endloop
  endfacet
  facet normal 0 1 0
    outer loop
      vertex 17.5 -4.2 76.65
      vertex 0.512342 -4.2 51.0862
      vertex 0.333904 -4.2 51.1579
    endloop
  endfacet
  facet normal 0 1 0
    outer loop
      vertex 17.5 -4.2 76.65
      vertex 0.676096 -4.2 50.9853
      vertex 0.512342 -4.2 51.0862
    endloop
  endfacet
  facet normal 0 1 0
    outer loop
      vertex 17.5 -4.2 76.65
      vertex 0.676706 -4.2 50.985
      vertex 0.676096 -4.2 50.9853
    endloop
  endfacet
  facet normal 0 1 0
    outer loop
      vertex 17.5 -4.2 76.65
      vertex 0.677244 -4.2 50.9845
      vertex 0.676706 -4.2 50.985
    endloop
  endfacet
  facet normal 0 1 0
    outer loop
      vertex 17.5 -4.2 76.65
      vertex 0.821604 -4.2 50.8574
      vertex 0.677244 -4.2 50.9845
    endloop
  endfacet
  facet normal 0 1 0
    outer loop
      vertex 17.5 -4.2 76.65
      vertex 0.942414 -4.2 50.7078
      vertex 0.821604 -4.2 50.8574
    endloop
  endfacet
  facet normal 0 1 0
    outer loop
      vertex 17.5 -4.2 76.65
      vertex 0.942864 -4.2 50.7073
      vertex 0.942414 -4.2 50.7078
    endloop
  endfacet
  facet normal 0 1 0
    outer loop
      vertex 17.5 -4.2 76.65
      vertex 0.943214 -4.2 50.7066
      vertex 0.942864 -4.2 50.7073
    endloop
  endfacet
  facet normal 0 1 0
    outer loop
      vertex 17.5 -4.2 76.65
      vertex 1.037 -4.2 50.5388
      vertex 0.943214 -4.2 50.7066
    endloop
  endfacet
  facet normal 0 1 0
    outer loop
      vertex 17.5 -4.2 76.65
      vertex 1.03724 -4.2 50.5381
      vertex 1.037 -4.2 50.5388
    endloop
  endfacet
  facet normal 0 1 0
    outer loop
      vertex 17.5 -4.2 76.65
      vertex 1.1013 -4.2 50.3568
      vertex 1.03724 -4.2 50.5381
    endloop
  endfacet
  facet normal 0 1 0
    outer loop
      vertex 17.5 -4.2 76.65
      vertex 1.1338 -4.2 50.1672
      vertex 1.1013 -4.2 50.3568
    endloop
  endfacet
  facet normal 0 1 0
    outer loop
      vertex 17.5 -4.2 76.65
      vertex 1.13392 -4.2 50.1665
      vertex 1.1338 -4.2 50.1672
    endloop
  endfacet
  facet normal 0 1 0
    outer loop
      vertex 17.5 -4.2 76.65
      vertex 1.13392 -4.2 49.9735
      vertex 1.13392 -4.2 50.1665
    endloop
  endfacet
  facet normal 0 1 0
    outer loop
      vertex 17.5 -4.2 76.65
      vertex 1.1338 -4.2 49.9728
      vertex 1.13392 -4.2 49.9735
    endloop
  endfacet
  facet normal 0 1 0
    outer loop
      vertex 17.5 -4.2 76.65
      vertex 1.1013 -4.2 49.7832
      vertex 1.1338 -4.2 49.9728
    endloop
  endfacet
  facet normal 0 1 -0
    outer loop
      vertex 17.5 -4.2 0
      vertex 1.1013 -4.2 49.7832
      vertex 17.5 -4.2 76.65
    endloop
  endfacet
  facet normal 0 1 0
    outer loop
      vertex 1.1013 -4.2 49.7832
      vertex 17.5 -4.2 0
      vertex 1.10107 -4.2 49.7826
    endloop
  endfacet
  facet normal 0 1 0
    outer loop
      vertex 1.10107 -4.2 49.7826
      vertex 17.5 -4.2 0
      vertex 1.037 -4.2 49.6012
    endloop
  endfacet
  facet normal 0 1 0
    outer loop
      vertex 1.037 -4.2 49.6012
      vertex 17.5 -4.2 0
      vertex 0.943214 -4.2 49.4334
    endloop
  endfacet
  facet normal 0 -1 0
    outer loop
      vertex 0.821604 -4.2 49.2826
      vertex 0.676706 -4.2 49.155
      vertex 0.821066 -4.2 49.2821
    endloop
  endfacet
  facet normal 0 1 0
    outer loop
      vertex 0.676706 -4.2 49.155
      vertex 0.512342 -4.2 49.0538
      vertex 0.676096 -4.2 49.1547
    endloop
  endfacet
  facet normal 0 1 0
    outer loop
      vertex 0.143833 -4.2 48.9412
      vertex 17.5 -4.2 0
      vertex -0.0482982 -4.2 48.933
    endloop
  endfacet
  facet normal 0 1 0
    outer loop
      vertex 0.144549 -4.2 48.9412
      vertex 17.5 -4.2 0
      vertex 0.143833 -4.2 48.9412
    endloop
  endfacet
  facet normal 0 1 0
    outer loop
      vertex 0.14525 -4.2 48.9413
      vertex 17.5 -4.2 0
      vertex 0.144549 -4.2 48.9412
    endloop
  endfacet
  facet normal 0 1 0
    outer loop
      vertex 0.33324 -4.2 48.9819
      vertex 17.5 -4.2 0
      vertex 0.14525 -4.2 48.9413
    endloop
  endfacet
  facet normal 0 1 0
    outer loop
      vertex 0.333904 -4.2 48.9821
      vertex 17.5 -4.2 0
      vertex 0.33324 -4.2 48.9819
    endloop
  endfacet
  facet normal 0 1 0
    outer loop
      vertex 0.512342 -4.2 49.0538
      vertex 17.5 -4.2 0
      vertex 0.333904 -4.2 48.9821
    endloop
  endfacet
  facet normal 0 1 0
    outer loop
      vertex 0.676706 -4.2 49.155
      vertex 17.5 -4.2 0
      vertex 0.512342 -4.2 49.0538
    endloop
  endfacet
  facet normal 0 1 0
    outer loop
      vertex 0.821604 -4.2 49.2826
      vertex 17.5 -4.2 0
      vertex 0.676706 -4.2 49.155
    endloop
  endfacet
  facet normal 0 1 0
    outer loop
      vertex 0.822054 -4.2 49.2831
      vertex 17.5 -4.2 0
      vertex 0.821604 -4.2 49.2826
    endloop
  endfacet
  facet normal 0 1 0
    outer loop
      vertex 0.942864 -4.2 49.4327
      vertex 17.5 -4.2 0
      vertex 0.822054 -4.2 49.2831
    endloop
  endfacet
  facet normal 0 1 0
    outer loop
      vertex 0.943214 -4.2 49.4334
      vertex 17.5 -4.2 0
      vertex 0.942864 -4.2 49.4327
    endloop
  endfacet
  facet normal 0 1 -0
    outer loop
      vertex -0.0490089 -4.2 51.2069
      vertex -17.5 -4.2 76.65
      vertex -0.0482982 -4.2 51.207
    endloop
  endfacet
  facet normal 0 1 -0
    outer loop
      vertex -0.239757 -4.2 51.1825
      vertex -17.5 -4.2 76.65
      vertex -0.0490089 -4.2 51.2069
    endloop
  endfacet
  facet normal 0 1 -0
    outer loop
      vertex -0.423635 -4.2 51.1262
      vertex -17.5 -4.2 76.65
      vertex -0.239757 -4.2 51.1825
    endloop
  endfacet
  facet normal 0 1 -0
    outer loop
      vertex -0.42432 -4.2 51.126
      vertex -17.5 -4.2 76.65
      vertex -0.423635 -4.2 51.1262
    endloop
  endfacet
  facet normal 0 1 -0
    outer loop
      vertex -0.42496 -4.2 51.1256
      vertex -17.5 -4.2 76.65
      vertex -0.42432 -4.2 51.126
    endloop
  endfacet
  facet normal 0 1 -0
    outer loop
      vertex -0.596675 -4.2 51.0391
      vertex -17.5 -4.2 76.65
      vertex -0.42496 -4.2 51.1256
    endloop
  endfacet
  facet normal 0 1 -0
    outer loop
      vertex -0.751288 -4.2 50.9247
      vertex -17.5 -4.2 76.65
      vertex -0.596675 -4.2 51.0391
    endloop
  endfacet
  facet normal 0 1 -0
    outer loop
      vertex -0.751864 -4.2 50.9243
      vertex -17.5 -4.2 76.65
      vertex -0.751288 -4.2 50.9247
    endloop
  endfacet
  facet normal 0 1 -0
    outer loop
      vertex -0.75236 -4.2 50.9238
      vertex -17.5 -4.2 76.65
      vertex -0.751864 -4.2 50.9243
    endloop
  endfacet
  facet normal 0 1 -0
    outer loop
      vertex -0.885424 -4.2 50.7849
      vertex -17.5 -4.2 76.65
      vertex -0.75236 -4.2 50.9238
    endloop
  endfacet
  facet normal 0 1 -0
    outer loop
      vertex -0.885825 -4.2 50.7843
      vertex -17.5 -4.2 76.65
      vertex -0.885424 -4.2 50.7849
    endloop
  endfacet
  facet normal 0 1 -0
    outer loop
      vertex -0.993512 -4.2 50.625
      vertex -17.5 -4.2 76.65
      vertex -0.885825 -4.2 50.7843
    endloop
  endfacet
  facet normal 0 1 -0
    outer loop
      vertex -1.07272 -4.2 50.4498
      vertex -17.5 -4.2 76.65
      vertex -0.993512 -4.2 50.625
    endloop
  endfacet
  facet normal 0 1 -0
    outer loop
      vertex -1.07302 -4.2 50.4491
      vertex -17.5 -4.2 76.65
      vertex -1.07272 -4.2 50.4498
    endloop
  endfacet
  facet normal 0 1 -0
    outer loop
      vertex -1.0732 -4.2 50.4484
      vertex -17.5 -4.2 76.65
      vertex -1.07302 -4.2 50.4491
    endloop
  endfacet
  facet normal 0 1 -0
    outer loop
      vertex -1.12165 -4.2 50.2623
      vertex -17.5 -4.2 76.65
      vertex -1.0732 -4.2 50.4484
    endloop
  endfacet
  facet normal 0 1 -0
    outer loop
      vertex -1.12172 -4.2 50.2616
      vertex -17.5 -4.2 76.65
      vertex -1.12165 -4.2 50.2623
    endloop
  endfacet
  facet normal 0 1 -0
    outer loop
      vertex -1.13803 -4.2 50.07
      vertex -17.5 -4.2 76.65
      vertex -1.12172 -4.2 50.2616
    endloop
  endfacet
  facet normal 0 1 0
    outer loop
      vertex -1.12172 -4.2 49.8784
      vertex -17.5 -4.2 76.65
      vertex -1.13803 -4.2 50.07
    endloop
  endfacet
  facet normal 0 1 0
    outer loop
      vertex -1.12165 -4.2 49.8777
      vertex -17.5 -4.2 76.65
      vertex -1.12172 -4.2 49.8784
    endloop
  endfacet
  facet normal 0 1 0
    outer loop
      vertex -17.5 -4.2 0
      vertex -1.12165 -4.2 49.8777
      vertex -1.0732 -4.2 49.6916
    endloop
  endfacet
  facet normal 0 1 0
    outer loop
      vertex -17.5 -4.2 0
      vertex -1.0732 -4.2 49.6916
      vertex -1.07302 -4.2 49.6909
    endloop
  endfacet
  facet normal 0 1 0
    outer loop
      vertex -17.5 -4.2 0
      vertex -1.07302 -4.2 49.6909
      vertex -1.07272 -4.2 49.6902
    endloop
  endfacet
  facet normal 0 1 0
    outer loop
      vertex -17.5 -4.2 0
      vertex -1.07272 -4.2 49.6902
      vertex -0.993512 -4.2 49.515
    endloop
  endfacet
  facet normal 0 1 0
    outer loop
      vertex -0.885424 -4.2 49.3551
      vertex -0.993512 -4.2 49.515
      vertex -0.885825 -4.2 49.3557
    endloop
  endfacet
  facet normal 0 1 0
    outer loop
      vertex -0.751864 -4.2 49.2157
      vertex -0.885424 -4.2 49.3551
      vertex -0.884928 -4.2 49.3546
    endloop
  endfacet
  facet normal 0 1 0
    outer loop
      vertex -0.596675 -4.2 49.1009
      vertex -0.751864 -4.2 49.2157
      vertex -0.597251 -4.2 49.1014
    endloop
  endfacet
  facet normal 0 1 0
    outer loop
      vertex -0.42432 -4.2 49.014
      vertex -0.596675 -4.2 49.1009
      vertex -0.42496 -4.2 49.0144
    endloop
  endfacet
  facet normal 0 -1 0
    outer loop
      vertex -0.0482982 -4.2 48.933
      vertex -0.239757 -4.2 48.9575
      vertex -0.239047 -4.2 48.9574
    endloop
  endfacet
  facet normal 0 1 0
    outer loop
      vertex -17.5 -4.2 0
      vertex -0.0482982 -4.2 48.933
      vertex 17.5 -4.2 0
    endloop
  endfacet
  facet normal 0 1 0
    outer loop
      vertex -0.0482982 -4.2 48.933
      vertex -17.5 -4.2 0
      vertex -0.239757 -4.2 48.9575
    endloop
  endfacet
  facet normal 0 1 0
    outer loop
      vertex -0.239757 -4.2 48.9575
      vertex -17.5 -4.2 0
      vertex -0.423635 -4.2 49.0138
    endloop
  endfacet
  facet normal 0 1 0
    outer loop
      vertex -0.423635 -4.2 49.0138
      vertex -17.5 -4.2 0
      vertex -0.42432 -4.2 49.014
    endloop
  endfacet
  facet normal 0 1 0
    outer loop
      vertex -0.42432 -4.2 49.014
      vertex -17.5 -4.2 0
      vertex -0.596675 -4.2 49.1009
    endloop
  endfacet
  facet normal 0 1 0
    outer loop
      vertex -0.596675 -4.2 49.1009
      vertex -17.5 -4.2 0
      vertex -0.751864 -4.2 49.2157
    endloop
  endfacet
  facet normal 0 1 0
    outer loop
      vertex -0.751864 -4.2 49.2157
      vertex -17.5 -4.2 0
      vertex -0.885424 -4.2 49.3551
    endloop
  endfacet
  facet normal 0 1 0
    outer loop
      vertex -0.885424 -4.2 49.3551
      vertex -17.5 -4.2 0
      vertex -0.993512 -4.2 49.515
    endloop
  endfacet
  facet normal 0 1 0
    outer loop
      vertex -1.12165 -4.2 49.8777
      vertex -17.5 -4.2 0
      vertex -17.5 -4.2 76.65
    endloop
  endfacet
  facet normal -0.707105 -0.707109 1.08146e-05
    outer loop
      vertex 17.5 -4.2 0
      vertex 13.5 -0.200012 0.599999
      vertex 14.1 -0.800018 0
    endloop
  endfacet
  facet normal -0.707106 -0.707108 0
    outer loop
      vertex 13.5 -0.200012 0.599999
      vertex 17.5 -4.2 0
      vertex 17.5 -4.2 76.65
    endloop
  endfacet
  facet normal -0.707106 -0.707108 0
    outer loop
      vertex 13.5 -0.200012 0.599999
      vertex 17.5 -4.2 76.65
      vertex 13.5 -0.200012 80.65
    endloop
  endfacet
  facet normal 0 0.707108 -0.707106
    outer loop
      vertex 17.5 -4.2 76.65
      vertex -13.5 -0.200012 80.65
      vertex 13.5 -0.200012 80.65
    endloop
  endfacet
  facet normal 0 0.707108 -0.707106
    outer loop
      vertex -13.5 -0.200012 80.65
      vertex 17.5 -4.2 76.65
      vertex -17.5 -4.2 76.65
    endloop
  endfacet
  facet normal 0.463915 0.766336 -0.444423
    outer loop
      vertex -0.75236 -4.2 50.9238
      vertex -0.2334 -4.89999 50.2585
      vertex -0.885424 -4.2 50.7849
    endloop
  endfacet
  facet normal 0.621656 0.766356 0.161997
    outer loop
      vertex -0.282851 -4.89999 49.9701
      vertex -1.0732 -4.2 49.6916
      vertex -0.295672 -4.89999 50.0193
    endloop
  endfacet
  facet normal 0.622277 0.766268 0.160014
    outer loop
      vertex -1.0732 -4.2 49.6916
      vertex -0.282851 -4.89999 49.9701
      vertex -1.07302 -4.2 49.6909
    endloop
  endfacet
  facet normal 0.640108 0.76635 0.0544894
    outer loop
      vertex -0.299988 -4.89999 50.07
      vertex -1.12172 -4.2 49.8784
      vertex -1.13803 -4.2 50.07
    endloop
  endfacet
  facet normal 0 0.767211 -0.641395
    outer loop
      vertex -0.0475824 -4.2 51.207
      vertex -0.0127316 -4.89999 50.3697
      vertex -0.0482982 -4.2 51.207
    endloop
  endfacet
  facet normal -0.0265138 0.766398 -0.641819
    outer loop
      vertex -0.0127316 -4.89999 50.3697
      vertex -0.0475824 -4.2 51.207
      vertex 0.0381031 -4.89999 50.3676
    endloop
  endfacet
  facet normal -0.605754 0.766347 0.213951
    outer loop
      vertex 1.10107 -4.2 49.7826
      vertex 1.037 -4.2 49.6012
      vertex 0.273357 -4.89999 49.9464
    endloop
  endfacet
  facet normal -0.0273939 0.766335 -0.641856
    outer loop
      vertex 0.144549 -4.2 51.1988
      vertex 0.0381031 -4.89999 50.3676
      vertex -0.0475824 -4.2 51.207
    endloop
  endfacet
  facet normal -0.424535 0.766334 -0.482186
    outer loop
      vertex 0.677244 -4.2 50.9845
      vertex 0.821604 -4.2 50.8574
      vertex 0.216578 -4.89999 50.2776
    endloop
  endfacet
  facet normal 0.622277 0.766268 -0.160014
    outer loop
      vertex -0.282851 -4.89999 50.1699
      vertex -1.0732 -4.2 50.4484
      vertex -1.07302 -4.2 50.4491
    endloop
  endfacet
  facet normal 0.621656 0.766356 -0.161997
    outer loop
      vertex -1.0732 -4.2 50.4484
      vertex -0.282851 -4.89999 50.1699
      vertex -0.295672 -4.89999 50.1207
    endloop
  endfacet
  facet normal -0.0273931 0.76635 0.641839
    outer loop
      vertex -0.0127316 -4.89999 49.7703
      vertex 0.143833 -4.2 48.9412
      vertex -0.0482982 -4.2 48.933
    endloop
  endfacet
  facet normal 0.381899 0.766346 0.516592
    outer loop
      vertex -0.198194 -4.89999 49.8448
      vertex -0.597251 -4.2 49.1014
      vertex -0.751864 -4.2 49.2157
    endloop
  endfacet
  facet normal -0.633191 0.766348 0.108537
    outer loop
      vertex 1.1338 -4.2 49.9728
      vertex 1.1013 -4.2 49.7832
      vertex 0.290308 -4.89999 49.9944
    endloop
  endfacet
  facet normal -0.560783 0.766345 -0.31343
    outer loop
      vertex 0.943214 -4.2 50.7066
      vertex 1.037 -4.2 50.5388
      vertex 0.273357 -4.89999 50.1936
    endloop
  endfacet
  facet normal -0.633187 0.76635 -0.108546
    outer loop
      vertex 0.298906 -4.89999 50.0954
      vertex 1.1338 -4.2 50.1672
      vertex 1.13392 -4.2 50.1665
    endloop
  endfacet
  facet normal -0.633198 0.766354 -0.108451
    outer loop
      vertex 1.1338 -4.2 50.1672
      vertex 0.298906 -4.89999 50.0954
      vertex 0.290308 -4.89999 50.1456
    endloop
  endfacet
  facet normal -0.560788 0.766344 0.313422
    outer loop
      vertex 0.943214 -4.2 49.4334
      vertex 0.248542 -4.89999 49.902
      vertex 0.273357 -4.89999 49.9464
    endloop
  endfacet
  facet normal -0.576271 0.764781 0.288135
    outer loop
      vertex 0.248542 -4.89999 49.902
      vertex 0.943214 -4.2 49.4334
      vertex 0.942864 -4.2 49.4327
    endloop
  endfacet
  facet normal 0.342892 0.762518 -0.548627
    outer loop
      vertex -0.111852 -4.89999 50.3484
      vertex -0.42496 -4.2 51.1256
      vertex -0.42432 -4.2 51.126
    endloop
  endfacet
  facet normal 0.290192 0.766277 -0.573243
    outer loop
      vertex -0.42496 -4.2 51.1256
      vertex -0.111852 -4.89999 50.3484
      vertex -0.157286 -4.89999 50.3254
    endloop
  endfacet
  facet normal 0.532229 0.766345 0.359788
    outer loop
      vertex -0.261893 -4.89999 49.9237
      vertex -0.885825 -4.2 49.3557
      vertex -0.993512 -4.2 49.515
    endloop
  endfacet
  facet normal 0.621705 0.766345 -0.161857
    outer loop
      vertex -1.0732 -4.2 50.4484
      vertex -0.295672 -4.89999 50.1207
      vertex -1.12165 -4.2 50.2623
    endloop
  endfacet
  facet normal -0.438023 0.765507 -0.471312
    outer loop
      vertex 0.677244 -4.2 50.9845
      vertex 0.178382 -4.89999 50.3112
      vertex 0.676706 -4.2 50.985
    endloop
  endfacet
  facet normal -0.424311 0.766353 -0.482351
    outer loop
      vertex 0.178382 -4.89999 50.3112
      vertex 0.677244 -4.2 50.9845
      vertex 0.216578 -4.89999 50.2776
    endloop
  endfacet
  facet normal 0.188128 0.766344 -0.614268
    outer loop
      vertex -0.111852 -4.89999 50.3484
      vertex -0.423635 -4.2 51.1262
      vertex -0.063201 -4.89999 50.3633
    endloop
  endfacet
  facet normal 0.18018 0.765966 -0.617115
    outer loop
      vertex -0.423635 -4.2 51.1262
      vertex -0.111852 -4.89999 50.3484
      vertex -0.42432 -4.2 51.126
    endloop
  endfacet
  facet normal 0.0895701 0.765996 -0.636575
    outer loop
      vertex -0.0127316 -4.89999 50.3697
      vertex -0.0490089 -4.2 51.2069
      vertex -0.0482982 -4.2 51.207
    endloop
  endfacet
  facet normal 0.080813 0.766384 -0.637279
    outer loop
      vertex -0.0490089 -4.2 51.2069
      vertex -0.0127316 -4.89999 50.3697
      vertex -0.063201 -4.89999 50.3633
    endloop
  endfacet
  facet normal -0.436858 0.766941 0.47006
    outer loop
      vertex 0.821066 -4.2 49.2821
      vertex 0.216578 -4.89999 49.8624
      vertex 0.821604 -4.2 49.2826
    endloop
  endfacet
  facet normal -0.42433 0.76633 0.482372
    outer loop
      vertex 0.216578 -4.89999 49.8624
      vertex 0.821066 -4.2 49.2821
      vertex 0.178382 -4.89999 49.8288
    endloop
  endfacet
  facet normal -0.337011 0.766338 -0.546946
    outer loop
      vertex 0.512342 -4.2 51.0862
      vertex 0.676096 -4.2 50.9853
      vertex 0.135056 -4.89999 50.3379
    endloop
  endfacet
  facet normal 0.640108 0.76635 0.0544912
    outer loop
      vertex -0.295672 -4.89999 50.0193
      vertex -1.12172 -4.2 49.8784
      vertex -0.299988 -4.89999 50.07
    endloop
  endfacet
  facet normal 0.63881 0.766708 0.063881
    outer loop
      vertex -1.12172 -4.2 49.8784
      vertex -0.295672 -4.89999 50.0193
      vertex -1.12165 -4.2 49.8777
    endloop
  endfacet
  facet normal 0.0815153 0.766335 -0.637249
    outer loop
      vertex -0.0490089 -4.2 51.2069
      vertex -0.063201 -4.89999 50.3633
      vertex -0.239757 -4.2 51.1825
    endloop
  endfacet
  facet normal -0.499903 0.766341 0.403508
    outer loop
      vertex 0.822054 -4.2 49.2831
      vertex 0.216578 -4.89999 49.8624
      vertex 0.248542 -4.89999 49.902
    endloop
  endfacet
  facet normal -0.476652 0.767316 0.428987
    outer loop
      vertex 0.216578 -4.89999 49.8624
      vertex 0.822054 -4.2 49.2831
      vertex 0.821604 -4.2 49.2826
    endloop
  endfacet
  facet normal -0.4998 0.766352 0.403615
    outer loop
      vertex 0.942864 -4.2 49.4327
      vertex 0.822054 -4.2 49.2831
      vertex 0.248542 -4.89999 49.902
    endloop
  endfacet
  facet normal 0.382098 0.76637 -0.51641
    outer loop
      vertex -0.596675 -4.2 51.0391
      vertex -0.157286 -4.89999 50.3254
      vertex -0.751288 -4.2 50.9247
    endloop
  endfacet
  facet normal 0.585379 0.76635 0.26465
    outer loop
      vertex -0.261893 -4.89999 49.9237
      vertex -0.993512 -4.2 49.515
      vertex -1.07272 -4.2 49.6902
    endloop
  endfacet
  facet normal 0.455729 0.766767 -0.452083
    outer loop
      vertex -0.198194 -4.89999 50.2952
      vertex -0.75236 -4.2 50.9238
      vertex -0.751864 -4.2 50.9243
    endloop
  endfacet
  facet normal 0.463585 0.766368 -0.444713
    outer loop
      vertex -0.75236 -4.2 50.9238
      vertex -0.198194 -4.89999 50.2952
      vertex -0.2334 -4.89999 50.2585
    endloop
  endfacet
  facet normal 0.289007 0.766368 -0.57372
    outer loop
      vertex -0.42496 -4.2 51.1256
      vertex -0.157286 -4.89999 50.3254
      vertex -0.596675 -4.2 51.0391
    endloop
  endfacet
  facet normal 0.532229 0.766345 -0.359788
    outer loop
      vertex -0.885825 -4.2 50.7843
      vertex -0.261893 -4.89999 50.2163
      vertex -0.993512 -4.2 50.625
    endloop
  endfacet
  facet normal 0.640108 0.76635 -0.0544894
    outer loop
      vertex -1.12172 -4.2 50.2616
      vertex -0.299988 -4.89999 50.07
      vertex -1.13803 -4.2 50.07
    endloop
  endfacet
  facet normal 0.63881 0.766708 -0.063881
    outer loop
      vertex -0.295672 -4.89999 50.1207
      vertex -1.12172 -4.2 50.2616
      vertex -1.12165 -4.2 50.2623
    endloop
  endfacet
  facet normal 0.640108 0.76635 -0.0544912
    outer loop
      vertex -1.12172 -4.2 50.2616
      vertex -0.295672 -4.89999 50.1207
      vertex -0.299988 -4.89999 50.07
    endloop
  endfacet
  facet normal 0.585379 0.76635 -0.26465
    outer loop
      vertex -0.993512 -4.2 50.625
      vertex -0.261893 -4.89999 50.2163
      vertex -1.07272 -4.2 50.4498
    endloop
  endfacet
  facet normal 0.585454 0.766365 -0.264438
    outer loop
      vertex -0.282851 -4.89999 50.1699
      vertex -1.07272 -4.2 50.4498
      vertex -0.261893 -4.89999 50.2163
    endloop
  endfacet
  facet normal 0.589965 0.766819 -0.252842
    outer loop
      vertex -1.07272 -4.2 50.4498
      vertex -0.282851 -4.89999 50.1699
      vertex -1.07302 -4.2 50.4491
    endloop
  endfacet
  facet normal -0.285611 0.762341 0.580743
    outer loop
      vertex 0.676096 -4.2 49.1547
      vertex 0.178382 -4.89999 49.8288
      vertex 0.676706 -4.2 49.155
    endloop
  endfacet
  facet normal -0.337044 0.766341 0.546921
    outer loop
      vertex 0.178382 -4.89999 49.8288
      vertex 0.676096 -4.2 49.1547
      vertex 0.135056 -4.89999 49.8021
    endloop
  endfacet
  facet normal -0.238726 0.766406 0.596349
    outer loop
      vertex 0.333904 -4.2 48.9821
      vertex 0.0878429 -4.89999 49.7832
      vertex 0.135056 -4.89999 49.8021
    endloop
  endfacet
  facet normal -0.184888 0.767484 0.613828
    outer loop
      vertex 0.0878429 -4.89999 49.7832
      vertex 0.333904 -4.2 48.9821
      vertex 0.33324 -4.2 48.9819
    endloop
  endfacet
  facet normal -0.633187 0.76635 0.108546
    outer loop
      vertex 1.1338 -4.2 49.9728
      vertex 0.298906 -4.89999 50.0446
      vertex 1.13392 -4.2 49.9735
    endloop
  endfacet
  facet normal -0.633198 0.766354 0.108451
    outer loop
      vertex 0.298906 -4.89999 50.0446
      vertex 1.1338 -4.2 49.9728
      vertex 0.290308 -4.89999 49.9944
    endloop
  endfacet
  facet normal -0.136324 0.766308 0.627844
    outer loop
      vertex 0.14525 -4.2 48.9413
      vertex 0.0381031 -4.89999 49.7724
      vertex 0.0878429 -4.89999 49.7832
    endloop
  endfacet
  facet normal -0.0905418 0.767438 0.634698
    outer loop
      vertex 0.0381031 -4.89999 49.7724
      vertex 0.14525 -4.2 48.9413
      vertex 0.144549 -4.2 48.9412
    endloop
  endfacet
  facet normal -0.633191 0.766348 -0.108537
    outer loop
      vertex 1.1013 -4.2 50.3568
      vertex 1.1338 -4.2 50.1672
      vertex 0.290308 -4.89999 50.1456
    endloop
  endfacet
  facet normal -0.424522 0.766349 0.482172
    outer loop
      vertex 0.821066 -4.2 49.2821
      vertex 0.676706 -4.2 49.155
      vertex 0.178382 -4.89999 49.8288
    endloop
  endfacet
  facet normal 0.188083 0.76634 -0.614286
    outer loop
      vertex -0.239757 -4.2 51.1825
      vertex -0.063201 -4.89999 50.3633
      vertex -0.423635 -4.2 51.1262
    endloop
  endfacet
  facet normal 0.463907 0.766345 0.444416
    outer loop
      vertex -0.198194 -4.89999 49.8448
      vertex -0.751864 -4.2 49.2157
      vertex -0.884928 -4.2 49.3546
    endloop
  endfacet
  facet normal 0.534276 0.76619 -0.357075
    outer loop
      vertex -0.2334 -4.89999 50.2585
      vertex -0.885825 -4.2 50.7843
      vertex -0.885424 -4.2 50.7849
    endloop
  endfacet
  facet normal 0.532455 0.76632 -0.359508
    outer loop
      vertex -0.885825 -4.2 50.7843
      vertex -0.2334 -4.89999 50.2585
      vertex -0.261893 -4.89999 50.2163
    endloop
  endfacet
  facet normal 0.188128 0.766344 0.614268
    outer loop
      vertex -0.423635 -4.2 49.0138
      vertex -0.111852 -4.89999 49.7916
      vertex -0.063201 -4.89999 49.7767
    endloop
  endfacet
  facet normal 0.18018 0.765966 0.617115
    outer loop
      vertex -0.111852 -4.89999 49.7916
      vertex -0.423635 -4.2 49.0138
      vertex -0.42432 -4.2 49.014
    endloop
  endfacet
  facet normal -0.605723 0.766351 -0.214024
    outer loop
      vertex 1.03724 -4.2 50.5381
      vertex 1.1013 -4.2 50.3568
      vertex 0.290308 -4.89999 50.1456
    endloop
  endfacet
  facet normal 0.381575 0.76632 -0.51687
    outer loop
      vertex -0.198194 -4.89999 50.2952
      vertex -0.751288 -4.2 50.9247
      vertex -0.157286 -4.89999 50.3254
    endloop
  endfacet
  facet normal 0.367077 0.765406 -0.528591
    outer loop
      vertex -0.751288 -4.2 50.9247
      vertex -0.198194 -4.89999 50.2952
      vertex -0.751864 -4.2 50.9243
    endloop
  endfacet
  facet normal 0.532455 0.76632 0.359508
    outer loop
      vertex -0.2334 -4.89999 49.8815
      vertex -0.885825 -4.2 49.3557
      vertex -0.261893 -4.89999 49.9237
    endloop
  endfacet
  facet normal 0.534276 0.76619 0.357075
    outer loop
      vertex -0.885825 -4.2 49.3557
      vertex -0.2334 -4.89999 49.8815
      vertex -0.885424 -4.2 49.3551
    endloop
  endfacet
  facet normal 0.381535 0.766376 0.516816
    outer loop
      vertex -0.157286 -4.89999 49.8146
      vertex -0.597251 -4.2 49.1014
      vertex -0.198194 -4.89999 49.8448
    endloop
  endfacet
  facet normal 0.423513 0.763285 0.487887
    outer loop
      vertex -0.597251 -4.2 49.1014
      vertex -0.157286 -4.89999 49.8146
      vertex -0.596675 -4.2 49.1009
    endloop
  endfacet
  facet normal -0.135614 0.766359 -0.627935
    outer loop
      vertex 0.14525 -4.2 51.1987
      vertex 0.33324 -4.2 51.1581
      vertex 0.0878429 -4.89999 50.3568
    endloop
  endfacet
  facet normal 0.463631 0.766313 0.444758
    outer loop
      vertex -0.884928 -4.2 49.3546
      vertex -0.2334 -4.89999 49.8815
      vertex -0.198194 -4.89999 49.8448
    endloop
  endfacet
  facet normal 0.456532 0.765819 0.45288
    outer loop
      vertex -0.2334 -4.89999 49.8815
      vertex -0.884928 -4.2 49.3546
      vertex -0.885424 -4.2 49.3551
    endloop
  endfacet
  facet normal 0.621705 0.766345 0.161857
    outer loop
      vertex -0.295672 -4.89999 50.0193
      vertex -1.0732 -4.2 49.6916
      vertex -1.12165 -4.2 49.8777
    endloop
  endfacet
  facet normal 0.290192 0.766277 0.573243
    outer loop
      vertex -0.111852 -4.89999 49.7916
      vertex -0.42496 -4.2 49.0144
      vertex -0.157286 -4.89999 49.8146
    endloop
  endfacet
  facet normal 0.342892 0.762518 0.548627
    outer loop
      vertex -0.42496 -4.2 49.0144
      vertex -0.111852 -4.89999 49.7916
      vertex -0.42432 -4.2 49.014
    endloop
  endfacet
  facet normal -0.576271 0.764781 -0.288135
    outer loop
      vertex 0.943214 -4.2 50.7066
      vertex 0.248542 -4.89999 50.238
      vertex 0.942864 -4.2 50.7073
    endloop
  endfacet
  facet normal -0.560788 0.766344 -0.313422
    outer loop
      vertex 0.248542 -4.89999 50.238
      vertex 0.943214 -4.2 50.7066
      vertex 0.273357 -4.89999 50.1936
    endloop
  endfacet
  facet normal -0.0905418 0.767438 -0.634698
    outer loop
      vertex 0.14525 -4.2 51.1987
      vertex 0.0381031 -4.89999 50.3676
      vertex 0.144549 -4.2 51.1988
    endloop
  endfacet
  facet normal -0.136324 0.766308 -0.627844
    outer loop
      vertex 0.0381031 -4.89999 50.3676
      vertex 0.14525 -4.2 51.1987
      vertex 0.0878429 -4.89999 50.3568
    endloop
  endfacet
  facet normal 0 1 0
    outer loop
      vertex 0.0381031 -4.89999 50.3676
      vertex -0.063201 -4.89999 50.3633
      vertex -0.0127316 -4.89999 50.3697
    endloop
  endfacet
  facet normal 0 1 0
    outer loop
      vertex 0.0878429 -4.89999 50.3568
      vertex -0.063201 -4.89999 50.3633
      vertex 0.0381031 -4.89999 50.3676
    endloop
  endfacet
  facet normal 0 1 0
    outer loop
      vertex 0.0878429 -4.89999 50.3568
      vertex -0.111852 -4.89999 50.3484
      vertex -0.063201 -4.89999 50.3633
    endloop
  endfacet
  facet normal 0 1 0
    outer loop
      vertex 0.135056 -4.89999 50.3379
      vertex -0.111852 -4.89999 50.3484
      vertex 0.0878429 -4.89999 50.3568
    endloop
  endfacet
  facet normal 0 1 0
    outer loop
      vertex 0.135056 -4.89999 50.3379
      vertex -0.157286 -4.89999 50.3254
      vertex -0.111852 -4.89999 50.3484
    endloop
  endfacet
  facet normal 0 1 0
    outer loop
      vertex 0.178382 -4.89999 50.3112
      vertex -0.157286 -4.89999 50.3254
      vertex 0.135056 -4.89999 50.3379
    endloop
  endfacet
  facet normal 0 1 0
    outer loop
      vertex 0.178382 -4.89999 50.3112
      vertex -0.198194 -4.89999 50.2952
      vertex -0.157286 -4.89999 50.3254
    endloop
  endfacet
  facet normal 0 1 0
    outer loop
      vertex 0.216578 -4.89999 50.2776
      vertex -0.198194 -4.89999 50.2952
      vertex 0.178382 -4.89999 50.3112
    endloop
  endfacet
  facet normal 0 1 0
    outer loop
      vertex 0.216578 -4.89999 50.2776
      vertex -0.2334 -4.89999 50.2585
      vertex -0.198194 -4.89999 50.2952
    endloop
  endfacet
  facet normal 0 1 0
    outer loop
      vertex 0.248542 -4.89999 50.238
      vertex -0.2334 -4.89999 50.2585
      vertex 0.216578 -4.89999 50.2776
    endloop
  endfacet
  facet normal 0 1 0
    outer loop
      vertex 0.248542 -4.89999 50.238
      vertex -0.261893 -4.89999 50.2163
      vertex -0.2334 -4.89999 50.2585
    endloop
  endfacet
  facet normal 0 1 0
    outer loop
      vertex 0.273357 -4.89999 50.1936
      vertex -0.261893 -4.89999 50.2163
      vertex 0.248542 -4.89999 50.238
    endloop
  endfacet
  facet normal 0 1 0
    outer loop
      vertex 0.273357 -4.89999 50.1936
      vertex -0.282851 -4.89999 50.1699
      vertex -0.261893 -4.89999 50.2163
    endloop
  endfacet
  facet normal 0 1 0
    outer loop
      vertex 0.290308 -4.89999 50.1456
      vertex -0.282851 -4.89999 50.1699
      vertex 0.273357 -4.89999 50.1936
    endloop
  endfacet
  facet normal 0 1 0
    outer loop
      vertex 0.290308 -4.89999 50.1456
      vertex -0.295672 -4.89999 50.1207
      vertex -0.282851 -4.89999 50.1699
    endloop
  endfacet
  facet normal 0 1 0
    outer loop
      vertex 0.298906 -4.89999 50.0954
      vertex -0.295672 -4.89999 50.1207
      vertex 0.290308 -4.89999 50.1456
    endloop
  endfacet
  facet normal 0 1 0
    outer loop
      vertex 0.298906 -4.89999 50.0954
      vertex -0.299988 -4.89999 50.07
      vertex -0.295672 -4.89999 50.1207
    endloop
  endfacet
  facet normal 0 1 -0
    outer loop
      vertex 0.298906 -4.89999 50.0446
      vertex -0.299988 -4.89999 50.07
      vertex 0.298906 -4.89999 50.0954
    endloop
  endfacet
  facet normal 0 1 0
    outer loop
      vertex 0.298906 -4.89999 50.0446
      vertex -0.295672 -4.89999 50.0193
      vertex -0.299988 -4.89999 50.07
    endloop
  endfacet
  facet normal 0 1 -0
    outer loop
      vertex 0.290308 -4.89999 49.9944
      vertex -0.295672 -4.89999 50.0193
      vertex 0.298906 -4.89999 50.0446
    endloop
  endfacet
  facet normal 0 1 0
    outer loop
      vertex 0.290308 -4.89999 49.9944
      vertex -0.282851 -4.89999 49.9701
      vertex -0.295672 -4.89999 50.0193
    endloop
  endfacet
  facet normal 0 1 -0
    outer loop
      vertex 0.273357 -4.89999 49.9464
      vertex -0.282851 -4.89999 49.9701
      vertex 0.290308 -4.89999 49.9944
    endloop
  endfacet
  facet normal 0 1 0
    outer loop
      vertex 0.273357 -4.89999 49.9464
      vertex -0.261893 -4.89999 49.9237
      vertex -0.282851 -4.89999 49.9701
    endloop
  endfacet
  facet normal 0 1 -0
    outer loop
      vertex 0.248542 -4.89999 49.902
      vertex -0.261893 -4.89999 49.9237
      vertex 0.273357 -4.89999 49.9464
    endloop
  endfacet
  facet normal 0 1 0
    outer loop
      vertex 0.248542 -4.89999 49.902
      vertex -0.2334 -4.89999 49.8815
      vertex -0.261893 -4.89999 49.9237
    endloop
  endfacet
  facet normal 0 1 -0
    outer loop
      vertex 0.216578 -4.89999 49.8624
      vertex -0.2334 -4.89999 49.8815
      vertex 0.248542 -4.89999 49.902
    endloop
  endfacet
  facet normal 0 1 0
    outer loop
      vertex 0.216578 -4.89999 49.8624
      vertex -0.198194 -4.89999 49.8448
      vertex -0.2334 -4.89999 49.8815
    endloop
  endfacet
  facet normal 0 1 -0
    outer loop
      vertex 0.178382 -4.89999 49.8288
      vertex -0.198194 -4.89999 49.8448
      vertex 0.216578 -4.89999 49.8624
    endloop
  endfacet
  facet normal 0 1 0
    outer loop
      vertex 0.178382 -4.89999 49.8288
      vertex -0.157286 -4.89999 49.8146
      vertex -0.198194 -4.89999 49.8448
    endloop
  endfacet
  facet normal 0 1 -0
    outer loop
      vertex 0.135056 -4.89999 49.8021
      vertex -0.157286 -4.89999 49.8146
      vertex 0.178382 -4.89999 49.8288
    endloop
  endfacet
  facet normal 0 1 0
    outer loop
      vertex 0.135056 -4.89999 49.8021
      vertex -0.111852 -4.89999 49.7916
      vertex -0.157286 -4.89999 49.8146
    endloop
  endfacet
  facet normal 0 1 -0
    outer loop
      vertex 0.0878429 -4.89999 49.7832
      vertex -0.111852 -4.89999 49.7916
      vertex 0.135056 -4.89999 49.8021
    endloop
  endfacet
  facet normal 0 1 0
    outer loop
      vertex 0.0878429 -4.89999 49.7832
      vertex -0.063201 -4.89999 49.7767
      vertex -0.111852 -4.89999 49.7916
    endloop
  endfacet
  facet normal 0 1 -0
    outer loop
      vertex 0.0381031 -4.89999 49.7724
      vertex -0.063201 -4.89999 49.7767
      vertex 0.0878429 -4.89999 49.7832
    endloop
  endfacet
  facet normal 0 1 0
    outer loop
      vertex -0.063201 -4.89999 49.7767
      vertex 0.0381031 -4.89999 49.7724
      vertex -0.0127316 -4.89999 49.7703
    endloop
  endfacet
  facet normal -0.479189 0.76445 -0.431271
    outer loop
      vertex 0.248542 -4.89999 50.238
      vertex 0.942414 -4.2 50.7078
      vertex 0.942864 -4.2 50.7073
    endloop
  endfacet
  facet normal -0.4999 0.766344 -0.403505
    outer loop
      vertex 0.942414 -4.2 50.7078
      vertex 0.248542 -4.89999 50.238
      vertex 0.216578 -4.89999 50.2776
    endloop
  endfacet
  facet normal -0 0.764897 0.644153
    outer loop
      vertex 0.143833 -4.2 48.9412
      vertex 0.0381031 -4.89999 49.7724
      vertex 0.144549 -4.2 48.9412
    endloop
  endfacet
  facet normal -0.0265192 0.766287 0.641951
    outer loop
      vertex 0.0381031 -4.89999 49.7724
      vertex 0.143833 -4.2 48.9412
      vertex -0.0127316 -4.89999 49.7703
    endloop
  endfacet
  facet normal -0.135614 0.766359 0.627935
    outer loop
      vertex 0.33324 -4.2 48.9819
      vertex 0.14525 -4.2 48.9413
      vertex 0.0878429 -4.89999 49.7832
    endloop
  endfacet
  facet normal -0.607997 0.766085 -0.208456
    outer loop
      vertex 1.03724 -4.2 50.5381
      vertex 0.273357 -4.89999 50.1936
      vertex 1.037 -4.2 50.5388
    endloop
  endfacet
  facet normal -0.605768 0.766343 -0.213924
    outer loop
      vertex 0.273357 -4.89999 50.1936
      vertex 1.03724 -4.2 50.5381
      vertex 0.290308 -4.89999 50.1456
    endloop
  endfacet
  facet normal -0.499817 0.766334 -0.403629
    outer loop
      vertex 0.821604 -4.2 50.8574
      vertex 0.942414 -4.2 50.7078
      vertex 0.216578 -4.89999 50.2776
    endloop
  endfacet
  facet normal -0.642427 0.766347 0
    outer loop
      vertex 1.13392 -4.2 50.1665
      vertex 0.298906 -4.89999 50.0446
      vertex 0.298906 -4.89999 50.0954
    endloop
  endfacet
  facet normal -0.642427 0.766347 0
    outer loop
      vertex 0.298906 -4.89999 50.0446
      vertex 1.13392 -4.2 50.1665
      vertex 1.13392 -4.2 49.9735
    endloop
  endfacet
  facet normal 0.585454 0.766365 0.264438
    outer loop
      vertex -1.07272 -4.2 49.6902
      vertex -0.282851 -4.89999 49.9701
      vertex -0.261893 -4.89999 49.9237
    endloop
  endfacet
  facet normal 0.589965 0.766819 0.252842
    outer loop
      vertex -0.282851 -4.89999 49.9701
      vertex -1.07272 -4.2 49.6902
      vertex -1.07302 -4.2 49.6909
    endloop
  endfacet
  facet normal 0.289007 0.766368 0.57372
    outer loop
      vertex -0.157286 -4.89999 49.8146
      vertex -0.42496 -4.2 49.0144
      vertex -0.596675 -4.2 49.1009
    endloop
  endfacet
  facet normal -0.239527 0.766346 0.596104
    outer loop
      vertex 0.512342 -4.2 49.0538
      vertex 0.333904 -4.2 48.9821
      vertex 0.135056 -4.89999 49.8021
    endloop
  endfacet
  facet normal -0.239527 0.766346 -0.596104
    outer loop
      vertex 0.333904 -4.2 51.1579
      vertex 0.512342 -4.2 51.0862
      vertex 0.135056 -4.89999 50.3379
    endloop
  endfacet
  facet normal -0.337011 0.766338 0.546946
    outer loop
      vertex 0.676096 -4.2 49.1547
      vertex 0.512342 -4.2 49.0538
      vertex 0.135056 -4.89999 49.8021
    endloop
  endfacet
  facet normal 0.0815113 0.766359 0.63722
    outer loop
      vertex -0.0127316 -4.89999 49.7703
      vertex -0.0482982 -4.2 48.933
      vertex -0.239047 -4.2 48.9574
    endloop
  endfacet
  facet normal -0.184888 0.767484 -0.613828
    outer loop
      vertex 0.333904 -4.2 51.1579
      vertex 0.0878429 -4.89999 50.3568
      vertex 0.33324 -4.2 51.1581
    endloop
  endfacet
  facet normal -0.238726 0.766406 -0.596349
    outer loop
      vertex 0.0878429 -4.89999 50.3568
      vertex 0.333904 -4.2 51.1579
      vertex 0.135056 -4.89999 50.3379
    endloop
  endfacet
  facet normal -0.600775 0.765528 0.230297
    outer loop
      vertex 1.10107 -4.2 49.7826
      vertex 0.290308 -4.89999 49.9944
      vertex 1.1013 -4.2 49.7832
    endloop
  endfacet
  facet normal -0.605761 0.766349 0.213922
    outer loop
      vertex 0.290308 -4.89999 49.9944
      vertex 1.10107 -4.2 49.7826
      vertex 0.273357 -4.89999 49.9464
    endloop
  endfacet
  facet normal -0.560783 0.766345 0.31343
    outer loop
      vertex 1.037 -4.2 49.6012
      vertex 0.943214 -4.2 49.4334
      vertex 0.273357 -4.89999 49.9464
    endloop
  endfacet
  facet normal 0.188083 0.76634 0.614286
    outer loop
      vertex -0.063201 -4.89999 49.7767
      vertex -0.239757 -4.2 48.9575
      vertex -0.423635 -4.2 49.0138
    endloop
  endfacet
  facet normal 0.0808244 0.766309 0.637368
    outer loop
      vertex -0.239047 -4.2 48.9574
      vertex -0.063201 -4.89999 49.7767
      vertex -0.0127316 -4.89999 49.7703
    endloop
  endfacet
  facet normal 0.0895477 0.766651 0.635789
    outer loop
      vertex -0.063201 -4.89999 49.7767
      vertex -0.239047 -4.2 48.9574
      vertex -0.239757 -4.2 48.9575
    endloop
  endfacet
  facet normal -0.285611 0.762341 -0.580743
    outer loop
      vertex 0.178382 -4.89999 50.3112
      vertex 0.676096 -4.2 50.9853
      vertex 0.676706 -4.2 50.985
    endloop
  endfacet
  facet normal -0.337044 0.766341 -0.546921
    outer loop
      vertex 0.676096 -4.2 50.9853
      vertex 0.178382 -4.89999 50.3112
      vertex 0.135056 -4.89999 50.3379
    endloop
  endfacet
  facet normal 0 -1 0
    outer loop
      vertex -1.18314 -6.9 14.5864
      vertex 0 -6.9 16.7114
      vertex -3.5 -6.9 14.6907
    endloop
  endfacet
  facet normal 0 -1 -0
    outer loop
      vertex 0 -6.9 16.7114
      vertex -1.18314 -6.9 14.5864
      vertex 0 -6.9 15.2706
    endloop
  endfacet
  facet normal 0 -1 0
    outer loop
      vertex -3.5 -6.9 14.6907
      vertex -1.34788 -6.9 14.4743
      vertex -1.18314 -6.9 14.5864
    endloop
  endfacet
  facet normal 0 -1 0
    outer loop
      vertex -3.5 -6.9 14.6907
      vertex -1.50207 -6.9 14.3482
      vertex -1.34788 -6.9 14.4743
    endloop
  endfacet
  facet normal 0 -1 0
    outer loop
      vertex -3.5 -6.9 14.6907
      vertex -1.64451 -6.9 14.2088
      vertex -1.50207 -6.9 14.3482
    endloop
  endfacet
  facet normal 0 -1 0
    outer loop
      vertex -3.5 -6.9 14.6907
      vertex -1.77408 -6.9 14.0575
      vertex -1.64451 -6.9 14.2088
    endloop
  endfacet
  facet normal 0 -1 0
    outer loop
      vertex -3.5 -6.9 14.6907
      vertex -1.88976 -6.9 13.8952
      vertex -1.77408 -6.9 14.0575
    endloop
  endfacet
  facet normal 0 -1 0
    outer loop
      vertex -3.5 -6.9 14.6907
      vertex -1.99065 -6.9 13.7234
      vertex -1.88976 -6.9 13.8952
    endloop
  endfacet
  facet normal 0 -1 0
    outer loop
      vertex -3.5 -6.9 14.6907
      vertex -2.07597 -6.9 13.5434
      vertex -1.99065 -6.9 13.7234
    endloop
  endfacet
  facet normal 0 -1 0
    outer loop
      vertex -3.5 -6.9 14.6907
      vertex -2.14503 -6.9 13.3565
      vertex -2.07597 -6.9 13.5434
    endloop
  endfacet
  facet normal 0 -1 0
    outer loop
      vertex -3.5 -6.9 14.6907
      vertex -2.19731 -6.9 13.1642
      vertex -2.14503 -6.9 13.3565
    endloop
  endfacet
  facet normal 0 -1 0
    outer loop
      vertex -3.5 -6.9 14.6907
      vertex -2.23239 -6.9 12.9681
      vertex -2.19731 -6.9 13.1642
    endloop
  endfacet
  facet normal 0 -1 0
    outer loop
      vertex -3.5 -6.9 14.6907
      vertex -2.25 -6.9 12.7696
      vertex -2.23239 -6.9 12.9681
    endloop
  endfacet
  facet normal 0 -1 0
    outer loop
      vertex -3.5 -6.9 14.6907
      vertex -2.25 -6.9 6.57038
      vertex -2.25 -6.9 12.7696
    endloop
  endfacet
  facet normal 0 -1 0
    outer loop
      vertex -3.5 -6.9 4.64928
      vertex -2.25 -6.9 6.57038
      vertex -3.5 -6.9 14.6907
    endloop
  endfacet
  facet normal 0 -1 -0
    outer loop
      vertex -2.25 -6.9 6.57038
      vertex -3.5 -6.9 4.64928
      vertex -2.23239 -6.9 6.37191
    endloop
  endfacet
  facet normal 0 -1 0
    outer loop
      vertex -3.5 -6.9 4.64928
      vertex -2.19731 -6.9 6.17578
      vertex -2.23239 -6.9 6.37191
    endloop
  endfacet
  facet normal 0 -1 0
    outer loop
      vertex -3.5 -6.9 4.64928
      vertex -2.14503 -6.9 5.98352
      vertex -2.19731 -6.9 6.17578
    endloop
  endfacet
  facet normal 0 -1 0
    outer loop
      vertex -3.5 -6.9 4.64928
      vertex -2.07597 -6.9 5.79662
      vertex -2.14503 -6.9 5.98352
    endloop
  endfacet
  facet normal 0 -1 0
    outer loop
      vertex -3.5 -6.9 4.64928
      vertex -1.99065 -6.9 5.61657
      vertex -2.07597 -6.9 5.79662
    endloop
  endfacet
  facet normal 0 -1 0
    outer loop
      vertex -3.5 -6.9 4.64928
      vertex -1.88976 -6.9 5.44476
      vertex -1.99065 -6.9 5.61657
    endloop
  endfacet
  facet normal 0 -1 0
    outer loop
      vertex -3.5 -6.9 4.64928
      vertex -1.77408 -6.9 5.28253
      vertex -1.88976 -6.9 5.44476
    endloop
  endfacet
  facet normal 0 -1 0
    outer loop
      vertex -3.5 -6.9 4.64928
      vertex -1.64451 -6.9 5.13117
      vertex -1.77408 -6.9 5.28253
    endloop
  endfacet
  facet normal 0 -1 0
    outer loop
      vertex -3.5 -6.9 4.64928
      vertex -1.50207 -6.9 4.99185
      vertex -1.64451 -6.9 5.13117
    endloop
  endfacet
  facet normal 0 -1 0
    outer loop
      vertex -3.5 -6.9 4.64928
      vertex -1.34788 -6.9 4.86566
      vertex -1.50207 -6.9 4.99185
    endloop
  endfacet
  facet normal 0 -1 0
    outer loop
      vertex -3.5 -6.9 4.64928
      vertex -1.18314 -6.9 4.7536
      vertex -1.34788 -6.9 4.86566
    endloop
  endfacet
  facet normal 0 -1 0
    outer loop
      vertex 0 -6.9 2.62856
      vertex -1.18314 -6.9 4.7536
      vertex -3.5 -6.9 4.64928
    endloop
  endfacet
  facet normal 0 -1 0
    outer loop
      vertex -1.18314 -6.9 4.7536
      vertex 0 -6.9 2.62856
      vertex -1.00914 -6.9 4.65653
    endloop
  endfacet
  facet normal 0 -1 0
    outer loop
      vertex -1.00914 -6.9 4.65653
      vertex 0 -6.9 2.62856
      vertex -0.827238 -6.9 4.57522
    endloop
  endfacet
  facet normal 0 -1 0
    outer loop
      vertex -0.827238 -6.9 4.57522
      vertex 0 -6.9 2.62856
      vertex -0.638864 -6.9 4.51031
    endloop
  endfacet
  facet normal 0 -1 0
    outer loop
      vertex -0.638864 -6.9 4.51031
      vertex 0 -6.9 2.62856
      vertex -0.44549 -6.9 4.4623
    endloop
  endfacet
  facet normal 0 -1 0
    outer loop
      vertex -0.24863 -6.9 4.43156
      vertex 0 -6.9 2.62856
      vertex -0.0498228 -6.9 4.41835
    endloop
  endfacet
  facet normal 0 -1 0
    outer loop
      vertex -0.44549 -6.9 4.4623
      vertex 0 -6.9 2.62856
      vertex -0.24863 -6.9 4.43156
    endloop
  endfacet
  facet normal 0 -1 0
    outer loop
      vertex 1.09721 -6.9 14.6369
      vertex 0 -6.9 16.7114
      vertex 0 -6.9 15.2706
    endloop
  endfacet
  facet normal 0 -1 0
    outer loop
      vertex 0 -6.9 16.7114
      vertex 1.09721 -6.9 14.6369
      vertex 3.5 -6.9 14.6907
    endloop
  endfacet
  facet normal 0 -1 0
    outer loop
      vertex 1.26675 -6.9 14.5322
      vertex 3.5 -6.9 14.6907
      vertex 1.09721 -6.9 14.6369
    endloop
  endfacet
  facet normal 0 -1 0
    outer loop
      vertex 1.42637 -6.9 14.413
      vertex 3.5 -6.9 14.6907
      vertex 1.26675 -6.9 14.5322
    endloop
  endfacet
  facet normal 0 -1 0
    outer loop
      vertex 1.57483 -6.9 14.2801
      vertex 3.5 -6.9 14.6907
      vertex 1.42637 -6.9 14.413
    endloop
  endfacet
  facet normal 0 -1 0
    outer loop
      vertex 1.71097 -6.9 14.1346
      vertex 3.5 -6.9 14.6907
      vertex 1.57483 -6.9 14.2801
    endloop
  endfacet
  facet normal 0 -1 0
    outer loop
      vertex 1.83371 -6.9 13.9776
      vertex 3.5 -6.9 14.6907
      vertex 1.71097 -6.9 14.1346
    endloop
  endfacet
  facet normal 0 -1 0
    outer loop
      vertex 1.94211 -6.9 13.8105
      vertex 3.5 -6.9 14.6907
      vertex 1.83371 -6.9 13.9776
    endloop
  endfacet
  facet normal 0 -1 0
    outer loop
      vertex 2.0353 -6.9 13.6343
      vertex 3.5 -6.9 14.6907
      vertex 1.94211 -6.9 13.8105
    endloop
  endfacet
  facet normal 0 -1 0
    outer loop
      vertex 2.11257 -6.9 13.4507
      vertex 3.5 -6.9 14.6907
      vertex 2.0353 -6.9 13.6343
    endloop
  endfacet
  facet normal 0 -1 0
    outer loop
      vertex 2.1733 -6.9 13.2609
      vertex 3.5 -6.9 14.6907
      vertex 2.11257 -6.9 13.4507
    endloop
  endfacet
  facet normal 0 -1 0
    outer loop
      vertex 2.21702 -6.9 13.0665
      vertex 3.5 -6.9 14.6907
      vertex 2.1733 -6.9 13.2609
    endloop
  endfacet
  facet normal 0 -1 0
    outer loop
      vertex 2.24339 -6.9 12.8691
      vertex 3.5 -6.9 14.6907
      vertex 2.21702 -6.9 13.0665
    endloop
  endfacet
  facet normal 0 -1 0
    outer loop
      vertex 2.2522 -6.9 12.67
      vertex 3.5 -6.9 14.6907
      vertex 2.24339 -6.9 12.8691
    endloop
  endfacet
  facet normal 0 -1 0
    outer loop
      vertex 2.2522 -6.9 6.67
      vertex 3.5 -6.9 14.6907
      vertex 2.2522 -6.9 12.67
    endloop
  endfacet
  facet normal 0 -1 0
    outer loop
      vertex 3.5 -6.9 4.64928
      vertex 2.2522 -6.9 6.67
      vertex 2.24339 -6.9 6.47095
    endloop
  endfacet
  facet normal 0 -1 0
    outer loop
      vertex 3.5 -6.9 4.64928
      vertex 2.24339 -6.9 6.47095
      vertex 2.21702 -6.9 6.27346
    endloop
  endfacet
  facet normal 0 -1 0
    outer loop
      vertex 2.2522 -6.9 6.67
      vertex 3.5 -6.9 4.64928
      vertex 3.5 -6.9 14.6907
    endloop
  endfacet
  facet normal 0 -1 0
    outer loop
      vertex 2.1733 -6.9 6.07907
      vertex 3.5 -6.9 4.64928
      vertex 2.21702 -6.9 6.27346
    endloop
  endfacet
  facet normal 0 -1 0
    outer loop
      vertex 2.11257 -6.9 5.88931
      vertex 3.5 -6.9 4.64928
      vertex 2.1733 -6.9 6.07907
    endloop
  endfacet
  facet normal 0 -1 0
    outer loop
      vertex 2.0353 -6.9 5.70565
      vertex 3.5 -6.9 4.64928
      vertex 2.11257 -6.9 5.88931
    endloop
  endfacet
  facet normal 0 -1 0
    outer loop
      vertex 1.94211 -6.9 5.52954
      vertex 3.5 -6.9 4.64928
      vertex 2.0353 -6.9 5.70565
    endloop
  endfacet
  facet normal 0 -1 0
    outer loop
      vertex 1.83371 -6.9 5.36236
      vertex 3.5 -6.9 4.64928
      vertex 1.94211 -6.9 5.52954
    endloop
  endfacet
  facet normal 0 -1 0
    outer loop
      vertex 1.71097 -6.9 5.20542
      vertex 3.5 -6.9 4.64928
      vertex 1.83371 -6.9 5.36236
    endloop
  endfacet
  facet normal 0 -1 0
    outer loop
      vertex 1.57483 -6.9 5.05993
      vertex 3.5 -6.9 4.64928
      vertex 1.71097 -6.9 5.20542
    endloop
  endfacet
  facet normal 0 -1 0
    outer loop
      vertex 1.42637 -6.9 4.92705
      vertex 3.5 -6.9 4.64928
      vertex 1.57483 -6.9 5.05993
    endloop
  endfacet
  facet normal 0 -1 0
    outer loop
      vertex 1.26675 -6.9 4.80781
      vertex 3.5 -6.9 4.64928
      vertex 1.42637 -6.9 4.92705
    endloop
  endfacet
  facet normal 0 -1 0
    outer loop
      vertex 1.09721 -6.9 4.70314
      vertex 3.5 -6.9 4.64928
      vertex 1.26675 -6.9 4.80781
    endloop
  endfacet
  facet normal 0 -1 0
    outer loop
      vertex 0 -6.9 2.62856
      vertex 1.09721 -6.9 4.70314
      vertex 0.919087 -6.9 4.61386
    endloop
  endfacet
  facet normal 0 -1 0
    outer loop
      vertex 0 -6.9 2.62856
      vertex 0.919087 -6.9 4.61386
      vertex 0.733769 -6.9 4.54068
    endloop
  endfacet
  facet normal 0 -1 0
    outer loop
      vertex 0 -6.9 2.62856
      vertex 0.733769 -6.9 4.54068
      vertex 0.542708 -6.9 4.48416
    endloop
  endfacet
  facet normal 0 -1 0
    outer loop
      vertex 0 -6.9 2.62856
      vertex 0.542708 -6.9 4.48416
      vertex 0.3474 -6.9 4.44475
    endloop
  endfacet
  facet normal 0 -1 0
    outer loop
      vertex 0 -6.9 2.62856
      vertex 0.3474 -6.9 4.44475
      vertex 0.149372 -6.9 4.42276
    endloop
  endfacet
  facet normal 0 -1 -0
    outer loop
      vertex 1.09721 -6.9 4.70314
      vertex 0 -6.9 2.62856
      vertex 3.5 -6.9 4.64928
    endloop
  endfacet
  facet normal 0 -1 0
    outer loop
      vertex 0 -6.9 2.62856
      vertex 0.149372 -6.9 4.42276
      vertex -0.0498228 -6.9 4.41835
    endloop
  endfacet
  facet normal -1 0 0
    outer loop
      vertex 3.5 -6.9 4.64928
      vertex 3.5 -6.90001 6.17
      vertex 3.5 -6.9 14.6907
    endloop
  endfacet
  facet normal -1 0 0
    outer loop
      vertex 3.5 -6.9 4.64928
      vertex 3.5 -10.1 6.17
      vertex 3.5 -6.90001 6.17
    endloop
  endfacet
  facet normal 0 -0 0
    outer loop
      vertex 3.5 -10.1 6.17
      vertex 3.5 -10.1 4.64928
      vertex 3.5 -10.1 13.17
    endloop
  endfacet
  facet normal -1 0 0
    outer loop
      vertex 3.5 -10.1 4.64928
      vertex 3.5 -10.1 6.17
      vertex 3.5 -6.9 4.64928
    endloop
  endfacet
  facet normal -1 0 0
    outer loop
      vertex 3.5 -6.90001 13.17
      vertex 3.5 -6.9 14.6907
      vertex 3.5 -6.90001 6.17
    endloop
  endfacet
  facet normal -1 0 0
    outer loop
      vertex 3.5 -8.5 14.0938
      vertex 3.5 -6.9 14.6907
      vertex 3.5 -6.90001 13.17
    endloop
  endfacet
  facet normal -1 0 0
    outer loop
      vertex 3.5 -8.5 14.0938
      vertex 3.5 -10.1 14.6907
      vertex 3.5 -6.9 14.6907
    endloop
  endfacet
  facet normal -1 0 0
    outer loop
      vertex 3.5 -10.1 13.17
      vertex 3.5 -10.1 14.6907
      vertex 3.5 -8.5 14.0938
    endloop
  endfacet
  facet normal 0 0 0
    outer loop
      vertex 3.5 -10.1 14.6907
      vertex 3.5 -10.1 13.17
      vertex 3.5 -10.1 4.64928
    endloop
  endfacet
  facet normal -0.499999 0 0.866026
    outer loop
      vertex 0 -6.9 2.62856
      vertex 3.5 -10.1 4.64928
      vertex 3.5 -6.9 4.64928
    endloop
  endfacet
  facet normal -0.499999 0 0.866026
    outer loop
      vertex 3.5 -10.1 4.64928
      vertex 0 -6.9 2.62856
      vertex 0 -10.1 2.62856
    endloop
  endfacet
  facet normal 0.499999 0 0.866026
    outer loop
      vertex -3.5 -6.9 4.64928
      vertex 0 -10.1 2.62856
      vertex 0 -6.9 2.62856
    endloop
  endfacet
  facet normal 0.499999 0 0.866026
    outer loop
      vertex 0 -10.1 2.62856
      vertex -3.5 -6.9 4.64928
      vertex -3.5 -10.1 4.64928
    endloop
  endfacet
  facet normal 1 -0 0
    outer loop
      vertex -3.5 -10.1 14.6907
      vertex -3.5 -6.9 4.64928
      vertex -3.5 -6.9 14.6907
    endloop
  endfacet
  facet normal 1 0 0
    outer loop
      vertex -3.5 -6.9 4.64928
      vertex -3.5 -10.1 14.6907
      vertex -3.5 -10.1 4.64928
    endloop
  endfacet
  facet normal -0.499995 0 -0.866028
    outer loop
      vertex 0 -10.1 16.7114
      vertex 3.5 -6.9 14.6907
      vertex 3.5 -10.1 14.6907
    endloop
  endfacet
  facet normal -0.499995 0 -0.866028
    outer loop
      vertex 3.5 -6.9 14.6907
      vertex 0 -10.1 16.7114
      vertex 0 -6.9 16.7114
    endloop
  endfacet
  facet normal 0 1 -0
    outer loop
      vertex 1.09721 -10.1 14.6369
      vertex 0 -10.1 16.7114
      vertex 3.5 -10.1 14.6907
    endloop
  endfacet
  facet normal 0 1 0
    outer loop
      vertex 0 -10.1 16.7114
      vertex 1.09721 -10.1 14.6369
      vertex 0 -10.1 15.2706
    endloop
  endfacet
  facet normal 0 1 0
    outer loop
      vertex 3.5 -10.1 14.6907
      vertex 1.26675 -10.1 14.5322
      vertex 1.09721 -10.1 14.6369
    endloop
  endfacet
  facet normal 0 1 0
    outer loop
      vertex 3.5 -10.1 14.6907
      vertex 1.42637 -10.1 14.413
      vertex 1.26675 -10.1 14.5322
    endloop
  endfacet
  facet normal 0 1 0
    outer loop
      vertex 3.5 -10.1 14.6907
      vertex 1.57483 -10.1 14.2801
      vertex 1.42637 -10.1 14.413
    endloop
  endfacet
  facet normal 0 1 0
    outer loop
      vertex 3.5 -10.1 14.6907
      vertex 1.71097 -10.1 14.1346
      vertex 1.57483 -10.1 14.2801
    endloop
  endfacet
  facet normal 0 1 0
    outer loop
      vertex 3.5 -10.1 14.6907
      vertex 1.83371 -10.1 13.9776
      vertex 1.71097 -10.1 14.1346
    endloop
  endfacet
  facet normal 0 1 0
    outer loop
      vertex 3.5 -10.1 14.6907
      vertex 1.94211 -10.1 13.8105
      vertex 1.83371 -10.1 13.9776
    endloop
  endfacet
  facet normal 0 1 0
    outer loop
      vertex 3.5 -10.1 14.6907
      vertex 2.0353 -10.1 13.6343
      vertex 1.94211 -10.1 13.8105
    endloop
  endfacet
  facet normal 0 1 0
    outer loop
      vertex 3.5 -10.1 14.6907
      vertex 2.11257 -10.1 13.4507
      vertex 2.0353 -10.1 13.6343
    endloop
  endfacet
  facet normal 0 1 0
    outer loop
      vertex 3.5 -10.1 14.6907
      vertex 2.1733 -10.1 13.2609
      vertex 2.11257 -10.1 13.4507
    endloop
  endfacet
  facet normal 0 1 0
    outer loop
      vertex 3.5 -10.1 14.6907
      vertex 2.21702 -10.1 13.0665
      vertex 2.1733 -10.1 13.2609
    endloop
  endfacet
  facet normal 0 1 0
    outer loop
      vertex 3.5 -10.1 14.6907
      vertex 2.24339 -10.1 12.8691
      vertex 2.21702 -10.1 13.0665
    endloop
  endfacet
  facet normal 0 1 0
    outer loop
      vertex 3.5 -10.1 14.6907
      vertex 2.2522 -10.1 12.67
      vertex 2.24339 -10.1 12.8691
    endloop
  endfacet
  facet normal 0 1 0
    outer loop
      vertex 3.5 -10.1 14.6907
      vertex 2.2522 -10.1 6.67
      vertex 2.2522 -10.1 12.67
    endloop
  endfacet
  facet normal 0 1 -0
    outer loop
      vertex 3.5 -10.1 4.64928
      vertex 2.2522 -10.1 6.67
      vertex 3.5 -10.1 14.6907
    endloop
  endfacet
  facet normal 0 1 0
    outer loop
      vertex 2.2522 -10.1 6.67
      vertex 3.5 -10.1 4.64928
      vertex 2.24339 -10.1 6.47095
    endloop
  endfacet
  facet normal 0 1 0
    outer loop
      vertex 2.24339 -10.1 6.47095
      vertex 3.5 -10.1 4.64928
      vertex 2.21702 -10.1 6.27346
    endloop
  endfacet
  facet normal 0 1 0
    outer loop
      vertex 3.5 -10.1 4.64928
      vertex 2.1733 -10.1 6.07907
      vertex 2.21702 -10.1 6.27346
    endloop
  endfacet
  facet normal 0 1 0
    outer loop
      vertex 3.5 -10.1 4.64928
      vertex 2.11257 -10.1 5.88931
      vertex 2.1733 -10.1 6.07907
    endloop
  endfacet
  facet normal 0 1 0
    outer loop
      vertex 3.5 -10.1 4.64928
      vertex 2.0353 -10.1 5.70565
      vertex 2.11257 -10.1 5.88931
    endloop
  endfacet
  facet normal 0 1 0
    outer loop
      vertex 3.5 -10.1 4.64928
      vertex 1.94211 -10.1 5.52954
      vertex 2.0353 -10.1 5.70565
    endloop
  endfacet
  facet normal 0 1 0
    outer loop
      vertex 3.5 -10.1 4.64928
      vertex 1.83371 -10.1 5.36236
      vertex 1.94211 -10.1 5.52954
    endloop
  endfacet
  facet normal 0 1 0
    outer loop
      vertex 3.5 -10.1 4.64928
      vertex 1.71097 -10.1 5.20542
      vertex 1.83371 -10.1 5.36236
    endloop
  endfacet
  facet normal 0 1 0
    outer loop
      vertex 3.5 -10.1 4.64928
      vertex 1.57483 -10.1 5.05993
      vertex 1.71097 -10.1 5.20542
    endloop
  endfacet
  facet normal 0 1 0
    outer loop
      vertex 3.5 -10.1 4.64928
      vertex 1.42637 -10.1 4.92705
      vertex 1.57483 -10.1 5.05993
    endloop
  endfacet
  facet normal 0 1 0
    outer loop
      vertex 3.5 -10.1 4.64928
      vertex 1.26675 -10.1 4.80781
      vertex 1.42637 -10.1 4.92705
    endloop
  endfacet
  facet normal 0 1 0
    outer loop
      vertex 3.5 -10.1 4.64928
      vertex 1.09721 -10.1 4.70314
      vertex 1.26675 -10.1 4.80781
    endloop
  endfacet
  facet normal 0 1 0
    outer loop
      vertex 0 -10.1 2.62856
      vertex 1.09721 -10.1 4.70314
      vertex 3.5 -10.1 4.64928
    endloop
  endfacet
  facet normal 0 1 0
    outer loop
      vertex 1.09721 -10.1 4.70314
      vertex 0 -10.1 2.62856
      vertex 0.919087 -10.1 4.61386
    endloop
  endfacet
  facet normal 0 1 0
    outer loop
      vertex 0.919087 -10.1 4.61386
      vertex 0 -10.1 2.62856
      vertex 0.733769 -10.1 4.54068
    endloop
  endfacet
  facet normal 0 1 0
    outer loop
      vertex 0.733769 -10.1 4.54068
      vertex 0 -10.1 2.62856
      vertex 0.542708 -10.1 4.48416
    endloop
  endfacet
  facet normal 0 1 0
    outer loop
      vertex 0.542708 -10.1 4.48416
      vertex 0 -10.1 2.62856
      vertex 0.3474 -10.1 4.44475
    endloop
  endfacet
  facet normal 0 1 0
    outer loop
      vertex 0.149372 -10.1 4.42276
      vertex 0 -10.1 2.62856
      vertex -0.0498228 -10.1 4.41835
    endloop
  endfacet
  facet normal 0 1 0
    outer loop
      vertex 0.3474 -10.1 4.44475
      vertex 0 -10.1 2.62856
      vertex 0.149372 -10.1 4.42276
    endloop
  endfacet
  facet normal 0 1 0
    outer loop
      vertex -1.18314 -10.1 14.5864
      vertex 0 -10.1 16.7114
      vertex 0 -10.1 15.2706
    endloop
  endfacet
  facet normal 0 1 0
    outer loop
      vertex 0 -10.1 16.7114
      vertex -1.18314 -10.1 14.5864
      vertex -3.5 -10.1 14.6907
    endloop
  endfacet
  facet normal 0 1 -0
    outer loop
      vertex -1.34788 -10.1 14.4743
      vertex -3.5 -10.1 14.6907
      vertex -1.18314 -10.1 14.5864
    endloop
  endfacet
  facet normal 0 1 -0
    outer loop
      vertex -1.50207 -10.1 14.3482
      vertex -3.5 -10.1 14.6907
      vertex -1.34788 -10.1 14.4743
    endloop
  endfacet
  facet normal 0 1 -0
    outer loop
      vertex -1.64451 -10.1 14.2088
      vertex -3.5 -10.1 14.6907
      vertex -1.50207 -10.1 14.3482
    endloop
  endfacet
  facet normal 0 1 -0
    outer loop
      vertex -1.77408 -10.1 14.0575
      vertex -3.5 -10.1 14.6907
      vertex -1.64451 -10.1 14.2088
    endloop
  endfacet
  facet normal 0 1 -0
    outer loop
      vertex -1.88976 -10.1 13.8952
      vertex -3.5 -10.1 14.6907
      vertex -1.77408 -10.1 14.0575
    endloop
  endfacet
  facet normal 0 1 -0
    outer loop
      vertex -1.99065 -10.1 13.7234
      vertex -3.5 -10.1 14.6907
      vertex -1.88976 -10.1 13.8952
    endloop
  endfacet
  facet normal 0 1 -0
    outer loop
      vertex -2.07597 -10.1 13.5434
      vertex -3.5 -10.1 14.6907
      vertex -1.99065 -10.1 13.7234
    endloop
  endfacet
  facet normal 0 1 -0
    outer loop
      vertex -2.14503 -10.1 13.3565
      vertex -3.5 -10.1 14.6907
      vertex -2.07597 -10.1 13.5434
    endloop
  endfacet
  facet normal 0 1 -0
    outer loop
      vertex -2.19731 -10.1 13.1642
      vertex -3.5 -10.1 14.6907
      vertex -2.14503 -10.1 13.3565
    endloop
  endfacet
  facet normal 0 1 -0
    outer loop
      vertex -2.23239 -10.1 12.9681
      vertex -3.5 -10.1 14.6907
      vertex -2.19731 -10.1 13.1642
    endloop
  endfacet
  facet normal 0 1 -0
    outer loop
      vertex -2.25 -10.1 12.7696
      vertex -3.5 -10.1 14.6907
      vertex -2.23239 -10.1 12.9681
    endloop
  endfacet
  facet normal 0 1 -0
    outer loop
      vertex -2.25 -10.1 6.57038
      vertex -3.5 -10.1 14.6907
      vertex -2.25 -10.1 12.7696
    endloop
  endfacet
  facet normal 0 1 0
    outer loop
      vertex -3.5 -10.1 4.64928
      vertex -2.25 -10.1 6.57038
      vertex -2.23239 -10.1 6.37191
    endloop
  endfacet
  facet normal 0 1 0
    outer loop
      vertex -2.25 -10.1 6.57038
      vertex -3.5 -10.1 4.64928
      vertex -3.5 -10.1 14.6907
    endloop
  endfacet
  facet normal 0 1 0
    outer loop
      vertex -2.19731 -10.1 6.17578
      vertex -3.5 -10.1 4.64928
      vertex -2.23239 -10.1 6.37191
    endloop
  endfacet
  facet normal 0 1 0
    outer loop
      vertex -2.14503 -10.1 5.98352
      vertex -3.5 -10.1 4.64928
      vertex -2.19731 -10.1 6.17578
    endloop
  endfacet
  facet normal 0 1 0
    outer loop
      vertex -2.07597 -10.1 5.79662
      vertex -3.5 -10.1 4.64928
      vertex -2.14503 -10.1 5.98352
    endloop
  endfacet
  facet normal 0 1 0
    outer loop
      vertex -1.99065 -10.1 5.61657
      vertex -3.5 -10.1 4.64928
      vertex -2.07597 -10.1 5.79662
    endloop
  endfacet
  facet normal 0 1 0
    outer loop
      vertex -1.88976 -10.1 5.44476
      vertex -3.5 -10.1 4.64928
      vertex -1.99065 -10.1 5.61657
    endloop
  endfacet
  facet normal 0 1 0
    outer loop
      vertex -1.77408 -10.1 5.28253
      vertex -3.5 -10.1 4.64928
      vertex -1.88976 -10.1 5.44476
    endloop
  endfacet
  facet normal 0 1 0
    outer loop
      vertex -1.64451 -10.1 5.13117
      vertex -3.5 -10.1 4.64928
      vertex -1.77408 -10.1 5.28253
    endloop
  endfacet
  facet normal 0 1 0
    outer loop
      vertex -1.50207 -10.1 4.99185
      vertex -3.5 -10.1 4.64928
      vertex -1.64451 -10.1 5.13117
    endloop
  endfacet
  facet normal 0 1 0
    outer loop
      vertex -1.34788 -10.1 4.86566
      vertex -3.5 -10.1 4.64928
      vertex -1.50207 -10.1 4.99185
    endloop
  endfacet
  facet normal 0 1 0
    outer loop
      vertex -1.18314 -10.1 4.7536
      vertex -3.5 -10.1 4.64928
      vertex -1.34788 -10.1 4.86566
    endloop
  endfacet
  facet normal 0 1 0
    outer loop
      vertex 0 -10.1 2.62856
      vertex -1.18314 -10.1 4.7536
      vertex -1.00914 -10.1 4.65653
    endloop
  endfacet
  facet normal 0 1 0
    outer loop
      vertex 0 -10.1 2.62856
      vertex -1.00914 -10.1 4.65653
      vertex -0.827238 -10.1 4.57522
    endloop
  endfacet
  facet normal 0 1 0
    outer loop
      vertex 0 -10.1 2.62856
      vertex -0.827238 -10.1 4.57522
      vertex -0.638864 -10.1 4.51031
    endloop
  endfacet
  facet normal 0 1 0
    outer loop
      vertex 0 -10.1 2.62856
      vertex -0.638864 -10.1 4.51031
      vertex -0.44549 -10.1 4.4623
    endloop
  endfacet
  facet normal 0 1 0
    outer loop
      vertex 0 -10.1 2.62856
      vertex -0.44549 -10.1 4.4623
      vertex -0.24863 -10.1 4.43156
    endloop
  endfacet
  facet normal 0 1 0
    outer loop
      vertex -1.18314 -10.1 4.7536
      vertex 0 -10.1 2.62856
      vertex -3.5 -10.1 4.64928
    endloop
  endfacet
  facet normal 0 1 0
    outer loop
      vertex 0 -10.1 2.62856
      vertex -0.24863 -10.1 4.43156
      vertex -0.0498228 -10.1 4.41835
    endloop
  endfacet
  facet normal 0.499995 0 -0.866028
    outer loop
      vertex -3.5 -10.1 14.6907
      vertex 0 -6.9 16.7114
      vertex 0 -10.1 16.7114
    endloop
  endfacet
  facet normal 0.499995 0 -0.866028
    outer loop
      vertex 0 -6.9 16.7114
      vertex -3.5 -10.1 14.6907
      vertex -3.5 -6.9 14.6907
    endloop
  endfacet
  facet normal 0 1 -0
    outer loop
      vertex 19.3998 -10.1 6.17
      vertex 3.5 -10.1 13.17
      vertex 19.3998 -10.1 13.17
    endloop
  endfacet
  facet normal 0 1 0
    outer loop
      vertex 3.5 -10.1 13.17
      vertex 19.3998 -10.1 6.17
      vertex 3.5 -10.1 6.17
    endloop
  endfacet
  facet normal -0.0031104 0.500426 -0.865774
    outer loop
      vertex 19.9505 -8.84264 13.8959
      vertex 19.9921 -8.5 14.0938
      vertex 19.9799 -8.64644 14.0092
    endloop
  endfacet
  facet normal -0.0015622 0.500287 -0.865858
    outer loop
      vertex 19.9082 -9.03644 13.784
      vertex 19.9921 -8.5 14.0938
      vertex 19.9505 -8.84264 13.8959
    endloop
  endfacet
  facet normal -0.00252955 0.500399 -0.865791
    outer loop
      vertex 19.8532 -9.22704 13.674
      vertex 19.9921 -8.5 14.0938
      vertex 19.9082 -9.03644 13.784
    endloop
  endfacet
  facet normal -0.00011536 0.500055 -0.865994
    outer loop
      vertex 19.7857 -9.41357 13.5663
      vertex 19.9921 -8.5 14.0938
      vertex 19.8532 -9.22704 13.674
    endloop
  endfacet
  facet normal -6.63855e-05 0.500047 -0.865998
    outer loop
      vertex 19.706 -9.59525 13.4614
      vertex 19.9921 -8.5 14.0938
      vertex 19.7857 -9.41357 13.5663
    endloop
  endfacet
  facet normal -0.000544032 0.50014 -0.865944
    outer loop
      vertex 19.6145 -9.77126 13.3598
      vertex 19.9921 -8.5 14.0938
      vertex 19.706 -9.59525 13.4614
    endloop
  endfacet
  facet normal -0.000103878 0.500042 -0.866001
    outer loop
      vertex 19.5115 -9.94083 13.2619
      vertex 19.9921 -8.5 14.0938
      vertex 19.6145 -9.77126 13.3598
    endloop
  endfacet
  facet normal -1.27784e-05 0.50002 -0.866014
    outer loop
      vertex 19.3998 -10.1 13.17
      vertex 19.9921 -8.5 14.0938
      vertex 19.5115 -9.94083 13.2619
    endloop
  endfacet
  facet normal 0 0.500016 -0.866016
    outer loop
      vertex 3.5 -8.5 14.0938
      vertex 19.3998 -10.1 13.17
      vertex 3.5 -10.1 13.17
    endloop
  endfacet
  facet normal 0 0.500016 -0.866016
    outer loop
      vertex 19.3998 -10.1 13.17
      vertex 3.5 -8.5 14.0938
      vertex 19.9921 -8.5 14.0938
    endloop
  endfacet
  facet normal 0 -1 0
    outer loop
      vertex 3.5 -6.90001 6.17
      vertex 20 -6.90001 13.17
      vertex 3.5 -6.90001 13.17
    endloop
  endfacet
  facet normal 0 -1 -0
    outer loop
      vertex 20 -6.90001 13.17
      vertex 3.5 -6.90001 6.17
      vertex 20 -6.90001 6.17
    endloop
  endfacet
  facet normal -0.00183285 -0.500023 -0.86601
    outer loop
      vertex 19.9921 -8.5 14.0938
      vertex 20 -8.29999 13.9783
      vertex 19.9963 -8.44875 14.0642
    endloop
  endfacet
  facet normal 0 -0.500078 -0.86598
    outer loop
      vertex 20 -8.29999 13.9783
      vertex 19.9921 -8.5 14.0938
      vertex 3.5 -8.5 14.0938
    endloop
  endfacet
  facet normal -9.71222e-07 -0.500018 -0.866015
    outer loop
      vertex 3.5 -6.90001 13.17
      vertex 20 -8.29999 13.9783
      vertex 3.5 -8.5 14.0938
    endloop
  endfacet
  facet normal 0 -0.50001 -0.86602
    outer loop
      vertex 20 -8.29999 13.9783
      vertex 3.5 -6.90001 13.17
      vertex 20 -6.90001 13.17
    endloop
  endfacet
  facet normal 0 0 1
    outer loop
      vertex 19.3998 -10.1 6.17
      vertex 20 -8.29999 6.17
      vertex 20 -6.90001 6.17
    endloop
  endfacet
  facet normal 0 0 1
    outer loop
      vertex 20 -8.29999 6.17
      vertex 19.3998 -10.1 6.17
      vertex 19.9963 -8.44875 6.17
    endloop
  endfacet
  facet normal 0 0 1
    outer loop
      vertex 19.9963 -8.44875 6.17
      vertex 19.3998 -10.1 6.17
      vertex 19.9799 -8.64644 6.17
    endloop
  endfacet
  facet normal 0 0 1
    outer loop
      vertex 19.9799 -8.64644 6.17
      vertex 19.3998 -10.1 6.17
      vertex 19.9505 -8.84264 6.17
    endloop
  endfacet
  facet normal 0 0 1
    outer loop
      vertex 19.9505 -8.84264 6.17
      vertex 19.3998 -10.1 6.17
      vertex 19.9082 -9.03644 6.17
    endloop
  endfacet
  facet normal 0 0 1
    outer loop
      vertex 19.9082 -9.03644 6.17
      vertex 19.3998 -10.1 6.17
      vertex 19.8532 -9.22704 6.17
    endloop
  endfacet
  facet normal 0 0 1
    outer loop
      vertex 19.8532 -9.22704 6.17
      vertex 19.3998 -10.1 6.17
      vertex 19.7857 -9.41357 6.17
    endloop
  endfacet
  facet normal 0 0 1
    outer loop
      vertex 19.7857 -9.41357 6.17
      vertex 19.3998 -10.1 6.17
      vertex 19.706 -9.59525 6.17
    endloop
  endfacet
  facet normal 0 0 1
    outer loop
      vertex 19.706 -9.59525 6.17
      vertex 19.3998 -10.1 6.17
      vertex 19.6145 -9.77126 6.17
    endloop
  endfacet
  facet normal 0 0 1
    outer loop
      vertex 19.6145 -9.77126 6.17
      vertex 19.3998 -10.1 6.17
      vertex 19.5115 -9.94083 6.17
    endloop
  endfacet
  facet normal -0 0 1
    outer loop
      vertex 3.5 -6.90001 6.17
      vertex 19.3998 -10.1 6.17
      vertex 20 -6.90001 6.17
    endloop
  endfacet
  facet normal 0 0 1
    outer loop
      vertex 19.3998 -10.1 6.17
      vertex 3.5 -6.90001 6.17
      vertex 3.5 -10.1 6.17
    endloop
  endfacet
  facet normal 0.759671 -0 0.650308
    outer loop
      vertex -1.77408 -6.9 5.28253
      vertex -1.64451 -5.4 5.13117
      vertex -1.77408 -5.4 5.28253
    endloop
  endfacet
  facet normal 0.759671 0 0.650308
    outer loop
      vertex -1.64451 -5.4 5.13117
      vertex -1.77408 -6.9 5.28253
      vertex -1.64451 -6.9 5.13117
    endloop
  endfacet
  facet normal 0.759671 -0 0.650308
    outer loop
      vertex -1.77408 -11.3 5.28253
      vertex -1.64451 -10.1 5.13117
      vertex -1.77408 -10.1 5.28253
    endloop
  endfacet
  facet normal 0.759671 0 0.650308
    outer loop
      vertex -1.64451 -10.1 5.13117
      vertex -1.77408 -11.3 5.28253
      vertex -1.64451 -11.3 5.13117
    endloop
  endfacet
  facet normal 0.938014 -0 0.346598
    outer loop
      vertex -2.14503 -11.3 5.98352
      vertex -2.07597 -10.1 5.79662
      vertex -2.14503 -10.1 5.98352
    endloop
  endfacet
  facet normal 0.938014 0 0.346598
    outer loop
      vertex -2.07597 -10.1 5.79662
      vertex -2.14503 -11.3 5.98352
      vertex -2.07597 -11.3 5.79662
    endloop
  endfacet
  facet normal 0.938014 -0 0.346598
    outer loop
      vertex -2.14503 -6.9 5.98352
      vertex -2.07597 -5.4 5.79662
      vertex -2.14503 -5.4 5.98352
    endloop
  endfacet
  facet normal 0.938014 0 0.346598
    outer loop
      vertex -2.07597 -5.4 5.79662
      vertex -2.14503 -6.9 5.98352
      vertex -2.07597 -6.9 5.79662
    endloop
  endfacet
  facet normal 0.996087 -0 0.0883816
    outer loop
      vertex -2.25 -6.9 6.57038
      vertex -2.23239 -5.4 6.37191
      vertex -2.25 -5.4 6.57038
    endloop
  endfacet
  facet normal 0.996087 0 0.0883816
    outer loop
      vertex -2.23239 -5.4 6.37191
      vertex -2.25 -6.9 6.57038
      vertex -2.23239 -6.9 6.37191
    endloop
  endfacet
  facet normal 0.996087 -0 0.0883816
    outer loop
      vertex -2.25 -11.3 6.57038
      vertex -2.23239 -10.1 6.37191
      vertex -2.25 -10.1 6.57038
    endloop
  endfacet
  facet normal 0.996087 0 0.0883816
    outer loop
      vertex -2.23239 -10.1 6.37191
      vertex -2.25 -11.3 6.57038
      vertex -2.23239 -11.3 6.37191
    endloop
  endfacet
  facet normal -0.991195 0 -0.13241
    outer loop
      vertex 2.24339 -11.3 12.8691
      vertex 2.21702 -10.1 13.0665
      vertex 2.24339 -10.1 12.8691
    endloop
  endfacet
  facet normal -0.991195 -0 -0.13241
    outer loop
      vertex 2.21702 -10.1 13.0665
      vertex 2.24339 -11.3 12.8691
      vertex 2.21702 -11.3 13.0665
    endloop
  endfacet
  facet normal -0.991195 0 -0.13241
    outer loop
      vertex 2.24339 -6.9 12.8691
      vertex 2.21702 -5.4 13.0665
      vertex 2.24339 -5.4 12.8691
    endloop
  endfacet
  facet normal -0.991195 -0 -0.13241
    outer loop
      vertex 2.21702 -5.4 13.0665
      vertex 2.24339 -6.9 12.8691
      vertex 2.21702 -6.9 13.0665
    endloop
  endfacet
  facet normal 1 -0 0
    outer loop
      vertex -2.25 -6.9 12.7696
      vertex -2.25 -5.4 6.57038
      vertex -2.25 -5.4 12.7696
    endloop
  endfacet
  facet normal 1 0 0
    outer loop
      vertex -2.25 -5.4 6.57038
      vertex -2.25 -6.9 12.7696
      vertex -2.25 -6.9 6.57038
    endloop
  endfacet
  facet normal 1 -0 0
    outer loop
      vertex -2.25 -11.3 12.7696
      vertex -2.25 -10.1 6.57038
      vertex -2.25 -10.1 12.7696
    endloop
  endfacet
  facet normal 1 0 0
    outer loop
      vertex -2.25 -10.1 6.57038
      vertex -2.25 -11.3 12.7696
      vertex -2.25 -11.3 6.57038
    endloop
  endfacet
  facet normal 0.903627 0 -0.428319
    outer loop
      vertex -1.99065 -6.9 13.7234
      vertex -2.07597 -5.4 13.5434
      vertex -1.99065 -5.4 13.7234
    endloop
  endfacet
  facet normal 0.903627 0 -0.428319
    outer loop
      vertex -2.07597 -5.4 13.5434
      vertex -1.99065 -6.9 13.7234
      vertex -2.07597 -6.9 13.5434
    endloop
  endfacet
  facet normal 0.903627 0 -0.428319
    outer loop
      vertex -1.99065 -11.3 13.7234
      vertex -2.07597 -10.1 13.5434
      vertex -1.99065 -10.1 13.7234
    endloop
  endfacet
  facet normal 0.903627 0 -0.428319
    outer loop
      vertex -2.07597 -10.1 13.5434
      vertex -1.99065 -11.3 13.7234
      vertex -2.07597 -11.3 13.5434
    endloop
  endfacet
  facet normal -0.525326 0 0.850901
    outer loop
      vertex 1.09721 -10.1 4.70314
      vertex 1.26675 -11.3 4.80781
      vertex 1.26675 -10.1 4.80781
    endloop
  endfacet
  facet normal -0.525326 0 0.850901
    outer loop
      vertex 1.26675 -11.3 4.80781
      vertex 1.09721 -10.1 4.70314
      vertex 1.09721 -11.3 4.70314
    endloop
  endfacet
  facet normal -0.525326 0 0.850901
    outer loop
      vertex 1.09721 -5.4 4.70314
      vertex 1.26675 -6.9 4.80781
      vertex 1.26675 -5.4 4.80781
    endloop
  endfacet
  facet normal -0.525326 0 0.850901
    outer loop
      vertex 1.26675 -6.9 4.80781
      vertex 1.09721 -5.4 4.70314
      vertex 1.09721 -6.9 4.70314
    endloop
  endfacet
  facet normal -0.666983 0 -0.745073
    outer loop
      vertex 1.42637 -6.9 14.413
      vertex 1.57483 -5.4 14.2801
      vertex 1.57483 -6.9 14.2801
    endloop
  endfacet
  facet normal -0.666983 0 -0.745073
    outer loop
      vertex 1.57483 -5.4 14.2801
      vertex 1.42637 -6.9 14.413
      vertex 1.42637 -5.4 14.413
    endloop
  endfacet
  facet normal -0.666983 0 -0.745073
    outer loop
      vertex 1.42637 -11.3 14.413
      vertex 1.57483 -10.1 14.2801
      vertex 1.57483 -11.3 14.2801
    endloop
  endfacet
  facet normal -0.666983 0 -0.745073
    outer loop
      vertex 1.57483 -10.1 14.2801
      vertex 1.42637 -11.3 14.413
      vertex 1.42637 -10.1 14.413
    endloop
  endfacet
  facet normal 0.996088 0 -0.0883683
    outer loop
      vertex -2.23239 -6.9 12.9681
      vertex -2.25 -5.4 12.7696
      vertex -2.23239 -5.4 12.9681
    endloop
  endfacet
  facet normal 0.996088 0 -0.0883683
    outer loop
      vertex -2.25 -5.4 12.7696
      vertex -2.23239 -6.9 12.9681
      vertex -2.25 -6.9 12.7696
    endloop
  endfacet
  facet normal 0.996088 0 -0.0883683
    outer loop
      vertex -2.23239 -11.3 12.9681
      vertex -2.25 -10.1 12.7696
      vertex -2.23239 -10.1 12.9681
    endloop
  endfacet
  facet normal 0.996088 0 -0.0883683
    outer loop
      vertex -2.25 -10.1 12.7696
      vertex -2.23239 -11.3 12.9681
      vertex -2.25 -11.3 12.7696
    endloop
  endfacet
  facet normal -0.78782 0 -0.615905
    outer loop
      vertex 1.83371 -6.9 13.9776
      vertex 1.71097 -5.4 14.1346
      vertex 1.83371 -5.4 13.9776
    endloop
  endfacet
  facet normal -0.78782 -0 -0.615905
    outer loop
      vertex 1.71097 -5.4 14.1346
      vertex 1.83371 -6.9 13.9776
      vertex 1.71097 -6.9 14.1346
    endloop
  endfacet
  facet normal -0.78782 0 -0.615905
    outer loop
      vertex 1.83371 -11.3 13.9776
      vertex 1.71097 -10.1 14.1346
      vertex 1.83371 -10.1 13.9776
    endloop
  endfacet
  facet normal -0.78782 -0 -0.615905
    outer loop
      vertex 1.71097 -10.1 14.1346
      vertex 1.83371 -11.3 13.9776
      vertex 1.71097 -11.3 14.1346
    endloop
  endfacet
  facet normal 0.984378 -0 0.176067
    outer loop
      vertex -2.23239 -6.9 6.37191
      vertex -2.19731 -5.4 6.17578
      vertex -2.23239 -5.4 6.37191
    endloop
  endfacet
  facet normal 0.984378 0 0.176067
    outer loop
      vertex -2.19731 -5.4 6.17578
      vertex -2.23239 -6.9 6.37191
      vertex -2.19731 -6.9 6.17578
    endloop
  endfacet
  facet normal 0.984378 -0 0.176067
    outer loop
      vertex -2.23239 -11.3 6.37191
      vertex -2.19731 -10.1 6.17578
      vertex -2.23239 -10.1 6.37191
    endloop
  endfacet
  facet normal 0.984378 0 0.176067
    outer loop
      vertex -2.19731 -10.1 6.17578
      vertex -2.23239 -11.3 6.37191
      vertex -2.19731 -11.3 6.17578
    endloop
  endfacet
  facet normal -1 0 0
    outer loop
      vertex 2.2522 -11.3 6.67
      vertex 2.2522 -10.1 12.67
      vertex 2.2522 -10.1 6.67
    endloop
  endfacet
  facet normal -1 -0 0
    outer loop
      vertex 2.2522 -10.1 12.67
      vertex 2.2522 -11.3 6.67
      vertex 2.2522 -11.3 12.67
    endloop
  endfacet
  facet normal -1 0 0
    outer loop
      vertex 2.2522 -6.9 6.67
      vertex 2.2522 -5.4 12.67
      vertex 2.2522 -5.4 6.67
    endloop
  endfacet
  facet normal -1 -0 0
    outer loop
      vertex 2.2522 -5.4 12.67
      vertex 2.2522 -6.9 6.67
      vertex 2.2522 -6.9 12.67
    endloop
  endfacet
  facet normal -0.921699 0 -0.387907
    outer loop
      vertex 2.11257 -6.9 13.4507
      vertex 2.0353 -5.4 13.6343
      vertex 2.11257 -5.4 13.4507
    endloop
  endfacet
  facet normal -0.921699 -0 -0.387907
    outer loop
      vertex 2.0353 -5.4 13.6343
      vertex 2.11257 -6.9 13.4507
      vertex 2.0353 -6.9 13.6343
    endloop
  endfacet
  facet normal -0.921699 0 -0.387907
    outer loop
      vertex 2.11257 -11.3 13.4507
      vertex 2.0353 -10.1 13.6343
      vertex 2.11257 -10.1 13.4507
    endloop
  endfacet
  facet normal -0.921699 -0 -0.387907
    outer loop
      vertex 2.0353 -10.1 13.6343
      vertex 2.11257 -11.3 13.4507
      vertex 2.0353 -11.3 13.6343
    endloop
  endfacet
  facet normal 0.325782 0 0.945445
    outer loop
      vertex -0.827238 -5.4 4.57522
      vertex -0.638864 -6.9 4.51031
      vertex -0.638864 -5.4 4.51031
    endloop
  endfacet
  facet normal 0.325782 0 0.945445
    outer loop
      vertex -0.638864 -6.9 4.51031
      vertex -0.827238 -5.4 4.57522
      vertex -0.827238 -6.9 4.57522
    endloop
  endfacet
  facet normal 0.325782 0 0.945445
    outer loop
      vertex -0.827238 -10.1 4.57522
      vertex -0.638864 -11.3 4.51031
      vertex -0.638864 -10.1 4.51031
    endloop
  endfacet
  facet normal 0.325782 0 0.945445
    outer loop
      vertex -0.638864 -11.3 4.51031
      vertex -0.827238 -10.1 4.57522
      vertex -0.827238 -11.3 4.57522
    endloop
  endfacet
  facet normal 0.562436 0 0.826841
    outer loop
      vertex -1.34788 -10.1 4.86566
      vertex -1.18314 -11.3 4.7536
      vertex -1.18314 -10.1 4.7536
    endloop
  endfacet
  facet normal 0.562436 0 0.826841
    outer loop
      vertex -1.18314 -11.3 4.7536
      vertex -1.34788 -10.1 4.86566
      vertex -1.34788 -11.3 4.86566
    endloop
  endfacet
  facet normal 0.562436 0 0.826841
    outer loop
      vertex -1.34788 -5.4 4.86566
      vertex -1.18314 -6.9 4.7536
      vertex -1.18314 -5.4 4.7536
    endloop
  endfacet
  facet normal 0.562436 0 0.826841
    outer loop
      vertex -1.18314 -6.9 4.7536
      vertex -1.34788 -5.4 4.86566
      vertex -1.34788 -6.9 4.86566
    endloop
  endfacet
  facet normal -0.500133 0 -0.865948
    outer loop
      vertex 0 -11.3 15.2706
      vertex 1.09721 -10.1 14.6369
      vertex 1.09721 -11.3 14.6369
    endloop
  endfacet
  facet normal -0.500133 0 -0.865948
    outer loop
      vertex 1.09721 -10.1 14.6369
      vertex 0 -11.3 15.2706
      vertex 0 -10.1 15.2706
    endloop
  endfacet
  facet normal -0.500133 0 -0.865948
    outer loop
      vertex 0 -6.9 15.2706
      vertex 1.09721 -5.4 14.6369
      vertex 1.09721 -6.9 14.6369
    endloop
  endfacet
  facet normal -0.500133 0 -0.865948
    outer loop
      vertex 1.09721 -5.4 14.6369
      vertex 0 -6.9 15.2706
      vertex 0 -5.4 15.2706
    endloop
  endfacet
  facet normal -0.975629 0 0.219427
    outer loop
      vertex 2.1733 -6.9 6.07907
      vertex 2.21702 -5.4 6.27346
      vertex 2.1733 -5.4 6.07907
    endloop
  endfacet
  facet normal -0.975629 0 0.219427
    outer loop
      vertex 2.21702 -5.4 6.27346
      vertex 2.1733 -6.9 6.07907
      vertex 2.21702 -6.9 6.27346
    endloop
  endfacet
  facet normal -0.975629 0 0.219427
    outer loop
      vertex 2.1733 -11.3 6.07907
      vertex 2.21702 -10.1 6.27346
      vertex 2.1733 -10.1 6.07907
    endloop
  endfacet
  facet normal -0.975629 0 0.219427
    outer loop
      vertex 2.21702 -10.1 6.27346
      vertex 2.1733 -11.3 6.07907
      vertex 2.21702 -11.3 6.27346
    endloop
  endfacet
  facet normal 0.862317 -0 0.506369
    outer loop
      vertex -1.99065 -6.9 5.61657
      vertex -1.88976 -5.4 5.44476
      vertex -1.99065 -5.4 5.61657
    endloop
  endfacet
  facet normal 0.862317 0 0.506369
    outer loop
      vertex -1.88976 -5.4 5.44476
      vertex -1.99065 -6.9 5.61657
      vertex -1.88976 -6.9 5.44476
    endloop
  endfacet
  facet normal 0.862317 -0 0.506369
    outer loop
      vertex -1.99065 -11.3 5.61657
      vertex -1.88976 -10.1 5.44476
      vertex -1.99065 -10.1 5.61657
    endloop
  endfacet
  facet normal 0.862317 0 0.506369
    outer loop
      vertex -1.88976 -10.1 5.44476
      vertex -1.99065 -11.3 5.61657
      vertex -1.88976 -11.3 5.44476
    endloop
  endfacet
  facet normal 0.633071 0 -0.774094
    outer loop
      vertex -1.50207 -11.3 14.3482
      vertex -1.34788 -10.1 14.4743
      vertex -1.34788 -11.3 14.4743
    endloop
  endfacet
  facet normal 0.633071 0 -0.774094
    outer loop
      vertex -1.34788 -10.1 14.4743
      vertex -1.50207 -11.3 14.3482
      vertex -1.50207 -10.1 14.3482
    endloop
  endfacet
  facet normal 0.633071 0 -0.774094
    outer loop
      vertex -1.50207 -6.9 14.3482
      vertex -1.34788 -5.4 14.4743
      vertex -1.34788 -6.9 14.4743
    endloop
  endfacet
  facet normal 0.633071 0 -0.774094
    outer loop
      vertex -1.34788 -5.4 14.4743
      vertex -1.50207 -6.9 14.3482
      vertex -1.50207 -5.4 14.3482
    endloop
  endfacet
  facet normal -0.197797 0 0.980243
    outer loop
      vertex 0.3474 -10.1 4.44475
      vertex 0.542708 -11.3 4.48416
      vertex 0.542708 -10.1 4.48416
    endloop
  endfacet
  facet normal -0.197797 0 0.980243
    outer loop
      vertex 0.542708 -11.3 4.48416
      vertex 0.3474 -10.1 4.44475
      vertex 0.3474 -11.3 4.44475
    endloop
  endfacet
  facet normal -0.197797 0 0.980243
    outer loop
      vertex 0.3474 -5.4 4.44475
      vertex 0.542708 -6.9 4.48416
      vertex 0.542708 -5.4 4.48416
    endloop
  endfacet
  facet normal -0.197797 0 0.980243
    outer loop
      vertex 0.542708 -6.9 4.48416
      vertex 0.3474 -5.4 4.44475
      vertex 0.3474 -6.9 4.44475
    endloop
  endfacet
  facet normal 0.500611 0 -0.865672
    outer loop
      vertex -1.18314 -11.3 14.5864
      vertex 0 -10.1 15.2706
      vertex 0 -11.3 15.2706
    endloop
  endfacet
  facet normal 0.500611 0 -0.865672
    outer loop
      vertex 0 -10.1 15.2706
      vertex -1.18314 -11.3 14.5864
      vertex -1.18314 -10.1 14.5864
    endloop
  endfacet
  facet normal 0.500611 0 -0.865672
    outer loop
      vertex -1.18314 -6.9 14.5864
      vertex 0 -5.4 15.2706
      vertex 0 -6.9 15.2706
    endloop
  endfacet
  facet normal 0.500611 0 -0.865672
    outer loop
      vertex 0 -5.4 15.2706
      vertex -1.18314 -6.9 14.5864
      vertex -1.18314 -5.4 14.5864
    endloop
  endfacet
  facet normal 0.862304 0 -0.50639
    outer loop
      vertex -1.88976 -6.9 13.8952
      vertex -1.99065 -5.4 13.7234
      vertex -1.88976 -5.4 13.8952
    endloop
  endfacet
  facet normal 0.862304 0 -0.50639
    outer loop
      vertex -1.99065 -5.4 13.7234
      vertex -1.88976 -6.9 13.8952
      vertex -1.99065 -6.9 13.7234
    endloop
  endfacet
  facet normal 0.862304 0 -0.50639
    outer loop
      vertex -1.88976 -11.3 13.8952
      vertex -1.99065 -10.1 13.7234
      vertex -1.88976 -10.1 13.8952
    endloop
  endfacet
  facet normal 0.862304 0 -0.50639
    outer loop
      vertex -1.99065 -10.1 13.7234
      vertex -1.88976 -11.3 13.8952
      vertex -1.99065 -11.3 13.7234
    endloop
  endfacet
  facet normal -0.975631 0 -0.219417
    outer loop
      vertex 2.21702 -6.9 13.0665
      vertex 2.1733 -5.4 13.2609
      vertex 2.21702 -5.4 13.0665
    endloop
  endfacet
  facet normal -0.975631 -0 -0.219417
    outer loop
      vertex 2.1733 -5.4 13.2609
      vertex 2.21702 -6.9 13.0665
      vertex 2.1733 -6.9 13.2609
    endloop
  endfacet
  facet normal -0.975631 0 -0.219417
    outer loop
      vertex 2.21702 -11.3 13.0665
      vertex 2.1733 -10.1 13.2609
      vertex 2.21702 -10.1 13.0665
    endloop
  endfacet
  facet normal -0.975631 -0 -0.219417
    outer loop
      vertex 2.1733 -10.1 13.2609
      vertex 2.21702 -11.3 13.0665
      vertex 2.1733 -11.3 13.2609
    endloop
  endfacet
  facet normal -0.952433 0 -0.304748
    outer loop
      vertex 2.1733 -6.9 13.2609
      vertex 2.11257 -5.4 13.4507
      vertex 2.1733 -5.4 13.2609
    endloop
  endfacet
  facet normal -0.952433 -0 -0.304748
    outer loop
      vertex 2.11257 -5.4 13.4507
      vertex 2.1733 -6.9 13.2609
      vertex 2.11257 -6.9 13.4507
    endloop
  endfacet
  facet normal -0.952433 0 -0.304748
    outer loop
      vertex 2.1733 -11.3 13.2609
      vertex 2.11257 -10.1 13.4507
      vertex 2.1733 -10.1 13.2609
    endloop
  endfacet
  facet normal -0.952433 -0 -0.304748
    outer loop
      vertex 2.11257 -10.1 13.4507
      vertex 2.1733 -11.3 13.2609
      vertex 2.11257 -11.3 13.4507
    endloop
  endfacet
  facet normal 0.562574 0 -0.826747
    outer loop
      vertex -1.34788 -11.3 14.4743
      vertex -1.18314 -10.1 14.5864
      vertex -1.18314 -11.3 14.5864
    endloop
  endfacet
  facet normal 0.562574 0 -0.826747
    outer loop
      vertex -1.18314 -10.1 14.5864
      vertex -1.34788 -11.3 14.4743
      vertex -1.34788 -10.1 14.4743
    endloop
  endfacet
  facet normal 0.562574 0 -0.826747
    outer loop
      vertex -1.34788 -6.9 14.4743
      vertex -1.18314 -5.4 14.5864
      vertex -1.18314 -6.9 14.5864
    endloop
  endfacet
  facet normal 0.562574 0 -0.826747
    outer loop
      vertex -1.18314 -5.4 14.5864
      vertex -1.34788 -6.9 14.4743
      vertex -1.34788 -5.4 14.4743
    endloop
  endfacet
  facet normal -0.999022 0 -0.0442059
    outer loop
      vertex 2.2522 -11.3 12.67
      vertex 2.24339 -10.1 12.8691
      vertex 2.2522 -10.1 12.67
    endloop
  endfacet
  facet normal -0.999022 -0 -0.0442059
    outer loop
      vertex 2.24339 -10.1 12.8691
      vertex 2.2522 -11.3 12.67
      vertex 2.24339 -11.3 12.8691
    endloop
  endfacet
  facet normal -0.999022 0 -0.0442059
    outer loop
      vertex 2.2522 -6.9 12.67
      vertex 2.24339 -5.4 12.8691
      vertex 2.2522 -5.4 12.67
    endloop
  endfacet
  facet normal -0.999022 -0 -0.0442059
    outer loop
      vertex 2.24339 -5.4 12.8691
      vertex 2.2522 -6.9 12.67
      vertex 2.24339 -6.9 12.8691
    endloop
  endfacet
  facet normal -0.367289 0 0.930107
    outer loop
      vertex 0.733769 -10.1 4.54068
      vertex 0.919087 -11.3 4.61386
      vertex 0.919087 -10.1 4.61386
    endloop
  endfacet
  facet normal -0.367289 0 0.930107
    outer loop
      vertex 0.919087 -11.3 4.61386
      vertex 0.733769 -10.1 4.54068
      vertex 0.733769 -11.3 4.54068
    endloop
  endfacet
  facet normal -0.367289 0 0.930107
    outer loop
      vertex 0.733769 -5.4 4.54068
      vertex 0.919087 -6.9 4.61386
      vertex 0.919087 -5.4 4.61386
    endloop
  endfacet
  facet normal -0.367289 0 0.930107
    outer loop
      vertex 0.919087 -6.9 4.61386
      vertex 0.733769 -5.4 4.54068
      vertex 0.733769 -6.9 4.54068
    endloop
  endfacet
  facet normal 0.938014 0 -0.346598
    outer loop
      vertex -2.07597 -11.3 13.5434
      vertex -2.14503 -10.1 13.3565
      vertex -2.07597 -10.1 13.5434
    endloop
  endfacet
  facet normal 0.938014 0 -0.346598
    outer loop
      vertex -2.14503 -10.1 13.3565
      vertex -2.07597 -11.3 13.5434
      vertex -2.14503 -11.3 13.3565
    endloop
  endfacet
  facet normal 0.938014 0 -0.346598
    outer loop
      vertex -2.07597 -6.9 13.5434
      vertex -2.14503 -5.4 13.3565
      vertex -2.07597 -5.4 13.5434
    endloop
  endfacet
  facet normal 0.938014 0 -0.346598
    outer loop
      vertex -2.14503 -5.4 13.3565
      vertex -2.07597 -6.9 13.5434
      vertex -2.14503 -6.9 13.3565
    endloop
  endfacet
  facet normal 0.984374 0 -0.176093
    outer loop
      vertex -2.19731 -6.9 13.1642
      vertex -2.23239 -5.4 12.9681
      vertex -2.19731 -5.4 13.1642
    endloop
  endfacet
  facet normal 0.984374 0 -0.176093
    outer loop
      vertex -2.23239 -5.4 12.9681
      vertex -2.19731 -6.9 13.1642
      vertex -2.23239 -6.9 12.9681
    endloop
  endfacet
  facet normal 0.984374 0 -0.176093
    outer loop
      vertex -2.19731 -11.3 13.1642
      vertex -2.23239 -10.1 12.9681
      vertex -2.19731 -10.1 13.1642
    endloop
  endfacet
  facet normal 0.984374 0 -0.176093
    outer loop
      vertex -2.23239 -10.1 12.9681
      vertex -2.19731 -11.3 13.1642
      vertex -2.23239 -11.3 12.9681
    endloop
  endfacet
  facet normal 0.759544 0 -0.650456
    outer loop
      vertex -1.64451 -11.3 14.2088
      vertex -1.77408 -10.1 14.0575
      vertex -1.64451 -10.1 14.2088
    endloop
  endfacet
  facet normal 0.759544 0 -0.650456
    outer loop
      vertex -1.77408 -10.1 14.0575
      vertex -1.64451 -11.3 14.2088
      vertex -1.77408 -11.3 14.0575
    endloop
  endfacet
  facet normal 0.759544 0 -0.650456
    outer loop
      vertex -1.64451 -6.9 14.2088
      vertex -1.77408 -5.4 14.0575
      vertex -1.64451 -5.4 14.2088
    endloop
  endfacet
  facet normal 0.759544 0 -0.650456
    outer loop
      vertex -1.77408 -5.4 14.0575
      vertex -1.64451 -6.9 14.2088
      vertex -1.77408 -6.9 14.0575
    endloop
  endfacet
  facet normal 0.487189 0 0.873297
    outer loop
      vertex -1.18314 -10.1 4.7536
      vertex -1.00914 -11.3 4.65653
      vertex -1.00914 -10.1 4.65653
    endloop
  endfacet
  facet normal 0.487189 0 0.873297
    outer loop
      vertex -1.00914 -11.3 4.65653
      vertex -1.18314 -10.1 4.7536
      vertex -1.18314 -11.3 4.7536
    endloop
  endfacet
  facet normal 0.487189 0 0.873297
    outer loop
      vertex -1.18314 -5.4 4.7536
      vertex -1.00914 -6.9 4.65653
      vertex -1.00914 -5.4 4.65653
    endloop
  endfacet
  facet normal 0.487189 0 0.873297
    outer loop
      vertex -1.00914 -6.9 4.65653
      vertex -1.18314 -5.4 4.7536
      vertex -1.18314 -6.9 4.7536
    endloop
  endfacet
  facet normal 0.96496 -0 0.262395
    outer loop
      vertex -2.19731 -11.3 6.17578
      vertex -2.14503 -10.1 5.98352
      vertex -2.19731 -10.1 6.17578
    endloop
  endfacet
  facet normal 0.96496 0 0.262395
    outer loop
      vertex -2.14503 -10.1 5.98352
      vertex -2.19731 -11.3 6.17578
      vertex -2.14503 -11.3 5.98352
    endloop
  endfacet
  facet normal 0.96496 -0 0.262395
    outer loop
      vertex -2.19731 -6.9 6.17578
      vertex -2.14503 -5.4 5.98352
      vertex -2.19731 -5.4 6.17578
    endloop
  endfacet
  facet normal 0.96496 0 0.262395
    outer loop
      vertex -2.14503 -5.4 5.98352
      vertex -2.19731 -6.9 6.17578
      vertex -2.14503 -6.9 5.98352
    endloop
  endfacet
  facet normal -0.110367 0 0.993891
    outer loop
      vertex 0.149372 -5.4 4.42276
      vertex 0.3474 -6.9 4.44475
      vertex 0.3474 -5.4 4.44475
    endloop
  endfacet
  facet normal -0.110367 0 0.993891
    outer loop
      vertex 0.3474 -6.9 4.44475
      vertex 0.149372 -5.4 4.42276
      vertex 0.149372 -6.9 4.42276
    endloop
  endfacet
  facet normal -0.110367 0 0.993891
    outer loop
      vertex 0.149372 -10.1 4.42276
      vertex 0.3474 -11.3 4.44475
      vertex 0.3474 -10.1 4.44475
    endloop
  endfacet
  facet normal -0.110367 0 0.993891
    outer loop
      vertex 0.3474 -11.3 4.44475
      vertex 0.149372 -10.1 4.42276
      vertex 0.149372 -11.3 4.42276
    endloop
  endfacet
  facet normal -0.921744 0 0.387799
    outer loop
      vertex 2.0353 -6.9 5.70565
      vertex 2.11257 -5.4 5.88931
      vertex 2.0353 -5.4 5.70565
    endloop
  endfacet
  facet normal -0.921744 0 0.387799
    outer loop
      vertex 2.11257 -5.4 5.88931
      vertex 2.0353 -6.9 5.70565
      vertex 2.11257 -6.9 5.88931
    endloop
  endfacet
  facet normal -0.921744 0 0.387799
    outer loop
      vertex 2.0353 -11.3 5.70565
      vertex 2.11257 -10.1 5.88931
      vertex 2.0353 -10.1 5.70565
    endloop
  endfacet
  facet normal -0.921744 0 0.387799
    outer loop
      vertex 2.11257 -10.1 5.88931
      vertex 2.0353 -11.3 5.70565
      vertex 2.11257 -11.3 5.88931
    endloop
  endfacet
  facet normal 0.633342 0 0.773872
    outer loop
      vertex -1.50207 -10.1 4.99185
      vertex -1.34788 -11.3 4.86566
      vertex -1.34788 -10.1 4.86566
    endloop
  endfacet
  facet normal 0.633342 0 0.773872
    outer loop
      vertex -1.34788 -11.3 4.86566
      vertex -1.50207 -10.1 4.99185
      vertex -1.50207 -11.3 4.99185
    endloop
  endfacet
  facet normal 0.633342 0 0.773872
    outer loop
      vertex -1.50207 -5.4 4.99185
      vertex -1.34788 -6.9 4.86566
      vertex -1.34788 -5.4 4.86566
    endloop
  endfacet
  facet normal 0.633342 0 0.773872
    outer loop
      vertex -1.34788 -6.9 4.86566
      vertex -1.50207 -5.4 4.99185
      vertex -1.50207 -6.9 4.99185
    endloop
  endfacet
  facet normal 0.699439 0 -0.714692
    outer loop
      vertex -1.64451 -11.3 14.2088
      vertex -1.50207 -10.1 14.3482
      vertex -1.50207 -11.3 14.3482
    endloop
  endfacet
  facet normal 0.699439 0 -0.714692
    outer loop
      vertex -1.50207 -10.1 14.3482
      vertex -1.64451 -11.3 14.2088
      vertex -1.64451 -10.1 14.2088
    endloop
  endfacet
  facet normal 0.699439 0 -0.714692
    outer loop
      vertex -1.64451 -6.9 14.2088
      vertex -1.50207 -5.4 14.3482
      vertex -1.50207 -6.9 14.3482
    endloop
  endfacet
  facet normal 0.699439 0 -0.714692
    outer loop
      vertex -1.50207 -5.4 14.3482
      vertex -1.64451 -6.9 14.2088
      vertex -1.64451 -5.4 14.2088
    endloop
  endfacet
  facet normal 0.0663001 0 0.9978
    outer loop
      vertex -0.24863 -10.1 4.43156
      vertex -0.0498228 -11.3 4.41835
      vertex -0.0498228 -10.1 4.41835
    endloop
  endfacet
  facet normal 0.0663001 0 0.9978
    outer loop
      vertex -0.0498228 -11.3 4.41835
      vertex -0.24863 -10.1 4.43156
      vertex -0.24863 -11.3 4.43156
    endloop
  endfacet
  facet normal 0.0663001 0 0.9978
    outer loop
      vertex -0.24863 -5.4 4.43156
      vertex -0.0498228 -6.9 4.41835
      vertex -0.0498228 -5.4 4.41835
    endloop
  endfacet
  facet normal 0.0663001 0 0.9978
    outer loop
      vertex -0.0498228 -6.9 4.41835
      vertex -0.24863 -5.4 4.43156
      vertex -0.24863 -6.9 4.43156
    endloop
  endfacet
  facet normal -0.999022 0 0.0442169
    outer loop
      vertex 2.24339 -6.9 6.47095
      vertex 2.2522 -5.4 6.67
      vertex 2.24339 -5.4 6.47095
    endloop
  endfacet
  facet normal -0.999022 0 0.0442169
    outer loop
      vertex 2.2522 -5.4 6.67
      vertex 2.24339 -6.9 6.47095
      vertex 2.2522 -6.9 6.67
    endloop
  endfacet
  facet normal -0.999022 0 0.0442169
    outer loop
      vertex 2.24339 -11.3 6.47095
      vertex 2.2522 -10.1 6.67
      vertex 2.24339 -10.1 6.47095
    endloop
  endfacet
  facet normal -0.999022 0 0.0442169
    outer loop
      vertex 2.2522 -10.1 6.67
      vertex 2.24339 -11.3 6.47095
      vertex 2.2522 -11.3 6.67
    endloop
  endfacet
  facet normal -0.666927 0 0.745123
    outer loop
      vertex 1.42637 -10.1 4.92705
      vertex 1.57483 -11.3 5.05993
      vertex 1.57483 -10.1 5.05993
    endloop
  endfacet
  facet normal -0.666927 0 0.745123
    outer loop
      vertex 1.57483 -11.3 5.05993
      vertex 1.42637 -10.1 4.92705
      vertex 1.42637 -11.3 4.92705
    endloop
  endfacet
  facet normal -0.666927 0 0.745123
    outer loop
      vertex 1.42637 -5.4 4.92705
      vertex 1.57483 -6.9 5.05993
      vertex 1.57483 -5.4 5.05993
    endloop
  endfacet
  facet normal -0.666927 0 0.745123
    outer loop
      vertex 1.57483 -6.9 5.05993
      vertex 1.42637 -5.4 4.92705
      vertex 1.42637 -6.9 4.92705
    endloop
  endfacet
  facet normal 0.964974 0 -0.262345
    outer loop
      vertex -2.14503 -11.3 13.3565
      vertex -2.19731 -10.1 13.1642
      vertex -2.14503 -10.1 13.3565
    endloop
  endfacet
  facet normal 0.964974 0 -0.262345
    outer loop
      vertex -2.19731 -10.1 13.1642
      vertex -2.14503 -11.3 13.3565
      vertex -2.19731 -11.3 13.1642
    endloop
  endfacet
  facet normal 0.964974 0 -0.262345
    outer loop
      vertex -2.14503 -6.9 13.3565
      vertex -2.19731 -5.4 13.1642
      vertex -2.14503 -5.4 13.3565
    endloop
  endfacet
  facet normal 0.964974 0 -0.262345
    outer loop
      vertex -2.19731 -5.4 13.1642
      vertex -2.14503 -6.9 13.3565
      vertex -2.19731 -6.9 13.1642
    endloop
  endfacet
  facet normal -0.883979 0 -0.467526
    outer loop
      vertex 2.0353 -6.9 13.6343
      vertex 1.94211 -5.4 13.8105
      vertex 2.0353 -5.4 13.6343
    endloop
  endfacet
  facet normal -0.883979 -0 -0.467526
    outer loop
      vertex 1.94211 -5.4 13.8105
      vertex 2.0353 -6.9 13.6343
      vertex 1.94211 -6.9 13.8105
    endloop
  endfacet
  facet normal -0.883979 0 -0.467526
    outer loop
      vertex 2.0353 -11.3 13.6343
      vertex 1.94211 -10.1 13.8105
      vertex 2.0353 -10.1 13.6343
    endloop
  endfacet
  facet normal -0.883979 -0 -0.467526
    outer loop
      vertex 1.94211 -10.1 13.8105
      vertex 2.0353 -11.3 13.6343
      vertex 1.94211 -11.3 13.8105
    endloop
  endfacet
  facet normal 0.814205 -0 0.580578
    outer loop
      vertex -1.88976 -11.3 5.44476
      vertex -1.77408 -10.1 5.28253
      vertex -1.88976 -10.1 5.44476
    endloop
  endfacet
  facet normal 0.814205 0 0.580578
    outer loop
      vertex -1.77408 -10.1 5.28253
      vertex -1.88976 -11.3 5.44476
      vertex -1.77408 -11.3 5.28253
    endloop
  endfacet
  facet normal 0.814205 -0 0.580578
    outer loop
      vertex -1.88976 -6.9 5.44476
      vertex -1.77408 -5.4 5.28253
      vertex -1.88976 -5.4 5.44476
    endloop
  endfacet
  facet normal 0.814205 0 0.580578
    outer loop
      vertex -1.77408 -5.4 5.28253
      vertex -1.88976 -6.9 5.44476
      vertex -1.77408 -6.9 5.28253
    endloop
  endfacet
  facet normal -0.952414 0 0.304807
    outer loop
      vertex 2.11257 -6.9 5.88931
      vertex 2.1733 -5.4 6.07907
      vertex 2.11257 -5.4 5.88931
    endloop
  endfacet
  facet normal -0.952414 0 0.304807
    outer loop
      vertex 2.1733 -5.4 6.07907
      vertex 2.11257 -6.9 5.88931
      vertex 2.1733 -6.9 6.07907
    endloop
  endfacet
  facet normal -0.952414 0 0.304807
    outer loop
      vertex 2.11257 -11.3 5.88931
      vertex 2.1733 -10.1 6.07907
      vertex 2.11257 -10.1 5.88931
    endloop
  endfacet
  facet normal -0.952414 0 0.304807
    outer loop
      vertex 2.1733 -10.1 6.07907
      vertex 2.11257 -11.3 5.88931
      vertex 2.1733 -11.3 6.07907
    endloop
  endfacet
  facet normal -0.787706 0 0.616051
    outer loop
      vertex 1.71097 -11.3 5.20542
      vertex 1.83371 -10.1 5.36236
      vertex 1.71097 -10.1 5.20542
    endloop
  endfacet
  facet normal -0.787706 0 0.616051
    outer loop
      vertex 1.83371 -10.1 5.36236
      vertex 1.71097 -11.3 5.20542
      vertex 1.83371 -11.3 5.36236
    endloop
  endfacet
  facet normal -0.787706 0 0.616051
    outer loop
      vertex 1.71097 -6.9 5.20542
      vertex 1.83371 -5.4 5.36236
      vertex 1.71097 -5.4 5.20542
    endloop
  endfacet
  facet normal -0.787706 0 0.616051
    outer loop
      vertex 1.83371 -5.4 5.36236
      vertex 1.71097 -6.9 5.20542
      vertex 1.83371 -6.9 5.36236
    endloop
  endfacet
  facet normal 0.814323 0 -0.580412
    outer loop
      vertex -1.77408 -6.9 14.0575
      vertex -1.88976 -5.4 13.8952
      vertex -1.77408 -5.4 14.0575
    endloop
  endfacet
  facet normal 0.814323 0 -0.580412
    outer loop
      vertex -1.88976 -5.4 13.8952
      vertex -1.77408 -6.9 14.0575
      vertex -1.88976 -6.9 13.8952
    endloop
  endfacet
  facet normal 0.814323 0 -0.580412
    outer loop
      vertex -1.77408 -11.3 14.0575
      vertex -1.88976 -10.1 13.8952
      vertex -1.77408 -10.1 14.0575
    endloop
  endfacet
  facet normal 0.814323 0 -0.580412
    outer loop
      vertex -1.88976 -10.1 13.8952
      vertex -1.77408 -11.3 14.0575
      vertex -1.88976 -11.3 13.8952
    endloop
  endfacet
  facet normal -0.730204 0 -0.68323
    outer loop
      vertex 1.71097 -6.9 14.1346
      vertex 1.57483 -5.4 14.2801
      vertex 1.71097 -5.4 14.1346
    endloop
  endfacet
  facet normal -0.730204 -0 -0.68323
    outer loop
      vertex 1.57483 -5.4 14.2801
      vertex 1.71097 -6.9 14.1346
      vertex 1.57483 -6.9 14.2801
    endloop
  endfacet
  facet normal -0.730204 0 -0.68323
    outer loop
      vertex 1.71097 -11.3 14.1346
      vertex 1.57483 -10.1 14.2801
      vertex 1.71097 -10.1 14.1346
    endloop
  endfacet
  facet normal -0.730204 -0 -0.68323
    outer loop
      vertex 1.57483 -10.1 14.2801
      vertex 1.71097 -11.3 14.1346
      vertex 1.57483 -11.3 14.2801
    endloop
  endfacet
  facet normal -0.883881 0 0.467712
    outer loop
      vertex 1.94211 -6.9 5.52954
      vertex 2.0353 -5.4 5.70565
      vertex 1.94211 -5.4 5.52954
    endloop
  endfacet
  facet normal -0.883881 0 0.467712
    outer loop
      vertex 2.0353 -5.4 5.70565
      vertex 1.94211 -6.9 5.52954
      vertex 2.0353 -6.9 5.70565
    endloop
  endfacet
  facet normal -0.883881 0 0.467712
    outer loop
      vertex 1.94211 -11.3 5.52954
      vertex 2.0353 -10.1 5.70565
      vertex 1.94211 -10.1 5.52954
    endloop
  endfacet
  facet normal -0.883881 0 0.467712
    outer loop
      vertex 2.0353 -10.1 5.70565
      vertex 1.94211 -11.3 5.52954
      vertex 2.0353 -11.3 5.70565
    endloop
  endfacet
  facet normal -0.991203 0 0.132351
    outer loop
      vertex 2.21702 -6.9 6.27346
      vertex 2.24339 -5.4 6.47095
      vertex 2.21702 -5.4 6.27346
    endloop
  endfacet
  facet normal -0.991203 0 0.132351
    outer loop
      vertex 2.24339 -5.4 6.47095
      vertex 2.21702 -6.9 6.27346
      vertex 2.24339 -6.9 6.47095
    endloop
  endfacet
  facet normal -0.991203 0 0.132351
    outer loop
      vertex 2.21702 -11.3 6.27346
      vertex 2.24339 -10.1 6.47095
      vertex 2.21702 -10.1 6.27346
    endloop
  endfacet
  facet normal -0.991203 0 0.132351
    outer loop
      vertex 2.24339 -10.1 6.47095
      vertex 2.21702 -11.3 6.27346
      vertex 2.24339 -11.3 6.47095
    endloop
  endfacet
  facet normal 0.408085 0 0.912944
    outer loop
      vertex -1.00914 -10.1 4.65653
      vertex -0.827238 -11.3 4.57522
      vertex -0.827238 -10.1 4.57522
    endloop
  endfacet
  facet normal 0.408085 0 0.912944
    outer loop
      vertex -0.827238 -11.3 4.57522
      vertex -1.00914 -10.1 4.65653
      vertex -1.00914 -11.3 4.65653
    endloop
  endfacet
  facet normal 0.408085 0 0.912944
    outer loop
      vertex -1.00914 -5.4 4.65653
      vertex -0.827238 -6.9 4.57522
      vertex -0.827238 -5.4 4.57522
    endloop
  endfacet
  facet normal 0.408085 0 0.912944
    outer loop
      vertex -0.827238 -6.9 4.57522
      vertex -1.00914 -5.4 4.65653
      vertex -1.00914 -6.9 4.65653
    endloop
  endfacet
  facet normal -0.598473 0 0.801143
    outer loop
      vertex 1.26675 -10.1 4.80781
      vertex 1.42637 -11.3 4.92705
      vertex 1.42637 -10.1 4.92705
    endloop
  endfacet
  facet normal -0.598473 0 0.801143
    outer loop
      vertex 1.42637 -11.3 4.92705
      vertex 1.26675 -10.1 4.80781
      vertex 1.26675 -11.3 4.80781
    endloop
  endfacet
  facet normal -0.598473 0 0.801143
    outer loop
      vertex 1.26675 -5.4 4.80781
      vertex 1.42637 -6.9 4.92705
      vertex 1.42637 -5.4 4.92705
    endloop
  endfacet
  facet normal -0.598473 0 0.801143
    outer loop
      vertex 1.42637 -6.9 4.92705
      vertex 1.26675 -5.4 4.80781
      vertex 1.26675 -6.9 4.80781
    endloop
  endfacet
  facet normal -0.525435 0 -0.850834
    outer loop
      vertex 1.09721 -11.3 14.6369
      vertex 1.26675 -10.1 14.5322
      vertex 1.26675 -11.3 14.5322
    endloop
  endfacet
  facet normal -0.525435 0 -0.850834
    outer loop
      vertex 1.26675 -10.1 14.5322
      vertex 1.09721 -11.3 14.6369
      vertex 1.09721 -10.1 14.6369
    endloop
  endfacet
  facet normal -0.525435 0 -0.850834
    outer loop
      vertex 1.09721 -6.9 14.6369
      vertex 1.26675 -5.4 14.5322
      vertex 1.26675 -6.9 14.5322
    endloop
  endfacet
  facet normal -0.525435 0 -0.850834
    outer loop
      vertex 1.26675 -5.4 14.5322
      vertex 1.09721 -6.9 14.6369
      vertex 1.09721 -5.4 14.6369
    endloop
  endfacet
  facet normal -0.839055 0 0.544046
    outer loop
      vertex 1.83371 -11.3 5.36236
      vertex 1.94211 -10.1 5.52954
      vertex 1.83371 -10.1 5.36236
    endloop
  endfacet
  facet normal -0.839055 0 0.544046
    outer loop
      vertex 1.94211 -10.1 5.52954
      vertex 1.83371 -11.3 5.36236
      vertex 1.94211 -11.3 5.52954
    endloop
  endfacet
  facet normal -0.839055 0 0.544046
    outer loop
      vertex 1.83371 -6.9 5.36236
      vertex 1.94211 -5.4 5.52954
      vertex 1.83371 -5.4 5.36236
    endloop
  endfacet
  facet normal -0.839055 0 0.544046
    outer loop
      vertex 1.94211 -5.4 5.52954
      vertex 1.83371 -6.9 5.36236
      vertex 1.94211 -6.9 5.52954
    endloop
  endfacet
  facet normal -0.28367 0 0.958922
    outer loop
      vertex 0.542708 -10.1 4.48416
      vertex 0.733769 -11.3 4.54068
      vertex 0.733769 -10.1 4.54068
    endloop
  endfacet
  facet normal -0.28367 0 0.958922
    outer loop
      vertex 0.733769 -11.3 4.54068
      vertex 0.542708 -10.1 4.48416
      vertex 0.542708 -11.3 4.48416
    endloop
  endfacet
  facet normal -0.28367 0 0.958922
    outer loop
      vertex 0.542708 -5.4 4.48416
      vertex 0.733769 -6.9 4.54068
      vertex 0.733769 -5.4 4.54068
    endloop
  endfacet
  facet normal -0.28367 0 0.958922
    outer loop
      vertex 0.733769 -6.9 4.54068
      vertex 0.542708 -5.4 4.48416
      vertex 0.542708 -6.9 4.48416
    endloop
  endfacet
  facet normal -0.448091 0 0.893988
    outer loop
      vertex 0.919087 -10.1 4.61386
      vertex 1.09721 -11.3 4.70314
      vertex 1.09721 -10.1 4.70314
    endloop
  endfacet
  facet normal -0.448091 0 0.893988
    outer loop
      vertex 1.09721 -11.3 4.70314
      vertex 0.919087 -10.1 4.61386
      vertex 0.919087 -11.3 4.61386
    endloop
  endfacet
  facet normal -0.448091 0 0.893988
    outer loop
      vertex 0.919087 -5.4 4.61386
      vertex 1.09721 -6.9 4.70314
      vertex 1.09721 -5.4 4.70314
    endloop
  endfacet
  facet normal -0.448091 0 0.893988
    outer loop
      vertex 1.09721 -6.9 4.70314
      vertex 0.919087 -5.4 4.61386
      vertex 0.919087 -6.9 4.61386
    endloop
  endfacet
  facet normal -0.0221337 0 0.999755
    outer loop
      vertex -0.0498228 -5.4 4.41835
      vertex 0.149372 -6.9 4.42276
      vertex 0.149372 -5.4 4.42276
    endloop
  endfacet
  facet normal -0.0221337 0 0.999755
    outer loop
      vertex 0.149372 -6.9 4.42276
      vertex -0.0498228 -5.4 4.41835
      vertex -0.0498228 -6.9 4.41835
    endloop
  endfacet
  facet normal -0.0221337 0 0.999755
    outer loop
      vertex -0.0498228 -10.1 4.41835
      vertex 0.149372 -11.3 4.42276
      vertex 0.149372 -10.1 4.42276
    endloop
  endfacet
  facet normal -0.0221337 0 0.999755
    outer loop
      vertex 0.149372 -11.3 4.42276
      vertex -0.0498228 -10.1 4.41835
      vertex -0.0498228 -11.3 4.41835
    endloop
  endfacet
  facet normal 0 -1 0
    outer loop
      vertex -1.18314 -5.4 14.5864
      vertex 1.09721 -5.4 14.6369
      vertex 0 -5.4 15.2706
    endloop
  endfacet
  facet normal 0 -1 0
    outer loop
      vertex -1.18314 -5.4 14.5864
      vertex 1.26675 -5.4 14.5322
      vertex 1.09721 -5.4 14.6369
    endloop
  endfacet
  facet normal 0 -1 0
    outer loop
      vertex -1.34788 -5.4 14.4743
      vertex 1.26675 -5.4 14.5322
      vertex -1.18314 -5.4 14.5864
    endloop
  endfacet
  facet normal 0 -1 0
    outer loop
      vertex -1.34788 -5.4 14.4743
      vertex 1.42637 -5.4 14.413
      vertex 1.26675 -5.4 14.5322
    endloop
  endfacet
  facet normal 0 -1 0
    outer loop
      vertex -1.50207 -5.4 14.3482
      vertex 1.42637 -5.4 14.413
      vertex -1.34788 -5.4 14.4743
    endloop
  endfacet
  facet normal 0 -1 0
    outer loop
      vertex -1.50207 -5.4 14.3482
      vertex 1.57483 -5.4 14.2801
      vertex 1.42637 -5.4 14.413
    endloop
  endfacet
  facet normal 0 -1 0
    outer loop
      vertex -1.64451 -5.4 14.2088
      vertex 1.57483 -5.4 14.2801
      vertex -1.50207 -5.4 14.3482
    endloop
  endfacet
  facet normal 0 -1 0
    outer loop
      vertex -1.64451 -5.4 14.2088
      vertex 1.71097 -5.4 14.1346
      vertex 1.57483 -5.4 14.2801
    endloop
  endfacet
  facet normal 0 -1 0
    outer loop
      vertex -1.77408 -5.4 14.0575
      vertex 1.71097 -5.4 14.1346
      vertex -1.64451 -5.4 14.2088
    endloop
  endfacet
  facet normal 0 -1 0
    outer loop
      vertex -1.77408 -5.4 14.0575
      vertex 1.83371 -5.4 13.9776
      vertex 1.71097 -5.4 14.1346
    endloop
  endfacet
  facet normal 0 -1 0
    outer loop
      vertex -1.88976 -5.4 13.8952
      vertex 1.83371 -5.4 13.9776
      vertex -1.77408 -5.4 14.0575
    endloop
  endfacet
  facet normal 0 -1 0
    outer loop
      vertex -1.88976 -5.4 13.8952
      vertex 1.94211 -5.4 13.8105
      vertex 1.83371 -5.4 13.9776
    endloop
  endfacet
  facet normal 0 -1 0
    outer loop
      vertex -1.99065 -5.4 13.7234
      vertex 1.94211 -5.4 13.8105
      vertex -1.88976 -5.4 13.8952
    endloop
  endfacet
  facet normal 0 -1 0
    outer loop
      vertex -1.99065 -5.4 13.7234
      vertex 2.0353 -5.4 13.6343
      vertex 1.94211 -5.4 13.8105
    endloop
  endfacet
  facet normal 0 -1 0
    outer loop
      vertex -2.07597 -5.4 13.5434
      vertex 2.0353 -5.4 13.6343
      vertex -1.99065 -5.4 13.7234
    endloop
  endfacet
  facet normal 0 -1 0
    outer loop
      vertex -2.07597 -5.4 13.5434
      vertex 2.11257 -5.4 13.4507
      vertex 2.0353 -5.4 13.6343
    endloop
  endfacet
  facet normal 0 -1 0
    outer loop
      vertex -2.14503 -5.4 13.3565
      vertex 2.11257 -5.4 13.4507
      vertex -2.07597 -5.4 13.5434
    endloop
  endfacet
  facet normal 0 -1 0
    outer loop
      vertex -2.14503 -5.4 13.3565
      vertex 2.1733 -5.4 13.2609
      vertex 2.11257 -5.4 13.4507
    endloop
  endfacet
  facet normal 0 -1 0
    outer loop
      vertex -2.19731 -5.4 13.1642
      vertex 2.1733 -5.4 13.2609
      vertex -2.14503 -5.4 13.3565
    endloop
  endfacet
  facet normal 0 -1 0
    outer loop
      vertex -2.19731 -5.4 13.1642
      vertex 2.21702 -5.4 13.0665
      vertex 2.1733 -5.4 13.2609
    endloop
  endfacet
  facet normal 0 -1 0
    outer loop
      vertex -2.23239 -5.4 12.9681
      vertex 2.21702 -5.4 13.0665
      vertex -2.19731 -5.4 13.1642
    endloop
  endfacet
  facet normal 0 -1 0
    outer loop
      vertex -2.23239 -5.4 12.9681
      vertex 2.24339 -5.4 12.8691
      vertex 2.21702 -5.4 13.0665
    endloop
  endfacet
  facet normal 0 -1 0
    outer loop
      vertex -2.25 -5.4 12.7696
      vertex 2.24339 -5.4 12.8691
      vertex -2.23239 -5.4 12.9681
    endloop
  endfacet
  facet normal 0 -1 0
    outer loop
      vertex -2.25 -5.4 12.7696
      vertex 2.2522 -5.4 12.67
      vertex 2.24339 -5.4 12.8691
    endloop
  endfacet
  facet normal 0 -1 0
    outer loop
      vertex -2.25 -5.4 12.7696
      vertex 2.2522 -5.4 6.67
      vertex 2.2522 -5.4 12.67
    endloop
  endfacet
  facet normal 0 -1 0
    outer loop
      vertex -2.25 -5.4 6.57038
      vertex 2.2522 -5.4 6.67
      vertex -2.25 -5.4 12.7696
    endloop
  endfacet
  facet normal 0 -1 0
    outer loop
      vertex -2.25 -5.4 6.57038
      vertex 2.24339 -5.4 6.47095
      vertex 2.2522 -5.4 6.67
    endloop
  endfacet
  facet normal 0 -1 0
    outer loop
      vertex -2.23239 -5.4 6.37191
      vertex 2.24339 -5.4 6.47095
      vertex -2.25 -5.4 6.57038
    endloop
  endfacet
  facet normal 0 -1 0
    outer loop
      vertex -2.23239 -5.4 6.37191
      vertex 2.21702 -5.4 6.27346
      vertex 2.24339 -5.4 6.47095
    endloop
  endfacet
  facet normal 0 -1 0
    outer loop
      vertex -2.19731 -5.4 6.17578
      vertex 2.21702 -5.4 6.27346
      vertex -2.23239 -5.4 6.37191
    endloop
  endfacet
  facet normal 0 -1 0
    outer loop
      vertex -2.19731 -5.4 6.17578
      vertex 2.1733 -5.4 6.07907
      vertex 2.21702 -5.4 6.27346
    endloop
  endfacet
  facet normal 0 -1 0
    outer loop
      vertex -2.14503 -5.4 5.98352
      vertex 2.1733 -5.4 6.07907
      vertex -2.19731 -5.4 6.17578
    endloop
  endfacet
  facet normal 0 -1 0
    outer loop
      vertex -2.14503 -5.4 5.98352
      vertex 2.11257 -5.4 5.88931
      vertex 2.1733 -5.4 6.07907
    endloop
  endfacet
  facet normal 0 -1 0
    outer loop
      vertex -2.07597 -5.4 5.79662
      vertex 2.11257 -5.4 5.88931
      vertex -2.14503 -5.4 5.98352
    endloop
  endfacet
  facet normal 0 -1 0
    outer loop
      vertex -2.07597 -5.4 5.79662
      vertex 2.0353 -5.4 5.70565
      vertex 2.11257 -5.4 5.88931
    endloop
  endfacet
  facet normal 0 -1 0
    outer loop
      vertex -1.99065 -5.4 5.61657
      vertex 2.0353 -5.4 5.70565
      vertex -2.07597 -5.4 5.79662
    endloop
  endfacet
  facet normal 0 -1 0
    outer loop
      vertex -1.99065 -5.4 5.61657
      vertex 1.94211 -5.4 5.52954
      vertex 2.0353 -5.4 5.70565
    endloop
  endfacet
  facet normal 0 -1 0
    outer loop
      vertex -1.88976 -5.4 5.44476
      vertex 1.94211 -5.4 5.52954
      vertex -1.99065 -5.4 5.61657
    endloop
  endfacet
  facet normal 0 -1 0
    outer loop
      vertex -1.88976 -5.4 5.44476
      vertex 1.83371 -5.4 5.36236
      vertex 1.94211 -5.4 5.52954
    endloop
  endfacet
  facet normal 0 -1 0
    outer loop
      vertex -1.77408 -5.4 5.28253
      vertex 1.83371 -5.4 5.36236
      vertex -1.88976 -5.4 5.44476
    endloop
  endfacet
  facet normal 0 -1 0
    outer loop
      vertex -1.77408 -5.4 5.28253
      vertex 1.71097 -5.4 5.20542
      vertex 1.83371 -5.4 5.36236
    endloop
  endfacet
  facet normal 0 -1 0
    outer loop
      vertex -1.64451 -5.4 5.13117
      vertex 1.71097 -5.4 5.20542
      vertex -1.77408 -5.4 5.28253
    endloop
  endfacet
  facet normal 0 -1 0
    outer loop
      vertex -1.64451 -5.4 5.13117
      vertex 1.57483 -5.4 5.05993
      vertex 1.71097 -5.4 5.20542
    endloop
  endfacet
  facet normal 0 -1 0
    outer loop
      vertex -1.50207 -5.4 4.99185
      vertex 1.57483 -5.4 5.05993
      vertex -1.64451 -5.4 5.13117
    endloop
  endfacet
  facet normal 0 -1 0
    outer loop
      vertex -1.50207 -5.4 4.99185
      vertex 1.42637 -5.4 4.92705
      vertex 1.57483 -5.4 5.05993
    endloop
  endfacet
  facet normal 0 -1 0
    outer loop
      vertex -1.34788 -5.4 4.86566
      vertex 1.42637 -5.4 4.92705
      vertex -1.50207 -5.4 4.99185
    endloop
  endfacet
  facet normal 0 -1 0
    outer loop
      vertex -1.34788 -5.4 4.86566
      vertex 1.26675 -5.4 4.80781
      vertex 1.42637 -5.4 4.92705
    endloop
  endfacet
  facet normal 0 -1 0
    outer loop
      vertex -1.18314 -5.4 4.7536
      vertex 1.26675 -5.4 4.80781
      vertex -1.34788 -5.4 4.86566
    endloop
  endfacet
  facet normal 0 -1 0
    outer loop
      vertex -1.18314 -5.4 4.7536
      vertex 1.09721 -5.4 4.70314
      vertex 1.26675 -5.4 4.80781
    endloop
  endfacet
  facet normal 0 -1 0
    outer loop
      vertex -1.00914 -5.4 4.65653
      vertex 1.09721 -5.4 4.70314
      vertex -1.18314 -5.4 4.7536
    endloop
  endfacet
  facet normal 0 -1 0
    outer loop
      vertex -1.00914 -5.4 4.65653
      vertex 0.919087 -5.4 4.61386
      vertex 1.09721 -5.4 4.70314
    endloop
  endfacet
  facet normal 0 -1 0
    outer loop
      vertex -0.827238 -5.4 4.57522
      vertex 0.919087 -5.4 4.61386
      vertex -1.00914 -5.4 4.65653
    endloop
  endfacet
  facet normal 0 -1 0
    outer loop
      vertex -0.827238 -5.4 4.57522
      vertex 0.733769 -5.4 4.54068
      vertex 0.919087 -5.4 4.61386
    endloop
  endfacet
  facet normal 0 -1 0
    outer loop
      vertex -0.638864 -5.4 4.51031
      vertex 0.733769 -5.4 4.54068
      vertex -0.827238 -5.4 4.57522
    endloop
  endfacet
  facet normal 0 -1 0
    outer loop
      vertex -0.638864 -5.4 4.51031
      vertex 0.542708 -5.4 4.48416
      vertex 0.733769 -5.4 4.54068
    endloop
  endfacet
  facet normal 0 -1 0
    outer loop
      vertex -0.44549 -5.4 4.4623
      vertex 0.542708 -5.4 4.48416
      vertex -0.638864 -5.4 4.51031
    endloop
  endfacet
  facet normal 0 -1 0
    outer loop
      vertex -0.44549 -5.4 4.4623
      vertex 0.3474 -5.4 4.44475
      vertex 0.542708 -5.4 4.48416
    endloop
  endfacet
  facet normal 0 -1 0
    outer loop
      vertex -0.24863 -5.4 4.43156
      vertex 0.3474 -5.4 4.44475
      vertex -0.44549 -5.4 4.4623
    endloop
  endfacet
  facet normal 0 -1 0
    outer loop
      vertex -0.24863 -5.4 4.43156
      vertex 0.149372 -5.4 4.42276
      vertex 0.3474 -5.4 4.44475
    endloop
  endfacet
  facet normal -0 -1 0
    outer loop
      vertex 0.149372 -5.4 4.42276
      vertex -0.24863 -5.4 4.43156
      vertex -0.0498228 -5.4 4.41835
    endloop
  endfacet
  facet normal -0.598344 0 -0.801239
    outer loop
      vertex 1.26675 -6.9 14.5322
      vertex 1.42637 -5.4 14.413
      vertex 1.42637 -6.9 14.413
    endloop
  endfacet
  facet normal -0.598344 0 -0.801239
    outer loop
      vertex 1.42637 -5.4 14.413
      vertex 1.26675 -6.9 14.5322
      vertex 1.26675 -5.4 14.5322
    endloop
  endfacet
  facet normal -0.598344 0 -0.801239
    outer loop
      vertex 1.26675 -11.3 14.5322
      vertex 1.42637 -10.1 14.413
      vertex 1.42637 -11.3 14.413
    endloop
  endfacet
  facet normal -0.598344 0 -0.801239
    outer loop
      vertex 1.42637 -10.1 14.413
      vertex 1.26675 -11.3 14.5322
      vertex 1.26675 -10.1 14.5322
    endloop
  endfacet
  facet normal 0.699234 0 0.714893
    outer loop
      vertex -1.64451 -10.1 5.13117
      vertex -1.50207 -11.3 4.99185
      vertex -1.50207 -10.1 4.99185
    endloop
  endfacet
  facet normal 0.699234 0 0.714893
    outer loop
      vertex -1.50207 -11.3 4.99185
      vertex -1.64451 -10.1 5.13117
      vertex -1.64451 -11.3 5.13117
    endloop
  endfacet
  facet normal 0.699234 0 0.714893
    outer loop
      vertex -1.64451 -5.4 5.13117
      vertex -1.50207 -6.9 4.99185
      vertex -1.50207 -5.4 4.99185
    endloop
  endfacet
  facet normal 0.699234 0 0.714893
    outer loop
      vertex -1.50207 -6.9 4.99185
      vertex -1.64451 -5.4 5.13117
      vertex -1.64451 -6.9 5.13117
    endloop
  endfacet
  facet normal -0.73018 0 0.683255
    outer loop
      vertex 1.57483 -11.3 5.05993
      vertex 1.71097 -10.1 5.20542
      vertex 1.57483 -10.1 5.05993
    endloop
  endfacet
  facet normal -0.73018 0 0.683255
    outer loop
      vertex 1.71097 -10.1 5.20542
      vertex 1.57483 -11.3 5.05993
      vertex 1.71097 -11.3 5.20542
    endloop
  endfacet
  facet normal -0.73018 0 0.683255
    outer loop
      vertex 1.57483 -6.9 5.05993
      vertex 1.71097 -5.4 5.20542
      vertex 1.57483 -5.4 5.05993
    endloop
  endfacet
  facet normal -0.73018 0 0.683255
    outer loop
      vertex 1.71097 -5.4 5.20542
      vertex 1.57483 -6.9 5.05993
      vertex 1.71097 -6.9 5.20542
    endloop
  endfacet
  facet normal 0.24096 0 0.970535
    outer loop
      vertex -0.638864 -5.4 4.51031
      vertex -0.44549 -6.9 4.4623
      vertex -0.44549 -5.4 4.4623
    endloop
  endfacet
  facet normal 0.24096 0 0.970535
    outer loop
      vertex -0.44549 -6.9 4.4623
      vertex -0.638864 -5.4 4.51031
      vertex -0.638864 -6.9 4.51031
    endloop
  endfacet
  facet normal 0.24096 0 0.970535
    outer loop
      vertex -0.638864 -10.1 4.51031
      vertex -0.44549 -11.3 4.4623
      vertex -0.44549 -10.1 4.4623
    endloop
  endfacet
  facet normal 0.24096 0 0.970535
    outer loop
      vertex -0.44549 -11.3 4.4623
      vertex -0.638864 -10.1 4.51031
      vertex -0.638864 -11.3 4.51031
    endloop
  endfacet
  facet normal 0.154282 0 0.988027
    outer loop
      vertex -0.44549 -10.1 4.4623
      vertex -0.24863 -11.3 4.43156
      vertex -0.24863 -10.1 4.43156
    endloop
  endfacet
  facet normal 0.154282 0 0.988027
    outer loop
      vertex -0.24863 -11.3 4.43156
      vertex -0.44549 -10.1 4.4623
      vertex -0.44549 -11.3 4.4623
    endloop
  endfacet
  facet normal 0.154282 0 0.988027
    outer loop
      vertex -0.44549 -5.4 4.4623
      vertex -0.24863 -6.9 4.43156
      vertex -0.24863 -5.4 4.43156
    endloop
  endfacet
  facet normal 0.154282 0 0.988027
    outer loop
      vertex -0.24863 -6.9 4.43156
      vertex -0.44549 -5.4 4.4623
      vertex -0.44549 -6.9 4.4623
    endloop
  endfacet
  facet normal 0.903673 -0 0.428222
    outer loop
      vertex -2.07597 -11.3 5.79662
      vertex -1.99065 -10.1 5.61657
      vertex -2.07597 -10.1 5.79662
    endloop
  endfacet
  facet normal 0.903673 0 0.428222
    outer loop
      vertex -1.99065 -10.1 5.61657
      vertex -2.07597 -11.3 5.79662
      vertex -1.99065 -11.3 5.61657
    endloop
  endfacet
  facet normal 0.903673 -0 0.428222
    outer loop
      vertex -2.07597 -6.9 5.79662
      vertex -1.99065 -5.4 5.61657
      vertex -2.07597 -5.4 5.79662
    endloop
  endfacet
  facet normal 0.903673 0 0.428222
    outer loop
      vertex -1.99065 -5.4 5.61657
      vertex -2.07597 -6.9 5.79662
      vertex -1.99065 -6.9 5.61657
    endloop
  endfacet
  facet normal -0.838937 0 -0.544229
    outer loop
      vertex 1.94211 -6.9 13.8105
      vertex 1.83371 -5.4 13.9776
      vertex 1.94211 -5.4 13.8105
    endloop
  endfacet
  facet normal -0.838937 -0 -0.544229
    outer loop
      vertex 1.83371 -5.4 13.9776
      vertex 1.94211 -6.9 13.8105
      vertex 1.83371 -6.9 13.9776
    endloop
  endfacet
  facet normal -0.838937 0 -0.544229
    outer loop
      vertex 1.94211 -11.3 13.8105
      vertex 1.83371 -10.1 13.9776
      vertex 1.94211 -10.1 13.8105
    endloop
  endfacet
  facet normal -0.838937 -0 -0.544229
    outer loop
      vertex 1.83371 -10.1 13.9776
      vertex 1.94211 -11.3 13.8105
      vertex 1.83371 -11.3 13.9776
    endloop
  endfacet
  facet normal 0 -1 0
    outer loop
      vertex -1.18314 -6.9 78.8964
      vertex 0 -6.9 81.0214
      vertex -3.5 -6.9 79.0007
    endloop
  endfacet
  facet normal 0 -1 -0
    outer loop
      vertex 0 -6.9 81.0214
      vertex -1.18314 -6.9 78.8964
      vertex 0 -6.9 79.5806
    endloop
  endfacet
  facet normal 0 -1 0
    outer loop
      vertex -3.5 -6.9 79.0007
      vertex -1.34788 -6.9 78.7843
      vertex -1.18314 -6.9 78.8964
    endloop
  endfacet
  facet normal 0 -1 0
    outer loop
      vertex -3.5 -6.9 79.0007
      vertex -1.50207 -6.9 78.6581
      vertex -1.34788 -6.9 78.7843
    endloop
  endfacet
  facet normal 0 -1 0
    outer loop
      vertex -3.5 -6.9 79.0007
      vertex -1.64451 -6.9 78.5188
      vertex -1.50207 -6.9 78.6581
    endloop
  endfacet
  facet normal 0 -1 0
    outer loop
      vertex -3.5 -6.9 79.0007
      vertex -1.77408 -6.9 78.3675
      vertex -1.64451 -6.9 78.5188
    endloop
  endfacet
  facet normal 0 -1 0
    outer loop
      vertex -3.5 -6.9 79.0007
      vertex -1.88976 -6.9 78.2052
      vertex -1.77408 -6.9 78.3675
    endloop
  endfacet
  facet normal 0 -1 0
    outer loop
      vertex -3.5 -6.9 79.0007
      vertex -1.99065 -6.9 78.0334
      vertex -1.88976 -6.9 78.2052
    endloop
  endfacet
  facet normal 0 -1 0
    outer loop
      vertex -3.5 -6.9 79.0007
      vertex -2.07597 -6.9 77.8534
      vertex -1.99065 -6.9 78.0334
    endloop
  endfacet
  facet normal 0 -1 0
    outer loop
      vertex -3.5 -6.9 79.0007
      vertex -2.14503 -6.9 77.6665
      vertex -2.07597 -6.9 77.8534
    endloop
  endfacet
  facet normal 0 -1 0
    outer loop
      vertex -3.5 -6.9 79.0007
      vertex -2.19731 -6.9 77.4742
      vertex -2.14503 -6.9 77.6665
    endloop
  endfacet
  facet normal 0 -1 0
    outer loop
      vertex -3.5 -6.9 79.0007
      vertex -2.23239 -6.9 77.2781
      vertex -2.19731 -6.9 77.4742
    endloop
  endfacet
  facet normal 0 -1 0
    outer loop
      vertex -3.5 -6.9 79.0007
      vertex -2.25 -6.9 77.0796
      vertex -2.23239 -6.9 77.2781
    endloop
  endfacet
  facet normal 0 -1 0
    outer loop
      vertex -3.5 -6.9 79.0007
      vertex -2.25 -6.9 70.8804
      vertex -2.25 -6.9 77.0796
    endloop
  endfacet
  facet normal 0 -1 0
    outer loop
      vertex -3.5 -6.9 68.9593
      vertex -2.25 -6.9 70.8804
      vertex -3.5 -6.9 79.0007
    endloop
  endfacet
  facet normal 0 -1 -0
    outer loop
      vertex -2.25 -6.9 70.8804
      vertex -3.5 -6.9 68.9593
      vertex -2.23239 -6.9 70.6819
    endloop
  endfacet
  facet normal 0 -1 0
    outer loop
      vertex -3.5 -6.9 68.9593
      vertex -2.19731 -6.9 70.4858
      vertex -2.23239 -6.9 70.6819
    endloop
  endfacet
  facet normal 0 -1 0
    outer loop
      vertex -3.5 -6.9 68.9593
      vertex -2.14503 -6.9 70.2935
      vertex -2.19731 -6.9 70.4858
    endloop
  endfacet
  facet normal 0 -1 0
    outer loop
      vertex -3.5 -6.9 68.9593
      vertex -2.07597 -6.9 70.1066
      vertex -2.14503 -6.9 70.2935
    endloop
  endfacet
  facet normal 0 -1 0
    outer loop
      vertex -3.5 -6.9 68.9593
      vertex -1.99065 -6.9 69.9266
      vertex -2.07597 -6.9 70.1066
    endloop
  endfacet
  facet normal 0 -1 0
    outer loop
      vertex -3.5 -6.9 68.9593
      vertex -1.88976 -6.9 69.7548
      vertex -1.99065 -6.9 69.9266
    endloop
  endfacet
  facet normal 0 -1 0
    outer loop
      vertex -3.5 -6.9 68.9593
      vertex -1.77408 -6.9 69.5925
      vertex -1.88976 -6.9 69.7548
    endloop
  endfacet
  facet normal 0 -1 0
    outer loop
      vertex -3.5 -6.9 68.9593
      vertex -1.64451 -6.9 69.4412
      vertex -1.77408 -6.9 69.5925
    endloop
  endfacet
  facet normal 0 -1 0
    outer loop
      vertex -3.5 -6.9 68.9593
      vertex -1.50207 -6.9 69.3018
      vertex -1.64451 -6.9 69.4412
    endloop
  endfacet
  facet normal 0 -1 0
    outer loop
      vertex -3.5 -6.9 68.9593
      vertex -1.34788 -6.9 69.1757
      vertex -1.50207 -6.9 69.3018
    endloop
  endfacet
  facet normal 0 -1 0
    outer loop
      vertex -3.5 -6.9 68.9593
      vertex -1.18314 -6.9 69.0636
      vertex -1.34788 -6.9 69.1757
    endloop
  endfacet
  facet normal 0 -1 0
    outer loop
      vertex 0 -6.9 66.9386
      vertex -1.18314 -6.9 69.0636
      vertex -3.5 -6.9 68.9593
    endloop
  endfacet
  facet normal 0 -1 0
    outer loop
      vertex -1.18314 -6.9 69.0636
      vertex 0 -6.9 66.9386
      vertex -1.00914 -6.9 68.9665
    endloop
  endfacet
  facet normal 0 -1 0
    outer loop
      vertex -1.00914 -6.9 68.9665
      vertex 0 -6.9 66.9386
      vertex -0.827238 -6.9 68.8852
    endloop
  endfacet
  facet normal 0 -1 0
    outer loop
      vertex -0.827238 -6.9 68.8852
      vertex 0 -6.9 66.9386
      vertex -0.638864 -6.9 68.8203
    endloop
  endfacet
  facet normal 0 -1 0
    outer loop
      vertex -0.638864 -6.9 68.8203
      vertex 0 -6.9 66.9386
      vertex -0.44549 -6.9 68.7723
    endloop
  endfacet
  facet normal 0 -1 0
    outer loop
      vertex -0.24863 -6.9 68.7416
      vertex 0 -6.9 66.9386
      vertex -0.0498228 -6.9 68.7283
    endloop
  endfacet
  facet normal 0 -1 0
    outer loop
      vertex -0.44549 -6.9 68.7723
      vertex 0 -6.9 66.9386
      vertex -0.24863 -6.9 68.7416
    endloop
  endfacet
  facet normal 0 -1 0
    outer loop
      vertex 1.09721 -6.9 78.9469
      vertex 0 -6.9 81.0214
      vertex 0 -6.9 79.5806
    endloop
  endfacet
  facet normal 0 -1 0
    outer loop
      vertex 0 -6.9 81.0214
      vertex 1.09721 -6.9 78.9469
      vertex 3.5 -6.9 79.0007
    endloop
  endfacet
  facet normal 0 -1 0
    outer loop
      vertex 1.26675 -6.9 78.8422
      vertex 3.5 -6.9 79.0007
      vertex 1.09721 -6.9 78.9469
    endloop
  endfacet
  facet normal 0 -1 0
    outer loop
      vertex 1.42637 -6.9 78.723
      vertex 3.5 -6.9 79.0007
      vertex 1.26675 -6.9 78.8422
    endloop
  endfacet
  facet normal 0 -1 0
    outer loop
      vertex 1.57483 -6.9 78.5901
      vertex 3.5 -6.9 79.0007
      vertex 1.42637 -6.9 78.723
    endloop
  endfacet
  facet normal 0 -1 0
    outer loop
      vertex 1.71097 -6.9 78.4446
      vertex 3.5 -6.9 79.0007
      vertex 1.57483 -6.9 78.5901
    endloop
  endfacet
  facet normal 0 -1 0
    outer loop
      vertex 1.83371 -6.9 78.2876
      vertex 3.5 -6.9 79.0007
      vertex 1.71097 -6.9 78.4446
    endloop
  endfacet
  facet normal 0 -1 0
    outer loop
      vertex 1.94211 -6.9 78.1205
      vertex 3.5 -6.9 79.0007
      vertex 1.83371 -6.9 78.2876
    endloop
  endfacet
  facet normal 0 -1 0
    outer loop
      vertex 2.0353 -6.9 77.9444
      vertex 3.5 -6.9 79.0007
      vertex 1.94211 -6.9 78.1205
    endloop
  endfacet
  facet normal 0 -1 0
    outer loop
      vertex 2.11257 -6.9 77.7607
      vertex 3.5 -6.9 79.0007
      vertex 2.0353 -6.9 77.9444
    endloop
  endfacet
  facet normal 0 -1 0
    outer loop
      vertex 2.1733 -6.9 77.5709
      vertex 3.5 -6.9 79.0007
      vertex 2.11257 -6.9 77.7607
    endloop
  endfacet
  facet normal 0 -1 0
    outer loop
      vertex 2.21702 -6.9 77.3765
      vertex 3.5 -6.9 79.0007
      vertex 2.1733 -6.9 77.5709
    endloop
  endfacet
  facet normal 0 -1 0
    outer loop
      vertex 2.24339 -6.9 77.179
      vertex 3.5 -6.9 79.0007
      vertex 2.21702 -6.9 77.3765
    endloop
  endfacet
  facet normal 0 -1 0
    outer loop
      vertex 2.2522 -6.9 76.98
      vertex 3.5 -6.9 79.0007
      vertex 2.24339 -6.9 77.179
    endloop
  endfacet
  facet normal 0 -1 0
    outer loop
      vertex 2.2522 -6.9 70.98
      vertex 3.5 -6.9 79.0007
      vertex 2.2522 -6.9 76.98
    endloop
  endfacet
  facet normal 0 -1 0
    outer loop
      vertex 3.5 -6.9 68.9593
      vertex 2.2522 -6.9 70.98
      vertex 2.24339 -6.9 70.781
    endloop
  endfacet
  facet normal 0 -1 0
    outer loop
      vertex 3.5 -6.9 68.9593
      vertex 2.24339 -6.9 70.781
      vertex 2.21702 -6.9 70.5835
    endloop
  endfacet
  facet normal 0 -1 0
    outer loop
      vertex 2.2522 -6.9 70.98
      vertex 3.5 -6.9 68.9593
      vertex 3.5 -6.9 79.0007
    endloop
  endfacet
  facet normal 0 -1 0
    outer loop
      vertex 2.1733 -6.9 70.3891
      vertex 3.5 -6.9 68.9593
      vertex 2.21702 -6.9 70.5835
    endloop
  endfacet
  facet normal 0 -1 0
    outer loop
      vertex 2.11257 -6.9 70.1993
      vertex 3.5 -6.9 68.9593
      vertex 2.1733 -6.9 70.3891
    endloop
  endfacet
  facet normal 0 -1 0
    outer loop
      vertex 2.0353 -6.9 70.0156
      vertex 3.5 -6.9 68.9593
      vertex 2.11257 -6.9 70.1993
    endloop
  endfacet
  facet normal 0 -1 0
    outer loop
      vertex 1.94211 -6.9 69.8395
      vertex 3.5 -6.9 68.9593
      vertex 2.0353 -6.9 70.0156
    endloop
  endfacet
  facet normal 0 -1 0
    outer loop
      vertex 1.83371 -6.9 69.6724
      vertex 3.5 -6.9 68.9593
      vertex 1.94211 -6.9 69.8395
    endloop
  endfacet
  facet normal 0 -1 0
    outer loop
      vertex 1.71097 -6.9 69.5154
      vertex 3.5 -6.9 68.9593
      vertex 1.83371 -6.9 69.6724
    endloop
  endfacet
  facet normal 0 -1 0
    outer loop
      vertex 1.57483 -6.9 69.3699
      vertex 3.5 -6.9 68.9593
      vertex 1.71097 -6.9 69.5154
    endloop
  endfacet
  facet normal 0 -1 0
    outer loop
      vertex 1.42637 -6.9 69.237
      vertex 3.5 -6.9 68.9593
      vertex 1.57483 -6.9 69.3699
    endloop
  endfacet
  facet normal 0 -1 0
    outer loop
      vertex 1.26675 -6.9 69.1178
      vertex 3.5 -6.9 68.9593
      vertex 1.42637 -6.9 69.237
    endloop
  endfacet
  facet normal 0 -1 0
    outer loop
      vertex 1.09721 -6.9 69.0131
      vertex 3.5 -6.9 68.9593
      vertex 1.26675 -6.9 69.1178
    endloop
  endfacet
  facet normal 0 -1 0
    outer loop
      vertex 0 -6.9 66.9386
      vertex 1.09721 -6.9 69.0131
      vertex 0.919087 -6.9 68.9239
    endloop
  endfacet
  facet normal 0 -1 0
    outer loop
      vertex 0 -6.9 66.9386
      vertex 0.919087 -6.9 68.9239
      vertex 0.733769 -6.9 68.8507
    endloop
  endfacet
  facet normal 0 -1 0
    outer loop
      vertex 0 -6.9 66.9386
      vertex 0.733769 -6.9 68.8507
      vertex 0.542708 -6.9 68.7942
    endloop
  endfacet
  facet normal 0 -1 0
    outer loop
      vertex 0 -6.9 66.9386
      vertex 0.542708 -6.9 68.7942
      vertex 0.3474 -6.9 68.7548
    endloop
  endfacet
  facet normal 0 -1 0
    outer loop
      vertex 0 -6.9 66.9386
      vertex 0.3474 -6.9 68.7548
      vertex 0.149372 -6.9 68.7328
    endloop
  endfacet
  facet normal 0 -1 -0
    outer loop
      vertex 1.09721 -6.9 69.0131
      vertex 0 -6.9 66.9386
      vertex 3.5 -6.9 68.9593
    endloop
  endfacet
  facet normal 0 -1 0
    outer loop
      vertex 0 -6.9 66.9386
      vertex 0.149372 -6.9 68.7328
      vertex -0.0498228 -6.9 68.7283
    endloop
  endfacet
  facet normal -1 0 0
    outer loop
      vertex 3.5 -6.9 68.9593
      vertex 3.5 -6.90001 70.48
      vertex 3.5 -6.9 79.0007
    endloop
  endfacet
  facet normal -1 0 0
    outer loop
      vertex 3.5 -6.9 68.9593
      vertex 3.5 -10.1 70.48
      vertex 3.5 -6.90001 70.48
    endloop
  endfacet
  facet normal 0 -0 0
    outer loop
      vertex 3.5 -10.1 70.48
      vertex 3.5 -10.1 68.9593
      vertex 3.5 -10.1 77.48
    endloop
  endfacet
  facet normal -1 0 0
    outer loop
      vertex 3.5 -10.1 68.9593
      vertex 3.5 -10.1 70.48
      vertex 3.5 -6.9 68.9593
    endloop
  endfacet
  facet normal -1 0 0
    outer loop
      vertex 3.5 -6.90001 77.48
      vertex 3.5 -6.9 79.0007
      vertex 3.5 -6.90001 70.48
    endloop
  endfacet
  facet normal -1 0 0
    outer loop
      vertex 3.5 -8.5 78.4038
      vertex 3.5 -6.9 79.0007
      vertex 3.5 -6.90001 77.48
    endloop
  endfacet
  facet normal -1 0 0
    outer loop
      vertex 3.5 -8.5 78.4038
      vertex 3.5 -10.1 79.0007
      vertex 3.5 -6.9 79.0007
    endloop
  endfacet
  facet normal -1 0 0
    outer loop
      vertex 3.5 -10.1 77.48
      vertex 3.5 -10.1 79.0007
      vertex 3.5 -8.5 78.4038
    endloop
  endfacet
  facet normal 0 0 0
    outer loop
      vertex 3.5 -10.1 79.0007
      vertex 3.5 -10.1 77.48
      vertex 3.5 -10.1 68.9593
    endloop
  endfacet
  facet normal -0.499995 0 0.866028
    outer loop
      vertex 0 -6.9 66.9386
      vertex 3.5 -10.1 68.9593
      vertex 3.5 -6.9 68.9593
    endloop
  endfacet
  facet normal -0.499995 0 0.866028
    outer loop
      vertex 3.5 -10.1 68.9593
      vertex 0 -6.9 66.9386
      vertex 0 -10.1 66.9386
    endloop
  endfacet
  facet normal 0.499995 0 0.866028
    outer loop
      vertex -3.5 -6.9 68.9593
      vertex 0 -10.1 66.9386
      vertex 0 -6.9 66.9386
    endloop
  endfacet
  facet normal 0.499995 0 0.866028
    outer loop
      vertex 0 -10.1 66.9386
      vertex -3.5 -6.9 68.9593
      vertex -3.5 -10.1 68.9593
    endloop
  endfacet
  facet normal 1 -0 0
    outer loop
      vertex -3.5 -10.1 79.0007
      vertex -3.5 -6.9 68.9593
      vertex -3.5 -6.9 79.0007
    endloop
  endfacet
  facet normal 1 0 0
    outer loop
      vertex -3.5 -6.9 68.9593
      vertex -3.5 -10.1 79.0007
      vertex -3.5 -10.1 68.9593
    endloop
  endfacet
  facet normal -0.499995 0 -0.866028
    outer loop
      vertex 0 -10.1 81.0214
      vertex 3.5 -6.9 79.0007
      vertex 3.5 -10.1 79.0007
    endloop
  endfacet
  facet normal -0.499995 0 -0.866028
    outer loop
      vertex 3.5 -6.9 79.0007
      vertex 0 -10.1 81.0214
      vertex 0 -6.9 81.0214
    endloop
  endfacet
  facet normal 0 1 -0
    outer loop
      vertex 1.09721 -10.1 78.9469
      vertex 0 -10.1 81.0214
      vertex 3.5 -10.1 79.0007
    endloop
  endfacet
  facet normal 0 1 0
    outer loop
      vertex 0 -10.1 81.0214
      vertex 1.09721 -10.1 78.9469
      vertex 0 -10.1 79.5806
    endloop
  endfacet
  facet normal 0 1 0
    outer loop
      vertex 3.5 -10.1 79.0007
      vertex 1.26675 -10.1 78.8422
      vertex 1.09721 -10.1 78.9469
    endloop
  endfacet
  facet normal 0 1 0
    outer loop
      vertex 3.5 -10.1 79.0007
      vertex 1.42637 -10.1 78.723
      vertex 1.26675 -10.1 78.8422
    endloop
  endfacet
  facet normal 0 1 0
    outer loop
      vertex 3.5 -10.1 79.0007
      vertex 1.57483 -10.1 78.5901
      vertex 1.42637 -10.1 78.723
    endloop
  endfacet
  facet normal 0 1 0
    outer loop
      vertex 3.5 -10.1 79.0007
      vertex 1.71097 -10.1 78.4446
      vertex 1.57483 -10.1 78.5901
    endloop
  endfacet
  facet normal 0 1 0
    outer loop
      vertex 3.5 -10.1 79.0007
      vertex 1.83371 -10.1 78.2876
      vertex 1.71097 -10.1 78.4446
    endloop
  endfacet
  facet normal 0 1 0
    outer loop
      vertex 3.5 -10.1 79.0007
      vertex 1.94211 -10.1 78.1205
      vertex 1.83371 -10.1 78.2876
    endloop
  endfacet
  facet normal 0 1 0
    outer loop
      vertex 3.5 -10.1 79.0007
      vertex 2.0353 -10.1 77.9444
      vertex 1.94211 -10.1 78.1205
    endloop
  endfacet
  facet normal 0 1 0
    outer loop
      vertex 3.5 -10.1 79.0007
      vertex 2.11257 -10.1 77.7607
      vertex 2.0353 -10.1 77.9444
    endloop
  endfacet
  facet normal 0 1 0
    outer loop
      vertex 3.5 -10.1 79.0007
      vertex 2.1733 -10.1 77.5709
      vertex 2.11257 -10.1 77.7607
    endloop
  endfacet
  facet normal 0 1 0
    outer loop
      vertex 3.5 -10.1 79.0007
      vertex 2.21702 -10.1 77.3765
      vertex 2.1733 -10.1 77.5709
    endloop
  endfacet
  facet normal 0 1 0
    outer loop
      vertex 3.5 -10.1 79.0007
      vertex 2.24339 -10.1 77.179
      vertex 2.21702 -10.1 77.3765
    endloop
  endfacet
  facet normal 0 1 0
    outer loop
      vertex 3.5 -10.1 79.0007
      vertex 2.2522 -10.1 76.98
      vertex 2.24339 -10.1 77.179
    endloop
  endfacet
  facet normal 0 1 0
    outer loop
      vertex 3.5 -10.1 79.0007
      vertex 2.2522 -10.1 70.98
      vertex 2.2522 -10.1 76.98
    endloop
  endfacet
  facet normal 0 1 -0
    outer loop
      vertex 3.5 -10.1 68.9593
      vertex 2.2522 -10.1 70.98
      vertex 3.5 -10.1 79.0007
    endloop
  endfacet
  facet normal 0 1 0
    outer loop
      vertex 2.2522 -10.1 70.98
      vertex 3.5 -10.1 68.9593
      vertex 2.24339 -10.1 70.781
    endloop
  endfacet
  facet normal 0 1 0
    outer loop
      vertex 2.24339 -10.1 70.781
      vertex 3.5 -10.1 68.9593
      vertex 2.21702 -10.1 70.5835
    endloop
  endfacet
  facet normal 0 1 0
    outer loop
      vertex 3.5 -10.1 68.9593
      vertex 2.1733 -10.1 70.3891
      vertex 2.21702 -10.1 70.5835
    endloop
  endfacet
  facet normal 0 1 0
    outer loop
      vertex 3.5 -10.1 68.9593
      vertex 2.11257 -10.1 70.1993
      vertex 2.1733 -10.1 70.3891
    endloop
  endfacet
  facet normal 0 1 0
    outer loop
      vertex 3.5 -10.1 68.9593
      vertex 2.0353 -10.1 70.0156
      vertex 2.11257 -10.1 70.1993
    endloop
  endfacet
  facet normal 0 1 0
    outer loop
      vertex 3.5 -10.1 68.9593
      vertex 1.94211 -10.1 69.8395
      vertex 2.0353 -10.1 70.0156
    endloop
  endfacet
  facet normal 0 1 0
    outer loop
      vertex 3.5 -10.1 68.9593
      vertex 1.83371 -10.1 69.6724
      vertex 1.94211 -10.1 69.8395
    endloop
  endfacet
  facet normal 0 1 0
    outer loop
      vertex 3.5 -10.1 68.9593
      vertex 1.71097 -10.1 69.5154
      vertex 1.83371 -10.1 69.6724
    endloop
  endfacet
  facet normal 0 1 0
    outer loop
      vertex 3.5 -10.1 68.9593
      vertex 1.57483 -10.1 69.3699
      vertex 1.71097 -10.1 69.5154
    endloop
  endfacet
  facet normal 0 1 0
    outer loop
      vertex 3.5 -10.1 68.9593
      vertex 1.42637 -10.1 69.237
      vertex 1.57483 -10.1 69.3699
    endloop
  endfacet
  facet normal 0 1 0
    outer loop
      vertex 3.5 -10.1 68.9593
      vertex 1.26675 -10.1 69.1178
      vertex 1.42637 -10.1 69.237
    endloop
  endfacet
  facet normal 0 1 0
    outer loop
      vertex 3.5 -10.1 68.9593
      vertex 1.09721 -10.1 69.0131
      vertex 1.26675 -10.1 69.1178
    endloop
  endfacet
  facet normal 0 1 0
    outer loop
      vertex 0 -10.1 66.9386
      vertex 1.09721 -10.1 69.0131
      vertex 3.5 -10.1 68.9593
    endloop
  endfacet
  facet normal 0 1 0
    outer loop
      vertex 1.09721 -10.1 69.0131
      vertex 0 -10.1 66.9386
      vertex 0.919087 -10.1 68.9239
    endloop
  endfacet
  facet normal 0 1 0
    outer loop
      vertex 0.919087 -10.1 68.9239
      vertex 0 -10.1 66.9386
      vertex 0.733769 -10.1 68.8507
    endloop
  endfacet
  facet normal 0 1 0
    outer loop
      vertex 0.733769 -10.1 68.8507
      vertex 0 -10.1 66.9386
      vertex 0.542708 -10.1 68.7942
    endloop
  endfacet
  facet normal 0 1 0
    outer loop
      vertex 0.542708 -10.1 68.7942
      vertex 0 -10.1 66.9386
      vertex 0.3474 -10.1 68.7548
    endloop
  endfacet
  facet normal 0 1 0
    outer loop
      vertex 0.149372 -10.1 68.7328
      vertex 0 -10.1 66.9386
      vertex -0.0498228 -10.1 68.7283
    endloop
  endfacet
  facet normal 0 1 0
    outer loop
      vertex 0.3474 -10.1 68.7548
      vertex 0 -10.1 66.9386
      vertex 0.149372 -10.1 68.7328
    endloop
  endfacet
  facet normal 0 1 0
    outer loop
      vertex -1.18314 -10.1 78.8964
      vertex 0 -10.1 81.0214
      vertex 0 -10.1 79.5806
    endloop
  endfacet
  facet normal 0 1 0
    outer loop
      vertex 0 -10.1 81.0214
      vertex -1.18314 -10.1 78.8964
      vertex -3.5 -10.1 79.0007
    endloop
  endfacet
  facet normal 0 1 -0
    outer loop
      vertex -1.34788 -10.1 78.7843
      vertex -3.5 -10.1 79.0007
      vertex -1.18314 -10.1 78.8964
    endloop
  endfacet
  facet normal 0 1 -0
    outer loop
      vertex -1.50207 -10.1 78.6581
      vertex -3.5 -10.1 79.0007
      vertex -1.34788 -10.1 78.7843
    endloop
  endfacet
  facet normal 0 1 -0
    outer loop
      vertex -1.64451 -10.1 78.5188
      vertex -3.5 -10.1 79.0007
      vertex -1.50207 -10.1 78.6581
    endloop
  endfacet
  facet normal 0 1 -0
    outer loop
      vertex -1.77408 -10.1 78.3675
      vertex -3.5 -10.1 79.0007
      vertex -1.64451 -10.1 78.5188
    endloop
  endfacet
  facet normal 0 1 -0
    outer loop
      vertex -1.88976 -10.1 78.2052
      vertex -3.5 -10.1 79.0007
      vertex -1.77408 -10.1 78.3675
    endloop
  endfacet
  facet normal 0 1 -0
    outer loop
      vertex -1.99065 -10.1 78.0334
      vertex -3.5 -10.1 79.0007
      vertex -1.88976 -10.1 78.2052
    endloop
  endfacet
  facet normal 0 1 -0
    outer loop
      vertex -2.07597 -10.1 77.8534
      vertex -3.5 -10.1 79.0007
      vertex -1.99065 -10.1 78.0334
    endloop
  endfacet
  facet normal 0 1 -0
    outer loop
      vertex -2.14503 -10.1 77.6665
      vertex -3.5 -10.1 79.0007
      vertex -2.07597 -10.1 77.8534
    endloop
  endfacet
  facet normal 0 1 -0
    outer loop
      vertex -2.19731 -10.1 77.4742
      vertex -3.5 -10.1 79.0007
      vertex -2.14503 -10.1 77.6665
    endloop
  endfacet
  facet normal 0 1 -0
    outer loop
      vertex -2.23239 -10.1 77.2781
      vertex -3.5 -10.1 79.0007
      vertex -2.19731 -10.1 77.4742
    endloop
  endfacet
  facet normal 0 1 -0
    outer loop
      vertex -2.25 -10.1 77.0796
      vertex -3.5 -10.1 79.0007
      vertex -2.23239 -10.1 77.2781
    endloop
  endfacet
  facet normal 0 1 -0
    outer loop
      vertex -2.25 -10.1 70.8804
      vertex -3.5 -10.1 79.0007
      vertex -2.25 -10.1 77.0796
    endloop
  endfacet
  facet normal 0 1 0
    outer loop
      vertex -3.5 -10.1 68.9593
      vertex -2.25 -10.1 70.8804
      vertex -2.23239 -10.1 70.6819
    endloop
  endfacet
  facet normal 0 1 0
    outer loop
      vertex -2.25 -10.1 70.8804
      vertex -3.5 -10.1 68.9593
      vertex -3.5 -10.1 79.0007
    endloop
  endfacet
  facet normal 0 1 0
    outer loop
      vertex -2.19731 -10.1 70.4858
      vertex -3.5 -10.1 68.9593
      vertex -2.23239 -10.1 70.6819
    endloop
  endfacet
  facet normal 0 1 0
    outer loop
      vertex -2.14503 -10.1 70.2935
      vertex -3.5 -10.1 68.9593
      vertex -2.19731 -10.1 70.4858
    endloop
  endfacet
  facet normal 0 1 0
    outer loop
      vertex -2.07597 -10.1 70.1066
      vertex -3.5 -10.1 68.9593
      vertex -2.14503 -10.1 70.2935
    endloop
  endfacet
  facet normal 0 1 0
    outer loop
      vertex -1.99065 -10.1 69.9266
      vertex -3.5 -10.1 68.9593
      vertex -2.07597 -10.1 70.1066
    endloop
  endfacet
  facet normal 0 1 0
    outer loop
      vertex -1.88976 -10.1 69.7548
      vertex -3.5 -10.1 68.9593
      vertex -1.99065 -10.1 69.9266
    endloop
  endfacet
  facet normal 0 1 0
    outer loop
      vertex -1.77408 -10.1 69.5925
      vertex -3.5 -10.1 68.9593
      vertex -1.88976 -10.1 69.7548
    endloop
  endfacet
  facet normal 0 1 0
    outer loop
      vertex -1.64451 -10.1 69.4412
      vertex -3.5 -10.1 68.9593
      vertex -1.77408 -10.1 69.5925
    endloop
  endfacet
  facet normal 0 1 0
    outer loop
      vertex -1.50207 -10.1 69.3018
      vertex -3.5 -10.1 68.9593
      vertex -1.64451 -10.1 69.4412
    endloop
  endfacet
  facet normal 0 1 0
    outer loop
      vertex -1.34788 -10.1 69.1757
      vertex -3.5 -10.1 68.9593
      vertex -1.50207 -10.1 69.3018
    endloop
  endfacet
  facet normal 0 1 0
    outer loop
      vertex -1.18314 -10.1 69.0636
      vertex -3.5 -10.1 68.9593
      vertex -1.34788 -10.1 69.1757
    endloop
  endfacet
  facet normal 0 1 0
    outer loop
      vertex 0 -10.1 66.9386
      vertex -1.18314 -10.1 69.0636
      vertex -1.00914 -10.1 68.9665
    endloop
  endfacet
  facet normal 0 1 0
    outer loop
      vertex 0 -10.1 66.9386
      vertex -1.00914 -10.1 68.9665
      vertex -0.827238 -10.1 68.8852
    endloop
  endfacet
  facet normal 0 1 0
    outer loop
      vertex 0 -10.1 66.9386
      vertex -0.827238 -10.1 68.8852
      vertex -0.638864 -10.1 68.8203
    endloop
  endfacet
  facet normal 0 1 0
    outer loop
      vertex 0 -10.1 66.9386
      vertex -0.638864 -10.1 68.8203
      vertex -0.44549 -10.1 68.7723
    endloop
  endfacet
  facet normal 0 1 0
    outer loop
      vertex 0 -10.1 66.9386
      vertex -0.44549 -10.1 68.7723
      vertex -0.24863 -10.1 68.7416
    endloop
  endfacet
  facet normal 0 1 0
    outer loop
      vertex -1.18314 -10.1 69.0636
      vertex 0 -10.1 66.9386
      vertex -3.5 -10.1 68.9593
    endloop
  endfacet
  facet normal 0 1 0
    outer loop
      vertex 0 -10.1 66.9386
      vertex -0.24863 -10.1 68.7416
      vertex -0.0498228 -10.1 68.7283
    endloop
  endfacet
  facet normal 0.499995 0 -0.866028
    outer loop
      vertex -3.5 -10.1 79.0007
      vertex 0 -6.9 81.0214
      vertex 0 -10.1 81.0214
    endloop
  endfacet
  facet normal 0.499995 0 -0.866028
    outer loop
      vertex 0 -6.9 81.0214
      vertex -3.5 -10.1 79.0007
      vertex -3.5 -6.9 79.0007
    endloop
  endfacet
  facet normal 0 1 -0
    outer loop
      vertex 19.3998 -10.1 70.48
      vertex 3.5 -10.1 77.48
      vertex 19.3998 -10.1 77.48
    endloop
  endfacet
  facet normal 0 1 0
    outer loop
      vertex 3.5 -10.1 77.48
      vertex 19.3998 -10.1 70.48
      vertex 3.5 -10.1 70.48
    endloop
  endfacet
  facet normal -0.0031104 0.500426 -0.865774
    outer loop
      vertex 19.9505 -8.84264 78.2059
      vertex 19.9921 -8.5 78.4038
      vertex 19.9799 -8.64644 78.3192
    endloop
  endfacet
  facet normal -0.0015622 0.500287 -0.865858
    outer loop
      vertex 19.9082 -9.03644 78.094
      vertex 19.9921 -8.5 78.4038
      vertex 19.9505 -8.84264 78.2059
    endloop
  endfacet
  facet normal -0.00252955 0.500399 -0.865791
    outer loop
      vertex 19.8532 -9.22704 77.984
      vertex 19.9921 -8.5 78.4038
      vertex 19.9082 -9.03644 78.094
    endloop
  endfacet
  facet normal -0.00011536 0.500055 -0.865994
    outer loop
      vertex 19.7857 -9.41357 77.8763
      vertex 19.9921 -8.5 78.4038
      vertex 19.8532 -9.22704 77.984
    endloop
  endfacet
  facet normal -6.63855e-05 0.500047 -0.865998
    outer loop
      vertex 19.706 -9.59525 77.7714
      vertex 19.9921 -8.5 78.4038
      vertex 19.7857 -9.41357 77.8763
    endloop
  endfacet
  facet normal -0.000544032 0.50014 -0.865944
    outer loop
      vertex 19.6145 -9.77126 77.6698
      vertex 19.9921 -8.5 78.4038
      vertex 19.706 -9.59525 77.7714
    endloop
  endfacet
  facet normal -0.000103878 0.500042 -0.866001
    outer loop
      vertex 19.5115 -9.94083 77.5719
      vertex 19.9921 -8.5 78.4038
      vertex 19.6145 -9.77126 77.6698
    endloop
  endfacet
  facet normal -1.27784e-05 0.50002 -0.866014
    outer loop
      vertex 19.3998 -10.1 77.48
      vertex 19.9921 -8.5 78.4038
      vertex 19.5115 -9.94083 77.5719
    endloop
  endfacet
  facet normal 0 0.500016 -0.866016
    outer loop
      vertex 3.5 -8.5 78.4038
      vertex 19.3998 -10.1 77.48
      vertex 3.5 -10.1 77.48
    endloop
  endfacet
  facet normal 0 0.500016 -0.866016
    outer loop
      vertex 19.3998 -10.1 77.48
      vertex 3.5 -8.5 78.4038
      vertex 19.9921 -8.5 78.4038
    endloop
  endfacet
  facet normal 0 -1 0
    outer loop
      vertex 3.5 -6.90001 70.48
      vertex 20 -6.90001 77.48
      vertex 3.5 -6.90001 77.48
    endloop
  endfacet
  facet normal 0 -1 -0
    outer loop
      vertex 20 -6.90001 77.48
      vertex 3.5 -6.90001 70.48
      vertex 20 -6.90001 70.48
    endloop
  endfacet
  facet normal -0.00183285 -0.500023 -0.86601
    outer loop
      vertex 19.9921 -8.5 78.4038
      vertex 20 -8.29999 78.2883
      vertex 19.9963 -8.44875 78.3742
    endloop
  endfacet
  facet normal 0 -0.500078 -0.86598
    outer loop
      vertex 20 -8.29999 78.2883
      vertex 19.9921 -8.5 78.4038
      vertex 3.5 -8.5 78.4038
    endloop
  endfacet
  facet normal -9.71222e-07 -0.500018 -0.866015
    outer loop
      vertex 3.5 -6.90001 77.48
      vertex 20 -8.29999 78.2883
      vertex 3.5 -8.5 78.4038
    endloop
  endfacet
  facet normal 0 -0.50001 -0.86602
    outer loop
      vertex 20 -8.29999 78.2883
      vertex 3.5 -6.90001 77.48
      vertex 20 -6.90001 77.48
    endloop
  endfacet
  facet normal 0 0 1
    outer loop
      vertex 19.3998 -10.1 70.48
      vertex 20 -8.29999 70.48
      vertex 20 -6.90001 70.48
    endloop
  endfacet
  facet normal 0 0 1
    outer loop
      vertex 20 -8.29999 70.48
      vertex 19.3998 -10.1 70.48
      vertex 19.9963 -8.44875 70.48
    endloop
  endfacet
  facet normal 0 0 1
    outer loop
      vertex 19.9963 -8.44875 70.48
      vertex 19.3998 -10.1 70.48
      vertex 19.9799 -8.64644 70.48
    endloop
  endfacet
  facet normal 0 0 1
    outer loop
      vertex 19.9799 -8.64644 70.48
      vertex 19.3998 -10.1 70.48
      vertex 19.9505 -8.84264 70.48
    endloop
  endfacet
  facet normal 0 0 1
    outer loop
      vertex 19.9505 -8.84264 70.48
      vertex 19.3998 -10.1 70.48
      vertex 19.9082 -9.03644 70.48
    endloop
  endfacet
  facet normal 0 0 1
    outer loop
      vertex 19.9082 -9.03644 70.48
      vertex 19.3998 -10.1 70.48
      vertex 19.8532 -9.22704 70.48
    endloop
  endfacet
  facet normal 0 0 1
    outer loop
      vertex 19.8532 -9.22704 70.48
      vertex 19.3998 -10.1 70.48
      vertex 19.7857 -9.41357 70.48
    endloop
  endfacet
  facet normal 0 0 1
    outer loop
      vertex 19.7857 -9.41357 70.48
      vertex 19.3998 -10.1 70.48
      vertex 19.706 -9.59525 70.48
    endloop
  endfacet
  facet normal 0 0 1
    outer loop
      vertex 19.706 -9.59525 70.48
      vertex 19.3998 -10.1 70.48
      vertex 19.6145 -9.77126 70.48
    endloop
  endfacet
  facet normal 0 0 1
    outer loop
      vertex 19.6145 -9.77126 70.48
      vertex 19.3998 -10.1 70.48
      vertex 19.5115 -9.94083 70.48
    endloop
  endfacet
  facet normal -0 0 1
    outer loop
      vertex 3.5 -6.90001 70.48
      vertex 19.3998 -10.1 70.48
      vertex 20 -6.90001 70.48
    endloop
  endfacet
  facet normal 0 0 1
    outer loop
      vertex 19.3998 -10.1 70.48
      vertex 3.5 -6.90001 70.48
      vertex 3.5 -10.1 70.48
    endloop
  endfacet
  facet normal 0.759544 -0 0.650456
    outer loop
      vertex -1.77408 -11.3 69.5925
      vertex -1.64451 -10.1 69.4412
      vertex -1.77408 -10.1 69.5925
    endloop
  endfacet
  facet normal 0.759544 0 0.650456
    outer loop
      vertex -1.64451 -10.1 69.4412
      vertex -1.77408 -11.3 69.5925
      vertex -1.64451 -11.3 69.4412
    endloop
  endfacet
  facet normal 0.759544 -0 0.650456
    outer loop
      vertex -1.77408 -6.9 69.5925
      vertex -1.64451 -5.4 69.4412
      vertex -1.77408 -5.4 69.5925
    endloop
  endfacet
  facet normal 0.759544 0 0.650456
    outer loop
      vertex -1.64451 -5.4 69.4412
      vertex -1.77408 -6.9 69.5925
      vertex -1.64451 -6.9 69.4412
    endloop
  endfacet
  facet normal 0.938014 -0 0.346598
    outer loop
      vertex -2.14503 -11.3 70.2935
      vertex -2.07597 -10.1 70.1066
      vertex -2.14503 -10.1 70.2935
    endloop
  endfacet
  facet normal 0.938014 0 0.346598
    outer loop
      vertex -2.07597 -10.1 70.1066
      vertex -2.14503 -11.3 70.2935
      vertex -2.07597 -11.3 70.1066
    endloop
  endfacet
  facet normal 0.938014 -0 0.346598
    outer loop
      vertex -2.14503 -6.9 70.2935
      vertex -2.07597 -5.4 70.1066
      vertex -2.14503 -5.4 70.2935
    endloop
  endfacet
  facet normal 0.938014 0 0.346598
    outer loop
      vertex -2.07597 -5.4 70.1066
      vertex -2.14503 -6.9 70.2935
      vertex -2.07597 -6.9 70.1066
    endloop
  endfacet
  facet normal 0.996088 -0 0.0883683
    outer loop
      vertex -2.25 -6.9 70.8804
      vertex -2.23239 -5.4 70.6819
      vertex -2.25 -5.4 70.8804
    endloop
  endfacet
  facet normal 0.996088 0 0.0883683
    outer loop
      vertex -2.23239 -5.4 70.6819
      vertex -2.25 -6.9 70.8804
      vertex -2.23239 -6.9 70.6819
    endloop
  endfacet
  facet normal 0.996088 -0 0.0883683
    outer loop
      vertex -2.25 -11.3 70.8804
      vertex -2.23239 -10.1 70.6819
      vertex -2.25 -10.1 70.8804
    endloop
  endfacet
  facet normal 0.996088 0 0.0883683
    outer loop
      vertex -2.23239 -10.1 70.6819
      vertex -2.25 -11.3 70.8804
      vertex -2.23239 -11.3 70.6819
    endloop
  endfacet
  facet normal -0.991204 0 -0.132345
    outer loop
      vertex 2.24339 -11.3 77.179
      vertex 2.21702 -10.1 77.3765
      vertex 2.24339 -10.1 77.179
    endloop
  endfacet
  facet normal -0.991204 -0 -0.132345
    outer loop
      vertex 2.21702 -10.1 77.3765
      vertex 2.24339 -11.3 77.179
      vertex 2.21702 -11.3 77.3765
    endloop
  endfacet
  facet normal -0.991204 0 -0.132345
    outer loop
      vertex 2.24339 -6.9 77.179
      vertex 2.21702 -5.4 77.3765
      vertex 2.24339 -5.4 77.179
    endloop
  endfacet
  facet normal -0.991204 -0 -0.132345
    outer loop
      vertex 2.21702 -5.4 77.3765
      vertex 2.24339 -6.9 77.179
      vertex 2.21702 -6.9 77.3765
    endloop
  endfacet
  facet normal 1 -0 0
    outer loop
      vertex -2.25 -11.3 77.0796
      vertex -2.25 -10.1 70.8804
      vertex -2.25 -10.1 77.0796
    endloop
  endfacet
  facet normal 1 0 0
    outer loop
      vertex -2.25 -10.1 70.8804
      vertex -2.25 -11.3 77.0796
      vertex -2.25 -11.3 70.8804
    endloop
  endfacet
  facet normal 1 -0 0
    outer loop
      vertex -2.25 -6.9 77.0796
      vertex -2.25 -5.4 70.8804
      vertex -2.25 -5.4 77.0796
    endloop
  endfacet
  facet normal 1 0 0
    outer loop
      vertex -2.25 -5.4 70.8804
      vertex -2.25 -6.9 77.0796
      vertex -2.25 -6.9 70.8804
    endloop
  endfacet
  facet normal 0.903627 0 -0.428319
    outer loop
      vertex -1.99065 -11.3 78.0334
      vertex -2.07597 -10.1 77.8534
      vertex -1.99065 -10.1 78.0334
    endloop
  endfacet
  facet normal 0.903627 0 -0.428319
    outer loop
      vertex -2.07597 -10.1 77.8534
      vertex -1.99065 -11.3 78.0334
      vertex -2.07597 -11.3 77.8534
    endloop
  endfacet
  facet normal 0.903627 0 -0.428319
    outer loop
      vertex -1.99065 -6.9 78.0334
      vertex -2.07597 -5.4 77.8534
      vertex -1.99065 -5.4 78.0334
    endloop
  endfacet
  facet normal 0.903627 0 -0.428319
    outer loop
      vertex -2.07597 -5.4 77.8534
      vertex -1.99065 -6.9 78.0334
      vertex -2.07597 -6.9 77.8534
    endloop
  endfacet
  facet normal -0.525435 0 0.850834
    outer loop
      vertex 1.09721 -10.1 69.0131
      vertex 1.26675 -11.3 69.1178
      vertex 1.26675 -10.1 69.1178
    endloop
  endfacet
  facet normal -0.525435 0 0.850834
    outer loop
      vertex 1.26675 -11.3 69.1178
      vertex 1.09721 -10.1 69.0131
      vertex 1.09721 -11.3 69.0131
    endloop
  endfacet
  facet normal -0.525435 0 0.850834
    outer loop
      vertex 1.09721 -5.4 69.0131
      vertex 1.26675 -6.9 69.1178
      vertex 1.26675 -5.4 69.1178
    endloop
  endfacet
  facet normal -0.525435 0 0.850834
    outer loop
      vertex 1.26675 -6.9 69.1178
      vertex 1.09721 -5.4 69.0131
      vertex 1.09721 -6.9 69.0131
    endloop
  endfacet
  facet normal -0.666983 0 -0.745073
    outer loop
      vertex 1.42637 -11.3 78.723
      vertex 1.57483 -10.1 78.5901
      vertex 1.57483 -11.3 78.5901
    endloop
  endfacet
  facet normal -0.666983 0 -0.745073
    outer loop
      vertex 1.57483 -10.1 78.5901
      vertex 1.42637 -11.3 78.723
      vertex 1.42637 -10.1 78.723
    endloop
  endfacet
  facet normal -0.666983 0 -0.745073
    outer loop
      vertex 1.42637 -6.9 78.723
      vertex 1.57483 -5.4 78.5901
      vertex 1.57483 -6.9 78.5901
    endloop
  endfacet
  facet normal -0.666983 0 -0.745073
    outer loop
      vertex 1.57483 -5.4 78.5901
      vertex 1.42637 -6.9 78.723
      vertex 1.42637 -5.4 78.723
    endloop
  endfacet
  facet normal 0.996088 0 -0.0883683
    outer loop
      vertex -2.23239 -11.3 77.2781
      vertex -2.25 -10.1 77.0796
      vertex -2.23239 -10.1 77.2781
    endloop
  endfacet
  facet normal 0.996088 0 -0.0883683
    outer loop
      vertex -2.25 -10.1 77.0796
      vertex -2.23239 -11.3 77.2781
      vertex -2.25 -11.3 77.0796
    endloop
  endfacet
  facet normal 0.996088 0 -0.0883683
    outer loop
      vertex -2.23239 -6.9 77.2781
      vertex -2.25 -5.4 77.0796
      vertex -2.23239 -5.4 77.2781
    endloop
  endfacet
  facet normal 0.996088 0 -0.0883683
    outer loop
      vertex -2.25 -5.4 77.0796
      vertex -2.23239 -6.9 77.2781
      vertex -2.25 -6.9 77.0796
    endloop
  endfacet
  facet normal -0.78782 0 -0.615905
    outer loop
      vertex 1.83371 -11.3 78.2876
      vertex 1.71097 -10.1 78.4446
      vertex 1.83371 -10.1 78.2876
    endloop
  endfacet
  facet normal -0.78782 -0 -0.615905
    outer loop
      vertex 1.71097 -10.1 78.4446
      vertex 1.83371 -11.3 78.2876
      vertex 1.71097 -11.3 78.4446
    endloop
  endfacet
  facet normal -0.78782 0 -0.615905
    outer loop
      vertex 1.83371 -6.9 78.2876
      vertex 1.71097 -5.4 78.4446
      vertex 1.83371 -5.4 78.2876
    endloop
  endfacet
  facet normal -0.78782 -0 -0.615905
    outer loop
      vertex 1.71097 -5.4 78.4446
      vertex 1.83371 -6.9 78.2876
      vertex 1.71097 -6.9 78.4446
    endloop
  endfacet
  facet normal 0.984374 -0 0.176093
    outer loop
      vertex -2.23239 -6.9 70.6819
      vertex -2.19731 -5.4 70.4858
      vertex -2.23239 -5.4 70.6819
    endloop
  endfacet
  facet normal 0.984374 0 0.176093
    outer loop
      vertex -2.19731 -5.4 70.4858
      vertex -2.23239 -6.9 70.6819
      vertex -2.19731 -6.9 70.4858
    endloop
  endfacet
  facet normal 0.984374 -0 0.176093
    outer loop
      vertex -2.23239 -11.3 70.6819
      vertex -2.19731 -10.1 70.4858
      vertex -2.23239 -10.1 70.6819
    endloop
  endfacet
  facet normal 0.984374 0 0.176093
    outer loop
      vertex -2.19731 -10.1 70.4858
      vertex -2.23239 -11.3 70.6819
      vertex -2.19731 -11.3 70.4858
    endloop
  endfacet
  facet normal -1 0 0
    outer loop
      vertex 2.2522 -6.9 70.98
      vertex 2.2522 -5.4 76.98
      vertex 2.2522 -5.4 70.98
    endloop
  endfacet
  facet normal -1 -0 0
    outer loop
      vertex 2.2522 -5.4 76.98
      vertex 2.2522 -6.9 70.98
      vertex 2.2522 -6.9 76.98
    endloop
  endfacet
  facet normal -1 0 0
    outer loop
      vertex 2.2522 -11.3 70.98
      vertex 2.2522 -10.1 76.98
      vertex 2.2522 -10.1 70.98
    endloop
  endfacet
  facet normal -1 -0 0
    outer loop
      vertex 2.2522 -10.1 76.98
      vertex 2.2522 -11.3 70.98
      vertex 2.2522 -11.3 76.98
    endloop
  endfacet
  facet normal -0.921774 0 -0.387727
    outer loop
      vertex 2.11257 -6.9 77.7607
      vertex 2.0353 -5.4 77.9444
      vertex 2.11257 -5.4 77.7607
    endloop
  endfacet
  facet normal -0.921774 -0 -0.387727
    outer loop
      vertex 2.0353 -5.4 77.9444
      vertex 2.11257 -6.9 77.7607
      vertex 2.0353 -6.9 77.9444
    endloop
  endfacet
  facet normal -0.921774 0 -0.387727
    outer loop
      vertex 2.11257 -11.3 77.7607
      vertex 2.0353 -10.1 77.9444
      vertex 2.11257 -10.1 77.7607
    endloop
  endfacet
  facet normal -0.921774 -0 -0.387727
    outer loop
      vertex 2.0353 -10.1 77.9444
      vertex 2.11257 -11.3 77.7607
      vertex 2.0353 -11.3 77.9444
    endloop
  endfacet
  facet normal 0.325737 0 0.94546
    outer loop
      vertex -0.827238 -5.4 68.8852
      vertex -0.638864 -6.9 68.8203
      vertex -0.638864 -5.4 68.8203
    endloop
  endfacet
  facet normal 0.325737 0 0.94546
    outer loop
      vertex -0.638864 -6.9 68.8203
      vertex -0.827238 -5.4 68.8852
      vertex -0.827238 -6.9 68.8852
    endloop
  endfacet
  facet normal 0.325737 0 0.94546
    outer loop
      vertex -0.827238 -10.1 68.8852
      vertex -0.638864 -11.3 68.8203
      vertex -0.638864 -10.1 68.8203
    endloop
  endfacet
  facet normal 0.325737 0 0.94546
    outer loop
      vertex -0.638864 -11.3 68.8203
      vertex -0.827238 -10.1 68.8852
      vertex -0.827238 -11.3 68.8852
    endloop
  endfacet
  facet normal 0.562574 0 0.826747
    outer loop
      vertex -1.34788 -5.4 69.1757
      vertex -1.18314 -6.9 69.0636
      vertex -1.18314 -5.4 69.0636
    endloop
  endfacet
  facet normal 0.562574 0 0.826747
    outer loop
      vertex -1.18314 -6.9 69.0636
      vertex -1.34788 -5.4 69.1757
      vertex -1.34788 -6.9 69.1757
    endloop
  endfacet
  facet normal 0.562574 0 0.826747
    outer loop
      vertex -1.34788 -10.1 69.1757
      vertex -1.18314 -11.3 69.0636
      vertex -1.18314 -10.1 69.0636
    endloop
  endfacet
  facet normal 0.562574 0 0.826747
    outer loop
      vertex -1.18314 -11.3 69.0636
      vertex -1.34788 -10.1 69.1757
      vertex -1.34788 -11.3 69.1757
    endloop
  endfacet
  facet normal -0.500133 0 -0.865948
    outer loop
      vertex 0 -6.9 79.5806
      vertex 1.09721 -5.4 78.9469
      vertex 1.09721 -6.9 78.9469
    endloop
  endfacet
  facet normal -0.500133 0 -0.865948
    outer loop
      vertex 1.09721 -5.4 78.9469
      vertex 0 -6.9 79.5806
      vertex 0 -5.4 79.5806
    endloop
  endfacet
  facet normal -0.500133 0 -0.865948
    outer loop
      vertex 0 -11.3 79.5806
      vertex 1.09721 -10.1 78.9469
      vertex 1.09721 -11.3 78.9469
    endloop
  endfacet
  facet normal -0.500133 0 -0.865948
    outer loop
      vertex 1.09721 -10.1 78.9469
      vertex 0 -11.3 79.5806
      vertex 0 -10.1 79.5806
    endloop
  endfacet
  facet normal -0.975631 0 0.219417
    outer loop
      vertex 2.1733 -6.9 70.3891
      vertex 2.21702 -5.4 70.5835
      vertex 2.1733 -5.4 70.3891
    endloop
  endfacet
  facet normal -0.975631 0 0.219417
    outer loop
      vertex 2.21702 -5.4 70.5835
      vertex 2.1733 -6.9 70.3891
      vertex 2.21702 -6.9 70.5835
    endloop
  endfacet
  facet normal -0.975631 0 0.219417
    outer loop
      vertex 2.1733 -11.3 70.3891
      vertex 2.21702 -10.1 70.5835
      vertex 2.1733 -10.1 70.3891
    endloop
  endfacet
  facet normal -0.975631 0 0.219417
    outer loop
      vertex 2.21702 -10.1 70.5835
      vertex 2.1733 -11.3 70.3891
      vertex 2.21702 -11.3 70.5835
    endloop
  endfacet
  facet normal 0.862304 -0 0.50639
    outer loop
      vertex -1.99065 -11.3 69.9266
      vertex -1.88976 -10.1 69.7548
      vertex -1.99065 -10.1 69.9266
    endloop
  endfacet
  facet normal 0.862304 0 0.50639
    outer loop
      vertex -1.88976 -10.1 69.7548
      vertex -1.99065 -11.3 69.9266
      vertex -1.88976 -11.3 69.7548
    endloop
  endfacet
  facet normal 0.862304 -0 0.50639
    outer loop
      vertex -1.99065 -6.9 69.9266
      vertex -1.88976 -5.4 69.7548
      vertex -1.99065 -5.4 69.9266
    endloop
  endfacet
  facet normal 0.862304 0 0.50639
    outer loop
      vertex -1.88976 -5.4 69.7548
      vertex -1.99065 -6.9 69.9266
      vertex -1.88976 -6.9 69.7548
    endloop
  endfacet
  facet normal 0.633372 0 -0.773848
    outer loop
      vertex -1.50207 -6.9 78.6581
      vertex -1.34788 -5.4 78.7843
      vertex -1.34788 -6.9 78.7843
    endloop
  endfacet
  facet normal 0.633372 0 -0.773848
    outer loop
      vertex -1.34788 -5.4 78.7843
      vertex -1.50207 -6.9 78.6581
      vertex -1.50207 -5.4 78.6581
    endloop
  endfacet
  facet normal 0.633372 0 -0.773848
    outer loop
      vertex -1.50207 -11.3 78.6581
      vertex -1.34788 -10.1 78.7843
      vertex -1.34788 -11.3 78.7843
    endloop
  endfacet
  facet normal 0.633372 0 -0.773848
    outer loop
      vertex -1.34788 -10.1 78.7843
      vertex -1.50207 -11.3 78.6581
      vertex -1.50207 -10.1 78.6581
    endloop
  endfacet
  facet normal -0.197749 0 0.980253
    outer loop
      vertex 0.3474 -10.1 68.7548
      vertex 0.542708 -11.3 68.7942
      vertex 0.542708 -10.1 68.7942
    endloop
  endfacet
  facet normal -0.197749 0 0.980253
    outer loop
      vertex 0.542708 -11.3 68.7942
      vertex 0.3474 -10.1 68.7548
      vertex 0.3474 -11.3 68.7548
    endloop
  endfacet
  facet normal -0.197749 0 0.980253
    outer loop
      vertex 0.3474 -5.4 68.7548
      vertex 0.542708 -6.9 68.7942
      vertex 0.542708 -5.4 68.7942
    endloop
  endfacet
  facet normal -0.197749 0 0.980253
    outer loop
      vertex 0.542708 -6.9 68.7942
      vertex 0.3474 -5.4 68.7548
      vertex 0.3474 -6.9 68.7548
    endloop
  endfacet
  facet normal 0.500611 0 -0.865672
    outer loop
      vertex -1.18314 -11.3 78.8964
      vertex 0 -10.1 79.5806
      vertex 0 -11.3 79.5806
    endloop
  endfacet
  facet normal 0.500611 0 -0.865672
    outer loop
      vertex 0 -10.1 79.5806
      vertex -1.18314 -11.3 78.8964
      vertex -1.18314 -10.1 78.8964
    endloop
  endfacet
  facet normal 0.500611 0 -0.865672
    outer loop
      vertex -1.18314 -6.9 78.8964
      vertex 0 -5.4 79.5806
      vertex 0 -6.9 79.5806
    endloop
  endfacet
  facet normal 0.500611 0 -0.865672
    outer loop
      vertex 0 -5.4 79.5806
      vertex -1.18314 -6.9 78.8964
      vertex -1.18314 -5.4 78.8964
    endloop
  endfacet
  facet normal 0.862304 0 -0.50639
    outer loop
      vertex -1.88976 -6.9 78.2052
      vertex -1.99065 -5.4 78.0334
      vertex -1.88976 -5.4 78.2052
    endloop
  endfacet
  facet normal 0.862304 0 -0.50639
    outer loop
      vertex -1.99065 -5.4 78.0334
      vertex -1.88976 -6.9 78.2052
      vertex -1.99065 -6.9 78.0334
    endloop
  endfacet
  facet normal 0.862304 0 -0.50639
    outer loop
      vertex -1.88976 -11.3 78.2052
      vertex -1.99065 -10.1 78.0334
      vertex -1.88976 -10.1 78.2052
    endloop
  endfacet
  facet normal 0.862304 0 -0.50639
    outer loop
      vertex -1.99065 -10.1 78.0334
      vertex -1.88976 -11.3 78.2052
      vertex -1.99065 -11.3 78.0334
    endloop
  endfacet
  facet normal -0.975631 0 -0.219417
    outer loop
      vertex 2.21702 -6.9 77.3765
      vertex 2.1733 -5.4 77.5709
      vertex 2.21702 -5.4 77.3765
    endloop
  endfacet
  facet normal -0.975631 -0 -0.219417
    outer loop
      vertex 2.1733 -5.4 77.5709
      vertex 2.21702 -6.9 77.3765
      vertex 2.1733 -6.9 77.5709
    endloop
  endfacet
  facet normal -0.975631 0 -0.219417
    outer loop
      vertex 2.21702 -11.3 77.3765
      vertex 2.1733 -10.1 77.5709
      vertex 2.21702 -10.1 77.3765
    endloop
  endfacet
  facet normal -0.975631 -0 -0.219417
    outer loop
      vertex 2.1733 -10.1 77.5709
      vertex 2.21702 -11.3 77.3765
      vertex 2.1733 -11.3 77.5709
    endloop
  endfacet
  facet normal -0.952433 0 -0.304748
    outer loop
      vertex 2.1733 -6.9 77.5709
      vertex 2.11257 -5.4 77.7607
      vertex 2.1733 -5.4 77.5709
    endloop
  endfacet
  facet normal -0.952433 -0 -0.304748
    outer loop
      vertex 2.11257 -5.4 77.7607
      vertex 2.1733 -6.9 77.5709
      vertex 2.11257 -6.9 77.7607
    endloop
  endfacet
  facet normal -0.952433 0 -0.304748
    outer loop
      vertex 2.1733 -11.3 77.5709
      vertex 2.11257 -10.1 77.7607
      vertex 2.1733 -10.1 77.5709
    endloop
  endfacet
  facet normal -0.952433 -0 -0.304748
    outer loop
      vertex 2.11257 -10.1 77.7607
      vertex 2.1733 -11.3 77.5709
      vertex 2.11257 -11.3 77.7607
    endloop
  endfacet
  facet normal 0.562574 0 -0.826747
    outer loop
      vertex -1.34788 -6.9 78.7843
      vertex -1.18314 -5.4 78.8964
      vertex -1.18314 -6.9 78.8964
    endloop
  endfacet
  facet normal 0.562574 0 -0.826747
    outer loop
      vertex -1.18314 -5.4 78.8964
      vertex -1.34788 -6.9 78.7843
      vertex -1.34788 -5.4 78.7843
    endloop
  endfacet
  facet normal 0.562574 0 -0.826747
    outer loop
      vertex -1.34788 -11.3 78.7843
      vertex -1.18314 -10.1 78.8964
      vertex -1.18314 -11.3 78.8964
    endloop
  endfacet
  facet normal 0.562574 0 -0.826747
    outer loop
      vertex -1.18314 -10.1 78.8964
      vertex -1.34788 -11.3 78.7843
      vertex -1.34788 -10.1 78.7843
    endloop
  endfacet
  facet normal -0.999021 0 -0.044228
    outer loop
      vertex 2.2522 -11.3 76.98
      vertex 2.24339 -10.1 77.179
      vertex 2.2522 -10.1 76.98
    endloop
  endfacet
  facet normal -0.999021 -0 -0.044228
    outer loop
      vertex 2.24339 -10.1 77.179
      vertex 2.2522 -11.3 76.98
      vertex 2.24339 -11.3 77.179
    endloop
  endfacet
  facet normal -0.999021 0 -0.044228
    outer loop
      vertex 2.2522 -6.9 76.98
      vertex 2.24339 -5.4 77.179
      vertex 2.2522 -5.4 76.98
    endloop
  endfacet
  facet normal -0.999021 -0 -0.044228
    outer loop
      vertex 2.24339 -5.4 77.179
      vertex 2.2522 -6.9 76.98
      vertex 2.24339 -6.9 77.179
    endloop
  endfacet
  facet normal -0.367376 0 0.930073
    outer loop
      vertex 0.733769 -5.4 68.8507
      vertex 0.919087 -6.9 68.9239
      vertex 0.919087 -5.4 68.9239
    endloop
  endfacet
  facet normal -0.367376 0 0.930073
    outer loop
      vertex 0.919087 -6.9 68.9239
      vertex 0.733769 -5.4 68.8507
      vertex 0.733769 -6.9 68.8507
    endloop
  endfacet
  facet normal -0.367376 0 0.930073
    outer loop
      vertex 0.733769 -10.1 68.8507
      vertex 0.919087 -11.3 68.9239
      vertex 0.919087 -10.1 68.9239
    endloop
  endfacet
  facet normal -0.367376 0 0.930073
    outer loop
      vertex 0.919087 -11.3 68.9239
      vertex 0.733769 -10.1 68.8507
      vertex 0.733769 -11.3 68.8507
    endloop
  endfacet
  facet normal 0.938014 0 -0.346598
    outer loop
      vertex -2.07597 -6.9 77.8534
      vertex -2.14503 -5.4 77.6665
      vertex -2.07597 -5.4 77.8534
    endloop
  endfacet
  facet normal 0.938014 0 -0.346598
    outer loop
      vertex -2.14503 -5.4 77.6665
      vertex -2.07597 -6.9 77.8534
      vertex -2.14503 -6.9 77.6665
    endloop
  endfacet
  facet normal 0.938014 0 -0.346598
    outer loop
      vertex -2.07597 -11.3 77.8534
      vertex -2.14503 -10.1 77.6665
      vertex -2.07597 -10.1 77.8534
    endloop
  endfacet
  facet normal 0.938014 0 -0.346598
    outer loop
      vertex -2.14503 -10.1 77.6665
      vertex -2.07597 -11.3 77.8534
      vertex -2.14503 -11.3 77.6665
    endloop
  endfacet
  facet normal 0.984374 0 -0.176093
    outer loop
      vertex -2.19731 -11.3 77.4742
      vertex -2.23239 -10.1 77.2781
      vertex -2.19731 -10.1 77.4742
    endloop
  endfacet
  facet normal 0.984374 0 -0.176093
    outer loop
      vertex -2.23239 -10.1 77.2781
      vertex -2.19731 -11.3 77.4742
      vertex -2.23239 -11.3 77.2781
    endloop
  endfacet
  facet normal 0.984374 0 -0.176093
    outer loop
      vertex -2.19731 -6.9 77.4742
      vertex -2.23239 -5.4 77.2781
      vertex -2.19731 -5.4 77.4742
    endloop
  endfacet
  facet normal 0.984374 0 -0.176093
    outer loop
      vertex -2.23239 -5.4 77.2781
      vertex -2.19731 -6.9 77.4742
      vertex -2.23239 -6.9 77.2781
    endloop
  endfacet
  facet normal 0.759544 0 -0.650456
    outer loop
      vertex -1.64451 -11.3 78.5188
      vertex -1.77408 -10.1 78.3675
      vertex -1.64451 -10.1 78.5188
    endloop
  endfacet
  facet normal 0.759544 0 -0.650456
    outer loop
      vertex -1.77408 -10.1 78.3675
      vertex -1.64451 -11.3 78.5188
      vertex -1.77408 -11.3 78.3675
    endloop
  endfacet
  facet normal 0.759544 0 -0.650456
    outer loop
      vertex -1.64451 -6.9 78.5188
      vertex -1.77408 -5.4 78.3675
      vertex -1.64451 -5.4 78.5188
    endloop
  endfacet
  facet normal 0.759544 0 -0.650456
    outer loop
      vertex -1.77408 -5.4 78.3675
      vertex -1.64451 -6.9 78.5188
      vertex -1.77408 -6.9 78.3675
    endloop
  endfacet
  facet normal 0.487304 0 0.873232
    outer loop
      vertex -1.18314 -5.4 69.0636
      vertex -1.00914 -6.9 68.9665
      vertex -1.00914 -5.4 68.9665
    endloop
  endfacet
  facet normal 0.487304 0 0.873232
    outer loop
      vertex -1.00914 -6.9 68.9665
      vertex -1.18314 -5.4 69.0636
      vertex -1.18314 -6.9 69.0636
    endloop
  endfacet
  facet normal 0.487304 0 0.873232
    outer loop
      vertex -1.18314 -10.1 69.0636
      vertex -1.00914 -11.3 68.9665
      vertex -1.00914 -10.1 68.9665
    endloop
  endfacet
  facet normal 0.487304 0 0.873232
    outer loop
      vertex -1.00914 -11.3 68.9665
      vertex -1.18314 -10.1 69.0636
      vertex -1.18314 -11.3 69.0636
    endloop
  endfacet
  facet normal 0.964974 -0 0.262345
    outer loop
      vertex -2.19731 -6.9 70.4858
      vertex -2.14503 -5.4 70.2935
      vertex -2.19731 -5.4 70.4858
    endloop
  endfacet
  facet normal 0.964974 0 0.262345
    outer loop
      vertex -2.14503 -5.4 70.2935
      vertex -2.19731 -6.9 70.4858
      vertex -2.14503 -6.9 70.2935
    endloop
  endfacet
  facet normal 0.964974 -0 0.262345
    outer loop
      vertex -2.19731 -11.3 70.4858
      vertex -2.14503 -10.1 70.2935
      vertex -2.19731 -10.1 70.4858
    endloop
  endfacet
  facet normal 0.964974 0 0.262345
    outer loop
      vertex -2.14503 -10.1 70.2935
      vertex -2.19731 -11.3 70.4858
      vertex -2.14503 -11.3 70.2935
    endloop
  endfacet
  facet normal -0.110416 0 0.993885
    outer loop
      vertex 0.149372 -5.4 68.7328
      vertex 0.3474 -6.9 68.7548
      vertex 0.3474 -5.4 68.7548
    endloop
  endfacet
  facet normal -0.110416 0 0.993885
    outer loop
      vertex 0.3474 -6.9 68.7548
      vertex 0.149372 -5.4 68.7328
      vertex 0.149372 -6.9 68.7328
    endloop
  endfacet
  facet normal -0.110416 0 0.993885
    outer loop
      vertex 0.149372 -10.1 68.7328
      vertex 0.3474 -11.3 68.7548
      vertex 0.3474 -10.1 68.7548
    endloop
  endfacet
  facet normal -0.110416 0 0.993885
    outer loop
      vertex 0.3474 -11.3 68.7548
      vertex 0.149372 -10.1 68.7328
      vertex 0.149372 -11.3 68.7328
    endloop
  endfacet
  facet normal -0.921774 0 0.387727
    outer loop
      vertex 2.0353 -6.9 70.0156
      vertex 2.11257 -5.4 70.1993
      vertex 2.0353 -5.4 70.0156
    endloop
  endfacet
  facet normal -0.921774 0 0.387727
    outer loop
      vertex 2.11257 -5.4 70.1993
      vertex 2.0353 -6.9 70.0156
      vertex 2.11257 -6.9 70.1993
    endloop
  endfacet
  facet normal -0.921774 0 0.387727
    outer loop
      vertex 2.0353 -11.3 70.0156
      vertex 2.11257 -10.1 70.1993
      vertex 2.0353 -10.1 70.0156
    endloop
  endfacet
  facet normal -0.921774 0 0.387727
    outer loop
      vertex 2.11257 -10.1 70.1993
      vertex 2.0353 -11.3 70.0156
      vertex 2.11257 -11.3 70.1993
    endloop
  endfacet
  facet normal 0.633071 0 0.774094
    outer loop
      vertex -1.50207 -10.1 69.3018
      vertex -1.34788 -11.3 69.1757
      vertex -1.34788 -10.1 69.1757
    endloop
  endfacet
  facet normal 0.633071 0 0.774094
    outer loop
      vertex -1.34788 -11.3 69.1757
      vertex -1.50207 -10.1 69.3018
      vertex -1.50207 -11.3 69.3018
    endloop
  endfacet
  facet normal 0.633071 0 0.774094
    outer loop
      vertex -1.50207 -5.4 69.3018
      vertex -1.34788 -6.9 69.1757
      vertex -1.34788 -5.4 69.1757
    endloop
  endfacet
  facet normal 0.633071 0 0.774094
    outer loop
      vertex -1.34788 -6.9 69.1757
      vertex -1.50207 -5.4 69.3018
      vertex -1.50207 -6.9 69.3018
    endloop
  endfacet
  facet normal 0.699183 0 -0.714943
    outer loop
      vertex -1.64451 -11.3 78.5188
      vertex -1.50207 -10.1 78.6581
      vertex -1.50207 -11.3 78.6581
    endloop
  endfacet
  facet normal 0.699183 0 -0.714943
    outer loop
      vertex -1.50207 -10.1 78.6581
      vertex -1.64451 -11.3 78.5188
      vertex -1.64451 -10.1 78.5188
    endloop
  endfacet
  facet normal 0.699183 0 -0.714943
    outer loop
      vertex -1.64451 -6.9 78.5188
      vertex -1.50207 -5.4 78.6581
      vertex -1.50207 -6.9 78.6581
    endloop
  endfacet
  facet normal 0.699183 0 -0.714943
    outer loop
      vertex -1.50207 -5.4 78.6581
      vertex -1.64451 -6.9 78.5188
      vertex -1.64451 -5.4 78.5188
    endloop
  endfacet
  facet normal 0.0667498 0 0.99777
    outer loop
      vertex -0.24863 -10.1 68.7416
      vertex -0.0498228 -11.3 68.7283
      vertex -0.0498228 -10.1 68.7283
    endloop
  endfacet
  facet normal 0.0667498 0 0.99777
    outer loop
      vertex -0.0498228 -11.3 68.7283
      vertex -0.24863 -10.1 68.7416
      vertex -0.24863 -11.3 68.7416
    endloop
  endfacet
  facet normal 0.0667498 0 0.99777
    outer loop
      vertex -0.24863 -5.4 68.7416
      vertex -0.0498228 -6.9 68.7283
      vertex -0.0498228 -5.4 68.7283
    endloop
  endfacet
  facet normal 0.0667498 0 0.99777
    outer loop
      vertex -0.0498228 -6.9 68.7283
      vertex -0.24863 -5.4 68.7416
      vertex -0.24863 -6.9 68.7416
    endloop
  endfacet
  facet normal -0.999021 0 0.044228
    outer loop
      vertex 2.24339 -6.9 70.781
      vertex 2.2522 -5.4 70.98
      vertex 2.24339 -5.4 70.781
    endloop
  endfacet
  facet normal -0.999021 0 0.044228
    outer loop
      vertex 2.2522 -5.4 70.98
      vertex 2.24339 -6.9 70.781
      vertex 2.2522 -6.9 70.98
    endloop
  endfacet
  facet normal -0.999021 0 0.044228
    outer loop
      vertex 2.24339 -11.3 70.781
      vertex 2.2522 -10.1 70.98
      vertex 2.24339 -10.1 70.781
    endloop
  endfacet
  facet normal -0.999021 0 0.044228
    outer loop
      vertex 2.2522 -10.1 70.98
      vertex 2.24339 -11.3 70.781
      vertex 2.2522 -11.3 70.98
    endloop
  endfacet
  facet normal -0.666983 0 0.745073
    outer loop
      vertex 1.42637 -10.1 69.237
      vertex 1.57483 -11.3 69.3699
      vertex 1.57483 -10.1 69.3699
    endloop
  endfacet
  facet normal -0.666983 0 0.745073
    outer loop
      vertex 1.57483 -11.3 69.3699
      vertex 1.42637 -10.1 69.237
      vertex 1.42637 -11.3 69.237
    endloop
  endfacet
  facet normal -0.666983 0 0.745073
    outer loop
      vertex 1.42637 -5.4 69.237
      vertex 1.57483 -6.9 69.3699
      vertex 1.57483 -5.4 69.3699
    endloop
  endfacet
  facet normal -0.666983 0 0.745073
    outer loop
      vertex 1.57483 -6.9 69.3699
      vertex 1.42637 -5.4 69.237
      vertex 1.42637 -6.9 69.237
    endloop
  endfacet
  facet normal 0.964974 0 -0.262345
    outer loop
      vertex -2.14503 -11.3 77.6665
      vertex -2.19731 -10.1 77.4742
      vertex -2.14503 -10.1 77.6665
    endloop
  endfacet
  facet normal 0.964974 0 -0.262345
    outer loop
      vertex -2.19731 -10.1 77.4742
      vertex -2.14503 -11.3 77.6665
      vertex -2.19731 -11.3 77.4742
    endloop
  endfacet
  facet normal 0.964974 0 -0.262345
    outer loop
      vertex -2.14503 -6.9 77.6665
      vertex -2.19731 -5.4 77.4742
      vertex -2.14503 -5.4 77.6665
    endloop
  endfacet
  facet normal 0.964974 0 -0.262345
    outer loop
      vertex -2.19731 -5.4 77.4742
      vertex -2.14503 -6.9 77.6665
      vertex -2.19731 -6.9 77.4742
    endloop
  endfacet
  facet normal -0.88387 0 -0.467733
    outer loop
      vertex 2.0353 -6.9 77.9444
      vertex 1.94211 -5.4 78.1205
      vertex 2.0353 -5.4 77.9444
    endloop
  endfacet
  facet normal -0.88387 -0 -0.467733
    outer loop
      vertex 1.94211 -5.4 78.1205
      vertex 2.0353 -6.9 77.9444
      vertex 1.94211 -6.9 78.1205
    endloop
  endfacet
  facet normal -0.88387 0 -0.467733
    outer loop
      vertex 2.0353 -11.3 77.9444
      vertex 1.94211 -10.1 78.1205
      vertex 2.0353 -10.1 77.9444
    endloop
  endfacet
  facet normal -0.88387 -0 -0.467733
    outer loop
      vertex 1.94211 -10.1 78.1205
      vertex 2.0353 -11.3 77.9444
      vertex 1.94211 -11.3 78.1205
    endloop
  endfacet
  facet normal 0.814323 -0 0.580412
    outer loop
      vertex -1.88976 -11.3 69.7548
      vertex -1.77408 -10.1 69.5925
      vertex -1.88976 -10.1 69.7548
    endloop
  endfacet
  facet normal 0.814323 0 0.580412
    outer loop
      vertex -1.77408 -10.1 69.5925
      vertex -1.88976 -11.3 69.7548
      vertex -1.77408 -11.3 69.5925
    endloop
  endfacet
  facet normal 0.814323 -0 0.580412
    outer loop
      vertex -1.88976 -6.9 69.7548
      vertex -1.77408 -5.4 69.5925
      vertex -1.88976 -5.4 69.7548
    endloop
  endfacet
  facet normal 0.814323 0 0.580412
    outer loop
      vertex -1.77408 -5.4 69.5925
      vertex -1.88976 -6.9 69.7548
      vertex -1.77408 -6.9 69.5925
    endloop
  endfacet
  facet normal -0.952433 0 0.304748
    outer loop
      vertex 2.11257 -6.9 70.1993
      vertex 2.1733 -5.4 70.3891
      vertex 2.11257 -5.4 70.1993
    endloop
  endfacet
  facet normal -0.952433 0 0.304748
    outer loop
      vertex 2.1733 -5.4 70.3891
      vertex 2.11257 -6.9 70.1993
      vertex 2.1733 -6.9 70.3891
    endloop
  endfacet
  facet normal -0.952433 0 0.304748
    outer loop
      vertex 2.11257 -11.3 70.1993
      vertex 2.1733 -10.1 70.3891
      vertex 2.11257 -10.1 70.1993
    endloop
  endfacet
  facet normal -0.952433 0 0.304748
    outer loop
      vertex 2.1733 -10.1 70.3891
      vertex 2.11257 -11.3 70.1993
      vertex 2.1733 -11.3 70.3891
    endloop
  endfacet
  facet normal -0.78782 0 0.615905
    outer loop
      vertex 1.71097 -6.9 69.5154
      vertex 1.83371 -5.4 69.6724
      vertex 1.71097 -5.4 69.5154
    endloop
  endfacet
  facet normal -0.78782 0 0.615905
    outer loop
      vertex 1.83371 -5.4 69.6724
      vertex 1.71097 -6.9 69.5154
      vertex 1.83371 -6.9 69.6724
    endloop
  endfacet
  facet normal -0.78782 0 0.615905
    outer loop
      vertex 1.71097 -11.3 69.5154
      vertex 1.83371 -10.1 69.6724
      vertex 1.71097 -10.1 69.5154
    endloop
  endfacet
  facet normal -0.78782 0 0.615905
    outer loop
      vertex 1.83371 -10.1 69.6724
      vertex 1.71097 -11.3 69.5154
      vertex 1.83371 -11.3 69.6724
    endloop
  endfacet
  facet normal 0.814323 0 -0.580412
    outer loop
      vertex -1.77408 -6.9 78.3675
      vertex -1.88976 -5.4 78.2052
      vertex -1.77408 -5.4 78.3675
    endloop
  endfacet
  facet normal 0.814323 0 -0.580412
    outer loop
      vertex -1.88976 -5.4 78.2052
      vertex -1.77408 -6.9 78.3675
      vertex -1.88976 -6.9 78.2052
    endloop
  endfacet
  facet normal 0.814323 0 -0.580412
    outer loop
      vertex -1.77408 -11.3 78.3675
      vertex -1.88976 -10.1 78.2052
      vertex -1.77408 -10.1 78.3675
    endloop
  endfacet
  facet normal 0.814323 0 -0.580412
    outer loop
      vertex -1.88976 -10.1 78.2052
      vertex -1.77408 -11.3 78.3675
      vertex -1.88976 -11.3 78.2052
    endloop
  endfacet
  facet normal -0.730204 0 -0.68323
    outer loop
      vertex 1.71097 -11.3 78.4446
      vertex 1.57483 -10.1 78.5901
      vertex 1.71097 -10.1 78.4446
    endloop
  endfacet
  facet normal -0.730204 -0 -0.68323
    outer loop
      vertex 1.57483 -10.1 78.5901
      vertex 1.71097 -11.3 78.4446
      vertex 1.57483 -11.3 78.5901
    endloop
  endfacet
  facet normal -0.730204 0 -0.68323
    outer loop
      vertex 1.71097 -6.9 78.4446
      vertex 1.57483 -5.4 78.5901
      vertex 1.71097 -5.4 78.4446
    endloop
  endfacet
  facet normal -0.730204 -0 -0.68323
    outer loop
      vertex 1.57483 -5.4 78.5901
      vertex 1.71097 -6.9 78.4446
      vertex 1.57483 -6.9 78.5901
    endloop
  endfacet
  facet normal -0.88387 0 0.467733
    outer loop
      vertex 1.94211 -6.9 69.8395
      vertex 2.0353 -5.4 70.0156
      vertex 1.94211 -5.4 69.8395
    endloop
  endfacet
  facet normal -0.88387 0 0.467733
    outer loop
      vertex 2.0353 -5.4 70.0156
      vertex 1.94211 -6.9 69.8395
      vertex 2.0353 -6.9 70.0156
    endloop
  endfacet
  facet normal -0.88387 0 0.467733
    outer loop
      vertex 1.94211 -11.3 69.8395
      vertex 2.0353 -10.1 70.0156
      vertex 1.94211 -10.1 69.8395
    endloop
  endfacet
  facet normal -0.88387 0 0.467733
    outer loop
      vertex 2.0353 -10.1 70.0156
      vertex 1.94211 -11.3 69.8395
      vertex 2.0353 -11.3 70.0156
    endloop
  endfacet
  facet normal -0.991204 0 0.132345
    outer loop
      vertex 2.21702 -6.9 70.5835
      vertex 2.24339 -5.4 70.781
      vertex 2.21702 -5.4 70.5835
    endloop
  endfacet
  facet normal -0.991204 0 0.132345
    outer loop
      vertex 2.24339 -5.4 70.781
      vertex 2.21702 -6.9 70.5835
      vertex 2.24339 -6.9 70.781
    endloop
  endfacet
  facet normal -0.991204 0 0.132345
    outer loop
      vertex 2.21702 -11.3 70.5835
      vertex 2.24339 -10.1 70.781
      vertex 2.21702 -10.1 70.5835
    endloop
  endfacet
  facet normal -0.991204 0 0.132345
    outer loop
      vertex 2.24339 -10.1 70.781
      vertex 2.21702 -11.3 70.5835
      vertex 2.24339 -11.3 70.781
    endloop
  endfacet
  facet normal 0.408043 0 0.912963
    outer loop
      vertex -1.00914 -10.1 68.9665
      vertex -0.827238 -11.3 68.8852
      vertex -0.827238 -10.1 68.8852
    endloop
  endfacet
  facet normal 0.408043 0 0.912963
    outer loop
      vertex -0.827238 -11.3 68.8852
      vertex -1.00914 -10.1 68.9665
      vertex -1.00914 -11.3 68.9665
    endloop
  endfacet
  facet normal 0.408043 0 0.912963
    outer loop
      vertex -1.00914 -5.4 68.9665
      vertex -0.827238 -6.9 68.8852
      vertex -0.827238 -5.4 68.8852
    endloop
  endfacet
  facet normal 0.408043 0 0.912963
    outer loop
      vertex -0.827238 -6.9 68.8852
      vertex -1.00914 -5.4 68.9665
      vertex -1.00914 -6.9 68.9665
    endloop
  endfacet
  facet normal -0.598344 0 0.801239
    outer loop
      vertex 1.26675 -5.4 69.1178
      vertex 1.42637 -6.9 69.237
      vertex 1.42637 -5.4 69.237
    endloop
  endfacet
  facet normal -0.598344 0 0.801239
    outer loop
      vertex 1.42637 -6.9 69.237
      vertex 1.26675 -5.4 69.1178
      vertex 1.26675 -6.9 69.1178
    endloop
  endfacet
  facet normal -0.598344 0 0.801239
    outer loop
      vertex 1.26675 -10.1 69.1178
      vertex 1.42637 -11.3 69.237
      vertex 1.42637 -10.1 69.237
    endloop
  endfacet
  facet normal -0.598344 0 0.801239
    outer loop
      vertex 1.42637 -11.3 69.237
      vertex 1.26675 -10.1 69.1178
      vertex 1.26675 -11.3 69.1178
    endloop
  endfacet
  facet normal -0.525435 0 -0.850834
    outer loop
      vertex 1.09721 -11.3 78.9469
      vertex 1.26675 -10.1 78.8422
      vertex 1.26675 -11.3 78.8422
    endloop
  endfacet
  facet normal -0.525435 0 -0.850834
    outer loop
      vertex 1.26675 -10.1 78.8422
      vertex 1.09721 -11.3 78.9469
      vertex 1.09721 -10.1 78.9469
    endloop
  endfacet
  facet normal -0.525435 0 -0.850834
    outer loop
      vertex 1.09721 -6.9 78.9469
      vertex 1.26675 -5.4 78.8422
      vertex 1.26675 -6.9 78.8422
    endloop
  endfacet
  facet normal -0.525435 0 -0.850834
    outer loop
      vertex 1.26675 -5.4 78.8422
      vertex 1.09721 -6.9 78.9469
      vertex 1.09721 -5.4 78.9469
    endloop
  endfacet
  facet normal -0.838937 0 0.544229
    outer loop
      vertex 1.83371 -6.9 69.6724
      vertex 1.94211 -5.4 69.8395
      vertex 1.83371 -5.4 69.6724
    endloop
  endfacet
  facet normal -0.838937 0 0.544229
    outer loop
      vertex 1.94211 -5.4 69.8395
      vertex 1.83371 -6.9 69.6724
      vertex 1.94211 -6.9 69.8395
    endloop
  endfacet
  facet normal -0.838937 0 0.544229
    outer loop
      vertex 1.83371 -11.3 69.6724
      vertex 1.94211 -10.1 69.8395
      vertex 1.83371 -10.1 69.6724
    endloop
  endfacet
  facet normal -0.838937 0 0.544229
    outer loop
      vertex 1.94211 -10.1 69.8395
      vertex 1.83371 -11.3 69.6724
      vertex 1.94211 -11.3 69.8395
    endloop
  endfacet
  facet normal -0.283578 0 0.958949
    outer loop
      vertex 0.542708 -5.4 68.7942
      vertex 0.733769 -6.9 68.8507
      vertex 0.733769 -5.4 68.8507
    endloop
  endfacet
  facet normal -0.283578 0 0.958949
    outer loop
      vertex 0.733769 -6.9 68.8507
      vertex 0.542708 -5.4 68.7942
      vertex 0.542708 -6.9 68.7942
    endloop
  endfacet
  facet normal -0.283578 0 0.958949
    outer loop
      vertex 0.542708 -10.1 68.7942
      vertex 0.733769 -11.3 68.8507
      vertex 0.733769 -10.1 68.8507
    endloop
  endfacet
  facet normal -0.283578 0 0.958949
    outer loop
      vertex 0.733769 -11.3 68.8507
      vertex 0.542708 -10.1 68.7942
      vertex 0.542708 -11.3 68.7942
    endloop
  endfacet
  facet normal -0.44777 0 0.894149
    outer loop
      vertex 0.919087 -10.1 68.9239
      vertex 1.09721 -11.3 69.0131
      vertex 1.09721 -10.1 69.0131
    endloop
  endfacet
  facet normal -0.44777 0 0.894149
    outer loop
      vertex 1.09721 -11.3 69.0131
      vertex 0.919087 -10.1 68.9239
      vertex 0.919087 -11.3 68.9239
    endloop
  endfacet
  facet normal -0.44777 0 0.894149
    outer loop
      vertex 0.919087 -5.4 68.9239
      vertex 1.09721 -6.9 69.0131
      vertex 1.09721 -5.4 69.0131
    endloop
  endfacet
  facet normal -0.44777 0 0.894149
    outer loop
      vertex 1.09721 -6.9 69.0131
      vertex 0.919087 -5.4 68.9239
      vertex 0.919087 -6.9 68.9239
    endloop
  endfacet
  facet normal -0.0225852 0 0.999745
    outer loop
      vertex -0.0498228 -5.4 68.7283
      vertex 0.149372 -6.9 68.7328
      vertex 0.149372 -5.4 68.7328
    endloop
  endfacet
  facet normal -0.0225852 0 0.999745
    outer loop
      vertex 0.149372 -6.9 68.7328
      vertex -0.0498228 -5.4 68.7283
      vertex -0.0498228 -6.9 68.7283
    endloop
  endfacet
  facet normal -0.0225852 0 0.999745
    outer loop
      vertex -0.0498228 -10.1 68.7283
      vertex 0.149372 -11.3 68.7328
      vertex 0.149372 -10.1 68.7328
    endloop
  endfacet
  facet normal -0.0225852 0 0.999745
    outer loop
      vertex 0.149372 -11.3 68.7328
      vertex -0.0498228 -10.1 68.7283
      vertex -0.0498228 -11.3 68.7283
    endloop
  endfacet
  facet normal 0 -1 0
    outer loop
      vertex -1.18314 -5.4 78.8964
      vertex 1.09721 -5.4 78.9469
      vertex 0 -5.4 79.5806
    endloop
  endfacet
  facet normal 0 -1 0
    outer loop
      vertex -1.18314 -5.4 78.8964
      vertex 1.26675 -5.4 78.8422
      vertex 1.09721 -5.4 78.9469
    endloop
  endfacet
  facet normal 0 -1 0
    outer loop
      vertex -1.34788 -5.4 78.7843
      vertex 1.26675 -5.4 78.8422
      vertex -1.18314 -5.4 78.8964
    endloop
  endfacet
  facet normal 0 -1 0
    outer loop
      vertex -1.34788 -5.4 78.7843
      vertex 1.42637 -5.4 78.723
      vertex 1.26675 -5.4 78.8422
    endloop
  endfacet
  facet normal 0 -1 0
    outer loop
      vertex -1.50207 -5.4 78.6581
      vertex 1.42637 -5.4 78.723
      vertex -1.34788 -5.4 78.7843
    endloop
  endfacet
  facet normal 0 -1 0
    outer loop
      vertex -1.50207 -5.4 78.6581
      vertex 1.57483 -5.4 78.5901
      vertex 1.42637 -5.4 78.723
    endloop
  endfacet
  facet normal 0 -1 0
    outer loop
      vertex -1.64451 -5.4 78.5188
      vertex 1.57483 -5.4 78.5901
      vertex -1.50207 -5.4 78.6581
    endloop
  endfacet
  facet normal 0 -1 0
    outer loop
      vertex -1.64451 -5.4 78.5188
      vertex 1.71097 -5.4 78.4446
      vertex 1.57483 -5.4 78.5901
    endloop
  endfacet
  facet normal 0 -1 0
    outer loop
      vertex -1.77408 -5.4 78.3675
      vertex 1.71097 -5.4 78.4446
      vertex -1.64451 -5.4 78.5188
    endloop
  endfacet
  facet normal 0 -1 0
    outer loop
      vertex -1.77408 -5.4 78.3675
      vertex 1.83371 -5.4 78.2876
      vertex 1.71097 -5.4 78.4446
    endloop
  endfacet
  facet normal 0 -1 0
    outer loop
      vertex -1.88976 -5.4 78.2052
      vertex 1.83371 -5.4 78.2876
      vertex -1.77408 -5.4 78.3675
    endloop
  endfacet
  facet normal 0 -1 0
    outer loop
      vertex -1.88976 -5.4 78.2052
      vertex 1.94211 -5.4 78.1205
      vertex 1.83371 -5.4 78.2876
    endloop
  endfacet
  facet normal 0 -1 0
    outer loop
      vertex -1.99065 -5.4 78.0334
      vertex 1.94211 -5.4 78.1205
      vertex -1.88976 -5.4 78.2052
    endloop
  endfacet
  facet normal 0 -1 0
    outer loop
      vertex -1.99065 -5.4 78.0334
      vertex 2.0353 -5.4 77.9444
      vertex 1.94211 -5.4 78.1205
    endloop
  endfacet
  facet normal 0 -1 0
    outer loop
      vertex -2.07597 -5.4 77.8534
      vertex 2.0353 -5.4 77.9444
      vertex -1.99065 -5.4 78.0334
    endloop
  endfacet
  facet normal 0 -1 0
    outer loop
      vertex -2.07597 -5.4 77.8534
      vertex 2.11257 -5.4 77.7607
      vertex 2.0353 -5.4 77.9444
    endloop
  endfacet
  facet normal 0 -1 0
    outer loop
      vertex -2.14503 -5.4 77.6665
      vertex 2.11257 -5.4 77.7607
      vertex -2.07597 -5.4 77.8534
    endloop
  endfacet
  facet normal 0 -1 0
    outer loop
      vertex -2.14503 -5.4 77.6665
      vertex 2.1733 -5.4 77.5709
      vertex 2.11257 -5.4 77.7607
    endloop
  endfacet
  facet normal 0 -1 0
    outer loop
      vertex -2.19731 -5.4 77.4742
      vertex 2.1733 -5.4 77.5709
      vertex -2.14503 -5.4 77.6665
    endloop
  endfacet
  facet normal 0 -1 0
    outer loop
      vertex -2.19731 -5.4 77.4742
      vertex 2.21702 -5.4 77.3765
      vertex 2.1733 -5.4 77.5709
    endloop
  endfacet
  facet normal 0 -1 0
    outer loop
      vertex -2.23239 -5.4 77.2781
      vertex 2.21702 -5.4 77.3765
      vertex -2.19731 -5.4 77.4742
    endloop
  endfacet
  facet normal 0 -1 0
    outer loop
      vertex -2.23239 -5.4 77.2781
      vertex 2.24339 -5.4 77.179
      vertex 2.21702 -5.4 77.3765
    endloop
  endfacet
  facet normal 0 -1 0
    outer loop
      vertex -2.25 -5.4 77.0796
      vertex 2.24339 -5.4 77.179
      vertex -2.23239 -5.4 77.2781
    endloop
  endfacet
  facet normal 0 -1 0
    outer loop
      vertex -2.25 -5.4 77.0796
      vertex 2.2522 -5.4 76.98
      vertex 2.24339 -5.4 77.179
    endloop
  endfacet
  facet normal 0 -1 0
    outer loop
      vertex -2.25 -5.4 77.0796
      vertex 2.2522 -5.4 70.98
      vertex 2.2522 -5.4 76.98
    endloop
  endfacet
  facet normal 0 -1 0
    outer loop
      vertex -2.25 -5.4 70.8804
      vertex 2.2522 -5.4 70.98
      vertex -2.25 -5.4 77.0796
    endloop
  endfacet
  facet normal 0 -1 0
    outer loop
      vertex -2.25 -5.4 70.8804
      vertex 2.24339 -5.4 70.781
      vertex 2.2522 -5.4 70.98
    endloop
  endfacet
  facet normal 0 -1 0
    outer loop
      vertex -2.23239 -5.4 70.6819
      vertex 2.24339 -5.4 70.781
      vertex -2.25 -5.4 70.8804
    endloop
  endfacet
  facet normal 0 -1 0
    outer loop
      vertex -2.23239 -5.4 70.6819
      vertex 2.21702 -5.4 70.5835
      vertex 2.24339 -5.4 70.781
    endloop
  endfacet
  facet normal 0 -1 0
    outer loop
      vertex -2.19731 -5.4 70.4858
      vertex 2.21702 -5.4 70.5835
      vertex -2.23239 -5.4 70.6819
    endloop
  endfacet
  facet normal 0 -1 0
    outer loop
      vertex -2.19731 -5.4 70.4858
      vertex 2.1733 -5.4 70.3891
      vertex 2.21702 -5.4 70.5835
    endloop
  endfacet
  facet normal 0 -1 0
    outer loop
      vertex -2.14503 -5.4 70.2935
      vertex 2.1733 -5.4 70.3891
      vertex -2.19731 -5.4 70.4858
    endloop
  endfacet
  facet normal 0 -1 0
    outer loop
      vertex -2.14503 -5.4 70.2935
      vertex 2.11257 -5.4 70.1993
      vertex 2.1733 -5.4 70.3891
    endloop
  endfacet
  facet normal 0 -1 0
    outer loop
      vertex -2.07597 -5.4 70.1066
      vertex 2.11257 -5.4 70.1993
      vertex -2.14503 -5.4 70.2935
    endloop
  endfacet
  facet normal 0 -1 0
    outer loop
      vertex -2.07597 -5.4 70.1066
      vertex 2.0353 -5.4 70.0156
      vertex 2.11257 -5.4 70.1993
    endloop
  endfacet
  facet normal 0 -1 0
    outer loop
      vertex -1.99065 -5.4 69.9266
      vertex 2.0353 -5.4 70.0156
      vertex -2.07597 -5.4 70.1066
    endloop
  endfacet
  facet normal 0 -1 0
    outer loop
      vertex -1.99065 -5.4 69.9266
      vertex 1.94211 -5.4 69.8395
      vertex 2.0353 -5.4 70.0156
    endloop
  endfacet
  facet normal 0 -1 0
    outer loop
      vertex -1.88976 -5.4 69.7548
      vertex 1.94211 -5.4 69.8395
      vertex -1.99065 -5.4 69.9266
    endloop
  endfacet
  facet normal 0 -1 0
    outer loop
      vertex -1.88976 -5.4 69.7548
      vertex 1.83371 -5.4 69.6724
      vertex 1.94211 -5.4 69.8395
    endloop
  endfacet
  facet normal 0 -1 0
    outer loop
      vertex -1.77408 -5.4 69.5925
      vertex 1.83371 -5.4 69.6724
      vertex -1.88976 -5.4 69.7548
    endloop
  endfacet
  facet normal 0 -1 0
    outer loop
      vertex -1.77408 -5.4 69.5925
      vertex 1.71097 -5.4 69.5154
      vertex 1.83371 -5.4 69.6724
    endloop
  endfacet
  facet normal 0 -1 0
    outer loop
      vertex -1.64451 -5.4 69.4412
      vertex 1.71097 -5.4 69.5154
      vertex -1.77408 -5.4 69.5925
    endloop
  endfacet
  facet normal 0 -1 0
    outer loop
      vertex -1.64451 -5.4 69.4412
      vertex 1.57483 -5.4 69.3699
      vertex 1.71097 -5.4 69.5154
    endloop
  endfacet
  facet normal 0 -1 0
    outer loop
      vertex -1.50207 -5.4 69.3018
      vertex 1.57483 -5.4 69.3699
      vertex -1.64451 -5.4 69.4412
    endloop
  endfacet
  facet normal 0 -1 0
    outer loop
      vertex -1.50207 -5.4 69.3018
      vertex 1.42637 -5.4 69.237
      vertex 1.57483 -5.4 69.3699
    endloop
  endfacet
  facet normal 0 -1 0
    outer loop
      vertex -1.34788 -5.4 69.1757
      vertex 1.42637 -5.4 69.237
      vertex -1.50207 -5.4 69.3018
    endloop
  endfacet
  facet normal 0 -1 0
    outer loop
      vertex -1.34788 -5.4 69.1757
      vertex 1.26675 -5.4 69.1178
      vertex 1.42637 -5.4 69.237
    endloop
  endfacet
  facet normal 0 -1 0
    outer loop
      vertex -1.18314 -5.4 69.0636
      vertex 1.26675 -5.4 69.1178
      vertex -1.34788 -5.4 69.1757
    endloop
  endfacet
  facet normal 0 -1 0
    outer loop
      vertex -1.18314 -5.4 69.0636
      vertex 1.09721 -5.4 69.0131
      vertex 1.26675 -5.4 69.1178
    endloop
  endfacet
  facet normal 0 -1 0
    outer loop
      vertex -1.00914 -5.4 68.9665
      vertex 1.09721 -5.4 69.0131
      vertex -1.18314 -5.4 69.0636
    endloop
  endfacet
  facet normal 0 -1 0
    outer loop
      vertex -1.00914 -5.4 68.9665
      vertex 0.919087 -5.4 68.9239
      vertex 1.09721 -5.4 69.0131
    endloop
  endfacet
  facet normal 0 -1 0
    outer loop
      vertex -0.827238 -5.4 68.8852
      vertex 0.919087 -5.4 68.9239
      vertex -1.00914 -5.4 68.9665
    endloop
  endfacet
  facet normal 0 -1 0
    outer loop
      vertex -0.827238 -5.4 68.8852
      vertex 0.733769 -5.4 68.8507
      vertex 0.919087 -5.4 68.9239
    endloop
  endfacet
  facet normal 0 -1 0
    outer loop
      vertex -0.638864 -5.4 68.8203
      vertex 0.733769 -5.4 68.8507
      vertex -0.827238 -5.4 68.8852
    endloop
  endfacet
  facet normal 0 -1 0
    outer loop
      vertex -0.638864 -5.4 68.8203
      vertex 0.542708 -5.4 68.7942
      vertex 0.733769 -5.4 68.8507
    endloop
  endfacet
  facet normal 0 -1 0
    outer loop
      vertex -0.44549 -5.4 68.7723
      vertex 0.542708 -5.4 68.7942
      vertex -0.638864 -5.4 68.8203
    endloop
  endfacet
  facet normal 0 -1 0
    outer loop
      vertex -0.44549 -5.4 68.7723
      vertex 0.3474 -5.4 68.7548
      vertex 0.542708 -5.4 68.7942
    endloop
  endfacet
  facet normal 0 -1 0
    outer loop
      vertex -0.24863 -5.4 68.7416
      vertex 0.3474 -5.4 68.7548
      vertex -0.44549 -5.4 68.7723
    endloop
  endfacet
  facet normal 0 -1 0
    outer loop
      vertex -0.24863 -5.4 68.7416
      vertex 0.149372 -5.4 68.7328
      vertex 0.3474 -5.4 68.7548
    endloop
  endfacet
  facet normal -0 -1 0
    outer loop
      vertex 0.149372 -5.4 68.7328
      vertex -0.24863 -5.4 68.7416
      vertex -0.0498228 -5.4 68.7283
    endloop
  endfacet
  facet normal 0.154086 0 0.988057
    outer loop
      vertex -0.44549 -10.1 68.7723
      vertex -0.24863 -11.3 68.7416
      vertex -0.24863 -10.1 68.7416
    endloop
  endfacet
  facet normal 0.154086 0 0.988057
    outer loop
      vertex -0.24863 -11.3 68.7416
      vertex -0.44549 -10.1 68.7723
      vertex -0.44549 -11.3 68.7723
    endloop
  endfacet
  facet normal 0.154086 0 0.988057
    outer loop
      vertex -0.44549 -5.4 68.7723
      vertex -0.24863 -6.9 68.7416
      vertex -0.24863 -5.4 68.7416
    endloop
  endfacet
  facet normal 0.154086 0 0.988057
    outer loop
      vertex -0.24863 -6.9 68.7416
      vertex -0.44549 -5.4 68.7723
      vertex -0.44549 -6.9 68.7723
    endloop
  endfacet
  facet normal -0.598344 0 -0.801239
    outer loop
      vertex 1.26675 -6.9 78.8422
      vertex 1.42637 -5.4 78.723
      vertex 1.42637 -6.9 78.723
    endloop
  endfacet
  facet normal -0.598344 0 -0.801239
    outer loop
      vertex 1.42637 -5.4 78.723
      vertex 1.26675 -6.9 78.8422
      vertex 1.26675 -5.4 78.8422
    endloop
  endfacet
  facet normal -0.598344 0 -0.801239
    outer loop
      vertex 1.26675 -11.3 78.8422
      vertex 1.42637 -10.1 78.723
      vertex 1.42637 -11.3 78.723
    endloop
  endfacet
  facet normal -0.598344 0 -0.801239
    outer loop
      vertex 1.42637 -10.1 78.723
      vertex 1.26675 -11.3 78.8422
      vertex 1.26675 -10.1 78.8422
    endloop
  endfacet
  facet normal 0.699439 0 0.714692
    outer loop
      vertex -1.64451 -10.1 69.4412
      vertex -1.50207 -11.3 69.3018
      vertex -1.50207 -10.1 69.3018
    endloop
  endfacet
  facet normal 0.699439 0 0.714692
    outer loop
      vertex -1.50207 -11.3 69.3018
      vertex -1.64451 -10.1 69.4412
      vertex -1.64451 -11.3 69.4412
    endloop
  endfacet
  facet normal 0.699439 0 0.714692
    outer loop
      vertex -1.64451 -5.4 69.4412
      vertex -1.50207 -6.9 69.3018
      vertex -1.50207 -5.4 69.3018
    endloop
  endfacet
  facet normal 0.699439 0 0.714692
    outer loop
      vertex -1.50207 -6.9 69.3018
      vertex -1.64451 -5.4 69.4412
      vertex -1.64451 -6.9 69.4412
    endloop
  endfacet
  facet normal -0.730204 0 0.68323
    outer loop
      vertex 1.57483 -11.3 69.3699
      vertex 1.71097 -10.1 69.5154
      vertex 1.57483 -10.1 69.3699
    endloop
  endfacet
  facet normal -0.730204 0 0.68323
    outer loop
      vertex 1.71097 -10.1 69.5154
      vertex 1.57483 -11.3 69.3699
      vertex 1.71097 -11.3 69.5154
    endloop
  endfacet
  facet normal -0.730204 0 0.68323
    outer loop
      vertex 1.57483 -6.9 69.3699
      vertex 1.71097 -5.4 69.5154
      vertex 1.57483 -5.4 69.3699
    endloop
  endfacet
  facet normal -0.730204 0 0.68323
    outer loop
      vertex 1.71097 -5.4 69.5154
      vertex 1.57483 -6.9 69.3699
      vertex 1.71097 -6.9 69.5154
    endloop
  endfacet
  facet normal 0.240913 0 0.970547
    outer loop
      vertex -0.638864 -5.4 68.8203
      vertex -0.44549 -6.9 68.7723
      vertex -0.44549 -5.4 68.7723
    endloop
  endfacet
  facet normal 0.240913 0 0.970547
    outer loop
      vertex -0.44549 -6.9 68.7723
      vertex -0.638864 -5.4 68.8203
      vertex -0.638864 -6.9 68.8203
    endloop
  endfacet
  facet normal 0.240913 0 0.970547
    outer loop
      vertex -0.638864 -10.1 68.8203
      vertex -0.44549 -11.3 68.7723
      vertex -0.44549 -10.1 68.7723
    endloop
  endfacet
  facet normal 0.240913 0 0.970547
    outer loop
      vertex -0.44549 -11.3 68.7723
      vertex -0.638864 -10.1 68.8203
      vertex -0.638864 -11.3 68.8203
    endloop
  endfacet
  facet normal 0.903627 -0 0.428319
    outer loop
      vertex -2.07597 -11.3 70.1066
      vertex -1.99065 -10.1 69.9266
      vertex -2.07597 -10.1 70.1066
    endloop
  endfacet
  facet normal 0.903627 0 0.428319
    outer loop
      vertex -1.99065 -10.1 69.9266
      vertex -2.07597 -11.3 70.1066
      vertex -1.99065 -11.3 69.9266
    endloop
  endfacet
  facet normal 0.903627 -0 0.428319
    outer loop
      vertex -2.07597 -6.9 70.1066
      vertex -1.99065 -5.4 69.9266
      vertex -2.07597 -5.4 70.1066
    endloop
  endfacet
  facet normal 0.903627 0 0.428319
    outer loop
      vertex -1.99065 -5.4 69.9266
      vertex -2.07597 -6.9 70.1066
      vertex -1.99065 -6.9 69.9266
    endloop
  endfacet
  facet normal -0.838937 0 -0.544229
    outer loop
      vertex 1.94211 -6.9 78.1205
      vertex 1.83371 -5.4 78.2876
      vertex 1.94211 -5.4 78.1205
    endloop
  endfacet
  facet normal -0.838937 -0 -0.544229
    outer loop
      vertex 1.83371 -5.4 78.2876
      vertex 1.94211 -6.9 78.1205
      vertex 1.83371 -6.9 78.2876
    endloop
  endfacet
  facet normal -0.838937 0 -0.544229
    outer loop
      vertex 1.94211 -11.3 78.1205
      vertex 1.83371 -10.1 78.2876
      vertex 1.94211 -10.1 78.1205
    endloop
  endfacet
  facet normal -0.838937 -0 -0.544229
    outer loop
      vertex 1.83371 -10.1 78.2876
      vertex 1.94211 -11.3 78.1205
      vertex 1.83371 -11.3 78.2876
    endloop
  endfacet
  facet normal 0.294467 -0.642837 -0.707142
    outer loop
      vertex 18.1595 -11.0669 0.599999
      vertex 17.9274 -10.5132 0
      vertex 18.0717 -10.4471 0
    endloop
  endfacet
  facet normal 0.251642 -0.660783 -0.707137
    outer loop
      vertex 18.1595 -11.0669 0.599999
      vertex 17.7793 -10.5696 0
      vertex 17.9274 -10.5132 0
    endloop
  endfacet
  facet normal -0.0700561 0.703627 -0.707108
    outer loop
      vertex -17.1586 -0.805588 0
      vertex -17.3957 -0.226227 0.599999
      vertex -17.1983 -0.206573 0.599999
    endloop
  endfacet
  facet normal -0.995107 -0.0988049 0
    outer loop
      vertex -19.9738 -8.69566 0.599999
      vertex -19.9934 -8.49826 83.051
      vertex -19.9934 -8.49826 0.599999
    endloop
  endfacet
  facet normal -0.995107 -0.0988049 0
    outer loop
      vertex -19.9934 -8.49826 83.051
      vertex -19.9738 -8.69566 0.599999
      vertex -19.9738 -8.69566 83.051
    endloop
  endfacet
  facet normal -0.475898 0.8795 0
    outer loop
      vertex -18.3398 -0.515823 0.599999
      vertex -18.5143 -0.610245 83.051
      vertex -18.3398 -0.515823 83.051
    endloop
  endfacet
  facet normal -0.475898 0.8795 0
    outer loop
      vertex -18.5143 -0.610245 83.051
      vertex -18.3398 -0.515823 0.599999
      vertex -18.5143 -0.610245 0.599999
    endloop
  endfacet
  facet normal -0.284089 -0.647561 -0.707077
    outer loop
      vertex -17.8908 -10.5282 0
      vertex -18.1136 -11.0856 0.599999
      vertex -18.036 -10.4645 0
    endloop
  endfacet
  facet normal 0.251334 -0.660955 -0.707085
    outer loop
      vertex 17.9741 -11.1374 0.599999
      vertex 17.7793 -10.5696 0
      vertex 18.1595 -11.0669 0.599999
    endloop
  endfacet
  facet normal -0.520344 0.478809 -0.707096
    outer loop
      vertex -18.7108 -1.51724 0
      vertex -19.2731 -1.24225 0.599999
      vertex -19.1388 -1.0963 0.599999
    endloop
  endfacet
  facet normal -0.415628 0.572073 -0.707096
    outer loop
      vertex -18.474 -1.30641 0
      vertex -18.8426 -0.832596 0.599999
      vertex -18.6821 -0.715988 0.599999
    endloop
  endfacet
  facet normal 0.578897 -0.406087 -0.707087
    outer loop
      vertex 19.3976 -10.1032 0.599999
      vertex 19.0089 -9.61258 0
      vertex 19.5115 -9.94083 0.599999
    endloop
  endfacet
  facet normal 0.207405 -0.676026 -0.707087
    outer loop
      vertex 17.7844 -11.1956 0.599999
      vertex 17.6274 -10.6162 0
      vertex 17.9741 -11.1374 0.599999
    endloop
  endfacet
  facet normal -0.973342 -0.22936 0
    outer loop
      vertex -19.8956 -9.08443 0.599999
      vertex -19.9411 -8.89134 83.051
      vertex -19.9411 -8.89134 0.599999
    endloop
  endfacet
  facet normal -0.973342 -0.22936 0
    outer loop
      vertex -19.9411 -8.89134 83.051
      vertex -19.8956 -9.08443 0.599999
      vertex -19.8956 -9.08443 83.051
    endloop
  endfacet
  facet normal -0.251552 0.660853 -0.707104
    outer loop
      vertex -17.7793 -0.930405 0
      vertex -18.1595 -0.433136 0.599999
      vertex -17.9741 -0.362564 0.599999
    endloop
  endfacet
  facet normal 0 -0.707106 -0.707107
    outer loop
      vertex 17 -11.3 0.599999
      vertex -16.9931 -10.7 0
      vertex 16.9903 -10.7 0
    endloop
  endfacet
  facet normal 0 -0.707106 -0.707107
    outer loop
      vertex -16.9931 -10.7 0
      vertex 17 -11.3 0.599999
      vertex -17 -11.3 0.599999
    endloop
  endfacet
  facet normal 0.479028 0.520151 -0.707089
    outer loop
      vertex 19.1037 -1.06123 0.599999
      vertex 18.6828 -1.48924 0
      vertex 18.9578 -0.926865 0.599999
    endloop
  endfacet
  facet normal 0.325994 0.626792 0.707714
    outer loop
      vertex 18.4713 -0.585556 83.051
      vertex 18.036 -1.03549 83.65
      vertex 18.1768 -1.10872 83.65
    endloop
  endfacet
  facet normal 0.376568 -0.59779 0.707703
    outer loop
      vertex 18.3455 -10.2869 83.65
      vertex 18.2112 -10.3715 83.65
      vertex 18.6821 -10.784 83.051
    endloop
  endfacet
  facet normal -0.104673 -0.699305 -0.707118
    outer loop
      vertex -17.3465 -11.2799 0.599999
      vertex -17.434 -10.6601 0
      vertex -17.277 -10.6836 0
    endloop
  endfacet
  facet normal 0.162258 -0.688259 -0.707087
    outer loop
      vertex 17.7844 -11.1956 0.599999
      vertex 17.5914 -11.2411 0.599999
      vertex 17.6274 -10.6162 0
    endloop
  endfacet
  facet normal -0.28373 -0.647659 -0.707132
    outer loop
      vertex -18.1136 -11.0856 0.599999
      vertex -18.2953 -11.006 0.599999
      vertex -18.036 -10.4645 0
    endloop
  endfacet
  facet normal 0.148355 0.988934 -0
    outer loop
      vertex 17.5426 -0.249496 0.599999
      vertex 17.3465 -0.220078 83.051
      vertex 17.5426 -0.249496 83.051
    endloop
  endfacet
  facet normal 0.148355 0.988934 0
    outer loop
      vertex 17.3465 -0.220078 83.051
      vertex 17.5426 -0.249496 0.599999
      vertex 17.3465 -0.220078 0.599999
    endloop
  endfacet
  facet normal 0.699311 -0.104654 -0.707115
    outer loop
      vertex 19.9799 -8.64644 0.599999
      vertex 19.3601 -8.73401 0
      vertex 19.3836 -8.57698 0
    endloop
  endfacet
  facet normal 0.679326 -0.196208 -0.70712
    outer loop
      vertex 19.9082 -9.03644 0.599999
      vertex 19.2822 -9.04147 0
      vertex 19.3262 -8.88913 0
    endloop
  endfacet
  facet normal 0.0175294 0.706304 0.707692
    outer loop
      vertex 17 -0.200012 83.051
      vertex 16.9931 -0.800018 83.65
      vertex 17.1488 -0.203705 83.051
    endloop
  endfacet
  facet normal 0.150755 0.690839 -0.707116
    outer loop
      vertex 17.5891 -0.873779 0
      vertex 17.5426 -0.249496 0.599999
      vertex 17.7365 -0.291809 0.599999
    endloop
  endfacet
  facet normal 0.1961 0.679358 -0.707119
    outer loop
      vertex 17.7415 -0.91777 0
      vertex 17.5891 -0.873779 0
      vertex 17.7365 -0.291809 0.599999
    endloop
  endfacet
  facet normal -0.478848 -0.520312 -0.707092
    outer loop
      vertex -18.5661 -10.1182 0
      vertex -18.9578 -10.5731 0.599999
      vertex -18.6828 -10.0108 0
    endloop
  endfacet
  facet normal -0.678783 0.195871 0.707734
    outer loop
      vertex -19.8532 -2.27296 83.051
      vertex -19.9082 -2.46356 83.051
      vertex -19.2822 -2.45853 83.65
    endloop
  endfacet
  facet normal -0.0583453 -0.704092 0.707708
    outer loop
      vertex -17.1165 -10.6969 83.65
      vertex -17.277 -10.6836 83.65
      vertex -17.1488 -11.2963 83.051
    endloop
  endfacet
  facet normal -0.915759 0.401728 0
    outer loop
      vertex -19.7857 -2.08643 0.599999
      vertex -19.706 -1.90475 83.051
      vertex -19.706 -1.90475 0.599999
    endloop
  endfacet
  facet normal -0.915759 0.401728 0
    outer loop
      vertex -19.706 -1.90475 83.051
      vertex -19.7857 -2.08643 0.599999
      vertex -19.7857 -2.08643 83.051
    endloop
  endfacet
  facet normal -0.70672 -0.023514 -0.707102
    outer loop
      vertex -19.3944 -8.45859 0
      vertex -20 -8.29999 0.599999
      vertex -19.4 -8.29028 0
    endloop
  endfacet
  facet normal -0.768676 -0.639639 0
    outer loop
      vertex -19.2405 -10.2951 0.599999
      vertex -19.3674 -10.1426 83.051
      vertex -19.3674 -10.1426 0.599999
    endloop
  endfacet
  facet normal -0.768676 -0.639639 0
    outer loop
      vertex -19.3674 -10.1426 83.051
      vertex -19.2405 -10.2951 0.599999
      vertex -19.2405 -10.2951 83.051
    endloop
  endfacet
  facet normal 0.0175691 0.706889 -0.707106
    outer loop
      vertex 17.1165 -0.803085 0
      vertex 16.9931 -0.800018 0
      vertex 17.1488 -0.203705 0.599999
    endloop
  endfacet
  facet normal 0.62737 -0.326142 -0.707134
    outer loop
      vertex 19.6145 -9.77126 0.599999
      vertex 19.1645 -9.33598 0
      vertex 19.706 -9.59525 0.599999
    endloop
  endfacet
  facet normal -0.603861 0.366796 0.707681
    outer loop
      vertex -19.5115 -1.55917 83.051
      vertex -19.6145 -1.72874 83.051
      vertex -19.0089 -1.88742 83.65
    endloop
  endfacet
  facet normal 0.415614 -0.572093 -0.707089
    outer loop
      vertex 18.6821 -10.784 0.599999
      vertex 18.474 -10.1936 0
      vertex 18.8426 -10.6674 0.599999
    endloop
  endfacet
  facet normal 0.0235154 -0.706721 -0.707102
    outer loop
      vertex 17 -11.3 0.599999
      vertex 16.9903 -10.7 0
      vertex 17.1586 -10.6944 0
    endloop
  endfacet
  facet normal -0.706722 -0.0235253 -0.7071
    outer loop
      vertex -19.9934 -8.49826 0.599999
      vertex -20 -8.29999 0.599999
      vertex -19.3944 -8.45859 0
    endloop
  endfacet
  facet normal 0.598146 0.377048 -0.707147
    outer loop
      vertex 19.5898 -1.68571 0.599999
      vertex 19.0715 -1.98877 0
      vertex 19.484 -1.51787 0.599999
    endloop
  endfacet
  facet normal -0.854683 0.51915 0
    outer loop
      vertex -19.6145 -1.72874 0.599999
      vertex -19.5115 -1.55917 83.051
      vertex -19.5115 -1.55917 0.599999
    endloop
  endfacet
  facet normal -0.854683 0.51915 0
    outer loop
      vertex -19.5115 -1.55917 83.051
      vertex -19.6145 -1.72874 0.599999
      vertex -19.6145 -1.72874 83.051
    endloop
  endfacet
  facet normal 0.597759 0.376604 0.70771
    outer loop
      vertex 19.484 -1.51787 83.051
      vertex 18.9869 -1.85449 83.65
      vertex 19.0715 -1.98877 83.65
    endloop
  endfacet
  facet normal 0.207393 -0.676031 -0.707086
    outer loop
      vertex 17.9741 -11.1374 0.599999
      vertex 17.6274 -10.6162 0
      vertex 17.7793 -10.5696 0
    endloop
  endfacet
  facet normal 0.0698661 -0.703651 -0.707102
    outer loop
      vertex 17.1983 -11.2934 0.599999
      vertex 17.1586 -10.6944 0
      vertex 17.3957 -11.2738 0.599999
    endloop
  endfacet
  facet normal 0.0175545 0.7063 0.707695
    outer loop
      vertex 17.1488 -0.203705 83.051
      vertex 16.9931 -0.800018 83.65
      vertex 17.1165 -0.803085 83.65
    endloop
  endfacet
  facet normal 0.0699033 -0.703041 0.707706
    outer loop
      vertex 17.3165 -10.6787 83.65
      vertex 17.1586 -10.6944 83.65
      vertex 17.3957 -11.2738 83.051
    endloop
  endfacet
  facet normal 0.336602 -0.621111 0.707757
    outer loop
      vertex 18.2112 -10.3715 83.65
      vertex 18.0717 -10.4471 83.65
      vertex 18.5143 -10.8898 83.051
    endloop
  endfacet
  facet normal 0.934703 0.355429 0
    outer loop
      vertex 19.8374 -2.22591 83.051
      vertex 19.7669 -2.04051 0.599999
      vertex 19.7669 -2.04051 83.051
    endloop
  endfacet
  facet normal 0.934703 0.355429 0
    outer loop
      vertex 19.7669 -2.04051 0.599999
      vertex 19.8374 -2.22591 83.051
      vertex 19.8374 -2.22591 0.599999
    endloop
  endfacet
  facet normal -0.207326 0.676029 -0.707108
    outer loop
      vertex -17.7793 -0.930405 0
      vertex -17.9741 -0.362564 0.599999
      vertex -17.6274 -0.88382 0
    endloop
  endfacet
  facet normal -0.406326 -0.578679 -0.707128
    outer loop
      vertex -18.3126 -10.3089 0
      vertex -18.8032 -10.6976 0.599999
      vertex -18.4422 -10.2179 0
    endloop
  endfacet
  facet normal -0.706133 -0.0235057 0.707689
    outer loop
      vertex -19.3944 -8.45859 83.65
      vertex -20 -8.29999 83.051
      vertex -19.9934 -8.49826 83.051
    endloop
  endfacet
  facet normal 0.162258 -0.688259 -0.707087
    outer loop
      vertex 17.5914 -11.2411 0.599999
      vertex 17.473 -10.6526 0
      vertex 17.6274 -10.6162 0
    endloop
  endfacet
  facet normal 0.162123 -0.687685 0.707676
    outer loop
      vertex 17.6274 -10.6162 83.65
      vertex 17.473 -10.6526 83.65
      vertex 17.5914 -11.2411 83.051
    endloop
  endfacet
  facet normal -0.366962 -0.604471 -0.707074
    outer loop
      vertex -18.4713 -10.9144 0.599999
      vertex -18.6408 -10.8115 0.599999
      vertex -18.3126 -10.3089 0
    endloop
  endfacet
  facet normal -0.533142 0.846026 0
    outer loop
      vertex -18.5143 -0.610245 0.599999
      vertex -18.6821 -0.715988 83.051
      vertex -18.5143 -0.610245 83.051
    endloop
  endfacet
  facet normal -0.533142 0.846026 0
    outer loop
      vertex -18.6821 -0.715988 83.051
      vertex -18.5143 -0.610245 0.599999
      vertex -18.6821 -0.715988 0.599999
    endloop
  endfacet
  facet normal -0.240314 -0.664424 0.707666
    outer loop
      vertex -17.8908 -10.5282 83.65
      vertex -18.1136 -11.0856 83.051
      vertex -17.7415 -10.5822 83.65
    endloop
  endfacet
  facet normal -0.664415 0.240214 0.707707
    outer loop
      vertex -19.2282 -2.30917 83.65
      vertex -19.7857 -2.08643 83.051
      vertex -19.2822 -2.45853 83.65
    endloop
  endfacet
  facet normal 0.690814 -0.150971 -0.707095
    outer loop
      vertex 19.9505 -8.84264 0.599999
      vertex 19.3262 -8.88913 0
      vertex 19.3601 -8.73401 0
    endloop
  endfacet
  facet normal -0.196132 -0.679331 -0.707136
    outer loop
      vertex -17.7365 -11.2082 0.599999
      vertex -17.927 -11.1532 0.599999
      vertex -17.7415 -10.5822 0
    endloop
  endfacet
  facet normal -0.578254 0.405902 0.707718
    outer loop
      vertex -18.9179 -1.75778 83.65
      vertex -19.3976 -1.39677 83.051
      vertex -19.0089 -1.88742 83.65
    endloop
  endfacet
  facet normal -0.294336 0.642271 0.70771
    outer loop
      vertex -17.9274 -0.986801 83.65
      vertex -18.1595 -0.433136 83.051
      vertex -18.0717 -1.05293 83.65
    endloop
  endfacet
  facet normal 0.283676 0.647048 0.707712
    outer loop
      vertex 18.1136 -0.414352 83.051
      vertex 17.8908 -0.971832 83.65
      vertex 18.036 -1.03549 83.65
    endloop
  endfacet
  facet normal 0.0235217 -0.706721 -0.707101
    outer loop
      vertex 17.1983 -11.2934 0.599999
      vertex 17 -11.3 0.599999
      vertex 17.1586 -10.6944 0
    endloop
  endfacet
  facet normal 0.550792 -0.443427 -0.707107
    outer loop
      vertex 19.2731 -10.2578 0.599999
      vertex 18.8182 -9.86606 0
      vertex 18.9179 -9.74222 0
    endloop
  endfacet
  facet normal -0.442938 -0.550452 0.707678
    outer loop
      vertex -18.5661 -10.1182 83.65
      vertex -18.9578 -10.5731 83.051
      vertex -18.4422 -10.2179 83.65
    endloop
  endfacet
  facet normal 0.150687 0.69026 0.707697
    outer loop
      vertex 17.5426 -0.249496 83.051
      vertex 17.434 -0.83992 83.65
      vertex 17.5891 -0.873779 83.65
    endloop
  endfacet
  facet normal -0.664316 0.240397 0.707738
    outer loop
      vertex -19.7857 -2.08643 83.051
      vertex -19.8532 -2.27296 83.051
      vertex -19.2822 -2.45853 83.65
    endloop
  endfacet
  facet normal 0.0988049 -0.995107 0
    outer loop
      vertex 17.1983 -11.2934 0.599999
      vertex 17.3957 -11.2738 83.051
      vertex 17.1983 -11.2934 83.051
    endloop
  endfacet
  facet normal 0.0988049 -0.995107 0
    outer loop
      vertex 17.3957 -11.2738 83.051
      vertex 17.1983 -11.2934 0.599999
      vertex 17.3957 -11.2738 0.599999
    endloop
  endfacet
  facet normal -0.104842 -0.699305 -0.707093
    outer loop
      vertex -17.3465 -11.2799 0.599999
      vertex -17.5426 -11.2505 0.599999
      vertex -17.434 -10.6601 0
    endloop
  endfacet
  facet normal 0.621913 0.336497 -0.707103
    outer loop
      vertex 19.6842 -1.86018 0.599999
      vertex 19.1471 -2.12833 0
      vertex 19.5898 -1.68571 0.599999
    endloop
  endfacet
  facet normal -0.704685 0.0584594 -0.707108
    outer loop
      vertex -19.3836 -2.92302 0
      vertex -19.9963 -3.05125 0.599999
      vertex -19.9799 -2.85356 0.599999
    endloop
  endfacet
  facet normal 0 0.706513 0.7077
    outer loop
      vertex 17 -0.200012 83.051
      vertex -16.9903 -0.800018 83.65
      vertex 16.9931 -0.800018 83.65
    endloop
  endfacet
  facet normal 0 0.706513 0.7077
    outer loop
      vertex -16.9903 -0.800018 83.65
      vertex 17 -0.200012 83.051
      vertex -17 -0.200012 83.051
    endloop
  endfacet
  facet normal 0.487152 -0.511723 0.707689
    outer loop
      vertex 19.1388 -10.4037 83.051
      vertex 18.7108 -9.98276 83.65
      vertex 18.9951 -10.5405 83.051
    endloop
  endfacet
  facet normal -0.704094 0.0583527 0.707706
    outer loop
      vertex -19.3836 -2.92302 83.65
      vertex -19.9963 -3.05125 83.051
      vertex -19.3969 -3.0835 83.65
    endloop
  endfacet
  facet normal -0.518939 -0.854811 0
    outer loop
      vertex -18.6408 -10.8115 0.599999
      vertex -18.4713 -10.9144 83.051
      vertex -18.6408 -10.8115 83.051
    endloop
  endfacet
  facet normal -0.518939 -0.854811 -0
    outer loop
      vertex -18.4713 -10.9144 83.051
      vertex -18.6408 -10.8115 0.599999
      vertex -18.4713 -10.9144 0.599999
    endloop
  endfacet
  facet normal -0.0175627 -0.706307 0.707688
    outer loop
      vertex -16.9931 -10.7 83.65
      vertex -17.1488 -11.2963 83.051
      vertex -17 -11.3 83.051
    endloop
  endfacet
  facet normal 0.571669 0.415136 0.707712
    outer loop
      vertex 19.484 -1.51787 83.051
      vertex 18.8936 -1.72601 83.65
      vertex 18.9869 -1.85449 83.65
    endloop
  endfacet
  facet normal -0.703066 -0.069808 0.70769
    outer loop
      vertex -19.3944 -8.45859 83.65
      vertex -19.9934 -8.49826 83.051
      vertex -19.9738 -8.69566 83.051
    endloop
  endfacet
  facet normal 0.104778 0.698698 0.707703
    outer loop
      vertex 17.3465 -0.220078 83.051
      vertex 17.277 -0.816376 83.65
      vertex 17.434 -0.83992 83.65
    endloop
  endfacet
  facet normal 0.519127 0.854697 -0
    outer loop
      vertex 18.6408 -0.688507 0.599999
      vertex 18.4713 -0.585556 83.051
      vertex 18.6408 -0.688507 83.051
    endloop
  endfacet
  facet normal 0.519127 0.854697 0
    outer loop
      vertex 18.4713 -0.585556 83.051
      vertex 18.6408 -0.688507 0.599999
      vertex 18.4713 -0.585556 0.599999
    endloop
  endfacet
  facet normal 0.571595 0.415278 0.707689
    outer loop
      vertex 19.3674 -1.35738 83.051
      vertex 18.8936 -1.72601 83.65
      vertex 19.484 -1.51787 83.051
    endloop
  endfacet
  facet normal -0.366509 -0.604029 0.707687
    outer loop
      vertex -18.3126 -10.3089 83.65
      vertex -18.4713 -10.9144 83.051
      vertex -18.1768 -10.3913 83.65
    endloop
  endfacet
  facet normal 0.452304 -0.543549 -0.707089
    outer loop
      vertex 18.8426 -10.6674 0.599999
      vertex 18.474 -10.1936 0
      vertex 18.9951 -10.5405 0.599999
    endloop
  endfacet
  facet normal -0.452561 0.543287 -0.707126
    outer loop
      vertex -18.5958 -1.40787 0
      vertex -18.9951 -0.959549 0.599999
      vertex -18.474 -1.30641 0
    endloop
  endfacet
  facet normal -0.294525 0.642216 0.707681
    outer loop
      vertex -18.1595 -0.433136 83.051
      vertex -18.3398 -0.515823 83.051
      vertex -18.0717 -1.05293 83.65
    endloop
  endfacet
  facet normal -0.336237 0.621395 0.707681
    outer loop
      vertex -18.3398 -0.515823 83.051
      vertex -18.5143 -0.610245 83.051
      vertex -18.0717 -1.05293 83.65
    endloop
  endfacet
  facet normal -0.336518 0.621914 -0.707092
    outer loop
      vertex -18.0717 -1.05293 0
      vertex -18.5143 -0.610245 0.599999
      vertex -18.3398 -0.515823 0.599999
    endloop
  endfacet
  facet normal -0.294771 0.642752 -0.707092
    outer loop
      vertex -18.0717 -1.05293 0
      vertex -18.3398 -0.515823 0.599999
      vertex -18.1595 -0.433136 0.599999
    endloop
  endfacet
  facet normal -0.639797 0.768544 0
    outer loop
      vertex -18.8426 -0.832596 0.599999
      vertex -18.9951 -0.959549 83.051
      vertex -18.8426 -0.832596 83.051
    endloop
  endfacet
  facet normal -0.639797 0.768544 0
    outer loop
      vertex -18.9951 -0.959549 83.051
      vertex -18.8426 -0.832596 0.599999
      vertex -18.9951 -0.959549 0.599999
    endloop
  endfacet
  facet normal -0.690814 0.150971 -0.707095
    outer loop
      vertex -19.3601 -2.76599 0
      vertex -19.9505 -2.65736 0.599999
      vertex -19.3262 -2.61087 0
    endloop
  endfacet
  facet normal 0.0175441 0.706893 -0.707103
    outer loop
      vertex 17.1488 -0.203705 0.599999
      vertex 16.9931 -0.800018 0
      vertex 17 -0.200012 0.599999
    endloop
  endfacet
  facet normal -0.229542 0.973299 0
    outer loop
      vertex -17.5914 -0.258865 0.599999
      vertex -17.7844 -0.304382 83.051
      vertex -17.5914 -0.258865 83.051
    endloop
  endfacet
  facet normal -0.229542 0.973299 0
    outer loop
      vertex -17.7844 -0.304382 83.051
      vertex -17.5914 -0.258865 0.599999
      vertex -17.7844 -0.304382 0.599999
    endloop
  endfacet
  facet normal -0.366815 -0.604532 -0.707098
    outer loop
      vertex -18.1768 -10.3913 0
      vertex -18.4713 -10.9144 0.599999
      vertex -18.3126 -10.3089 0
    endloop
  endfacet
  facet normal 1 0 0
    outer loop
      vertex 20 -8.29999 13.9783
      vertex 20 -6.90001 70.48
      vertex 20 -8.29999 70.48
    endloop
  endfacet
  facet normal 1 0 0
    outer loop
      vertex 20 -6.90001 70.48
      vertex 20 -8.29999 13.9783
      vertex 20 -6.90001 13.17
    endloop
  endfacet
  facet normal 1 0 0
    outer loop
      vertex 20 -6.90001 70.48
      vertex 20 -3.20001 83.051
      vertex 20 -6.90001 77.48
    endloop
  endfacet
  facet normal 1 -0 0
    outer loop
      vertex 20 -8.29999 83.051
      vertex 20 -6.90001 77.48
      vertex 20 -3.20001 83.051
    endloop
  endfacet
  facet normal 1 0 0
    outer loop
      vertex 20 -6.90001 77.48
      vertex 20 -8.29999 83.051
      vertex 20 -8.29999 78.2883
    endloop
  endfacet
  facet normal 1 0 0
    outer loop
      vertex 20 -3.20001 83.051
      vertex 20 -6.90001 70.48
      vertex 20 -3.20001 0.599999
    endloop
  endfacet
  facet normal 1 -0 0
    outer loop
      vertex 20 -6.90001 13.17
      vertex 20 -3.20001 0.599999
      vertex 20 -6.90001 70.48
    endloop
  endfacet
  facet normal 1 -0 0
    outer loop
      vertex 20 -6.90001 6.17
      vertex 20 -3.20001 0.599999
      vertex 20 -6.90001 13.17
    endloop
  endfacet
  facet normal 1 0 0
    outer loop
      vertex 20 -8.29999 0.599999
      vertex 20 -6.90001 6.17
      vertex 20 -8.29999 6.17
    endloop
  endfacet
  facet normal 1 0 0
    outer loop
      vertex 20 -6.90001 6.17
      vertex 20 -8.29999 0.599999
      vertex 20 -3.20001 0.599999
    endloop
  endfacet
  facet normal -0.587778 0.809022 0
    outer loop
      vertex -18.6821 -0.715988 0.599999
      vertex -18.8426 -0.832596 83.051
      vertex -18.6821 -0.715988 83.051
    endloop
  endfacet
  facet normal -0.587778 0.809022 0
    outer loop
      vertex -18.8426 -0.832596 83.051
      vertex -18.6821 -0.715988 0.599999
      vertex -18.8426 -0.832596 0.599999
    endloop
  endfacet
  facet normal 0.520301 -0.478837 -0.707108
    outer loop
      vertex 19.2731 -10.2578 0.599999
      vertex 18.7108 -9.98276 0
      vertex 18.8182 -9.86606 0
    endloop
  endfacet
  facet normal -0.550141 0.44326 0.707719
    outer loop
      vertex -19.2731 -1.24225 83.051
      vertex -19.3976 -1.39677 83.051
      vertex -18.9179 -1.75778 83.65
    endloop
  endfacet
  facet normal -0.69692 -0.116213 0.70767
    outer loop
      vertex -19.3787 -8.61644 83.65
      vertex -19.9411 -8.89134 83.051
      vertex -19.3526 -8.77296 83.65
    endloop
  endfacet
  facet normal -0.706307 0.0175675 0.707688
    outer loop
      vertex -19.9963 -3.05125 83.051
      vertex -20 -3.20001 83.051
      vertex -19.4 -3.20691 83.65
    endloop
  endfacet
  facet normal 0 0.707103 -0.707111
    outer loop
      vertex 14.1 -0.800018 0
      vertex 17 -0.200012 0.599999
      vertex 16.9931 -0.800018 0
    endloop
  endfacet
  facet normal 0 0.707103 -0.707111
    outer loop
      vertex 17 -0.200012 0.599999
      vertex 14.1 -0.800018 0
      vertex 13.5 -0.200012 0.599999
    endloop
  endfacet
  facet normal 0 0.707103 -0.707111
    outer loop
      vertex -17 -0.200012 0.599999
      vertex -14.1 -0.800018 0
      vertex -16.9903 -0.800018 0
    endloop
  endfacet
  facet normal 0 0.707103 -0.707111
    outer loop
      vertex -14.1 -0.800018 0
      vertex -17 -0.200012 0.599999
      vertex -13.5 -0.200012 0.599999
    endloop
  endfacet
  facet normal -0.703653 -0.0698662 -0.707101
    outer loop
      vertex -19.9738 -8.69566 0.599999
      vertex -19.9934 -8.49826 0.599999
      vertex -19.3944 -8.45859 0
    endloop
  endfacet
  facet normal -0.283493 -0.647119 0.707721
    outer loop
      vertex -18.036 -10.4645 83.65
      vertex -18.2953 -11.006 83.051
      vertex -18.1136 -11.0856 83.051
    endloop
  endfacet
  facet normal -0.326164 -0.626691 0.707725
    outer loop
      vertex -18.036 -10.4645 83.65
      vertex -18.4713 -10.9144 83.051
      vertex -18.2953 -11.006 83.051
    endloop
  endfacet
  facet normal -0.676009 -0.207455 -0.707088
    outer loop
      vertex -19.2696 -9.07928 0
      vertex -19.8374 -9.27409 0.599999
      vertex -19.3162 -8.92743 0
    endloop
  endfacet
  facet normal 0.240742 0.664844 -0.707125
    outer loop
      vertex 17.8908 -0.971832 0
      vertex 17.7415 -0.91777 0
      vertex 18.1136 -0.414352 0.599999
    endloop
  endfacet
  facet normal -0.213141 -0.977021 0
    outer loop
      vertex -17.7365 -11.2082 0.599999
      vertex -17.5426 -11.2505 83.051
      vertex -17.7365 -11.2082 83.051
    endloop
  endfacet
  facet normal -0.213141 -0.977021 -0
    outer loop
      vertex -17.5426 -11.2505 83.051
      vertex -17.7365 -11.2082 0.599999
      vertex -17.5426 -11.2505 0.599999
    endloop
  endfacet
  facet normal -0.277384 -0.960759 0
    outer loop
      vertex -17.927 -11.1532 0.599999
      vertex -17.7365 -11.2082 83.051
      vertex -17.927 -11.1532 83.051
    endloop
  endfacet
  facet normal -0.277384 -0.960759 -0
    outer loop
      vertex -17.7365 -11.2082 83.051
      vertex -17.927 -11.1532 0.599999
      vertex -17.7365 -11.2082 0.599999
    endloop
  endfacet
  facet normal -0.706871 0.0177563 -0.70712
    outer loop
      vertex -19.4 -3.20691 0
      vertex -19.9963 -3.05125 0.599999
      vertex -19.3969 -3.0835 0
    endloop
  endfacet
  facet normal -0.196132 -0.679331 -0.707136
    outer loop
      vertex -17.7365 -11.2082 0.599999
      vertex -17.7415 -10.5822 0
      vertex -17.5891 -10.6262 0
    endloop
  endfacet
  facet normal -0.0330681 0.999453 0
    outer loop
      vertex -17 -0.200012 0.599999
      vertex -17.1983 -0.206573 83.051
      vertex -17 -0.200012 83.051
    endloop
  endfacet
  facet normal -0.0330681 0.999453 0
    outer loop
      vertex -17.1983 -0.206573 83.051
      vertex -17 -0.200012 0.599999
      vertex -17.1983 -0.206573 0.599999
    endloop
  endfacet
  facet normal 0.0583609 0.704694 -0.707107
    outer loop
      vertex 17.277 -0.816376 0
      vertex 17.1488 -0.203705 0.599999
      vertex 17.3465 -0.220078 0.599999
    endloop
  endfacet
  facet normal -0.416861 0.90897 0
    outer loop
      vertex -18.1595 -0.433136 0.599999
      vertex -18.3398 -0.515823 83.051
      vertex -18.1595 -0.433136 83.051
    endloop
  endfacet
  facet normal -0.416861 0.90897 0
    outer loop
      vertex -18.3398 -0.515823 83.051
      vertex -18.1595 -0.433136 0.599999
      vertex -18.3398 -0.515823 0.599999
    endloop
  endfacet
  facet normal -0.293224 0.956044 0
    outer loop
      vertex -17.7844 -0.304382 0.599999
      vertex -17.9741 -0.362564 83.051
      vertex -17.7844 -0.304382 83.051
    endloop
  endfacet
  facet normal -0.293224 0.956044 0
    outer loop
      vertex -17.9741 -0.362564 83.051
      vertex -17.7844 -0.304382 0.599999
      vertex -17.9741 -0.362564 0.599999
    endloop
  endfacet
  facet normal 0 1 0
    outer loop
      vertex 17 -0.200012 83.051
      vertex 13.5 -0.200012 80.65
      vertex -17 -0.200012 83.051
    endloop
  endfacet
  facet normal 0 1 -0
    outer loop
      vertex 17 -0.200012 0.599999
      vertex 13.5 -0.200012 80.65
      vertex 17 -0.200012 83.051
    endloop
  endfacet
  facet normal 0 1 0
    outer loop
      vertex 13.5 -0.200012 80.65
      vertex 17 -0.200012 0.599999
      vertex 13.5 -0.200012 0.599999
    endloop
  endfacet
  facet normal 0 1 -0
    outer loop
      vertex -13.5 -0.200012 80.65
      vertex -17 -0.200012 83.051
      vertex 13.5 -0.200012 80.65
    endloop
  endfacet
  facet normal 0 1 0
    outer loop
      vertex -17 -0.200012 0.599999
      vertex -13.5 -0.200012 80.65
      vertex -13.5 -0.200012 0.599999
    endloop
  endfacet
  facet normal 0 1 0
    outer loop
      vertex -13.5 -0.200012 80.65
      vertex -17 -0.200012 0.599999
      vertex -17 -0.200012 83.051
    endloop
  endfacet
  facet normal -0.294582 0.642807 -0.707121
    outer loop
      vertex -18.0717 -1.05293 0
      vertex -18.1595 -0.433136 0.599999
      vertex -17.9274 -0.986801 0
    endloop
  endfacet
  facet normal -0.572052 -0.415662 -0.707094
    outer loop
      vertex -19.3674 -10.1426 0.599999
      vertex -19.484 -9.98213 0.599999
      vertex -18.8936 -9.77399 0
    endloop
  endfacet
  facet normal -0.64749 0.284155 -0.707115
    outer loop
      vertex -19.2282 -2.30917 0
      vertex -19.7857 -2.08643 0.599999
      vertex -19.1645 -2.16402 0
    endloop
  endfacet
  facet normal 0.660402 0.251124 0.707676
    outer loop
      vertex 19.7669 -2.04051 83.051
      vertex 19.2696 -2.42072 83.65
      vertex 19.8374 -2.22591 83.051
    endloop
  endfacet
  facet normal 0.283982 0.647569 -0.707113
    outer loop
      vertex 18.2953 -0.494034 0.599999
      vertex 18.036 -1.03549 0
      vertex 18.1136 -0.414352 0.599999
    endloop
  endfacet
  facet normal 0.0699617 -0.703627 -0.707117
    outer loop
      vertex 17.3957 -11.2738 0.599999
      vertex 17.1586 -10.6944 0
      vertex 17.3165 -10.6787 0
    endloop
  endfacet
  facet normal 0.196109 0.678768 0.707683
    outer loop
      vertex 17.927 -0.346848 83.051
      vertex 17.7365 -0.291809 83.051
      vertex 17.7415 -0.91777 83.65
    endloop
  endfacet
  facet normal 0.704685 -0.0584594 -0.707108
    outer loop
      vertex 19.9799 -8.64644 0.599999
      vertex 19.3836 -8.57698 0
      vertex 19.9963 -8.44875 0.599999
    endloop
  endfacet
  facet normal 0.44333 0.550863 -0.707113
    outer loop
      vertex 18.9578 -0.926865 0.599999
      vertex 18.4422 -1.2821 0
      vertex 18.8032 -0.802444 0.599999
    endloop
  endfacet
  facet normal 0.621394 0.336216 0.707692
    outer loop
      vertex 19.5898 -1.68571 83.051
      vertex 19.1471 -2.12833 83.65
      vertex 19.6842 -1.86018 83.051
    endloop
  endfacet
  facet normal 0.809024 0.587776 0
    outer loop
      vertex 19.484 -1.51787 83.051
      vertex 19.3674 -1.35738 0.599999
      vertex 19.3674 -1.35738 83.051
    endloop
  endfacet
  facet normal 0.809024 0.587776 0
    outer loop
      vertex 19.3674 -1.35738 0.599999
      vertex 19.484 -1.51787 83.051
      vertex 19.484 -1.51787 0.599999
    endloop
  endfacet
  facet normal 0.326226 0.627344 -0.707118
    outer loop
      vertex 18.4713 -0.585556 0.599999
      vertex 18.036 -1.03549 0
      vertex 18.2953 -0.494034 0.599999
    endloop
  endfacet
  facet normal 0.706896 -0.0175821 -0.707099
    outer loop
      vertex 19.9963 -8.44875 0.599999
      vertex 19.4 -8.29309 0
      vertex 20 -8.29999 0.599999
    endloop
  endfacet
  facet normal 0.511998 0.48679 0.707739
    outer loop
      vertex 19.2405 -1.20494 83.051
      vertex 18.6828 -1.48924 83.65
      vertex 18.7921 -1.6042 83.65
    endloop
  endfacet
  facet normal 0.461361 0.887213 -0
    outer loop
      vertex 18.4713 -0.585556 0.599999
      vertex 18.2953 -0.494034 83.051
      vertex 18.4713 -0.585556 83.051
    endloop
  endfacet
  facet normal 0.461361 0.887213 0
    outer loop
      vertex 18.2953 -0.494034 83.051
      vertex 18.4713 -0.585556 0.599999
      vertex 18.2953 -0.494034 0.599999
    endloop
  endfacet
  facet normal -0.376668 0.597722 0.707707
    outer loop
      vertex -18.5143 -0.610245 83.051
      vertex -18.6821 -0.715988 83.051
      vertex -18.2112 -1.12846 83.65
    endloop
  endfacet
  facet normal 0.696843 0.116449 0.707707
    outer loop
      vertex 19.9411 -2.60866 83.051
      vertex 19.3787 -2.88356 83.65
      vertex 19.9738 -2.80434 83.051
    endloop
  endfacet
  facet normal 0 -1 0
    outer loop
      vertex -17 -11.3 83.051
      vertex 0 -11.3 79.5806
      vertex 17 -11.3 83.051
    endloop
  endfacet
  facet normal 0 -1 0
    outer loop
      vertex -17 -11.3 83.051
      vertex -1.18314 -11.3 78.8964
      vertex 0 -11.3 79.5806
    endloop
  endfacet
  facet normal 0 -1 0
    outer loop
      vertex -17 -11.3 83.051
      vertex -1.34788 -11.3 78.7843
      vertex -1.18314 -11.3 78.8964
    endloop
  endfacet
  facet normal 0 -1 0
    outer loop
      vertex -17 -11.3 83.051
      vertex -1.50207 -11.3 78.6581
      vertex -1.34788 -11.3 78.7843
    endloop
  endfacet
  facet normal 0 -1 0
    outer loop
      vertex -17 -11.3 83.051
      vertex -1.64451 -11.3 78.5188
      vertex -1.50207 -11.3 78.6581
    endloop
  endfacet
  facet normal 0 -1 0
    outer loop
      vertex -17 -11.3 83.051
      vertex -1.77408 -11.3 78.3675
      vertex -1.64451 -11.3 78.5188
    endloop
  endfacet
  facet normal 0 -1 0
    outer loop
      vertex -17 -11.3 83.051
      vertex -1.88976 -11.3 78.2052
      vertex -1.77408 -11.3 78.3675
    endloop
  endfacet
  facet normal 0 -1 0
    outer loop
      vertex -17 -11.3 83.051
      vertex -1.99065 -11.3 78.0334
      vertex -1.88976 -11.3 78.2052
    endloop
  endfacet
  facet normal 0 -1 0
    outer loop
      vertex -17 -11.3 83.051
      vertex -2.07597 -11.3 77.8534
      vertex -1.99065 -11.3 78.0334
    endloop
  endfacet
  facet normal 0 -1 0
    outer loop
      vertex -17 -11.3 83.051
      vertex -2.14503 -11.3 77.6665
      vertex -2.07597 -11.3 77.8534
    endloop
  endfacet
  facet normal 0 -1 0
    outer loop
      vertex -17 -11.3 83.051
      vertex -2.19731 -11.3 77.4742
      vertex -2.14503 -11.3 77.6665
    endloop
  endfacet
  facet normal 0 -1 0
    outer loop
      vertex -17 -11.3 83.051
      vertex -2.23239 -11.3 77.2781
      vertex -2.19731 -11.3 77.4742
    endloop
  endfacet
  facet normal 0 -1 0
    outer loop
      vertex -17 -11.3 83.051
      vertex -2.25 -11.3 77.0796
      vertex -2.23239 -11.3 77.2781
    endloop
  endfacet
  facet normal 0 -1 0
    outer loop
      vertex -17 -11.3 83.051
      vertex -2.25 -11.3 70.8804
      vertex -2.25 -11.3 77.0796
    endloop
  endfacet
  facet normal 0 -1 0
    outer loop
      vertex -17 -11.3 83.051
      vertex -2.23239 -11.3 70.6819
      vertex -2.25 -11.3 70.8804
    endloop
  endfacet
  facet normal 0 -1 0
    outer loop
      vertex -17 -11.3 83.051
      vertex -2.19731 -11.3 70.4858
      vertex -2.23239 -11.3 70.6819
    endloop
  endfacet
  facet normal 0 -1 0
    outer loop
      vertex -17 -11.3 83.051
      vertex -2.14503 -11.3 70.2935
      vertex -2.19731 -11.3 70.4858
    endloop
  endfacet
  facet normal 0 -1 0
    outer loop
      vertex -17 -11.3 83.051
      vertex -2.07597 -11.3 70.1066
      vertex -2.14503 -11.3 70.2935
    endloop
  endfacet
  facet normal 0 -1 0
    outer loop
      vertex -17 -11.3 83.051
      vertex -1.99065 -11.3 69.9266
      vertex -2.07597 -11.3 70.1066
    endloop
  endfacet
  facet normal 0 -1 0
    outer loop
      vertex -17 -11.3 83.051
      vertex -1.88976 -11.3 69.7548
      vertex -1.99065 -11.3 69.9266
    endloop
  endfacet
  facet normal 0 -1 0
    outer loop
      vertex -17 -11.3 83.051
      vertex -1.77408 -11.3 69.5925
      vertex -1.88976 -11.3 69.7548
    endloop
  endfacet
  facet normal 0 -1 0
    outer loop
      vertex -1.77408 -11.3 14.0575
      vertex -1.77408 -11.3 69.5925
      vertex -17 -11.3 83.051
    endloop
  endfacet
  facet normal 0 -1 0
    outer loop
      vertex -1.77408 -11.3 69.5925
      vertex -1.77408 -11.3 14.0575
      vertex -1.64451 -11.3 69.4412
    endloop
  endfacet
  facet normal 0 -1 0
    outer loop
      vertex -0.24863 -11.3 68.7416
      vertex 0 -11.3 15.2706
      vertex -0.0498228 -11.3 68.7283
    endloop
  endfacet
  facet normal 0 -1 0
    outer loop
      vertex -0.44549 -11.3 68.7723
      vertex 0 -11.3 15.2706
      vertex -0.24863 -11.3 68.7416
    endloop
  endfacet
  facet normal 0 -1 0
    outer loop
      vertex -0.638864 -11.3 68.8203
      vertex 0 -11.3 15.2706
      vertex -0.44549 -11.3 68.7723
    endloop
  endfacet
  facet normal 0 -1 0
    outer loop
      vertex -0.827238 -11.3 68.8852
      vertex 0 -11.3 15.2706
      vertex -0.638864 -11.3 68.8203
    endloop
  endfacet
  facet normal 0 -1 0
    outer loop
      vertex -1.00914 -11.3 68.9665
      vertex 0 -11.3 15.2706
      vertex -0.827238 -11.3 68.8852
    endloop
  endfacet
  facet normal 0 -1 0
    outer loop
      vertex -1.18314 -11.3 69.0636
      vertex 0 -11.3 15.2706
      vertex -1.00914 -11.3 68.9665
    endloop
  endfacet
  facet normal 0 -1 0
    outer loop
      vertex -1.18314 -11.3 14.5864
      vertex -1.18314 -11.3 69.0636
      vertex -1.34788 -11.3 69.1757
    endloop
  endfacet
  facet normal 0 -1 0
    outer loop
      vertex -1.34788 -11.3 14.4743
      vertex -1.34788 -11.3 69.1757
      vertex -1.50207 -11.3 69.3018
    endloop
  endfacet
  facet normal -0 -1 0
    outer loop
      vertex -1.64451 -11.3 14.2088
      vertex -1.64451 -11.3 69.4412
      vertex -1.77408 -11.3 14.0575
    endloop
  endfacet
  facet normal 0 -1 0
    outer loop
      vertex -1.18314 -11.3 69.0636
      vertex -1.18314 -11.3 14.5864
      vertex 0 -11.3 15.2706
    endloop
  endfacet
  facet normal 0 -1 0
    outer loop
      vertex -1.34788 -11.3 69.1757
      vertex -1.34788 -11.3 14.4743
      vertex -1.18314 -11.3 14.5864
    endloop
  endfacet
  facet normal 0 -1 0
    outer loop
      vertex -1.50207 -11.3 69.3018
      vertex -1.50207 -11.3 14.3482
      vertex -1.34788 -11.3 14.4743
    endloop
  endfacet
  facet normal 0 -1 -0
    outer loop
      vertex -1.50207 -11.3 69.3018
      vertex -1.64451 -11.3 14.2088
      vertex -1.50207 -11.3 14.3482
    endloop
  endfacet
  facet normal 0 -1 0
    outer loop
      vertex -1.64451 -11.3 69.4412
      vertex -1.64451 -11.3 14.2088
      vertex -1.50207 -11.3 69.3018
    endloop
  endfacet
  facet normal 0 -1 0
    outer loop
      vertex -17 -11.3 0.599999
      vertex -1.77408 -11.3 14.0575
      vertex -17 -11.3 83.051
    endloop
  endfacet
  facet normal 0 -1 0
    outer loop
      vertex -1.77408 -11.3 14.0575
      vertex -17 -11.3 0.599999
      vertex -1.88976 -11.3 13.8952
    endloop
  endfacet
  facet normal 0 -1 0
    outer loop
      vertex -1.88976 -11.3 13.8952
      vertex -17 -11.3 0.599999
      vertex -1.99065 -11.3 13.7234
    endloop
  endfacet
  facet normal 0 -1 0
    outer loop
      vertex -1.99065 -11.3 13.7234
      vertex -17 -11.3 0.599999
      vertex -2.07597 -11.3 13.5434
    endloop
  endfacet
  facet normal 0 -1 0
    outer loop
      vertex -2.07597 -11.3 13.5434
      vertex -17 -11.3 0.599999
      vertex -2.14503 -11.3 13.3565
    endloop
  endfacet
  facet normal 0 -1 0
    outer loop
      vertex -2.14503 -11.3 13.3565
      vertex -17 -11.3 0.599999
      vertex -2.19731 -11.3 13.1642
    endloop
  endfacet
  facet normal 0 -1 0
    outer loop
      vertex -2.19731 -11.3 13.1642
      vertex -17 -11.3 0.599999
      vertex -2.23239 -11.3 12.9681
    endloop
  endfacet
  facet normal 0 -1 0
    outer loop
      vertex -2.23239 -11.3 12.9681
      vertex -17 -11.3 0.599999
      vertex -2.25 -11.3 12.7696
    endloop
  endfacet
  facet normal 0 -1 -0
    outer loop
      vertex -2.25 -11.3 12.7696
      vertex -17 -11.3 0.599999
      vertex -2.25 -11.3 6.57038
    endloop
  endfacet
  facet normal 0 -1 -0
    outer loop
      vertex -2.25 -11.3 6.57038
      vertex -17 -11.3 0.599999
      vertex -2.23239 -11.3 6.37191
    endloop
  endfacet
  facet normal 0 -1 -0
    outer loop
      vertex -0.24863 -11.3 4.43156
      vertex -17 -11.3 0.599999
      vertex -0.0498228 -11.3 4.41835
    endloop
  endfacet
  facet normal 0 -1 -0
    outer loop
      vertex -0.44549 -11.3 4.4623
      vertex -17 -11.3 0.599999
      vertex -0.24863 -11.3 4.43156
    endloop
  endfacet
  facet normal 0 -1 -0
    outer loop
      vertex -0.638864 -11.3 4.51031
      vertex -17 -11.3 0.599999
      vertex -0.44549 -11.3 4.4623
    endloop
  endfacet
  facet normal 0 -1 -0
    outer loop
      vertex -0.827238 -11.3 4.57522
      vertex -17 -11.3 0.599999
      vertex -0.638864 -11.3 4.51031
    endloop
  endfacet
  facet normal 0 -1 -0
    outer loop
      vertex -1.00914 -11.3 4.65653
      vertex -17 -11.3 0.599999
      vertex -0.827238 -11.3 4.57522
    endloop
  endfacet
  facet normal 0 -1 -0
    outer loop
      vertex -1.18314 -11.3 4.7536
      vertex -17 -11.3 0.599999
      vertex -1.00914 -11.3 4.65653
    endloop
  endfacet
  facet normal 0 -1 -0
    outer loop
      vertex -1.34788 -11.3 4.86566
      vertex -17 -11.3 0.599999
      vertex -1.18314 -11.3 4.7536
    endloop
  endfacet
  facet normal 0 -1 -0
    outer loop
      vertex -1.50207 -11.3 4.99185
      vertex -17 -11.3 0.599999
      vertex -1.34788 -11.3 4.86566
    endloop
  endfacet
  facet normal 0 -1 -0
    outer loop
      vertex -1.64451 -11.3 5.13117
      vertex -17 -11.3 0.599999
      vertex -1.50207 -11.3 4.99185
    endloop
  endfacet
  facet normal 0 -1 -0
    outer loop
      vertex -1.77408 -11.3 5.28253
      vertex -17 -11.3 0.599999
      vertex -1.64451 -11.3 5.13117
    endloop
  endfacet
  facet normal 0 -1 -0
    outer loop
      vertex -1.88976 -11.3 5.44476
      vertex -17 -11.3 0.599999
      vertex -1.77408 -11.3 5.28253
    endloop
  endfacet
  facet normal 0 -1 -0
    outer loop
      vertex -1.99065 -11.3 5.61657
      vertex -17 -11.3 0.599999
      vertex -1.88976 -11.3 5.44476
    endloop
  endfacet
  facet normal 0 -1 -0
    outer loop
      vertex -2.07597 -11.3 5.79662
      vertex -17 -11.3 0.599999
      vertex -1.99065 -11.3 5.61657
    endloop
  endfacet
  facet normal 0 -1 -0
    outer loop
      vertex -2.14503 -11.3 5.98352
      vertex -17 -11.3 0.599999
      vertex -2.07597 -11.3 5.79662
    endloop
  endfacet
  facet normal 0 -1 -0
    outer loop
      vertex -2.19731 -11.3 6.17578
      vertex -17 -11.3 0.599999
      vertex -2.14503 -11.3 5.98352
    endloop
  endfacet
  facet normal 0 -1 -0
    outer loop
      vertex -2.23239 -11.3 6.37191
      vertex -17 -11.3 0.599999
      vertex -2.19731 -11.3 6.17578
    endloop
  endfacet
  facet normal 0 -1 0
    outer loop
      vertex 1.09721 -11.3 78.9469
      vertex 17 -11.3 83.051
      vertex 0 -11.3 79.5806
    endloop
  endfacet
  facet normal 0 -1 0
    outer loop
      vertex 1.26675 -11.3 78.8422
      vertex 17 -11.3 83.051
      vertex 1.09721 -11.3 78.9469
    endloop
  endfacet
  facet normal 0 -1 0
    outer loop
      vertex 1.42637 -11.3 78.723
      vertex 17 -11.3 83.051
      vertex 1.26675 -11.3 78.8422
    endloop
  endfacet
  facet normal 0 -1 0
    outer loop
      vertex 1.57483 -11.3 78.5901
      vertex 17 -11.3 83.051
      vertex 1.42637 -11.3 78.723
    endloop
  endfacet
  facet normal 0 -1 0
    outer loop
      vertex 1.71097 -11.3 78.4446
      vertex 17 -11.3 83.051
      vertex 1.57483 -11.3 78.5901
    endloop
  endfacet
  facet normal 0 -1 0
    outer loop
      vertex 1.83371 -11.3 78.2876
      vertex 17 -11.3 83.051
      vertex 1.71097 -11.3 78.4446
    endloop
  endfacet
  facet normal 0 -1 0
    outer loop
      vertex 1.94211 -11.3 78.1205
      vertex 17 -11.3 83.051
      vertex 1.83371 -11.3 78.2876
    endloop
  endfacet
  facet normal 0 -1 0
    outer loop
      vertex 2.0353 -11.3 77.9444
      vertex 17 -11.3 83.051
      vertex 1.94211 -11.3 78.1205
    endloop
  endfacet
  facet normal 0 -1 0
    outer loop
      vertex 2.11257 -11.3 77.7607
      vertex 17 -11.3 83.051
      vertex 2.0353 -11.3 77.9444
    endloop
  endfacet
  facet normal 0 -1 0
    outer loop
      vertex 2.1733 -11.3 77.5709
      vertex 17 -11.3 83.051
      vertex 2.11257 -11.3 77.7607
    endloop
  endfacet
  facet normal 0 -1 0
    outer loop
      vertex 2.21702 -11.3 77.3765
      vertex 17 -11.3 83.051
      vertex 2.1733 -11.3 77.5709
    endloop
  endfacet
  facet normal 0 -1 0
    outer loop
      vertex 2.24339 -11.3 77.179
      vertex 17 -11.3 83.051
      vertex 2.21702 -11.3 77.3765
    endloop
  endfacet
  facet normal 0 -1 0
    outer loop
      vertex 2.2522 -11.3 76.98
      vertex 17 -11.3 83.051
      vertex 2.24339 -11.3 77.179
    endloop
  endfacet
  facet normal 0 -1 0
    outer loop
      vertex 2.2522 -11.3 70.98
      vertex 17 -11.3 83.051
      vertex 2.2522 -11.3 76.98
    endloop
  endfacet
  facet normal 0 -1 0
    outer loop
      vertex 2.24339 -11.3 70.781
      vertex 17 -11.3 83.051
      vertex 2.2522 -11.3 70.98
    endloop
  endfacet
  facet normal 0 -1 0
    outer loop
      vertex 2.21702 -11.3 70.5835
      vertex 17 -11.3 83.051
      vertex 2.24339 -11.3 70.781
    endloop
  endfacet
  facet normal 0 -1 0
    outer loop
      vertex 2.1733 -11.3 70.3891
      vertex 17 -11.3 83.051
      vertex 2.21702 -11.3 70.5835
    endloop
  endfacet
  facet normal 0 -1 0
    outer loop
      vertex 2.11257 -11.3 70.1993
      vertex 17 -11.3 83.051
      vertex 2.1733 -11.3 70.3891
    endloop
  endfacet
  facet normal 0 -1 0
    outer loop
      vertex 2.0353 -11.3 70.0156
      vertex 17 -11.3 83.051
      vertex 2.11257 -11.3 70.1993
    endloop
  endfacet
  facet normal 0 -1 0
    outer loop
      vertex 1.94211 -11.3 69.8395
      vertex 17 -11.3 83.051
      vertex 2.0353 -11.3 70.0156
    endloop
  endfacet
  facet normal 0 -1 0
    outer loop
      vertex 1.83371 -11.3 69.6724
      vertex 17 -11.3 83.051
      vertex 1.94211 -11.3 69.8395
    endloop
  endfacet
  facet normal 0 -1 0
    outer loop
      vertex 1.83371 -11.3 13.9776
      vertex 1.83371 -11.3 69.6724
      vertex 1.71097 -11.3 69.5154
    endloop
  endfacet
  facet normal 0 -1 0
    outer loop
      vertex 1.71097 -11.3 14.1346
      vertex 1.71097 -11.3 69.5154
      vertex 1.57483 -11.3 69.3699
    endloop
  endfacet
  facet normal 0 -1 0
    outer loop
      vertex 1.57483 -11.3 14.2801
      vertex 1.57483 -11.3 69.3699
      vertex 1.42637 -11.3 69.237
    endloop
  endfacet
  facet normal 0 -1 0
    outer loop
      vertex 0 -11.3 15.2706
      vertex 0.149372 -11.3 68.7328
      vertex -0.0498228 -11.3 68.7283
    endloop
  endfacet
  facet normal 0 -1 0
    outer loop
      vertex 0 -11.3 15.2706
      vertex 0.3474 -11.3 68.7548
      vertex 0.149372 -11.3 68.7328
    endloop
  endfacet
  facet normal 0 -1 0
    outer loop
      vertex 0 -11.3 15.2706
      vertex 0.542708 -11.3 68.7942
      vertex 0.3474 -11.3 68.7548
    endloop
  endfacet
  facet normal 0 -1 0
    outer loop
      vertex 0 -11.3 15.2706
      vertex 0.733769 -11.3 68.8507
      vertex 0.542708 -11.3 68.7942
    endloop
  endfacet
  facet normal 0 -1 0
    outer loop
      vertex 0 -11.3 15.2706
      vertex 0.919087 -11.3 68.9239
      vertex 0.733769 -11.3 68.8507
    endloop
  endfacet
  facet normal 0 -1 0
    outer loop
      vertex 0 -11.3 15.2706
      vertex 1.09721 -11.3 69.0131
      vertex 0.919087 -11.3 68.9239
    endloop
  endfacet
  facet normal 0 -1 0
    outer loop
      vertex 1.09721 -11.3 14.6369
      vertex 1.09721 -11.3 69.0131
      vertex 0 -11.3 15.2706
    endloop
  endfacet
  facet normal 0 -1 0
    outer loop
      vertex 1.09721 -11.3 69.0131
      vertex 1.09721 -11.3 14.6369
      vertex 1.26675 -11.3 69.1178
    endloop
  endfacet
  facet normal 0 -1 0
    outer loop
      vertex 1.26675 -11.3 14.5322
      vertex 1.26675 -11.3 69.1178
      vertex 1.09721 -11.3 14.6369
    endloop
  endfacet
  facet normal 0 -1 0
    outer loop
      vertex 1.26675 -11.3 69.1178
      vertex 1.26675 -11.3 14.5322
      vertex 1.42637 -11.3 69.237
    endloop
  endfacet
  facet normal 0 -1 0
    outer loop
      vertex 1.42637 -11.3 14.413
      vertex 1.42637 -11.3 69.237
      vertex 1.26675 -11.3 14.5322
    endloop
  endfacet
  facet normal 0 -1 0
    outer loop
      vertex 1.57483 -11.3 14.2801
      vertex 1.42637 -11.3 69.237
      vertex 1.42637 -11.3 14.413
    endloop
  endfacet
  facet normal 0 -1 0
    outer loop
      vertex 1.57483 -11.3 69.3699
      vertex 1.57483 -11.3 14.2801
      vertex 1.71097 -11.3 14.1346
    endloop
  endfacet
  facet normal 0 -1 0
    outer loop
      vertex 1.71097 -11.3 69.5154
      vertex 1.71097 -11.3 14.1346
      vertex 1.83371 -11.3 13.9776
    endloop
  endfacet
  facet normal 0 -1 0
    outer loop
      vertex 1.83371 -11.3 69.6724
      vertex 1.83371 -11.3 13.9776
      vertex 17 -11.3 83.051
    endloop
  endfacet
  facet normal 0 -1 0
    outer loop
      vertex 17 -11.3 0.599999
      vertex 1.83371 -11.3 13.9776
      vertex 1.94211 -11.3 13.8105
    endloop
  endfacet
  facet normal 0 -1 0
    outer loop
      vertex 17 -11.3 0.599999
      vertex 1.94211 -11.3 13.8105
      vertex 2.0353 -11.3 13.6343
    endloop
  endfacet
  facet normal 0 -1 0
    outer loop
      vertex 17 -11.3 0.599999
      vertex 2.0353 -11.3 13.6343
      vertex 2.11257 -11.3 13.4507
    endloop
  endfacet
  facet normal 0 -1 0
    outer loop
      vertex 17 -11.3 0.599999
      vertex 2.11257 -11.3 13.4507
      vertex 2.1733 -11.3 13.2609
    endloop
  endfacet
  facet normal 0 -1 0
    outer loop
      vertex 17 -11.3 0.599999
      vertex 2.1733 -11.3 13.2609
      vertex 2.21702 -11.3 13.0665
    endloop
  endfacet
  facet normal 0 -1 0
    outer loop
      vertex 17 -11.3 0.599999
      vertex 2.21702 -11.3 13.0665
      vertex 2.24339 -11.3 12.8691
    endloop
  endfacet
  facet normal 0 -1 0
    outer loop
      vertex 17 -11.3 0.599999
      vertex 2.24339 -11.3 12.8691
      vertex 2.2522 -11.3 12.67
    endloop
  endfacet
  facet normal 0 -1 0
    outer loop
      vertex 17 -11.3 0.599999
      vertex 2.2522 -11.3 12.67
      vertex 2.2522 -11.3 6.67
    endloop
  endfacet
  facet normal 0 -1 0
    outer loop
      vertex 17 -11.3 0.599999
      vertex 2.2522 -11.3 6.67
      vertex 2.24339 -11.3 6.47095
    endloop
  endfacet
  facet normal 0 -1 0
    outer loop
      vertex 17 -11.3 0.599999
      vertex 2.24339 -11.3 6.47095
      vertex 2.21702 -11.3 6.27346
    endloop
  endfacet
  facet normal 0 -1 0
    outer loop
      vertex 17 -11.3 0.599999
      vertex -0.0498228 -11.3 4.41835
      vertex -17 -11.3 0.599999
    endloop
  endfacet
  facet normal 0 -1 0
    outer loop
      vertex -0.0498228 -11.3 4.41835
      vertex 17 -11.3 0.599999
      vertex 0.149372 -11.3 4.42276
    endloop
  endfacet
  facet normal 0 -1 0
    outer loop
      vertex 0.149372 -11.3 4.42276
      vertex 17 -11.3 0.599999
      vertex 0.3474 -11.3 4.44475
    endloop
  endfacet
  facet normal 0 -1 0
    outer loop
      vertex 1.83371 -11.3 13.9776
      vertex 17 -11.3 0.599999
      vertex 17 -11.3 83.051
    endloop
  endfacet
  facet normal 0 -1 0
    outer loop
      vertex 2.1733 -11.3 6.07907
      vertex 17 -11.3 0.599999
      vertex 2.21702 -11.3 6.27346
    endloop
  endfacet
  facet normal 0 -1 0
    outer loop
      vertex 2.11257 -11.3 5.88931
      vertex 17 -11.3 0.599999
      vertex 2.1733 -11.3 6.07907
    endloop
  endfacet
  facet normal 0 -1 0
    outer loop
      vertex 2.0353 -11.3 5.70565
      vertex 17 -11.3 0.599999
      vertex 2.11257 -11.3 5.88931
    endloop
  endfacet
  facet normal 0 -1 0
    outer loop
      vertex 1.94211 -11.3 5.52954
      vertex 17 -11.3 0.599999
      vertex 2.0353 -11.3 5.70565
    endloop
  endfacet
  facet normal 0 -1 0
    outer loop
      vertex 1.83371 -11.3 5.36236
      vertex 17 -11.3 0.599999
      vertex 1.94211 -11.3 5.52954
    endloop
  endfacet
  facet normal 0 -1 0
    outer loop
      vertex 1.71097 -11.3 5.20542
      vertex 17 -11.3 0.599999
      vertex 1.83371 -11.3 5.36236
    endloop
  endfacet
  facet normal 0 -1 0
    outer loop
      vertex 1.57483 -11.3 5.05993
      vertex 17 -11.3 0.599999
      vertex 1.71097 -11.3 5.20542
    endloop
  endfacet
  facet normal 0 -1 0
    outer loop
      vertex 1.42637 -11.3 4.92705
      vertex 17 -11.3 0.599999
      vertex 1.57483 -11.3 5.05993
    endloop
  endfacet
  facet normal 0 -1 0
    outer loop
      vertex 1.26675 -11.3 4.80781
      vertex 17 -11.3 0.599999
      vertex 1.42637 -11.3 4.92705
    endloop
  endfacet
  facet normal 0 -1 0
    outer loop
      vertex 1.09721 -11.3 4.70314
      vertex 17 -11.3 0.599999
      vertex 1.26675 -11.3 4.80781
    endloop
  endfacet
  facet normal 0 -1 0
    outer loop
      vertex 0.919087 -11.3 4.61386
      vertex 17 -11.3 0.599999
      vertex 1.09721 -11.3 4.70314
    endloop
  endfacet
  facet normal 0 -1 0
    outer loop
      vertex 0.733769 -11.3 4.54068
      vertex 17 -11.3 0.599999
      vertex 0.919087 -11.3 4.61386
    endloop
  endfacet
  facet normal 0 -1 0
    outer loop
      vertex 0.542708 -11.3 4.48416
      vertex 17 -11.3 0.599999
      vertex 0.733769 -11.3 4.54068
    endloop
  endfacet
  facet normal 0 -1 0
    outer loop
      vertex 0.3474 -11.3 4.44475
      vertex 17 -11.3 0.599999
      vertex 0.542708 -11.3 4.48416
    endloop
  endfacet
  facet normal 0.058307 0.704106 0.707697
    outer loop
      vertex 17.1488 -0.203705 83.051
      vertex 17.1165 -0.803085 83.65
      vertex 17.277 -0.816376 83.65
    endloop
  endfacet
  facet normal -0.706896 0.0175821 -0.707099
    outer loop
      vertex -19.4 -3.20691 0
      vertex -20 -3.20001 0.599999
      vertex -19.9963 -3.05125 0.599999
    endloop
  endfacet
  facet normal 0.704681 -0.0584014 -0.707117
    outer loop
      vertex 19.9963 -8.44875 0.599999
      vertex 19.3836 -8.57698 0
      vertex 19.3969 -8.4165 0
    endloop
  endfacet
  facet normal -0.452036 0.543 0.707682
    outer loop
      vertex -18.8426 -0.832596 83.051
      vertex -18.9951 -0.959549 83.051
      vertex -18.474 -1.30641 83.65
    endloop
  endfacet
  facet normal -0.415282 0.571597 0.707685
    outer loop
      vertex -18.6821 -0.715988 83.051
      vertex -18.8426 -0.832596 83.051
      vertex -18.474 -1.30641 83.65
    endloop
  endfacet
  facet normal -0.486878 0.511941 0.70772
    outer loop
      vertex -18.5958 -1.40787 83.65
      vertex -18.9951 -0.959549 83.051
      vertex -18.7108 -1.51724 83.65
    endloop
  endfacet
  facet normal 0.240349 0.664393 0.707682
    outer loop
      vertex 17.927 -0.346848 83.051
      vertex 17.7415 -0.91777 83.65
      vertex 18.1136 -0.414352 83.051
    endloop
  endfacet
  facet normal -0.704097 0.0584106 0.707697
    outer loop
      vertex -19.9799 -2.85356 83.051
      vertex -19.9963 -3.05125 83.051
      vertex -19.3836 -2.92302 83.65
    endloop
  endfacet
  facet normal -0.08267 -0.996577 0
    outer loop
      vertex -17.3465 -11.2799 0.599999
      vertex -17.1488 -11.2963 83.051
      vertex -17.3465 -11.2799 83.051
    endloop
  endfacet
  facet normal -0.08267 -0.996577 -0
    outer loop
      vertex -17.1488 -11.2963 83.051
      vertex -17.3465 -11.2799 0.599999
      vertex -17.1488 -11.2963 0.599999
    endloop
  endfacet
  facet normal -0.664969 0.240415 -0.707118
    outer loop
      vertex -19.2822 -2.45853 0
      vertex -19.7857 -2.08643 0.599999
      vertex -19.2282 -2.30917 0
    endloop
  endfacet
  facet normal 0.511749 0.487143 0.707675
    outer loop
      vertex 19.1037 -1.06123 83.051
      vertex 18.6828 -1.48924 83.65
      vertex 19.2405 -1.20494 83.051
    endloop
  endfacet
  facet normal -0.690251 0.150658 0.707712
    outer loop
      vertex -19.9082 -2.46356 83.051
      vertex -19.9505 -2.65736 83.051
      vertex -19.3262 -2.61087 83.65
    endloop
  endfacet
  facet normal -0.51991 0.47841 0.707685
    outer loop
      vertex -19.1388 -1.0963 83.051
      vertex -19.2731 -1.24225 83.051
      vertex -18.7108 -1.51724 83.65
    endloop
  endfacet
  facet normal -0.604364 0.367102 -0.707092
    outer loop
      vertex -19.0089 -1.88742 0
      vertex -19.6145 -1.72874 0.599999
      vertex -19.5115 -1.55917 0.599999
    endloop
  endfacet
  facet normal 0.706871 -0.0177563 -0.70712
    outer loop
      vertex 19.9963 -8.44875 0.599999
      vertex 19.3969 -8.4165 0
      vertex 19.4 -8.29309 0
    endloop
  endfacet
  facet normal 0.768552 0.639788 0
    outer loop
      vertex 19.3674 -1.35738 83.051
      vertex 19.2405 -1.20494 0.599999
      vertex 19.2405 -1.20494 83.051
    endloop
  endfacet
  facet normal 0.768552 0.639788 0
    outer loop
      vertex 19.2405 -1.20494 0.599999
      vertex 19.3674 -1.35738 83.051
      vertex 19.3674 -1.35738 0.599999
    endloop
  endfacet
  facet normal -0.621913 -0.336497 -0.707103
    outer loop
      vertex -19.5898 -9.81429 0.599999
      vertex -19.6842 -9.63982 0.599999
      vertex -19.1471 -9.37167 0
    endloop
  endfacet
  facet normal -0.0233827 0.706719 -0.707107
    outer loop
      vertex -17.1586 -0.805588 0
      vertex -17.1983 -0.206573 0.599999
      vertex -17 -0.200012 0.599999
    endloop
  endfacet
  facet normal -0.699311 0.10479 -0.707095
    outer loop
      vertex -19.3601 -2.76599 0
      vertex -19.9799 -2.85356 0.599999
      vertex -19.9505 -2.65736 0.599999
    endloop
  endfacet
  facet normal -0.703037 -0.0699251 0.707707
    outer loop
      vertex -19.3944 -8.45859 83.65
      vertex -19.9738 -8.69566 83.051
      vertex -19.3787 -8.61644 83.65
    endloop
  endfacet
  facet normal -0.16215 0.687651 0.707702
    outer loop
      vertex -17.5914 -0.258865 83.051
      vertex -17.6274 -0.88382 83.65
      vertex -17.473 -0.847412 83.65
    endloop
  endfacet
  facet normal -0.162175 0.687649 0.707699
    outer loop
      vertex -17.5914 -0.258865 83.051
      vertex -17.7844 -0.304382 83.051
      vertex -17.6274 -0.88382 83.65
    endloop
  endfacet
  facet normal 0.283746 0.647029 0.707701
    outer loop
      vertex 18.1136 -0.414352 83.051
      vertex 18.036 -1.03549 83.65
      vertex 18.2953 -0.494034 83.051
    endloop
  endfacet
  facet normal -0.0700335 0.703632 -0.707105
    outer loop
      vertex -17.3165 -0.821304 0
      vertex -17.3957 -0.226227 0.599999
      vertex -17.1586 -0.805588 0
    endloop
  endfacet
  facet normal -0.67876 0.196045 0.707709
    outer loop
      vertex -19.2822 -2.45853 83.65
      vertex -19.9082 -2.46356 83.051
      vertex -19.3262 -2.61087 83.65
    endloop
  endfacet
  facet normal -0.986323 -0.164824 0
    outer loop
      vertex -19.9411 -8.89134 0.599999
      vertex -19.9738 -8.69566 83.051
      vertex -19.9738 -8.69566 0.599999
    endloop
  endfacet
  facet normal -0.986323 -0.164824 0
    outer loop
      vertex -19.9738 -8.69566 83.051
      vertex -19.9411 -8.89134 0.599999
      vertex -19.9411 -8.89134 83.051
    endloop
  endfacet
  facet normal -0.597759 -0.376604 0.70771
    outer loop
      vertex -19.0715 -9.51123 83.65
      vertex -19.484 -9.98213 83.051
      vertex -18.9869 -9.64551 83.65
    endloop
  endfacet
  facet normal -0.478907 -0.520272 -0.707082
    outer loop
      vertex -18.9578 -10.5731 0.599999
      vertex -19.1037 -10.4388 0.599999
      vertex -18.6828 -10.0108 0
    endloop
  endfacet
  facet normal 0.703623 0.0699834 -0.707118
    outer loop
      vertex 19.3944 -3.04141 0
      vertex 19.3787 -2.88356 0
      vertex 19.9738 -2.80434 0.599999
    endloop
  endfacet
  facet normal -0.150582 -0.690257 0.707722
    outer loop
      vertex -17.5891 -10.6262 83.65
      vertex -17.7365 -11.2082 83.051
      vertex -17.5426 -11.2505 83.051
    endloop
  endfacet
  facet normal -0.195969 -0.678765 0.707725
    outer loop
      vertex -17.7415 -10.5822 83.65
      vertex -17.927 -11.1532 83.051
      vertex -17.7365 -11.2082 83.051
    endloop
  endfacet
  facet normal -0.704681 0.0584014 -0.707117
    outer loop
      vertex -19.3969 -3.0835 0
      vertex -19.9963 -3.05125 0.599999
      vertex -19.3836 -2.92302 0
    endloop
  endfacet
  facet normal -0.698728 0.104702 0.707684
    outer loop
      vertex -19.9505 -2.65736 83.051
      vertex -19.9799 -2.85356 83.051
      vertex -19.3601 -2.76599 83.65
    endloop
  endfacet
  facet normal -0.116322 0.697474 -0.707107
    outer loop
      vertex -17.3165 -0.821304 0
      vertex -17.5914 -0.258865 0.599999
      vertex -17.3957 -0.226227 0.599999
    endloop
  endfacet
  facet normal -0.355746 0.934583 0
    outer loop
      vertex -17.9741 -0.362564 0.599999
      vertex -18.1595 -0.433136 83.051
      vertex -17.9741 -0.362564 83.051
    endloop
  endfacet
  facet normal -0.355746 0.934583 0
    outer loop
      vertex -18.1595 -0.433136 83.051
      vertex -17.9741 -0.362564 0.599999
      vertex -18.1595 -0.433136 0.599999
    endloop
  endfacet
  facet normal 0.104815 0.698698 0.707697
    outer loop
      vertex 17.5426 -0.249496 83.051
      vertex 17.3465 -0.220078 83.051
      vertex 17.434 -0.83992 83.65
    endloop
  endfacet
  facet normal 0.0583123 0.704106 0.707696
    outer loop
      vertex 17.3465 -0.220078 83.051
      vertex 17.1488 -0.203705 83.051
      vertex 17.277 -0.816376 83.65
    endloop
  endfacet
  facet normal 0.0248109 0.999692 -0
    outer loop
      vertex 17.1488 -0.203705 0.599999
      vertex 17 -0.200012 83.051
      vertex 17.1488 -0.203705 83.051
    endloop
  endfacet
  facet normal 0.0248109 0.999692 0
    outer loop
      vertex 17 -0.200012 83.051
      vertex 17.1488 -0.203705 0.599999
      vertex 17 -0.200012 0.599999
    endloop
  endfacet
  facet normal 0.196272 0.679335 -0.707094
    outer loop
      vertex 17.7415 -0.91777 0
      vertex 17.7365 -0.291809 0.599999
      vertex 17.927 -0.346848 0.599999
    endloop
  endfacet
  facet normal 0.452642 -0.543171 -0.707164
    outer loop
      vertex 18.9951 -10.5405 0.599999
      vertex 18.474 -10.1936 0
      vertex 18.5958 -10.0921 0
    endloop
  endfacet
  facet normal 0.104903 0.69928 -0.707108
    outer loop
      vertex 17.434 -0.83992 0
      vertex 17.3465 -0.220078 0.599999
      vertex 17.5426 -0.249496 0.599999
    endloop
  endfacet
  facet normal -0.520315 0.478851 -0.707089
    outer loop
      vertex -18.8182 -1.63394 0
      vertex -19.2731 -1.24225 0.599999
      vertex -18.7108 -1.51724 0
    endloop
  endfacet
  facet normal 0.677431 0.735587 -0
    outer loop
      vertex 19.1037 -1.06123 0.599999
      vertex 18.9578 -0.926865 83.051
      vertex 19.1037 -1.06123 83.051
    endloop
  endfacet
  facet normal 0.677431 0.735587 0
    outer loop
      vertex 18.9578 -0.926865 83.051
      vertex 19.1037 -1.06123 0.599999
      vertex 18.9578 -0.926865 0.599999
    endloop
  endfacet
  facet normal -0.41522 0.571629 0.707695
    outer loop
      vertex -18.3455 -1.21307 83.65
      vertex -18.6821 -0.715988 83.051
      vertex -18.474 -1.30641 83.65
    endloop
  endfacet
  facet normal 0.543002 0.452026 0.707687
    outer loop
      vertex 19.2405 -1.20494 83.051
      vertex 18.8936 -1.72601 83.65
      vertex 19.3674 -1.35738 83.051
    endloop
  endfacet
  facet normal 0.401615 0.915809 -0
    outer loop
      vertex 18.2953 -0.494034 0.599999
      vertex 18.1136 -0.414352 83.051
      vertex 18.2953 -0.494034 83.051
    endloop
  endfacet
  facet normal 0.401615 0.915809 0
    outer loop
      vertex 18.1136 -0.414352 83.051
      vertex 18.2953 -0.494034 0.599999
      vertex 18.1136 -0.414352 0.599999
    endloop
  endfacet
  facet normal 0.688277 0.162187 -0.707086
    outer loop
      vertex 19.9411 -2.60866 0.599999
      vertex 19.3162 -2.57257 0
      vertex 19.8956 -2.41557 0.599999
    endloop
  endfacet
  facet normal -0.336384 0.621285 0.707708
    outer loop
      vertex -18.0717 -1.05293 83.65
      vertex -18.5143 -0.610245 83.051
      vertex -18.2112 -1.12846 83.65
    endloop
  endfacet
  facet normal 0 -0.706517 0.707696
    outer loop
      vertex -16.9931 -10.7 83.65
      vertex 17 -11.3 83.051
      vertex 16.9903 -10.7 83.65
    endloop
  endfacet
  facet normal 0 -0.706517 0.707696
    outer loop
      vertex 17 -11.3 83.051
      vertex -16.9931 -10.7 83.65
      vertex -17 -11.3 83.051
    endloop
  endfacet
  facet normal 0.336458 -0.621949 -0.70709
    outer loop
      vertex 18.3398 -10.9842 0.599999
      vertex 18.0717 -10.4471 0
      vertex 18.5143 -10.8898 0.599999
    endloop
  endfacet
  facet normal -0.603964 0.366551 0.707721
    outer loop
      vertex -19.0089 -1.88742 83.65
      vertex -19.6145 -1.72874 83.051
      vertex -19.0913 -2.02319 83.65
    endloop
  endfacet
  facet normal -0.443308 -0.550911 -0.707089
    outer loop
      vertex -18.4422 -10.2179 0
      vertex -18.9578 -10.5731 0.599999
      vertex -18.5661 -10.1182 0
    endloop
  endfacet
  facet normal -0.543189 -0.45262 -0.707163
    outer loop
      vertex -18.7921 -9.8958 0
      vertex -19.2405 -10.2951 0.599999
      vertex -18.8936 -9.77399 0
    endloop
  endfacet
  facet normal 0.879513 0.475875 0
    outer loop
      vertex 19.6842 -1.86018 83.051
      vertex 19.5898 -1.68571 0.599999
      vertex 19.5898 -1.68571 83.051
    endloop
  endfacet
  facet normal 0.879513 0.475875 0
    outer loop
      vertex 19.5898 -1.68571 0.599999
      vertex 19.6842 -1.86018 83.051
      vertex 19.6842 -1.86018 0.599999
    endloop
  endfacet
  facet normal -0.376604 0.597777 0.707695
    outer loop
      vertex -18.2112 -1.12846 83.65
      vertex -18.6821 -0.715988 83.051
      vertex -18.3455 -1.21307 83.65
    endloop
  endfacet
  facet normal 0.604467 -0.366857 -0.707132
    outer loop
      vertex 19.6145 -9.77126 0.599999
      vertex 19.0089 -9.61258 0
      vertex 19.0913 -9.47681 0
    endloop
  endfacet
  facet normal 0.116324 -0.697497 -0.707084
    outer loop
      vertex 17.5914 -11.2411 0.599999
      vertex 17.3165 -10.6787 0
      vertex 17.473 -10.6526 0
    endloop
  endfacet
  facet normal -0.550807 0.443439 -0.707089
    outer loop
      vertex -18.9179 -1.75778 0
      vertex -19.2731 -1.24225 0.599999
      vertex -18.8182 -1.63394 0
    endloop
  endfacet
  facet normal 0.116535 -0.697428 -0.707116
    outer loop
      vertex 17.3957 -11.2738 0.599999
      vertex 17.3165 -10.6787 0
      vertex 17.5914 -11.2411 0.599999
    endloop
  endfacet
  facet normal 0.703066 0.069808 0.70769
    outer loop
      vertex 19.9738 -2.80434 83.051
      vertex 19.3944 -3.04141 83.65
      vertex 19.9934 -3.00174 83.051
    endloop
  endfacet
  facet normal 0.690827 -0.150784 -0.707123
    outer loop
      vertex 19.9082 -9.03644 0.599999
      vertex 19.3262 -8.88913 0
      vertex 19.9505 -8.84264 0.599999
    endloop
  endfacet
  facet normal -0.104755 -0.698722 0.707682
    outer loop
      vertex -17.434 -10.6601 83.65
      vertex -17.5426 -11.2505 83.051
      vertex -17.3465 -11.2799 83.051
    endloop
  endfacet
  facet normal -0.0990745 0.99508 0
    outer loop
      vertex -17.1983 -0.206573 0.599999
      vertex -17.3957 -0.226227 83.051
      vertex -17.1983 -0.206573 83.051
    endloop
  endfacet
  facet normal -0.0990745 0.99508 0
    outer loop
      vertex -17.3957 -0.226227 83.051
      vertex -17.1983 -0.206573 0.599999
      vertex -17.3957 -0.226227 0.599999
    endloop
  endfacet
  facet normal -0.207167 0.675459 0.707699
    outer loop
      vertex -17.7844 -0.304382 83.051
      vertex -17.9741 -0.362564 83.051
      vertex -17.6274 -0.88382 83.65
    endloop
  endfacet
  facet normal -0.988959 0.148193 0
    outer loop
      vertex -19.9799 -2.85356 0.599999
      vertex -19.9505 -2.65736 83.051
      vertex -19.9505 -2.65736 0.599999
    endloop
  endfacet
  facet normal -0.988959 0.148193 0
    outer loop
      vertex -19.9505 -2.65736 83.051
      vertex -19.9799 -2.85356 0.599999
      vertex -19.9799 -2.85356 83.051
    endloop
  endfacet
  facet normal 0.642745 0.294765 -0.707101
    outer loop
      vertex 19.7669 -2.04051 0.599999
      vertex 19.1471 -2.12833 0
      vertex 19.6842 -1.86018 0.599999
    endloop
  endfacet
  facet normal 0.406123 0.578867 -0.70709
    outer loop
      vertex 18.8032 -0.802444 0.599999
      vertex 18.3126 -1.19115 0
      vertex 18.6408 -0.688507 0.599999
    endloop
  endfacet
  facet normal -0.724282 -0.689504 0
    outer loop
      vertex -19.1037 -10.4388 0.599999
      vertex -19.2405 -10.2951 83.051
      vertex -19.2405 -10.2951 0.599999
    endloop
  endfacet
  facet normal -0.724282 -0.689504 0
    outer loop
      vertex -19.2405 -10.2951 83.051
      vertex -19.1037 -10.4388 0.599999
      vertex -19.1037 -10.4388 83.051
    endloop
  endfacet
  facet normal -0.676014 -0.207445 -0.707087
    outer loop
      vertex -19.8374 -9.27409 0.599999
      vertex -19.8956 -9.08443 0.599999
      vertex -19.3162 -8.92743 0
    endloop
  endfacet
  facet normal 0.66082 0.251571 -0.707127
    outer loop
      vertex 19.2696 -2.42072 0
      vertex 19.2132 -2.27257 0
      vertex 19.7669 -2.04051 0.599999
    endloop
  endfacet
  facet normal -0.689375 0.724405 0
    outer loop
      vertex -18.9951 -0.959549 0.599999
      vertex -19.1388 -1.0963 83.051
      vertex -18.9951 -0.959549 83.051
    endloop
  endfacet
  facet normal -0.689375 0.724405 0
    outer loop
      vertex -19.1388 -1.0963 83.051
      vertex -18.9951 -0.959549 0.599999
      vertex -19.1388 -1.0963 0.599999
    endloop
  endfacet
  facet normal 0.325954 0.626822 0.707707
    outer loop
      vertex 18.2953 -0.494034 83.051
      vertex 18.036 -1.03549 83.65
      vertex 18.4713 -0.585556 83.051
    endloop
  endfacet
  facet normal -0.679349 0.196035 -0.707146
    outer loop
      vertex -19.2822 -2.45853 0
      vertex -19.9082 -2.46356 0.599999
      vertex -19.8532 -2.27296 0.599999
    endloop
  endfacet
  facet normal -0.578449 0.405698 0.707677
    outer loop
      vertex -19.3976 -1.39677 83.051
      vertex -19.5115 -1.55917 83.051
      vertex -19.0089 -1.88742 83.65
    endloop
  endfacet
  facet normal 0.478881 0.520251 -0.707115
    outer loop
      vertex 18.6828 -1.48924 0
      vertex 18.5661 -1.38182 0
      vertex 18.9578 -0.926865 0.599999
    endloop
  endfacet
  facet normal -0.5506 0.44363 -0.70713
    outer loop
      vertex -18.9179 -1.75778 0
      vertex -19.3976 -1.39677 0.599999
      vertex -19.2731 -1.24225 0.599999
    endloop
  endfacet
  facet normal -0.452184 0.542835 0.707715
    outer loop
      vertex -18.474 -1.30641 83.65
      vertex -18.9951 -0.959549 83.051
      vertex -18.5958 -1.40787 83.65
    endloop
  endfacet
  facet normal 0.366776 0.603866 0.707687
    outer loop
      vertex 18.4713 -0.585556 83.051
      vertex 18.3126 -1.19115 83.65
      vertex 18.6408 -0.688507 83.051
    endloop
  endfacet
  facet normal -0.660269 -0.251361 0.707716
    outer loop
      vertex -19.2696 -9.07928 83.65
      vertex -19.7669 -9.45949 83.051
      vertex -19.2132 -9.22743 83.65
    endloop
  endfacet
  facet normal -0.519882 0.478451 0.707677
    outer loop
      vertex -18.7108 -1.51724 83.65
      vertex -19.2731 -1.24225 83.051
      vertex -18.8182 -1.63394 83.65
    endloop
  endfacet
  facet normal 0.698728 -0.104702 0.707684
    outer loop
      vertex 19.9799 -8.64644 83.051
      vertex 19.3601 -8.73401 83.65
      vertex 19.9505 -8.84264 83.051
    endloop
  endfacet
  facet normal -0.487061 0.511811 0.707686
    outer loop
      vertex -18.9951 -0.959549 83.051
      vertex -19.1388 -1.0963 83.051
      vertex -18.7108 -1.51724 83.65
    endloop
  endfacet
  facet normal -0.707106 0 -0.707107
    outer loop
      vertex -20 -8.29999 0.599999
      vertex -19.4 -3.20691 0
      vertex -19.4 -8.29028 0
    endloop
  endfacet
  facet normal -0.707106 0 -0.707107
    outer loop
      vertex -19.4 -3.20691 0
      vertex -20 -8.29999 0.599999
      vertex -20 -3.20001 0.599999
    endloop
  endfacet
  facet normal -0.934703 -0.355429 0
    outer loop
      vertex -19.7669 -9.45949 0.599999
      vertex -19.8374 -9.27409 83.051
      vertex -19.8374 -9.27409 0.599999
    endloop
  endfacet
  facet normal -0.934703 -0.355429 0
    outer loop
      vertex -19.8374 -9.27409 83.051
      vertex -19.7669 -9.45949 0.599999
      vertex -19.7669 -9.45949 83.051
    endloop
  endfacet
  facet normal 0.512176 0.487549 -0.707086
    outer loop
      vertex 19.2405 -1.20494 0.599999
      vertex 18.6828 -1.48924 0
      vertex 19.1037 -1.06123 0.599999
    endloop
  endfacet
  facet normal -0.66487 0.240598 -0.707149
    outer loop
      vertex -19.2822 -2.45853 0
      vertex -19.8532 -2.27296 0.599999
      vertex -19.7857 -2.08643 0.599999
    endloop
  endfacet
  facet normal 0.150812 0.690836 -0.707108
    outer loop
      vertex 17.5891 -0.873779 0
      vertex 17.434 -0.83992 0
      vertex 17.5426 -0.249496 0.599999
    endloop
  endfacet
  facet normal -0.999446 -0.0332695 0
    outer loop
      vertex -19.9934 -8.49826 0.599999
      vertex -20 -8.29999 83.051
      vertex -20 -8.29999 0.599999
    endloop
  endfacet
  facet normal -0.999446 -0.0332695 0
    outer loop
      vertex -20 -8.29999 83.051
      vertex -19.9934 -8.49826 0.599999
      vertex -19.9934 -8.49826 83.051
    endloop
  endfacet
  facet normal -0.376982 0.598221 -0.707118
    outer loop
      vertex -18.2112 -1.12846 0
      vertex -18.6821 -0.715988 0.599999
      vertex -18.5143 -0.610245 0.599999
    endloop
  endfacet
  facet normal 0.699311 -0.10479 -0.707095
    outer loop
      vertex 19.9505 -8.84264 0.599999
      vertex 19.3601 -8.73401 0
      vertex 19.9799 -8.64644 0.599999
    endloop
  endfacet
  facet normal -0.0584563 -0.704683 -0.70711
    outer loop
      vertex -17.1488 -11.2963 0.599999
      vertex -17.3465 -11.2799 0.599999
      vertex -17.277 -10.6836 0
    endloop
  endfacet
  facet normal 0.366591 0.603943 0.707717
    outer loop
      vertex 18.4713 -0.585556 83.051
      vertex 18.1768 -1.10872 83.65
      vertex 18.3126 -1.19115 83.65
    endloop
  endfacet
  facet normal 0.294565 -0.642202 0.707678
    outer loop
      vertex 18.3398 -10.9842 83.051
      vertex 18.0717 -10.4471 83.65
      vertex 18.1595 -11.0669 83.051
    endloop
  endfacet
  facet normal -0.696843 -0.116449 0.707707
    outer loop
      vertex -19.3787 -8.61644 83.65
      vertex -19.9738 -8.69566 83.051
      vertex -19.9411 -8.89134 83.051
    endloop
  endfacet
  facet normal -0.150864 -0.690238 0.70768
    outer loop
      vertex -17.434 -10.6601 83.65
      vertex -17.5891 -10.6262 83.65
      vertex -17.5426 -11.2505 83.051
    endloop
  endfacet
  facet normal -0.401268 -0.915961 0
    outer loop
      vertex -18.2953 -11.006 0.599999
      vertex -18.1136 -11.0856 83.051
      vertex -18.2953 -11.006 83.051
    endloop
  endfacet
  facet normal -0.401268 -0.915961 -0
    outer loop
      vertex -18.1136 -11.0856 83.051
      vertex -18.2953 -11.006 0.599999
      vertex -18.1136 -11.0856 0.599999
    endloop
  endfacet
  facet normal 0.251125 -0.660404 0.707674
    outer loop
      vertex 18.1595 -11.0669 83.051
      vertex 17.7793 -10.5696 83.65
      vertex 17.9741 -11.1374 83.051
    endloop
  endfacet
  facet normal -0.512162 -0.48757 -0.707083
    outer loop
      vertex -19.1037 -10.4388 0.599999
      vertex -19.2405 -10.2951 0.599999
      vertex -18.6828 -10.0108 0
    endloop
  endfacet
  facet normal 0.647517 -0.284055 -0.707131
    outer loop
      vertex 19.706 -9.59525 0.599999
      vertex 19.1645 -9.33598 0
      vertex 19.7857 -9.41357 0.599999
    endloop
  endfacet
  facet normal 0.452265 -0.542718 0.707753
    outer loop
      vertex 18.5958 -10.0921 83.65
      vertex 18.474 -10.1936 83.65
      vertex 18.9951 -10.5405 83.051
    endloop
  endfacet
  facet normal -0.104586 -0.698722 0.707707
    outer loop
      vertex -17.277 -10.6836 83.65
      vertex -17.434 -10.6601 83.65
      vertex -17.3465 -11.2799 83.051
    endloop
  endfacet
  facet normal -0.956001 -0.293363 0
    outer loop
      vertex -19.8374 -9.27409 0.599999
      vertex -19.8956 -9.08443 83.051
      vertex -19.8956 -9.08443 0.599999
    endloop
  endfacet
  facet normal -0.956001 -0.293363 0
    outer loop
      vertex -19.8956 -9.08443 83.051
      vertex -19.8374 -9.27409 0.599999
      vertex -19.8374 -9.27409 83.051
    endloop
  endfacet
  facet normal -0.845953 -0.533257 0
    outer loop
      vertex -19.484 -9.98213 0.599999
      vertex -19.5898 -9.81429 83.051
      vertex -19.5898 -9.81429 0.599999
    endloop
  endfacet
  facet normal -0.845953 -0.533257 0
    outer loop
      vertex -19.5898 -9.81429 83.051
      vertex -19.484 -9.98213 0.599999
      vertex -19.484 -9.98213 83.051
    endloop
  endfacet
  facet normal -0.597647 -0.376734 0.707735
    outer loop
      vertex -19.0715 -9.51123 83.65
      vertex -19.5898 -9.81429 83.051
      vertex -19.484 -9.98213 83.051
    endloop
  endfacet
  facet normal -0.543093 -0.451925 0.707682
    outer loop
      vertex -18.8936 -9.77399 83.65
      vertex -19.3674 -10.1426 83.051
      vertex -19.2405 -10.2951 83.051
    endloop
  endfacet
  facet normal -0.571575 -0.415316 0.707683
    outer loop
      vertex -18.8936 -9.77399 83.65
      vertex -19.484 -9.98213 83.051
      vertex -19.3674 -10.1426 83.051
    endloop
  endfacet
  facet normal 0.207232 -0.675462 0.707676
    outer loop
      vertex 17.9741 -11.1374 83.051
      vertex 17.6274 -10.6162 83.65
      vertex 17.7844 -11.1956 83.051
    endloop
  endfacet
  facet normal -0.116354 0.697463 -0.707112
    outer loop
      vertex -17.473 -0.847412 0
      vertex -17.5914 -0.258865 0.599999
      vertex -17.3165 -0.821304 0
    endloop
  endfacet
  facet normal -0.487468 0.512238 -0.707098
    outer loop
      vertex -18.7108 -1.51724 0
      vertex -19.1388 -1.0963 0.599999
      vertex -18.9951 -0.959549 0.599999
    endloop
  endfacet
  facet normal -0.150708 -0.690833 -0.707133
    outer loop
      vertex -17.5426 -11.2505 0.599999
      vertex -17.7365 -11.2082 0.599999
      vertex -17.5891 -10.6262 0
    endloop
  endfacet
  facet normal -0.15099 -0.690814 -0.707091
    outer loop
      vertex -17.5426 -11.2505 0.599999
      vertex -17.5891 -10.6262 0
      vertex -17.434 -10.6601 0
    endloop
  endfacet
  facet normal -0.0175774 -0.706896 -0.707099
    outer loop
      vertex -17 -11.3 0.599999
      vertex -17.1488 -11.2963 0.599999
      vertex -16.9931 -10.7 0
    endloop
  endfacet
  facet normal -0.164504 0.986376 0
    outer loop
      vertex -17.3957 -0.226227 0.599999
      vertex -17.5914 -0.258865 83.051
      vertex -17.3957 -0.226227 83.051
    endloop
  endfacet
  facet normal -0.164504 0.986376 0
    outer loop
      vertex -17.5914 -0.258865 83.051
      vertex -17.3957 -0.226227 0.599999
      vertex -17.5914 -0.258865 0.599999
    endloop
  endfacet
  facet normal 0.104865 0.69928 -0.707114
    outer loop
      vertex 17.434 -0.83992 0
      vertex 17.277 -0.816376 0
      vertex 17.3465 -0.220078 0.599999
    endloop
  endfacet
  facet normal 0.213203 0.977008 -0
    outer loop
      vertex 17.7365 -0.291809 0.599999
      vertex 17.5426 -0.249496 83.051
      vertex 17.7365 -0.291809 83.051
    endloop
  endfacet
  facet normal 0.213203 0.977008 0
    outer loop
      vertex 17.5426 -0.249496 83.051
      vertex 17.7365 -0.291809 0.599999
      vertex 17.5426 -0.249496 0.599999
    endloop
  endfacet
  facet normal 0.376882 -0.598289 -0.707114
    outer loop
      vertex 18.6821 -10.784 0.599999
      vertex 18.2112 -10.3715 0
      vertex 18.3455 -10.2869 0
    endloop
  endfacet
  facet normal 0.326266 0.627315 -0.707125
    outer loop
      vertex 18.1768 -1.10872 0
      vertex 18.036 -1.03549 0
      vertex 18.4713 -0.585556 0.599999
    endloop
  endfacet
  facet normal 0.64749 -0.284155 -0.707115
    outer loop
      vertex 19.7857 -9.41357 0.599999
      vertex 19.1645 -9.33598 0
      vertex 19.2282 -9.19083 0
    endloop
  endfacet
  facet normal 0.572072 0.415624 -0.7071
    outer loop
      vertex 19.484 -1.51787 0.599999
      vertex 18.8936 -1.72601 0
      vertex 19.3674 -1.35738 0.599999
    endloop
  endfacet
  facet normal 0.543455 0.452404 -0.707098
    outer loop
      vertex 19.3674 -1.35738 0.599999
      vertex 18.8936 -1.72601 0
      vertex 19.2405 -1.20494 0.599999
    endloop
  endfacet
  facet normal 0.283913 0.647588 -0.707123
    outer loop
      vertex 18.036 -1.03549 0
      vertex 17.8908 -0.971832 0
      vertex 18.1136 -0.414352 0.599999
    endloop
  endfacet
  facet normal -0.660953 -0.251333 -0.707087
    outer loop
      vertex -19.7669 -9.45949 0.599999
      vertex -19.8374 -9.27409 0.599999
      vertex -19.2696 -9.07928 0
    endloop
  endfacet
  facet normal 0.487558 -0.51215 -0.7071
    outer loop
      vertex 18.9951 -10.5405 0.599999
      vertex 18.7108 -9.98276 0
      vertex 19.1388 -10.4037 0.599999
    endloop
  endfacet
  facet normal 0.52026 -0.478896 -0.707098
    outer loop
      vertex 19.1388 -10.4037 0.599999
      vertex 18.7108 -9.98276 0
      vertex 19.2731 -10.2578 0.599999
    endloop
  endfacet
  facet normal -0.703623 -0.0699834 -0.707118
    outer loop
      vertex -19.3787 -8.61644 0
      vertex -19.9738 -8.69566 0.599999
      vertex -19.3944 -8.45859 0
    endloop
  endfacet
  facet normal 0.24055 0.664947 -0.707093
    outer loop
      vertex 18.1136 -0.414352 0.599999
      vertex 17.7415 -0.91777 0
      vertex 17.927 -0.346848 0.599999
    endloop
  endfacet
  facet normal 0.415097 -0.571704 0.707706
    outer loop
      vertex 18.474 -10.1936 83.65
      vertex 18.3455 -10.2869 83.65
      vertex 18.6821 -10.784 83.051
    endloop
  endfacet
  facet normal 0.626969 0.779044 -0
    outer loop
      vertex 18.9578 -0.926865 0.599999
      vertex 18.8032 -0.802444 83.051
      vertex 18.9578 -0.926865 83.051
    endloop
  endfacet
  facet normal 0.626969 0.779044 0
    outer loop
      vertex 18.8032 -0.802444 83.051
      vertex 18.9578 -0.926865 0.599999
      vertex 18.8032 -0.802444 0.599999
    endloop
  endfacet
  facet normal 0.478628 0.519718 0.707678
    outer loop
      vertex 18.9578 -0.926865 83.051
      vertex 18.6828 -1.48924 83.65
      vertex 19.1037 -1.06123 83.051
    endloop
  endfacet
  facet normal 0.626847 -0.325871 0.707723
    outer loop
      vertex 19.706 -9.59525 83.051
      vertex 19.1645 -9.33598 83.65
      vertex 19.6145 -9.77126 83.051
    endloop
  endfacet
  facet normal -0.571669 -0.415136 0.707712
    outer loop
      vertex -18.9869 -9.64551 83.65
      vertex -19.484 -9.98213 83.051
      vertex -18.8936 -9.77399 83.65
    endloop
  endfacet
  facet normal 0.475812 -0.879547 0
    outer loop
      vertex 18.3398 -10.9842 0.599999
      vertex 18.5143 -10.8898 83.051
      vertex 18.3398 -10.9842 83.051
    endloop
  endfacet
  facet normal 0.475812 -0.879547 0
    outer loop
      vertex 18.5143 -10.8898 83.051
      vertex 18.3398 -10.9842 0.599999
      vertex 18.5143 -10.8898 0.599999
    endloop
  endfacet
  facet normal -0.572146 -0.415483 -0.707123
    outer loop
      vertex -18.8936 -9.77399 0
      vertex -19.484 -9.98213 0.599999
      vertex -18.9869 -9.64551 0
    endloop
  endfacet
  facet normal -0.604467 0.366857 -0.707132
    outer loop
      vertex -19.0913 -2.02319 0
      vertex -19.6145 -1.72874 0.599999
      vertex -19.0089 -1.88742 0
    endloop
  endfacet
  facet normal 0.340182 0.940359 -0
    outer loop
      vertex 18.1136 -0.414352 0.599999
      vertex 17.927 -0.346848 83.051
      vertex 18.1136 -0.414352 83.051
    endloop
  endfacet
  facet normal 0.340182 0.940359 0
    outer loop
      vertex 17.927 -0.346848 83.051
      vertex 18.1136 -0.414352 0.599999
      vertex 17.927 -0.346848 0.599999
    endloop
  endfacet
  facet normal 0.621702 0.336778 -0.707154
    outer loop
      vertex 19.1471 -2.12833 0
      vertex 19.0715 -1.98877 0
      vertex 19.5898 -1.68571 0.599999
    endloop
  endfacet
  facet normal 0.845953 0.533257 0
    outer loop
      vertex 19.5898 -1.68571 83.051
      vertex 19.484 -1.51787 0.599999
      vertex 19.484 -1.51787 83.051
    endloop
  endfacet
  facet normal 0.845953 0.533257 0
    outer loop
      vertex 19.484 -1.51787 0.599999
      vertex 19.5898 -1.68571 83.051
      vertex 19.5898 -1.68571 0.599999
    endloop
  endfacet
  facet normal 0.64221 0.29452 0.70769
    outer loop
      vertex 19.6842 -1.86018 83.051
      vertex 19.1471 -2.12833 83.65
      vertex 19.7669 -2.04051 83.051
    endloop
  endfacet
  facet normal 0.0698078 -0.703065 0.707691
    outer loop
      vertex 17.3957 -11.2738 83.051
      vertex 17.1586 -10.6944 83.65
      vertex 17.1983 -11.2934 83.051
    endloop
  endfacet
  facet normal -0.550348 0.443069 0.707677
    outer loop
      vertex -18.8182 -1.63394 83.65
      vertex -19.2731 -1.24225 83.051
      vertex -18.9179 -1.75778 83.65
    endloop
  endfacet
  facet normal 0.690251 -0.150658 0.707712
    outer loop
      vertex 19.9505 -8.84264 83.051
      vertex 19.3262 -8.88913 83.65
      vertex 19.9082 -9.03644 83.051
    endloop
  endfacet
  facet normal -0.642801 -0.294573 -0.70713
    outer loop
      vertex -19.1471 -9.37167 0
      vertex -19.7669 -9.45949 0.599999
      vertex -19.2132 -9.22743 0
    endloop
  endfacet
  facet normal -0.162286 0.688225 -0.707114
    outer loop
      vertex -17.473 -0.847412 0
      vertex -17.6274 -0.88382 0
      vertex -17.5914 -0.258865 0.599999
    endloop
  endfacet
  facet normal 0.543201 0.45263 -0.707148
    outer loop
      vertex 18.8936 -1.72601 0
      vertex 18.7921 -1.6042 0
      vertex 19.2405 -1.20494 0.599999
    endloop
  endfacet
  facet normal 0.572146 0.415483 -0.707123
    outer loop
      vertex 18.9869 -1.85449 0
      vertex 18.8936 -1.72601 0
      vertex 19.484 -1.51787 0.599999
    endloop
  endfacet
  facet normal 0.533348 -0.845896 0
    outer loop
      vertex 18.5143 -10.8898 0.599999
      vertex 18.6821 -10.784 83.051
      vertex 18.5143 -10.8898 83.051
    endloop
  endfacet
  facet normal 0.533348 -0.845896 0
    outer loop
      vertex 18.6821 -10.784 83.051
      vertex 18.5143 -10.8898 0.599999
      vertex 18.6821 -10.784 0.599999
    endloop
  endfacet
  facet normal 0.587752 -0.809041 0
    outer loop
      vertex 18.6821 -10.784 0.599999
      vertex 18.8426 -10.6674 83.051
      vertex 18.6821 -10.784 83.051
    endloop
  endfacet
  facet normal 0.587752 -0.809041 0
    outer loop
      vertex 18.8426 -10.6674 83.051
      vertex 18.6821 -10.784 0.599999
      vertex 18.8426 -10.6674 0.599999
    endloop
  endfacet
  facet normal 0.854683 -0.51915 0
    outer loop
      vertex 19.5115 -9.94083 6.17
      vertex 19.6145 -9.77126 0.599999
      vertex 19.6145 -9.77126 6.17
    endloop
  endfacet
  facet normal 0.854683 -0.51915 0
    outer loop
      vertex 19.6145 -9.77126 0.599999
      vertex 19.5115 -9.94083 6.17
      vertex 19.5115 -9.94083 0.599999
    endloop
  endfacet
  facet normal 0.854683 -0.51915 0
    outer loop
      vertex 19.5115 -9.94083 83.051
      vertex 19.6145 -9.77126 77.6698
      vertex 19.6145 -9.77126 83.051
    endloop
  endfacet
  facet normal 0.854683 -0.51915 0
    outer loop
      vertex 19.6145 -9.77126 77.6698
      vertex 19.5115 -9.94083 83.051
      vertex 19.5115 -9.94083 77.5719
    endloop
  endfacet
  facet normal 0.854683 -0.51915 0
    outer loop
      vertex 19.5115 -9.94083 70.48
      vertex 19.6145 -9.77126 13.3598
      vertex 19.6145 -9.77126 70.48
    endloop
  endfacet
  facet normal 0.854683 -0.51915 0
    outer loop
      vertex 19.6145 -9.77126 13.3598
      vertex 19.5115 -9.94083 70.48
      vertex 19.5115 -9.94083 13.2619
    endloop
  endfacet
  facet normal 0.627397 -0.326105 -0.707127
    outer loop
      vertex 19.6145 -9.77126 0.599999
      vertex 19.0913 -9.47681 0
      vertex 19.1645 -9.33598 0
    endloop
  endfacet
  facet normal 0.664969 -0.240415 -0.707118
    outer loop
      vertex 19.7857 -9.41357 0.599999
      vertex 19.2282 -9.19083 0
      vertex 19.2822 -9.04147 0
    endloop
  endfacet
  facet normal 0.988959 -0.148193 0
    outer loop
      vertex 19.9505 -8.84264 6.17
      vertex 19.9799 -8.64644 0.599999
      vertex 19.9799 -8.64644 6.17
    endloop
  endfacet
  facet normal 0.988959 -0.148193 0
    outer loop
      vertex 19.9799 -8.64644 0.599999
      vertex 19.9505 -8.84264 6.17
      vertex 19.9505 -8.84264 0.599999
    endloop
  endfacet
  facet normal 0.988959 -0.148193 0
    outer loop
      vertex 19.9505 -8.84264 83.051
      vertex 19.9799 -8.64644 78.3192
      vertex 19.9799 -8.64644 83.051
    endloop
  endfacet
  facet normal 0.988959 -0.148193 0
    outer loop
      vertex 19.9799 -8.64644 78.3192
      vertex 19.9505 -8.84264 83.051
      vertex 19.9505 -8.84264 78.2059
    endloop
  endfacet
  facet normal 0.988959 -0.148193 0
    outer loop
      vertex 19.9505 -8.84264 70.48
      vertex 19.9799 -8.64644 14.0092
      vertex 19.9799 -8.64644 70.48
    endloop
  endfacet
  facet normal 0.988959 -0.148193 0
    outer loop
      vertex 19.9799 -8.64644 14.0092
      vertex 19.9505 -8.84264 70.48
      vertex 19.9505 -8.84264 13.8959
    endloop
  endfacet
  facet normal 0.0235021 -0.706132 0.70769
    outer loop
      vertex 17.1586 -10.6944 83.65
      vertex 17 -11.3 83.051
      vertex 17.1983 -11.2934 83.051
    endloop
  endfacet
  facet normal -0.116257 0.696882 0.7077
    outer loop
      vertex -17.3165 -0.821304 83.65
      vertex -17.5914 -0.258865 83.051
      vertex -17.473 -0.847412 83.65
    endloop
  endfacet
  facet normal -0.0699977 0.70304 0.707697
    outer loop
      vertex -17.1983 -0.206573 83.051
      vertex -17.3957 -0.226227 83.051
      vertex -17.1586 -0.805588 83.65
    endloop
  endfacet
  facet normal -0.207153 0.675465 0.707697
    outer loop
      vertex -17.6274 -0.88382 83.65
      vertex -17.9741 -0.362564 83.051
      vertex -17.7793 -0.930405 83.65
    endloop
  endfacet
  facet normal -0.251342 0.660302 0.707693
    outer loop
      vertex -17.9741 -0.362564 83.051
      vertex -18.1595 -0.433136 83.051
      vertex -17.7793 -0.930405 83.65
    endloop
  endfacet
  facet normal 0.578745 -0.406247 -0.707119
    outer loop
      vertex 19.3976 -10.1032 0.599999
      vertex 18.9179 -9.74222 0
      vertex 19.0089 -9.61258 0
    endloop
  endfacet
  facet normal 0.512425 0.487196 -0.70715
    outer loop
      vertex 18.7921 -1.6042 0
      vertex 18.6828 -1.48924 0
      vertex 19.2405 -1.20494 0.599999
    endloop
  endfacet
  facet normal -0.578737 0.406241 -0.70713
    outer loop
      vertex -19.0089 -1.88742 0
      vertex -19.3976 -1.39677 0.599999
      vertex -18.9179 -1.75778 0
    endloop
  endfacet
  facet normal -0.887269 0.461253 0
    outer loop
      vertex -19.706 -1.90475 0.599999
      vertex -19.6145 -1.72874 83.051
      vertex -19.6145 -1.72874 0.599999
    endloop
  endfacet
  facet normal -0.887269 0.461253 0
    outer loop
      vertex -19.6145 -1.72874 83.051
      vertex -19.706 -1.90475 0.599999
      vertex -19.706 -1.90475 83.051
    endloop
  endfacet
  facet normal -0.679326 0.196208 -0.70712
    outer loop
      vertex -19.3262 -2.61087 0
      vertex -19.9082 -2.46356 0.599999
      vertex -19.2822 -2.45853 0
    endloop
  endfacet
  facet normal -0.976999 0.213246 0
    outer loop
      vertex -19.9505 -2.65736 0.599999
      vertex -19.9082 -2.46356 83.051
      vertex -19.9082 -2.46356 0.599999
    endloop
  endfacet
  facet normal -0.976999 0.213246 0
    outer loop
      vertex -19.9082 -2.46356 83.051
      vertex -19.9505 -2.65736 0.599999
      vertex -19.9505 -2.65736 83.051
    endloop
  endfacet
  facet normal -0.058394 -0.704679 -0.707119
    outer loop
      vertex -17.1488 -11.2963 0.599999
      vertex -17.277 -10.6836 0
      vertex -17.1165 -10.6969 0
    endloop
  endfacet
  facet normal -0.64221 -0.29452 0.70769
    outer loop
      vertex -19.1471 -9.37167 83.65
      vertex -19.7669 -9.45949 83.051
      vertex -19.6842 -9.63982 83.051
    endloop
  endfacet
  facet normal -0.940325 0.340277 0
    outer loop
      vertex -19.8532 -2.27296 0.599999
      vertex -19.7857 -2.08643 83.051
      vertex -19.7857 -2.08643 0.599999
    endloop
  endfacet
  facet normal -0.940325 0.340277 0
    outer loop
      vertex -19.7857 -2.08643 83.051
      vertex -19.8532 -2.27296 0.599999
      vertex -19.8532 -2.27296 83.051
    endloop
  endfacet
  facet normal -0.735866 0.677128 0
    outer loop
      vertex -19.2731 -1.24225 0.599999
      vertex -19.1388 -1.0963 83.051
      vertex -19.1388 -1.0963 0.599999
    endloop
  endfacet
  facet normal -0.735866 0.677128 0
    outer loop
      vertex -19.1388 -1.0963 83.051
      vertex -19.2731 -1.24225 0.599999
      vertex -19.2731 -1.24225 83.051
    endloop
  endfacet
  facet normal 0.598258 0.376918 -0.707121
    outer loop
      vertex 19.0715 -1.98877 0
      vertex 18.9869 -1.85449 0
      vertex 19.484 -1.51787 0.599999
    endloop
  endfacet
  facet normal -0.578931 0.406036 -0.707088
    outer loop
      vertex -19.0089 -1.88742 0
      vertex -19.5115 -1.55917 0.599999
      vertex -19.3976 -1.39677 0.599999
    endloop
  endfacet
  facet normal 0.415444 -0.572181 -0.707117
    outer loop
      vertex 18.6821 -10.784 0.599999
      vertex 18.3455 -10.2869 0
      vertex 18.474 -10.1936 0
    endloop
  endfacet
  facet normal -0.0177577 -0.70687 -0.70712
    outer loop
      vertex -16.9931 -10.7 0
      vertex -17.1488 -11.2963 0.599999
      vertex -17.1165 -10.6969 0
    endloop
  endfacet
  facet normal -0.0584075 -0.704096 0.707699
    outer loop
      vertex -17.277 -10.6836 83.65
      vertex -17.3465 -11.2799 83.051
      vertex -17.1488 -11.2963 83.051
    endloop
  endfacet
  facet normal -0.195969 -0.678765 0.707725
    outer loop
      vertex -17.5891 -10.6262 83.65
      vertex -17.7415 -10.5822 83.65
      vertex -17.7365 -11.2082 83.051
    endloop
  endfacet
  facet normal -0.999691 0.0248646 0
    outer loop
      vertex -20 -3.20001 0.599999
      vertex -19.9963 -3.05125 83.051
      vertex -19.9963 -3.05125 0.599999
    endloop
  endfacet
  facet normal -0.999691 0.0248646 0
    outer loop
      vertex -19.9963 -3.05125 83.051
      vertex -20 -3.20001 0.599999
      vertex -20 -3.20001 83.051
    endloop
  endfacet
  facet normal -1 0 0
    outer loop
      vertex -20 -8.29999 0.599999
      vertex -20 -3.20001 83.051
      vertex -20 -3.20001 0.599999
    endloop
  endfacet
  facet normal -1 -0 0
    outer loop
      vertex -20 -3.20001 83.051
      vertex -20 -8.29999 0.599999
      vertex -20 -8.29999 83.051
    endloop
  endfacet
  facet normal -0.443121 -0.550253 0.707718
    outer loop
      vertex -18.4422 -10.2179 83.65
      vertex -18.9578 -10.5731 83.051
      vertex -18.8032 -10.6976 83.051
    endloop
  endfacet
  facet normal -0.626874 0.325834 0.707716
    outer loop
      vertex -19.0913 -2.02319 83.65
      vertex -19.6145 -1.72874 83.051
      vertex -19.1645 -2.16402 83.65
    endloop
  endfacet
  facet normal -0.626847 0.325871 0.707723
    outer loop
      vertex -19.6145 -1.72874 83.051
      vertex -19.706 -1.90475 83.051
      vertex -19.1645 -2.16402 83.65
    endloop
  endfacet
  facet normal -0.690238 0.150845 0.707684
    outer loop
      vertex -19.3262 -2.61087 83.65
      vertex -19.9505 -2.65736 83.051
      vertex -19.3601 -2.76599 83.65
    endloop
  endfacet
  facet normal 0.542748 0.452253 0.707737
    outer loop
      vertex 19.2405 -1.20494 83.051
      vertex 18.7921 -1.6042 83.65
      vertex 18.8936 -1.72601 83.65
    endloop
  endfacet
  facet normal 0.443345 0.550847 -0.707116
    outer loop
      vertex 18.5661 -1.38182 0
      vertex 18.4422 -1.2821 0
      vertex 18.9578 -0.926865 0.599999
    endloop
  endfacet
  facet normal -0.512496 -0.487094 -0.707168
    outer loop
      vertex -18.6828 -10.0108 0
      vertex -19.2405 -10.2951 0.599999
      vertex -18.7921 -9.8958 0
    endloop
  endfacet
  facet normal 0.697501 0.11631 -0.707081
    outer loop
      vertex 19.3787 -2.88356 0
      vertex 19.3526 -2.72704 0
      vertex 19.9411 -2.60866 0.599999
    endloop
  endfacet
  facet normal -0.688277 -0.162187 -0.707086
    outer loop
      vertex -19.8956 -9.08443 0.599999
      vertex -19.9411 -8.89134 0.599999
      vertex -19.3162 -8.92743 0
    endloop
  endfacet
  facet normal -0.0248579 -0.999691 0
    outer loop
      vertex -17.1488 -11.2963 0.599999
      vertex -17 -11.3 83.051
      vertex -17.1488 -11.2963 83.051
    endloop
  endfacet
  facet normal -0.0248579 -0.999691 -0
    outer loop
      vertex -17 -11.3 83.051
      vertex -17.1488 -11.2963 0.599999
      vertex -17 -11.3 0.599999
    endloop
  endfacet
  facet normal 0.519867 -0.478438 0.707697
    outer loop
      vertex 18.8182 -9.86606 83.65
      vertex 18.7108 -9.98276 83.65
      vertex 19.2731 -10.2578 83.051
    endloop
  endfacet
  facet normal -0.0233632 0.70613 0.707696
    outer loop
      vertex -17 -0.200012 83.051
      vertex -17.1983 -0.206573 83.051
      vertex -17.1586 -0.805588 83.65
    endloop
  endfacet
  facet normal -0.116225 0.696892 0.707695
    outer loop
      vertex -17.3957 -0.226227 83.051
      vertex -17.5914 -0.258865 83.051
      vertex -17.3165 -0.821304 83.65
    endloop
  endfacet
  facet normal -0.543546 -0.452302 -0.707093
    outer loop
      vertex -19.2405 -10.2951 0.599999
      vertex -19.3674 -10.1426 0.599999
      vertex -18.8936 -9.77399 0
    endloop
  endfacet
  facet normal -0.478449 -0.519879 0.707681
    outer loop
      vertex -18.6828 -10.0108 83.65
      vertex -18.9578 -10.5731 83.051
      vertex -18.5661 -10.1182 83.65
    endloop
  endfacet
  facet normal -0.697501 -0.11631 -0.707081
    outer loop
      vertex -19.3526 -8.77296 0
      vertex -19.9411 -8.89134 0.599999
      vertex -19.3787 -8.61644 0
    endloop
  endfacet
  facet normal 0.487189 -0.512409 -0.707166
    outer loop
      vertex 18.9951 -10.5405 0.599999
      vertex 18.5958 -10.0921 0
      vertex 18.7108 -9.98276 0
    endloop
  endfacet
  facet normal 0.415267 -0.571616 0.707678
    outer loop
      vertex 18.8426 -10.6674 83.051
      vertex 18.474 -10.1936 83.65
      vertex 18.6821 -10.784 83.051
    endloop
  endfacet
  facet normal -0.879513 -0.475875 0
    outer loop
      vertex -19.5898 -9.81429 0.599999
      vertex -19.6842 -9.63982 83.051
      vertex -19.6842 -9.63982 0.599999
    endloop
  endfacet
  facet normal -0.879513 -0.475875 0
    outer loop
      vertex -19.6842 -9.63982 83.051
      vertex -19.5898 -9.81429 0.599999
      vertex -19.5898 -9.81429 83.051
    endloop
  endfacet
  facet normal -0.621702 -0.336778 -0.707154
    outer loop
      vertex -19.0715 -9.51123 0
      vertex -19.5898 -9.81429 0.599999
      vertex -19.1471 -9.37167 0
    endloop
  endfacet
  facet normal -0.598146 -0.377048 -0.707147
    outer loop
      vertex -19.484 -9.98213 0.599999
      vertex -19.5898 -9.81429 0.599999
      vertex -19.0715 -9.51123 0
    endloop
  endfacet
  facet normal 0.675446 0.207282 0.707677
    outer loop
      vertex 19.8374 -2.22591 83.051
      vertex 19.2696 -2.42072 83.65
      vertex 19.3162 -2.57257 83.65
    endloop
  endfacet
  facet normal 0.597647 0.376734 0.707735
    outer loop
      vertex 19.484 -1.51787 83.051
      vertex 19.0715 -1.98877 83.65
      vertex 19.5898 -1.68571 83.051
    endloop
  endfacet
  facet normal 0.164808 -0.986326 0
    outer loop
      vertex 17.3957 -11.2738 0.599999
      vertex 17.5914 -11.2411 83.051
      vertex 17.3957 -11.2738 83.051
    endloop
  endfacet
  facet normal 0.164808 -0.986326 0
    outer loop
      vertex 17.5914 -11.2411 83.051
      vertex 17.3957 -11.2738 0.599999
      vertex 17.5914 -11.2411 0.599999
    endloop
  endfacet
  facet normal 0.0583556 0.704694 -0.707108
    outer loop
      vertex 17.277 -0.816376 0
      vertex 17.1165 -0.803085 0
      vertex 17.1488 -0.203705 0.599999
    endloop
  endfacet
  facet normal 0.377107 -0.598096 -0.707158
    outer loop
      vertex 18.5143 -10.8898 0.599999
      vertex 18.2112 -10.3715 0
      vertex 18.6821 -10.784 0.599999
    endloop
  endfacet
  facet normal 0.621184 0.336497 0.707743
    outer loop
      vertex 19.5898 -1.68571 83.051
      vertex 19.0715 -1.98877 83.65
      vertex 19.1471 -2.12833 83.65
    endloop
  endfacet
  facet normal 0.626874 -0.325834 0.707716
    outer loop
      vertex 19.1645 -9.33598 83.65
      vertex 19.0913 -9.47681 83.65
      vertex 19.6145 -9.77126 83.051
    endloop
  endfacet
  facet normal 0.0825348 0.996588 -0
    outer loop
      vertex 17.3465 -0.220078 0.599999
      vertex 17.1488 -0.203705 83.051
      vertex 17.3465 -0.220078 83.051
    endloop
  endfacet
  facet normal 0.0825348 0.996588 0
    outer loop
      vertex 17.1488 -0.203705 83.051
      vertex 17.3465 -0.220078 0.599999
      vertex 17.1488 -0.203705 0.599999
    endloop
  endfacet
  facet normal 0.277566 0.960707 -0
    outer loop
      vertex 17.927 -0.346848 0.599999
      vertex 17.7365 -0.291809 83.051
      vertex 17.927 -0.346848 83.051
    endloop
  endfacet
  facet normal 0.277566 0.960707 0
    outer loop
      vertex 17.7365 -0.291809 83.051
      vertex 17.927 -0.346848 0.599999
      vertex 17.7365 -0.291809 0.599999
    endloop
  endfacet
  facet normal 0.707106 0 -0.707107
    outer loop
      vertex 19.4 -8.29309 0
      vertex 20 -3.20001 0.599999
      vertex 20 -8.29999 0.599999
    endloop
  endfacet
  facet normal 0.707106 0 -0.707107
    outer loop
      vertex 20 -3.20001 0.599999
      vertex 19.4 -8.29309 0
      vertex 19.4 -3.20972 0
    endloop
  endfacet
  facet normal 0.724306 0.689479 0
    outer loop
      vertex 19.2405 -1.20494 83.051
      vertex 19.1037 -1.06123 0.599999
      vertex 19.1037 -1.06123 83.051
    endloop
  endfacet
  facet normal 0.724306 0.689479 0
    outer loop
      vertex 19.1037 -1.06123 0.599999
      vertex 19.2405 -1.20494 83.051
      vertex 19.2405 -1.20494 0.599999
    endloop
  endfacet
  facet normal 0.578263 -0.405908 0.707708
    outer loop
      vertex 19.0089 -9.61258 83.65
      vertex 18.9179 -9.74222 83.65
      vertex 19.3976 -10.1032 83.051
    endloop
  endfacet
  facet normal -0.415567 0.572106 -0.707106
    outer loop
      vertex -18.474 -1.30641 0
      vertex -18.6821 -0.715988 0.599999
      vertex -18.3455 -1.21307 0
    endloop
  endfacet
  facet normal -0.452413 0.543453 -0.707093
    outer loop
      vertex -18.474 -1.30641 0
      vertex -18.9951 -0.959549 0.599999
      vertex -18.8426 -0.832596 0.599999
    endloop
  endfacet
  facet normal -0.699311 0.104654 -0.707115
    outer loop
      vertex -19.3836 -2.92302 0
      vertex -19.9799 -2.85356 0.599999
      vertex -19.3601 -2.76599 0
    endloop
  endfacet
  facet normal -0.487284 0.512368 -0.707131
    outer loop
      vertex -18.7108 -1.51724 0
      vertex -18.9951 -0.959549 0.599999
      vertex -18.5958 -1.40787 0
    endloop
  endfacet
  facet normal -0.0233894 0.70672 -0.707106
    outer loop
      vertex -16.9903 -0.800018 0
      vertex -17.1586 -0.805588 0
      vertex -17 -0.200012 0.599999
    endloop
  endfacet
  facet normal -0.251633 0.660807 -0.707117
    outer loop
      vertex -17.9274 -0.986801 0
      vertex -18.1595 -0.433136 0.599999
      vertex -17.7793 -0.930405 0
    endloop
  endfacet
  facet normal 0.336883 -0.62163 -0.707168
    outer loop
      vertex 18.5143 -10.8898 0.599999
      vertex 18.0717 -10.4471 0
      vertex 18.2112 -10.3715 0
    endloop
  endfacet
  facet normal -0.697425 -0.116546 -0.707118
    outer loop
      vertex -19.9411 -8.89134 0.599999
      vertex -19.9738 -8.69566 0.599999
      vertex -19.3787 -8.61644 0
    endloop
  endfacet
  facet normal 0.574331 0.818623 -0
    outer loop
      vertex 18.8032 -0.802444 0.599999
      vertex 18.6408 -0.688507 83.051
      vertex 18.8032 -0.802444 83.051
    endloop
  endfacet
  facet normal 0.574331 0.818623 0
    outer loop
      vertex 18.6408 -0.688507 83.051
      vertex 18.8032 -0.802444 0.599999
      vertex 18.6408 -0.688507 0.599999
    endloop
  endfacet
  facet normal 0.0332645 -0.999447 0
    outer loop
      vertex 17 -11.3 0.599999
      vertex 17.1983 -11.2934 83.051
      vertex 17 -11.3 83.051
    endloop
  endfacet
  facet normal 0.0332645 -0.999447 0
    outer loop
      vertex 17.1983 -11.2934 83.051
      vertex 17 -11.3 0.599999
      vertex 17.1983 -11.2934 0.599999
    endloop
  endfacet
  facet normal 0.706517 0 0.707696
    outer loop
      vertex 19.4 -3.20972 83.65
      vertex 20 -8.29999 83.051
      vertex 20 -3.20001 83.051
    endloop
  endfacet
  facet normal 0.706517 0 0.707696
    outer loop
      vertex 20 -8.29999 83.051
      vertex 19.4 -3.20972 83.65
      vertex 19.4 -8.29309 83.65
    endloop
  endfacet
  facet normal 0.15063 0.690264 0.707705
    outer loop
      vertex 17.7365 -0.291809 83.051
      vertex 17.5426 -0.249496 83.051
      vertex 17.5891 -0.873779 83.65
    endloop
  endfacet
  facet normal 0.416915 -0.908945 0
    outer loop
      vertex 18.1595 -11.0669 0.599999
      vertex 18.3398 -10.9842 83.051
      vertex 18.1595 -11.0669 83.051
    endloop
  endfacet
  facet normal 0.416915 -0.908945 0
    outer loop
      vertex 18.3398 -10.9842 83.051
      vertex 18.1595 -11.0669 0.599999
      vertex 18.3398 -10.9842 0.599999
    endloop
  endfacet
  facet normal 0.294811 -0.642737 -0.707089
    outer loop
      vertex 18.1595 -11.0669 0.599999
      vertex 18.0717 -10.4471 0
      vertex 18.3398 -10.9842 0.599999
    endloop
  endfacet
  facet normal 0.642801 0.294573 -0.70713
    outer loop
      vertex 19.2132 -2.27257 0
      vertex 19.1471 -2.12833 0
      vertex 19.7669 -2.04051 0.599999
    endloop
  endfacet
  facet normal -0.688277 -0.162189 -0.707086
    outer loop
      vertex -19.3162 -8.92743 0
      vertex -19.9411 -8.89134 0.599999
      vertex -19.3526 -8.77296 0
    endloop
  endfacet
  facet normal -0.706282 0.0177415 0.707709
    outer loop
      vertex -19.3969 -3.0835 83.65
      vertex -19.9963 -3.05125 83.051
      vertex -19.4 -3.20691 83.65
    endloop
  endfacet
  facet normal -0.706517 0 0.707696
    outer loop
      vertex -20 -3.20001 83.051
      vertex -19.4 -8.29028 83.65
      vertex -19.4 -3.20691 83.65
    endloop
  endfacet
  facet normal -0.706517 0 0.707696
    outer loop
      vertex -19.4 -8.29028 83.65
      vertex -20 -3.20001 83.051
      vertex -20 -8.29999 83.051
    endloop
  endfacet
  facet normal 0.251432 -0.660232 0.707726
    outer loop
      vertex 17.9274 -10.5132 83.65
      vertex 17.7793 -10.5696 83.65
      vertex 18.1595 -11.0669 83.051
    endloop
  endfacet
  facet normal -0.512069 -0.486688 0.707757
    outer loop
      vertex -18.7921 -9.8958 83.65
      vertex -19.2405 -10.2951 83.051
      vertex -18.6828 -10.0108 83.65
    endloop
  endfacet
  facet normal 0.698728 -0.104567 0.707704
    outer loop
      vertex 19.3836 -8.57698 83.65
      vertex 19.3601 -8.73401 83.65
      vertex 19.9799 -8.64644 83.051
    endloop
  endfacet
  facet normal 0.604364 -0.367102 -0.707092
    outer loop
      vertex 19.5115 -9.94083 0.599999
      vertex 19.0089 -9.61258 0
      vertex 19.6145 -9.77126 0.599999
    endloop
  endfacet
  facet normal 0.66487 -0.240598 -0.707149
    outer loop
      vertex 19.7857 -9.41357 0.599999
      vertex 19.2822 -9.04147 0
      vertex 19.8532 -9.22704 0.599999
    endloop
  endfacet
  facet normal 0.679349 -0.196035 -0.707146
    outer loop
      vertex 19.8532 -9.22704 0.599999
      vertex 19.2822 -9.04147 0
      vertex 19.9082 -9.03644 0.599999
    endloop
  endfacet
  facet normal -0.0699751 0.703046 0.707694
    outer loop
      vertex -17.1586 -0.805588 83.65
      vertex -17.3957 -0.226227 83.051
      vertex -17.3165 -0.821304 83.65
    endloop
  endfacet
  facet normal -0.251423 0.660256 0.707706
    outer loop
      vertex -17.7793 -0.930405 83.65
      vertex -18.1595 -0.433136 83.051
      vertex -17.9274 -0.986801 83.65
    endloop
  endfacet
  facet normal -0.20734 0.676022 -0.70711
    outer loop
      vertex -17.6274 -0.88382 0
      vertex -17.9741 -0.362564 0.599999
      vertex -17.7844 -0.304382 0.599999
    endloop
  endfacet
  facet normal -0.16231 0.688223 -0.70711
    outer loop
      vertex -17.6274 -0.88382 0
      vertex -17.7844 -0.304382 0.599999
      vertex -17.5914 -0.258865 0.599999
    endloop
  endfacet
  facet normal -0.336665 0.621803 -0.707119
    outer loop
      vertex -18.2112 -1.12846 0
      vertex -18.5143 -0.610245 0.599999
      vertex -18.0717 -1.05293 0
    endloop
  endfacet
  facet normal -0.376918 0.598276 -0.707106
    outer loop
      vertex -18.3455 -1.21307 0
      vertex -18.6821 -0.715988 0.599999
      vertex -18.2112 -1.12846 0
    endloop
  endfacet
  facet normal 0.697425 0.116546 -0.707118
    outer loop
      vertex 19.9738 -2.80434 0.599999
      vertex 19.3787 -2.88356 0
      vertex 19.9411 -2.60866 0.599999
    endloop
  endfacet
  facet normal -0.698728 0.104567 0.707704
    outer loop
      vertex -19.3601 -2.76599 83.65
      vertex -19.9799 -2.85356 83.051
      vertex -19.3836 -2.92302 83.65
    endloop
  endfacet
  facet normal -0.598258 -0.376918 -0.707121
    outer loop
      vertex -18.9869 -9.64551 0
      vertex -19.484 -9.98213 0.599999
      vertex -19.0715 -9.51123 0
    endloop
  endfacet
  facet normal -0.443491 -0.550712 -0.707129
    outer loop
      vertex -18.8032 -10.6976 0.599999
      vertex -18.9578 -10.5731 0.599999
      vertex -18.4422 -10.2179 0
    endloop
  endfacet
  facet normal -0.62737 0.326142 -0.707134
    outer loop
      vertex -19.1645 -2.16402 0
      vertex -19.706 -1.90475 0.599999
      vertex -19.6145 -1.72874 0.599999
    endloop
  endfacet
  facet normal -0.646951 0.283918 0.707704
    outer loop
      vertex -19.1645 -2.16402 83.65
      vertex -19.7857 -2.08643 83.051
      vertex -19.2282 -2.30917 83.65
    endloop
  endfacet
  facet normal -0.646978 0.283818 0.70772
    outer loop
      vertex -19.706 -1.90475 83.051
      vertex -19.7857 -2.08643 83.051
      vertex -19.1645 -2.16402 83.65
    endloop
  endfacet
  facet normal 0.405851 0.578322 0.707693
    outer loop
      vertex 18.8032 -0.802444 83.051
      vertex 18.3126 -1.19115 83.65
      vertex 18.4422 -1.2821 83.65
    endloop
  endfacet
  facet normal -0.690827 0.150784 -0.707123
    outer loop
      vertex -19.3262 -2.61087 0
      vertex -19.9505 -2.65736 0.599999
      vertex -19.9082 -2.46356 0.599999
    endloop
  endfacet
  facet normal -0.675446 -0.207282 0.707677
    outer loop
      vertex -19.3162 -8.92743 83.65
      vertex -19.8374 -9.27409 83.051
      vertex -19.2696 -9.07928 83.65
    endloop
  endfacet
  facet normal 0.550333 -0.443057 0.707696
    outer loop
      vertex 18.9179 -9.74222 83.65
      vertex 18.8182 -9.86606 83.65
      vertex 19.2731 -10.2578 83.051
    endloop
  endfacet
  facet normal -0.778691 0.627408 0
    outer loop
      vertex -19.3976 -1.39677 0.599999
      vertex -19.2731 -1.24225 83.051
      vertex -19.2731 -1.24225 0.599999
    endloop
  endfacet
  facet normal -0.778691 0.627408 0
    outer loop
      vertex -19.2731 -1.24225 83.051
      vertex -19.3976 -1.39677 0.599999
      vertex -19.3976 -1.39677 83.051
    endloop
  endfacet
  facet normal -0.818711 0.574206 0
    outer loop
      vertex -19.5115 -1.55917 0.599999
      vertex -19.3976 -1.39677 83.051
      vertex -19.3976 -1.39677 0.599999
    endloop
  endfacet
  facet normal -0.818711 0.574206 0
    outer loop
      vertex -19.3976 -1.39677 83.051
      vertex -19.5115 -1.55917 0.599999
      vertex -19.5115 -1.55917 83.051
    endloop
  endfacet
  facet normal 0.70672 0.023514 -0.707102
    outer loop
      vertex 19.4 -3.20972 0
      vertex 19.3944 -3.04141 0
      vertex 20 -3.20001 0.599999
    endloop
  endfacet
  facet normal -0.627397 0.326105 -0.707127
    outer loop
      vertex -19.1645 -2.16402 0
      vertex -19.6145 -1.72874 0.599999
      vertex -19.0913 -2.02319 0
    endloop
  endfacet
  facet normal 0.366897 0.604447 -0.707128
    outer loop
      vertex 18.3126 -1.19115 0
      vertex 18.1768 -1.10872 0
      vertex 18.4713 -0.585556 0.599999
    endloop
  endfacet
  facet normal -0.66082 -0.251571 -0.707127
    outer loop
      vertex -19.2132 -9.22743 0
      vertex -19.7669 -9.45949 0.599999
      vertex -19.2696 -9.07928 0
    endloop
  endfacet
  facet normal 0.367082 0.604369 -0.707099
    outer loop
      vertex 18.6408 -0.688507 0.599999
      vertex 18.3126 -1.19115 0
      vertex 18.4713 -0.585556 0.599999
    endloop
  endfacet
  facet normal 0.0234958 -0.706131 0.707691
    outer loop
      vertex 17.1586 -10.6944 83.65
      vertex 16.9903 -10.7 83.65
      vertex 17 -11.3 83.051
    endloop
  endfacet
  facet normal 0.405785 0.578385 0.707679
    outer loop
      vertex 18.6408 -0.688507 83.051
      vertex 18.3126 -1.19115 83.65
      vertex 18.8032 -0.802444 83.051
    endloop
  endfacet
  facet normal -0.706131 -0.0234944 0.707691
    outer loop
      vertex -19.4 -8.29028 83.65
      vertex -20 -8.29999 83.051
      vertex -19.3944 -8.45859 83.65
    endloop
  endfacet
  facet normal -0.405987 -0.578197 0.707717
    outer loop
      vertex -18.4422 -10.2179 83.65
      vertex -18.8032 -10.6976 83.051
      vertex -18.3126 -10.3089 83.65
    endloop
  endfacet
  facet normal 0.116227 -0.696915 0.707673
    outer loop
      vertex 17.473 -10.6526 83.65
      vertex 17.3165 -10.6787 83.65
      vertex 17.5914 -11.2411 83.051
    endloop
  endfacet
  facet normal 0.442976 0.550388 0.707705
    outer loop
      vertex 18.9578 -0.926865 83.051
      vertex 18.4422 -1.2821 83.65
      vertex 18.5661 -1.38182 83.65
    endloop
  endfacet
  facet normal 0.550718 -0.443495 -0.707122
    outer loop
      vertex 19.2731 -10.2578 0.599999
      vertex 18.9179 -9.74222 0
      vertex 19.3976 -10.1032 0.599999
    endloop
  endfacet
  facet normal 0.40619 0.578804 -0.707104
    outer loop
      vertex 18.4422 -1.2821 0
      vertex 18.3126 -1.19115 0
      vertex 18.8032 -0.802444 0.599999
    endloop
  endfacet
  facet normal -0.283852 -0.647022 0.707666
    outer loop
      vertex -18.036 -10.4645 83.65
      vertex -18.1136 -11.0856 83.051
      vertex -17.8908 -10.5282 83.65
    endloop
  endfacet
  facet normal -0.406046 -0.578945 -0.707071
    outer loop
      vertex -18.6408 -10.8115 0.599999
      vertex -18.8032 -10.6976 0.599999
      vertex -18.3126 -10.3089 0
    endloop
  endfacet
  facet normal -0.325906 -0.626879 0.707678
    outer loop
      vertex -18.1768 -10.3913 83.65
      vertex -18.4713 -10.9144 83.051
      vertex -18.036 -10.4645 83.65
    endloop
  endfacet
  facet normal -0.240639 -0.664248 0.70772
    outer loop
      vertex -17.7415 -10.5822 83.65
      vertex -18.1136 -11.0856 83.051
      vertex -17.927 -11.1532 83.051
    endloop
  endfacet
  facet normal -0.34061 -0.940205 0
    outer loop
      vertex -18.1136 -11.0856 0.599999
      vertex -17.927 -11.1532 83.051
      vertex -18.1136 -11.0856 83.051
    endloop
  endfacet
  facet normal -0.34061 -0.940205 -0
    outer loop
      vertex -17.927 -11.1532 83.051
      vertex -18.1136 -11.0856 0.599999
      vertex -17.927 -11.1532 0.599999
    endloop
  endfacet
  facet normal -0.478508 -0.519838 0.707671
    outer loop
      vertex -18.6828 -10.0108 83.65
      vertex -19.1037 -10.4388 83.051
      vertex -18.9578 -10.5731 83.051
    endloop
  endfacet
  facet normal -0.240514 -0.664978 -0.707077
    outer loop
      vertex -17.7415 -10.5822 0
      vertex -18.1136 -11.0856 0.599999
      vertex -17.8908 -10.5282 0
    endloop
  endfacet
  facet normal -0.240839 -0.664802 -0.707131
    outer loop
      vertex -17.927 -11.1532 0.599999
      vertex -18.1136 -11.0856 0.599999
      vertex -17.7415 -10.5822 0
    endloop
  endfacet
  facet normal 0.442961 0.550404 0.707702
    outer loop
      vertex 18.8032 -0.802444 83.051
      vertex 18.4422 -1.2821 83.65
      vertex 18.9578 -0.926865 83.051
    endloop
  endfacet
  facet normal -0.542736 -0.452243 0.707752
    outer loop
      vertex -18.8936 -9.77399 83.65
      vertex -19.2405 -10.2951 83.051
      vertex -18.7921 -9.8958 83.65
    endloop
  endfacet
  facet normal -0.148266 -0.988947 0
    outer loop
      vertex -17.5426 -11.2505 0.599999
      vertex -17.3465 -11.2799 83.051
      vertex -17.5426 -11.2505 83.051
    endloop
  endfacet
  facet normal -0.148266 -0.988947 -0
    outer loop
      vertex -17.3465 -11.2799 83.051
      vertex -17.5426 -11.2505 0.599999
      vertex -17.3465 -11.2799 0.599999
    endloop
  endfacet
  facet normal -0.808989 -0.587824 0
    outer loop
      vertex -19.3674 -10.1426 0.599999
      vertex -19.484 -9.98213 83.051
      vertex -19.484 -9.98213 0.599999
    endloop
  endfacet
  facet normal -0.808989 -0.587824 0
    outer loop
      vertex -19.484 -9.98213 83.051
      vertex -19.3674 -10.1426 0.599999
      vertex -19.3674 -10.1426 83.051
    endloop
  endfacet
  facet normal -0.647517 0.284055 -0.707131
    outer loop
      vertex -19.1645 -2.16402 0
      vertex -19.7857 -2.08643 0.599999
      vertex -19.706 -1.90475 0.599999
    endloop
  endfacet
  facet normal -0.511735 -0.487163 0.707672
    outer loop
      vertex -18.6828 -10.0108 83.65
      vertex -19.2405 -10.2951 83.051
      vertex -19.1037 -10.4388 83.051
    endloop
  endfacet
  facet normal -0.908972 -0.416858 0
    outer loop
      vertex -19.6842 -9.63982 0.599999
      vertex -19.7669 -9.45949 83.051
      vertex -19.7669 -9.45949 0.599999
    endloop
  endfacet
  facet normal -0.908972 -0.416858 0
    outer loop
      vertex -19.7669 -9.45949 83.051
      vertex -19.6842 -9.63982 0.599999
      vertex -19.6842 -9.63982 83.051
    endloop
  endfacet
  facet normal -0.642745 -0.294765 -0.707101
    outer loop
      vertex -19.6842 -9.63982 0.599999
      vertex -19.7669 -9.45949 0.599999
      vertex -19.1471 -9.37167 0
    endloop
  endfacet
  facet normal 0.478482 0.519818 0.707704
    outer loop
      vertex 18.9578 -0.926865 83.051
      vertex 18.5661 -1.38182 83.65
      vertex 18.6828 -1.48924 83.65
    endloop
  endfacet
  facet normal 0.376792 -0.597597 0.707747
    outer loop
      vertex 18.6821 -10.784 83.051
      vertex 18.2112 -10.3715 83.65
      vertex 18.5143 -10.8898 83.051
    endloop
  endfacet
  facet normal 0.162123 -0.687685 0.707676
    outer loop
      vertex 17.6274 -10.6162 83.65
      vertex 17.5914 -11.2411 83.051
      vertex 17.7844 -11.1956 83.051
    endloop
  endfacet
  facet normal 0.229461 -0.973318 0
    outer loop
      vertex 17.5914 -11.2411 0.599999
      vertex 17.7844 -11.1956 83.051
      vertex 17.5914 -11.2411 83.051
    endloop
  endfacet
  facet normal 0.229461 -0.973318 0
    outer loop
      vertex 17.7844 -11.1956 83.051
      vertex 17.5914 -11.2411 0.599999
      vertex 17.7844 -11.1956 0.599999
    endloop
  endfacet
  facet normal -0.687703 -0.162051 0.707675
    outer loop
      vertex -19.3162 -8.92743 83.65
      vertex -19.9411 -8.89134 83.051
      vertex -19.8956 -9.08443 83.051
    endloop
  endfacet
  facet normal -0.0233699 0.706131 0.707695
    outer loop
      vertex -17 -0.200012 83.051
      vertex -17.1586 -0.805588 83.65
      vertex -16.9903 -0.800018 83.65
    endloop
  endfacet
  facet normal -0.675451 -0.207272 0.707676
    outer loop
      vertex -19.3162 -8.92743 83.65
      vertex -19.8956 -9.08443 83.051
      vertex -19.8374 -9.27409 83.051
    endloop
  endfacet
  facet normal 0.973342 0.22936 0
    outer loop
      vertex 19.9411 -2.60866 83.051
      vertex 19.8956 -2.41557 0.599999
      vertex 19.8956 -2.41557 83.051
    endloop
  endfacet
  facet normal 0.973342 0.22936 0
    outer loop
      vertex 19.8956 -2.41557 0.599999
      vertex 19.9411 -2.60866 83.051
      vertex 19.9411 -2.60866 0.599999
    endloop
  endfacet
  facet normal -0.405707 -0.578462 0.70766
    outer loop
      vertex -18.3126 -10.3089 83.65
      vertex -18.8032 -10.6976 83.051
      vertex -18.6408 -10.8115 83.051
    endloop
  endfacet
  facet normal 0.660269 0.251361 0.707716
    outer loop
      vertex 19.7669 -2.04051 83.051
      vertex 19.2132 -2.27257 83.65
      vertex 19.2696 -2.42072 83.65
    endloop
  endfacet
  facet normal 0.690238 -0.150845 0.707684
    outer loop
      vertex 19.3601 -8.73401 83.65
      vertex 19.3262 -8.88913 83.65
      vertex 19.9505 -8.84264 83.051
    endloop
  endfacet
  facet normal 0.995107 0.0988049 0
    outer loop
      vertex 19.9934 -3.00174 83.051
      vertex 19.9738 -2.80434 0.599999
      vertex 19.9738 -2.80434 83.051
    endloop
  endfacet
  facet normal 0.995107 0.0988049 0
    outer loop
      vertex 19.9738 -2.80434 0.599999
      vertex 19.9934 -3.00174 83.051
      vertex 19.9934 -3.00174 0.599999
    endloop
  endfacet
  facet normal 0.706131 0.0234944 0.707691
    outer loop
      vertex 20 -3.20001 83.051
      vertex 19.3944 -3.04141 83.65
      vertex 19.4 -3.20972 83.65
    endloop
  endfacet
  facet normal 0.195936 0.678791 0.707708
    outer loop
      vertex 17.7365 -0.291809 83.051
      vertex 17.5891 -0.873779 83.65
      vertex 17.7415 -0.91777 83.65
    endloop
  endfacet
  facet normal 0.678783 -0.195871 0.707734
    outer loop
      vertex 19.9082 -9.03644 83.051
      vertex 19.2822 -9.04147 83.65
      vertex 19.8532 -9.22704 83.051
    endloop
  endfacet
  facet normal 0.940325 -0.340277 0
    outer loop
      vertex 19.7857 -9.41357 83.051
      vertex 19.8532 -9.22704 77.984
      vertex 19.8532 -9.22704 83.051
    endloop
  endfacet
  facet normal 0.940325 -0.340277 0
    outer loop
      vertex 19.8532 -9.22704 77.984
      vertex 19.7857 -9.41357 83.051
      vertex 19.7857 -9.41357 77.8763
    endloop
  endfacet
  facet normal 0.940325 -0.340277 0
    outer loop
      vertex 19.7857 -9.41357 6.17
      vertex 19.8532 -9.22704 0.599999
      vertex 19.8532 -9.22704 6.17
    endloop
  endfacet
  facet normal 0.940325 -0.340277 0
    outer loop
      vertex 19.8532 -9.22704 0.599999
      vertex 19.7857 -9.41357 6.17
      vertex 19.7857 -9.41357 0.599999
    endloop
  endfacet
  facet normal 0.940325 -0.340277 0
    outer loop
      vertex 19.7857 -9.41357 70.48
      vertex 19.8532 -9.22704 13.674
      vertex 19.8532 -9.22704 70.48
    endloop
  endfacet
  facet normal 0.940325 -0.340277 0
    outer loop
      vertex 19.8532 -9.22704 13.674
      vertex 19.7857 -9.41357 70.48
      vertex 19.7857 -9.41357 13.5663
    endloop
  endfacet
  facet normal -0.0177429 -0.706281 0.707709
    outer loop
      vertex -17.1165 -10.6969 83.65
      vertex -17.1488 -11.2963 83.051
      vertex -16.9931 -10.7 83.65
    endloop
  endfacet
  facet normal 0.451927 -0.543096 0.707678
    outer loop
      vertex 18.9951 -10.5405 83.051
      vertex 18.474 -10.1936 83.65
      vertex 18.8426 -10.6674 83.051
    endloop
  endfacet
  facet normal 0.703653 0.0698662 -0.707101
    outer loop
      vertex 19.9934 -3.00174 0.599999
      vertex 19.3944 -3.04141 0
      vertex 19.9738 -2.80434 0.599999
    endloop
  endfacet
  facet normal 0.706722 0.0235253 -0.7071
    outer loop
      vertex 20 -3.20001 0.599999
      vertex 19.3944 -3.04141 0
      vertex 19.9934 -3.00174 0.599999
    endloop
  endfacet
  facet normal -0.996577 0.0826742 0
    outer loop
      vertex -19.9963 -3.05125 0.599999
      vertex -19.9799 -2.85356 83.051
      vertex -19.9799 -2.85356 0.599999
    endloop
  endfacet
  facet normal -0.996577 0.0826742 0
    outer loop
      vertex -19.9799 -2.85356 83.051
      vertex -19.9963 -3.05125 0.599999
      vertex -19.9963 -3.05125 83.051
    endloop
  endfacet
  facet normal -0.960798 0.27725 0
    outer loop
      vertex -19.9082 -2.46356 0.599999
      vertex -19.8532 -2.27296 83.051
      vertex -19.8532 -2.27296 0.599999
    endloop
  endfacet
  facet normal -0.960798 0.27725 0
    outer loop
      vertex -19.8532 -2.27296 83.051
      vertex -19.9082 -2.46356 0.599999
      vertex -19.9082 -2.46356 83.051
    endloop
  endfacet
  facet normal 0.706133 0.0235057 0.707689
    outer loop
      vertex 19.9934 -3.00174 83.051
      vertex 19.3944 -3.04141 83.65
      vertex 20 -3.20001 83.051
    endloop
  endfacet
  facet normal 0 0 -1
    outer loop
      vertex 16.9903 -10.7 0
      vertex 19.4 -8.29309 0
      vertex 19.3969 -8.4165 0
    endloop
  endfacet
  facet normal 0 0 -1
    outer loop
      vertex 19.4 -8.29309 0
      vertex 17.5 -4.2 0
      vertex 19.4 -3.20972 0
    endloop
  endfacet
  facet normal 0 0 -1
    outer loop
      vertex 16.9903 -10.7 0
      vertex 19.3969 -8.4165 0
      vertex 19.3836 -8.57698 0
    endloop
  endfacet
  facet normal -0 0 -1
    outer loop
      vertex 19.4 -3.20972 0
      vertex 17.5 -4.2 0
      vertex 19.3944 -3.04141 0
    endloop
  endfacet
  facet normal 0 0 -1
    outer loop
      vertex 16.9903 -10.7 0
      vertex 19.3836 -8.57698 0
      vertex 19.3601 -8.73401 0
    endloop
  endfacet
  facet normal -0 0 -1
    outer loop
      vertex 19.3944 -3.04141 0
      vertex 17.5 -4.2 0
      vertex 19.3787 -2.88356 0
    endloop
  endfacet
  facet normal 0 0 -1
    outer loop
      vertex 16.9903 -10.7 0
      vertex 19.3601 -8.73401 0
      vertex 19.3262 -8.88913 0
    endloop
  endfacet
  facet normal -0 0 -1
    outer loop
      vertex 19.3787 -2.88356 0
      vertex 17.5 -4.2 0
      vertex 19.3526 -2.72704 0
    endloop
  endfacet
  facet normal 0 0 -1
    outer loop
      vertex 16.9903 -10.7 0
      vertex 19.3262 -8.88913 0
      vertex 19.2822 -9.04147 0
    endloop
  endfacet
  facet normal -0 0 -1
    outer loop
      vertex 19.3526 -2.72704 0
      vertex 17.5 -4.2 0
      vertex 19.3162 -2.57257 0
    endloop
  endfacet
  facet normal 0 0 -1
    outer loop
      vertex 16.9903 -10.7 0
      vertex 19.2822 -9.04147 0
      vertex 19.2282 -9.19083 0
    endloop
  endfacet
  facet normal -0 0 -1
    outer loop
      vertex 19.3162 -2.57257 0
      vertex 17.5 -4.2 0
      vertex 19.2696 -2.42072 0
    endloop
  endfacet
  facet normal 0 0 -1
    outer loop
      vertex 16.9903 -10.7 0
      vertex 19.2282 -9.19083 0
      vertex 19.1645 -9.33598 0
    endloop
  endfacet
  facet normal -0 0 -1
    outer loop
      vertex 19.2696 -2.42072 0
      vertex 17.5 -4.2 0
      vertex 19.2132 -2.27257 0
    endloop
  endfacet
  facet normal 0 0 -1
    outer loop
      vertex 16.9903 -10.7 0
      vertex 19.1645 -9.33598 0
      vertex 19.0913 -9.47681 0
    endloop
  endfacet
  facet normal -0 0 -1
    outer loop
      vertex 19.2132 -2.27257 0
      vertex 17.5 -4.2 0
      vertex 19.1471 -2.12833 0
    endloop
  endfacet
  facet normal 0 0 -1
    outer loop
      vertex 16.9903 -10.7 0
      vertex 19.0913 -9.47681 0
      vertex 19.0089 -9.61258 0
    endloop
  endfacet
  facet normal -0 0 -1
    outer loop
      vertex 19.1471 -2.12833 0
      vertex 17.5 -4.2 0
      vertex 19.0715 -1.98877 0
    endloop
  endfacet
  facet normal 0 0 -1
    outer loop
      vertex 16.9903 -10.7 0
      vertex 19.0089 -9.61258 0
      vertex 18.9179 -9.74222 0
    endloop
  endfacet
  facet normal -0 0 -1
    outer loop
      vertex 19.0715 -1.98877 0
      vertex 17.5 -4.2 0
      vertex 18.9869 -1.85449 0
    endloop
  endfacet
  facet normal 0 0 -1
    outer loop
      vertex 16.9903 -10.7 0
      vertex 18.9179 -9.74222 0
      vertex 18.8182 -9.86606 0
    endloop
  endfacet
  facet normal -0 0 -1
    outer loop
      vertex 18.9869 -1.85449 0
      vertex 17.5 -4.2 0
      vertex 18.8936 -1.72601 0
    endloop
  endfacet
  facet normal 0 0 -1
    outer loop
      vertex 16.9903 -10.7 0
      vertex 18.8182 -9.86606 0
      vertex 18.7108 -9.98276 0
    endloop
  endfacet
  facet normal -0 0 -1
    outer loop
      vertex 18.8936 -1.72601 0
      vertex 17.5 -4.2 0
      vertex 18.7921 -1.6042 0
    endloop
  endfacet
  facet normal 0 0 -1
    outer loop
      vertex 16.9903 -10.7 0
      vertex 18.7108 -9.98276 0
      vertex 18.5958 -10.0921 0
    endloop
  endfacet
  facet normal -0 0 -1
    outer loop
      vertex 18.7921 -1.6042 0
      vertex 17.5 -4.2 0
      vertex 18.6828 -1.48924 0
    endloop
  endfacet
  facet normal 0 0 -1
    outer loop
      vertex 16.9903 -10.7 0
      vertex 18.5958 -10.0921 0
      vertex 18.474 -10.1936 0
    endloop
  endfacet
  facet normal -0 0 -1
    outer loop
      vertex 18.6828 -1.48924 0
      vertex 17.5 -4.2 0
      vertex 18.5661 -1.38182 0
    endloop
  endfacet
  facet normal 0 0 -1
    outer loop
      vertex 16.9903 -10.7 0
      vertex 18.474 -10.1936 0
      vertex 18.3455 -10.2869 0
    endloop
  endfacet
  facet normal -0 0 -1
    outer loop
      vertex 18.5661 -1.38182 0
      vertex 17.5 -4.2 0
      vertex 18.4422 -1.2821 0
    endloop
  endfacet
  facet normal 0 0 -1
    outer loop
      vertex 16.9903 -10.7 0
      vertex 18.3455 -10.2869 0
      vertex 18.2112 -10.3715 0
    endloop
  endfacet
  facet normal -0 0 -1
    outer loop
      vertex 18.4422 -1.2821 0
      vertex 17.5 -4.2 0
      vertex 18.3126 -1.19115 0
    endloop
  endfacet
  facet normal 0 0 -1
    outer loop
      vertex 16.9903 -10.7 0
      vertex 18.2112 -10.3715 0
      vertex 18.0717 -10.4471 0
    endloop
  endfacet
  facet normal -0 0 -1
    outer loop
      vertex 18.3126 -1.19115 0
      vertex 17.5 -4.2 0
      vertex 18.1768 -1.10872 0
    endloop
  endfacet
  facet normal 0 0 -1
    outer loop
      vertex 16.9903 -10.7 0
      vertex 18.0717 -10.4471 0
      vertex 17.9274 -10.5132 0
    endloop
  endfacet
  facet normal -0 0 -1
    outer loop
      vertex 18.1768 -1.10872 0
      vertex 17.5 -4.2 0
      vertex 18.036 -1.03549 0
    endloop
  endfacet
  facet normal 0 0 -1
    outer loop
      vertex 16.9903 -10.7 0
      vertex 17.9274 -10.5132 0
      vertex 17.7793 -10.5696 0
    endloop
  endfacet
  facet normal -0 0 -1
    outer loop
      vertex 18.036 -1.03549 0
      vertex 17.5 -4.2 0
      vertex 17.8908 -0.971832 0
    endloop
  endfacet
  facet normal 0 0 -1
    outer loop
      vertex 16.9903 -10.7 0
      vertex 17.7793 -10.5696 0
      vertex 17.6274 -10.6162 0
    endloop
  endfacet
  facet normal -0 0 -1
    outer loop
      vertex 17.8908 -0.971832 0
      vertex 17.5 -4.2 0
      vertex 17.7415 -0.91777 0
    endloop
  endfacet
  facet normal -0 0 -1
    outer loop
      vertex 17.7415 -0.91777 0
      vertex 17.5 -4.2 0
      vertex 17.5891 -0.873779 0
    endloop
  endfacet
  facet normal 0 0 -1
    outer loop
      vertex 16.9903 -10.7 0
      vertex 17.6274 -10.6162 0
      vertex 17.473 -10.6526 0
    endloop
  endfacet
  facet normal 0 0 -1
    outer loop
      vertex 16.9903 -10.7 0
      vertex 17.473 -10.6526 0
      vertex 17.3165 -10.6787 0
    endloop
  endfacet
  facet normal 0 0 -1
    outer loop
      vertex 16.9903 -10.7 0
      vertex 17.3165 -10.6787 0
      vertex 17.1586 -10.6944 0
    endloop
  endfacet
  facet normal -0 0 -1
    outer loop
      vertex 19.4 -8.29309 0
      vertex 16.9903 -10.7 0
      vertex 17.5 -4.2 0
    endloop
  endfacet
  facet normal 0 0 -1
    outer loop
      vertex -16.9931 -10.7 0
      vertex 17.5 -4.2 0
      vertex 16.9903 -10.7 0
    endloop
  endfacet
  facet normal 0 0 -1
    outer loop
      vertex -19.4 -8.29028 0
      vertex -16.9931 -10.7 0
      vertex -17.1165 -10.6969 0
    endloop
  endfacet
  facet normal 0 0 -1
    outer loop
      vertex -19.4 -8.29028 0
      vertex -17.1165 -10.6969 0
      vertex -17.277 -10.6836 0
    endloop
  endfacet
  facet normal 0 0 -1
    outer loop
      vertex -19.4 -8.29028 0
      vertex -17.277 -10.6836 0
      vertex -17.434 -10.6601 0
    endloop
  endfacet
  facet normal 0 0 -1
    outer loop
      vertex -16.9931 -10.7 0
      vertex -17.5 -4.2 0
      vertex 17.5 -4.2 0
    endloop
  endfacet
  facet normal 0 0 -1
    outer loop
      vertex -19.4 -8.29028 0
      vertex -17.434 -10.6601 0
      vertex -17.5891 -10.6262 0
    endloop
  endfacet
  facet normal 0 0 -1
    outer loop
      vertex 17.5 -4.2 0
      vertex 17.434 -0.83992 0
      vertex 17.5891 -0.873779 0
    endloop
  endfacet
  facet normal 0 0 -1
    outer loop
      vertex 17.5 -4.2 0
      vertex 17.277 -0.816376 0
      vertex 17.434 -0.83992 0
    endloop
  endfacet
  facet normal 0 0 -1
    outer loop
      vertex 17.5 -4.2 0
      vertex 17.1165 -0.803085 0
      vertex 17.277 -0.816376 0
    endloop
  endfacet
  facet normal 0 0 -1
    outer loop
      vertex 17.5 -4.2 0
      vertex 16.9931 -0.800018 0
      vertex 17.1165 -0.803085 0
    endloop
  endfacet
  facet normal -0 -0 -1
    outer loop
      vertex 16.9931 -0.800018 0
      vertex 17.5 -4.2 0
      vertex 14.1 -0.800018 0
    endloop
  endfacet
  facet normal 0 0 -1
    outer loop
      vertex -17.5 -4.2 0
      vertex -16.9903 -0.800018 0
      vertex -14.1 -0.800018 0
    endloop
  endfacet
  facet normal 0 0 -1
    outer loop
      vertex -16.9903 -0.800018 0
      vertex -17.5 -4.2 0
      vertex -17.1586 -0.805588 0
    endloop
  endfacet
  facet normal 0 0 -1
    outer loop
      vertex -17.1586 -0.805588 0
      vertex -17.5 -4.2 0
      vertex -17.3165 -0.821304 0
    endloop
  endfacet
  facet normal 0 0 -1
    outer loop
      vertex -17.3165 -0.821304 0
      vertex -17.5 -4.2 0
      vertex -17.473 -0.847412 0
    endloop
  endfacet
  facet normal 0 0 -1
    outer loop
      vertex -16.9931 -10.7 0
      vertex -19.4 -8.29028 0
      vertex -17.5 -4.2 0
    endloop
  endfacet
  facet normal 0 0 -1
    outer loop
      vertex -19.4 -3.20691 0
      vertex -17.5 -4.2 0
      vertex -19.4 -8.29028 0
    endloop
  endfacet
  facet normal 0 0 -1
    outer loop
      vertex -19.4 -8.29028 0
      vertex -17.5891 -10.6262 0
      vertex -17.7415 -10.5822 0
    endloop
  endfacet
  facet normal 0 -0 -1
    outer loop
      vertex -19.3969 -3.0835 0
      vertex -17.5 -4.2 0
      vertex -19.4 -3.20691 0
    endloop
  endfacet
  facet normal 0 0 -1
    outer loop
      vertex -19.4 -8.29028 0
      vertex -17.7415 -10.5822 0
      vertex -17.8908 -10.5282 0
    endloop
  endfacet
  facet normal 0 0 -1
    outer loop
      vertex -17.5 -4.2 0
      vertex -17.6274 -0.88382 0
      vertex -17.473 -0.847412 0
    endloop
  endfacet
  facet normal 0 0 -1
    outer loop
      vertex -19.4 -8.29028 0
      vertex -17.8908 -10.5282 0
      vertex -18.036 -10.4645 0
    endloop
  endfacet
  facet normal 0 0 -1
    outer loop
      vertex -17.5 -4.2 0
      vertex -17.7793 -0.930405 0
      vertex -17.6274 -0.88382 0
    endloop
  endfacet
  facet normal 0 0 -1
    outer loop
      vertex -19.4 -8.29028 0
      vertex -18.036 -10.4645 0
      vertex -18.1768 -10.3913 0
    endloop
  endfacet
  facet normal 0 0 -1
    outer loop
      vertex -17.5 -4.2 0
      vertex -17.9274 -0.986801 0
      vertex -17.7793 -0.930405 0
    endloop
  endfacet
  facet normal 0 0 -1
    outer loop
      vertex -19.4 -8.29028 0
      vertex -18.1768 -10.3913 0
      vertex -18.3126 -10.3089 0
    endloop
  endfacet
  facet normal 0 0 -1
    outer loop
      vertex -17.5 -4.2 0
      vertex -18.0717 -1.05293 0
      vertex -17.9274 -0.986801 0
    endloop
  endfacet
  facet normal 0 0 -1
    outer loop
      vertex -19.4 -8.29028 0
      vertex -18.3126 -10.3089 0
      vertex -18.4422 -10.2179 0
    endloop
  endfacet
  facet normal 0 0 -1
    outer loop
      vertex -17.5 -4.2 0
      vertex -18.2112 -1.12846 0
      vertex -18.0717 -1.05293 0
    endloop
  endfacet
  facet normal 0 0 -1
    outer loop
      vertex -19.4 -8.29028 0
      vertex -18.4422 -10.2179 0
      vertex -18.5661 -10.1182 0
    endloop
  endfacet
  facet normal 0 0 -1
    outer loop
      vertex -17.5 -4.2 0
      vertex -18.3455 -1.21307 0
      vertex -18.2112 -1.12846 0
    endloop
  endfacet
  facet normal 0 0 -1
    outer loop
      vertex -19.4 -8.29028 0
      vertex -18.5661 -10.1182 0
      vertex -18.6828 -10.0108 0
    endloop
  endfacet
  facet normal 0 0 -1
    outer loop
      vertex -17.5 -4.2 0
      vertex -18.474 -1.30641 0
      vertex -18.3455 -1.21307 0
    endloop
  endfacet
  facet normal 0 0 -1
    outer loop
      vertex -19.4 -8.29028 0
      vertex -18.6828 -10.0108 0
      vertex -18.7921 -9.8958 0
    endloop
  endfacet
  facet normal 0 0 -1
    outer loop
      vertex -17.5 -4.2 0
      vertex -18.5958 -1.40787 0
      vertex -18.474 -1.30641 0
    endloop
  endfacet
  facet normal 0 0 -1
    outer loop
      vertex -19.4 -8.29028 0
      vertex -18.7921 -9.8958 0
      vertex -18.8936 -9.77399 0
    endloop
  endfacet
  facet normal 0 0 -1
    outer loop
      vertex -17.5 -4.2 0
      vertex -18.7108 -1.51724 0
      vertex -18.5958 -1.40787 0
    endloop
  endfacet
  facet normal 0 0 -1
    outer loop
      vertex -19.4 -8.29028 0
      vertex -18.8936 -9.77399 0
      vertex -18.9869 -9.64551 0
    endloop
  endfacet
  facet normal 0 0 -1
    outer loop
      vertex -17.5 -4.2 0
      vertex -18.8182 -1.63394 0
      vertex -18.7108 -1.51724 0
    endloop
  endfacet
  facet normal 0 0 -1
    outer loop
      vertex -19.4 -8.29028 0
      vertex -18.9869 -9.64551 0
      vertex -19.0715 -9.51123 0
    endloop
  endfacet
  facet normal 0 0 -1
    outer loop
      vertex -17.5 -4.2 0
      vertex -18.9179 -1.75778 0
      vertex -18.8182 -1.63394 0
    endloop
  endfacet
  facet normal 0 0 -1
    outer loop
      vertex -19.4 -8.29028 0
      vertex -19.0715 -9.51123 0
      vertex -19.1471 -9.37167 0
    endloop
  endfacet
  facet normal 0 0 -1
    outer loop
      vertex -17.5 -4.2 0
      vertex -19.0089 -1.88742 0
      vertex -18.9179 -1.75778 0
    endloop
  endfacet
  facet normal 0 0 -1
    outer loop
      vertex -19.4 -8.29028 0
      vertex -19.1471 -9.37167 0
      vertex -19.2132 -9.22743 0
    endloop
  endfacet
  facet normal 0 0 -1
    outer loop
      vertex -17.5 -4.2 0
      vertex -19.0913 -2.02319 0
      vertex -19.0089 -1.88742 0
    endloop
  endfacet
  facet normal 0 0 -1
    outer loop
      vertex -19.4 -8.29028 0
      vertex -19.2132 -9.22743 0
      vertex -19.2696 -9.07928 0
    endloop
  endfacet
  facet normal 0 0 -1
    outer loop
      vertex -17.5 -4.2 0
      vertex -19.1645 -2.16402 0
      vertex -19.0913 -2.02319 0
    endloop
  endfacet
  facet normal 0 0 -1
    outer loop
      vertex -19.4 -8.29028 0
      vertex -19.2696 -9.07928 0
      vertex -19.3162 -8.92743 0
    endloop
  endfacet
  facet normal 0 0 -1
    outer loop
      vertex -17.5 -4.2 0
      vertex -19.2282 -2.30917 0
      vertex -19.1645 -2.16402 0
    endloop
  endfacet
  facet normal 0 0 -1
    outer loop
      vertex -19.4 -8.29028 0
      vertex -19.3162 -8.92743 0
      vertex -19.3526 -8.77296 0
    endloop
  endfacet
  facet normal 0 0 -1
    outer loop
      vertex -17.5 -4.2 0
      vertex -19.2822 -2.45853 0
      vertex -19.2282 -2.30917 0
    endloop
  endfacet
  facet normal 0 0 -1
    outer loop
      vertex -19.4 -8.29028 0
      vertex -19.3526 -8.77296 0
      vertex -19.3787 -8.61644 0
    endloop
  endfacet
  facet normal 0 0 -1
    outer loop
      vertex -17.5 -4.2 0
      vertex -19.3262 -2.61087 0
      vertex -19.2822 -2.45853 0
    endloop
  endfacet
  facet normal 0 0 -1
    outer loop
      vertex -19.4 -8.29028 0
      vertex -19.3787 -8.61644 0
      vertex -19.3944 -8.45859 0
    endloop
  endfacet
  facet normal 0 0 -1
    outer loop
      vertex -17.5 -4.2 0
      vertex -19.3601 -2.76599 0
      vertex -19.3262 -2.61087 0
    endloop
  endfacet
  facet normal 0 0 -1
    outer loop
      vertex -17.5 -4.2 0
      vertex -19.3836 -2.92302 0
      vertex -19.3601 -2.76599 0
    endloop
  endfacet
  facet normal 0 0 -1
    outer loop
      vertex -17.5 -4.2 0
      vertex -19.3969 -3.0835 0
      vertex -19.3836 -2.92302 0
    endloop
  endfacet
  facet normal 0.294221 -0.642301 0.707731
    outer loop
      vertex 18.0717 -10.4471 83.65
      vertex 17.9274 -10.5132 83.65
      vertex 18.1595 -11.0669 83.051
    endloop
  endfacet
  facet normal -0.366656 -0.603967 0.707663
    outer loop
      vertex -18.3126 -10.3089 83.65
      vertex -18.6408 -10.8115 83.051
      vertex -18.4713 -10.9144 83.051
    endloop
  endfacet
  facet normal -0.46167 -0.887052 0
    outer loop
      vertex -18.4713 -10.9144 0.599999
      vertex -18.2953 -11.006 83.051
      vertex -18.4713 -10.9144 83.051
    endloop
  endfacet
  facet normal -0.46167 -0.887052 -0
    outer loop
      vertex -18.2953 -11.006 83.051
      vertex -18.4713 -10.9144 0.599999
      vertex -18.2953 -11.006 0.599999
    endloop
  endfacet
  facet normal -0.326177 -0.627402 -0.70709
    outer loop
      vertex -18.036 -10.4645 0
      vertex -18.4713 -10.9144 0.599999
      vertex -18.1768 -10.3913 0
    endloop
  endfacet
  facet normal -0.574206 -0.818711 0
    outer loop
      vertex -18.8032 -10.6976 0.599999
      vertex -18.6408 -10.8115 83.051
      vertex -18.8032 -10.6976 83.051
    endloop
  endfacet
  facet normal -0.574206 -0.818711 -0
    outer loop
      vertex -18.6408 -10.8115 83.051
      vertex -18.8032 -10.6976 0.599999
      vertex -18.6408 -10.8115 0.599999
    endloop
  endfacet
  facet normal 0.706307 -0.0175675 0.707688
    outer loop
      vertex 20 -8.29999 83.051
      vertex 19.4 -8.29309 83.65
      vertex 19.9963 -8.44875 83.051
    endloop
  endfacet
  facet normal 0.116438 -0.696847 0.707705
    outer loop
      vertex 17.5914 -11.2411 83.051
      vertex 17.3165 -10.6787 83.65
      vertex 17.3957 -11.2738 83.051
    endloop
  endfacet
  facet normal 0.336178 -0.62143 0.707679
    outer loop
      vertex 18.5143 -10.8898 83.051
      vertex 18.0717 -10.4471 83.65
      vertex 18.3398 -10.9842 83.051
    endloop
  endfacet
  facet normal -0.677253 -0.73575 0
    outer loop
      vertex -19.1037 -10.4388 0.599999
      vertex -18.9578 -10.5731 83.051
      vertex -19.1037 -10.4388 83.051
    endloop
  endfacet
  facet normal -0.677253 -0.73575 -0
    outer loop
      vertex -18.9578 -10.5731 83.051
      vertex -19.1037 -10.4388 0.599999
      vertex -18.9578 -10.5731 0.599999
    endloop
  endfacet
  facet normal -0.627211 -0.77885 0
    outer loop
      vertex -18.9578 -10.5731 0.599999
      vertex -18.8032 -10.6976 83.051
      vertex -18.9578 -10.5731 83.051
    endloop
  endfacet
  facet normal -0.627211 -0.77885 -0
    outer loop
      vertex -18.8032 -10.6976 83.051
      vertex -18.9578 -10.5731 0.599999
      vertex -18.8032 -10.6976 0.599999
    endloop
  endfacet
  facet normal 0.293307 -0.956018 0
    outer loop
      vertex 17.7844 -11.1956 0.599999
      vertex 17.9741 -11.1374 83.051
      vertex 17.7844 -11.1956 83.051
    endloop
  endfacet
  facet normal 0.293307 -0.956018 0
    outer loop
      vertex 17.9741 -11.1374 83.051
      vertex 17.7844 -11.1956 0.599999
      vertex 17.9741 -11.1374 0.599999
    endloop
  endfacet
  facet normal 0.355429 -0.934703 0
    outer loop
      vertex 17.9741 -11.1374 0.599999
      vertex 18.1595 -11.0669 83.051
      vertex 17.9741 -11.1374 83.051
    endloop
  endfacet
  facet normal 0.355429 -0.934703 0
    outer loop
      vertex 18.1595 -11.0669 83.051
      vertex 17.9741 -11.1374 0.599999
      vertex 18.1595 -11.0669 0.599999
    endloop
  endfacet
  facet normal 0.688277 0.162189 -0.707086
    outer loop
      vertex 19.3526 -2.72704 0
      vertex 19.3162 -2.57257 0
      vertex 19.9411 -2.60866 0.599999
    endloop
  endfacet
  facet normal 0.956001 0.293363 0
    outer loop
      vertex 19.8956 -2.41557 83.051
      vertex 19.8374 -2.22591 0.599999
      vertex 19.8374 -2.22591 83.051
    endloop
  endfacet
  facet normal 0.956001 0.293363 0
    outer loop
      vertex 19.8374 -2.22591 0.599999
      vertex 19.8956 -2.41557 83.051
      vertex 19.8956 -2.41557 0.599999
    endloop
  endfacet
  facet normal 0.675451 0.207272 0.707676
    outer loop
      vertex 19.8374 -2.22591 83.051
      vertex 19.3162 -2.57257 83.65
      vertex 19.8956 -2.41557 83.051
    endloop
  endfacet
  facet normal 0.818661 -0.574278 0
    outer loop
      vertex 19.3976 -10.1032 83.051
      vertex 19.5115 -9.94083 77.5719
      vertex 19.5115 -9.94083 83.051
    endloop
  endfacet
  facet normal 0 0 0
    outer loop
      vertex 19.3998 -10.1 77.48
      vertex 19.3998 -10.1 13.17
      vertex 19.3998 -10.1 70.48
    endloop
  endfacet
  facet normal 0 0 0
    outer loop
      vertex 19.3998 -10.1 77.48
      vertex 19.3998 -10.1 6.17
      vertex 19.3998 -10.1 13.17
    endloop
  endfacet
  facet normal 0.824042 -0.566529 0
    outer loop
      vertex 19.3998 -10.1 77.48
      vertex 19.3976 -10.1032 83.051
      vertex 19.3998 -10.1 6.17
    endloop
  endfacet
  facet normal 0.818554 -0.574429 -6.70509e-06
    outer loop
      vertex 19.5115 -9.94083 77.5719
      vertex 19.3976 -10.1032 83.051
      vertex 19.3998 -10.1 77.48
    endloop
  endfacet
  facet normal 0.818552 -0.574432 0
    outer loop
      vertex 19.3998 -10.1 70.48
      vertex 19.5115 -9.94083 13.2619
      vertex 19.5115 -9.94083 70.48
    endloop
  endfacet
  facet normal 0.818552 -0.574432 0
    outer loop
      vertex 19.5115 -9.94083 13.2619
      vertex 19.3998 -10.1 70.48
      vertex 19.3998 -10.1 13.17
    endloop
  endfacet
  facet normal 0.818552 -0.574432 0
    outer loop
      vertex 19.3998 -10.1 6.17
      vertex 19.5115 -9.94083 0.599999
      vertex 19.5115 -9.94083 6.17
    endloop
  endfacet
  facet normal 0.818661 -0.574278 6.57716e-06
    outer loop
      vertex 19.3998 -10.1 6.17
      vertex 19.3976 -10.1032 0.599999
      vertex 19.5115 -9.94083 0.599999
    endloop
  endfacet
  facet normal 0.824042 -0.566529 0
    outer loop
      vertex 19.3976 -10.1032 0.599999
      vertex 19.3998 -10.1 6.17
      vertex 19.3976 -10.1032 83.051
    endloop
  endfacet
  facet normal 0.67876 -0.196045 0.707709
    outer loop
      vertex 19.3262 -8.88913 83.65
      vertex 19.2822 -9.04147 83.65
      vertex 19.9082 -9.03644 83.051
    endloop
  endfacet
  facet normal 0.240541 0.66429 0.707714
    outer loop
      vertex 18.1136 -0.414352 83.051
      vertex 17.7415 -0.91777 83.65
      vertex 17.8908 -0.971832 83.65
    endloop
  endfacet
  facet normal 0.20722 -0.675468 0.707675
    outer loop
      vertex 17.7793 -10.5696 83.65
      vertex 17.6274 -10.6162 83.65
      vertex 17.9741 -11.1374 83.051
    endloop
  endfacet
  facet normal 0.578414 -0.405748 0.707676
    outer loop
      vertex 19.5115 -9.94083 83.051
      vertex 19.0089 -9.61258 83.65
      vertex 19.3976 -10.1032 83.051
    endloop
  endfacet
  facet normal 0.676014 0.207445 -0.707087
    outer loop
      vertex 19.8956 -2.41557 0.599999
      vertex 19.3162 -2.57257 0
      vertex 19.8374 -2.22591 0.599999
    endloop
  endfacet
  facet normal 0.676009 0.207455 -0.707088
    outer loop
      vertex 19.3162 -2.57257 0
      vertex 19.2696 -2.42072 0
      vertex 19.8374 -2.22591 0.599999
    endloop
  endfacet
  facet normal 0.687703 0.162053 0.707675
    outer loop
      vertex 19.9411 -2.60866 83.051
      vertex 19.3162 -2.57257 83.65
      vertex 19.3526 -2.72704 83.65
    endloop
  endfacet
  facet normal 0.603964 -0.366551 0.707721
    outer loop
      vertex 19.0913 -9.47681 83.65
      vertex 19.0089 -9.61258 83.65
      vertex 19.6145 -9.77126 83.051
    endloop
  endfacet
  facet normal 0.986323 0.164824 0
    outer loop
      vertex 19.9738 -2.80434 83.051
      vertex 19.9411 -2.60866 0.599999
      vertex 19.9411 -2.60866 83.051
    endloop
  endfacet
  facet normal 0.986323 0.164824 0
    outer loop
      vertex 19.9411 -2.60866 0.599999
      vertex 19.9738 -2.80434 83.051
      vertex 19.9738 -2.80434 0.599999
    endloop
  endfacet
  facet normal -0.687703 -0.162053 0.707675
    outer loop
      vertex -19.3526 -8.77296 83.65
      vertex -19.9411 -8.89134 83.051
      vertex -19.3162 -8.92743 83.65
    endloop
  endfacet
  facet normal 0.664415 -0.240214 0.707707
    outer loop
      vertex 19.2822 -9.04147 83.65
      vertex 19.2282 -9.19083 83.65
      vertex 19.7857 -9.41357 83.051
    endloop
  endfacet
  facet normal -0.660402 -0.251124 0.707676
    outer loop
      vertex -19.2696 -9.07928 83.65
      vertex -19.8374 -9.27409 83.051
      vertex -19.7669 -9.45949 83.051
    endloop
  endfacet
  facet normal -0.326436 -0.627214 -0.707137
    outer loop
      vertex -18.2953 -11.006 0.599999
      vertex -18.4713 -10.9144 0.599999
      vertex -18.036 -10.4645 0
    endloop
  endfacet
  facet normal 0.660953 0.251333 -0.707087
    outer loop
      vertex 19.8374 -2.22591 0.599999
      vertex 19.2696 -2.42072 0
      vertex 19.7669 -2.04051 0.599999
    endloop
  endfacet
  facet normal 0.519827 -0.478497 0.707687
    outer loop
      vertex 19.2731 -10.2578 83.051
      vertex 18.7108 -9.98276 83.65
      vertex 19.1388 -10.4037 83.051
    endloop
  endfacet
  facet normal 0.999446 0.0332695 0
    outer loop
      vertex 20 -3.20001 83.051
      vertex 19.9934 -3.00174 0.599999
      vertex 19.9934 -3.00174 83.051
    endloop
  endfacet
  facet normal 0.999446 0.0332695 0
    outer loop
      vertex 19.9934 -3.00174 0.599999
      vertex 20 -3.20001 83.051
      vertex 20 -3.20001 0.599999
    endloop
  endfacet
  facet normal 0.642265 0.294327 0.707719
    outer loop
      vertex 19.7669 -2.04051 83.051
      vertex 19.1471 -2.12833 83.65
      vertex 19.2132 -2.27257 83.65
    endloop
  endfacet
  facet normal 0.704097 -0.0584106 0.707697
    outer loop
      vertex 19.9963 -8.44875 83.051
      vertex 19.3836 -8.57698 83.65
      vertex 19.9799 -8.64644 83.051
    endloop
  endfacet
  facet normal 0.976999 -0.213246 0
    outer loop
      vertex 19.9082 -9.03644 6.17
      vertex 19.9505 -8.84264 0.599999
      vertex 19.9505 -8.84264 6.17
    endloop
  endfacet
  facet normal 0.976999 -0.213246 0
    outer loop
      vertex 19.9505 -8.84264 0.599999
      vertex 19.9082 -9.03644 6.17
      vertex 19.9082 -9.03644 0.599999
    endloop
  endfacet
  facet normal 0.976999 -0.213246 0
    outer loop
      vertex 19.9082 -9.03644 83.051
      vertex 19.9505 -8.84264 78.2059
      vertex 19.9505 -8.84264 83.051
    endloop
  endfacet
  facet normal 0.976999 -0.213246 0
    outer loop
      vertex 19.9505 -8.84264 78.2059
      vertex 19.9082 -9.03644 83.051
      vertex 19.9082 -9.03644 78.094
    endloop
  endfacet
  facet normal 0.976999 -0.213246 0
    outer loop
      vertex 19.9082 -9.03644 70.48
      vertex 19.9505 -8.84264 13.8959
      vertex 19.9505 -8.84264 70.48
    endloop
  endfacet
  facet normal 0.976999 -0.213246 0
    outer loop
      vertex 19.9505 -8.84264 13.8959
      vertex 19.9082 -9.03644 70.48
      vertex 19.9082 -9.03644 13.784
    endloop
  endfacet
  facet normal 0.69692 0.116213 0.70767
    outer loop
      vertex 19.9411 -2.60866 83.051
      vertex 19.3526 -2.72704 83.65
      vertex 19.3787 -2.88356 83.65
    endloop
  endfacet
  facet normal -0.621394 -0.336216 0.707692
    outer loop
      vertex -19.1471 -9.37167 83.65
      vertex -19.6842 -9.63982 83.051
      vertex -19.5898 -9.81429 83.051
    endloop
  endfacet
  facet normal -0.621184 -0.336497 0.707743
    outer loop
      vertex -19.1471 -9.37167 83.65
      vertex -19.5898 -9.81429 83.051
      vertex -19.0715 -9.51123 83.65
    endloop
  endfacet
  facet normal 0.908972 0.416858 0
    outer loop
      vertex 19.7669 -2.04051 83.051
      vertex 19.6842 -1.86018 0.599999
      vertex 19.6842 -1.86018 83.051
    endloop
  endfacet
  facet normal 0.908972 0.416858 0
    outer loop
      vertex 19.6842 -1.86018 0.599999
      vertex 19.7669 -2.04051 83.051
      vertex 19.7669 -2.04051 0.599999
    endloop
  endfacet
  facet normal 0 0 1
    outer loop
      vertex 16.9903 -10.7 83.65
      vertex 19.4 -8.29309 83.65
      vertex 19.4 -3.20972 83.65
    endloop
  endfacet
  facet normal 0 0 1
    outer loop
      vertex 16.9931 -0.800018 83.65
      vertex 19.4 -3.20972 83.65
      vertex 19.3944 -3.04141 83.65
    endloop
  endfacet
  facet normal 0 0 1
    outer loop
      vertex 19.4 -8.29309 83.65
      vertex 16.9903 -10.7 83.65
      vertex 19.3969 -8.4165 83.65
    endloop
  endfacet
  facet normal 0 0 1
    outer loop
      vertex 16.9931 -0.800018 83.65
      vertex 19.3944 -3.04141 83.65
      vertex 19.3787 -2.88356 83.65
    endloop
  endfacet
  facet normal 0 0 1
    outer loop
      vertex 19.3969 -8.4165 83.65
      vertex 16.9903 -10.7 83.65
      vertex 19.3836 -8.57698 83.65
    endloop
  endfacet
  facet normal 0 0 1
    outer loop
      vertex 16.9931 -0.800018 83.65
      vertex 19.3787 -2.88356 83.65
      vertex 19.3526 -2.72704 83.65
    endloop
  endfacet
  facet normal 0 0 1
    outer loop
      vertex 19.3836 -8.57698 83.65
      vertex 16.9903 -10.7 83.65
      vertex 19.3601 -8.73401 83.65
    endloop
  endfacet
  facet normal 0 0 1
    outer loop
      vertex 16.9931 -0.800018 83.65
      vertex 19.3526 -2.72704 83.65
      vertex 19.3162 -2.57257 83.65
    endloop
  endfacet
  facet normal 0 0 1
    outer loop
      vertex 19.3601 -8.73401 83.65
      vertex 16.9903 -10.7 83.65
      vertex 19.3262 -8.88913 83.65
    endloop
  endfacet
  facet normal 0 0 1
    outer loop
      vertex 16.9931 -0.800018 83.65
      vertex 19.3162 -2.57257 83.65
      vertex 19.2696 -2.42072 83.65
    endloop
  endfacet
  facet normal 0 0 1
    outer loop
      vertex 19.3262 -8.88913 83.65
      vertex 16.9903 -10.7 83.65
      vertex 19.2822 -9.04147 83.65
    endloop
  endfacet
  facet normal 0 0 1
    outer loop
      vertex 16.9931 -0.800018 83.65
      vertex 19.2696 -2.42072 83.65
      vertex 19.2132 -2.27257 83.65
    endloop
  endfacet
  facet normal 0 0 1
    outer loop
      vertex 19.2822 -9.04147 83.65
      vertex 16.9903 -10.7 83.65
      vertex 19.2282 -9.19083 83.65
    endloop
  endfacet
  facet normal 0 0 1
    outer loop
      vertex 16.9931 -0.800018 83.65
      vertex 19.2132 -2.27257 83.65
      vertex 19.1471 -2.12833 83.65
    endloop
  endfacet
  facet normal 0 0 1
    outer loop
      vertex 19.2282 -9.19083 83.65
      vertex 16.9903 -10.7 83.65
      vertex 19.1645 -9.33598 83.65
    endloop
  endfacet
  facet normal 0 0 1
    outer loop
      vertex 16.9931 -0.800018 83.65
      vertex 19.1471 -2.12833 83.65
      vertex 19.0715 -1.98877 83.65
    endloop
  endfacet
  facet normal 0 0 1
    outer loop
      vertex 19.1645 -9.33598 83.65
      vertex 16.9903 -10.7 83.65
      vertex 19.0913 -9.47681 83.65
    endloop
  endfacet
  facet normal 0 0 1
    outer loop
      vertex 16.9931 -0.800018 83.65
      vertex 19.0715 -1.98877 83.65
      vertex 18.9869 -1.85449 83.65
    endloop
  endfacet
  facet normal 0 0 1
    outer loop
      vertex 19.0913 -9.47681 83.65
      vertex 16.9903 -10.7 83.65
      vertex 19.0089 -9.61258 83.65
    endloop
  endfacet
  facet normal 0 0 1
    outer loop
      vertex 16.9931 -0.800018 83.65
      vertex 18.9869 -1.85449 83.65
      vertex 18.8936 -1.72601 83.65
    endloop
  endfacet
  facet normal 0 0 1
    outer loop
      vertex 19.0089 -9.61258 83.65
      vertex 16.9903 -10.7 83.65
      vertex 18.9179 -9.74222 83.65
    endloop
  endfacet
  facet normal 0 0 1
    outer loop
      vertex 16.9931 -0.800018 83.65
      vertex 18.8936 -1.72601 83.65
      vertex 18.7921 -1.6042 83.65
    endloop
  endfacet
  facet normal 0 0 1
    outer loop
      vertex 18.9179 -9.74222 83.65
      vertex 16.9903 -10.7 83.65
      vertex 18.8182 -9.86606 83.65
    endloop
  endfacet
  facet normal 0 0 1
    outer loop
      vertex 16.9931 -0.800018 83.65
      vertex 18.7921 -1.6042 83.65
      vertex 18.6828 -1.48924 83.65
    endloop
  endfacet
  facet normal 0 0 1
    outer loop
      vertex 18.8182 -9.86606 83.65
      vertex 16.9903 -10.7 83.65
      vertex 18.7108 -9.98276 83.65
    endloop
  endfacet
  facet normal 0 0 1
    outer loop
      vertex 16.9931 -0.800018 83.65
      vertex 18.6828 -1.48924 83.65
      vertex 18.5661 -1.38182 83.65
    endloop
  endfacet
  facet normal 0 0 1
    outer loop
      vertex 18.7108 -9.98276 83.65
      vertex 16.9903 -10.7 83.65
      vertex 18.5958 -10.0921 83.65
    endloop
  endfacet
  facet normal 0 0 1
    outer loop
      vertex 16.9931 -0.800018 83.65
      vertex 18.5661 -1.38182 83.65
      vertex 18.4422 -1.2821 83.65
    endloop
  endfacet
  facet normal 0 0 1
    outer loop
      vertex 18.5958 -10.0921 83.65
      vertex 16.9903 -10.7 83.65
      vertex 18.474 -10.1936 83.65
    endloop
  endfacet
  facet normal 0 0 1
    outer loop
      vertex 16.9931 -0.800018 83.65
      vertex 18.4422 -1.2821 83.65
      vertex 18.3126 -1.19115 83.65
    endloop
  endfacet
  facet normal 0 0 1
    outer loop
      vertex 18.474 -10.1936 83.65
      vertex 16.9903 -10.7 83.65
      vertex 18.3455 -10.2869 83.65
    endloop
  endfacet
  facet normal 0 0 1
    outer loop
      vertex 16.9931 -0.800018 83.65
      vertex 18.3126 -1.19115 83.65
      vertex 18.1768 -1.10872 83.65
    endloop
  endfacet
  facet normal 0 0 1
    outer loop
      vertex 18.3455 -10.2869 83.65
      vertex 16.9903 -10.7 83.65
      vertex 18.2112 -10.3715 83.65
    endloop
  endfacet
  facet normal 0 0 1
    outer loop
      vertex 16.9931 -0.800018 83.65
      vertex 18.1768 -1.10872 83.65
      vertex 18.036 -1.03549 83.65
    endloop
  endfacet
  facet normal 0 0 1
    outer loop
      vertex 18.2112 -10.3715 83.65
      vertex 16.9903 -10.7 83.65
      vertex 18.0717 -10.4471 83.65
    endloop
  endfacet
  facet normal 0 0 1
    outer loop
      vertex 16.9931 -0.800018 83.65
      vertex 18.036 -1.03549 83.65
      vertex 17.8908 -0.971832 83.65
    endloop
  endfacet
  facet normal 0 0 1
    outer loop
      vertex 18.0717 -10.4471 83.65
      vertex 16.9903 -10.7 83.65
      vertex 17.9274 -10.5132 83.65
    endloop
  endfacet
  facet normal 0 0 1
    outer loop
      vertex 16.9931 -0.800018 83.65
      vertex 17.8908 -0.971832 83.65
      vertex 17.7415 -0.91777 83.65
    endloop
  endfacet
  facet normal 0 0 1
    outer loop
      vertex 17.9274 -10.5132 83.65
      vertex 16.9903 -10.7 83.65
      vertex 17.7793 -10.5696 83.65
    endloop
  endfacet
  facet normal 0 0 1
    outer loop
      vertex 16.9931 -0.800018 83.65
      vertex 17.7415 -0.91777 83.65
      vertex 17.5891 -0.873779 83.65
    endloop
  endfacet
  facet normal 0 0 1
    outer loop
      vertex 17.7793 -10.5696 83.65
      vertex 16.9903 -10.7 83.65
      vertex 17.6274 -10.6162 83.65
    endloop
  endfacet
  facet normal 0 0 1
    outer loop
      vertex 16.9931 -0.800018 83.65
      vertex 17.5891 -0.873779 83.65
      vertex 17.434 -0.83992 83.65
    endloop
  endfacet
  facet normal 0 0 1
    outer loop
      vertex 17.6274 -10.6162 83.65
      vertex 16.9903 -10.7 83.65
      vertex 17.473 -10.6526 83.65
    endloop
  endfacet
  facet normal 0 0 1
    outer loop
      vertex 16.9931 -0.800018 83.65
      vertex 17.434 -0.83992 83.65
      vertex 17.277 -0.816376 83.65
    endloop
  endfacet
  facet normal 0 0 1
    outer loop
      vertex 17.473 -10.6526 83.65
      vertex 16.9903 -10.7 83.65
      vertex 17.3165 -10.6787 83.65
    endloop
  endfacet
  facet normal 0 0 1
    outer loop
      vertex 16.9931 -0.800018 83.65
      vertex 17.277 -0.816376 83.65
      vertex 17.1165 -0.803085 83.65
    endloop
  endfacet
  facet normal 0 0 1
    outer loop
      vertex 19.4 -3.20972 83.65
      vertex 16.9931 -0.800018 83.65
      vertex 16.9903 -10.7 83.65
    endloop
  endfacet
  facet normal 0 0 1
    outer loop
      vertex 17.3165 -10.6787 83.65
      vertex 16.9903 -10.7 83.65
      vertex 17.1586 -10.6944 83.65
    endloop
  endfacet
  facet normal -0 0 1
    outer loop
      vertex -16.9903 -0.800018 83.65
      vertex 16.9903 -10.7 83.65
      vertex 16.9931 -0.800018 83.65
    endloop
  endfacet
  facet normal 0 0 1
    outer loop
      vertex -16.9903 -0.800018 83.65
      vertex -16.9931 -10.7 83.65
      vertex 16.9903 -10.7 83.65
    endloop
  endfacet
  facet normal -0 0 1
    outer loop
      vertex -19.4 -8.29028 83.65
      vertex -16.9931 -10.7 83.65
      vertex -16.9903 -0.800018 83.65
    endloop
  endfacet
  facet normal 0 0 1
    outer loop
      vertex -19.4 -3.20691 83.65
      vertex -16.9903 -0.800018 83.65
      vertex -17.1586 -0.805588 83.65
    endloop
  endfacet
  facet normal 0 0 1
    outer loop
      vertex -16.9931 -10.7 83.65
      vertex -19.4 -8.29028 83.65
      vertex -17.1165 -10.6969 83.65
    endloop
  endfacet
  facet normal 0 0 1
    outer loop
      vertex -19.4 -3.20691 83.65
      vertex -17.1586 -0.805588 83.65
      vertex -17.3165 -0.821304 83.65
    endloop
  endfacet
  facet normal 0 0 1
    outer loop
      vertex -17.1165 -10.6969 83.65
      vertex -19.4 -8.29028 83.65
      vertex -17.277 -10.6836 83.65
    endloop
  endfacet
  facet normal 0 0 1
    outer loop
      vertex -19.4 -3.20691 83.65
      vertex -17.3165 -0.821304 83.65
      vertex -17.473 -0.847412 83.65
    endloop
  endfacet
  facet normal 0 0 1
    outer loop
      vertex -17.277 -10.6836 83.65
      vertex -19.4 -8.29028 83.65
      vertex -17.434 -10.6601 83.65
    endloop
  endfacet
  facet normal 0 0 1
    outer loop
      vertex -19.4 -3.20691 83.65
      vertex -17.473 -0.847412 83.65
      vertex -17.6274 -0.88382 83.65
    endloop
  endfacet
  facet normal 0 0 1
    outer loop
      vertex -17.434 -10.6601 83.65
      vertex -19.4 -8.29028 83.65
      vertex -17.5891 -10.6262 83.65
    endloop
  endfacet
  facet normal 0 0 1
    outer loop
      vertex -19.4 -3.20691 83.65
      vertex -17.6274 -0.88382 83.65
      vertex -17.7793 -0.930405 83.65
    endloop
  endfacet
  facet normal 0 0 1
    outer loop
      vertex -17.5891 -10.6262 83.65
      vertex -19.4 -8.29028 83.65
      vertex -17.7415 -10.5822 83.65
    endloop
  endfacet
  facet normal 0 0 1
    outer loop
      vertex -19.4 -3.20691 83.65
      vertex -17.7793 -0.930405 83.65
      vertex -17.9274 -0.986801 83.65
    endloop
  endfacet
  facet normal 0 0 1
    outer loop
      vertex -17.7415 -10.5822 83.65
      vertex -19.4 -8.29028 83.65
      vertex -17.8908 -10.5282 83.65
    endloop
  endfacet
  facet normal 0 0 1
    outer loop
      vertex -19.4 -3.20691 83.65
      vertex -17.9274 -0.986801 83.65
      vertex -18.0717 -1.05293 83.65
    endloop
  endfacet
  facet normal 0 0 1
    outer loop
      vertex -17.8908 -10.5282 83.65
      vertex -19.4 -8.29028 83.65
      vertex -18.036 -10.4645 83.65
    endloop
  endfacet
  facet normal 0 0 1
    outer loop
      vertex -19.4 -3.20691 83.65
      vertex -18.0717 -1.05293 83.65
      vertex -18.2112 -1.12846 83.65
    endloop
  endfacet
  facet normal 0 0 1
    outer loop
      vertex -18.036 -10.4645 83.65
      vertex -19.4 -8.29028 83.65
      vertex -18.1768 -10.3913 83.65
    endloop
  endfacet
  facet normal 0 0 1
    outer loop
      vertex -19.4 -3.20691 83.65
      vertex -18.2112 -1.12846 83.65
      vertex -18.3455 -1.21307 83.65
    endloop
  endfacet
  facet normal 0 0 1
    outer loop
      vertex -18.1768 -10.3913 83.65
      vertex -19.4 -8.29028 83.65
      vertex -18.3126 -10.3089 83.65
    endloop
  endfacet
  facet normal 0 0 1
    outer loop
      vertex -19.4 -3.20691 83.65
      vertex -18.3455 -1.21307 83.65
      vertex -18.474 -1.30641 83.65
    endloop
  endfacet
  facet normal 0 0 1
    outer loop
      vertex -18.3126 -10.3089 83.65
      vertex -19.4 -8.29028 83.65
      vertex -18.4422 -10.2179 83.65
    endloop
  endfacet
  facet normal 0 0 1
    outer loop
      vertex -19.4 -3.20691 83.65
      vertex -18.474 -1.30641 83.65
      vertex -18.5958 -1.40787 83.65
    endloop
  endfacet
  facet normal 0 0 1
    outer loop
      vertex -18.4422 -10.2179 83.65
      vertex -19.4 -8.29028 83.65
      vertex -18.5661 -10.1182 83.65
    endloop
  endfacet
  facet normal 0 0 1
    outer loop
      vertex -19.4 -3.20691 83.65
      vertex -18.5958 -1.40787 83.65
      vertex -18.7108 -1.51724 83.65
    endloop
  endfacet
  facet normal 0 0 1
    outer loop
      vertex -18.5661 -10.1182 83.65
      vertex -19.4 -8.29028 83.65
      vertex -18.6828 -10.0108 83.65
    endloop
  endfacet
  facet normal 0 0 1
    outer loop
      vertex -19.4 -3.20691 83.65
      vertex -18.7108 -1.51724 83.65
      vertex -18.8182 -1.63394 83.65
    endloop
  endfacet
  facet normal 0 0 1
    outer loop
      vertex -18.6828 -10.0108 83.65
      vertex -19.4 -8.29028 83.65
      vertex -18.7921 -9.8958 83.65
    endloop
  endfacet
  facet normal 0 0 1
    outer loop
      vertex -19.4 -3.20691 83.65
      vertex -18.8182 -1.63394 83.65
      vertex -18.9179 -1.75778 83.65
    endloop
  endfacet
  facet normal 0 0 1
    outer loop
      vertex -18.7921 -9.8958 83.65
      vertex -19.4 -8.29028 83.65
      vertex -18.8936 -9.77399 83.65
    endloop
  endfacet
  facet normal 0 0 1
    outer loop
      vertex -19.4 -3.20691 83.65
      vertex -18.9179 -1.75778 83.65
      vertex -19.0089 -1.88742 83.65
    endloop
  endfacet
  facet normal 0 0 1
    outer loop
      vertex -18.8936 -9.77399 83.65
      vertex -19.4 -8.29028 83.65
      vertex -18.9869 -9.64551 83.65
    endloop
  endfacet
  facet normal 0 0 1
    outer loop
      vertex -19.4 -3.20691 83.65
      vertex -19.0089 -1.88742 83.65
      vertex -19.0913 -2.02319 83.65
    endloop
  endfacet
  facet normal 0 0 1
    outer loop
      vertex -18.9869 -9.64551 83.65
      vertex -19.4 -8.29028 83.65
      vertex -19.0715 -9.51123 83.65
    endloop
  endfacet
  facet normal 0 0 1
    outer loop
      vertex -19.4 -3.20691 83.65
      vertex -19.0913 -2.02319 83.65
      vertex -19.1645 -2.16402 83.65
    endloop
  endfacet
  facet normal 0 0 1
    outer loop
      vertex -19.0715 -9.51123 83.65
      vertex -19.4 -8.29028 83.65
      vertex -19.1471 -9.37167 83.65
    endloop
  endfacet
  facet normal 0 0 1
    outer loop
      vertex -19.4 -3.20691 83.65
      vertex -19.1645 -2.16402 83.65
      vertex -19.2282 -2.30917 83.65
    endloop
  endfacet
  facet normal 0 0 1
    outer loop
      vertex -19.1471 -9.37167 83.65
      vertex -19.4 -8.29028 83.65
      vertex -19.2132 -9.22743 83.65
    endloop
  endfacet
  facet normal 0 0 1
    outer loop
      vertex -19.4 -3.20691 83.65
      vertex -19.2282 -2.30917 83.65
      vertex -19.2822 -2.45853 83.65
    endloop
  endfacet
  facet normal 0 0 1
    outer loop
      vertex -19.2132 -9.22743 83.65
      vertex -19.4 -8.29028 83.65
      vertex -19.2696 -9.07928 83.65
    endloop
  endfacet
  facet normal 0 0 1
    outer loop
      vertex -19.4 -3.20691 83.65
      vertex -19.2822 -2.45853 83.65
      vertex -19.3262 -2.61087 83.65
    endloop
  endfacet
  facet normal 0 0 1
    outer loop
      vertex -19.2696 -9.07928 83.65
      vertex -19.4 -8.29028 83.65
      vertex -19.3162 -8.92743 83.65
    endloop
  endfacet
  facet normal 0 0 1
    outer loop
      vertex -19.4 -3.20691 83.65
      vertex -19.3262 -2.61087 83.65
      vertex -19.3601 -2.76599 83.65
    endloop
  endfacet
  facet normal 0 0 1
    outer loop
      vertex -19.3162 -8.92743 83.65
      vertex -19.4 -8.29028 83.65
      vertex -19.3526 -8.77296 83.65
    endloop
  endfacet
  facet normal 0 0 1
    outer loop
      vertex -19.4 -3.20691 83.65
      vertex -19.3601 -2.76599 83.65
      vertex -19.3836 -2.92302 83.65
    endloop
  endfacet
  facet normal 0 0 1
    outer loop
      vertex -19.3526 -8.77296 83.65
      vertex -19.4 -8.29028 83.65
      vertex -19.3787 -8.61644 83.65
    endloop
  endfacet
  facet normal 0 0 1
    outer loop
      vertex -19.4 -3.20691 83.65
      vertex -19.3836 -2.92302 83.65
      vertex -19.3969 -3.0835 83.65
    endloop
  endfacet
  facet normal 0 0 1
    outer loop
      vertex -16.9903 -0.800018 83.65
      vertex -19.4 -3.20691 83.65
      vertex -19.4 -8.29028 83.65
    endloop
  endfacet
  facet normal 0 0 1
    outer loop
      vertex -19.3787 -8.61644 83.65
      vertex -19.4 -8.29028 83.65
      vertex -19.3944 -8.45859 83.65
    endloop
  endfacet
  facet normal 0.706282 -0.0177415 0.707709
    outer loop
      vertex 19.4 -8.29309 83.65
      vertex 19.3969 -8.4165 83.65
      vertex 19.9963 -8.44875 83.051
    endloop
  endfacet
  facet normal 0.603861 -0.366796 0.707681
    outer loop
      vertex 19.6145 -9.77126 83.051
      vertex 19.0089 -9.61258 83.65
      vertex 19.5115 -9.94083 83.051
    endloop
  endfacet
  facet normal 0.646951 -0.283918 0.707704
    outer loop
      vertex 19.2282 -9.19083 83.65
      vertex 19.1645 -9.33598 83.65
      vertex 19.7857 -9.41357 83.051
    endloop
  endfacet
  facet normal 0.486783 -0.511982 0.707755
    outer loop
      vertex 18.7108 -9.98276 83.65
      vertex 18.5958 -10.0921 83.65
      vertex 18.9951 -10.5405 83.051
    endloop
  endfacet
  facet normal 0.689504 -0.724282 0
    outer loop
      vertex 18.9951 -10.5405 0.599999
      vertex 19.1388 -10.4037 83.051
      vertex 18.9951 -10.5405 83.051
    endloop
  endfacet
  facet normal 0.689504 -0.724282 0
    outer loop
      vertex 19.1388 -10.4037 83.051
      vertex 18.9951 -10.5405 0.599999
      vertex 19.1388 -10.4037 0.599999
    endloop
  endfacet
  facet normal 0.664316 -0.240397 0.707738
    outer loop
      vertex 19.8532 -9.22704 83.051
      vertex 19.2822 -9.04147 83.65
      vertex 19.7857 -9.41357 83.051
    endloop
  endfacet
  facet normal 0.703037 0.0699251 0.707707
    outer loop
      vertex 19.9738 -2.80434 83.051
      vertex 19.3787 -2.88356 83.65
      vertex 19.3944 -3.04141 83.65
    endloop
  endfacet
  facet normal 0.550259 -0.443126 0.707711
    outer loop
      vertex 19.3976 -10.1032 83.051
      vertex 18.9179 -9.74222 83.65
      vertex 19.2731 -10.2578 83.051
    endloop
  endfacet
  facet normal -0.642265 -0.294327 0.707719
    outer loop
      vertex -19.2132 -9.22743 83.65
      vertex -19.7669 -9.45949 83.051
      vertex -19.1471 -9.37167 83.65
    endloop
  endfacet
  facet normal 0.687703 0.162051 0.707675
    outer loop
      vertex 19.8956 -2.41557 83.051
      vertex 19.3162 -2.57257 83.65
      vertex 19.9411 -2.60866 83.051
    endloop
  endfacet
  facet normal 0.77885 -0.627211 0
    outer loop
      vertex 19.2731 -10.2578 83.051
      vertex 19.3976 -10.1032 0.599999
      vertex 19.3976 -10.1032 83.051
    endloop
  endfacet
  facet normal 0.77885 -0.627211 0
    outer loop
      vertex 19.3976 -10.1032 0.599999
      vertex 19.2731 -10.2578 83.051
      vertex 19.2731 -10.2578 0.599999
    endloop
  endfacet
  facet normal 0.639639 -0.768676 0
    outer loop
      vertex 18.8426 -10.6674 0.599999
      vertex 18.9951 -10.5405 83.051
      vertex 18.8426 -10.6674 83.051
    endloop
  endfacet
  facet normal 0.639639 -0.768676 0
    outer loop
      vertex 18.9951 -10.5405 83.051
      vertex 18.8426 -10.6674 0.599999
      vertex 18.9951 -10.5405 0.599999
    endloop
  endfacet
  facet normal 0.887269 -0.461253 0
    outer loop
      vertex 19.6145 -9.77126 6.17
      vertex 19.706 -9.59525 0.599999
      vertex 19.706 -9.59525 6.17
    endloop
  endfacet
  facet normal 0.887269 -0.461253 0
    outer loop
      vertex 19.706 -9.59525 0.599999
      vertex 19.6145 -9.77126 6.17
      vertex 19.6145 -9.77126 0.599999
    endloop
  endfacet
  facet normal 0.887269 -0.461253 0
    outer loop
      vertex 19.6145 -9.77126 83.051
      vertex 19.706 -9.59525 77.7714
      vertex 19.706 -9.59525 83.051
    endloop
  endfacet
  facet normal 0.887269 -0.461253 0
    outer loop
      vertex 19.706 -9.59525 77.7714
      vertex 19.6145 -9.77126 83.051
      vertex 19.6145 -9.77126 77.6698
    endloop
  endfacet
  facet normal 0.887269 -0.461253 0
    outer loop
      vertex 19.6145 -9.77126 70.48
      vertex 19.706 -9.59525 13.4614
      vertex 19.706 -9.59525 70.48
    endloop
  endfacet
  facet normal 0.887269 -0.461253 0
    outer loop
      vertex 19.706 -9.59525 13.4614
      vertex 19.6145 -9.77126 70.48
      vertex 19.6145 -9.77126 13.3598
    endloop
  endfacet
  facet normal 0.704094 -0.0583527 0.707706
    outer loop
      vertex 19.3969 -8.4165 83.65
      vertex 19.3836 -8.57698 83.65
      vertex 19.9963 -8.44875 83.051
    endloop
  endfacet
  facet normal 0.996577 -0.0826742 0
    outer loop
      vertex 19.9799 -8.64644 6.17
      vertex 19.9963 -8.44875 0.599999
      vertex 19.9963 -8.44875 6.17
    endloop
  endfacet
  facet normal 0.996577 -0.0826742 0
    outer loop
      vertex 19.9963 -8.44875 0.599999
      vertex 19.9799 -8.64644 6.17
      vertex 19.9799 -8.64644 0.599999
    endloop
  endfacet
  facet normal 0.996659 -0.0816774 0
    outer loop
      vertex 19.9963 -8.44875 83.051
      vertex 19.9921 -8.5 78.4038
      vertex 19.9963 -8.44875 78.3742
    endloop
  endfacet
  facet normal 0.996577 -0.0826742 1.10667e-05
    outer loop
      vertex 19.9799 -8.64644 83.051
      vertex 19.9921 -8.5 78.4038
      vertex 19.9963 -8.44875 83.051
    endloop
  endfacet
  facet normal 0.996548 -0.083023 0
    outer loop
      vertex 19.9921 -8.5 78.4038
      vertex 19.9799 -8.64644 83.051
      vertex 19.9799 -8.64644 78.3192
    endloop
  endfacet
  facet normal 0.996659 -0.0816774 0
    outer loop
      vertex 19.9963 -8.44875 70.48
      vertex 19.9921 -8.5 14.0938
      vertex 19.9963 -8.44875 14.0642
    endloop
  endfacet
  facet normal 0.996577 -0.0826742 9.12092e-07
    outer loop
      vertex 19.9799 -8.64644 70.48
      vertex 19.9921 -8.5 14.0938
      vertex 19.9963 -8.44875 70.48
    endloop
  endfacet
  facet normal 0.996548 -0.083023 0
    outer loop
      vertex 19.9921 -8.5 14.0938
      vertex 19.9799 -8.64644 70.48
      vertex 19.9799 -8.64644 14.0092
    endloop
  endfacet
  facet normal 0.999691 -0.0248646 0
    outer loop
      vertex 19.9963 -8.44875 6.17
      vertex 20 -8.29999 0.599999
      vertex 20 -8.29999 6.17
    endloop
  endfacet
  facet normal 0.999691 -0.0248646 0
    outer loop
      vertex 20 -8.29999 0.599999
      vertex 19.9963 -8.44875 6.17
      vertex 19.9963 -8.44875 0.599999
    endloop
  endfacet
  facet normal 0.999691 -0.0248646 0
    outer loop
      vertex 19.9963 -8.44875 78.3742
      vertex 20 -8.29999 83.051
      vertex 19.9963 -8.44875 83.051
    endloop
  endfacet
  facet normal 0.999691 -0.0248646 0
    outer loop
      vertex 20 -8.29999 83.051
      vertex 19.9963 -8.44875 78.3742
      vertex 20 -8.29999 78.2883
    endloop
  endfacet
  facet normal 0.999691 -0.0248646 0
    outer loop
      vertex 19.9963 -8.44875 14.0642
      vertex 20 -8.29999 70.48
      vertex 19.9963 -8.44875 70.48
    endloop
  endfacet
  facet normal 0.999691 -0.0248646 0
    outer loop
      vertex 20 -8.29999 70.48
      vertex 19.9963 -8.44875 14.0642
      vertex 20 -8.29999 13.9783
    endloop
  endfacet
  facet normal 0.73575 -0.677253 0
    outer loop
      vertex 19.1388 -10.4037 83.051
      vertex 19.2731 -10.2578 0.599999
      vertex 19.2731 -10.2578 83.051
    endloop
  endfacet
  facet normal 0.73575 -0.677253 0
    outer loop
      vertex 19.2731 -10.2578 0.599999
      vertex 19.1388 -10.4037 83.051
      vertex 19.1388 -10.4037 0.599999
    endloop
  endfacet
  facet normal 0.646978 -0.283818 0.70772
    outer loop
      vertex 19.7857 -9.41357 83.051
      vertex 19.1645 -9.33598 83.65
      vertex 19.706 -9.59525 83.051
    endloop
  endfacet
  facet normal 0.915759 -0.401728 0
    outer loop
      vertex 19.706 -9.59525 6.17
      vertex 19.7857 -9.41357 0.599999
      vertex 19.7857 -9.41357 6.17
    endloop
  endfacet
  facet normal 0.915759 -0.401728 0
    outer loop
      vertex 19.7857 -9.41357 0.599999
      vertex 19.706 -9.59525 6.17
      vertex 19.706 -9.59525 0.599999
    endloop
  endfacet
  facet normal 0.915759 -0.401728 0
    outer loop
      vertex 19.706 -9.59525 83.051
      vertex 19.7857 -9.41357 77.8763
      vertex 19.7857 -9.41357 83.051
    endloop
  endfacet
  facet normal 0.915759 -0.401728 0
    outer loop
      vertex 19.7857 -9.41357 77.8763
      vertex 19.706 -9.59525 83.051
      vertex 19.706 -9.59525 77.7714
    endloop
  endfacet
  facet normal 0.915759 -0.401728 0
    outer loop
      vertex 19.706 -9.59525 70.48
      vertex 19.7857 -9.41357 13.5663
      vertex 19.7857 -9.41357 70.48
    endloop
  endfacet
  facet normal 0.915759 -0.401728 0
    outer loop
      vertex 19.7857 -9.41357 13.5663
      vertex 19.706 -9.59525 70.48
      vertex 19.706 -9.59525 13.4614
    endloop
  endfacet
  facet normal 0.960798 -0.27725 0
    outer loop
      vertex 19.8532 -9.22704 83.051
      vertex 19.9082 -9.03644 78.094
      vertex 19.9082 -9.03644 83.051
    endloop
  endfacet
  facet normal 0.960798 -0.27725 0
    outer loop
      vertex 19.9082 -9.03644 78.094
      vertex 19.8532 -9.22704 83.051
      vertex 19.8532 -9.22704 77.984
    endloop
  endfacet
  facet normal 0.960798 -0.27725 0
    outer loop
      vertex 19.8532 -9.22704 6.17
      vertex 19.9082 -9.03644 0.599999
      vertex 19.9082 -9.03644 6.17
    endloop
  endfacet
  facet normal 0.960798 -0.27725 0
    outer loop
      vertex 19.9082 -9.03644 0.599999
      vertex 19.8532 -9.22704 6.17
      vertex 19.8532 -9.22704 0.599999
    endloop
  endfacet
  facet normal 0.960798 -0.27725 0
    outer loop
      vertex 19.8532 -9.22704 70.48
      vertex 19.9082 -9.03644 13.784
      vertex 19.9082 -9.03644 70.48
    endloop
  endfacet
  facet normal 0.960798 -0.27725 0
    outer loop
      vertex 19.9082 -9.03644 13.784
      vertex 19.8532 -9.22704 70.48
      vertex 19.8532 -9.22704 13.674
    endloop
  endfacet
endsolid OpenSCAD_Model
