solid OpenSCAD_Model
  facet normal 0 -0.707107 -0.707107
    outer loop
      vertex 14.9 33.78 83.82
      vertex 14.9 33.8007 83.7993
      vertex 14.901 33.78 83.82
    endloop
  endfacet
  facet normal -0.00169507 -0.708275 -0.705934
    outer loop
      vertex 15.2734 33.5103 84.0897
      vertex 15.5 33.3764 84.2235
      vertex 15.4933 33.3511 84.2489
    endloop
  endfacet
  facet normal 1.82124e-13 -0.707107 -0.707107
    outer loop
      vertex 14.9 33.8007 83.7993
      vertex 15.2734 33.5103 84.0897
      vertex 14.901 33.78 83.82
    endloop
  endfacet
  facet normal -0.00129759 -0.70794 -0.706271
    outer loop
      vertex 15.2734 33.5103 84.0897
      vertex 14.9 33.8007 83.7993
      vertex 15.5 33.3764 84.2235
    endloop
  endfacet
  facet normal -0 -0.707107 -0.707107
    outer loop
      vertex 14.901 31.1306 86.4694
      vertex 14.9 31.1137 86.4863
      vertex 14.9 31.1306 86.4694
    endloop
  endfacet
  facet normal 2.05464e-12 -0.707107 -0.707107
    outer loop
      vertex 14.9 31.1137 86.4863
      vertex 14.901 31.1306 86.4694
      vertex 14.9053 31.1337 86.4663
    endloop
  endfacet
  facet normal -1.30301e-13 -0.707107 -0.707107
    outer loop
      vertex 15.2734 31.4002 86.1998
      vertex 14.9 31.1137 86.4863
      vertex 14.9053 31.1337 86.4663
    endloop
  endfacet
  facet normal 2.55048e-14 -0.707107 -0.707107
    outer loop
      vertex 15.2734 31.4002 86.1998
      vertex 15.5 31.538 86.062
      vertex 14.9 31.1137 86.4863
    endloop
  endfacet
  facet normal -1.16189e-13 -0.707107 -0.707107
    outer loop
      vertex 15.5 31.538 86.062
      vertex 15.2734 31.4002 86.1998
      vertex 15.5 31.5643 86.0357
    endloop
  endfacet
  facet normal -0.00170954 -0.708274 -0.705936
    outer loop
      vertex 15.5 33.3764 84.2235
      vertex 15.5 33.3462 84.2538
      vertex 15.4933 33.3511 84.2489
    endloop
  endfacet
  facet normal 0 -0.707107 -0.707107
    outer loop
      vertex -14.9 33.8007 83.7993
      vertex 14.9 33.78 83.82
      vertex -14.9 33.78 83.82
    endloop
  endfacet
  facet normal 0 -0.707107 -0.707107
    outer loop
      vertex 14.9 33.78 83.82
      vertex -14.9 33.8007 83.7993
      vertex 14.9 33.8007 83.7993
    endloop
  endfacet
  facet normal 0 -0.707107 -0.707107
    outer loop
      vertex -14.9 31.1137 86.4863
      vertex -14.9 31.1306 86.4694
      vertex 14.9 31.1137 86.4863
    endloop
  endfacet
  facet normal 0 -0.707107 -0.707107
    outer loop
      vertex 14.9 31.1137 86.4863
      vertex -14.9 31.1306 86.4694
      vertex 14.9 31.1306 86.4694
    endloop
  endfacet
  facet normal 0.00169248 -0.708276 -0.705934
    outer loop
      vertex -15.5 33.3764 84.2235
      vertex -15.273 33.5103 84.0897
      vertex -15.4933 33.3511 84.2489
    endloop
  endfacet
  facet normal 0.00128382 -0.70793 -0.706281
    outer loop
      vertex -14.9 33.8007 83.7993
      vertex -15.273 33.5103 84.0897
      vertex -15.5 33.3764 84.2235
    endloop
  endfacet
  facet normal -1.7539e-13 -0.707107 -0.707107
    outer loop
      vertex -15.273 33.5103 84.0897
      vertex -14.9 33.8007 83.7993
      vertex -14.9 33.78 83.82
    endloop
  endfacet
  facet normal -1.10959e-12 -0.707107 -0.707107
    outer loop
      vertex -14.9 31.1306 86.4694
      vertex -14.9 31.1137 86.4863
      vertex -14.9056 31.1346 86.4654
    endloop
  endfacet
  facet normal 8.4202e-15 -0.707107 -0.707107
    outer loop
      vertex -14.9 31.1137 86.4863
      vertex -15.273 31.4002 86.1998
      vertex -14.9056 31.1346 86.4654
    endloop
  endfacet
  facet normal -2.51874e-14 -0.707107 -0.707107
    outer loop
      vertex -15.5 31.538 86.062
      vertex -15.273 31.4002 86.1998
      vertex -14.9 31.1137 86.4863
    endloop
  endfacet
  facet normal 1.15881e-13 -0.707107 -0.707107
    outer loop
      vertex -15.273 31.4002 86.1998
      vertex -15.5 31.538 86.062
      vertex -15.5 31.5643 86.0357
    endloop
  endfacet
  facet normal 0.00170954 -0.708274 -0.705936
    outer loop
      vertex -15.5 33.3764 84.2235
      vertex -15.4933 33.3511 84.2489
      vertex -15.5 33.3462 84.2538
    endloop
  endfacet
  facet normal 0 0 -1
    outer loop
      vertex 15.4002 0.500156 97.8
      vertex 15.5 3.20001 97.8
      vertex 15.5 0.600002 97.8
    endloop
  endfacet
  facet normal -0 0 -1
    outer loop
      vertex 15.5 3.20001 97.8
      vertex 15.4002 0.500156 97.8
      vertex 15.4002 3.29985 97.8
    endloop
  endfacet
  facet normal 0 0 -1
    outer loop
      vertex -15.4 0.499989 97.8
      vertex -15.5 0.600002 97.8
      vertex -15.4 3.3 97.8
    endloop
  endfacet
  facet normal 0 0 1
    outer loop
      vertex -15.5 0.600002 97.8
      vertex -15.4 0.499989 97.8
      vertex -15.1571 0.257145 97.8
    endloop
  endfacet
  facet normal 0 0 -1
    outer loop
      vertex -14.9 3.79999 97.8
      vertex 14.9 3.8 97.8
      vertex 14.9 3.79999 97.8
    endloop
  endfacet
  facet normal 0 0 -1
    outer loop
      vertex -14.9 3.79999 97.8
      vertex -14.9 3.8 97.8
      vertex 14.9 3.8 97.8
    endloop
  endfacet
  facet normal 0 0 -1
    outer loop
      vertex -15.4 3.3 97.8
      vertex -14.9 3.8 97.8
      vertex -14.9 3.79999 97.8
    endloop
  endfacet
  facet normal -0 0 -1
    outer loop
      vertex -15.4 3.3 97.8
      vertex -15.5 3.20001 97.8
      vertex -14.9 3.8 97.8
    endloop
  endfacet
  facet normal 0 0 -1
    outer loop
      vertex -15.5 3.20001 97.8
      vertex -15.4 3.3 97.8
      vertex -15.5 0.600002 97.8
    endloop
  endfacet
  facet normal -0.707016 -0.512979 0.486807
    outer loop
      vertex -14.9 31.1137 86.4863
      vertex -14.9 31.6903 87.0939
      vertex -15.5 31.538 86.062
    endloop
  endfacet
  facet normal -0.707 -0.513006 0.486802
    outer loop
      vertex -14.9 31.6903 87.0939
      vertex -15.5 32.1362 86.6924
      vertex -15.5 31.538 86.062
    endloop
  endfacet
  facet normal 0 -0.725369 0.68836
    outer loop
      vertex -14.9 31.1137 86.4863
      vertex 14.9 31.6903 87.0939
      vertex -14.9 31.6903 87.0939
    endloop
  endfacet
  facet normal 0 -0.725369 0.68836
    outer loop
      vertex 14.9 31.6903 87.0939
      vertex -14.9 31.1137 86.4863
      vertex 14.9 31.1137 86.4863
    endloop
  endfacet
  facet normal 0.707015 -0.512995 0.486791
    outer loop
      vertex 15.5 31.538 86.062
      vertex 15.5 32.1362 86.6924
      vertex 14.9 31.1137 86.4863
    endloop
  endfacet
  facet normal 0.707 -0.512991 0.486818
    outer loop
      vertex 15.5 32.1362 86.6924
      vertex 14.9 31.6903 87.0939
      vertex 14.9 31.1137 86.4863
    endloop
  endfacet
  facet normal 0.723412 0.500788 -0.475275
    outer loop
      vertex 14.901 33.94 83.9476
      vertex 14.9 33.8007 83.7993
      vertex 14.9 33.946 83.9524
    endloop
  endfacet
  facet normal 0.706237 0.513645 -0.487235
    outer loop
      vertex 14.9431 33.9119 83.979
      vertex 14.9 33.8007 83.7993
      vertex 14.901 33.94 83.9476
    endloop
  endfacet
  facet normal 0.707105 0.512768 -0.4869
    outer loop
      vertex 15.3674 33.6278 84.296
      vertex 14.9 33.8007 83.7993
      vertex 14.9431 33.9119 83.979
    endloop
  endfacet
  facet normal 0.706971 0.513222 -0.486616
    outer loop
      vertex 14.9 33.8007 83.7993
      vertex 15.3674 33.6278 84.296
      vertex 15.5 33.3764 84.2235
    endloop
  endfacet
  facet normal 0.707001 0.512946 -0.486864
    outer loop
      vertex 14.9 34.5143 84.5512
      vertex 15.2108 33.9015 84.3569
      vertex 14.901 34.14 84.1583
    endloop
  endfacet
  facet normal 0.708189 0.512987 -0.485091
    outer loop
      vertex 15.2108 33.9015 84.3569
      vertex 14.9 34.5143 84.5512
      vertex 15.2315 33.8855 84.3702
    endloop
  endfacet
  facet normal 0.710287 0.510561 -0.484583
    outer loop
      vertex 14.9 34.5143 84.5512
      vertex 14.901 34.14 84.1583
      vertex 14.9 34.1319 84.1483
    endloop
  endfacet
  facet normal 0.706803 0.513208 -0.486874
    outer loop
      vertex 15.5 33.5391 84.395
      vertex 15.5 33.3764 84.2235
      vertex 15.3674 33.6278 84.296
    endloop
  endfacet
  facet normal 0.706998 0.512888 -0.486929
    outer loop
      vertex 15.5 34.0684 84.9527
      vertex 15.2315 33.8855 84.3702
      vertex 14.9 34.5143 84.5512
    endloop
  endfacet
  facet normal 0.706884 0.513048 -0.486927
    outer loop
      vertex 15.2315 33.8855 84.3702
      vertex 15.5 34.0684 84.9527
      vertex 15.5 33.6788 84.5422
    endloop
  endfacet
  facet normal 0 0.725342 -0.688388
    outer loop
      vertex 14.9 33.946 83.9524
      vertex 14.9 33.8007 83.7993
      vertex -14.9 33.946 83.9524
    endloop
  endfacet
  facet normal 1 -0 0
    outer loop
      vertex -14.9 33.946 83.9524
      vertex -14.9 33.8007 83.7993
      vertex -14.9 33.9461 83.9525
    endloop
  endfacet
  facet normal 0 0.725342 -0.688388
    outer loop
      vertex -14.9 33.8007 83.7993
      vertex -14.9 33.946 83.9524
      vertex 14.9 33.8007 83.7993
    endloop
  endfacet
  facet normal 0 0.725318 -0.688413
    outer loop
      vertex 14.9 34.1319 84.1483
      vertex -14.9 34.5143 84.5512
      vertex 14.9 34.5143 84.5512
    endloop
  endfacet
  facet normal 0 0.725318 -0.688413
    outer loop
      vertex -14.9 34.1319 84.1483
      vertex -14.9 34.5143 84.5512
      vertex 14.9 34.1319 84.1483
    endloop
  endfacet
  facet normal -0.706977 0.512899 -0.486947
    outer loop
      vertex -15.5 33.3764 84.2235
      vertex -15.0293 33.8584 84.0478
      vertex -14.9 33.8007 83.7993
    endloop
  endfacet
  facet normal -0.707035 0.51304 -0.486715
    outer loop
      vertex -15.0293 33.8584 84.0478
      vertex -15.5 33.3764 84.2235
      vertex -15.5 33.5391 84.395
    endloop
  endfacet
  facet normal -0.708432 0.510754 -0.487088
    outer loop
      vertex -15.1848 33.9168 84.3353
      vertex -15.5 34.0684 84.9527
      vertex -15.1757 33.9237 84.3293
    endloop
  endfacet
  facet normal -0.706948 0.513001 -0.486882
    outer loop
      vertex -15.5 34.0684 84.9527
      vertex -15.1848 33.9168 84.3353
      vertex -15.5 33.6788 84.5422
    endloop
  endfacet
  facet normal -0.706683 0.51335 -0.486899
    outer loop
      vertex -14.9087 33.9401 83.9589
      vertex -14.9 33.8007 83.7993
      vertex -15.0293 33.8584 84.0478
    endloop
  endfacet
  facet normal -0.709442 0.511187 -0.48516
    outer loop
      vertex -14.9 33.8007 83.7993
      vertex -14.9087 33.9401 83.9589
      vertex -14.9 33.9461 83.9525
    endloop
  endfacet
  facet normal -0.706997 0.512957 -0.486858
    outer loop
      vertex -15.1757 33.9237 84.3293
      vertex -14.9 34.5143 84.5512
      vertex -14.9 34.1319 84.1483
    endloop
  endfacet
  facet normal -0.706999 0.512957 -0.486854
    outer loop
      vertex -14.9 34.5143 84.5512
      vertex -15.1757 33.9237 84.3293
      vertex -15.5 34.0684 84.9527
    endloop
  endfacet
  facet normal -0.706999 -0.53779 0.459275
    outer loop
      vertex -14.9 31.6903 87.0939
      vertex -14.9 32.2343 87.7309
      vertex -15.5 32.1362 86.6924
    endloop
  endfacet
  facet normal -0.706995 -0.537798 0.459273
    outer loop
      vertex -14.9 32.2343 87.7309
      vertex -15.5 32.7006 87.3533
      vertex -15.5 32.1362 86.6924
    endloop
  endfacet
  facet normal 0 -0.760435 0.649414
    outer loop
      vertex -14.9 31.6903 87.0939
      vertex 14.9 32.2343 87.7309
      vertex -14.9 32.2343 87.7309
    endloop
  endfacet
  facet normal 0 -0.760435 0.649414
    outer loop
      vertex 14.9 32.2343 87.7309
      vertex -14.9 31.6903 87.0939
      vertex 14.9 31.6903 87.0939
    endloop
  endfacet
  facet normal 0.706999 -0.537795 0.45927
    outer loop
      vertex 15.5 32.1362 86.6924
      vertex 15.5 32.7006 87.3533
      vertex 14.9 31.6903 87.0939
    endloop
  endfacet
  facet normal 0.706995 -0.537794 0.459278
    outer loop
      vertex 15.5 32.7006 87.3533
      vertex 14.9 32.2343 87.7309
      vertex 14.9 31.6903 87.0939
    endloop
  endfacet
  facet normal 0.706999 0.537794 -0.459271
    outer loop
      vertex 14.9 35.1875 85.3395
      vertex 15.5 34.0684 84.9527
      vertex 14.9 34.5143 84.5512
    endloop
  endfacet
  facet normal 0.706956 0.537794 -0.459338
    outer loop
      vertex 15.5 34.7212 85.717
      vertex 15.5 34.0684 84.9527
      vertex 14.9 35.1875 85.3395
    endloop
  endfacet
  facet normal 0 0.76044 -0.649408
    outer loop
      vertex 14.9 34.5143 84.5512
      vertex -14.9 35.1875 85.3395
      vertex 14.9 35.1875 85.3395
    endloop
  endfacet
  facet normal 0 0.76044 -0.649408
    outer loop
      vertex -14.9 35.1875 85.3395
      vertex 14.9 34.5143 84.5512
      vertex -14.9 34.5143 84.5512
    endloop
  endfacet
  facet normal -0.707 0.53776 -0.459309
    outer loop
      vertex -15.5 34.7212 85.717
      vertex -14.9 34.5143 84.5512
      vertex -15.5 34.0684 84.9527
    endloop
  endfacet
  facet normal -0.706956 0.537827 -0.459298
    outer loop
      vertex -14.9 35.1875 85.3395
      vertex -14.9 34.5143 84.5512
      vertex -15.5 34.7212 85.717
    endloop
  endfacet
  facet normal -0.706995 -0.561029 0.430586
    outer loop
      vertex -14.9 32.2343 87.7309
      vertex -14.9 32.7443 88.3954
      vertex -15.5 32.7006 87.3533
    endloop
  endfacet
  facet normal -0.706955 -0.561095 0.430566
    outer loop
      vertex -14.9 32.7443 88.3954
      vertex -15.5 33.2297 88.0428
      vertex -15.5 32.7006 87.3533
    endloop
  endfacet
  facet normal 0 -0.793289 0.608845
    outer loop
      vertex -14.9 32.2343 87.7309
      vertex 14.9 32.7443 88.3954
      vertex -14.9 32.7443 88.3954
    endloop
  endfacet
  facet normal 0 -0.793289 0.608845
    outer loop
      vertex 14.9 32.7443 88.3954
      vertex -14.9 32.2343 87.7309
      vertex 14.9 32.2343 87.7309
    endloop
  endfacet
  facet normal 0.706994 -0.561064 0.430542
    outer loop
      vertex 15.5 32.7006 87.3533
      vertex 15.5 33.2297 88.0428
      vertex 14.9 32.2343 87.7309
    endloop
  endfacet
  facet normal 0.706954 -0.561061 0.430611
    outer loop
      vertex 15.5 33.2297 88.0428
      vertex 14.9 32.7443 88.3954
      vertex 14.9 32.2343 87.7309
    endloop
  endfacet
  facet normal 0.706958 0.56112 -0.430529
    outer loop
      vertex 14.9 35.8185 86.1619
      vertex 15.5 34.7212 85.717
      vertex 14.9 35.1875 85.3395
    endloop
  endfacet
  facet normal 0.706956 0.56112 -0.430532
    outer loop
      vertex 15.5 35.3331 86.5145
      vertex 15.5 34.7212 85.717
      vertex 14.9 35.8185 86.1619
    endloop
  endfacet
  facet normal 0 0.793377 -0.608731
    outer loop
      vertex 14.9 35.1875 85.3395
      vertex -14.9 35.8185 86.1619
      vertex 14.9 35.8185 86.1619
    endloop
  endfacet
  facet normal 0 0.793377 -0.608731
    outer loop
      vertex -14.9 35.8185 86.1619
      vertex 14.9 35.1875 85.3395
      vertex -14.9 35.1875 85.3395
    endloop
  endfacet
  facet normal -0.706958 0.561118 -0.430531
    outer loop
      vertex -15.5 35.3331 86.5145
      vertex -14.9 35.1875 85.3395
      vertex -15.5 34.7212 85.717
    endloop
  endfacet
  facet normal -0.706956 0.561122 -0.43053
    outer loop
      vertex -14.9 35.8185 86.1619
      vertex -14.9 35.1875 85.3395
      vertex -15.5 35.3331 86.5145
    endloop
  endfacet
  facet normal -0.706956 -0.582908 0.400538
    outer loop
      vertex -14.9 32.7443 88.3954
      vertex -14.9 33.2187 89.0858
      vertex -15.5 33.2297 88.0428
    endloop
  endfacet
  facet normal -0.70699 -0.582853 0.400559
    outer loop
      vertex -14.9 33.2187 89.0858
      vertex -15.5 33.7219 88.759
      vertex -15.5 33.2297 88.0428
    endloop
  endfacet
  facet normal 0 -0.824181 0.566326
    outer loop
      vertex -14.9 32.7443 88.3954
      vertex 14.9 33.2187 89.0858
      vertex -14.9 33.2187 89.0858
    endloop
  endfacet
  facet normal 0 -0.824181 0.566326
    outer loop
      vertex 14.9 33.2187 89.0858
      vertex -14.9 32.7443 88.3954
      vertex 14.9 32.7443 88.3954
    endloop
  endfacet
  facet normal 0.706957 -0.582881 0.400578
    outer loop
      vertex 15.5 33.2297 88.0428
      vertex 15.5 33.7219 88.759
      vertex 14.9 32.7443 88.3954
    endloop
  endfacet
  facet normal 0.706991 -0.58288 0.400519
    outer loop
      vertex 15.5 33.7219 88.759
      vertex 14.9 33.2187 89.0858
      vertex 14.9 32.7443 88.3954
    endloop
  endfacet
  facet normal 0.706957 0.582851 -0.40062
    outer loop
      vertex 14.9 36.4057 87.0162
      vertex 15.5 35.3331 86.5145
      vertex 14.9 35.8185 86.1619
    endloop
  endfacet
  facet normal 0.706956 0.582851 -0.400622
    outer loop
      vertex 15.5 35.9025 87.3429
      vertex 15.5 35.3331 86.5145
      vertex 14.9 36.4057 87.0162
    endloop
  endfacet
  facet normal 0 0.824101 -0.566443
    outer loop
      vertex 14.9 35.8185 86.1619
      vertex -14.9 36.4057 87.0162
      vertex 14.9 36.4057 87.0162
    endloop
  endfacet
  facet normal 0 0.824101 -0.566443
    outer loop
      vertex -14.9 36.4057 87.0162
      vertex 14.9 35.8185 86.1619
      vertex -14.9 35.8185 86.1619
    endloop
  endfacet
  facet normal -0.706957 0.58285 -0.400621
    outer loop
      vertex -15.5 35.9025 87.3429
      vertex -14.9 35.8185 86.1619
      vertex -15.5 35.3331 86.5145
    endloop
  endfacet
  facet normal -0.706956 0.582852 -0.400621
    outer loop
      vertex -14.9 36.4057 87.0162
      vertex -14.9 35.8185 86.1619
      vertex -15.5 35.9025 87.3429
    endloop
  endfacet
  facet normal -0.70699 -0.602993 0.369546
    outer loop
      vertex -14.9 33.2187 89.0858
      vertex -14.9 33.6564 89.8
      vertex -15.5 33.7219 88.759
    endloop
  endfacet
  facet normal -0.706978 -0.603012 0.369538
    outer loop
      vertex -14.9 33.6564 89.8
      vertex -15.5 34.176 89.5
      vertex -15.5 33.7219 88.759
    endloop
  endfacet
  facet normal 0 -0.85262 0.522531
    outer loop
      vertex -14.9 33.2187 89.0858
      vertex 14.9 33.6564 89.8
      vertex -14.9 33.6564 89.8
    endloop
  endfacet
  facet normal 0 -0.85262 0.522531
    outer loop
      vertex 14.9 33.6564 89.8
      vertex -14.9 33.2187 89.0858
      vertex 14.9 33.2187 89.0858
    endloop
  endfacet
  facet normal 0.70699 -0.603002 0.369532
    outer loop
      vertex 15.5 33.7219 88.759
      vertex 15.5 34.176 89.5
      vertex 14.9 33.2187 89.0858
    endloop
  endfacet
  facet normal 0.706978 -0.603004 0.369553
    outer loop
      vertex 15.5 34.176 89.5
      vertex 14.9 33.6564 89.8
      vertex 14.9 33.2187 89.0858
    endloop
  endfacet
  facet normal 0.706959 0.603032 -0.369543
    outer loop
      vertex 14.9 36.9473 87.9
      vertex 15.5 35.9025 87.3429
      vertex 14.9 36.4057 87.0162
    endloop
  endfacet
  facet normal 0.706978 0.603027 -0.369513
    outer loop
      vertex 15.5 36.4277 88.2
      vertex 15.5 35.9025 87.3429
      vertex 14.9 36.9473 87.9
    endloop
  endfacet
  facet normal 0 0.852637 -0.522503
    outer loop
      vertex 14.9 36.4057 87.0162
      vertex -14.9 36.9473 87.9
      vertex 14.9 36.9473 87.9
    endloop
  endfacet
  facet normal 0 0.852637 -0.522503
    outer loop
      vertex -14.9 36.9473 87.9
      vertex 14.9 36.4057 87.0162
      vertex -14.9 36.4057 87.0162
    endloop
  endfacet
  facet normal -0.706958 0.603044 -0.369524
    outer loop
      vertex -15.5 36.4277 88.2
      vertex -14.9 36.4057 87.0162
      vertex -15.5 35.9025 87.3429
    endloop
  endfacet
  facet normal -0.706978 0.603016 -0.369533
    outer loop
      vertex -14.9 36.9473 87.9
      vertex -14.9 36.4057 87.0162
      vertex -15.5 36.4277 88.2
    endloop
  endfacet
  facet normal -0.706978 -0.62152 0.337483
    outer loop
      vertex -14.9 33.6564 89.8
      vertex -14.9 34.0561 90.5361
      vertex -15.5 34.176 89.5
    endloop
  endfacet
  facet normal -0.706957 -0.621552 0.337468
    outer loop
      vertex -14.9 34.0561 90.5361
      vertex -15.5 34.5907 90.2638
      vertex -15.5 34.176 89.5
    endloop
  endfacet
  facet normal 0 -0.878802 0.477187
    outer loop
      vertex -14.9 33.6564 89.8
      vertex 14.9 34.0561 90.5361
      vertex -14.9 34.0561 90.5361
    endloop
  endfacet
  facet normal 0 -0.878802 0.477187
    outer loop
      vertex 14.9 34.0561 90.5361
      vertex -14.9 33.6564 89.8
      vertex 14.9 33.6564 89.8
    endloop
  endfacet
  facet normal 0.706978 -0.621534 0.337458
    outer loop
      vertex 15.5 34.176 89.5
      vertex 15.5 34.5907 90.2638
      vertex 14.9 33.6564 89.8
    endloop
  endfacet
  facet normal 0.706957 -0.621539 0.337494
    outer loop
      vertex 15.5 34.5907 90.2638
      vertex 14.9 34.0561 90.5361
      vertex 14.9 33.6564 89.8
    endloop
  endfacet
  facet normal 0.706977 0.621541 -0.337447
    outer loop
      vertex 14.9 37.4419 88.811
      vertex 15.5 36.4277 88.2
      vertex 14.9 36.9473 87.9
    endloop
  endfacet
  facet normal 0.706986 0.621538 -0.337434
    outer loop
      vertex 15.5 36.9073 89.0834
      vertex 15.5 36.4277 88.2
      vertex 14.9 37.4419 88.811
    endloop
  endfacet
  facet normal 0 0.87883 -0.477134
    outer loop
      vertex 14.9 36.9473 87.9
      vertex -14.9 37.4419 88.811
      vertex 14.9 37.4419 88.811
    endloop
  endfacet
  facet normal 0 0.87883 -0.477134
    outer loop
      vertex -14.9 37.4419 88.811
      vertex 14.9 36.9473 87.9
      vertex -14.9 36.9473 87.9
    endloop
  endfacet
  facet normal -0.706977 0.621545 -0.337438
    outer loop
      vertex -15.5 36.9073 89.0834
      vertex -14.9 36.9473 87.9
      vertex -15.5 36.4277 88.2
    endloop
  endfacet
  facet normal -0.706985 0.621534 -0.337443
    outer loop
      vertex -14.9 37.4419 88.811
      vertex -14.9 36.9473 87.9
      vertex -15.5 36.9073 89.0834
    endloop
  endfacet
  facet normal -0.706959 -0.638371 0.304453
    outer loop
      vertex -14.9 34.0561 90.5361
      vertex -14.9 34.4167 91.2922
      vertex -15.5 34.5907 90.2638
    endloop
  endfacet
  facet normal -0.706961 -0.638368 0.304454
    outer loop
      vertex -14.9 34.4167 91.2922
      vertex -15.5 34.9648 91.0482
      vertex -15.5 34.5907 90.2638
    endloop
  endfacet
  facet normal 0 -0.902604 0.430471
    outer loop
      vertex -14.9 34.0561 90.5361
      vertex 14.9 34.4167 91.2922
      vertex -14.9 34.4167 91.2922
    endloop
  endfacet
  facet normal 0 -0.902604 0.430471
    outer loop
      vertex 14.9 34.4167 91.2922
      vertex -14.9 34.0561 90.5361
      vertex 14.9 34.0561 90.5361
    endloop
  endfacet
  facet normal 0.706959 -0.63837 0.304455
    outer loop
      vertex 15.5 34.5907 90.2638
      vertex 15.5 34.9648 91.0482
      vertex 14.9 34.0561 90.5361
    endloop
  endfacet
  facet normal 0.706961 -0.638369 0.304452
    outer loop
      vertex 15.5 34.9648 91.0482
      vertex 14.9 34.4167 91.2922
      vertex 14.9 34.0561 90.5361
    endloop
  endfacet
  facet normal 0.706985 0.638323 -0.304493
    outer loop
      vertex 14.9 37.8882 89.7466
      vertex 15.5 36.9073 89.0834
      vertex 14.9 37.4419 88.811
    endloop
  endfacet
  facet normal 0.706985 0.638323 -0.304493
    outer loop
      vertex 15.5 37.3401 89.9907
      vertex 15.5 36.9073 89.0834
      vertex 14.9 37.8882 89.7466
    endloop
  endfacet
  facet normal 0 0.90257 -0.430544
    outer loop
      vertex 14.9 37.4419 88.811
      vertex -14.9 37.8882 89.7466
      vertex 14.9 37.8882 89.7466
    endloop
  endfacet
  facet normal 0 0.90257 -0.430544
    outer loop
      vertex -14.9 37.8882 89.7466
      vertex 14.9 37.4419 88.811
      vertex -14.9 37.4419 88.811
    endloop
  endfacet
  facet normal -0.706985 0.638323 -0.304493
    outer loop
      vertex -15.5 37.3401 89.9907
      vertex -14.9 37.4419 88.811
      vertex -15.5 36.9073 89.0834
    endloop
  endfacet
  facet normal -0.706985 0.638323 -0.304493
    outer loop
      vertex -14.9 37.8882 89.7466
      vertex -14.9 37.4419 88.811
      vertex -15.5 37.3401 89.9907
    endloop
  endfacet
  facet normal -0.706962 -0.653404 0.270682
    outer loop
      vertex -14.9 34.4167 91.2922
      vertex -14.9 34.7373 92.0661
      vertex -15.5 34.9648 91.0482
    endloop
  endfacet
  facet normal -0.706954 -0.653414 0.270676
    outer loop
      vertex -14.9 34.7373 92.0661
      vertex -15.5 35.2974 91.8511
      vertex -15.5 34.9648 91.0482
    endloop
  endfacet
  facet normal 0 -0.923863 0.382724
    outer loop
      vertex -14.9 34.4167 91.2922
      vertex 14.9 34.7373 92.0661
      vertex -14.9 34.7373 92.0661
    endloop
  endfacet
  facet normal 0 -0.923863 0.382724
    outer loop
      vertex 14.9 34.7373 92.0661
      vertex -14.9 34.4167 91.2922
      vertex 14.9 34.4167 91.2922
    endloop
  endfacet
  facet normal 0.706962 -0.653408 0.270673
    outer loop
      vertex 15.5 34.9648 91.0482
      vertex 15.5 35.2974 91.8511
      vertex 14.9 34.4167 91.2922
    endloop
  endfacet
  facet normal 0.706954 -0.65341 0.270685
    outer loop
      vertex 15.5 35.2974 91.8511
      vertex 14.9 34.7373 92.0661
      vertex 14.9 34.4167 91.2922
    endloop
  endfacet
  facet normal 0.706984 0.653393 -0.27065
    outer loop
      vertex 14.9 38.2849 90.7043
      vertex 15.5 37.3401 89.9907
      vertex 14.9 37.8882 89.7466
    endloop
  endfacet
  facet normal 0.707009 0.653381 -0.270612
    outer loop
      vertex 15.5 37.7247 90.9193
      vertex 15.5 37.3401 89.9907
      vertex 14.9 38.2849 90.7043
    endloop
  endfacet
  facet normal 0 0.923877 -0.38269
    outer loop
      vertex 14.9 37.8882 89.7466
      vertex -14.9 38.2849 90.7043
      vertex 14.9 38.2849 90.7043
    endloop
  endfacet
  facet normal 0 0.923877 -0.38269
    outer loop
      vertex -14.9 38.2849 90.7043
      vertex 14.9 37.8882 89.7466
      vertex -14.9 37.8882 89.7466
    endloop
  endfacet
  facet normal -0.706983 0.653405 -0.270622
    outer loop
      vertex -15.5 37.7247 90.9193
      vertex -14.9 37.8882 89.7466
      vertex -15.5 37.3401 89.9907
    endloop
  endfacet
  facet normal -0.707009 0.65337 -0.27064
    outer loop
      vertex -14.9 38.2849 90.7043
      vertex -14.9 37.8882 89.7466
      vertex -15.5 37.7247 90.9193
    endloop
  endfacet
  facet normal -0.706955 -0.666695 0.236079
    outer loop
      vertex -14.9 34.7373 92.0661
      vertex -14.9 35.0169 92.8557
      vertex -15.5 35.2974 91.8511
    endloop
  endfacet
  facet normal -0.706965 -0.666681 0.236089
    outer loop
      vertex -14.9 35.0169 92.8557
      vertex -15.5 35.5875 92.6703
      vertex -15.5 35.2974 91.8511
    endloop
  endfacet
  facet normal 0 -0.942646 0.333794
    outer loop
      vertex -14.9 34.7373 92.0661
      vertex 14.9 35.0169 92.8557
      vertex -14.9 35.0169 92.8557
    endloop
  endfacet
  facet normal 0 -0.942646 0.333794
    outer loop
      vertex 14.9 35.0169 92.8557
      vertex -14.9 34.7373 92.0661
      vertex 14.9 34.7373 92.0661
    endloop
  endfacet
  facet normal 0.706955 -0.66669 0.236092
    outer loop
      vertex 15.5 35.2974 91.8511
      vertex 15.5 35.5875 92.6703
      vertex 14.9 34.7373 92.0661
    endloop
  endfacet
  facet normal 0.706965 -0.666685 0.236075
    outer loop
      vertex 15.5 35.5875 92.6703
      vertex 14.9 35.0169 92.8557
      vertex 14.9 34.7373 92.0661
    endloop
  endfacet
  facet normal 0.70701 0.666649 -0.236042
    outer loop
      vertex 14.9 38.6309 91.6815
      vertex 15.5 37.7247 90.9193
      vertex 14.9 38.2849 90.7043
    endloop
  endfacet
  facet normal 0.706964 0.666674 -0.236108
    outer loop
      vertex 15.5 38.0603 91.8669
      vertex 15.5 37.7247 90.9193
      vertex 14.9 38.6309 91.6815
    endloop
  endfacet
  facet normal 0 0.942655 -0.333769
    outer loop
      vertex 14.9 38.2849 90.7043
      vertex -14.9 38.6309 91.6815
      vertex 14.9 38.6309 91.6815
    endloop
  endfacet
  facet normal 0 0.942655 -0.333769
    outer loop
      vertex -14.9 38.6309 91.6815
      vertex 14.9 38.2849 90.7043
      vertex -14.9 38.2849 90.7043
    endloop
  endfacet
  facet normal -0.707011 0.666631 -0.236092
    outer loop
      vertex -15.5 38.0603 91.8669
      vertex -14.9 38.2849 90.7043
      vertex -15.5 37.7247 90.9193
    endloop
  endfacet
  facet normal -0.706965 0.666691 -0.236057
    outer loop
      vertex -14.9 38.6309 91.6815
      vertex -14.9 38.2849 90.7043
      vertex -15.5 38.0603 91.8669
    endloop
  endfacet
  facet normal -0.706965 -0.678129 0.200855
    outer loop
      vertex -14.9 35.0169 92.8557
      vertex -14.9 35.2548 93.6589
      vertex -15.5 35.5875 92.6703
    endloop
  endfacet
  facet normal -0.707012 -0.678065 0.200905
    outer loop
      vertex -14.9 35.2548 93.6589
      vertex -15.5 35.8344 93.5036
      vertex -15.5 35.5875 92.6703
    endloop
  endfacet
  facet normal 0 -0.958826 0.283995
    outer loop
      vertex -14.9 35.0169 92.8557
      vertex 14.9 35.2548 93.6589
      vertex -14.9 35.2548 93.6589
    endloop
  endfacet
  facet normal 0 -0.958826 0.283995
    outer loop
      vertex 14.9 35.2548 93.6589
      vertex -14.9 35.0169 92.8557
      vertex 14.9 35.0169 92.8557
    endloop
  endfacet
  facet normal 0.706965 -0.678109 0.200918
    outer loop
      vertex 15.5 35.5875 92.6703
      vertex 15.5 35.8344 93.5036
      vertex 14.9 35.0169 92.8557
    endloop
  endfacet
  facet normal 0.707012 -0.678083 0.200841
    outer loop
      vertex 15.5 35.8344 93.5036
      vertex 14.9 35.2548 93.6589
      vertex 14.9 35.0169 92.8557
    endloop
  endfacet
  facet normal 0.706965 0.678125 -0.200865
    outer loop
      vertex 14.9 38.9253 92.6754
      vertex 15.5 38.0603 91.8669
      vertex 14.9 38.6309 91.6815
    endloop
  endfacet
  facet normal 0.706956 0.678131 -0.200878
    outer loop
      vertex 15.5 38.3458 92.8307
      vertex 15.5 38.0603 91.8669
      vertex 14.9 38.9253 92.6754
    endloop
  endfacet
  facet normal 0 0.958821 -0.284009
    outer loop
      vertex 14.9 38.6309 91.6815
      vertex -14.9 38.9253 92.6754
      vertex 14.9 38.9253 92.6754
    endloop
  endfacet
  facet normal 0 0.958821 -0.284009
    outer loop
      vertex -14.9 38.9253 92.6754
      vertex 14.9 38.6309 91.6815
      vertex -14.9 38.6309 91.6815
    endloop
  endfacet
  facet normal -0.706965 0.678122 -0.200876
    outer loop
      vertex -15.5 38.3458 92.8307
      vertex -14.9 38.6309 91.6815
      vertex -15.5 38.0603 91.8669
    endloop
  endfacet
  facet normal -0.706956 0.678134 -0.200868
    outer loop
      vertex -14.9 38.9253 92.6754
      vertex -14.9 38.6309 91.6815
      vertex -15.5 38.3458 92.8307
    endloop
  endfacet
  facet normal -0.707013 -0.68765 0.165137
    outer loop
      vertex -14.9 35.2548 93.6589
      vertex -14.9 35.4504 94.4734
      vertex -15.5 35.8344 93.5036
    endloop
  endfacet
  facet normal -0.706929 -0.687759 0.165043
    outer loop
      vertex -14.9 35.4504 94.4734
      vertex -15.5 36.0372 94.3487
      vertex -15.5 35.8344 93.5036
    endloop
  endfacet
  facet normal 0 -0.972355 0.233508
    outer loop
      vertex -14.9 35.2548 93.6589
      vertex 14.9 35.4504 94.4734
      vertex -14.9 35.4504 94.4734
    endloop
  endfacet
  facet normal 0 -0.972355 0.233508
    outer loop
      vertex 14.9 35.4504 94.4734
      vertex -14.9 35.2548 93.6589
      vertex 14.9 35.2548 93.6589
    endloop
  endfacet
  facet normal 0.707011 -0.687679 0.165023
    outer loop
      vertex 15.5 35.8344 93.5036
      vertex 15.5 36.0372 94.3487
      vertex 14.9 35.2548 93.6589
    endloop
  endfacet
  facet normal 0.706928 -0.687733 0.165157
    outer loop
      vertex 15.5 36.0372 94.3487
      vertex 14.9 35.4504 94.4734
      vertex 14.9 35.2548 93.6589
    endloop
  endfacet
  facet normal 0.706955 0.687713 -0.165122
    outer loop
      vertex 14.9 39.1673 93.6833
      vertex 15.5 38.3458 92.8307
      vertex 14.9 38.9253 92.6754
    endloop
  endfacet
  facet normal 0.707 0.687682 -0.16506
    outer loop
      vertex 15.5 38.5804 93.8081
      vertex 15.5 38.3458 92.8307
      vertex 14.9 39.1673 93.6833
    endloop
  endfacet
  facet normal 0 0.972365 -0.233468
    outer loop
      vertex 14.9 38.9253 92.6754
      vertex -14.9 39.1673 93.6833
      vertex 14.9 39.1673 93.6833
    endloop
  endfacet
  facet normal 0 0.972365 -0.233468
    outer loop
      vertex -14.9 39.1673 93.6833
      vertex 14.9 38.9253 92.6754
      vertex -14.9 38.9253 92.6754
    endloop
  endfacet
  facet normal -0.706954 0.687726 -0.165071
    outer loop
      vertex -15.5 38.5804 93.8081
      vertex -14.9 38.9253 92.6754
      vertex -15.5 38.3458 92.8307
    endloop
  endfacet
  facet normal -0.706999 0.68767 -0.165112
    outer loop
      vertex -14.9 39.1673 93.6833
      vertex -14.9 38.9253 92.6754
      vertex -15.5 38.5804 93.8081
    endloop
  endfacet
  facet normal -0.706929 -0.695451 0.12884
    outer loop
      vertex -14.9 35.4504 94.4734
      vertex -14.9 35.603 95.2971
      vertex -15.5 36.0372 94.3487
    endloop
  endfacet
  facet normal -0.706982 -0.695385 0.128905
    outer loop
      vertex -14.9 35.603 95.2971
      vertex -15.5 36.1956 95.2032
      vertex -15.5 36.0372 94.3487
    endloop
  endfacet
  facet normal 0 -0.983269 0.182162
    outer loop
      vertex -14.9 35.4504 94.4734
      vertex 14.9 35.603 95.2971
      vertex -14.9 35.603 95.2971
    endloop
  endfacet
  facet normal 0 -0.983269 0.182162
    outer loop
      vertex 14.9 35.603 95.2971
      vertex -14.9 35.4504 94.4734
      vertex 14.9 35.4504 94.4734
    endloop
  endfacet
  facet normal 0.706929 -0.695436 0.128914
    outer loop
      vertex 15.5 36.0372 94.3487
      vertex 15.5 36.1956 95.2032
      vertex 14.9 35.4504 94.4734
    endloop
  endfacet
  facet normal 0.706983 -0.695398 0.12883
    outer loop
      vertex 15.5 36.1956 95.2032
      vertex 14.9 35.603 95.2971
      vertex 14.9 35.4504 94.4734
    endloop
  endfacet
  facet normal 0.706998 0.695375 -0.128869
    outer loop
      vertex 14.9 39.3562 94.7026
      vertex 15.5 38.5804 93.8081
      vertex 14.9 39.1673 93.6833
    endloop
  endfacet
  facet normal 0.706982 0.695387 -0.12889
    outer loop
      vertex 15.5 38.7636 94.7965
      vertex 15.5 38.5804 93.8081
      vertex 14.9 39.3562 94.7026
    endloop
  endfacet
  facet normal 0 0.983258 -0.182221
    outer loop
      vertex 14.9 39.1673 93.6833
      vertex -14.9 39.3562 94.7026
      vertex 14.9 39.3562 94.7026
    endloop
  endfacet
  facet normal 0 0.983258 -0.182221
    outer loop
      vertex -14.9 39.3562 94.7026
      vertex 14.9 39.1673 93.6833
      vertex -14.9 39.1673 93.6833
    endloop
  endfacet
  facet normal -0.706998 0.695372 -0.128887
    outer loop
      vertex -15.5 38.7636 94.7965
      vertex -14.9 39.1673 93.6833
      vertex -15.5 38.5804 93.8081
    endloop
  endfacet
  facet normal -0.706982 0.69539 -0.128872
    outer loop
      vertex -14.9 39.3562 94.7026
      vertex -14.9 39.1673 93.6833
      vertex -15.5 38.7636 94.7965
    endloop
  endfacet
  facet normal -0.706981 -0.701185 0.0922923
    outer loop
      vertex -14.9 35.603 95.2971
      vertex -14.9 35.7123 96.1275
      vertex -15.5 36.1956 95.2032
    endloop
  endfacet
  facet normal -0.707034 -0.701122 0.09236
    outer loop
      vertex -14.9 35.7123 96.1275
      vertex -15.5 36.3091 96.0648
      vertex -15.5 36.1956 95.2032
    endloop
  endfacet
  facet normal 0 -0.991449 0.130498
    outer loop
      vertex -14.9 35.603 95.2971
      vertex 14.9 35.7123 96.1275
      vertex -14.9 35.7123 96.1275
    endloop
  endfacet
  facet normal 0 -0.991449 0.130498
    outer loop
      vertex 14.9 35.7123 96.1275
      vertex -14.9 35.603 95.2971
      vertex 14.9 35.603 95.2971
    endloop
  endfacet
  facet normal 0.706982 -0.701174 0.0923668
    outer loop
      vertex 15.5 36.1956 95.2032
      vertex 15.5 36.3091 96.0648
      vertex 14.9 35.603 95.2971
    endloop
  endfacet
  facet normal 0.707035 -0.701131 0.0922852
    outer loop
      vertex 15.5 36.3091 96.0648
      vertex 14.9 35.7123 96.1275
      vertex 14.9 35.603 95.2971
    endloop
  endfacet
  facet normal 0.706981 0.701182 -0.0923129
    outer loop
      vertex 14.9 39.4915 95.7303
      vertex 15.5 38.7636 94.7965
      vertex 14.9 39.3562 94.7026
    endloop
  endfacet
  facet normal 0.706984 0.701179 -0.0923086
    outer loop
      vertex 15.5 38.8948 95.7931
      vertex 15.5 38.7636 94.7965
      vertex 14.9 39.4915 95.7303
    endloop
  endfacet
  facet normal 0 0.991445 -0.130527
    outer loop
      vertex 14.9 39.3562 94.7026
      vertex -14.9 39.4915 95.7303
      vertex 14.9 39.4915 95.7303
    endloop
  endfacet
  facet normal 0 0.991445 -0.130527
    outer loop
      vertex -14.9 39.4915 95.7303
      vertex 14.9 39.3562 94.7026
      vertex -14.9 39.3562 94.7026
    endloop
  endfacet
  facet normal -0.706981 0.701183 -0.092309
    outer loop
      vertex -15.5 38.8948 95.7931
      vertex -14.9 39.3562 94.7026
      vertex -15.5 38.7636 94.7965
    endloop
  endfacet
  facet normal -0.706984 0.701179 -0.0923124
    outer loop
      vertex -14.9 39.4915 95.7303
      vertex -14.9 39.3562 94.7026
      vertex -15.5 38.8948 95.7931
    endloop
  endfacet
  facet normal -0.707037 -0.704992 0.0555484
    outer loop
      vertex -14.9 35.7123 96.1275
      vertex -14.9 35.7781 96.9626
      vertex -15.5 36.3091 96.0648
    endloop
  endfacet
  facet normal -0.706941 -0.705098 0.0554215
    outer loop
      vertex -14.9 35.7781 96.9626
      vertex -15.5 36.3772 96.9312
      vertex -15.5 36.3091 96.0648
    endloop
  endfacet
  facet normal 0 -0.99691 0.0785495
    outer loop
      vertex -14.9 35.7123 96.1275
      vertex 14.9 35.7781 96.9626
      vertex -14.9 35.7781 96.9626
    endloop
  endfacet
  facet normal 0 -0.99691 0.0785495
    outer loop
      vertex 14.9 35.7781 96.9626
      vertex -14.9 35.7123 96.1275
      vertex 14.9 35.7123 96.1275
    endloop
  endfacet
  facet normal 0.707035 -0.705004 0.0554141
    outer loop
      vertex 15.5 36.3091 96.0648
      vertex 15.5 36.3772 96.9312
      vertex 14.9 35.7123 96.1275
    endloop
  endfacet
  facet normal 0.706939 -0.705089 0.0555561
    outer loop
      vertex 15.5 36.3772 96.9312
      vertex 14.9 35.7781 96.9626
      vertex 14.9 35.7123 96.1275
    endloop
  endfacet
  facet normal 0.706982 0.705047 -0.055536
    outer loop
      vertex 14.9 39.5729 96.7637
      vertex 15.5 38.8948 95.7931
      vertex 14.9 39.4915 95.7303
    endloop
  endfacet
  facet normal 0.707003 0.705029 -0.0555102
    outer loop
      vertex 15.5 38.9737 96.7952
      vertex 15.5 38.8948 95.7931
      vertex 14.9 39.5729 96.7637
    endloop
  endfacet
  facet normal 0 0.996912 -0.0785259
    outer loop
      vertex 14.9 39.4915 95.7303
      vertex -14.9 39.5729 96.7637
      vertex 14.9 39.5729 96.7637
    endloop
  endfacet
  facet normal 0 0.996912 -0.0785259
    outer loop
      vertex -14.9 39.5729 96.7637
      vertex 14.9 39.4915 95.7303
      vertex -14.9 39.4915 95.7303
    endloop
  endfacet
  facet normal -0.706982 0.70505 -0.0555118
    outer loop
      vertex -15.5 38.9737 96.7952
      vertex -14.9 39.4915 95.7303
      vertex -15.5 38.8948 95.7931
    endloop
  endfacet
  facet normal -0.707003 0.705027 -0.0555344
    outer loop
      vertex -14.9 39.5729 96.7637
      vertex -14.9 39.4915 95.7303
      vertex -15.5 38.9737 96.7952
    endloop
  endfacet
  facet normal -0.706939 -0.707032 0.0184906
    outer loop
      vertex -14.9 35.7781 96.9626
      vertex -14.9 35.8 97.8
      vertex -15.5 36.3772 96.9312
    endloop
  endfacet
  facet normal -0.706985 -0.706985 0.0185535
    outer loop
      vertex -14.9 35.8 97.8
      vertex -15.5 36.4 97.8
      vertex -15.5 36.3772 96.9312
    endloop
  endfacet
  facet normal 0 -0.999658 0.0261434
    outer loop
      vertex -14.9 35.7781 96.9626
      vertex 14.9 35.8 97.8
      vertex -14.9 35.8 97.8
    endloop
  endfacet
  facet normal 0 -0.999658 0.0261434
    outer loop
      vertex 14.9 35.8 97.8
      vertex -14.9 35.7781 96.9626
      vertex 14.9 35.7781 96.9626
    endloop
  endfacet
  facet normal 0.70694 -0.70703 0.0185546
    outer loop
      vertex 15.5 36.3772 96.9312
      vertex 15.5 36.4 97.8
      vertex 14.9 35.7781 96.9626
    endloop
  endfacet
  facet normal 0.706986 -0.706986 0.0184894
    outer loop
      vertex 15.5 36.4 97.8
      vertex 14.9 35.8 97.8
      vertex 14.9 35.7781 96.9626
    endloop
  endfacet
  facet normal 0.707 0.706972 -0.0184878
    outer loop
      vertex 14.9 39.6 97.8
      vertex 15.5 38.9737 96.7952
      vertex 14.9 39.5729 96.7637
    endloop
  endfacet
  facet normal 0.706986 0.706986 -0.0185049
    outer loop
      vertex 15.5 39 97.8
      vertex 15.5 38.9737 96.7952
      vertex 14.9 39.6 97.8
    endloop
  endfacet
  facet normal 0 0.999658 -0.0261418
    outer loop
      vertex 14.9 39.5729 96.7637
      vertex -14.9 39.6 97.8
      vertex 14.9 39.6 97.8
    endloop
  endfacet
  facet normal 0 0.999658 -0.0261418
    outer loop
      vertex -14.9 39.6 97.8
      vertex 14.9 39.5729 96.7637
      vertex -14.9 39.5729 96.7637
    endloop
  endfacet
  facet normal -0.707 0.706971 -0.0185045
    outer loop
      vertex -15.5 39 97.8
      vertex -14.9 39.5729 96.7637
      vertex -15.5 38.9737 96.7952
    endloop
  endfacet
  facet normal -0.706986 0.706986 -0.0184882
    outer loop
      vertex -14.9 39.6 97.8
      vertex -14.9 39.5729 96.7637
      vertex -15.5 39 97.8
    endloop
  endfacet
  facet normal -0.706986 -0.706986 -0.0184894
    outer loop
      vertex -14.9 35.8 97.8
      vertex -14.9 35.7781 98.6374
      vertex -15.5 36.4 97.8
    endloop
  endfacet
  facet normal -0.70694 -0.70703 -0.0185546
    outer loop
      vertex -15.5 36.4 97.8
      vertex -14.9 35.7781 98.6374
      vertex -15.5 36.3772 98.6688
    endloop
  endfacet
  facet normal 0 -0.999658 -0.0261434
    outer loop
      vertex -14.9 35.8 97.8
      vertex 14.9 35.7781 98.6374
      vertex -14.9 35.7781 98.6374
    endloop
  endfacet
  facet normal 0 -0.999658 -0.0261434
    outer loop
      vertex 14.9 35.7781 98.6374
      vertex -14.9 35.8 97.8
      vertex 14.9 35.8 97.8
    endloop
  endfacet
  facet normal 0.706985 -0.706985 -0.0185535
    outer loop
      vertex 15.5 36.4 97.8
      vertex 15.5 36.3772 98.6688
      vertex 14.9 35.8 97.8
    endloop
  endfacet
  facet normal 0.706939 -0.707032 -0.0184906
    outer loop
      vertex 14.9 35.8 97.8
      vertex 15.5 36.3772 98.6688
      vertex 14.9 35.7781 98.6374
    endloop
  endfacet
  facet normal 0.706986 0.706986 0.0184882
    outer loop
      vertex 15.5 39 97.8
      vertex 14.9 39.6 97.8
      vertex 14.9 39.5729 98.8363
    endloop
  endfacet
  facet normal 0.707 0.706971 0.0185045
    outer loop
      vertex 15.5 38.9737 98.8048
      vertex 15.5 39 97.8
      vertex 14.9 39.5729 98.8363
    endloop
  endfacet
  facet normal 0 0.999658 0.0261418
    outer loop
      vertex 14.9 39.6 97.8
      vertex -14.9 39.5729 98.8363
      vertex 14.9 39.5729 98.8363
    endloop
  endfacet
  facet normal 0 0.999658 0.0261418
    outer loop
      vertex -14.9 39.5729 98.8363
      vertex 14.9 39.6 97.8
      vertex -14.9 39.6 97.8
    endloop
  endfacet
  facet normal -0.706986 0.706986 0.0185049
    outer loop
      vertex -14.9 39.6 97.8
      vertex -15.5 39 97.8
      vertex -15.5 38.9737 98.8048
    endloop
  endfacet
  facet normal -0.707 0.706972 0.0184878
    outer loop
      vertex -14.9 39.5729 98.8363
      vertex -14.9 39.6 97.8
      vertex -15.5 38.9737 98.8048
    endloop
  endfacet
  facet normal -0.706939 -0.705089 -0.0555561
    outer loop
      vertex -14.9 35.7781 98.6374
      vertex -14.9 35.7123 99.4725
      vertex -15.5 36.3772 98.6688
    endloop
  endfacet
  facet normal -0.707035 -0.705004 -0.0554141
    outer loop
      vertex -15.5 36.3772 98.6688
      vertex -14.9 35.7123 99.4725
      vertex -15.5 36.3091 99.5352
    endloop
  endfacet
  facet normal 0 -0.99691 -0.0785495
    outer loop
      vertex -14.9 35.7781 98.6374
      vertex 14.9 35.7123 99.4725
      vertex -14.9 35.7123 99.4725
    endloop
  endfacet
  facet normal 0 -0.99691 -0.0785495
    outer loop
      vertex 14.9 35.7123 99.4725
      vertex -14.9 35.7781 98.6374
      vertex 14.9 35.7781 98.6374
    endloop
  endfacet
  facet normal 0.706941 -0.705098 -0.0554215
    outer loop
      vertex 15.5 36.3772 98.6688
      vertex 15.5 36.3091 99.5352
      vertex 14.9 35.7781 98.6374
    endloop
  endfacet
  facet normal 0.707037 -0.704992 -0.0555484
    outer loop
      vertex 14.9 35.7781 98.6374
      vertex 15.5 36.3091 99.5352
      vertex 14.9 35.7123 99.4725
    endloop
  endfacet
  facet normal 0.707003 0.705027 0.0555344
    outer loop
      vertex 15.5 38.9737 98.8048
      vertex 14.9 39.5729 98.8363
      vertex 14.9 39.4915 99.8697
    endloop
  endfacet
  facet normal 0.706982 0.70505 0.0555118
    outer loop
      vertex 15.5 38.8948 99.8069
      vertex 15.5 38.9737 98.8048
      vertex 14.9 39.4915 99.8697
    endloop
  endfacet
  facet normal 0 0.996912 0.0785259
    outer loop
      vertex 14.9 39.5729 98.8363
      vertex -14.9 39.4915 99.8697
      vertex 14.9 39.4915 99.8697
    endloop
  endfacet
  facet normal 0 0.996912 0.0785259
    outer loop
      vertex -14.9 39.4915 99.8697
      vertex 14.9 39.5729 98.8363
      vertex -14.9 39.5729 98.8363
    endloop
  endfacet
  facet normal -0.707003 0.705029 0.0555102
    outer loop
      vertex -14.9 39.5729 98.8363
      vertex -15.5 38.9737 98.8048
      vertex -15.5 38.8948 99.8069
    endloop
  endfacet
  facet normal -0.706982 0.705047 0.055536
    outer loop
      vertex -14.9 39.4915 99.8697
      vertex -14.9 39.5729 98.8363
      vertex -15.5 38.8948 99.8069
    endloop
  endfacet
  facet normal -0.707035 -0.701132 -0.0922742
    outer loop
      vertex -14.9 35.7123 99.4725
      vertex -14.9 35.603 100.303
      vertex -15.5 36.3091 99.5352
    endloop
  endfacet
  facet normal -0.706989 -0.70117 -0.0923448
    outer loop
      vertex -15.5 36.3091 99.5352
      vertex -14.9 35.603 100.303
      vertex -15.5 36.1956 100.397
    endloop
  endfacet
  facet normal 0 -0.991451 -0.130482
    outer loop
      vertex -14.9 35.7123 99.4725
      vertex 14.9 35.603 100.303
      vertex -14.9 35.603 100.303
    endloop
  endfacet
  facet normal 0 -0.991451 -0.130482
    outer loop
      vertex 14.9 35.603 100.303
      vertex -14.9 35.7123 99.4725
      vertex 14.9 35.7123 99.4725
    endloop
  endfacet
  facet normal 0.707035 -0.701125 -0.0923389
    outer loop
      vertex 15.5 36.3091 99.5352
      vertex 15.5 36.1956 100.397
      vertex 14.9 35.7123 99.4725
    endloop
  endfacet
  facet normal 0.706988 -0.701179 -0.0922804
    outer loop
      vertex 14.9 35.7123 99.4725
      vertex 15.5 36.1956 100.397
      vertex 14.9 35.603 100.303
    endloop
  endfacet
  facet normal 0.706984 0.701175 0.0923478
    outer loop
      vertex 15.5 38.8948 99.8069
      vertex 14.9 39.4915 99.8697
      vertex 14.9 39.3562 100.897
    endloop
  endfacet
  facet normal 0.706911 0.701258 0.0922726
    outer loop
      vertex 15.5 38.7636 100.804
      vertex 15.5 38.8948 99.8069
      vertex 14.9 39.3562 100.897
    endloop
  endfacet
  facet normal 0 0.991438 0.130577
    outer loop
      vertex 14.9 39.4915 99.8697
      vertex -14.9 39.3562 100.897
      vertex 14.9 39.3562 100.897
    endloop
  endfacet
  facet normal 0 0.991438 0.130577
    outer loop
      vertex -14.9 39.3562 100.897
      vertex 14.9 39.4915 99.8697
      vertex -14.9 39.4915 99.8697
    endloop
  endfacet
  facet normal -0.706985 0.701185 0.092263
    outer loop
      vertex -14.9 39.4915 99.8697
      vertex -15.5 38.8948 99.8069
      vertex -15.5 38.7636 100.804
    endloop
  endfacet
  facet normal -0.706912 0.701246 0.0923572
    outer loop
      vertex -14.9 39.3562 100.897
      vertex -14.9 39.4915 99.8697
      vertex -15.5 38.7636 100.804
    endloop
  endfacet
  facet normal -0.706994 -0.695395 -0.128783
    outer loop
      vertex -14.9 35.603 100.303
      vertex -14.9 35.4504 101.127
      vertex -15.5 36.1956 100.397
    endloop
  endfacet
  facet normal -0.706855 -0.695496 -0.129001
    outer loop
      vertex -15.5 36.1956 100.397
      vertex -14.9 35.4504 101.127
      vertex -15.5 36.0372 101.251
    endloop
  endfacet
  facet normal 0 -0.98328 -0.182098
    outer loop
      vertex -14.9 35.603 100.303
      vertex 14.9 35.4504 101.127
      vertex -14.9 35.4504 101.127
    endloop
  endfacet
  facet normal 0 -0.98328 -0.182098
    outer loop
      vertex 14.9 35.4504 101.127
      vertex -14.9 35.603 100.303
      vertex 14.9 35.603 100.303
    endloop
  endfacet
  facet normal 0.706992 -0.695362 -0.128976
    outer loop
      vertex 15.5 36.1956 100.397
      vertex 15.5 36.0372 101.251
      vertex 14.9 35.603 100.303
    endloop
  endfacet
  facet normal 0.706853 -0.695534 -0.128809
    outer loop
      vertex 14.9 35.603 100.303
      vertex 15.5 36.0372 101.251
      vertex 14.9 35.4504 101.127
    endloop
  endfacet
  facet normal 0.706887 0.6955 0.128804
    outer loop
      vertex 15.5 38.7636 100.804
      vertex 14.9 39.3562 100.897
      vertex 14.9 39.1673 101.917
    endloop
  endfacet
  facet normal 0.70702 0.695341 0.128934
    outer loop
      vertex 15.5 38.5804 101.792
      vertex 15.5 38.7636 100.804
      vertex 14.9 39.1673 101.917
    endloop
  endfacet
  facet normal 0 0.98328 0.1821
    outer loop
      vertex 14.9 39.3562 100.897
      vertex -14.9 39.1673 101.917
      vertex 14.9 39.1673 101.917
    endloop
  endfacet
  facet normal 0 0.98328 0.1821
    outer loop
      vertex -14.9 39.1673 101.917
      vertex 14.9 39.3562 100.897
      vertex -14.9 39.3562 100.897
    endloop
  endfacet
  facet normal -0.706885 0.695474 0.128958
    outer loop
      vertex -14.9 39.3562 100.897
      vertex -15.5 38.7636 100.804
      vertex -15.5 38.5804 101.792
    endloop
  endfacet
  facet normal -0.707018 0.695371 0.12878
    outer loop
      vertex -14.9 39.1673 101.917
      vertex -14.9 39.3562 100.897
      vertex -15.5 38.5804 101.792
    endloop
  endfacet
  facet normal -0.70683 -0.687805 -0.165276
    outer loop
      vertex -14.9 35.4504 101.127
      vertex -14.9 35.2548 101.941
      vertex -15.5 36.0372 101.251
    endloop
  endfacet
  facet normal -0.70697 -0.687714 -0.165051
    outer loop
      vertex -15.5 36.0372 101.251
      vertex -14.9 35.2548 101.941
      vertex -15.5 35.8344 102.096
    endloop
  endfacet
  facet normal 0 -0.972322 -0.233644
    outer loop
      vertex -14.9 35.4504 101.127
      vertex 14.9 35.2548 101.941
      vertex -14.9 35.2548 101.941
    endloop
  endfacet
  facet normal 0 -0.972322 -0.233644
    outer loop
      vertex 14.9 35.2548 101.941
      vertex -14.9 35.4504 101.127
      vertex 14.9 35.4504 101.127
    endloop
  endfacet
  facet normal 0.706833 -0.687848 -0.165084
    outer loop
      vertex 15.5 36.0372 101.251
      vertex 15.5 35.8344 102.096
      vertex 14.9 35.4504 101.127
    endloop
  endfacet
  facet normal 0.706973 -0.687666 -0.165243
    outer loop
      vertex 14.9 35.4504 101.127
      vertex 15.5 35.8344 102.096
      vertex 14.9 35.2548 101.941
    endloop
  endfacet
  facet normal 0.707027 0.687647 0.16509
    outer loop
      vertex 15.5 38.5804 101.792
      vertex 14.9 39.1673 101.917
      vertex 14.9 38.9253 102.925
    endloop
  endfacet
  facet normal 0.707052 0.687616 0.165112
    outer loop
      vertex 15.5 38.3458 102.769
      vertex 15.5 38.5804 101.792
      vertex 14.9 38.9253 102.925
    endloop
  endfacet
  facet normal 0 0.97237 0.233446
    outer loop
      vertex 14.9 39.1673 101.917
      vertex -14.9 38.9253 102.925
      vertex 14.9 38.9253 102.925
    endloop
  endfacet
  facet normal 0 0.97237 0.233446
    outer loop
      vertex -14.9 38.9253 102.925
      vertex 14.9 39.1673 101.917
      vertex -14.9 39.1673 101.917
    endloop
  endfacet
  facet normal -0.707027 0.68764 0.165118
    outer loop
      vertex -14.9 39.1673 101.917
      vertex -15.5 38.5804 101.792
      vertex -15.5 38.3458 102.769
    endloop
  endfacet
  facet normal -0.707051 0.687623 0.165084
    outer loop
      vertex -14.9 38.9253 102.925
      vertex -14.9 39.1673 101.917
      vertex -15.5 38.3458 102.769
    endloop
  endfacet
  facet normal -0.706962 -0.678118 -0.200902
    outer loop
      vertex -14.9 35.2548 101.941
      vertex -14.9 35.0169 102.744
      vertex -15.5 35.8344 102.096
    endloop
  endfacet
  facet normal -0.707064 -0.678061 -0.200735
    outer loop
      vertex -15.5 35.8344 102.096
      vertex -14.9 35.0169 102.744
      vertex -15.5 35.5875 102.93
    endloop
  endfacet
  facet normal 0 -0.958807 -0.28406
    outer loop
      vertex -14.9 35.2548 101.941
      vertex 14.9 35.0169 102.744
      vertex -14.9 35.0169 102.744
    endloop
  endfacet
  facet normal 0 -0.958807 -0.28406
    outer loop
      vertex 14.9 35.0169 102.744
      vertex -14.9 35.2548 101.941
      vertex 14.9 35.2548 101.941
    endloop
  endfacet
  facet normal 0.706963 -0.678157 -0.200764
    outer loop
      vertex 15.5 35.8344 102.096
      vertex 15.5 35.5875 102.93
      vertex 14.9 35.2548 101.941
    endloop
  endfacet
  facet normal 0.707066 -0.678018 -0.200872
    outer loop
      vertex 14.9 35.2548 101.941
      vertex 15.5 35.5875 102.93
      vertex 14.9 35.0169 102.744
    endloop
  endfacet
  facet normal 0.707073 0.678027 0.200816
    outer loop
      vertex 15.5 38.3458 102.769
      vertex 14.9 38.9253 102.925
      vertex 14.9 38.6309 103.919
    endloop
  endfacet
  facet normal 0.707065 0.678038 0.200809
    outer loop
      vertex 15.5 38.0603 103.733
      vertex 15.5 38.3458 102.769
      vertex 14.9 38.6309 103.919
    endloop
  endfacet
  facet normal 0 0.958829 0.283983
    outer loop
      vertex 14.9 38.9253 102.925
      vertex -14.9 38.6309 103.919
      vertex 14.9 38.6309 103.919
    endloop
  endfacet
  facet normal 0 0.958829 0.283983
    outer loop
      vertex -14.9 38.6309 103.919
      vertex 14.9 38.9253 102.925
      vertex -14.9 38.9253 102.925
    endloop
  endfacet
  facet normal -0.707073 0.67803 0.200806
    outer loop
      vertex -14.9 38.9253 102.925
      vertex -15.5 38.3458 102.769
      vertex -15.5 38.0603 103.733
    endloop
  endfacet
  facet normal -0.707065 0.678035 0.200818
    outer loop
      vertex -14.9 38.6309 103.919
      vertex -14.9 38.9253 102.925
      vertex -15.5 38.0603 103.733
    endloop
  endfacet
  facet normal -0.707084 -0.66661 -0.235929
    outer loop
      vertex -14.9 35.0169 102.744
      vertex -14.9 34.7373 103.534
      vertex -15.5 35.5875 102.93
    endloop
  endfacet
  facet normal -0.706955 -0.666671 -0.236143
    outer loop
      vertex -15.5 35.5875 102.93
      vertex -14.9 34.7373 103.534
      vertex -15.5 35.2974 103.749
    endloop
  endfacet
  facet normal 0 -0.942699 -0.333644
    outer loop
      vertex -14.9 35.0169 102.744
      vertex 14.9 34.7373 103.534
      vertex -14.9 34.7373 103.534
    endloop
  endfacet
  facet normal 0 -0.942699 -0.333644
    outer loop
      vertex 14.9 34.7373 103.534
      vertex -14.9 35.0169 102.744
      vertex 14.9 35.0169 102.744
    endloop
  endfacet
  facet normal 0.707082 -0.666552 -0.236101
    outer loop
      vertex 15.5 35.5875 102.93
      vertex 15.5 35.2974 103.749
      vertex 14.9 35.0169 102.744
    endloop
  endfacet
  facet normal 0.706953 -0.666734 -0.235973
    outer loop
      vertex 14.9 35.0169 102.744
      vertex 15.5 35.2974 103.749
      vertex 14.9 34.7373 103.534
    endloop
  endfacet
  facet normal 0.707083 0.666565 0.236061
    outer loop
      vertex 15.5 38.0603 103.733
      vertex 14.9 38.6309 103.919
      vertex 14.9 38.2849 104.896
    endloop
  endfacet
  facet normal 0.707009 0.666663 0.236004
    outer loop
      vertex 15.5 37.7247 104.681
      vertex 15.5 38.0603 103.733
      vertex 14.9 38.2849 104.896
    endloop
  endfacet
  facet normal 0 0.942634 0.333829
    outer loop
      vertex 14.9 38.6309 103.919
      vertex -14.9 38.2849 104.896
      vertex 14.9 38.2849 104.896
    endloop
  endfacet
  facet normal 0 0.942634 0.333829
    outer loop
      vertex -14.9 38.2849 104.896
      vertex 14.9 38.6309 103.919
      vertex -14.9 38.6309 103.919
    endloop
  endfacet
  facet normal -0.707084 0.666593 0.23598
    outer loop
      vertex -14.9 38.6309 103.919
      vertex -15.5 38.0603 103.733
      vertex -15.5 37.7247 104.681
    endloop
  endfacet
  facet normal -0.70701 0.666633 0.236085
    outer loop
      vertex -14.9 38.2849 104.896
      vertex -14.9 38.6309 103.919
      vertex -15.5 37.7247 104.681
    endloop
  endfacet
  facet normal -0.706955 -0.653422 -0.270655
    outer loop
      vertex -14.9 34.7373 103.534
      vertex -14.9 34.4167 104.308
      vertex -15.5 35.2974 103.749
    endloop
  endfacet
  facet normal -0.706961 -0.65342 -0.270644
    outer loop
      vertex -15.5 35.2974 103.749
      vertex -14.9 34.4167 104.308
      vertex -15.5 34.9648 104.552
    endloop
  endfacet
  facet normal 0 -0.92388 -0.382682
    outer loop
      vertex -14.9 34.7373 103.534
      vertex 14.9 34.4167 104.308
      vertex -14.9 34.4167 104.308
    endloop
  endfacet
  facet normal 0 -0.92388 -0.382682
    outer loop
      vertex 14.9 34.4167 104.308
      vertex -14.9 34.7373 103.534
      vertex 14.9 34.7373 103.534
    endloop
  endfacet
  facet normal 0.706955 -0.653426 -0.270647
    outer loop
      vertex 15.5 35.2974 103.749
      vertex 15.5 34.9648 104.552
      vertex 14.9 34.7373 103.534
    endloop
  endfacet
  facet normal 0.706961 -0.653416 -0.270653
    outer loop
      vertex 14.9 34.7373 103.534
      vertex 15.5 34.9648 104.552
      vertex 14.9 34.4167 104.308
    endloop
  endfacet
  facet normal 0.707007 0.653302 0.27081
    outer loop
      vertex 15.5 37.7247 104.681
      vertex 14.9 38.2849 104.896
      vertex 14.9 37.8882 105.853
    endloop
  endfacet
  facet normal 0.706963 0.653362 0.270779
    outer loop
      vertex 15.5 37.3401 105.609
      vertex 15.5 37.7247 104.681
      vertex 14.9 37.8882 105.853
    endloop
  endfacet
  facet normal 0 0.923778 0.382929
    outer loop
      vertex 14.9 38.2849 104.896
      vertex -14.9 37.8882 105.853
      vertex 14.9 37.8882 105.853
    endloop
  endfacet
  facet normal 0 0.923778 0.382929
    outer loop
      vertex -14.9 37.8882 105.853
      vertex 14.9 38.2849 104.896
      vertex -14.9 38.2849 104.896
    endloop
  endfacet
  facet normal -0.707007 0.653321 0.270762
    outer loop
      vertex -14.9 38.2849 104.896
      vertex -15.5 37.7247 104.681
      vertex -15.5 37.3401 105.609
    endloop
  endfacet
  facet normal -0.706964 0.653342 0.270826
    outer loop
      vertex -14.9 37.8882 105.853
      vertex -14.9 38.2849 104.896
      vertex -15.5 37.3401 105.609
    endloop
  endfacet
  facet normal -0.70696 -0.638354 -0.304485
    outer loop
      vertex -14.9 34.4167 104.308
      vertex -14.9 34.0561 105.064
      vertex -15.5 34.9648 104.552
    endloop
  endfacet
  facet normal -0.706885 -0.638377 -0.304613
    outer loop
      vertex -15.5 34.9648 104.552
      vertex -14.9 34.0561 105.064
      vertex -15.5 34.5907 105.336
    endloop
  endfacet
  facet normal 0 -0.902582 -0.430517
    outer loop
      vertex -14.9 34.4167 104.308
      vertex 14.9 34.0561 105.064
      vertex -14.9 34.0561 105.064
    endloop
  endfacet
  facet normal 0 -0.902582 -0.430517
    outer loop
      vertex 14.9 34.0561 105.064
      vertex -14.9 34.4167 104.308
      vertex 14.9 34.4167 104.308
    endloop
  endfacet
  facet normal 0.706959 -0.63831 -0.304581
    outer loop
      vertex 15.5 34.9648 104.552
      vertex 15.5 34.5907 105.336
      vertex 14.9 34.4167 104.308
    endloop
  endfacet
  facet normal 0.706883 -0.638424 -0.304518
    outer loop
      vertex 14.9 34.4167 104.308
      vertex 15.5 34.5907 105.336
      vertex 14.9 34.0561 105.064
    endloop
  endfacet
  facet normal 0.706962 0.638395 0.304397
    outer loop
      vertex 15.5 37.3401 105.609
      vertex 14.9 37.8882 105.853
      vertex 14.9 37.4419 106.789
    endloop
  endfacet
  facet normal 0.706881 0.638508 0.304346
    outer loop
      vertex 15.5 36.9073 106.517
      vertex 15.5 37.3401 105.609
      vertex 14.9 37.4419 106.789
    endloop
  endfacet
  facet normal 0 0.902641 0.430394
    outer loop
      vertex 14.9 37.8882 105.853
      vertex -14.9 37.4419 106.789
      vertex 14.9 37.4419 106.789
    endloop
  endfacet
  facet normal 0 0.902641 0.430394
    outer loop
      vertex -14.9 37.4419 106.789
      vertex 14.9 37.8882 105.853
      vertex -14.9 37.8882 105.853
    endloop
  endfacet
  facet normal -0.706963 0.638434 0.304311
    outer loop
      vertex -14.9 37.8882 105.853
      vertex -15.5 37.3401 105.609
      vertex -15.5 36.9073 106.517
    endloop
  endfacet
  facet normal -0.706882 0.638466 0.304431
    outer loop
      vertex -14.9 37.4419 106.789
      vertex -14.9 37.8882 105.853
      vertex -15.5 36.9073 106.517
    endloop
  endfacet
  facet normal -0.706872 -0.621594 -0.337569
    outer loop
      vertex -14.9 34.0561 105.064
      vertex -14.9 33.6564 105.8
      vertex -15.5 34.5907 105.336
    endloop
  endfacet
  facet normal -0.706977 -0.621572 -0.33739
    outer loop
      vertex -15.5 34.5907 105.336
      vertex -14.9 33.6564 105.8
      vertex -15.5 34.176 106.1
    endloop
  endfacet
  facet normal 0 -0.878775 -0.477237
    outer loop
      vertex -14.9 34.0561 105.064
      vertex 14.9 33.6564 105.8
      vertex -14.9 33.6564 105.8
    endloop
  endfacet
  facet normal 0 -0.878775 -0.477237
    outer loop
      vertex 14.9 33.6564 105.8
      vertex -14.9 34.0561 105.064
      vertex 14.9 34.0561 105.064
    endloop
  endfacet
  facet normal 0.706874 -0.621663 -0.337439
    outer loop
      vertex 15.5 34.5907 105.336
      vertex 15.5 34.176 106.1
      vertex 14.9 34.0561 105.064
    endloop
  endfacet
  facet normal 0.706979 -0.6215 -0.337519
    outer loop
      vertex 14.9 34.0561 105.064
      vertex 15.5 34.176 106.1
      vertex 14.9 33.6564 105.8
    endloop
  endfacet
  facet normal 0.706873 0.621632 0.337497
    outer loop
      vertex 15.5 36.9073 106.517
      vertex 14.9 37.4419 106.789
      vertex 14.9 36.9473 107.7
    endloop
  endfacet
  facet normal 0.706979 0.62148 0.337556
    outer loop
      vertex 15.5 36.4277 107.4
      vertex 15.5 36.9073 106.517
      vertex 14.9 36.9473 107.7
    endloop
  endfacet
  facet normal 0 0.87883 0.477134
    outer loop
      vertex 14.9 37.4419 106.789
      vertex -14.9 36.9473 107.7
      vertex 14.9 36.9473 107.7
    endloop
  endfacet
  facet normal 0 0.87883 0.477134
    outer loop
      vertex -14.9 36.9473 107.7
      vertex 14.9 37.4419 106.789
      vertex -14.9 37.4419 106.789
    endloop
  endfacet
  facet normal -0.706871 0.621574 0.337607
    outer loop
      vertex -14.9 37.4419 106.789
      vertex -15.5 36.9073 106.517
      vertex -15.5 36.4277 107.4
    endloop
  endfacet
  facet normal -0.706977 0.621541 0.337447
    outer loop
      vertex -14.9 36.9473 107.7
      vertex -14.9 37.4419 106.789
      vertex -15.5 36.4277 107.4
    endloop
  endfacet
  facet normal -0.706976 -0.602958 -0.369629
    outer loop
      vertex -14.9 33.6564 105.8
      vertex -14.9 33.2187 106.514
      vertex -15.5 34.176 106.1
    endloop
  endfacet
  facet normal -0.707051 -0.60295 -0.3695
    outer loop
      vertex -15.5 34.176 106.1
      vertex -14.9 33.2187 106.514
      vertex -15.5 33.7219 106.841
    endloop
  endfacet
  facet normal 0 -0.852555 -0.522638
    outer loop
      vertex -14.9 33.6564 105.8
      vertex 14.9 33.2187 106.514
      vertex -14.9 33.2187 106.514
    endloop
  endfacet
  facet normal 0 -0.852555 -0.522638
    outer loop
      vertex 14.9 33.2187 106.514
      vertex -14.9 33.6564 105.8
      vertex 14.9 33.6564 105.8
    endloop
  endfacet
  facet normal 0.706978 -0.603012 -0.369538
    outer loop
      vertex 15.5 34.176 106.1
      vertex 15.5 33.7219 106.841
      vertex 14.9 33.6564 105.8
    endloop
  endfacet
  facet normal 0.707053 -0.602894 -0.369589
    outer loop
      vertex 14.9 33.6564 105.8
      vertex 15.5 33.7219 106.841
      vertex 14.9 33.2187 106.514
    endloop
  endfacet
  facet normal 0.706979 0.603052 0.369472
    outer loop
      vertex 15.5 36.4277 107.4
      vertex 14.9 36.9473 107.7
      vertex 14.9 36.4057 108.584
    endloop
  endfacet
  facet normal 0.707051 0.602946 0.369506
    outer loop
      vertex 15.5 35.9025 108.257
      vertex 15.5 36.4277 107.4
      vertex 14.9 36.4057 108.584
    endloop
  endfacet
  facet normal 0 0.85269 0.522417
    outer loop
      vertex 14.9 36.9473 107.7
      vertex -14.9 36.4057 108.584
      vertex 14.9 36.4057 108.584
    endloop
  endfacet
  facet normal 0 0.85269 0.522417
    outer loop
      vertex -14.9 36.4057 108.584
      vertex 14.9 36.9473 107.7
      vertex -14.9 36.9473 107.7
    endloop
  endfacet
  facet normal -0.706978 0.603008 0.369545
    outer loop
      vertex -14.9 36.9473 107.7
      vertex -15.5 36.4277 107.4
      vertex -15.5 35.9025 108.257
    endloop
  endfacet
  facet normal -0.70705 0.602991 0.369434
    outer loop
      vertex -14.9 36.4057 108.584
      vertex -14.9 36.9473 107.7
      vertex -15.5 35.9025 108.257
    endloop
  endfacet
  facet normal -0.707061 -0.582984 -0.400242
    outer loop
      vertex -14.9 33.2187 106.514
      vertex -14.9 32.7443 107.205
      vertex -15.5 33.7219 106.841
    endloop
  endfacet
  facet normal -0.706757 -0.582992 -0.400767
    outer loop
      vertex -15.5 33.7219 106.841
      vertex -14.9 32.7443 107.205
      vertex -15.5 33.2297 107.557
    endloop
  endfacet
  facet normal 0 -0.824411 -0.565992
    outer loop
      vertex -14.9 33.2187 106.514
      vertex 14.9 32.7443 107.205
      vertex -14.9 32.7443 107.205
    endloop
  endfacet
  facet normal 0 -0.824411 -0.565992
    outer loop
      vertex 14.9 32.7443 107.205
      vertex -14.9 33.2187 106.514
      vertex 14.9 33.2187 106.514
    endloop
  endfacet
  facet normal 0.707056 -0.582747 -0.400598
    outer loop
      vertex 15.5 33.7219 106.841
      vertex 15.5 33.2297 107.557
      vertex 14.9 33.2187 106.514
    endloop
  endfacet
  facet normal 0.706752 -0.583239 -0.400418
    outer loop
      vertex 14.9 33.2187 106.514
      vertex 15.5 33.2297 107.557
      vertex 14.9 32.7443 107.205
    endloop
  endfacet
  facet normal 0.707055 0.582705 0.400661
    outer loop
      vertex 15.5 35.9025 108.257
      vertex 14.9 36.4057 108.584
      vertex 14.9 35.8185 109.438
    endloop
  endfacet
  facet normal 0.707093 0.582648 0.400676
    outer loop
      vertex 15.5 35.3331 109.085
      vertex 15.5 35.9025 108.257
      vertex 14.9 35.8185 109.438
    endloop
  endfacet
  facet normal 0 0.824008 0.566578
    outer loop
      vertex 14.9 36.4057 108.584
      vertex -14.9 35.8185 109.438
      vertex 14.9 35.8185 109.438
    endloop
  endfacet
  facet normal 0 0.824008 0.566578
    outer loop
      vertex -14.9 35.8185 109.438
      vertex 14.9 36.4057 108.584
      vertex -14.9 36.4057 108.584
    endloop
  endfacet
  facet normal -0.707054 0.58268 0.400698
    outer loop
      vertex -14.9 36.4057 108.584
      vertex -15.5 35.9025 108.257
      vertex -15.5 35.3331 109.085
    endloop
  endfacet
  facet normal -0.707092 0.582674 0.400639
    outer loop
      vertex -14.9 35.8185 109.438
      vertex -14.9 36.4057 108.584
      vertex -15.5 35.3331 109.085
    endloop
  endfacet
  facet normal -0.706735 -0.561078 -0.430949
    outer loop
      vertex -14.9 32.7443 107.205
      vertex -14.9 32.2343 107.869
      vertex -15.5 33.2297 107.557
    endloop
  endfacet
  facet normal -0.707135 -0.561103 -0.43026
    outer loop
      vertex -15.5 33.2297 107.557
      vertex -14.9 32.2343 107.869
      vertex -15.5 32.7006 108.247
    endloop
  endfacet
  facet normal 0 -0.793068 -0.609133
    outer loop
      vertex -14.9 32.7443 107.205
      vertex 14.9 32.2343 107.869
      vertex -14.9 32.2343 107.869
    endloop
  endfacet
  facet normal 0 -0.793068 -0.609133
    outer loop
      vertex 14.9 32.2343 107.869
      vertex -14.9 32.7443 107.205
      vertex 14.9 32.7443 107.205
    endloop
  endfacet
  facet normal 0.706743 -0.561414 -0.430499
    outer loop
      vertex 15.5 33.2297 107.557
      vertex 15.5 32.7006 108.247
      vertex 14.9 32.7443 107.205
    endloop
  endfacet
  facet normal 0.707142 -0.560756 -0.430701
    outer loop
      vertex 14.9 32.7443 107.205
      vertex 15.5 32.7006 108.247
      vertex 14.9 32.2343 107.869
    endloop
  endfacet
  facet normal 0.707102 0.561157 0.430243
    outer loop
      vertex 15.5 35.3331 109.085
      vertex 14.9 35.8185 109.438
      vertex 14.9 35.1875 110.261
    endloop
  endfacet
  facet normal 0.707135 0.561108 0.430253
    outer loop
      vertex 15.5 34.7212 109.883
      vertex 15.5 35.3331 109.085
      vertex 14.9 35.1875 110.261
    endloop
  endfacet
  facet normal 0 0.793591 0.608452
    outer loop
      vertex 14.9 35.8185 109.438
      vertex -14.9 35.1875 110.261
      vertex 14.9 35.1875 110.261
    endloop
  endfacet
  facet normal 0 0.793591 0.608452
    outer loop
      vertex -14.9 35.1875 110.261
      vertex 14.9 35.8185 109.438
      vertex -14.9 35.8185 109.438
    endloop
  endfacet
  facet normal -0.707102 0.561134 0.430273
    outer loop
      vertex -14.9 35.8185 109.438
      vertex -15.5 35.3331 109.085
      vertex -15.5 34.7212 109.883
    endloop
  endfacet
  facet normal -0.707134 0.561132 0.430224
    outer loop
      vertex -14.9 35.1875 110.261
      vertex -14.9 35.8185 109.438
      vertex -15.5 34.7212 109.883
    endloop
  endfacet
  facet normal -0.707148 -0.537678 -0.459178
    outer loop
      vertex -14.9 32.2343 107.869
      vertex -14.9 31.6903 108.506
      vertex -15.5 32.7006 108.247
    endloop
  endfacet
  facet normal -0.70719 -0.537684 -0.459106
    outer loop
      vertex -15.5 32.7006 108.247
      vertex -14.9 31.6903 108.506
      vertex -15.5 32.1362 108.908
    endloop
  endfacet
  facet normal 0 -0.760435 -0.649414
    outer loop
      vertex -14.9 32.2343 107.869
      vertex 14.9 31.6903 108.506
      vertex -14.9 31.6903 108.506
    endloop
  endfacet
  facet normal 0 -0.760435 -0.649414
    outer loop
      vertex 14.9 31.6903 108.506
      vertex -14.9 32.2343 107.869
      vertex 14.9 32.2343 107.869
    endloop
  endfacet
  facet normal 0.707148 -0.537716 -0.459133
    outer loop
      vertex 15.5 32.7006 108.247
      vertex 15.5 32.1362 108.908
      vertex 14.9 32.2343 107.869
    endloop
  endfacet
  facet normal 0.707191 -0.537645 -0.459151
    outer loop
      vertex 14.9 32.2343 107.869
      vertex 15.5 32.1362 108.908
      vertex 14.9 31.6903 108.506
    endloop
  endfacet
  facet normal 0.707146 0.537596 0.459276
    outer loop
      vertex 15.5 34.7212 109.883
      vertex 14.9 35.1875 110.261
      vertex 14.9 34.5143 111.049
    endloop
  endfacet
  facet normal 0.707193 0.537524 0.459288
    outer loop
      vertex 15.5 34.0684 110.647
      vertex 15.5 34.7212 109.883
      vertex 14.9 34.5143 111.049
    endloop
  endfacet
  facet normal 0 0.760318 0.649551
    outer loop
      vertex 14.9 35.1875 110.261
      vertex -14.9 34.5143 111.049
      vertex 14.9 34.5143 111.049
    endloop
  endfacet
  facet normal 0 0.760318 0.649551
    outer loop
      vertex -14.9 34.5143 111.049
      vertex 14.9 35.1875 110.261
      vertex -14.9 35.1875 110.261
    endloop
  endfacet
  facet normal -0.707145 0.537561 0.459319
    outer loop
      vertex -14.9 35.1875 110.261
      vertex -15.5 34.7212 109.883
      vertex -15.5 34.0684 110.647
    endloop
  endfacet
  facet normal -0.707192 0.537561 0.459246
    outer loop
      vertex -14.9 34.5143 111.049
      vertex -14.9 35.1875 110.261
      vertex -15.5 34.0684 110.647
    endloop
  endfacet
  facet normal -0.707206 -0.513001 -0.486508
    outer loop
      vertex -14.9 31.6903 108.506
      vertex -14.9 31.1137 109.114
      vertex -15.5 32.1362 108.908
    endloop
  endfacet
  facet normal -0.706896 -0.512926 -0.487036
    outer loop
      vertex -15.5 32.1362 108.908
      vertex -14.9 31.1137 109.114
      vertex -15.5 31.538 109.538
    endloop
  endfacet
  facet normal 0 -0.725595 -0.688122
    outer loop
      vertex -14.9 31.6903 108.506
      vertex 14.9 31.1137 109.114
      vertex -14.9 31.1137 109.114
    endloop
  endfacet
  facet normal 0 -0.725595 -0.688122
    outer loop
      vertex 14.9 31.1137 109.114
      vertex -14.9 31.6903 108.506
      vertex 14.9 31.6903 108.506
    endloop
  endfacet
  facet normal 0.7072 -0.512706 -0.486827
    outer loop
      vertex 15.5 32.1362 108.908
      vertex 15.5 31.538 109.538
      vertex 14.9 31.6903 108.506
    endloop
  endfacet
  facet normal 0.706891 -0.51323 -0.486724
    outer loop
      vertex 14.9 31.6903 108.506
      vertex 15.5 31.538 109.538
      vertex 14.9 31.1137 109.114
    endloop
  endfacet
  facet normal 0.707203 0.512855 0.486666
    outer loop
      vertex 15.5 34.0684 110.647
      vertex 14.9 34.5143 111.049
      vertex 14.9 33.8007 111.801
    endloop
  endfacet
  facet normal 0.707301 0.512704 0.486682
    outer loop
      vertex 15.5 33.3764 111.376
      vertex 15.5 34.0684 110.647
      vertex 14.9 33.8007 111.801
    endloop
  endfacet
  facet normal 0 0.725385 0.688344
    outer loop
      vertex 14.9 34.5143 111.049
      vertex -14.9 33.8007 111.801
      vertex 14.9 33.8007 111.801
    endloop
  endfacet
  facet normal 0 0.725385 0.688344
    outer loop
      vertex -14.9 33.8007 111.801
      vertex 14.9 34.5143 111.049
      vertex -14.9 34.5143 111.049
    endloop
  endfacet
  facet normal -0.707201 0.512777 0.486751
    outer loop
      vertex -14.9 34.5143 111.049
      vertex -15.5 34.0684 110.647
      vertex -15.5 33.3764 111.376
    endloop
  endfacet
  facet normal -0.707299 0.512785 0.4866
    outer loop
      vertex -14.9 33.8007 111.801
      vertex -14.9 34.5143 111.049
      vertex -15.5 33.3764 111.376
    endloop
  endfacet
  facet normal -0.706882 -0.486632 -0.513329
    outer loop
      vertex -14.9 31.1137 109.114
      vertex -14.9 30.5061 109.69
      vertex -15.5 31.538 109.538
    endloop
  endfacet
  facet normal -0.707044 -0.486686 -0.513055
    outer loop
      vertex -15.5 31.538 109.538
      vertex -14.9 30.5061 109.69
      vertex -15.5 30.9076 110.136
    endloop
  endfacet
  facet normal 0 -0.687983 -0.725727
    outer loop
      vertex -14.9 30.5061 109.69
      vertex 14.9 31.1137 109.114
      vertex 14.9 30.5061 109.69
    endloop
  endfacet
  facet normal -0 -0.687983 -0.725727
    outer loop
      vertex 14.9 31.1137 109.114
      vertex -14.9 30.5061 109.69
      vertex -14.9 31.1137 109.114
    endloop
  endfacet
  facet normal 0.706885 -0.486795 -0.51317
    outer loop
      vertex 15.5 31.538 109.538
      vertex 15.5 30.9076 110.136
      vertex 14.9 31.1137 109.114
    endloop
  endfacet
  facet normal 0.707047 -0.486518 -0.513209
    outer loop
      vertex 14.9 31.1137 109.114
      vertex 15.5 30.9076 110.136
      vertex 14.9 30.5061 109.69
    endloop
  endfacet
  facet normal 0.707311 0.48641 0.512948
    outer loop
      vertex 15.5 33.3764 111.376
      vertex 14.9 33.8007 111.801
      vertex 14.9 33.0488 112.514
    endloop
  endfacet
  facet normal 0.707042 0.486825 0.512926
    outer loop
      vertex 15.5 32.6473 112.068
      vertex 15.5 33.3764 111.376
      vertex 14.9 33.0488 112.514
    endloop
  endfacet
  facet normal -0 0.688087 0.725628
    outer loop
      vertex -14.9 33.8007 111.801
      vertex 14.9 33.0488 112.514
      vertex 14.9 33.8007 111.801
    endloop
  endfacet
  facet normal 0 0.688087 0.725628
    outer loop
      vertex 14.9 33.0488 112.514
      vertex -14.9 33.8007 111.801
      vertex -14.9 33.0488 112.514
    endloop
  endfacet
  facet normal -0.707315 0.486637 0.512727
    outer loop
      vertex -14.9 33.8007 111.801
      vertex -15.5 33.3764 111.376
      vertex -15.5 32.6473 112.068
    endloop
  endfacet
  facet normal -0.707046 0.486593 0.51314
    outer loop
      vertex -14.9 33.0488 112.514
      vertex -14.9 33.8007 111.801
      vertex -15.5 32.6473 112.068
    endloop
  endfacet
  facet normal -0.707044 -0.459246 -0.537756
    outer loop
      vertex -14.9 30.5061 109.69
      vertex -14.9 29.8691 110.234
      vertex -15.5 30.9076 110.136
    endloop
  endfacet
  facet normal -0.707303 -0.459354 -0.537323
    outer loop
      vertex -15.5 30.9076 110.136
      vertex -14.9 29.8691 110.234
      vertex -15.5 30.2467 110.701
    endloop
  endfacet
  facet normal 0 -0.649414 -0.760435
    outer loop
      vertex -14.9 29.8691 110.234
      vertex 14.9 30.5061 109.69
      vertex 14.9 29.8691 110.234
    endloop
  endfacet
  facet normal -0 -0.649414 -0.760435
    outer loop
      vertex 14.9 30.5061 109.69
      vertex -14.9 29.8691 110.234
      vertex -14.9 30.5061 109.69
    endloop
  endfacet
  facet normal 0.707049 -0.45952 -0.537516
    outer loop
      vertex 15.5 30.9076 110.136
      vertex 15.5 30.2467 110.701
      vertex 14.9 30.5061 109.69
    endloop
  endfacet
  facet normal 0.707308 -0.459074 -0.537556
    outer loop
      vertex 14.9 30.5061 109.69
      vertex 15.5 30.2467 110.701
      vertex 14.9 29.8691 110.234
    endloop
  endfacet
  facet normal 0.707043 0.459163 0.537828
    outer loop
      vertex 15.5 32.6473 112.068
      vertex 14.9 33.0488 112.514
      vertex 14.9 32.2605 113.187
    endloop
  endfacet
  facet normal 0.706859 0.459447 0.537828
    outer loop
      vertex 15.5 31.8829 112.721
      vertex 15.5 32.6473 112.068
      vertex 14.9 32.2605 113.187
    endloop
  endfacet
  facet normal -0 0.649296 0.760535
    outer loop
      vertex -14.9 33.0488 112.514
      vertex 14.9 32.2605 113.187
      vertex 14.9 33.0488 112.514
    endloop
  endfacet
  facet normal 0 0.649296 0.760535
    outer loop
      vertex 14.9 32.2605 113.187
      vertex -14.9 33.0488 112.514
      vertex -14.9 32.2605 113.187
    endloop
  endfacet
  facet normal -0.707046 0.459326 0.537686
    outer loop
      vertex -14.9 33.0488 112.514
      vertex -15.5 32.6473 112.068
      vertex -15.5 31.8829 112.721
    endloop
  endfacet
  facet normal -0.706861 0.459281 0.537966
    outer loop
      vertex -14.9 32.2605 113.187
      vertex -14.9 33.0488 112.514
      vertex -15.5 31.8829 112.721
    endloop
  endfacet
  facet normal -0.707322 -0.430387 -0.560769
    outer loop
      vertex -14.9 29.8691 110.234
      vertex -14.9 29.2046 110.744
      vertex -15.5 30.2467 110.701
    endloop
  endfacet
  facet normal -0.707236 -0.430344 -0.560911
    outer loop
      vertex -15.5 30.2467 110.701
      vertex -14.9 29.2046 110.744
      vertex -15.5 29.5572 111.23
    endloop
  endfacet
  facet normal 0 -0.608845 -0.793289
    outer loop
      vertex -14.9 29.2046 110.744
      vertex 14.9 29.8691 110.234
      vertex 14.9 29.2046 110.744
    endloop
  endfacet
  facet normal -0 -0.608845 -0.793289
    outer loop
      vertex 14.9 29.8691 110.234
      vertex -14.9 29.2046 110.744
      vertex -14.9 29.8691 110.234
    endloop
  endfacet
  facet normal 0.707321 -0.430292 -0.560844
    outer loop
      vertex 15.5 30.2467 110.701
      vertex 15.5 29.5572 111.23
      vertex 14.9 29.8691 110.234
    endloop
  endfacet
  facet normal 0.707235 -0.43044 -0.560839
    outer loop
      vertex 14.9 29.8691 110.234
      vertex 15.5 29.5572 111.23
      vertex 14.9 29.2046 110.744
    endloop
  endfacet
  facet normal 0.706861 0.431017 0.560868
    outer loop
      vertex 15.5 31.8829 112.721
      vertex 14.9 32.2605 113.187
      vertex 14.9 31.4381 113.819
    endloop
  endfacet
  facet normal 0.707235 0.43044 0.560839
    outer loop
      vertex 15.5 31.0855 113.333
      vertex 15.5 31.8829 112.721
      vertex 14.9 31.4381 113.819
    endloop
  endfacet
  facet normal -0 0.609338 0.792911
    outer loop
      vertex -14.9 32.2605 113.187
      vertex 14.9 31.4381 113.819
      vertex 14.9 32.2605 113.187
    endloop
  endfacet
  facet normal 0 0.609338 0.792911
    outer loop
      vertex 14.9 31.4381 113.819
      vertex -14.9 32.2605 113.187
      vertex -14.9 31.4381 113.819
    endloop
  endfacet
  facet normal -0.706855 0.430672 0.56114
    outer loop
      vertex -14.9 32.2605 113.187
      vertex -15.5 31.8829 112.721
      vertex -15.5 31.0855 113.333
    endloop
  endfacet
  facet normal -0.707229 0.430793 0.560576
    outer loop
      vertex -14.9 31.4381 113.819
      vertex -14.9 32.2605 113.187
      vertex -15.5 31.0855 113.333
    endloop
  endfacet
  facet normal -0.707253 -0.400714 -0.582428
    outer loop
      vertex -14.9 29.2046 110.744
      vertex -14.9 28.5142 111.219
      vertex -15.5 29.5572 111.23
    endloop
  endfacet
  facet normal -0.706895 -0.400502 -0.583007
    outer loop
      vertex -15.5 29.5572 111.23
      vertex -14.9 28.5142 111.219
      vertex -15.5 28.841 111.722
    endloop
  endfacet
  facet normal 0 -0.566812 -0.823847
    outer loop
      vertex -14.9 28.5142 111.219
      vertex 14.9 29.2046 110.744
      vertex 14.9 28.5142 111.219
    endloop
  endfacet
  facet normal -0 -0.566812 -0.823847
    outer loop
      vertex 14.9 29.2046 110.744
      vertex -14.9 28.5142 111.219
      vertex -14.9 29.2046 110.744
    endloop
  endfacet
  facet normal 0.707246 -0.400303 -0.582718
    outer loop
      vertex 15.5 29.5572 111.23
      vertex 15.5 28.841 111.722
      vertex 14.9 29.2046 110.744
    endloop
  endfacet
  facet normal 0.706888 -0.400921 -0.582728
    outer loop
      vertex 14.9 29.2046 110.744
      vertex 15.5 28.841 111.722
      vertex 14.9 28.5142 111.219
    endloop
  endfacet
  facet normal 0.707247 0.400363 0.582675
    outer loop
      vertex 15.5 31.0855 113.333
      vertex 14.9 31.4381 113.819
      vertex 14.9 30.5838 114.406
    endloop
  endfacet
  facet normal 0.707348 0.400209 0.582659
    outer loop
      vertex 15.5 30.2571 113.902
      vertex 15.5 31.0855 113.333
      vertex 14.9 30.5838 114.406
    endloop
  endfacet
  facet normal -0 0.566312 0.824191
    outer loop
      vertex -14.9 31.4381 113.819
      vertex 14.9 30.5838 114.406
      vertex 14.9 31.4381 113.819
    endloop
  endfacet
  facet normal 0 0.566312 0.824191
    outer loop
      vertex 14.9 30.5838 114.406
      vertex -14.9 31.4381 113.819
      vertex -14.9 30.5838 114.406
    endloop
  endfacet
  facet normal -0.707246 0.400267 0.582743
    outer loop
      vertex -14.9 31.4381 113.819
      vertex -15.5 31.0855 113.333
      vertex -15.5 30.2571 113.902
    endloop
  endfacet
  facet normal -0.707346 0.400307 0.582594
    outer loop
      vertex -14.9 30.5838 114.406
      vertex -14.9 31.4381 113.819
      vertex -15.5 30.2571 113.902
    endloop
  endfacet
  facet normal -0.706883 -0.369173 -0.603348
    outer loop
      vertex -14.9 28.5142 111.219
      vertex -14.9 27.8 111.656
      vertex -15.5 28.841 111.722
    endloop
  endfacet
  facet normal -0.70718 -0.369374 -0.602876
    outer loop
      vertex -15.5 28.841 111.722
      vertex -14.9 27.8 111.656
      vertex -15.5 28.1 112.176
    endloop
  endfacet
  facet normal 0 -0.521923 -0.852992
    outer loop
      vertex -14.9 27.8 111.656
      vertex 14.9 28.5142 111.219
      vertex 14.9 27.8 111.656
    endloop
  endfacet
  facet normal -0 -0.521923 -0.852992
    outer loop
      vertex 14.9 28.5142 111.219
      vertex -14.9 27.8 111.656
      vertex -14.9 28.5142 111.219
    endloop
  endfacet
  facet normal 0.706888 -0.369526 -0.603125
    outer loop
      vertex 15.5 28.841 111.722
      vertex 15.5 28.1 112.176
      vertex 14.9 28.5142 111.219
    endloop
  endfacet
  facet normal 0.707185 -0.369015 -0.60309
    outer loop
      vertex 14.9 28.5142 111.219
      vertex 15.5 28.1 112.176
      vertex 14.9 27.8 111.656
    endloop
  endfacet
  facet normal 0.707356 0.369038 0.602875
    outer loop
      vertex 15.5 30.2571 113.902
      vertex 14.9 30.5838 114.406
      vertex 14.9 29.7 114.947
    endloop
  endfacet
  facet normal 0.70667 0.370083 0.603039
    outer loop
      vertex 15.5 29.4 114.428
      vertex 15.5 30.2571 113.902
      vertex 14.9 29.7 114.947
    endloop
  endfacet
  facet normal -0 0.522082 0.852895
    outer loop
      vertex -14.9 30.5838 114.406
      vertex 14.9 29.7 114.947
      vertex 14.9 30.5838 114.406
    endloop
  endfacet
  facet normal 0 0.522082 0.852895
    outer loop
      vertex 14.9 29.7 114.947
      vertex -14.9 30.5838 114.406
      vertex -14.9 29.7 114.947
    endloop
  endfacet
  facet normal -0.707366 0.369719 0.602446
    outer loop
      vertex -14.9 30.5838 114.406
      vertex -15.5 30.2571 113.902
      vertex -15.5 29.4 114.428
    endloop
  endfacet
  facet normal -0.706681 0.36939 0.603451
    outer loop
      vertex -14.9 29.7 114.947
      vertex -14.9 30.5838 114.406
      vertex -15.5 29.4 114.428
    endloop
  endfacet
  facet normal -0.707187 -0.337544 -0.621249
    outer loop
      vertex -14.9 27.8 111.656
      vertex -14.9 27.0638 112.056
      vertex -15.5 28.1 112.176
    endloop
  endfacet
  facet normal -0.70719 -0.337545 -0.621246
    outer loop
      vertex -15.5 28.1 112.176
      vertex -14.9 27.0638 112.056
      vertex -15.5 27.3362 112.591
    endloop
  endfacet
  facet normal 0 -0.477413 -0.878679
    outer loop
      vertex -14.9 27.0638 112.056
      vertex 14.9 27.8 111.656
      vertex 14.9 27.0638 112.056
    endloop
  endfacet
  facet normal -0 -0.477413 -0.878679
    outer loop
      vertex 14.9 27.8 111.656
      vertex -14.9 27.0638 112.056
      vertex -14.9 27.8 111.656
    endloop
  endfacet
  facet normal 0.707188 -0.337546 -0.621247
    outer loop
      vertex 15.5 28.1 112.176
      vertex 15.5 27.3362 112.591
      vertex 14.9 27.8 111.656
    endloop
  endfacet
  facet normal 0.70719 -0.337543 -0.621247
    outer loop
      vertex 14.9 27.8 111.656
      vertex 15.5 27.3362 112.591
      vertex 14.9 27.0638 112.056
    endloop
  endfacet
  facet normal 0.70667 0.337804 0.621696
    outer loop
      vertex 15.5 29.4 114.428
      vertex 14.9 29.7 114.947
      vertex 14.9 28.789 115.442
    endloop
  endfacet
  facet normal 0.707198 0.337007 0.621529
    outer loop
      vertex 15.5 28.5166 114.907
      vertex 15.5 29.4 114.428
      vertex 14.9 28.789 115.442
    endloop
  endfacet
  facet normal -0 0.477432 0.878668
    outer loop
      vertex -14.9 29.7 114.947
      vertex 14.9 28.789 115.442
      vertex 14.9 29.7 114.947
    endloop
  endfacet
  facet normal 0 0.477432 0.878668
    outer loop
      vertex 14.9 28.789 115.442
      vertex -14.9 29.7 114.947
      vertex -14.9 28.789 115.442
    endloop
  endfacet
  facet normal -0.706661 0.337263 0.622
    outer loop
      vertex -14.9 29.7 114.947
      vertex -15.5 29.4 114.428
      vertex -15.5 28.5166 114.907
    endloop
  endfacet
  facet normal -0.707189 0.337556 0.62124
    outer loop
      vertex -14.9 28.789 115.442
      vertex -14.9 29.7 114.947
      vertex -15.5 28.5166 114.907
    endloop
  endfacet
  facet normal -0.707202 -0.304656 -0.638005
    outer loop
      vertex -14.9 27.0638 112.056
      vertex -14.9 26.3078 112.417
      vertex -15.5 27.3362 112.591
    endloop
  endfacet
  facet normal -0.706909 -0.30441 -0.638447
    outer loop
      vertex -15.5 27.3362 112.591
      vertex -14.9 26.3078 112.417
      vertex -15.5 26.5518 112.965
    endloop
  endfacet
  facet normal 0 -0.430906 -0.902397
    outer loop
      vertex -14.9 26.3078 112.417
      vertex 14.9 27.0638 112.056
      vertex 14.9 26.3078 112.417
    endloop
  endfacet
  facet normal -0 -0.430906 -0.902397
    outer loop
      vertex 14.9 27.0638 112.056
      vertex -14.9 26.3078 112.417
      vertex -14.9 27.0638 112.056
    endloop
  endfacet
  facet normal 0.707196 -0.304286 -0.638187
    outer loop
      vertex 15.5 27.3362 112.591
      vertex 15.5 26.5518 112.965
      vertex 14.9 27.0638 112.056
    endloop
  endfacet
  facet normal 0.706903 -0.304785 -0.638275
    outer loop
      vertex 14.9 27.0638 112.056
      vertex 15.5 26.5518 112.965
      vertex 14.9 26.3078 112.417
    endloop
  endfacet
  facet normal 0.707196 0.304235 0.638212
    outer loop
      vertex 15.5 28.5166 114.907
      vertex 14.9 28.789 115.442
      vertex 14.9 27.8534 115.888
    endloop
  endfacet
  facet normal 0.706931 0.304631 0.638318
    outer loop
      vertex 15.5 27.6093 115.34
      vertex 15.5 28.5166 114.907
      vertex 14.9 27.8534 115.888
    endloop
  endfacet
  facet normal -0 0.430308 0.902682
    outer loop
      vertex -14.9 28.789 115.442
      vertex 14.9 27.8534 115.888
      vertex 14.9 28.789 115.442
    endloop
  endfacet
  facet normal 0 0.430308 0.902682
    outer loop
      vertex 14.9 27.8534 115.888
      vertex -14.9 28.789 115.442
      vertex -14.9 27.8534 115.888
    endloop
  endfacet
  facet normal -0.7072 0.304515 0.638075
    outer loop
      vertex -14.9 28.789 115.442
      vertex -15.5 28.5166 114.907
      vertex -15.5 27.6093 115.34
    endloop
  endfacet
  facet normal -0.706935 0.304348 0.638448
    outer loop
      vertex -14.9 27.8534 115.888
      vertex -14.9 28.789 115.442
      vertex -15.5 27.6093 115.34
    endloop
  endfacet
  facet normal -0.706901 -0.270273 -0.653639
    outer loop
      vertex -14.9 26.3078 112.417
      vertex -14.9 25.5339 112.737
      vertex -15.5 26.5518 112.965
    endloop
  endfacet
  facet normal -0.706906 -0.270277 -0.653632
    outer loop
      vertex -15.5 26.5518 112.965
      vertex -14.9 25.5339 112.737
      vertex -15.5 25.7489 113.297
    endloop
  endfacet
  facet normal 0 -0.382113 -0.924116
    outer loop
      vertex -14.9 25.5339 112.737
      vertex 14.9 26.3078 112.417
      vertex 14.9 25.5339 112.737
    endloop
  endfacet
  facet normal -0 -0.382113 -0.924116
    outer loop
      vertex 14.9 26.3078 112.417
      vertex -14.9 25.5339 112.737
      vertex -14.9 26.3078 112.417
    endloop
  endfacet
  facet normal 0.706901 -0.270279 -0.653636
    outer loop
      vertex 15.5 26.5518 112.965
      vertex 15.5 25.7489 113.297
      vertex 14.9 26.3078 112.417
    endloop
  endfacet
  facet normal 0.706906 -0.270271 -0.653634
    outer loop
      vertex 14.9 26.3078 112.417
      vertex 15.5 25.7489 113.297
      vertex 14.9 25.5339 112.737
    endloop
  endfacet
  facet normal 0.706932 0.270844 0.653369
    outer loop
      vertex 15.5 27.6093 115.34
      vertex 14.9 27.8534 115.888
      vertex 14.9 26.8957 116.285
    endloop
  endfacet
  facet normal 0.706897 0.270895 0.653385
    outer loop
      vertex 15.5 26.6807 115.725
      vertex 15.5 27.6093 115.34
      vertex 14.9 26.8957 116.285
    endloop
  endfacet
  facet normal -0 0.382937 0.923775
    outer loop
      vertex -14.9 27.8534 115.888
      vertex 14.9 26.8957 116.285
      vertex 14.9 27.8534 115.888
    endloop
  endfacet
  facet normal 0 0.382937 0.923775
    outer loop
      vertex 14.9 26.8957 116.285
      vertex -14.9 27.8534 115.888
      vertex -14.9 26.8957 116.285
    endloop
  endfacet
  facet normal -0.706932 0.270882 0.653353
    outer loop
      vertex -14.9 27.8534 115.888
      vertex -15.5 27.6093 115.34
      vertex -15.5 26.6807 115.725
    endloop
  endfacet
  facet normal -0.706898 0.270857 0.6534
    outer loop
      vertex -14.9 26.8957 116.285
      vertex -14.9 27.8534 115.888
      vertex -15.5 26.6807 115.725
    endloop
  endfacet
  facet normal -0.706903 -0.236396 -0.666637
    outer loop
      vertex -14.9 25.5339 112.737
      vertex -14.9 24.7443 113.017
      vertex -15.5 25.7489 113.297
    endloop
  endfacet
  facet normal -0.707178 -0.236668 -0.666249
    outer loop
      vertex -15.5 25.7489 113.297
      vertex -14.9 24.7443 113.017
      vertex -15.5 24.9297 113.588
    endloop
  endfacet
  facet normal 0 -0.334218 -0.942496
    outer loop
      vertex -14.9 24.7443 113.017
      vertex 14.9 25.5339 112.737
      vertex 14.9 24.7443 113.017
    endloop
  endfacet
  facet normal -0 -0.334218 -0.942496
    outer loop
      vertex 14.9 25.5339 112.737
      vertex -14.9 24.7443 113.017
      vertex -14.9 25.5339 112.737
    endloop
  endfacet
  facet normal 0.706908 -0.236758 -0.666503
    outer loop
      vertex 15.5 25.7489 113.297
      vertex 15.5 24.9297 113.588
      vertex 14.9 25.5339 112.737
    endloop
  endfacet
  facet normal 0.707183 -0.236303 -0.666373
    outer loop
      vertex 14.9 25.5339 112.737
      vertex 15.5 24.9297 113.588
      vertex 14.9 24.7443 113.017
    endloop
  endfacet
  facet normal 0.706899 0.236079 0.666754
    outer loop
      vertex 15.5 26.6807 115.725
      vertex 14.9 26.8957 116.285
      vertex 14.9 25.9185 116.631
    endloop
  endfacet
  facet normal 0.707192 0.235657 0.666592
    outer loop
      vertex 15.5 25.7331 116.06
      vertex 15.5 26.6807 115.725
      vertex 14.9 25.9185 116.631
    endloop
  endfacet
  facet normal -0 0.333769 0.942655
    outer loop
      vertex -14.9 26.8957 116.285
      vertex 14.9 25.9185 116.631
      vertex 14.9 26.8957 116.285
    endloop
  endfacet
  facet normal 0 0.333769 0.942655
    outer loop
      vertex 14.9 25.9185 116.631
      vertex -14.9 26.8957 116.285
      vertex -14.9 25.9185 116.631
    endloop
  endfacet
  facet normal -0.706894 0.235756 0.666873
    outer loop
      vertex -14.9 26.8957 116.285
      vertex -15.5 26.6807 115.725
      vertex -15.5 25.7331 116.06
    endloop
  endfacet
  facet normal -0.707187 0.235983 0.666482
    outer loop
      vertex -14.9 25.9185 116.631
      vertex -14.9 26.8957 116.285
      vertex -15.5 25.7331 116.06
    endloop
  endfacet
  facet normal -0.707192 -0.200868 -0.677888
    outer loop
      vertex -14.9 24.7443 113.017
      vertex -14.9 23.9411 113.255
      vertex -15.5 24.9297 113.588
    endloop
  endfacet
  facet normal -0.706681 -0.200325 -0.678581
    outer loop
      vertex -15.5 24.9297 113.588
      vertex -14.9 23.9411 113.255
      vertex -15.5 24.0964 113.834
    endloop
  endfacet
  facet normal 0 -0.284105 -0.958793
    outer loop
      vertex -14.9 23.9411 113.255
      vertex 14.9 24.7443 113.017
      vertex 14.9 23.9411 113.255
    endloop
  endfacet
  facet normal -0 -0.284105 -0.958793
    outer loop
      vertex 14.9 24.7443 113.017
      vertex -14.9 23.9411 113.255
      vertex -14.9 24.7443 113.017
    endloop
  endfacet
  facet normal 0.707182 -0.200183 -0.6781
    outer loop
      vertex 15.5 24.9297 113.588
      vertex 15.5 24.0964 113.834
      vertex 14.9 24.7443 113.017
    endloop
  endfacet
  facet normal 0.706672 -0.201016 -0.678386
    outer loop
      vertex 14.9 24.7443 113.017
      vertex 15.5 24.0964 113.834
      vertex 14.9 23.9411 113.255
    endloop
  endfacet
  facet normal 0.707187 0.200551 0.677986
    outer loop
      vertex 15.5 25.7331 116.06
      vertex 14.9 25.9185 116.631
      vertex 14.9 24.9246 116.925
    endloop
  endfacet
  facet normal 0.706668 0.201283 0.67831
    outer loop
      vertex 15.5 24.7693 116.346
      vertex 15.5 25.7331 116.06
      vertex 14.9 24.9246 116.925
    endloop
  endfacet
  facet normal -0 0.283655 0.958926
    outer loop
      vertex -14.9 25.9185 116.631
      vertex 14.9 24.9246 116.925
      vertex 14.9 25.9185 116.631
    endloop
  endfacet
  facet normal 0 0.283655 0.958926
    outer loop
      vertex 14.9 24.9246 116.925
      vertex -14.9 25.9185 116.631
      vertex -14.9 24.9246 116.925
    endloop
  endfacet
  facet normal -0.707195 0.201133 0.677806
    outer loop
      vertex -14.9 25.9185 116.631
      vertex -15.5 25.7331 116.06
      vertex -15.5 24.7693 116.346
    endloop
  endfacet
  facet normal -0.706676 0.200696 0.678476
    outer loop
      vertex -14.9 24.9246 116.925
      vertex -14.9 25.9185 116.631
      vertex -15.5 24.7693 116.346
    endloop
  endfacet
  facet normal -0.706662 -0.16474 -0.688106
    outer loop
      vertex -14.9 23.9411 113.255
      vertex -14.9 23.1266 113.45
      vertex -15.5 24.0964 113.834
    endloop
  endfacet
  facet normal -0.707042 -0.16517 -0.687612
    outer loop
      vertex -15.5 24.0964 113.834
      vertex -14.9 23.1266 113.45
      vertex -15.5 23.2513 114.037
    endloop
  endfacet
  facet normal 0 -0.232831 -0.972517
    outer loop
      vertex -14.9 23.1266 113.45
      vertex 14.9 23.9411 113.255
      vertex 14.9 23.1266 113.45
    endloop
  endfacet
  facet normal -0 -0.232831 -0.972517
    outer loop
      vertex 14.9 23.9411 113.255
      vertex -14.9 23.1266 113.45
      vertex -14.9 23.9411 113.255
    endloop
  endfacet
  facet normal 0.706669 -0.165257 -0.687974
    outer loop
      vertex 15.5 24.0964 113.834
      vertex 15.5 23.2513 114.037
      vertex 14.9 23.9411 113.255
    endloop
  endfacet
  facet normal 0.707049 -0.16465 -0.68773
    outer loop
      vertex 14.9 23.9411 113.255
      vertex 15.5 23.2513 114.037
      vertex 14.9 23.1266 113.45
    endloop
  endfacet
  facet normal 0.706668 0.165174 0.687996
    outer loop
      vertex 15.5 24.7693 116.346
      vertex 14.9 24.9246 116.925
      vertex 14.9 23.9166 117.167
    endloop
  endfacet
  facet normal 0.707049 0.16465 0.68773
    outer loop
      vertex 15.5 23.7919 116.58
      vertex 15.5 24.7693 116.346
      vertex 14.9 23.9166 117.167
    endloop
  endfacet
  facet normal -0 0.233446 0.97237
    outer loop
      vertex -14.9 24.9246 116.925
      vertex 14.9 23.9166 117.167
      vertex 14.9 24.9246 116.925
    endloop
  endfacet
  facet normal 0 0.233446 0.97237
    outer loop
      vertex 14.9 23.9166 117.167
      vertex -14.9 24.9246 116.925
      vertex -14.9 23.9166 117.167
    endloop
  endfacet
  facet normal -0.706662 0.16474 0.688106
    outer loop
      vertex -14.9 24.9246 116.925
      vertex -15.5 24.7693 116.346
      vertex -15.5 23.7919 116.58
    endloop
  endfacet
  facet normal -0.707043 0.165086 0.687631
    outer loop
      vertex -14.9 23.9166 117.167
      vertex -14.9 24.9246 116.925
      vertex -15.5 23.7919 116.58
    endloop
  endfacet
  facet normal -0.707049 -0.12916 -0.695269
    outer loop
      vertex -14.9 23.1266 113.45
      vertex -14.9 22.303 113.603
      vertex -15.5 23.2513 114.037
    endloop
  endfacet
  facet normal -0.707197 -0.129337 -0.695086
    outer loop
      vertex -15.5 23.2513 114.037
      vertex -14.9 22.303 113.603
      vertex -15.5 22.3968 114.196
    endloop
  endfacet
  facet normal 0 -0.182645 -0.983179
    outer loop
      vertex -14.9 22.303 113.603
      vertex 14.9 23.1266 113.45
      vertex 14.9 22.303 113.603
    endloop
  endfacet
  facet normal -0 -0.182645 -0.983179
    outer loop
      vertex 14.9 23.1266 113.45
      vertex -14.9 22.303 113.603
      vertex -14.9 23.1266 113.45
    endloop
  endfacet
  facet normal 0.707052 -0.129364 -0.695229
    outer loop
      vertex 15.5 23.2513 114.037
      vertex 15.5 22.3968 114.196
      vertex 14.9 23.1266 113.45
    endloop
  endfacet
  facet normal 0.707199 -0.129133 -0.695121
    outer loop
      vertex 14.9 23.1266 113.45
      vertex 15.5 22.3968 114.196
      vertex 14.9 22.303 113.603
    endloop
  endfacet
  facet normal 0.707046 0.128939 0.695313
    outer loop
      vertex 15.5 23.7919 116.58
      vertex 14.9 23.9166 117.167
      vertex 14.9 22.8974 117.356
    endloop
  endfacet
  facet normal 0.706627 0.129499 0.695635
    outer loop
      vertex 15.5 22.8035 116.764
      vertex 15.5 23.7919 116.58
      vertex 14.9 22.8974 117.356
    endloop
  endfacet
  facet normal -0 0.182331 0.983237
    outer loop
      vertex -14.9 23.9166 117.167
      vertex 14.9 22.8974 117.356
      vertex 14.9 23.9166 117.167
    endloop
  endfacet
  facet normal 0 0.182331 0.983237
    outer loop
      vertex 14.9 22.8974 117.356
      vertex -14.9 23.9166 117.167
      vertex -14.9 22.8974 117.356
    endloop
  endfacet
  facet normal -0.707052 0.129421 0.695217
    outer loop
      vertex -14.9 23.9166 117.167
      vertex -15.5 23.7919 116.58
      vertex -15.5 22.8035 116.764
    endloop
  endfacet
  facet normal -0.706633 0.129014 0.695719
    outer loop
      vertex -14.9 22.8974 117.356
      vertex -14.9 23.9166 117.167
      vertex -15.5 22.8035 116.764
    endloop
  endfacet
  facet normal -0.707203 -0.0920034 -0.700998
    outer loop
      vertex -14.9 22.303 113.603
      vertex -14.9 21.4725 113.712
      vertex -15.5 22.3968 114.196
    endloop
  endfacet
  facet normal -0.707156 -0.0919441 -0.701054
    outer loop
      vertex -15.5 22.3968 114.196
      vertex -14.9 21.4725 113.712
      vertex -15.5 21.5352 114.309
    endloop
  endfacet
  facet normal 0 -0.13013 -0.991497
    outer loop
      vertex -14.9 21.4725 113.712
      vertex 14.9 22.303 113.603
      vertex 14.9 21.4725 113.712
    endloop
  endfacet
  facet normal -0 -0.13013 -0.991497
    outer loop
      vertex 14.9 22.303 113.603
      vertex -14.9 21.4725 113.712
      vertex -14.9 22.303 113.603
    endloop
  endfacet
  facet normal 0.707202 -0.0919381 -0.701008
    outer loop
      vertex 15.5 22.3968 114.196
      vertex 15.5 21.5352 114.309
      vertex 14.9 22.303 113.603
    endloop
  endfacet
  facet normal 0.707156 -0.0920096 -0.701046
    outer loop
      vertex 14.9 22.303 113.603
      vertex 15.5 21.5352 114.309
      vertex 14.9 21.4725 113.712
    endloop
  endfacet
  facet normal 0.706636 0.0928275 0.701462
    outer loop
      vertex 15.5 22.8035 116.764
      vertex 14.9 22.8974 117.356
      vertex 14.9 21.8697 117.492
    endloop
  endfacet
  facet normal 0.707161 0.0921472 0.701022
    outer loop
      vertex 15.5 21.8069 116.895
      vertex 15.5 22.8035 116.764
      vertex 14.9 21.8697 117.492
    endloop
  endfacet
  facet normal -0 0.131191 0.991357
    outer loop
      vertex -14.9 22.8974 117.356
      vertex 14.9 21.8697 117.492
      vertex 14.9 22.8974 117.356
    endloop
  endfacet
  facet normal 0 0.131191 0.991357
    outer loop
      vertex 14.9 21.8697 117.492
      vertex -14.9 22.8974 117.356
      vertex -14.9 21.8697 117.492
    endloop
  endfacet
  facet normal -0.706628 0.0922166 0.70155
    outer loop
      vertex -14.9 22.8974 117.356
      vertex -15.5 22.8035 116.764
      vertex -15.5 21.8069 116.895
    endloop
  endfacet
  facet normal -0.707153 0.0927597 0.700949
    outer loop
      vertex -14.9 21.8697 117.492
      vertex -14.9 22.8974 117.356
      vertex -15.5 21.8069 116.895
    endloop
  endfacet
  facet normal -0.707156 -0.0557068 -0.704859
    outer loop
      vertex -14.9 21.4725 113.712
      vertex -14.9 20.6374 113.778
      vertex -15.5 21.5352 114.309
    endloop
  endfacet
  facet normal -0.706883 -0.0553451 -0.705162
    outer loop
      vertex -15.5 21.5352 114.309
      vertex -14.9 20.6374 113.778
      vertex -15.5 20.6688 114.377
    endloop
  endfacet
  facet normal 0 -0.0787868 -0.996891
    outer loop
      vertex -14.9 20.6374 113.778
      vertex 14.9 21.4725 113.712
      vertex 14.9 20.6374 113.778
    endloop
  endfacet
  facet normal -0 -0.0787868 -0.996891
    outer loop
      vertex 14.9 21.4725 113.712
      vertex -14.9 20.6374 113.778
      vertex -14.9 21.4725 113.712
    endloop
  endfacet
  facet normal 0.707151 -0.0553241 -0.704894
    outer loop
      vertex 15.5 21.5352 114.309
      vertex 15.5 20.6688 114.377
      vertex 14.9 21.4725 113.712
    endloop
  endfacet
  facet normal 0.706878 -0.0557287 -0.705137
    outer loop
      vertex 14.9 21.4725 113.712
      vertex 15.5 20.6688 114.377
      vertex 14.9 20.6374 113.778
    endloop
  endfacet
  facet normal 0.707155 0.0552512 0.704897
    outer loop
      vertex 15.5 21.8069 116.895
      vertex 14.9 21.8697 117.492
      vertex 14.9 20.8363 117.573
    endloop
  endfacet
  facet normal 0.706884 0.0555894 0.705141
    outer loop
      vertex 15.5 20.8048 116.974
      vertex 15.5 21.8069 116.895
      vertex 14.9 20.8363 117.573
    endloop
  endfacet
  facet normal -0 0.0781424 0.996942
    outer loop
      vertex -14.9 21.8697 117.492
      vertex 14.9 20.8363 117.573
      vertex 14.9 21.8697 117.492
    endloop
  endfacet
  facet normal 0 0.0781424 0.996942
    outer loop
      vertex 14.9 20.8363 117.573
      vertex -14.9 21.8697 117.492
      vertex -14.9 20.8363 117.573
    endloop
  endfacet
  facet normal -0.707159 0.0555678 0.704867
    outer loop
      vertex -14.9 21.8697 117.492
      vertex -15.5 21.8069 116.895
      vertex -15.5 20.8048 116.974
    endloop
  endfacet
  facet normal -0.706889 0.055272 0.705162
    outer loop
      vertex -14.9 20.8363 117.573
      vertex -14.9 21.8697 117.492
      vertex -15.5 20.8048 116.974
    endloop
  endfacet
  facet normal -0.706882 -0.0185765 -0.707088
    outer loop
      vertex -14.9 20.6374 113.778
      vertex -14.9 19.8 113.8
      vertex -15.5 20.6688 114.377
    endloop
  endfacet
  facet normal -0.706983 -0.0187162 -0.706983
    outer loop
      vertex -15.5 20.6688 114.377
      vertex -14.9 19.8 113.8
      vertex -15.5 19.8 114.4
    endloop
  endfacet
  facet normal 0 -0.0262627 -0.999655
    outer loop
      vertex -14.9 19.8 113.8
      vertex 14.9 20.6374 113.778
      vertex 14.9 19.8 113.8
    endloop
  endfacet
  facet normal -0 -0.0262627 -0.999655
    outer loop
      vertex 14.9 20.6374 113.778
      vertex -14.9 19.8 113.8
      vertex -14.9 20.6374 113.778
    endloop
  endfacet
  facet normal 0.706883 -0.0187188 -0.707082
    outer loop
      vertex 15.5 20.6688 114.377
      vertex 15.5 19.8 114.4
      vertex 14.9 20.6374 113.778
    endloop
  endfacet
  facet normal 0.706985 -0.0185738 -0.706985
    outer loop
      vertex 14.9 20.6374 113.778
      vertex 15.5 19.8 114.4
      vertex 14.9 19.8 113.8
    endloop
  endfacet
  facet normal 0.706881 0.0184227 0.707092
    outer loop
      vertex 15.5 20.8048 116.974
      vertex 14.9 20.8363 117.573
      vertex 14.9 19.8 117.6
    endloop
  endfacet
  facet normal 0.706988 0.0182939 0.706988
    outer loop
      vertex 15.5 19.8 117
      vertex 15.5 20.8048 116.974
      vertex 14.9 19.8 117.6
    endloop
  endfacet
  facet normal -0 0.0260454 0.999661
    outer loop
      vertex -14.9 20.8363 117.573
      vertex 14.9 19.8 117.6
      vertex 14.9 20.8363 117.573
    endloop
  endfacet
  facet normal 0 0.0260454 0.999661
    outer loop
      vertex 14.9 19.8 117.6
      vertex -14.9 20.8363 117.573
      vertex -14.9 19.8 117.6
    endloop
  endfacet
  facet normal -0.706879 0.0182967 0.707097
    outer loop
      vertex -14.9 20.8363 117.573
      vertex -15.5 20.8048 116.974
      vertex -15.5 19.8 117
    endloop
  endfacet
  facet normal -0.706987 0.01842 0.706987
    outer loop
      vertex -14.9 19.8 117.6
      vertex -14.9 20.8363 117.573
      vertex -15.5 19.8 117
    endloop
  endfacet
  facet normal -0.706985 0.0185738 -0.706985
    outer loop
      vertex -14.9 19.8 113.8
      vertex -14.9 18.9626 113.778
      vertex -15.5 19.8 114.4
    endloop
  endfacet
  facet normal -0.706883 0.0187188 -0.707082
    outer loop
      vertex -15.5 19.8 114.4
      vertex -14.9 18.9626 113.778
      vertex -15.5 18.9312 114.377
    endloop
  endfacet
  facet normal 0 0.0262627 -0.999655
    outer loop
      vertex -14.9 18.9626 113.778
      vertex 14.9 19.8 113.8
      vertex 14.9 18.9626 113.778
    endloop
  endfacet
  facet normal 0 0.0262627 -0.999655
    outer loop
      vertex 14.9 19.8 113.8
      vertex -14.9 18.9626 113.778
      vertex -14.9 19.8 113.8
    endloop
  endfacet
  facet normal 0.706983 0.0187162 -0.706983
    outer loop
      vertex 15.5 19.8 114.4
      vertex 15.5 18.9312 114.377
      vertex 14.9 19.8 113.8
    endloop
  endfacet
  facet normal 0.706882 0.0185765 -0.707088
    outer loop
      vertex 14.9 19.8 113.8
      vertex 15.5 18.9312 114.377
      vertex 14.9 18.9626 113.778
    endloop
  endfacet
  facet normal 0.706987 -0.01842 0.706987
    outer loop
      vertex 15.5 19.8 117
      vertex 14.9 19.8 117.6
      vertex 14.9 18.7637 117.573
    endloop
  endfacet
  facet normal 0.706878 -0.0182949 0.707099
    outer loop
      vertex 15.5 18.7951 116.974
      vertex 15.5 19.8 117
      vertex 14.9 18.7637 117.573
    endloop
  endfacet
  facet normal 0 -0.0260454 0.999661
    outer loop
      vertex -14.9 19.8 117.6
      vertex 14.9 18.7637 117.573
      vertex 14.9 19.8 117.6
    endloop
  endfacet
  facet normal 0 -0.0260454 0.999661
    outer loop
      vertex 14.9 18.7637 117.573
      vertex -14.9 19.8 117.6
      vertex -14.9 18.7637 117.573
    endloop
  endfacet
  facet normal -0.706988 -0.0182921 0.706988
    outer loop
      vertex -14.9 19.8 117.6
      vertex -15.5 19.8 117
      vertex -15.5 18.7951 116.974
    endloop
  endfacet
  facet normal -0.70688 -0.0184228 0.707094
    outer loop
      vertex -14.9 18.7637 117.573
      vertex -14.9 19.8 117.6
      vertex -15.5 18.7951 116.974
    endloop
  endfacet
  facet normal -0.706878 0.0557287 -0.705137
    outer loop
      vertex -14.9 18.9626 113.778
      vertex -14.9 18.1275 113.712
      vertex -15.5 18.9312 114.377
    endloop
  endfacet
  facet normal -0.707151 0.0553241 -0.704894
    outer loop
      vertex -15.5 18.9312 114.377
      vertex -14.9 18.1275 113.712
      vertex -15.5 18.0648 114.309
    endloop
  endfacet
  facet normal 0 0.0787868 -0.996891
    outer loop
      vertex -14.9 18.1275 113.712
      vertex 14.9 18.9626 113.778
      vertex 14.9 18.1275 113.712
    endloop
  endfacet
  facet normal 0 0.0787868 -0.996891
    outer loop
      vertex 14.9 18.9626 113.778
      vertex -14.9 18.1275 113.712
      vertex -14.9 18.9626 113.778
    endloop
  endfacet
  facet normal 0.706883 0.0553451 -0.705162
    outer loop
      vertex 15.5 18.9312 114.377
      vertex 15.5 18.0648 114.309
      vertex 14.9 18.9626 113.778
    endloop
  endfacet
  facet normal 0.707156 0.0557068 -0.704859
    outer loop
      vertex 14.9 18.9626 113.778
      vertex 15.5 18.0648 114.309
      vertex 14.9 18.1275 113.712
    endloop
  endfacet
  facet normal 0.706884 -0.0552724 0.705167
    outer loop
      vertex 15.5 18.7951 116.974
      vertex 14.9 18.7637 117.573
      vertex 14.9 17.7303 117.492
    endloop
  endfacet
  facet normal 0.707159 -0.0555733 0.704867
    outer loop
      vertex 15.5 17.7931 116.895
      vertex 15.5 18.7951 116.974
      vertex 14.9 17.7303 117.492
    endloop
  endfacet
  facet normal 0 -0.0781424 0.996942
    outer loop
      vertex -14.9 18.7637 117.573
      vertex 14.9 17.7303 117.492
      vertex 14.9 18.7637 117.573
    endloop
  endfacet
  facet normal 0 -0.0781424 0.996942
    outer loop
      vertex 14.9 17.7303 117.492
      vertex -14.9 18.7637 117.573
      vertex -14.9 17.7303 117.492
    endloop
  endfacet
  facet normal -0.70688 -0.0555953 0.705146
    outer loop
      vertex -14.9 18.7637 117.573
      vertex -15.5 18.7951 116.974
      vertex -15.5 17.7931 116.895
    endloop
  endfacet
  facet normal -0.707155 -0.0552512 0.704897
    outer loop
      vertex -14.9 17.7303 117.492
      vertex -14.9 18.7637 117.573
      vertex -15.5 17.7931 116.895
    endloop
  endfacet
  facet normal -0.707156 0.0920096 -0.701046
    outer loop
      vertex -14.9 18.1275 113.712
      vertex -14.9 17.297 113.603
      vertex -15.5 18.0648 114.309
    endloop
  endfacet
  facet normal -0.707202 0.0919381 -0.701008
    outer loop
      vertex -15.5 18.0648 114.309
      vertex -14.9 17.297 113.603
      vertex -15.5 17.2032 114.196
    endloop
  endfacet
  facet normal 0 0.13013 -0.991497
    outer loop
      vertex -14.9 17.297 113.603
      vertex 14.9 18.1275 113.712
      vertex 14.9 17.297 113.603
    endloop
  endfacet
  facet normal 0 0.13013 -0.991497
    outer loop
      vertex 14.9 18.1275 113.712
      vertex -14.9 17.297 113.603
      vertex -14.9 18.1275 113.712
    endloop
  endfacet
  facet normal 0.707156 0.0919441 -0.701054
    outer loop
      vertex 15.5 18.0648 114.309
      vertex 15.5 17.2032 114.196
      vertex 14.9 18.1275 113.712
    endloop
  endfacet
  facet normal 0.707203 0.0920034 -0.700998
    outer loop
      vertex 14.9 18.1275 113.712
      vertex 15.5 17.2032 114.196
      vertex 14.9 17.297 113.603
    endloop
  endfacet
  facet normal 0.707153 -0.0927597 0.700949
    outer loop
      vertex 15.5 17.7931 116.895
      vertex 14.9 17.7303 117.492
      vertex 14.9 16.7026 117.356
    endloop
  endfacet
  facet normal 0.706628 -0.0922166 0.70155
    outer loop
      vertex 15.5 16.7965 116.764
      vertex 15.5 17.7931 116.895
      vertex 14.9 16.7026 117.356
    endloop
  endfacet
  facet normal 0 -0.131191 0.991357
    outer loop
      vertex -14.9 17.7303 117.492
      vertex 14.9 16.7026 117.356
      vertex 14.9 17.7303 117.492
    endloop
  endfacet
  facet normal 0 -0.131191 0.991357
    outer loop
      vertex 14.9 16.7026 117.356
      vertex -14.9 17.7303 117.492
      vertex -14.9 16.7026 117.356
    endloop
  endfacet
  facet normal -0.707161 -0.0921472 0.701022
    outer loop
      vertex -14.9 17.7303 117.492
      vertex -15.5 17.7931 116.895
      vertex -15.5 16.7965 116.764
    endloop
  endfacet
  facet normal -0.706636 -0.0928275 0.701462
    outer loop
      vertex -14.9 16.7026 117.356
      vertex -14.9 17.7303 117.492
      vertex -15.5 16.7965 116.764
    endloop
  endfacet
  facet normal -0.707199 0.129133 -0.695121
    outer loop
      vertex -14.9 17.297 113.603
      vertex -14.9 16.4734 113.45
      vertex -15.5 17.2032 114.196
    endloop
  endfacet
  facet normal -0.707052 0.129364 -0.695229
    outer loop
      vertex -15.5 17.2032 114.196
      vertex -14.9 16.4734 113.45
      vertex -15.5 16.3487 114.037
    endloop
  endfacet
  facet normal 0 0.182645 -0.983179
    outer loop
      vertex -14.9 16.4734 113.45
      vertex 14.9 17.297 113.603
      vertex 14.9 16.4734 113.45
    endloop
  endfacet
  facet normal 0 0.182645 -0.983179
    outer loop
      vertex 14.9 17.297 113.603
      vertex -14.9 16.4734 113.45
      vertex -14.9 17.297 113.603
    endloop
  endfacet
  facet normal 0.707197 0.129337 -0.695086
    outer loop
      vertex 15.5 17.2032 114.196
      vertex 15.5 16.3487 114.037
      vertex 14.9 17.297 113.603
    endloop
  endfacet
  facet normal 0.707049 0.12916 -0.695269
    outer loop
      vertex 14.9 17.297 113.603
      vertex 15.5 16.3487 114.037
      vertex 14.9 16.4734 113.45
    endloop
  endfacet
  facet normal 0.706633 -0.129014 0.695719
    outer loop
      vertex 15.5 16.7965 116.764
      vertex 14.9 16.7026 117.356
      vertex 14.9 15.6834 117.167
    endloop
  endfacet
  facet normal 0.707052 -0.129421 0.695217
    outer loop
      vertex 15.5 15.8081 116.58
      vertex 15.5 16.7965 116.764
      vertex 14.9 15.6834 117.167
    endloop
  endfacet
  facet normal 0 -0.182331 0.983237
    outer loop
      vertex -14.9 16.7026 117.356
      vertex 14.9 15.6834 117.167
      vertex 14.9 16.7026 117.356
    endloop
  endfacet
  facet normal 0 -0.182331 0.983237
    outer loop
      vertex 14.9 15.6834 117.167
      vertex -14.9 16.7026 117.356
      vertex -14.9 15.6834 117.167
    endloop
  endfacet
  facet normal -0.706627 -0.129499 0.695635
    outer loop
      vertex -14.9 16.7026 117.356
      vertex -15.5 16.7965 116.764
      vertex -15.5 15.8081 116.58
    endloop
  endfacet
  facet normal -0.707046 -0.128939 0.695313
    outer loop
      vertex -14.9 15.6834 117.167
      vertex -14.9 16.7026 117.356
      vertex -15.5 15.8081 116.58
    endloop
  endfacet
  facet normal -0.707049 0.16465 -0.68773
    outer loop
      vertex -14.9 16.4734 113.45
      vertex -14.9 15.6589 113.255
      vertex -15.5 16.3487 114.037
    endloop
  endfacet
  facet normal -0.706669 0.165257 -0.687974
    outer loop
      vertex -15.5 16.3487 114.037
      vertex -14.9 15.6589 113.255
      vertex -15.5 15.5036 113.834
    endloop
  endfacet
  facet normal 0 0.232831 -0.972517
    outer loop
      vertex -14.9 15.6589 113.255
      vertex 14.9 16.4734 113.45
      vertex 14.9 15.6589 113.255
    endloop
  endfacet
  facet normal 0 0.232831 -0.972517
    outer loop
      vertex 14.9 16.4734 113.45
      vertex -14.9 15.6589 113.255
      vertex -14.9 16.4734 113.45
    endloop
  endfacet
  facet normal 0.707042 0.16517 -0.687612
    outer loop
      vertex 15.5 16.3487 114.037
      vertex 15.5 15.5036 113.834
      vertex 14.9 16.4734 113.45
    endloop
  endfacet
  facet normal 0.706662 0.16474 -0.688106
    outer loop
      vertex 14.9 16.4734 113.45
      vertex 15.5 15.5036 113.834
      vertex 14.9 15.6589 113.255
    endloop
  endfacet
  facet normal 0.707043 -0.165086 0.687631
    outer loop
      vertex 15.5 15.8081 116.58
      vertex 14.9 15.6834 117.167
      vertex 14.9 14.6754 116.925
    endloop
  endfacet
  facet normal 0.706662 -0.16474 0.688106
    outer loop
      vertex 15.5 14.8307 116.346
      vertex 15.5 15.8081 116.58
      vertex 14.9 14.6754 116.925
    endloop
  endfacet
  facet normal 0 -0.233446 0.97237
    outer loop
      vertex -14.9 15.6834 117.167
      vertex 14.9 14.6754 116.925
      vertex 14.9 15.6834 117.167
    endloop
  endfacet
  facet normal 0 -0.233446 0.97237
    outer loop
      vertex 14.9 14.6754 116.925
      vertex -14.9 15.6834 117.167
      vertex -14.9 14.6754 116.925
    endloop
  endfacet
  facet normal -0.707049 -0.16465 0.68773
    outer loop
      vertex -14.9 15.6834 117.167
      vertex -15.5 15.8081 116.58
      vertex -15.5 14.8307 116.346
    endloop
  endfacet
  facet normal -0.706668 -0.165174 0.687996
    outer loop
      vertex -14.9 14.6754 116.925
      vertex -14.9 15.6834 117.167
      vertex -15.5 14.8307 116.346
    endloop
  endfacet
  facet normal -0.706672 0.201016 -0.678386
    outer loop
      vertex -14.9 15.6589 113.255
      vertex -14.9 14.8557 113.017
      vertex -15.5 15.5036 113.834
    endloop
  endfacet
  facet normal -0.707182 0.200183 -0.6781
    outer loop
      vertex -15.5 15.5036 113.834
      vertex -14.9 14.8557 113.017
      vertex -15.5 14.6703 113.588
    endloop
  endfacet
  facet normal 0 0.284105 -0.958793
    outer loop
      vertex -14.9 14.8557 113.017
      vertex 14.9 15.6589 113.255
      vertex 14.9 14.8557 113.017
    endloop
  endfacet
  facet normal 0 0.284105 -0.958793
    outer loop
      vertex 14.9 15.6589 113.255
      vertex -14.9 14.8557 113.017
      vertex -14.9 15.6589 113.255
    endloop
  endfacet
  facet normal 0.706681 0.200325 -0.678581
    outer loop
      vertex 15.5 15.5036 113.834
      vertex 15.5 14.6703 113.588
      vertex 14.9 15.6589 113.255
    endloop
  endfacet
  facet normal 0.707192 0.200868 -0.677888
    outer loop
      vertex 14.9 15.6589 113.255
      vertex 15.5 14.6703 113.588
      vertex 14.9 14.8557 113.017
    endloop
  endfacet
  facet normal 0.706676 -0.200696 0.678476
    outer loop
      vertex 15.5 14.8307 116.346
      vertex 14.9 14.6754 116.925
      vertex 14.9 13.6815 116.631
    endloop
  endfacet
  facet normal 0.707195 -0.201133 0.677806
    outer loop
      vertex 15.5 13.8669 116.06
      vertex 15.5 14.8307 116.346
      vertex 14.9 13.6815 116.631
    endloop
  endfacet
  facet normal 0 -0.283655 0.958926
    outer loop
      vertex -14.9 14.6754 116.925
      vertex 14.9 13.6815 116.631
      vertex 14.9 14.6754 116.925
    endloop
  endfacet
  facet normal 0 -0.283655 0.958926
    outer loop
      vertex 14.9 13.6815 116.631
      vertex -14.9 14.6754 116.925
      vertex -14.9 13.6815 116.631
    endloop
  endfacet
  facet normal -0.706668 -0.201283 0.67831
    outer loop
      vertex -14.9 14.6754 116.925
      vertex -15.5 14.8307 116.346
      vertex -15.5 13.8669 116.06
    endloop
  endfacet
  facet normal -0.707187 -0.200551 0.677986
    outer loop
      vertex -14.9 13.6815 116.631
      vertex -14.9 14.6754 116.925
      vertex -15.5 13.8669 116.06
    endloop
  endfacet
  facet normal -0.707183 0.236303 -0.666373
    outer loop
      vertex -14.9 14.8557 113.017
      vertex -14.9 14.0661 112.737
      vertex -15.5 14.6703 113.588
    endloop
  endfacet
  facet normal -0.706908 0.236758 -0.666503
    outer loop
      vertex -15.5 14.6703 113.588
      vertex -14.9 14.0661 112.737
      vertex -15.5 13.8511 113.297
    endloop
  endfacet
  facet normal 0 0.334218 -0.942496
    outer loop
      vertex -14.9 14.0661 112.737
      vertex 14.9 14.8557 113.017
      vertex 14.9 14.0661 112.737
    endloop
  endfacet
  facet normal 0 0.334218 -0.942496
    outer loop
      vertex 14.9 14.8557 113.017
      vertex -14.9 14.0661 112.737
      vertex -14.9 14.8557 113.017
    endloop
  endfacet
  facet normal 0.707178 0.236668 -0.666249
    outer loop
      vertex 15.5 14.6703 113.588
      vertex 15.5 13.8511 113.297
      vertex 14.9 14.8557 113.017
    endloop
  endfacet
  facet normal 0.706903 0.236396 -0.666637
    outer loop
      vertex 14.9 14.8557 113.017
      vertex 15.5 13.8511 113.297
      vertex 14.9 14.0661 112.737
    endloop
  endfacet
  facet normal 0.707187 -0.235983 0.666482
    outer loop
      vertex 15.5 13.8669 116.06
      vertex 14.9 13.6815 116.631
      vertex 14.9 12.7043 116.285
    endloop
  endfacet
  facet normal 0.706894 -0.235756 0.666873
    outer loop
      vertex 15.5 12.9193 115.725
      vertex 15.5 13.8669 116.06
      vertex 14.9 12.7043 116.285
    endloop
  endfacet
  facet normal 0 -0.333769 0.942655
    outer loop
      vertex -14.9 13.6815 116.631
      vertex 14.9 12.7043 116.285
      vertex 14.9 13.6815 116.631
    endloop
  endfacet
  facet normal 0 -0.333769 0.942655
    outer loop
      vertex 14.9 12.7043 116.285
      vertex -14.9 13.6815 116.631
      vertex -14.9 12.7043 116.285
    endloop
  endfacet
  facet normal -0.707192 -0.235657 0.666592
    outer loop
      vertex -14.9 13.6815 116.631
      vertex -15.5 13.8669 116.06
      vertex -15.5 12.9193 115.725
    endloop
  endfacet
  facet normal -0.706899 -0.236079 0.666754
    outer loop
      vertex -14.9 12.7043 116.285
      vertex -14.9 13.6815 116.631
      vertex -15.5 12.9193 115.725
    endloop
  endfacet
  facet normal -0.706906 0.270271 -0.653634
    outer loop
      vertex -14.9 14.0661 112.737
      vertex -14.9 13.2922 112.417
      vertex -15.5 13.8511 113.297
    endloop
  endfacet
  facet normal -0.706901 0.270279 -0.653636
    outer loop
      vertex -15.5 13.8511 113.297
      vertex -14.9 13.2922 112.417
      vertex -15.5 13.0482 112.965
    endloop
  endfacet
  facet normal 0 0.382113 -0.924116
    outer loop
      vertex -14.9 13.2922 112.417
      vertex 14.9 14.0661 112.737
      vertex 14.9 13.2922 112.417
    endloop
  endfacet
  facet normal 0 0.382113 -0.924116
    outer loop
      vertex 14.9 14.0661 112.737
      vertex -14.9 13.2922 112.417
      vertex -14.9 14.0661 112.737
    endloop
  endfacet
  facet normal 0.706906 0.270277 -0.653632
    outer loop
      vertex 15.5 13.8511 113.297
      vertex 15.5 13.0482 112.965
      vertex 14.9 14.0661 112.737
    endloop
  endfacet
  facet normal 0.706901 0.270273 -0.653639
    outer loop
      vertex 14.9 14.0661 112.737
      vertex 15.5 13.0482 112.965
      vertex 14.9 13.2922 112.417
    endloop
  endfacet
  facet normal 0.706898 -0.270857 0.6534
    outer loop
      vertex 15.5 12.9193 115.725
      vertex 14.9 12.7043 116.285
      vertex 14.9 11.7466 115.888
    endloop
  endfacet
  facet normal 0.706932 -0.270882 0.653353
    outer loop
      vertex 15.5 11.9907 115.34
      vertex 15.5 12.9193 115.725
      vertex 14.9 11.7466 115.888
    endloop
  endfacet
  facet normal 0 -0.382937 0.923775
    outer loop
      vertex -14.9 12.7043 116.285
      vertex 14.9 11.7466 115.888
      vertex 14.9 12.7043 116.285
    endloop
  endfacet
  facet normal 0 -0.382937 0.923775
    outer loop
      vertex 14.9 11.7466 115.888
      vertex -14.9 12.7043 116.285
      vertex -14.9 11.7466 115.888
    endloop
  endfacet
  facet normal -0.706897 -0.270895 0.653385
    outer loop
      vertex -14.9 12.7043 116.285
      vertex -15.5 12.9193 115.725
      vertex -15.5 11.9907 115.34
    endloop
  endfacet
  facet normal -0.706932 -0.270844 0.653369
    outer loop
      vertex -14.9 11.7466 115.888
      vertex -14.9 12.7043 116.285
      vertex -15.5 11.9907 115.34
    endloop
  endfacet
  facet normal -0.706903 0.304785 -0.638275
    outer loop
      vertex -14.9 13.2922 112.417
      vertex -14.9 12.5362 112.056
      vertex -15.5 13.0482 112.965
    endloop
  endfacet
  facet normal -0.707196 0.304286 -0.638187
    outer loop
      vertex -15.5 13.0482 112.965
      vertex -14.9 12.5362 112.056
      vertex -15.5 12.2638 112.591
    endloop
  endfacet
  facet normal 0 0.430906 -0.902397
    outer loop
      vertex -14.9 12.5362 112.056
      vertex 14.9 13.2922 112.417
      vertex 14.9 12.5362 112.056
    endloop
  endfacet
  facet normal 0 0.430906 -0.902397
    outer loop
      vertex 14.9 13.2922 112.417
      vertex -14.9 12.5362 112.056
      vertex -14.9 13.2922 112.417
    endloop
  endfacet
  facet normal 0.706909 0.30441 -0.638447
    outer loop
      vertex 15.5 13.0482 112.965
      vertex 15.5 12.2638 112.591
      vertex 14.9 13.2922 112.417
    endloop
  endfacet
  facet normal 0.707202 0.304656 -0.638005
    outer loop
      vertex 14.9 13.2922 112.417
      vertex 15.5 12.2638 112.591
      vertex 14.9 12.5362 112.056
    endloop
  endfacet
  facet normal 0.706935 -0.304348 0.638448
    outer loop
      vertex 15.5 11.9907 115.34
      vertex 14.9 11.7466 115.888
      vertex 14.9 10.811 115.442
    endloop
  endfacet
  facet normal 0.7072 -0.304515 0.638075
    outer loop
      vertex 15.5 11.0834 114.907
      vertex 15.5 11.9907 115.34
      vertex 14.9 10.811 115.442
    endloop
  endfacet
  facet normal 0 -0.430308 0.902682
    outer loop
      vertex -14.9 11.7466 115.888
      vertex 14.9 10.811 115.442
      vertex 14.9 11.7466 115.888
    endloop
  endfacet
  facet normal 0 -0.430308 0.902682
    outer loop
      vertex 14.9 10.811 115.442
      vertex -14.9 11.7466 115.888
      vertex -14.9 10.811 115.442
    endloop
  endfacet
  facet normal -0.706931 -0.304631 0.638318
    outer loop
      vertex -14.9 11.7466 115.888
      vertex -15.5 11.9907 115.34
      vertex -15.5 11.0834 114.907
    endloop
  endfacet
  facet normal -0.707196 -0.304235 0.638212
    outer loop
      vertex -14.9 10.811 115.442
      vertex -14.9 11.7466 115.888
      vertex -15.5 11.0834 114.907
    endloop
  endfacet
  facet normal -0.70719 0.337543 -0.621247
    outer loop
      vertex -14.9 12.5362 112.056
      vertex -14.9 11.8 111.656
      vertex -15.5 12.2638 112.591
    endloop
  endfacet
  facet normal -0.707188 0.337546 -0.621247
    outer loop
      vertex -15.5 12.2638 112.591
      vertex -14.9 11.8 111.656
      vertex -15.5 11.5 112.176
    endloop
  endfacet
  facet normal 0 0.477413 -0.878679
    outer loop
      vertex -14.9 11.8 111.656
      vertex 14.9 12.5362 112.056
      vertex 14.9 11.8 111.656
    endloop
  endfacet
  facet normal 0 0.477413 -0.878679
    outer loop
      vertex 14.9 12.5362 112.056
      vertex -14.9 11.8 111.656
      vertex -14.9 12.5362 112.056
    endloop
  endfacet
  facet normal 0.70719 0.337545 -0.621246
    outer loop
      vertex 15.5 12.2638 112.591
      vertex 15.5 11.5 112.176
      vertex 14.9 12.5362 112.056
    endloop
  endfacet
  facet normal 0.707187 0.337544 -0.621249
    outer loop
      vertex 14.9 12.5362 112.056
      vertex 15.5 11.5 112.176
      vertex 14.9 11.8 111.656
    endloop
  endfacet
  facet normal 0.707189 -0.337559 0.621238
    outer loop
      vertex 15.5 11.0834 114.907
      vertex 14.9 10.811 115.442
      vertex 14.9 9.90001 114.947
    endloop
  endfacet
  facet normal 0.706658 -0.337264 0.622002
    outer loop
      vertex 15.5 10.2 114.428
      vertex 15.5 11.0834 114.907
      vertex 14.9 9.90001 114.947
    endloop
  endfacet
  facet normal 0 -0.477436 0.878666
    outer loop
      vertex -14.9 10.811 115.442
      vertex 14.9 9.90001 114.947
      vertex 14.9 10.811 115.442
    endloop
  endfacet
  facet normal 0 -0.477436 0.878666
    outer loop
      vertex 14.9 9.90001 114.947
      vertex -14.9 10.811 115.442
      vertex -14.9 9.90001 114.947
    endloop
  endfacet
  facet normal -0.707198 -0.337007 0.621529
    outer loop
      vertex -14.9 10.811 115.442
      vertex -15.5 11.0834 114.907
      vertex -15.5 10.2 114.428
    endloop
  endfacet
  facet normal -0.706667 -0.337808 0.621697
    outer loop
      vertex -14.9 9.90001 114.947
      vertex -14.9 10.811 115.442
      vertex -15.5 10.2 114.428
    endloop
  endfacet
  facet normal -0.707185 0.369015 -0.60309
    outer loop
      vertex -14.9 11.8 111.656
      vertex -14.9 11.0858 111.219
      vertex -15.5 11.5 112.176
    endloop
  endfacet
  facet normal -0.706888 0.369526 -0.603125
    outer loop
      vertex -15.5 11.5 112.176
      vertex -14.9 11.0858 111.219
      vertex -15.5 10.759 111.722
    endloop
  endfacet
  facet normal 0 0.521923 -0.852992
    outer loop
      vertex -14.9 11.0858 111.219
      vertex 14.9 11.8 111.656
      vertex 14.9 11.0858 111.219
    endloop
  endfacet
  facet normal 0 0.521923 -0.852992
    outer loop
      vertex 14.9 11.8 111.656
      vertex -14.9 11.0858 111.219
      vertex -14.9 11.8 111.656
    endloop
  endfacet
  facet normal 0.70718 0.369374 -0.602876
    outer loop
      vertex 15.5 11.5 112.176
      vertex 15.5 10.759 111.722
      vertex 14.9 11.8 111.656
    endloop
  endfacet
  facet normal 0.706883 0.369173 -0.603348
    outer loop
      vertex 14.9 11.8 111.656
      vertex 15.5 10.759 111.722
      vertex 14.9 11.0858 111.219
    endloop
  endfacet
  facet normal 0.706678 -0.369374 0.603465
    outer loop
      vertex 15.5 10.2 114.428
      vertex 14.9 9.90001 114.947
      vertex 14.9 9.01615 114.406
    endloop
  endfacet
  facet normal 0.707391 -0.369716 0.602419
    outer loop
      vertex 15.5 9.34293 113.902
      vertex 15.5 10.2 114.428
      vertex 14.9 9.01615 114.406
    endloop
  endfacet
  facet normal 0 -0.522056 0.852911
    outer loop
      vertex -14.9 9.90001 114.947
      vertex 14.9 9.01615 114.406
      vertex 14.9 9.90001 114.947
    endloop
  endfacet
  facet normal 0 -0.522056 0.852911
    outer loop
      vertex 14.9 9.01615 114.406
      vertex -14.9 9.90001 114.947
      vertex -14.9 9.01615 114.406
    endloop
  endfacet
  facet normal -0.706667 -0.370094 0.603036
    outer loop
      vertex -14.9 9.90001 114.947
      vertex -15.5 10.2 114.428
      vertex -15.5 9.34293 113.902
    endloop
  endfacet
  facet normal -0.70738 -0.369007 0.602866
    outer loop
      vertex -14.9 9.01615 114.406
      vertex -14.9 9.90001 114.947
      vertex -15.5 9.34293 113.902
    endloop
  endfacet
  facet normal -0.706888 0.400921 -0.582728
    outer loop
      vertex -14.9 11.0858 111.219
      vertex -14.9 10.3954 110.744
      vertex -15.5 10.759 111.722
    endloop
  endfacet
  facet normal -0.707246 0.400303 -0.582718
    outer loop
      vertex -15.5 10.759 111.722
      vertex -14.9 10.3954 110.744
      vertex -15.5 10.0428 111.23
    endloop
  endfacet
  facet normal 0 0.566812 -0.823847
    outer loop
      vertex -14.9 10.3954 110.744
      vertex 14.9 11.0858 111.219
      vertex 14.9 10.3954 110.744
    endloop
  endfacet
  facet normal 0 0.566812 -0.823847
    outer loop
      vertex 14.9 11.0858 111.219
      vertex -14.9 10.3954 110.744
      vertex -14.9 11.0858 111.219
    endloop
  endfacet
  facet normal 0.706895 0.400502 -0.583007
    outer loop
      vertex 15.5 10.759 111.722
      vertex 15.5 10.0428 111.23
      vertex 14.9 11.0858 111.219
    endloop
  endfacet
  facet normal 0.707253 0.400714 -0.582428
    outer loop
      vertex 14.9 11.0858 111.219
      vertex 15.5 10.0428 111.23
      vertex 14.9 10.3954 110.744
    endloop
  endfacet
  facet normal 0.707373 -0.400295 0.58257
    outer loop
      vertex 15.5 9.34293 113.902
      vertex 14.9 9.01615 114.406
      vertex 14.9 8.16186 113.819
    endloop
  endfacet
  facet normal 0.707266 -0.400252 0.582729
    outer loop
      vertex 15.5 8.51452 113.333
      vertex 15.5 9.34293 113.902
      vertex 14.9 8.16186 113.819
    endloop
  endfacet
  facet normal 0 -0.566316 0.824188
    outer loop
      vertex -14.9 9.01615 114.406
      vertex 14.9 8.16186 113.819
      vertex 14.9 9.01615 114.406
    endloop
  endfacet
  facet normal 0 -0.566316 0.824188
    outer loop
      vertex 14.9 8.16186 113.819
      vertex -14.9 9.01615 114.406
      vertex -14.9 8.16186 113.819
    endloop
  endfacet
  facet normal -0.707374 -0.400191 0.58264
    outer loop
      vertex -14.9 9.01615 114.406
      vertex -15.5 9.34293 113.902
      vertex -15.5 8.51452 113.333
    endloop
  endfacet
  facet normal -0.707267 -0.400355 0.582657
    outer loop
      vertex -14.9 8.16186 113.819
      vertex -14.9 9.01615 114.406
      vertex -15.5 8.51452 113.333
    endloop
  endfacet
  facet normal -0.707235 0.430428 -0.560848
    outer loop
      vertex -14.9 10.3954 110.744
      vertex -14.9 9.73087 110.234
      vertex -15.5 10.0428 111.23
    endloop
  endfacet
  facet normal -0.707314 0.430293 -0.560853
    outer loop
      vertex -15.5 10.0428 111.23
      vertex -14.9 9.73087 110.234
      vertex -15.5 9.35329 110.701
    endloop
  endfacet
  facet normal 0 0.608828 -0.793302
    outer loop
      vertex -14.9 9.73087 110.234
      vertex 14.9 10.3954 110.744
      vertex 14.9 9.73087 110.234
    endloop
  endfacet
  facet normal 0 0.608828 -0.793302
    outer loop
      vertex 14.9 10.3954 110.744
      vertex -14.9 9.73087 110.234
      vertex -14.9 10.3954 110.744
    endloop
  endfacet
  facet normal 0.707236 0.43034 -0.560914
    outer loop
      vertex 15.5 10.0428 111.23
      vertex 15.5 9.35329 110.701
      vertex 14.9 10.3954 110.744
    endloop
  endfacet
  facet normal 0.707315 0.430379 -0.560784
    outer loop
      vertex 14.9 10.3954 110.744
      vertex 15.5 9.35329 110.701
      vertex 14.9 9.73087 110.234
    endloop
  endfacet
  facet normal 0.70725 -0.43078 0.560559
    outer loop
      vertex 15.5 8.51452 113.333
      vertex 14.9 8.16186 113.819
      vertex 14.9 7.33946 113.187
    endloop
  endfacet
  facet normal 0.706851 -0.43065 0.561161
    outer loop
      vertex 15.5 7.71705 112.721
      vertex 15.5 8.51452 113.333
      vertex 14.9 7.33946 113.187
    endloop
  endfacet
  facet normal 0 -0.609338 0.792911
    outer loop
      vertex -14.9 8.16186 113.819
      vertex 14.9 7.33946 113.187
      vertex 14.9 8.16186 113.819
    endloop
  endfacet
  facet normal 0 -0.609338 0.792911
    outer loop
      vertex 14.9 7.33946 113.187
      vertex -14.9 8.16186 113.819
      vertex -14.9 7.33946 113.187
    endloop
  endfacet
  facet normal -0.707257 -0.430403 0.560839
    outer loop
      vertex -14.9 8.16186 113.819
      vertex -15.5 8.51452 113.333
      vertex -15.5 7.71705 112.721
    endloop
  endfacet
  facet normal -0.706857 -0.431019 0.560871
    outer loop
      vertex -14.9 7.33946 113.187
      vertex -14.9 8.16186 113.819
      vertex -15.5 7.71705 112.721
    endloop
  endfacet
  facet normal -0.7073 0.459096 -0.537547
    outer loop
      vertex -14.9 9.73087 110.234
      vertex -14.9 9.09391 109.69
      vertex -15.5 9.35329 110.701
    endloop
  endfacet
  facet normal -0.707038 0.459547 -0.537507
    outer loop
      vertex -15.5 9.35329 110.701
      vertex -14.9 9.09391 109.69
      vertex -15.5 8.69244 110.136
    endloop
  endfacet
  facet normal 0 0.649438 -0.760415
    outer loop
      vertex -14.9 9.09391 109.69
      vertex 14.9 9.73087 110.234
      vertex 14.9 9.09391 109.69
    endloop
  endfacet
  facet normal 0 0.649438 -0.760415
    outer loop
      vertex 14.9 9.73087 110.234
      vertex -14.9 9.09391 109.69
      vertex -14.9 9.73087 110.234
    endloop
  endfacet
  facet normal 0.707295 0.45938 -0.537312
    outer loop
      vertex 15.5 9.35329 110.701
      vertex 15.5 8.69244 110.136
      vertex 14.9 9.73087 110.234
    endloop
  endfacet
  facet normal 0.707033 0.45927 -0.537751
    outer loop
      vertex 14.9 9.73087 110.234
      vertex 15.5 8.69244 110.136
      vertex 14.9 9.09391 109.69
    endloop
  endfacet
  facet normal 0.706857 -0.459304 0.537952
    outer loop
      vertex 15.5 7.71705 112.721
      vertex 14.9 7.33946 113.187
      vertex 14.9 6.55122 112.514
    endloop
  endfacet
  facet normal 0.707034 -0.459347 0.537683
    outer loop
      vertex 15.5 6.95269 112.068
      vertex 15.5 7.71705 112.721
      vertex 14.9 6.55122 112.514
    endloop
  endfacet
  facet normal 0 -0.649325 0.760511
    outer loop
      vertex -14.9 7.33946 113.187
      vertex 14.9 6.55122 112.514
      vertex 14.9 7.33946 113.187
    endloop
  endfacet
  facet normal 0 -0.649325 0.760511
    outer loop
      vertex 14.9 6.55122 112.514
      vertex -14.9 7.33946 113.187
      vertex -14.9 6.55122 112.514
    endloop
  endfacet
  facet normal -0.706855 -0.459464 0.537819
    outer loop
      vertex -14.9 7.33946 113.187
      vertex -15.5 7.71705 112.721
      vertex -15.5 6.95269 112.068
    endloop
  endfacet
  facet normal -0.707032 -0.459191 0.53782
    outer loop
      vertex -14.9 6.55122 112.514
      vertex -14.9 7.33946 113.187
      vertex -15.5 6.95269 112.068
    endloop
  endfacet
  facet normal -0.707035 0.486518 -0.513226
    outer loop
      vertex -14.9 9.09391 109.69
      vertex -14.9 8.48629 109.114
      vertex -15.5 8.69244 110.136
    endloop
  endfacet
  facet normal -0.706869 0.486802 -0.513186
    outer loop
      vertex -15.5 8.69244 110.136
      vertex -14.9 8.48629 109.114
      vertex -15.5 8.06203 109.538
    endloop
  endfacet
  facet normal 0 0.687971 -0.725738
    outer loop
      vertex -14.9 8.48629 109.114
      vertex 14.9 9.09391 109.69
      vertex 14.9 8.48629 109.114
    endloop
  endfacet
  facet normal 0 0.687971 -0.725738
    outer loop
      vertex 14.9 9.09391 109.69
      vertex -14.9 8.48629 109.114
      vertex -14.9 9.09391 109.69
    endloop
  endfacet
  facet normal 0.707032 0.48669 -0.513067
    outer loop
      vertex 15.5 8.69244 110.136
      vertex 15.5 8.06203 109.538
      vertex 14.9 9.09391 109.69
    endloop
  endfacet
  facet normal 0.706866 0.486635 -0.513349
    outer loop
      vertex 14.9 9.09391 109.69
      vertex 15.5 8.06203 109.538
      vertex 14.9 8.48629 109.114
    endloop
  endfacet
  facet normal 0.707034 -0.486591 0.513159
    outer loop
      vertex 15.5 6.95269 112.068
      vertex 14.9 6.55122 112.514
      vertex 14.9 5.79929 111.801
    endloop
  endfacet
  facet normal 0.707299 -0.486635 0.512752
    outer loop
      vertex 15.5 6.22355 111.376
      vertex 15.5 6.95269 112.068
      vertex 14.9 5.79929 111.801
    endloop
  endfacet
  facet normal 0 -0.688073 0.725642
    outer loop
      vertex -14.9 6.55122 112.514
      vertex 14.9 5.79929 111.801
      vertex 14.9 6.55122 112.514
    endloop
  endfacet
  facet normal 0 -0.688073 0.725642
    outer loop
      vertex 14.9 5.79929 111.801
      vertex -14.9 6.55122 112.514
      vertex -14.9 5.79929 111.801
    endloop
  endfacet
  facet normal -0.70703 -0.48682 0.512947
    outer loop
      vertex -14.9 6.55122 112.514
      vertex -15.5 6.95269 112.068
      vertex -15.5 6.22355 111.376
    endloop
  endfacet
  facet normal -0.707295 -0.486411 0.51297
    outer loop
      vertex -14.9 5.79929 111.801
      vertex -14.9 6.55122 112.514
      vertex -15.5 6.22355 111.376
    endloop
  endfacet
  facet normal -0.706874 0.513238 -0.48674
    outer loop
      vertex -14.9 8.48629 109.114
      vertex -14.9 7.90968 108.506
      vertex -15.5 8.06203 109.538
    endloop
  endfacet
  facet normal -0.707191 0.5127 -0.486846
    outer loop
      vertex -15.5 8.06203 109.538
      vertex -14.9 7.90968 108.506
      vertex -15.5 7.4638 108.908
    endloop
  endfacet
  facet normal 0 0.725589 -0.688128
    outer loop
      vertex 14.9 7.90968 108.506
      vertex -14.9 8.48629 109.114
      vertex 14.9 8.48629 109.114
    endloop
  endfacet
  facet normal 0 0.725589 -0.688128
    outer loop
      vertex -14.9 8.48629 109.114
      vertex 14.9 7.90968 108.506
      vertex -14.9 7.90968 108.506
    endloop
  endfacet
  facet normal 0.70688 0.512926 -0.48706
    outer loop
      vertex 15.5 8.06203 109.538
      vertex 15.5 7.4638 108.908
      vertex 14.9 8.48629 109.114
    endloop
  endfacet
  facet normal 0.707197 0.513003 -0.486518
    outer loop
      vertex 14.9 8.48629 109.114
      vertex 15.5 7.4638 108.908
      vertex 14.9 7.90968 108.506
    endloop
  endfacet
  facet normal 0.707282 -0.512814 0.486594
    outer loop
      vertex 15.5 6.22355 111.376
      vertex 14.9 5.79929 111.801
      vertex 14.9 5.08574 111.049
    endloop
  endfacet
  facet normal 0.707193 -0.512807 0.48673
    outer loop
      vertex 15.5 5.53162 110.647
      vertex 15.5 6.22355 111.376
      vertex 14.9 5.08574 111.049
    endloop
  endfacet
  facet normal 0 -0.725409 0.688318
    outer loop
      vertex -14.9 5.08574 111.049
      vertex 14.9 5.79929 111.801
      vertex -14.9 5.79929 111.801
    endloop
  endfacet
  facet normal 0 -0.725409 0.688318
    outer loop
      vertex 14.9 5.79929 111.801
      vertex -14.9 5.08574 111.049
      vertex 14.9 5.08574 111.049
    endloop
  endfacet
  facet normal -0.707283 -0.512742 0.486669
    outer loop
      vertex -14.9 5.79929 111.801
      vertex -15.5 6.22355 111.376
      vertex -15.5 5.53162 110.647
    endloop
  endfacet
  facet normal -0.707195 -0.512878 0.486654
    outer loop
      vertex -14.9 5.08574 111.049
      vertex -14.9 5.79929 111.801
      vertex -15.5 5.53162 110.647
    endloop
  endfacet
  facet normal -0.707182 0.537643 -0.459166
    outer loop
      vertex -14.9 7.90968 108.506
      vertex -14.9 7.36566 107.869
      vertex -15.5 7.4638 108.908
    endloop
  endfacet
  facet normal -0.707139 0.537715 -0.459148
    outer loop
      vertex -15.5 7.4638 108.908
      vertex -14.9 7.36566 107.869
      vertex -15.5 6.89938 108.247
    endloop
  endfacet
  facet normal 0 0.760423 -0.649428
    outer loop
      vertex 14.9 7.36566 107.869
      vertex -14.9 7.90968 108.506
      vertex 14.9 7.90968 108.506
    endloop
  endfacet
  facet normal 0 0.760423 -0.649428
    outer loop
      vertex -14.9 7.90968 108.506
      vertex 14.9 7.36566 107.869
      vertex -14.9 7.36566 107.869
    endloop
  endfacet
  facet normal 0.707181 0.537683 -0.459121
    outer loop
      vertex 15.5 7.4638 108.908
      vertex 15.5 6.89938 108.247
      vertex 14.9 7.90968 108.506
    endloop
  endfacet
  facet normal 0.707139 0.537676 -0.459194
    outer loop
      vertex 14.9 7.90968 108.506
      vertex 15.5 6.89938 108.247
      vertex 14.9 7.36566 107.869
    endloop
  endfacet
  facet normal 0.707184 -0.537561 0.45926
    outer loop
      vertex 15.5 5.53162 110.647
      vertex 14.9 5.08574 111.049
      vertex 14.9 4.41252 110.261
    endloop
  endfacet
  facet normal 0.707136 -0.537561 0.459333
    outer loop
      vertex 15.5 4.8788 109.883
      vertex 15.5 5.53162 110.647
      vertex 14.9 4.41252 110.261
    endloop
  endfacet
  facet normal 0 -0.760309 0.649562
    outer loop
      vertex -14.9 4.41252 110.261
      vertex 14.9 5.08574 111.049
      vertex -14.9 5.08574 111.049
    endloop
  endfacet
  facet normal 0 -0.760309 0.649562
    outer loop
      vertex 14.9 5.08574 111.049
      vertex -14.9 4.41252 110.261
      vertex 14.9 4.41252 110.261
    endloop
  endfacet
  facet normal -0.707184 -0.537524 0.459302
    outer loop
      vertex -14.9 5.08574 111.049
      vertex -15.5 5.53162 110.647
      vertex -15.5 4.8788 109.883
    endloop
  endfacet
  facet normal -0.707137 -0.537596 0.45929
    outer loop
      vertex -14.9 4.41252 110.261
      vertex -14.9 5.08574 111.049
      vertex -15.5 4.8788 109.883
    endloop
  endfacet
  facet normal -0.707132 0.560792 -0.43067
    outer loop
      vertex -14.9 7.36566 107.869
      vertex -14.9 6.85573 107.205
      vertex -15.5 6.89938 108.247
    endloop
  endfacet
  facet normal -0.706743 0.561433 -0.430473
    outer loop
      vertex -15.5 6.89938 108.247
      vertex -14.9 6.85573 107.205
      vertex -15.5 6.37033 107.557
    endloop
  endfacet
  facet normal 0 0.793108 -0.609081
    outer loop
      vertex 14.9 6.85573 107.205
      vertex -14.9 7.36566 107.869
      vertex 14.9 7.36566 107.869
    endloop
  endfacet
  facet normal 0 0.793108 -0.609081
    outer loop
      vertex -14.9 7.36566 107.869
      vertex 14.9 6.85573 107.205
      vertex -14.9 6.85573 107.205
    endloop
  endfacet
  facet normal 0.707125 0.56113 -0.430241
    outer loop
      vertex 15.5 6.89938 108.247
      vertex 15.5 6.37033 107.557
      vertex 14.9 7.36566 107.869
    endloop
  endfacet
  facet normal 0.706736 0.561106 -0.430911
    outer loop
      vertex 14.9 7.36566 107.869
      vertex 15.5 6.37033 107.557
      vertex 14.9 6.85573 107.205
    endloop
  endfacet
  facet normal 0.707125 -0.561123 0.430251
    outer loop
      vertex 15.5 4.8788 109.883
      vertex 14.9 4.41252 110.261
      vertex 14.9 3.78147 109.438
    endloop
  endfacet
  facet normal 0.707106 -0.561124 0.430279
    outer loop
      vertex 15.5 4.26688 109.085
      vertex 15.5 4.8788 109.883
      vertex 14.9 3.78147 109.438
    endloop
  endfacet
  facet normal 0 -0.793568 0.608482
    outer loop
      vertex -14.9 3.78147 109.438
      vertex 14.9 4.41252 110.261
      vertex -14.9 4.41252 110.261
    endloop
  endfacet
  facet normal 0 -0.793568 0.608482
    outer loop
      vertex 14.9 4.41252 110.261
      vertex -14.9 3.78147 109.438
      vertex 14.9 3.78147 109.438
    endloop
  endfacet
  facet normal -0.707125 -0.561109 0.430268
    outer loop
      vertex -14.9 4.41252 110.261
      vertex -15.5 4.8788 109.883
      vertex -15.5 4.26688 109.085
    endloop
  endfacet
  facet normal -0.707107 -0.561137 0.430262
    outer loop
      vertex -14.9 3.78147 109.438
      vertex -14.9 4.41252 110.261
      vertex -15.5 4.26688 109.085
    endloop
  endfacet
  facet normal -0.706752 0.583215 -0.400452
    outer loop
      vertex -14.9 6.85573 107.205
      vertex -14.9 6.38127 106.514
      vertex -15.5 6.37033 107.557
    endloop
  endfacet
  facet normal -0.707051 0.582732 -0.400628
    outer loop
      vertex -15.5 6.37033 107.557
      vertex -14.9 6.38127 106.514
      vertex -15.5 5.87808 106.841
    endloop
  endfacet
  facet normal 0 0.824377 -0.566041
    outer loop
      vertex 14.9 6.38127 106.514
      vertex -14.9 6.85573 107.205
      vertex 14.9 6.85573 107.205
    endloop
  endfacet
  facet normal 0 0.824377 -0.566041
    outer loop
      vertex -14.9 6.85573 107.205
      vertex 14.9 6.38127 106.514
      vertex -14.9 6.38127 106.514
    endloop
  endfacet
  facet normal 0.706758 0.582973 -0.400794
    outer loop
      vertex 15.5 6.37033 107.557
      vertex 15.5 5.87808 106.841
      vertex 14.9 6.85573 107.205
    endloop
  endfacet
  facet normal 0.707056 0.582965 -0.40028
    outer loop
      vertex 14.9 6.85573 107.205
      vertex 15.5 5.87808 106.841
      vertex 14.9 6.38127 106.514
    endloop
  endfacet
  facet normal 0.707097 -0.582689 0.400609
    outer loop
      vertex 15.5 4.26688 109.085
      vertex 14.9 3.78147 109.438
      vertex 14.9 3.19433 108.584
    endloop
  endfacet
  facet normal 0.707055 -0.582696 0.400674
    outer loop
      vertex 15.5 3.69753 108.257
      vertex 15.5 4.26688 109.085
      vertex 14.9 3.19433 108.584
    endloop
  endfacet
  facet normal 0 -0.824035 0.566539
    outer loop
      vertex -14.9 3.19433 108.584
      vertex 14.9 3.78147 109.438
      vertex -14.9 3.78147 109.438
    endloop
  endfacet
  facet normal 0 -0.824035 0.566539
    outer loop
      vertex 14.9 3.78147 109.438
      vertex -14.9 3.19433 108.584
      vertex 14.9 3.19433 108.584
    endloop
  endfacet
  facet normal -0.707097 -0.58266 0.400649
    outer loop
      vertex -14.9 3.78147 109.438
      vertex -15.5 4.26688 109.085
      vertex -15.5 3.69753 108.257
    endloop
  endfacet
  facet normal -0.707055 -0.582723 0.400632
    outer loop
      vertex -14.9 3.19433 108.584
      vertex -14.9 3.78147 109.438
      vertex -15.5 3.69753 108.257
    endloop
  endfacet
  facet normal -0.707047 0.602905 -0.369579
    outer loop
      vertex -14.9 6.38127 106.514
      vertex -14.9 5.94359 105.8
      vertex -15.5 5.87808 106.841
    endloop
  endfacet
  facet normal -0.706978 0.603016 -0.369532
    outer loop
      vertex -15.5 5.87808 106.841
      vertex -14.9 5.94359 105.8
      vertex -15.5 5.42399 106.1
    endloop
  endfacet
  facet normal 0 0.852566 -0.52262
    outer loop
      vertex 14.9 5.94359 105.8
      vertex -14.9 6.38127 106.514
      vertex 14.9 6.38127 106.514
    endloop
  endfacet
  facet normal 0 0.852566 -0.52262
    outer loop
      vertex -14.9 6.38127 106.514
      vertex 14.9 5.94359 105.8
      vertex -14.9 5.94359 105.8
    endloop
  endfacet
  facet normal 0.707046 0.602958 -0.369497
    outer loop
      vertex 15.5 5.87808 106.841
      vertex 15.5 5.42399 106.1
      vertex 14.9 6.38127 106.514
    endloop
  endfacet
  facet normal 0.706977 0.602966 -0.369616
    outer loop
      vertex 14.9 6.38127 106.514
      vertex 15.5 5.42399 106.1
      vertex 14.9 5.94359 105.8
    endloop
  endfacet
  facet normal 0.70705 -0.602985 0.369444
    outer loop
      vertex 15.5 3.69753 108.257
      vertex 14.9 3.19433 108.584
      vertex 14.9 2.65271 107.7
    endloop
  endfacet
  facet normal 0.706978 -0.603002 0.369555
    outer loop
      vertex 15.5 3.17231 107.4
      vertex 15.5 3.69753 108.257
      vertex 14.9 2.65271 107.7
    endloop
  endfacet
  facet normal 0 -0.852681 0.522431
    outer loop
      vertex -14.9 2.65271 107.7
      vertex 14.9 3.19433 108.584
      vertex -14.9 3.19433 108.584
    endloop
  endfacet
  facet normal 0 -0.852681 0.522431
    outer loop
      vertex 14.9 3.19433 108.584
      vertex -14.9 2.65271 107.7
      vertex 14.9 2.65271 107.7
    endloop
  endfacet
  facet normal -0.707052 -0.602939 0.369517
    outer loop
      vertex -14.9 3.19433 108.584
      vertex -15.5 3.69753 108.257
      vertex -15.5 3.17231 107.4
    endloop
  endfacet
  facet normal -0.706979 -0.603046 0.369482
    outer loop
      vertex -14.9 2.65271 107.7
      vertex -14.9 3.19433 108.584
      vertex -15.5 3.17231 107.4
    endloop
  endfacet
  facet normal -0.706979 0.6215 -0.337519
    outer loop
      vertex -14.9 5.94359 105.8
      vertex -14.9 5.54389 105.064
      vertex -15.5 5.42399 106.1
    endloop
  endfacet
  facet normal -0.706869 0.62167 -0.337435
    outer loop
      vertex -15.5 5.42399 106.1
      vertex -14.9 5.54389 105.064
      vertex -15.5 5.0093 105.336
    endloop
  endfacet
  facet normal 0 0.878775 -0.477237
    outer loop
      vertex 14.9 5.54389 105.064
      vertex -14.9 5.94359 105.8
      vertex 14.9 5.94359 105.8
    endloop
  endfacet
  facet normal 0 0.878775 -0.477237
    outer loop
      vertex -14.9 5.94359 105.8
      vertex 14.9 5.54389 105.064
      vertex -14.9 5.54389 105.064
    endloop
  endfacet
  facet normal 0.706976 0.621576 -0.337384
    outer loop
      vertex 15.5 5.42399 106.1
      vertex 15.5 5.0093 105.336
      vertex 14.9 5.94359 105.8
    endloop
  endfacet
  facet normal 0.706867 0.621599 -0.337572
    outer loop
      vertex 14.9 5.94359 105.8
      vertex 15.5 5.0093 105.336
      vertex 14.9 5.54389 105.064
    endloop
  endfacet
  facet normal 0.706978 -0.621532 0.337462
    outer loop
      vertex 15.5 3.17231 107.4
      vertex 14.9 2.65271 107.7
      vertex 14.9 2.15808 106.789
    endloop
  endfacet
  facet normal 0.706871 -0.621566 0.337623
    outer loop
      vertex 15.5 2.69268 106.517
      vertex 15.5 3.17231 107.4
      vertex 14.9 2.15808 106.789
    endloop
  endfacet
  facet normal 0 -0.878818 0.477157
    outer loop
      vertex -14.9 2.15808 106.789
      vertex 14.9 2.65271 107.7
      vertex -14.9 2.65271 107.7
    endloop
  endfacet
  facet normal 0 -0.878818 0.477157
    outer loop
      vertex 14.9 2.65271 107.7
      vertex -14.9 2.15808 106.789
      vertex 14.9 2.15808 106.789
    endloop
  endfacet
  facet normal -0.706979 -0.62147 0.337572
    outer loop
      vertex -14.9 2.65271 107.7
      vertex -15.5 3.17231 107.4
      vertex -15.5 2.69268 106.517
    endloop
  endfacet
  facet normal -0.706873 -0.621624 0.337512
    outer loop
      vertex -14.9 2.15808 106.789
      vertex -14.9 2.65271 107.7
      vertex -15.5 2.69268 106.517
    endloop
  endfacet
  facet normal -0.706878 0.638422 -0.304534
    outer loop
      vertex -14.9 5.54389 105.064
      vertex -14.9 5.18327 104.308
      vertex -15.5 5.0093 105.336
    endloop
  endfacet
  facet normal -0.706969 0.638285 -0.30461
    outer loop
      vertex -15.5 5.0093 105.336
      vertex -14.9 5.18327 104.308
      vertex -15.5 4.63515 104.552
    endloop
  endfacet
  facet normal 0 0.902573 -0.430537
    outer loop
      vertex 14.9 5.18327 104.308
      vertex -14.9 5.54389 105.064
      vertex 14.9 5.54389 105.064
    endloop
  endfacet
  facet normal 0 0.902573 -0.430537
    outer loop
      vertex -14.9 5.54389 105.064
      vertex 14.9 5.18327 104.308
      vertex -14.9 5.18327 104.308
    endloop
  endfacet
  facet normal 0.70688 0.638365 -0.304648
    outer loop
      vertex 15.5 5.0093 105.336
      vertex 15.5 4.63515 104.552
      vertex 14.9 5.54389 105.064
    endloop
  endfacet
  facet normal 0.706971 0.638338 -0.304494
    outer loop
      vertex 14.9 5.54389 105.064
      vertex 15.5 4.63515 104.552
      vertex 14.9 5.18327 104.308
    endloop
  endfacet
  facet normal 0.706882 -0.638474 0.304415
    outer loop
      vertex 15.5 2.69268 106.517
      vertex 14.9 2.15808 106.789
      vertex 14.9 1.71181 105.853
    endloop
  endfacet
  facet normal 0.706974 -0.638438 0.304278
    outer loop
      vertex 15.5 2.25993 105.609
      vertex 15.5 2.69268 106.517
      vertex 14.9 1.71181 105.853
    endloop
  endfacet
  facet normal 0 -0.902652 0.43037
    outer loop
      vertex -14.9 1.71181 105.853
      vertex 14.9 2.15808 106.789
      vertex -14.9 2.15808 106.789
    endloop
  endfacet
  facet normal 0 -0.902652 0.43037
    outer loop
      vertex 14.9 2.15808 106.789
      vertex -14.9 1.71181 105.853
      vertex 14.9 1.71181 105.853
    endloop
  endfacet
  facet normal -0.706881 -0.638522 0.304318
    outer loop
      vertex -14.9 2.15808 106.789
      vertex -15.5 2.69268 106.517
      vertex -15.5 2.25993 105.609
    endloop
  endfacet
  facet normal -0.706973 -0.638393 0.304376
    outer loop
      vertex -14.9 1.71181 105.853
      vertex -14.9 2.15808 106.789
      vertex -15.5 2.25993 105.609
    endloop
  endfacet
  facet normal -0.706972 0.653419 -0.27062
    outer loop
      vertex -14.9 5.18327 104.308
      vertex -14.9 4.86271 103.534
      vertex -15.5 4.63515 104.552
    endloop
  endfacet
  facet normal -0.706977 0.653411 -0.270625
    outer loop
      vertex -15.5 4.63515 104.552
      vertex -14.9 4.86271 103.534
      vertex -15.5 4.30257 103.749
    endloop
  endfacet
  facet normal 0 0.923897 -0.382641
    outer loop
      vertex 14.9 4.86271 103.534
      vertex -14.9 5.18327 104.308
      vertex 14.9 5.18327 104.308
    endloop
  endfacet
  facet normal 0 0.923897 -0.382641
    outer loop
      vertex -14.9 5.18327 104.308
      vertex 14.9 4.86271 103.534
      vertex -14.9 4.86271 103.534
    endloop
  endfacet
  facet normal 0.706972 0.653416 -0.270626
    outer loop
      vertex 15.5 4.63515 104.552
      vertex 15.5 4.30257 103.749
      vertex 14.9 5.18327 104.308
    endloop
  endfacet
  facet normal 0.706977 0.653414 -0.270618
    outer loop
      vertex 14.9 5.18327 104.308
      vertex 15.5 4.30257 103.749
      vertex 14.9 4.86271 103.534
    endloop
  endfacet
  facet normal 0.706975 -0.653334 0.270816
    outer loop
      vertex 15.5 2.25993 105.609
      vertex 14.9 1.71181 105.853
      vertex 14.9 1.31512 104.896
    endloop
  endfacet
  facet normal 0.706974 -0.653334 0.270817
    outer loop
      vertex 15.5 1.87526 104.681
      vertex 15.5 2.25993 105.609
      vertex 14.9 1.31512 104.896
    endloop
  endfacet
  facet normal 0 -0.923781 0.38292
    outer loop
      vertex -14.9 1.31512 104.896
      vertex 14.9 1.71181 105.853
      vertex -14.9 1.71181 105.853
    endloop
  endfacet
  facet normal 0 -0.923781 0.38292
    outer loop
      vertex 14.9 1.71181 105.853
      vertex -14.9 1.31512 104.896
      vertex 14.9 1.31512 104.896
    endloop
  endfacet
  facet normal -0.706975 -0.653334 0.270817
    outer loop
      vertex -14.9 1.71181 105.853
      vertex -15.5 2.25993 105.609
      vertex -15.5 1.87526 104.681
    endloop
  endfacet
  facet normal -0.706974 -0.653335 0.270816
    outer loop
      vertex -14.9 1.31512 104.896
      vertex -14.9 1.71181 105.853
      vertex -15.5 1.87526 104.681
    endloop
  endfacet
  facet normal -0.706975 0.66671 -0.235973
    outer loop
      vertex -14.9 4.86271 103.534
      vertex -14.9 4.5831 102.744
      vertex -15.5 4.30257 103.749
    endloop
  endfacet
  facet normal -0.707099 0.666536 -0.236095
    outer loop
      vertex -15.5 4.30257 103.749
      vertex -14.9 4.5831 102.744
      vertex -15.5 4.01247 102.93
    endloop
  endfacet
  facet normal 0 0.942695 -0.333655
    outer loop
      vertex 14.9 4.5831 102.744
      vertex -14.9 4.86271 103.534
      vertex 14.9 4.86271 103.534
    endloop
  endfacet
  facet normal 0 0.942695 -0.333655
    outer loop
      vertex -14.9 4.86271 103.534
      vertex 14.9 4.5831 102.744
      vertex -14.9 4.5831 102.744
    endloop
  endfacet
  facet normal 0.706978 0.66665 -0.236136
    outer loop
      vertex 15.5 4.30257 103.749
      vertex 15.5 4.01247 102.93
      vertex 14.9 4.86271 103.534
    endloop
  endfacet
  facet normal 0.707101 0.666592 -0.235931
    outer loop
      vertex 14.9 4.86271 103.534
      vertex 15.5 4.01247 102.93
      vertex 14.9 4.5831 102.744
    endloop
  endfacet
  facet normal 0.706977 -0.666659 0.236113
    outer loop
      vertex 15.5 1.87526 104.681
      vertex 14.9 1.31512 104.896
      vertex 14.9 0.969092 103.919
    endloop
  endfacet
  facet normal 0.7071 -0.666591 0.235937
    outer loop
      vertex 15.5 1.53972 103.733
      vertex 15.5 1.87526 104.681
      vertex 14.9 0.969092 103.919
    endloop
  endfacet
  facet normal 0 -0.942625 0.333853
    outer loop
      vertex -14.9 0.969092 103.919
      vertex 14.9 1.31512 104.896
      vertex -14.9 1.31512 104.896
    endloop
  endfacet
  facet normal 0 -0.942625 0.333853
    outer loop
      vertex 14.9 1.31512 104.896
      vertex -14.9 0.969092 103.919
      vertex 14.9 0.969092 103.919
    endloop
  endfacet
  facet normal -0.706975 -0.666708 0.235978
    outer loop
      vertex -14.9 1.31512 104.896
      vertex -15.5 1.87526 104.681
      vertex -15.5 1.53972 103.733
    endloop
  endfacet
  facet normal -0.707098 -0.666545 0.236073
    outer loop
      vertex -14.9 0.969092 103.919
      vertex -14.9 1.31512 104.896
      vertex -15.5 1.53972 103.733
    endloop
  endfacet
  facet normal -0.707083 0.677999 -0.200875
    outer loop
      vertex -14.9 4.5831 102.744
      vertex -14.9 4.34519 101.941
      vertex -15.5 4.01247 102.93
    endloop
  endfacet
  facet normal -0.706936 0.678199 -0.200719
    outer loop
      vertex -15.5 4.01247 102.93
      vertex -14.9 4.34519 101.941
      vertex -15.5 3.76564 102.096
    endloop
  endfacet
  facet normal 0 0.958803 -0.284071
    outer loop
      vertex 14.9 4.34519 101.941
      vertex -14.9 4.5831 102.744
      vertex 14.9 4.5831 102.744
    endloop
  endfacet
  facet normal 0 0.958803 -0.284071
    outer loop
      vertex -14.9 4.5831 102.744
      vertex 14.9 4.34519 101.941
      vertex -14.9 4.34519 101.941
    endloop
  endfacet
  facet normal 0.70708 0.678061 -0.200678
    outer loop
      vertex 15.5 4.01247 102.93
      vertex 15.5 3.76564 102.096
      vertex 14.9 4.5831 102.744
    endloop
  endfacet
  facet normal 0.706933 0.678143 -0.200918
    outer loop
      vertex 14.9 4.5831 102.744
      vertex 15.5 3.76564 102.096
      vertex 14.9 4.34519 101.941
    endloop
  endfacet
  facet normal 0.707081 -0.678017 0.200821
    outer loop
      vertex 15.5 1.53972 103.733
      vertex 14.9 0.969092 103.919
      vertex 14.9 0.67468 102.925
    endloop
  endfacet
  facet normal 0.707102 -0.678004 0.200792
    outer loop
      vertex 15.5 1.25423 102.769
      vertex 15.5 1.53972 103.733
      vertex 14.9 0.67468 102.925
    endloop
  endfacet
  facet normal 0 -0.958826 0.283994
    outer loop
      vertex -14.9 0.67468 102.925
      vertex 14.9 0.969092 103.919
      vertex -14.9 0.969092 103.919
    endloop
  endfacet
  facet normal 0 -0.958826 0.283994
    outer loop
      vertex 14.9 0.969092 103.919
      vertex -14.9 0.67468 102.925
      vertex 14.9 0.67468 102.925
    endloop
  endfacet
  facet normal -0.70708 -0.678025 0.200798
    outer loop
      vertex -14.9 0.969092 103.919
      vertex -15.5 1.53972 103.733
      vertex -15.5 1.25423 102.769
    endloop
  endfacet
  facet normal -0.707101 -0.677998 0.200816
    outer loop
      vertex -14.9 0.67468 102.925
      vertex -14.9 0.969092 103.919
      vertex -15.5 1.25423 102.769
    endloop
  endfacet
  facet normal -0.706944 0.687704 -0.165209
    outer loop
      vertex -14.9 4.34519 101.941
      vertex -14.9 4.14964 101.127
      vertex -15.5 3.76564 102.096
    endloop
  endfacet
  facet normal -0.706878 0.68779 -0.165135
    outer loop
      vertex -15.5 3.76564 102.096
      vertex -14.9 4.14964 101.127
      vertex -15.5 3.56276 101.251
    endloop
  endfacet
  facet normal 0 0.972336 -0.233588
    outer loop
      vertex 14.9 4.14964 101.127
      vertex -14.9 4.34519 101.941
      vertex 14.9 4.34519 101.941
    endloop
  endfacet
  facet normal 0 0.972336 -0.233588
    outer loop
      vertex -14.9 4.34519 101.941
      vertex 14.9 4.14964 101.127
      vertex -14.9 4.14964 101.127
    endloop
  endfacet
  facet normal 0.706942 0.687727 -0.165119
    outer loop
      vertex 15.5 3.76564 102.096
      vertex 15.5 3.56276 101.251
      vertex 14.9 4.34519 101.941
    endloop
  endfacet
  facet normal 0.706876 0.687769 -0.165225
    outer loop
      vertex 14.9 4.34519 101.941
      vertex 15.5 3.56276 101.251
      vertex 14.9 4.14964 101.127
    endloop
  endfacet
  facet normal 0.70708 -0.687597 0.165072
    outer loop
      vertex 15.5 1.25423 102.769
      vertex 14.9 0.67468 102.925
      vertex 14.9 0.432689 101.917
    endloop
  endfacet
  facet normal 0.707015 -0.687642 0.165161
    outer loop
      vertex 15.5 1.01957 101.792
      vertex 15.5 1.25423 102.769
      vertex 14.9 0.432689 101.917
    endloop
  endfacet
  facet normal 0 -0.972372 0.233438
    outer loop
      vertex -14.9 0.432689 101.917
      vertex 14.9 0.67468 102.925
      vertex -14.9 0.67468 102.925
    endloop
  endfacet
  facet normal 0 -0.972372 0.233438
    outer loop
      vertex 14.9 0.67468 102.925
      vertex -14.9 0.432689 101.917
      vertex 14.9 0.432689 101.917
    endloop
  endfacet
  facet normal -0.707081 -0.687578 0.165145
    outer loop
      vertex -14.9 0.67468 102.925
      vertex -15.5 1.25423 102.769
      vertex -15.5 1.01957 101.792
    endloop
  endfacet
  facet normal -0.707016 -0.687659 0.165087
    outer loop
      vertex -14.9 0.432689 101.917
      vertex -14.9 0.67468 102.925
      vertex -15.5 1.01957 101.792
    endloop
  endfacet
  facet normal -0.7069 0.69548 -0.128841
    outer loop
      vertex -14.9 4.14964 101.127
      vertex -14.9 3.99699 100.303
      vertex -15.5 3.56276 101.251
    endloop
  endfacet
  facet normal -0.706998 0.695359 -0.128959
    outer loop
      vertex -15.5 3.56276 101.251
      vertex -14.9 3.99699 100.303
      vertex -15.5 3.40438 100.397
    endloop
  endfacet
  facet normal 0 0.98327 -0.182155
    outer loop
      vertex 14.9 3.99699 100.303
      vertex -14.9 4.14964 101.127
      vertex 14.9 4.14964 101.127
    endloop
  endfacet
  facet normal 0 0.98327 -0.182155
    outer loop
      vertex -14.9 4.14964 101.127
      vertex 14.9 3.99699 100.303
      vertex -14.9 3.99699 100.303
    endloop
  endfacet
  facet normal 0.706901 0.695453 -0.128976
    outer loop
      vertex 15.5 3.56276 101.251
      vertex 15.5 3.40438 100.397
      vertex 14.9 4.14964 101.127
    endloop
  endfacet
  facet normal 0.707 0.695382 -0.128823
    outer loop
      vertex 14.9 4.14964 101.127
      vertex 15.5 3.40438 100.397
      vertex 14.9 3.99699 100.303
    endloop
  endfacet
  facet normal 0.707007 -0.695381 0.128787
    outer loop
      vertex 15.5 1.01957 101.792
      vertex 14.9 0.432689 101.917
      vertex 14.9 0.243782 100.897
    endloop
  endfacet
  facet normal 0.706888 -0.695473 0.128946
    outer loop
      vertex 15.5 0.836387 100.804
      vertex 15.5 1.01957 101.792
      vertex 14.9 0.243782 100.897
    endloop
  endfacet
  facet normal 0 -0.983279 0.182106
    outer loop
      vertex -14.9 0.243782 100.897
      vertex 14.9 0.432689 101.917
      vertex -14.9 0.432689 101.917
    endloop
  endfacet
  facet normal 0 -0.983279 0.182106
    outer loop
      vertex 14.9 0.432689 101.917
      vertex -14.9 0.243782 100.897
      vertex 14.9 0.243782 100.897
    endloop
  endfacet
  facet normal -0.707009 -0.695354 0.128924
    outer loop
      vertex -14.9 0.432689 101.917
      vertex -15.5 1.01957 101.792
      vertex -15.5 0.836387 100.804
    endloop
  endfacet
  facet normal -0.70689 -0.695497 0.128808
    outer loop
      vertex -14.9 0.243782 100.897
      vertex -14.9 0.432689 101.917
      vertex -15.5 0.836387 100.804
    endloop
  endfacet
  facet normal -0.706995 0.701168 -0.0923128
    outer loop
      vertex -14.9 3.99699 100.303
      vertex -14.9 3.88765 99.4725
      vertex -15.5 3.40438 100.397
    endloop
  endfacet
  facet normal -0.706977 0.701189 -0.0922904
    outer loop
      vertex -15.5 3.40438 100.397
      vertex -14.9 3.88765 99.4725
      vertex -15.5 3.29095 99.5352
    endloop
  endfacet
  facet normal 0 0.991444 -0.130529
    outer loop
      vertex 14.9 3.88765 99.4725
      vertex -14.9 3.99699 100.303
      vertex 14.9 3.99699 100.303
    endloop
  endfacet
  facet normal 0 0.991444 -0.130529
    outer loop
      vertex -14.9 3.99699 100.303
      vertex 14.9 3.88765 99.4725
      vertex -14.9 3.88765 99.4725
    endloop
  endfacet
  facet normal 0.706994 0.701172 -0.0922881
    outer loop
      vertex 15.5 3.40438 100.397
      vertex 15.5 3.29095 99.5352
      vertex 14.9 3.99699 100.303
    endloop
  endfacet
  facet normal 0.706977 0.701186 -0.0923151
    outer loop
      vertex 14.9 3.99699 100.303
      vertex 15.5 3.29095 99.5352
      vertex 14.9 3.88765 99.4725
    endloop
  endfacet
  facet normal 0.706915 -0.701242 0.0923588
    outer loop
      vertex 15.5 0.836387 100.804
      vertex 14.9 0.243782 100.897
      vertex 14.9 0.108479 99.8697
    endloop
  endfacet
  facet normal 0.706987 -0.701182 0.0922662
    outer loop
      vertex 15.5 0.705182 99.8069
      vertex 15.5 0.836387 100.804
      vertex 14.9 0.108479 99.8697
    endloop
  endfacet
  facet normal 0 -0.991438 0.13058
    outer loop
      vertex -14.9 0.108479 99.8697
      vertex 14.9 0.243782 100.897
      vertex -14.9 0.243782 100.897
    endloop
  endfacet
  facet normal 0 -0.991438 0.13058
    outer loop
      vertex 14.9 0.243782 100.897
      vertex -14.9 0.108479 99.8697
      vertex 14.9 0.108479 99.8697
    endloop
  endfacet
  facet normal -0.706914 -0.701254 0.0922757
    outer loop
      vertex -14.9 0.243782 100.897
      vertex -15.5 0.836387 100.804
      vertex -15.5 0.705182 99.8069
    endloop
  endfacet
  facet normal -0.706986 -0.701173 0.0923496
    outer loop
      vertex -14.9 0.108479 99.8697
      vertex -14.9 0.243782 100.897
      vertex -15.5 0.705182 99.8069
    endloop
  endfacet
  facet normal -0.706977 0.705057 -0.055486
    outer loop
      vertex -14.9 3.88765 99.4725
      vertex -14.9 3.82193 98.6374
      vertex -15.5 3.29095 99.5352
    endloop
  endfacet
  facet normal -0.706981 0.705052 -0.0554911
    outer loop
      vertex -15.5 3.29095 99.5352
      vertex -14.9 3.82193 98.6374
      vertex -15.5 3.22276 98.6688
    endloop
  endfacet
  facet normal 0 0.996918 -0.0784546
    outer loop
      vertex 14.9 3.82193 98.6374
      vertex -14.9 3.88765 99.4725
      vertex 14.9 3.88765 99.4725
    endloop
  endfacet
  facet normal 0 0.996918 -0.0784546
    outer loop
      vertex -14.9 3.88765 99.4725
      vertex 14.9 3.82193 98.6374
      vertex -14.9 3.82193 98.6374
    endloop
  endfacet
  facet normal 0.706977 0.705056 -0.0554914
    outer loop
      vertex 15.5 3.29095 99.5352
      vertex 15.5 3.22276 98.6688
      vertex 14.9 3.88765 99.4725
    endloop
  endfacet
  facet normal 0.706981 0.705053 -0.0554856
    outer loop
      vertex 14.9 3.88765 99.4725
      vertex 15.5 3.22276 98.6688
      vertex 14.9 3.82193 98.6374
    endloop
  endfacet
  facet normal 1 0 0
    outer loop
      vertex 15.5 36.4 97.8
      vertex 15.5 39 97.8
      vertex 15.5 38.9737 98.8048
    endloop
  endfacet
  facet normal 1 0 0
    outer loop
      vertex 15.5 36.3772 98.6688
      vertex 15.5 38.9737 98.8048
      vertex 15.5 38.8948 99.8069
    endloop
  endfacet
  facet normal 1 0 0
    outer loop
      vertex 15.5 39 97.8
      vertex 15.5 36.4 97.8
      vertex 15.5 38.9737 96.7952
    endloop
  endfacet
  facet normal 1 0 0
    outer loop
      vertex 15.5 36.3091 99.5352
      vertex 15.5 38.8948 99.8069
      vertex 15.5 38.7636 100.804
    endloop
  endfacet
  facet normal 1 -0 0
    outer loop
      vertex 15.5 36.3772 96.9312
      vertex 15.5 38.9737 96.7952
      vertex 15.5 36.4 97.8
    endloop
  endfacet
  facet normal 1 0 0
    outer loop
      vertex 15.5 36.1956 100.397
      vertex 15.5 38.7636 100.804
      vertex 15.5 38.5804 101.792
    endloop
  endfacet
  facet normal 1 0 0
    outer loop
      vertex 15.5 38.9737 96.7952
      vertex 15.5 36.3772 96.9312
      vertex 15.5 38.8948 95.7931
    endloop
  endfacet
  facet normal 1 0 0
    outer loop
      vertex 15.5 36.0372 101.251
      vertex 15.5 38.5804 101.792
      vertex 15.5 38.3458 102.769
    endloop
  endfacet
  facet normal 1 -0 0
    outer loop
      vertex 15.5 36.3091 96.0648
      vertex 15.5 38.8948 95.7931
      vertex 15.5 36.3772 96.9312
    endloop
  endfacet
  facet normal 1 0 0
    outer loop
      vertex 15.5 35.8344 102.096
      vertex 15.5 38.3458 102.769
      vertex 15.5 38.0603 103.733
    endloop
  endfacet
  facet normal 1 0 0
    outer loop
      vertex 15.5 38.8948 95.7931
      vertex 15.5 36.3091 96.0648
      vertex 15.5 38.7636 94.7965
    endloop
  endfacet
  facet normal 1 0 0
    outer loop
      vertex 15.5 35.5875 102.93
      vertex 15.5 38.0603 103.733
      vertex 15.5 37.7247 104.681
    endloop
  endfacet
  facet normal 1 -0 0
    outer loop
      vertex 15.5 36.1956 95.2032
      vertex 15.5 38.7636 94.7965
      vertex 15.5 36.3091 96.0648
    endloop
  endfacet
  facet normal 1 0 0
    outer loop
      vertex 15.5 35.2974 103.749
      vertex 15.5 37.7247 104.681
      vertex 15.5 37.3401 105.609
    endloop
  endfacet
  facet normal 1 0 0
    outer loop
      vertex 15.5 38.7636 94.7965
      vertex 15.5 36.1956 95.2032
      vertex 15.5 38.5804 93.8081
    endloop
  endfacet
  facet normal 1 0 0
    outer loop
      vertex 15.5 34.9648 104.552
      vertex 15.5 37.3401 105.609
      vertex 15.5 36.9073 106.517
    endloop
  endfacet
  facet normal 1 -0 0
    outer loop
      vertex 15.5 36.0372 94.3487
      vertex 15.5 38.5804 93.8081
      vertex 15.5 36.1956 95.2032
    endloop
  endfacet
  facet normal 1 0 0
    outer loop
      vertex 15.5 34.5907 105.336
      vertex 15.5 36.9073 106.517
      vertex 15.5 36.4277 107.4
    endloop
  endfacet
  facet normal 1 0 0
    outer loop
      vertex 15.5 38.5804 93.8081
      vertex 15.5 36.0372 94.3487
      vertex 15.5 38.3458 92.8307
    endloop
  endfacet
  facet normal 1 -0 0
    outer loop
      vertex 15.5 35.8344 93.5036
      vertex 15.5 38.3458 92.8307
      vertex 15.5 36.0372 94.3487
    endloop
  endfacet
  facet normal 1 0 0
    outer loop
      vertex 15.5 38.9737 98.8048
      vertex 15.5 36.3772 98.6688
      vertex 15.5 36.4 97.8
    endloop
  endfacet
  facet normal 1 0 0
    outer loop
      vertex 15.5 38.8948 99.8069
      vertex 15.5 36.3091 99.5352
      vertex 15.5 36.3772 98.6688
    endloop
  endfacet
  facet normal 1 0 0
    outer loop
      vertex 15.5 38.7636 100.804
      vertex 15.5 36.1956 100.397
      vertex 15.5 36.3091 99.5352
    endloop
  endfacet
  facet normal 1 0 0
    outer loop
      vertex 15.5 38.5804 101.792
      vertex 15.5 36.0372 101.251
      vertex 15.5 36.1956 100.397
    endloop
  endfacet
  facet normal 1 0 0
    outer loop
      vertex 15.5 34.176 106.1
      vertex 15.5 36.4277 107.4
      vertex 15.5 35.9025 108.257
    endloop
  endfacet
  facet normal 1 0 0
    outer loop
      vertex 15.5 38.3458 102.769
      vertex 15.5 35.8344 102.096
      vertex 15.5 36.0372 101.251
    endloop
  endfacet
  facet normal 1 0 0
    outer loop
      vertex 15.5 38.0603 103.733
      vertex 15.5 35.5875 102.93
      vertex 15.5 35.8344 102.096
    endloop
  endfacet
  facet normal 1 0 0
    outer loop
      vertex 15.5 33.7219 106.841
      vertex 15.5 35.9025 108.257
      vertex 15.5 35.3331 109.085
    endloop
  endfacet
  facet normal 1 0 0
    outer loop
      vertex 15.5 37.7247 104.681
      vertex 15.5 35.2974 103.749
      vertex 15.5 35.5875 102.93
    endloop
  endfacet
  facet normal 1 0 0
    outer loop
      vertex 15.5 37.3401 105.609
      vertex 15.5 34.9648 104.552
      vertex 15.5 35.2974 103.749
    endloop
  endfacet
  facet normal 1 0 0
    outer loop
      vertex 15.5 33.2297 107.557
      vertex 15.5 35.3331 109.085
      vertex 15.5 34.7212 109.883
    endloop
  endfacet
  facet normal 1 0 0
    outer loop
      vertex 15.5 36.9073 106.517
      vertex 15.5 34.5907 105.336
      vertex 15.5 34.9648 104.552
    endloop
  endfacet
  facet normal 1 0 0
    outer loop
      vertex 15.5 36.4277 107.4
      vertex 15.5 34.176 106.1
      vertex 15.5 34.5907 105.336
    endloop
  endfacet
  facet normal 1 0 0
    outer loop
      vertex 15.5 32.7006 108.247
      vertex 15.5 34.7212 109.883
      vertex 15.5 34.0684 110.647
    endloop
  endfacet
  facet normal 1 0 0
    outer loop
      vertex 15.5 35.9025 108.257
      vertex 15.5 33.7219 106.841
      vertex 15.5 34.176 106.1
    endloop
  endfacet
  facet normal 1 0 0
    outer loop
      vertex 15.5 32.1362 108.908
      vertex 15.5 34.0684 110.647
      vertex 15.5 33.3764 111.376
    endloop
  endfacet
  facet normal 1 0 0
    outer loop
      vertex 15.5 35.3331 109.085
      vertex 15.5 33.2297 107.557
      vertex 15.5 33.7219 106.841
    endloop
  endfacet
  facet normal 1 0 0
    outer loop
      vertex 15.5 34.7212 109.883
      vertex 15.5 32.7006 108.247
      vertex 15.5 33.2297 107.557
    endloop
  endfacet
  facet normal 1 0 0
    outer loop
      vertex 15.5 31.538 109.538
      vertex 15.5 33.3764 111.376
      vertex 15.5 32.6473 112.068
    endloop
  endfacet
  facet normal 1 0 0
    outer loop
      vertex 15.5 34.0684 110.647
      vertex 15.5 32.1362 108.908
      vertex 15.5 32.7006 108.247
    endloop
  endfacet
  facet normal 1 0 0
    outer loop
      vertex 15.5 30.9076 110.136
      vertex 15.5 32.6473 112.068
      vertex 15.5 31.8829 112.721
    endloop
  endfacet
  facet normal 1 0 0
    outer loop
      vertex 15.5 33.3764 111.376
      vertex 15.5 31.538 109.538
      vertex 15.5 32.1362 108.908
    endloop
  endfacet
  facet normal 1 0 0
    outer loop
      vertex 15.5 30.2467 110.701
      vertex 15.5 31.8829 112.721
      vertex 15.5 31.0855 113.333
    endloop
  endfacet
  facet normal 1 0 0
    outer loop
      vertex 15.5 32.6473 112.068
      vertex 15.5 30.9076 110.136
      vertex 15.5 31.538 109.538
    endloop
  endfacet
  facet normal 1 0 0
    outer loop
      vertex 15.5 29.5572 111.23
      vertex 15.5 31.0855 113.333
      vertex 15.5 30.2571 113.902
    endloop
  endfacet
  facet normal 1 0 0
    outer loop
      vertex 15.5 31.8829 112.721
      vertex 15.5 30.2467 110.701
      vertex 15.5 30.9076 110.136
    endloop
  endfacet
  facet normal 1 0 0
    outer loop
      vertex 15.5 31.0855 113.333
      vertex 15.5 29.5572 111.23
      vertex 15.5 30.2467 110.701
    endloop
  endfacet
  facet normal 1 0 0
    outer loop
      vertex 15.5 28.841 111.722
      vertex 15.5 30.2571 113.902
      vertex 15.5 29.4 114.428
    endloop
  endfacet
  facet normal 1 0 0
    outer loop
      vertex 15.5 30.2571 113.902
      vertex 15.5 28.841 111.722
      vertex 15.5 29.5572 111.23
    endloop
  endfacet
  facet normal 1 0 0
    outer loop
      vertex 15.5 28.1 112.176
      vertex 15.5 29.4 114.428
      vertex 15.5 28.5166 114.907
    endloop
  endfacet
  facet normal 1 0 0
    outer loop
      vertex 15.5 29.4 114.428
      vertex 15.5 28.1 112.176
      vertex 15.5 28.841 111.722
    endloop
  endfacet
  facet normal 1 0 0
    outer loop
      vertex 15.5 27.3362 112.591
      vertex 15.5 28.5166 114.907
      vertex 15.5 27.6093 115.34
    endloop
  endfacet
  facet normal 1 0 0
    outer loop
      vertex 15.5 28.5166 114.907
      vertex 15.5 27.3362 112.591
      vertex 15.5 28.1 112.176
    endloop
  endfacet
  facet normal 1 0 0
    outer loop
      vertex 15.5 26.5518 112.965
      vertex 15.5 27.6093 115.34
      vertex 15.5 26.6807 115.725
    endloop
  endfacet
  facet normal 1 0 0
    outer loop
      vertex 15.5 27.6093 115.34
      vertex 15.5 26.5518 112.965
      vertex 15.5 27.3362 112.591
    endloop
  endfacet
  facet normal 1 0 0
    outer loop
      vertex 15.5 26.6807 115.725
      vertex 15.5 25.7489 113.297
      vertex 15.5 26.5518 112.965
    endloop
  endfacet
  facet normal 1 0 0
    outer loop
      vertex 15.5 25.7331 116.06
      vertex 15.5 25.7489 113.297
      vertex 15.5 26.6807 115.725
    endloop
  endfacet
  facet normal 1 0 0
    outer loop
      vertex 15.5 25.7331 116.06
      vertex 15.5 24.9297 113.588
      vertex 15.5 25.7489 113.297
    endloop
  endfacet
  facet normal 1 0 0
    outer loop
      vertex 15.5 24.7693 116.346
      vertex 15.5 24.9297 113.588
      vertex 15.5 25.7331 116.06
    endloop
  endfacet
  facet normal 1 0 0
    outer loop
      vertex 15.5 24.7693 116.346
      vertex 15.5 24.0964 113.834
      vertex 15.5 24.9297 113.588
    endloop
  endfacet
  facet normal 1 0 0
    outer loop
      vertex 15.5 23.7919 116.58
      vertex 15.5 24.0964 113.834
      vertex 15.5 24.7693 116.346
    endloop
  endfacet
  facet normal 1 0 0
    outer loop
      vertex 15.5 23.7919 116.58
      vertex 15.5 23.2513 114.037
      vertex 15.5 24.0964 113.834
    endloop
  endfacet
  facet normal 1 0 0
    outer loop
      vertex 15.5 22.8035 116.764
      vertex 15.5 23.2513 114.037
      vertex 15.5 23.7919 116.58
    endloop
  endfacet
  facet normal 1 0 0
    outer loop
      vertex 15.5 22.8035 116.764
      vertex 15.5 22.3968 114.196
      vertex 15.5 23.2513 114.037
    endloop
  endfacet
  facet normal 1 0 0
    outer loop
      vertex 15.5 21.8069 116.895
      vertex 15.5 22.3968 114.196
      vertex 15.5 22.8035 116.764
    endloop
  endfacet
  facet normal 1 0 0
    outer loop
      vertex 15.5 21.8069 116.895
      vertex 15.5 21.5352 114.309
      vertex 15.5 22.3968 114.196
    endloop
  endfacet
  facet normal 1 0 0
    outer loop
      vertex 15.5 20.8048 116.974
      vertex 15.5 21.5352 114.309
      vertex 15.5 21.8069 116.895
    endloop
  endfacet
  facet normal 1 0 0
    outer loop
      vertex 15.5 20.8048 116.974
      vertex 15.5 20.6688 114.377
      vertex 15.5 21.5352 114.309
    endloop
  endfacet
  facet normal 1 0 0
    outer loop
      vertex 15.5 19.8 117
      vertex 15.5 20.6688 114.377
      vertex 15.5 20.8048 116.974
    endloop
  endfacet
  facet normal 1 0 0
    outer loop
      vertex 15.5 19.8 117
      vertex 15.5 19.8 114.4
      vertex 15.5 20.6688 114.377
    endloop
  endfacet
  facet normal 1 0 0
    outer loop
      vertex 15.5 19.8 117
      vertex 15.5 18.9312 114.377
      vertex 15.5 19.8 114.4
    endloop
  endfacet
  facet normal 1 -0 0
    outer loop
      vertex 15.5 18.7951 116.974
      vertex 15.5 18.9312 114.377
      vertex 15.5 19.8 117
    endloop
  endfacet
  facet normal 1 0 0
    outer loop
      vertex 15.5 18.7951 116.974
      vertex 15.5 18.0648 114.309
      vertex 15.5 18.9312 114.377
    endloop
  endfacet
  facet normal 1 -0 0
    outer loop
      vertex 15.5 17.7931 116.895
      vertex 15.5 18.0648 114.309
      vertex 15.5 18.7951 116.974
    endloop
  endfacet
  facet normal 1 0 0
    outer loop
      vertex 15.5 17.7931 116.895
      vertex 15.5 17.2032 114.196
      vertex 15.5 18.0648 114.309
    endloop
  endfacet
  facet normal 1 -0 0
    outer loop
      vertex 15.5 16.7965 116.764
      vertex 15.5 17.2032 114.196
      vertex 15.5 17.7931 116.895
    endloop
  endfacet
  facet normal 1 0 0
    outer loop
      vertex 15.5 16.7965 116.764
      vertex 15.5 16.3487 114.037
      vertex 15.5 17.2032 114.196
    endloop
  endfacet
  facet normal 1 -0 0
    outer loop
      vertex 15.5 15.8081 116.58
      vertex 15.5 16.3487 114.037
      vertex 15.5 16.7965 116.764
    endloop
  endfacet
  facet normal 1 0 0
    outer loop
      vertex 15.5 15.8081 116.58
      vertex 15.5 15.5036 113.834
      vertex 15.5 16.3487 114.037
    endloop
  endfacet
  facet normal 1 -0 0
    outer loop
      vertex 15.5 14.8307 116.346
      vertex 15.5 15.5036 113.834
      vertex 15.5 15.8081 116.58
    endloop
  endfacet
  facet normal 1 0 0
    outer loop
      vertex 15.5 14.8307 116.346
      vertex 15.5 14.6703 113.588
      vertex 15.5 15.5036 113.834
    endloop
  endfacet
  facet normal 1 -0 0
    outer loop
      vertex 15.5 13.8669 116.06
      vertex 15.5 14.6703 113.588
      vertex 15.5 14.8307 116.346
    endloop
  endfacet
  facet normal 1 0 0
    outer loop
      vertex 15.5 13.8669 116.06
      vertex 15.5 13.8511 113.297
      vertex 15.5 14.6703 113.588
    endloop
  endfacet
  facet normal 1 -0 0
    outer loop
      vertex 15.5 12.9193 115.725
      vertex 15.5 13.8511 113.297
      vertex 15.5 13.8669 116.06
    endloop
  endfacet
  facet normal 1 0 0
    outer loop
      vertex 15.5 13.8511 113.297
      vertex 15.5 12.9193 115.725
      vertex 15.5 13.0482 112.965
    endloop
  endfacet
  facet normal 1 -0 0
    outer loop
      vertex 15.5 11.9907 115.34
      vertex 15.5 13.0482 112.965
      vertex 15.5 12.9193 115.725
    endloop
  endfacet
  facet normal 1 0 0
    outer loop
      vertex 15.5 13.0482 112.965
      vertex 15.5 11.9907 115.34
      vertex 15.5 12.2638 112.591
    endloop
  endfacet
  facet normal 1 -0 0
    outer loop
      vertex 15.5 11.0834 114.907
      vertex 15.5 12.2638 112.591
      vertex 15.5 11.9907 115.34
    endloop
  endfacet
  facet normal 1 0 0
    outer loop
      vertex 15.5 12.2638 112.591
      vertex 15.5 11.0834 114.907
      vertex 15.5 11.5 112.176
    endloop
  endfacet
  facet normal 1 -0 0
    outer loop
      vertex 15.5 10.2 114.428
      vertex 15.5 11.5 112.176
      vertex 15.5 11.0834 114.907
    endloop
  endfacet
  facet normal 1 0 0
    outer loop
      vertex 15.5 11.5 112.176
      vertex 15.5 10.2 114.428
      vertex 15.5 10.759 111.722
    endloop
  endfacet
  facet normal 1 -0 0
    outer loop
      vertex 15.5 9.34293 113.902
      vertex 15.5 10.759 111.722
      vertex 15.5 10.2 114.428
    endloop
  endfacet
  facet normal 1 0 0
    outer loop
      vertex 15.5 10.759 111.722
      vertex 15.5 9.34293 113.902
      vertex 15.5 10.0428 111.23
    endloop
  endfacet
  facet normal 1 -0 0
    outer loop
      vertex 15.5 8.51452 113.333
      vertex 15.5 10.0428 111.23
      vertex 15.5 9.34293 113.902
    endloop
  endfacet
  facet normal 1 0 0
    outer loop
      vertex 15.5 10.0428 111.23
      vertex 15.5 8.51452 113.333
      vertex 15.5 9.35329 110.701
    endloop
  endfacet
  facet normal 1 -0 0
    outer loop
      vertex 15.5 7.71705 112.721
      vertex 15.5 9.35329 110.701
      vertex 15.5 8.51452 113.333
    endloop
  endfacet
  facet normal 1 0 0
    outer loop
      vertex 15.5 9.35329 110.701
      vertex 15.5 7.71705 112.721
      vertex 15.5 8.69244 110.136
    endloop
  endfacet
  facet normal 1 -0 0
    outer loop
      vertex 15.5 6.95269 112.068
      vertex 15.5 8.69244 110.136
      vertex 15.5 7.71705 112.721
    endloop
  endfacet
  facet normal 1 0 0
    outer loop
      vertex 15.5 8.69244 110.136
      vertex 15.5 6.95269 112.068
      vertex 15.5 8.06203 109.538
    endloop
  endfacet
  facet normal 1 -0 0
    outer loop
      vertex 15.5 6.22355 111.376
      vertex 15.5 8.06203 109.538
      vertex 15.5 6.95269 112.068
    endloop
  endfacet
  facet normal 1 0 0
    outer loop
      vertex 15.5 8.06203 109.538
      vertex 15.5 6.22355 111.376
      vertex 15.5 7.4638 108.908
    endloop
  endfacet
  facet normal 1 -0 0
    outer loop
      vertex 15.5 5.53162 110.647
      vertex 15.5 7.4638 108.908
      vertex 15.5 6.22355 111.376
    endloop
  endfacet
  facet normal 1 0 0
    outer loop
      vertex 15.5 7.4638 108.908
      vertex 15.5 5.53162 110.647
      vertex 15.5 6.89938 108.247
    endloop
  endfacet
  facet normal 1 -0 0
    outer loop
      vertex 15.5 4.8788 109.883
      vertex 15.5 6.89938 108.247
      vertex 15.5 5.53162 110.647
    endloop
  endfacet
  facet normal 1 0 0
    outer loop
      vertex 15.5 6.89938 108.247
      vertex 15.5 4.8788 109.883
      vertex 15.5 6.37033 107.557
    endloop
  endfacet
  facet normal 1 -0 0
    outer loop
      vertex 15.5 4.26688 109.085
      vertex 15.5 6.37033 107.557
      vertex 15.5 4.8788 109.883
    endloop
  endfacet
  facet normal 1 0 0
    outer loop
      vertex 15.5 6.37033 107.557
      vertex 15.5 4.26688 109.085
      vertex 15.5 5.87808 106.841
    endloop
  endfacet
  facet normal 1 -0 0
    outer loop
      vertex 15.5 3.69753 108.257
      vertex 15.5 5.87808 106.841
      vertex 15.5 4.26688 109.085
    endloop
  endfacet
  facet normal 1 0 0
    outer loop
      vertex 15.5 5.87808 106.841
      vertex 15.5 3.69753 108.257
      vertex 15.5 5.42399 106.1
    endloop
  endfacet
  facet normal 1 -0 0
    outer loop
      vertex 15.5 3.17231 107.4
      vertex 15.5 5.42399 106.1
      vertex 15.5 3.69753 108.257
    endloop
  endfacet
  facet normal 1 0 0
    outer loop
      vertex 15.5 5.42399 106.1
      vertex 15.5 3.17231 107.4
      vertex 15.5 5.0093 105.336
    endloop
  endfacet
  facet normal 1 -0 0
    outer loop
      vertex 15.5 2.69268 106.517
      vertex 15.5 5.0093 105.336
      vertex 15.5 3.17231 107.4
    endloop
  endfacet
  facet normal 1 0 0
    outer loop
      vertex 15.5 5.0093 105.336
      vertex 15.5 2.69268 106.517
      vertex 15.5 4.63515 104.552
    endloop
  endfacet
  facet normal 1 -0 0
    outer loop
      vertex 15.5 2.25993 105.609
      vertex 15.5 4.63515 104.552
      vertex 15.5 2.69268 106.517
    endloop
  endfacet
  facet normal 1 0 0
    outer loop
      vertex 15.5 4.63515 104.552
      vertex 15.5 2.25993 105.609
      vertex 15.5 4.30257 103.749
    endloop
  endfacet
  facet normal 1 -0 0
    outer loop
      vertex 15.5 1.87526 104.681
      vertex 15.5 4.30257 103.749
      vertex 15.5 2.25993 105.609
    endloop
  endfacet
  facet normal 1 0 0
    outer loop
      vertex 15.5 4.30257 103.749
      vertex 15.5 1.87526 104.681
      vertex 15.5 4.01247 102.93
    endloop
  endfacet
  facet normal 1 -0 0
    outer loop
      vertex 15.5 1.53972 103.733
      vertex 15.5 4.01247 102.93
      vertex 15.5 1.87526 104.681
    endloop
  endfacet
  facet normal 1 0 0
    outer loop
      vertex 15.5 4.01247 102.93
      vertex 15.5 1.53972 103.733
      vertex 15.5 3.76564 102.096
    endloop
  endfacet
  facet normal 1 -0 0
    outer loop
      vertex 15.5 1.25423 102.769
      vertex 15.5 3.76564 102.096
      vertex 15.5 1.53972 103.733
    endloop
  endfacet
  facet normal 1 0 0
    outer loop
      vertex 15.5 3.76564 102.096
      vertex 15.5 1.25423 102.769
      vertex 15.5 3.56276 101.251
    endloop
  endfacet
  facet normal 1 -0 0
    outer loop
      vertex 15.5 1.01957 101.792
      vertex 15.5 3.56276 101.251
      vertex 15.5 1.25423 102.769
    endloop
  endfacet
  facet normal 1 0 0
    outer loop
      vertex 15.5 3.56276 101.251
      vertex 15.5 1.01957 101.792
      vertex 15.5 3.40438 100.397
    endloop
  endfacet
  facet normal 1 -0 0
    outer loop
      vertex 15.5 0.836387 100.804
      vertex 15.5 3.40438 100.397
      vertex 15.5 1.01957 101.792
    endloop
  endfacet
  facet normal 1 0 0
    outer loop
      vertex 15.5 3.40438 100.397
      vertex 15.5 0.836387 100.804
      vertex 15.5 3.29095 99.5352
    endloop
  endfacet
  facet normal 1 -0 0
    outer loop
      vertex 15.5 0.705182 99.8069
      vertex 15.5 3.29095 99.5352
      vertex 15.5 0.836387 100.804
    endloop
  endfacet
  facet normal 1 0 0
    outer loop
      vertex 15.5 3.29095 99.5352
      vertex 15.5 0.705182 99.8069
      vertex 15.5 3.22276 98.6688
    endloop
  endfacet
  facet normal 1 0 0
    outer loop
      vertex 15.5 3.22276 98.6688
      vertex 15.5 0.705182 99.8069
      vertex 15.5 0.626315 98.8048
    endloop
  endfacet
  facet normal 1 0 0
    outer loop
      vertex 15.5 38.3458 92.8307
      vertex 15.5 35.8344 93.5036
      vertex 15.5 38.0603 91.8669
    endloop
  endfacet
  facet normal 1 -0 0
    outer loop
      vertex 15.5 35.5875 92.6703
      vertex 15.5 38.0603 91.8669
      vertex 15.5 35.8344 93.5036
    endloop
  endfacet
  facet normal 1 0 0
    outer loop
      vertex 15.5 38.0603 91.8669
      vertex 15.5 35.5875 92.6703
      vertex 15.5 37.7247 90.9193
    endloop
  endfacet
  facet normal 1 -0 0
    outer loop
      vertex 15.5 35.2974 91.8511
      vertex 15.5 37.7247 90.9193
      vertex 15.5 35.5875 92.6703
    endloop
  endfacet
  facet normal 1 0 0
    outer loop
      vertex 15.5 37.7247 90.9193
      vertex 15.5 35.2974 91.8511
      vertex 15.5 37.3401 89.9907
    endloop
  endfacet
  facet normal 1 -0 0
    outer loop
      vertex 15.5 34.9648 91.0482
      vertex 15.5 37.3401 89.9907
      vertex 15.5 35.2974 91.8511
    endloop
  endfacet
  facet normal 1 0 0
    outer loop
      vertex 15.5 37.3401 89.9907
      vertex 15.5 34.9648 91.0482
      vertex 15.5 36.9073 89.0834
    endloop
  endfacet
  facet normal 1 -0 0
    outer loop
      vertex 15.5 34.5907 90.2638
      vertex 15.5 36.9073 89.0834
      vertex 15.5 34.9648 91.0482
    endloop
  endfacet
  facet normal 1 0 0
    outer loop
      vertex 15.5 36.9073 89.0834
      vertex 15.5 34.5907 90.2638
      vertex 15.5 36.4277 88.2
    endloop
  endfacet
  facet normal 1 -0 0
    outer loop
      vertex 15.5 34.176 89.5
      vertex 15.5 36.4277 88.2
      vertex 15.5 34.5907 90.2638
    endloop
  endfacet
  facet normal 1 0 0
    outer loop
      vertex 15.5 36.4277 88.2
      vertex 15.5 34.176 89.5
      vertex 15.5 35.9025 87.3429
    endloop
  endfacet
  facet normal 1 -0 0
    outer loop
      vertex 15.5 33.7219 88.759
      vertex 15.5 35.9025 87.3429
      vertex 15.5 34.176 89.5
    endloop
  endfacet
  facet normal 1 0 0
    outer loop
      vertex 15.5 35.9025 87.3429
      vertex 15.5 33.7219 88.759
      vertex 15.5 35.3331 86.5145
    endloop
  endfacet
  facet normal 1 -0 0
    outer loop
      vertex 15.5 33.2297 88.0428
      vertex 15.5 35.3331 86.5145
      vertex 15.5 33.7219 88.759
    endloop
  endfacet
  facet normal 1 0 0
    outer loop
      vertex 15.5 35.3331 86.5145
      vertex 15.5 33.2297 88.0428
      vertex 15.5 34.7212 85.717
    endloop
  endfacet
  facet normal 1 -0 0
    outer loop
      vertex 15.5 32.7006 87.3533
      vertex 15.5 34.7212 85.717
      vertex 15.5 33.2297 88.0428
    endloop
  endfacet
  facet normal 1 0 0
    outer loop
      vertex 15.5 34.7212 85.717
      vertex 15.5 32.7006 87.3533
      vertex 15.5 34.0684 84.9527
    endloop
  endfacet
  facet normal 1 -0 0
    outer loop
      vertex 15.5 32.1362 86.6924
      vertex 15.5 34.0684 84.9527
      vertex 15.5 32.7006 87.3533
    endloop
  endfacet
  facet normal 1 0 0
    outer loop
      vertex 15.5 34.0684 84.9527
      vertex 15.5 32.1362 86.6924
      vertex 15.5 33.6788 84.5422
    endloop
  endfacet
  facet normal 1 -0 0
    outer loop
      vertex 15.5 31.5643 86.0357
      vertex 15.5 33.6788 84.5422
      vertex 15.5 32.1362 86.6924
    endloop
  endfacet
  facet normal 1 0 -0
    outer loop
      vertex 15.5 33.5391 84.395
      vertex 15.5 33.6788 84.5422
      vertex 15.5 31.5643 86.0357
    endloop
  endfacet
  facet normal 1 0 0
    outer loop
      vertex 15.5 33.5391 84.395
      vertex 15.5 33.3462 84.2538
      vertex 15.5 33.3764 84.2235
    endloop
  endfacet
  facet normal 1 0 0
    outer loop
      vertex 15.5 33.6788 84.5422
      vertex 15.5 33.5391 84.395
      vertex 15.5 33.6417 84.4964
    endloop
  endfacet
  facet normal 1 0 0
    outer loop
      vertex 15.5 33.6417 84.4964
      vertex 15.5 33.5391 84.395
      vertex 15.5 33.5454 84.4001
    endloop
  endfacet
  facet normal 1 0 0
    outer loop
      vertex 15.5 33.5391 84.395
      vertex 15.5 31.5643 86.0357
      vertex 15.5 33.3462 84.2538
    endloop
  endfacet
  facet normal 1 0 -0
    outer loop
      vertex 15.5 33.2047 84.1788
      vertex 15.5 33.3462 84.2538
      vertex 15.5 31.5643 86.0357
    endloop
  endfacet
  facet normal 1 0 0
    outer loop
      vertex 15.5 33.3462 84.2538
      vertex 15.5 33.2047 84.1788
      vertex 15.5 33.3258 84.2405
    endloop
  endfacet
  facet normal 1 0 0
    outer loop
      vertex 15.5 33.2047 84.1788
      vertex 15.5 31.5643 86.0357
      vertex 15.5 33.0776 84.13
    endloop
  endfacet
  facet normal 1 0 0
    outer loop
      vertex 15.5 33.0776 84.13
      vertex 15.5 31.5643 86.0357
      vertex 15.5 32.9462 84.0948
    endloop
  endfacet
  facet normal 1 0 0
    outer loop
      vertex 15.5 32.9462 84.0948
      vertex 15.5 31.5643 86.0357
      vertex 15.5 32.8121 84.0736
    endloop
  endfacet
  facet normal 1 0 0
    outer loop
      vertex 15.5 32.8121 84.0736
      vertex 15.5 31.5643 86.0357
      vertex 15.5 32.6762 84.0665
    endloop
  endfacet
  facet normal 1 0 0
    outer loop
      vertex 15.5 32.6762 84.0665
      vertex 15.5 31.5643 86.0357
      vertex 15.5 32.5403 84.0736
    endloop
  endfacet
  facet normal 1 0 0
    outer loop
      vertex 15.5 32.5403 84.0736
      vertex 15.5 31.5643 86.0357
      vertex 15.5 32.4061 84.0948
    endloop
  endfacet
  facet normal 1 0 0
    outer loop
      vertex 15.5 32.4061 84.0948
      vertex 15.5 31.5643 86.0357
      vertex 15.5 32.2748 84.13
    endloop
  endfacet
  facet normal 1 0 0
    outer loop
      vertex 15.5 32.2748 84.13
      vertex 15.5 31.5643 86.0357
      vertex 15.5 32.1477 84.1788
    endloop
  endfacet
  facet normal 1 0 0
    outer loop
      vertex 15.5 32.1477 84.1788
      vertex 15.5 31.5643 86.0357
      vertex 15.5 32.0266 84.2405
    endloop
  endfacet
  facet normal 1 0 0
    outer loop
      vertex 15.5 32.0266 84.2405
      vertex 15.5 31.5643 86.0357
      vertex 15.5 31.9125 84.3146
    endloop
  endfacet
  facet normal 1 0 0
    outer loop
      vertex 15.5 31.9125 84.3146
      vertex 15.5 31.5643 86.0357
      vertex 15.5 31.8069 84.4001
    endloop
  endfacet
  facet normal 1 0 0
    outer loop
      vertex 15.5 31.8069 84.4001
      vertex 15.5 31.5643 86.0357
      vertex 15.5 31.7106 84.4964
    endloop
  endfacet
  facet normal 1 0 0
    outer loop
      vertex 15.5 31.7106 84.4964
      vertex 15.5 31.5643 86.0357
      vertex 15.5 31.6251 84.602
    endloop
  endfacet
  facet normal 1 0 -0
    outer loop
      vertex 15.5 31.5643 86.0357
      vertex 15.5 32.1362 86.6924
      vertex 15.5 31.538 86.062
    endloop
  endfacet
  facet normal 1 0 0
    outer loop
      vertex 15.5 31.4894 85.8941
      vertex 15.5 31.5643 86.0357
      vertex 15.5 31.5511 86.0152
    endloop
  endfacet
  facet normal 1 0 0
    outer loop
      vertex 15.5 31.5643 86.0357
      vertex 15.5 31.5511 84.716
      vertex 15.5 31.6251 84.602
    endloop
  endfacet
  facet normal 1 0 0
    outer loop
      vertex 15.5 31.5643 86.0357
      vertex 15.5 31.4894 85.8941
      vertex 15.5 31.5511 84.716
    endloop
  endfacet
  facet normal 1 0 0
    outer loop
      vertex 15.5 31.4894 85.8941
      vertex 15.5 31.4894 84.8371
      vertex 15.5 31.5511 84.716
    endloop
  endfacet
  facet normal 1 -0 0
    outer loop
      vertex 15.5 31.4406 85.767
      vertex 15.5 31.4894 84.8371
      vertex 15.5 31.4894 85.8941
    endloop
  endfacet
  facet normal 1 0 0
    outer loop
      vertex 15.5 31.4406 85.767
      vertex 15.5 31.4406 84.9642
      vertex 15.5 31.4894 84.8371
    endloop
  endfacet
  facet normal 1 -0 0
    outer loop
      vertex 15.5 31.4054 85.6357
      vertex 15.5 31.4406 84.9642
      vertex 15.5 31.4406 85.767
    endloop
  endfacet
  facet normal 1 0 0
    outer loop
      vertex 15.5 31.4054 85.6357
      vertex 15.5 31.4054 85.0956
      vertex 15.5 31.4406 84.9642
    endloop
  endfacet
  facet normal 1 -0 0
    outer loop
      vertex 15.5 31.3841 85.5015
      vertex 15.5 31.4054 85.0956
      vertex 15.5 31.4054 85.6357
    endloop
  endfacet
  facet normal 1 0 0
    outer loop
      vertex 15.5 31.3841 85.5015
      vertex 15.5 31.3841 85.2297
      vertex 15.5 31.4054 85.0956
    endloop
  endfacet
  facet normal 1 0 -0
    outer loop
      vertex 15.5 31.3841 85.2297
      vertex 15.5 31.3841 85.5015
      vertex 15.5 31.377 85.3656
    endloop
  endfacet
  facet normal 0.706983 -0.70505 0.0554896
    outer loop
      vertex 15.5 0.705182 99.8069
      vertex 14.9 0.108479 99.8697
      vertex 14.9 0.0271473 98.8363
    endloop
  endfacet
  facet normal 0.706984 -0.705049 0.0554886
    outer loop
      vertex 15.5 0.626315 98.8048
      vertex 15.5 0.705182 99.8069
      vertex 14.9 0.0271473 98.8363
    endloop
  endfacet
  facet normal 0 -0.996917 0.0784604
    outer loop
      vertex -14.9 0.0271473 98.8363
      vertex 14.9 0.108479 99.8697
      vertex -14.9 0.108479 99.8697
    endloop
  endfacet
  facet normal 0 -0.996917 0.0784604
    outer loop
      vertex 14.9 0.108479 99.8697
      vertex -14.9 0.0271473 98.8363
      vertex 14.9 0.0271473 98.8363
    endloop
  endfacet
  facet normal -0.706983 -0.70505 0.0554886
    outer loop
      vertex -14.9 0.108479 99.8697
      vertex -15.5 0.705182 99.8069
      vertex -15.5 0.626315 98.8048
    endloop
  endfacet
  facet normal -0.706984 -0.705049 0.0554895
    outer loop
      vertex -14.9 0.0271473 98.8363
      vertex -14.9 0.108479 99.8697
      vertex -15.5 0.626315 98.8048
    endloop
  endfacet
  facet normal -1 0 0
    outer loop
      vertex -15.5 31.5511 84.716
      vertex -15.5 31.5643 86.0357
      vertex -15.5 31.6251 84.602
    endloop
  endfacet
  facet normal -1 0 0
    outer loop
      vertex -15.5 31.4894 84.8371
      vertex -15.5 31.5643 86.0357
      vertex -15.5 31.5511 84.716
    endloop
  endfacet
  facet normal -1 0 0
    outer loop
      vertex -15.5 31.4894 85.8941
      vertex -15.5 31.5643 86.0357
      vertex -15.5 31.4894 84.8371
    endloop
  endfacet
  facet normal -1 0 0
    outer loop
      vertex -15.5 31.5643 86.0357
      vertex -15.5 31.4894 85.8941
      vertex -15.5 31.5511 86.0152
    endloop
  endfacet
  facet normal -1 0 0
    outer loop
      vertex -15.5 31.4406 84.9642
      vertex -15.5 31.4894 85.8941
      vertex -15.5 31.4894 84.8371
    endloop
  endfacet
  facet normal -1 0 0
    outer loop
      vertex -15.5 31.4406 84.9642
      vertex -15.5 31.4406 85.767
      vertex -15.5 31.4894 85.8941
    endloop
  endfacet
  facet normal -1 0 0
    outer loop
      vertex -15.5 31.4054 85.0956
      vertex -15.5 31.4406 85.767
      vertex -15.5 31.4406 84.9642
    endloop
  endfacet
  facet normal -1 0 0
    outer loop
      vertex -15.5 31.4054 85.0956
      vertex -15.5 31.4054 85.6357
      vertex -15.5 31.4406 85.767
    endloop
  endfacet
  facet normal -1 0 0
    outer loop
      vertex -15.5 31.3841 85.2297
      vertex -15.5 31.4054 85.6357
      vertex -15.5 31.4054 85.0956
    endloop
  endfacet
  facet normal -1 0 0
    outer loop
      vertex -15.5 31.3841 85.2297
      vertex -15.5 31.3841 85.5015
      vertex -15.5 31.4054 85.6357
    endloop
  endfacet
  facet normal -1 0 -0
    outer loop
      vertex -15.5 31.3841 85.5015
      vertex -15.5 31.3841 85.2297
      vertex -15.5 31.377 85.3656
    endloop
  endfacet
  facet normal -1 0 0
    outer loop
      vertex -15.5 36.4 97.8
      vertex -15.5 39 97.8
      vertex -15.5 38.9737 96.7952
    endloop
  endfacet
  facet normal -1 0 0
    outer loop
      vertex -15.5 36.3772 96.9312
      vertex -15.5 38.9737 96.7952
      vertex -15.5 38.8948 95.7931
    endloop
  endfacet
  facet normal -1 0 0
    outer loop
      vertex -15.5 39 97.8
      vertex -15.5 36.4 97.8
      vertex -15.5 38.9737 98.8048
    endloop
  endfacet
  facet normal -1 0 0
    outer loop
      vertex -15.5 36.3091 96.0648
      vertex -15.5 38.8948 95.7931
      vertex -15.5 38.7636 94.7965
    endloop
  endfacet
  facet normal -1 0 0
    outer loop
      vertex -15.5 36.3772 98.6688
      vertex -15.5 38.9737 98.8048
      vertex -15.5 36.4 97.8
    endloop
  endfacet
  facet normal -1 0 0
    outer loop
      vertex -15.5 36.1956 95.2032
      vertex -15.5 38.7636 94.7965
      vertex -15.5 38.5804 93.8081
    endloop
  endfacet
  facet normal -1 -0 0
    outer loop
      vertex -15.5 38.9737 98.8048
      vertex -15.5 36.3772 98.6688
      vertex -15.5 38.8948 99.8069
    endloop
  endfacet
  facet normal -1 0 0
    outer loop
      vertex -15.5 36.0372 94.3487
      vertex -15.5 38.5804 93.8081
      vertex -15.5 38.3458 92.8307
    endloop
  endfacet
  facet normal -1 0 0
    outer loop
      vertex -15.5 36.3091 99.5352
      vertex -15.5 38.8948 99.8069
      vertex -15.5 36.3772 98.6688
    endloop
  endfacet
  facet normal -1 0 0
    outer loop
      vertex -15.5 35.8344 93.5036
      vertex -15.5 38.3458 92.8307
      vertex -15.5 38.0603 91.8669
    endloop
  endfacet
  facet normal -1 -0 0
    outer loop
      vertex -15.5 38.8948 99.8069
      vertex -15.5 36.3091 99.5352
      vertex -15.5 38.7636 100.804
    endloop
  endfacet
  facet normal -1 0 0
    outer loop
      vertex -15.5 35.5875 92.6703
      vertex -15.5 38.0603 91.8669
      vertex -15.5 37.7247 90.9193
    endloop
  endfacet
  facet normal -1 0 0
    outer loop
      vertex -15.5 36.1956 100.397
      vertex -15.5 38.7636 100.804
      vertex -15.5 36.3091 99.5352
    endloop
  endfacet
  facet normal -1 0 0
    outer loop
      vertex -15.5 35.2974 91.8511
      vertex -15.5 37.7247 90.9193
      vertex -15.5 37.3401 89.9907
    endloop
  endfacet
  facet normal -1 -0 0
    outer loop
      vertex -15.5 38.7636 100.804
      vertex -15.5 36.1956 100.397
      vertex -15.5 38.5804 101.792
    endloop
  endfacet
  facet normal -1 0 0
    outer loop
      vertex -15.5 34.9648 91.0482
      vertex -15.5 37.3401 89.9907
      vertex -15.5 36.9073 89.0834
    endloop
  endfacet
  facet normal -1 0 0
    outer loop
      vertex -15.5 36.0372 101.251
      vertex -15.5 38.5804 101.792
      vertex -15.5 36.1956 100.397
    endloop
  endfacet
  facet normal -1 0 0
    outer loop
      vertex -15.5 34.5907 90.2638
      vertex -15.5 36.9073 89.0834
      vertex -15.5 36.4277 88.2
    endloop
  endfacet
  facet normal -1 -0 0
    outer loop
      vertex -15.5 38.5804 101.792
      vertex -15.5 36.0372 101.251
      vertex -15.5 38.3458 102.769
    endloop
  endfacet
  facet normal -1 0 0
    outer loop
      vertex -15.5 35.8344 102.096
      vertex -15.5 38.3458 102.769
      vertex -15.5 36.0372 101.251
    endloop
  endfacet
  facet normal -1 0 0
    outer loop
      vertex -15.5 38.9737 96.7952
      vertex -15.5 36.3772 96.9312
      vertex -15.5 36.4 97.8
    endloop
  endfacet
  facet normal -1 0 0
    outer loop
      vertex -15.5 38.8948 95.7931
      vertex -15.5 36.3091 96.0648
      vertex -15.5 36.3772 96.9312
    endloop
  endfacet
  facet normal -1 0 0
    outer loop
      vertex -15.5 38.7636 94.7965
      vertex -15.5 36.1956 95.2032
      vertex -15.5 36.3091 96.0648
    endloop
  endfacet
  facet normal -1 0 0
    outer loop
      vertex -15.5 38.5804 93.8081
      vertex -15.5 36.0372 94.3487
      vertex -15.5 36.1956 95.2032
    endloop
  endfacet
  facet normal -1 0 0
    outer loop
      vertex -15.5 34.176 89.5
      vertex -15.5 36.4277 88.2
      vertex -15.5 35.9025 87.3429
    endloop
  endfacet
  facet normal -1 0 0
    outer loop
      vertex -15.5 38.3458 92.8307
      vertex -15.5 35.8344 93.5036
      vertex -15.5 36.0372 94.3487
    endloop
  endfacet
  facet normal -1 0 0
    outer loop
      vertex -15.5 38.0603 91.8669
      vertex -15.5 35.5875 92.6703
      vertex -15.5 35.8344 93.5036
    endloop
  endfacet
  facet normal -1 0 0
    outer loop
      vertex -15.5 33.7219 88.759
      vertex -15.5 35.9025 87.3429
      vertex -15.5 35.3331 86.5145
    endloop
  endfacet
  facet normal -1 0 0
    outer loop
      vertex -15.5 37.7247 90.9193
      vertex -15.5 35.2974 91.8511
      vertex -15.5 35.5875 92.6703
    endloop
  endfacet
  facet normal -1 0 0
    outer loop
      vertex -15.5 37.3401 89.9907
      vertex -15.5 34.9648 91.0482
      vertex -15.5 35.2974 91.8511
    endloop
  endfacet
  facet normal -1 0 0
    outer loop
      vertex -15.5 33.2297 88.0428
      vertex -15.5 35.3331 86.5145
      vertex -15.5 34.7212 85.717
    endloop
  endfacet
  facet normal -1 0 0
    outer loop
      vertex -15.5 36.9073 89.0834
      vertex -15.5 34.5907 90.2638
      vertex -15.5 34.9648 91.0482
    endloop
  endfacet
  facet normal -1 0 0
    outer loop
      vertex -15.5 36.4277 88.2
      vertex -15.5 34.176 89.5
      vertex -15.5 34.5907 90.2638
    endloop
  endfacet
  facet normal -1 0 0
    outer loop
      vertex -15.5 32.7006 87.3533
      vertex -15.5 34.7212 85.717
      vertex -15.5 34.0684 84.9527
    endloop
  endfacet
  facet normal -1 0 0
    outer loop
      vertex -15.5 35.9025 87.3429
      vertex -15.5 33.7219 88.759
      vertex -15.5 34.176 89.5
    endloop
  endfacet
  facet normal -1 0 0
    outer loop
      vertex -15.5 32.1362 86.6924
      vertex -15.5 34.0684 84.9527
      vertex -15.5 33.6788 84.5422
    endloop
  endfacet
  facet normal -1 0 0
    outer loop
      vertex -15.5 33.5391 84.395
      vertex -15.5 33.6788 84.5422
      vertex -15.5 33.6417 84.4964
    endloop
  endfacet
  facet normal -1 0 0
    outer loop
      vertex -15.5 33.5391 84.395
      vertex -15.5 33.6417 84.4964
      vertex -15.5 33.5454 84.4001
    endloop
  endfacet
  facet normal -1 -0 0
    outer loop
      vertex -15.5 33.6788 84.5422
      vertex -15.5 33.5391 84.395
      vertex -15.5 31.5643 86.0357
    endloop
  endfacet
  facet normal -1 0 0
    outer loop
      vertex -15.5 33.3462 84.2538
      vertex -15.5 33.5391 84.395
      vertex -15.5 33.3764 84.2235
    endloop
  endfacet
  facet normal -1 0 0
    outer loop
      vertex -15.5 31.5643 86.0357
      vertex -15.5 33.5391 84.395
      vertex -15.5 33.3462 84.2538
    endloop
  endfacet
  facet normal -1 0 0
    outer loop
      vertex -15.5 33.2047 84.1788
      vertex -15.5 33.3462 84.2538
      vertex -15.5 33.3258 84.2405
    endloop
  endfacet
  facet normal -1 0 0
    outer loop
      vertex -15.5 35.3331 86.5145
      vertex -15.5 33.2297 88.0428
      vertex -15.5 33.7219 88.759
    endloop
  endfacet
  facet normal -1 -0 0
    outer loop
      vertex -15.5 33.3462 84.2538
      vertex -15.5 33.2047 84.1788
      vertex -15.5 31.5643 86.0357
    endloop
  endfacet
  facet normal -1 0 0
    outer loop
      vertex -15.5 31.5643 86.0357
      vertex -15.5 33.2047 84.1788
      vertex -15.5 33.0776 84.13
    endloop
  endfacet
  facet normal -1 0 0
    outer loop
      vertex -15.5 31.5643 86.0357
      vertex -15.5 33.0776 84.13
      vertex -15.5 32.9462 84.0948
    endloop
  endfacet
  facet normal -1 0 0
    outer loop
      vertex -15.5 31.5643 86.0357
      vertex -15.5 32.9462 84.0948
      vertex -15.5 32.8121 84.0736
    endloop
  endfacet
  facet normal -1 0 0
    outer loop
      vertex -15.5 34.7212 85.717
      vertex -15.5 32.7006 87.3533
      vertex -15.5 33.2297 88.0428
    endloop
  endfacet
  facet normal -1 0 0
    outer loop
      vertex -15.5 31.5643 86.0357
      vertex -15.5 32.8121 84.0736
      vertex -15.5 32.6762 84.0665
    endloop
  endfacet
  facet normal -1 0 0
    outer loop
      vertex -15.5 31.5643 86.0357
      vertex -15.5 32.6762 84.0665
      vertex -15.5 32.5403 84.0736
    endloop
  endfacet
  facet normal -1 0 0
    outer loop
      vertex -15.5 31.5643 86.0357
      vertex -15.5 32.5403 84.0736
      vertex -15.5 32.4061 84.0948
    endloop
  endfacet
  facet normal -1 0 0
    outer loop
      vertex -15.5 31.5643 86.0357
      vertex -15.5 32.4061 84.0948
      vertex -15.5 32.2748 84.13
    endloop
  endfacet
  facet normal -1 0 0
    outer loop
      vertex -15.5 31.5643 86.0357
      vertex -15.5 32.2748 84.13
      vertex -15.5 32.1477 84.1788
    endloop
  endfacet
  facet normal -1 0 0
    outer loop
      vertex -15.5 34.0684 84.9527
      vertex -15.5 32.1362 86.6924
      vertex -15.5 32.7006 87.3533
    endloop
  endfacet
  facet normal -1 0 0
    outer loop
      vertex -15.5 31.5643 86.0357
      vertex -15.5 32.1477 84.1788
      vertex -15.5 32.0266 84.2405
    endloop
  endfacet
  facet normal -1 0 0
    outer loop
      vertex -15.5 31.5643 86.0357
      vertex -15.5 32.0266 84.2405
      vertex -15.5 31.9125 84.3146
    endloop
  endfacet
  facet normal -1 0 0
    outer loop
      vertex -15.5 31.5643 86.0357
      vertex -15.5 31.9125 84.3146
      vertex -15.5 31.8069 84.4001
    endloop
  endfacet
  facet normal -1 0 0
    outer loop
      vertex -15.5 31.5643 86.0357
      vertex -15.5 31.8069 84.4001
      vertex -15.5 31.7106 84.4964
    endloop
  endfacet
  facet normal -1 0 0
    outer loop
      vertex -15.5 31.5643 86.0357
      vertex -15.5 31.7106 84.4964
      vertex -15.5 31.6251 84.602
    endloop
  endfacet
  facet normal -1 0 0
    outer loop
      vertex -15.5 33.6788 84.5422
      vertex -15.5 31.5643 86.0357
      vertex -15.5 32.1362 86.6924
    endloop
  endfacet
  facet normal -1 0 0
    outer loop
      vertex -15.5 32.1362 86.6924
      vertex -15.5 31.5643 86.0357
      vertex -15.5 31.538 86.062
    endloop
  endfacet
  facet normal -1 -0 0
    outer loop
      vertex -15.5 38.3458 102.769
      vertex -15.5 35.8344 102.096
      vertex -15.5 38.0603 103.733
    endloop
  endfacet
  facet normal -1 0 0
    outer loop
      vertex -15.5 35.5875 102.93
      vertex -15.5 38.0603 103.733
      vertex -15.5 35.8344 102.096
    endloop
  endfacet
  facet normal -1 -0 0
    outer loop
      vertex -15.5 38.0603 103.733
      vertex -15.5 35.5875 102.93
      vertex -15.5 37.7247 104.681
    endloop
  endfacet
  facet normal -1 0 0
    outer loop
      vertex -15.5 35.2974 103.749
      vertex -15.5 37.7247 104.681
      vertex -15.5 35.5875 102.93
    endloop
  endfacet
  facet normal -1 -0 0
    outer loop
      vertex -15.5 37.7247 104.681
      vertex -15.5 35.2974 103.749
      vertex -15.5 37.3401 105.609
    endloop
  endfacet
  facet normal -1 0 0
    outer loop
      vertex -15.5 34.9648 104.552
      vertex -15.5 37.3401 105.609
      vertex -15.5 35.2974 103.749
    endloop
  endfacet
  facet normal -1 -0 0
    outer loop
      vertex -15.5 37.3401 105.609
      vertex -15.5 34.9648 104.552
      vertex -15.5 36.9073 106.517
    endloop
  endfacet
  facet normal -1 0 0
    outer loop
      vertex -15.5 34.5907 105.336
      vertex -15.5 36.9073 106.517
      vertex -15.5 34.9648 104.552
    endloop
  endfacet
  facet normal -1 -0 0
    outer loop
      vertex -15.5 36.9073 106.517
      vertex -15.5 34.5907 105.336
      vertex -15.5 36.4277 107.4
    endloop
  endfacet
  facet normal -1 0 0
    outer loop
      vertex -15.5 34.176 106.1
      vertex -15.5 36.4277 107.4
      vertex -15.5 34.5907 105.336
    endloop
  endfacet
  facet normal -1 -0 0
    outer loop
      vertex -15.5 36.4277 107.4
      vertex -15.5 34.176 106.1
      vertex -15.5 35.9025 108.257
    endloop
  endfacet
  facet normal -1 0 0
    outer loop
      vertex -15.5 33.7219 106.841
      vertex -15.5 35.9025 108.257
      vertex -15.5 34.176 106.1
    endloop
  endfacet
  facet normal -1 -0 0
    outer loop
      vertex -15.5 35.9025 108.257
      vertex -15.5 33.7219 106.841
      vertex -15.5 35.3331 109.085
    endloop
  endfacet
  facet normal -1 0 0
    outer loop
      vertex -15.5 33.2297 107.557
      vertex -15.5 35.3331 109.085
      vertex -15.5 33.7219 106.841
    endloop
  endfacet
  facet normal -1 -0 0
    outer loop
      vertex -15.5 35.3331 109.085
      vertex -15.5 33.2297 107.557
      vertex -15.5 34.7212 109.883
    endloop
  endfacet
  facet normal -1 0 0
    outer loop
      vertex -15.5 32.7006 108.247
      vertex -15.5 34.7212 109.883
      vertex -15.5 33.2297 107.557
    endloop
  endfacet
  facet normal -1 -0 0
    outer loop
      vertex -15.5 34.7212 109.883
      vertex -15.5 32.7006 108.247
      vertex -15.5 34.0684 110.647
    endloop
  endfacet
  facet normal -1 0 0
    outer loop
      vertex -15.5 32.1362 108.908
      vertex -15.5 34.0684 110.647
      vertex -15.5 32.7006 108.247
    endloop
  endfacet
  facet normal -1 -0 0
    outer loop
      vertex -15.5 34.0684 110.647
      vertex -15.5 32.1362 108.908
      vertex -15.5 33.3764 111.376
    endloop
  endfacet
  facet normal -1 0 0
    outer loop
      vertex -15.5 31.538 109.538
      vertex -15.5 33.3764 111.376
      vertex -15.5 32.1362 108.908
    endloop
  endfacet
  facet normal -1 -0 0
    outer loop
      vertex -15.5 33.3764 111.376
      vertex -15.5 31.538 109.538
      vertex -15.5 32.6473 112.068
    endloop
  endfacet
  facet normal -1 0 0
    outer loop
      vertex -15.5 30.9076 110.136
      vertex -15.5 32.6473 112.068
      vertex -15.5 31.538 109.538
    endloop
  endfacet
  facet normal -1 -0 0
    outer loop
      vertex -15.5 32.6473 112.068
      vertex -15.5 30.9076 110.136
      vertex -15.5 31.8829 112.721
    endloop
  endfacet
  facet normal -1 0 0
    outer loop
      vertex -15.5 30.2467 110.701
      vertex -15.5 31.8829 112.721
      vertex -15.5 30.9076 110.136
    endloop
  endfacet
  facet normal -1 -0 0
    outer loop
      vertex -15.5 31.8829 112.721
      vertex -15.5 30.2467 110.701
      vertex -15.5 31.0855 113.333
    endloop
  endfacet
  facet normal -1 0 0
    outer loop
      vertex -15.5 29.5572 111.23
      vertex -15.5 31.0855 113.333
      vertex -15.5 30.2467 110.701
    endloop
  endfacet
  facet normal -1 -0 0
    outer loop
      vertex -15.5 31.0855 113.333
      vertex -15.5 29.5572 111.23
      vertex -15.5 30.2571 113.902
    endloop
  endfacet
  facet normal -1 0 0
    outer loop
      vertex -15.5 28.841 111.722
      vertex -15.5 30.2571 113.902
      vertex -15.5 29.5572 111.23
    endloop
  endfacet
  facet normal -1 -0 0
    outer loop
      vertex -15.5 30.2571 113.902
      vertex -15.5 28.841 111.722
      vertex -15.5 29.4 114.428
    endloop
  endfacet
  facet normal -1 0 0
    outer loop
      vertex -15.5 28.1 112.176
      vertex -15.5 29.4 114.428
      vertex -15.5 28.841 111.722
    endloop
  endfacet
  facet normal -1 -0 0
    outer loop
      vertex -15.5 29.4 114.428
      vertex -15.5 28.1 112.176
      vertex -15.5 28.5166 114.907
    endloop
  endfacet
  facet normal -1 0 0
    outer loop
      vertex -15.5 27.3362 112.591
      vertex -15.5 28.5166 114.907
      vertex -15.5 28.1 112.176
    endloop
  endfacet
  facet normal -1 -0 0
    outer loop
      vertex -15.5 28.5166 114.907
      vertex -15.5 27.3362 112.591
      vertex -15.5 27.6093 115.34
    endloop
  endfacet
  facet normal -1 0 0
    outer loop
      vertex -15.5 26.5518 112.965
      vertex -15.5 27.6093 115.34
      vertex -15.5 27.3362 112.591
    endloop
  endfacet
  facet normal -1 -0 0
    outer loop
      vertex -15.5 27.6093 115.34
      vertex -15.5 26.5518 112.965
      vertex -15.5 26.6807 115.725
    endloop
  endfacet
  facet normal -1 0 0
    outer loop
      vertex -15.5 25.7489 113.297
      vertex -15.5 26.6807 115.725
      vertex -15.5 26.5518 112.965
    endloop
  endfacet
  facet normal -1 0 0
    outer loop
      vertex -15.5 25.7489 113.297
      vertex -15.5 25.7331 116.06
      vertex -15.5 26.6807 115.725
    endloop
  endfacet
  facet normal -1 0 0
    outer loop
      vertex -15.5 24.9297 113.588
      vertex -15.5 25.7331 116.06
      vertex -15.5 25.7489 113.297
    endloop
  endfacet
  facet normal -1 0 0
    outer loop
      vertex -15.5 24.9297 113.588
      vertex -15.5 24.7693 116.346
      vertex -15.5 25.7331 116.06
    endloop
  endfacet
  facet normal -1 0 0
    outer loop
      vertex -15.5 24.0964 113.834
      vertex -15.5 24.7693 116.346
      vertex -15.5 24.9297 113.588
    endloop
  endfacet
  facet normal -1 0 0
    outer loop
      vertex -15.5 24.0964 113.834
      vertex -15.5 23.7919 116.58
      vertex -15.5 24.7693 116.346
    endloop
  endfacet
  facet normal -1 0 0
    outer loop
      vertex -15.5 23.2513 114.037
      vertex -15.5 23.7919 116.58
      vertex -15.5 24.0964 113.834
    endloop
  endfacet
  facet normal -1 0 0
    outer loop
      vertex -15.5 23.2513 114.037
      vertex -15.5 22.8035 116.764
      vertex -15.5 23.7919 116.58
    endloop
  endfacet
  facet normal -1 0 0
    outer loop
      vertex -15.5 22.3968 114.196
      vertex -15.5 22.8035 116.764
      vertex -15.5 23.2513 114.037
    endloop
  endfacet
  facet normal -1 0 0
    outer loop
      vertex -15.5 22.3968 114.196
      vertex -15.5 21.8069 116.895
      vertex -15.5 22.8035 116.764
    endloop
  endfacet
  facet normal -1 0 0
    outer loop
      vertex -15.5 21.5352 114.309
      vertex -15.5 21.8069 116.895
      vertex -15.5 22.3968 114.196
    endloop
  endfacet
  facet normal -1 0 0
    outer loop
      vertex -15.5 21.5352 114.309
      vertex -15.5 20.8048 116.974
      vertex -15.5 21.8069 116.895
    endloop
  endfacet
  facet normal -1 0 0
    outer loop
      vertex -15.5 20.6688 114.377
      vertex -15.5 20.8048 116.974
      vertex -15.5 21.5352 114.309
    endloop
  endfacet
  facet normal -1 0 0
    outer loop
      vertex -15.5 19.8 114.4
      vertex -15.5 20.8048 116.974
      vertex -15.5 20.6688 114.377
    endloop
  endfacet
  facet normal -1 0 0
    outer loop
      vertex -15.5 19.8 114.4
      vertex -15.5 19.8 117
      vertex -15.5 20.8048 116.974
    endloop
  endfacet
  facet normal -1 0 0
    outer loop
      vertex -15.5 18.9312 114.377
      vertex -15.5 19.8 117
      vertex -15.5 19.8 114.4
    endloop
  endfacet
  facet normal -1 0 0
    outer loop
      vertex -15.5 18.9312 114.377
      vertex -15.5 18.7951 116.974
      vertex -15.5 19.8 117
    endloop
  endfacet
  facet normal -1 0 0
    outer loop
      vertex -15.5 18.0648 114.309
      vertex -15.5 18.7951 116.974
      vertex -15.5 18.9312 114.377
    endloop
  endfacet
  facet normal -1 0 0
    outer loop
      vertex -15.5 18.0648 114.309
      vertex -15.5 17.7931 116.895
      vertex -15.5 18.7951 116.974
    endloop
  endfacet
  facet normal -1 0 0
    outer loop
      vertex -15.5 17.2032 114.196
      vertex -15.5 17.7931 116.895
      vertex -15.5 18.0648 114.309
    endloop
  endfacet
  facet normal -1 0 0
    outer loop
      vertex -15.5 17.2032 114.196
      vertex -15.5 16.7965 116.764
      vertex -15.5 17.7931 116.895
    endloop
  endfacet
  facet normal -1 0 0
    outer loop
      vertex -15.5 16.3487 114.037
      vertex -15.5 16.7965 116.764
      vertex -15.5 17.2032 114.196
    endloop
  endfacet
  facet normal -1 0 0
    outer loop
      vertex -15.5 16.3487 114.037
      vertex -15.5 15.8081 116.58
      vertex -15.5 16.7965 116.764
    endloop
  endfacet
  facet normal -1 0 0
    outer loop
      vertex -15.5 15.5036 113.834
      vertex -15.5 15.8081 116.58
      vertex -15.5 16.3487 114.037
    endloop
  endfacet
  facet normal -1 0 0
    outer loop
      vertex -15.5 15.5036 113.834
      vertex -15.5 14.8307 116.346
      vertex -15.5 15.8081 116.58
    endloop
  endfacet
  facet normal -1 0 0
    outer loop
      vertex -15.5 14.6703 113.588
      vertex -15.5 14.8307 116.346
      vertex -15.5 15.5036 113.834
    endloop
  endfacet
  facet normal -1 0 0
    outer loop
      vertex -15.5 14.6703 113.588
      vertex -15.5 13.8669 116.06
      vertex -15.5 14.8307 116.346
    endloop
  endfacet
  facet normal -1 0 0
    outer loop
      vertex -15.5 13.8511 113.297
      vertex -15.5 13.8669 116.06
      vertex -15.5 14.6703 113.588
    endloop
  endfacet
  facet normal -1 0 0
    outer loop
      vertex -15.5 12.9193 115.725
      vertex -15.5 13.8511 113.297
      vertex -15.5 13.0482 112.965
    endloop
  endfacet
  facet normal -1 0 0
    outer loop
      vertex -15.5 13.8511 113.297
      vertex -15.5 12.9193 115.725
      vertex -15.5 13.8669 116.06
    endloop
  endfacet
  facet normal -1 0 0
    outer loop
      vertex -15.5 11.9907 115.34
      vertex -15.5 13.0482 112.965
      vertex -15.5 12.2638 112.591
    endloop
  endfacet
  facet normal -1 0 0
    outer loop
      vertex -15.5 13.0482 112.965
      vertex -15.5 11.9907 115.34
      vertex -15.5 12.9193 115.725
    endloop
  endfacet
  facet normal -1 0 0
    outer loop
      vertex -15.5 11.0834 114.907
      vertex -15.5 12.2638 112.591
      vertex -15.5 11.5 112.176
    endloop
  endfacet
  facet normal -1 0 0
    outer loop
      vertex -15.5 12.2638 112.591
      vertex -15.5 11.0834 114.907
      vertex -15.5 11.9907 115.34
    endloop
  endfacet
  facet normal -1 0 0
    outer loop
      vertex -15.5 10.2 114.428
      vertex -15.5 11.5 112.176
      vertex -15.5 10.759 111.722
    endloop
  endfacet
  facet normal -1 0 0
    outer loop
      vertex -15.5 11.5 112.176
      vertex -15.5 10.2 114.428
      vertex -15.5 11.0834 114.907
    endloop
  endfacet
  facet normal -1 0 0
    outer loop
      vertex -15.5 9.34293 113.902
      vertex -15.5 10.759 111.722
      vertex -15.5 10.0428 111.23
    endloop
  endfacet
  facet normal -1 0 0
    outer loop
      vertex -15.5 8.51452 113.333
      vertex -15.5 10.0428 111.23
      vertex -15.5 9.35329 110.701
    endloop
  endfacet
  facet normal -1 0 0
    outer loop
      vertex -15.5 10.759 111.722
      vertex -15.5 9.34293 113.902
      vertex -15.5 10.2 114.428
    endloop
  endfacet
  facet normal -1 0 0
    outer loop
      vertex -15.5 7.71705 112.721
      vertex -15.5 9.35329 110.701
      vertex -15.5 8.69244 110.136
    endloop
  endfacet
  facet normal -1 0 0
    outer loop
      vertex -15.5 10.0428 111.23
      vertex -15.5 8.51452 113.333
      vertex -15.5 9.34293 113.902
    endloop
  endfacet
  facet normal -1 0 0
    outer loop
      vertex -15.5 6.95269 112.068
      vertex -15.5 8.69244 110.136
      vertex -15.5 8.06203 109.538
    endloop
  endfacet
  facet normal -1 0 0
    outer loop
      vertex -15.5 9.35329 110.701
      vertex -15.5 7.71705 112.721
      vertex -15.5 8.51452 113.333
    endloop
  endfacet
  facet normal -1 0 0
    outer loop
      vertex -15.5 6.22355 111.376
      vertex -15.5 8.06203 109.538
      vertex -15.5 7.4638 108.908
    endloop
  endfacet
  facet normal -1 0 0
    outer loop
      vertex -15.5 8.69244 110.136
      vertex -15.5 6.95269 112.068
      vertex -15.5 7.71705 112.721
    endloop
  endfacet
  facet normal -1 0 0
    outer loop
      vertex -15.5 5.53162 110.647
      vertex -15.5 7.4638 108.908
      vertex -15.5 6.89938 108.247
    endloop
  endfacet
  facet normal -1 0 0
    outer loop
      vertex -15.5 4.8788 109.883
      vertex -15.5 6.89938 108.247
      vertex -15.5 6.37033 107.557
    endloop
  endfacet
  facet normal -1 0 0
    outer loop
      vertex -15.5 8.06203 109.538
      vertex -15.5 6.22355 111.376
      vertex -15.5 6.95269 112.068
    endloop
  endfacet
  facet normal -1 0 0
    outer loop
      vertex -15.5 4.26688 109.085
      vertex -15.5 6.37033 107.557
      vertex -15.5 5.87808 106.841
    endloop
  endfacet
  facet normal -1 0 0
    outer loop
      vertex -15.5 7.4638 108.908
      vertex -15.5 5.53162 110.647
      vertex -15.5 6.22355 111.376
    endloop
  endfacet
  facet normal -1 0 0
    outer loop
      vertex -15.5 3.69753 108.257
      vertex -15.5 5.87808 106.841
      vertex -15.5 5.42399 106.1
    endloop
  endfacet
  facet normal -1 0 0
    outer loop
      vertex -15.5 3.17231 107.4
      vertex -15.5 5.42399 106.1
      vertex -15.5 5.0093 105.336
    endloop
  endfacet
  facet normal -1 0 0
    outer loop
      vertex -15.5 6.89938 108.247
      vertex -15.5 4.8788 109.883
      vertex -15.5 5.53162 110.647
    endloop
  endfacet
  facet normal -1 0 0
    outer loop
      vertex -15.5 2.69268 106.517
      vertex -15.5 5.0093 105.336
      vertex -15.5 4.63515 104.552
    endloop
  endfacet
  facet normal -1 0 0
    outer loop
      vertex -15.5 2.25993 105.609
      vertex -15.5 4.63515 104.552
      vertex -15.5 4.30257 103.749
    endloop
  endfacet
  facet normal -1 0 0
    outer loop
      vertex -15.5 6.37033 107.557
      vertex -15.5 4.26688 109.085
      vertex -15.5 4.8788 109.883
    endloop
  endfacet
  facet normal -1 0 0
    outer loop
      vertex -15.5 1.87526 104.681
      vertex -15.5 4.30257 103.749
      vertex -15.5 4.01247 102.93
    endloop
  endfacet
  facet normal -1 0 0
    outer loop
      vertex -15.5 1.53972 103.733
      vertex -15.5 4.01247 102.93
      vertex -15.5 3.76564 102.096
    endloop
  endfacet
  facet normal -1 0 0
    outer loop
      vertex -15.5 5.87808 106.841
      vertex -15.5 3.69753 108.257
      vertex -15.5 4.26688 109.085
    endloop
  endfacet
  facet normal -1 0 0
    outer loop
      vertex -15.5 1.25423 102.769
      vertex -15.5 3.76564 102.096
      vertex -15.5 3.56276 101.251
    endloop
  endfacet
  facet normal -1 0 0
    outer loop
      vertex -15.5 1.01957 101.792
      vertex -15.5 3.56276 101.251
      vertex -15.5 3.40438 100.397
    endloop
  endfacet
  facet normal -1 0 0
    outer loop
      vertex -15.5 0.836387 100.804
      vertex -15.5 3.40438 100.397
      vertex -15.5 3.29095 99.5352
    endloop
  endfacet
  facet normal -1 0 0
    outer loop
      vertex -15.5 0.705182 99.8069
      vertex -15.5 3.29095 99.5352
      vertex -15.5 3.22276 98.6688
    endloop
  endfacet
  facet normal -1 0 0
    outer loop
      vertex -15.5 5.42399 106.1
      vertex -15.5 3.17231 107.4
      vertex -15.5 3.69753 108.257
    endloop
  endfacet
  facet normal -1 0 0
    outer loop
      vertex -15.5 0.626315 98.8048
      vertex -15.5 3.22276 98.6688
      vertex -15.5 3.20001 97.8
    endloop
  endfacet
  facet normal -1 0 0
    outer loop
      vertex -15.5 5.0093 105.336
      vertex -15.5 2.69268 106.517
      vertex -15.5 3.17231 107.4
    endloop
  endfacet
  facet normal -1 0 0
    outer loop
      vertex -15.5 4.63515 104.552
      vertex -15.5 2.25993 105.609
      vertex -15.5 2.69268 106.517
    endloop
  endfacet
  facet normal -1 0 0
    outer loop
      vertex -15.5 4.30257 103.749
      vertex -15.5 1.87526 104.681
      vertex -15.5 2.25993 105.609
    endloop
  endfacet
  facet normal -1 0 0
    outer loop
      vertex -15.5 4.01247 102.93
      vertex -15.5 1.53972 103.733
      vertex -15.5 1.87526 104.681
    endloop
  endfacet
  facet normal -1 0 0
    outer loop
      vertex -15.5 3.76564 102.096
      vertex -15.5 1.25423 102.769
      vertex -15.5 1.53972 103.733
    endloop
  endfacet
  facet normal -1 0 0
    outer loop
      vertex -15.5 3.56276 101.251
      vertex -15.5 1.01957 101.792
      vertex -15.5 1.25423 102.769
    endloop
  endfacet
  facet normal -1 0 0
    outer loop
      vertex -15.5 3.40438 100.397
      vertex -15.5 0.836387 100.804
      vertex -15.5 1.01957 101.792
    endloop
  endfacet
  facet normal -1 0 0
    outer loop
      vertex -15.5 3.29095 99.5352
      vertex -15.5 0.705182 99.8069
      vertex -15.5 0.836387 100.804
    endloop
  endfacet
  facet normal -1 0 0
    outer loop
      vertex -15.5 3.22276 98.6688
      vertex -15.5 0.626315 98.8048
      vertex -15.5 0.705182 99.8069
    endloop
  endfacet
  facet normal -1 0 -0
    outer loop
      vertex -15.5 0.626315 98.8048
      vertex -15.5 3.20001 97.8
      vertex -15.5 0.600002 97.8
    endloop
  endfacet
  facet normal -0.706981 0.70699 -0.0185148
    outer loop
      vertex -14.9 3.82193 98.6374
      vertex -14.9 3.8 97.8
      vertex -15.5 3.22276 98.6688
    endloop
  endfacet
  facet normal -0.70698 0.706991 -0.018513
    outer loop
      vertex -15.5 3.22276 98.6688
      vertex -14.9 3.8 97.8
      vertex -15.5 3.20001 97.8
    endloop
  endfacet
  facet normal 0 0.999657 -0.0261792
    outer loop
      vertex 14.9 3.8 97.8
      vertex -14.9 3.82193 98.6374
      vertex 14.9 3.82193 98.6374
    endloop
  endfacet
  facet normal 0 0.999657 -0.0261792
    outer loop
      vertex -14.9 3.82193 98.6374
      vertex 14.9 3.8 97.8
      vertex -14.9 3.8 97.8
    endloop
  endfacet
  facet normal 0.706981 0.70699 -0.0185129
    outer loop
      vertex 15.5 3.22276 98.6688
      vertex 15.5 3.20001 97.8
      vertex 14.9 3.82193 98.6374
    endloop
  endfacet
  facet normal 0.706956 0.707015 -0.0185201
    outer loop
      vertex 14.9 3.82193 98.6374
      vertex 15.3943 3.30589 97.8059
      vertex 14.901 3.79999 97.838
    endloop
  endfacet
  facet normal 0.707076 0.706898 -0.0183764
    outer loop
      vertex 15.5 3.20001 97.8
      vertex 15.3943 3.30589 97.8059
      vertex 14.9 3.82193 98.6374
    endloop
  endfacet
  facet normal 0.707152 0.706869 -0.0164898
    outer loop
      vertex 15.3943 3.30589 97.8059
      vertex 15.5 3.20001 97.8
      vertex 15.4002 3.29985 97.8
    endloop
  endfacet
  facet normal 0.999654 0 -0.0263067
    outer loop
      vertex 14.9 3.8 97.8
      vertex 14.901 3.79999 97.838
      vertex 14.9 3.79999 97.8
    endloop
  endfacet
  facet normal 0.7088 0.705167 -0.0184671
    outer loop
      vertex 14.901 3.79999 97.838
      vertex 14.9 3.8 97.8
      vertex 14.9 3.82193 98.6374
    endloop
  endfacet
  facet normal 1 0 0
    outer loop
      vertex 15.5 3.22276 98.6688
      vertex 15.5 0.626315 98.8048
      vertex 15.5 0.600002 97.8
    endloop
  endfacet
  facet normal 1 0 -0
    outer loop
      vertex 15.5 3.20001 97.8
      vertex 15.5 3.22276 98.6688
      vertex 15.5 0.600002 97.8
    endloop
  endfacet
  facet normal 0.708993 -0.704974 0.0184596
    outer loop
      vertex 14.901 0.0141101 98.3
      vertex 14.9 0.0271473 98.8363
      vertex 14.9 0.0131044 98.3
    endloop
  endfacet
  facet normal 0.706981 -0.70699 0.0185049
    outer loop
      vertex 14.9 0.0271473 98.8363
      vertex 14.901 0.0141101 98.3
      vertex 15.5 0.626315 98.8048
    endloop
  endfacet
  facet normal 0.706962 -0.707008 0.018549
    outer loop
      vertex 15.5 0.626315 98.8048
      vertex 14.901 0.0141101 98.3
      vertex 15.0872 0.195405 98.1135
    endloop
  endfacet
  facet normal 0.707143 -0.706817 0.0189235
    outer loop
      vertex 15.5 0.600002 97.8
      vertex 15.0872 0.195405 98.1135
      vertex 15.4002 0.500156 97.8
    endloop
  endfacet
  facet normal 0.706991 -0.70698 0.0185139
    outer loop
      vertex 15.0872 0.195405 98.1135
      vertex 15.5 0.600002 97.8
      vertex 15.5 0.626315 98.8048
    endloop
  endfacet
  facet normal 0 -0.999657 0.0261758
    outer loop
      vertex -14.9 0.0271473 98.8363
      vertex -14.9 0.0131044 98.3
      vertex 14.9 0.0271473 98.8363
    endloop
  endfacet
  facet normal 1 0 -0
    outer loop
      vertex -14.9 0.0131044 98.3
      vertex -14.9 0.0271473 98.8363
      vertex -14.9 0.0131042 98.3
    endloop
  endfacet
  facet normal 0 -0.999657 0.0261758
    outer loop
      vertex 14.9 0.0271473 98.8363
      vertex -14.9 0.0131044 98.3
      vertex 14.9 0.0131044 98.3
    endloop
  endfacet
  facet normal -0.706981 -0.70699 0.0185142
    outer loop
      vertex -14.9 0.0271473 98.8363
      vertex -15.5 0.626315 98.8048
      vertex -15.5 0.600002 97.8
    endloop
  endfacet
  facet normal -0.692111 -0.692197 -0.204563
    outer loop
      vertex -15.5 0.600002 97.8
      vertex -15.1571 0.257145 97.8
      vertex -15.3999 0.499885 97.8001
    endloop
  endfacet
  facet normal -0.707053 -0.706914 0.0186907
    outer loop
      vertex -14.9 0.0131042 98.3
      vertex -15.5 0.600002 97.8
      vertex -15.3999 0.499885 97.8001
    endloop
  endfacet
  facet normal -0.70698 -0.706991 0.0185127
    outer loop
      vertex -15.5 0.600002 97.8
      vertex -14.9 0.0131042 98.3
      vertex -14.9 0.0271473 98.8363
    endloop
  endfacet
  facet normal -1 0 0
    outer loop
      vertex -14.9 33.9475 83.9536
      vertex -14.9 33.946 83.9524
      vertex -14.9 33.9461 83.9525
    endloop
  endfacet
  facet normal -0.708701 0.435879 -0.554755
    outer loop
      vertex -14.9 33.9475 83.9536
      vertex -14.9 33.9461 83.9525
      vertex -14.9087 33.9401 83.9589
    endloop
  endfacet
  facet normal -0.707148 -0.629982 -0.321035
    outer loop
      vertex -14.9 30.9404 84.5928
      vertex -15.5 31.4894 84.8371
      vertex -14.9 31.0307 84.4156
    endloop
  endfacet
  facet normal 0.707549 0.384276 -0.593048
    outer loop
      vertex 15.5 33.3258 84.2405
      vertex 15.2734 33.5103 84.0897
      vertex 15.4933 33.3511 84.2489
    endloop
  endfacet
  facet normal 0.711332 0.38386 -0.588777
    outer loop
      vertex 15.5 33.3258 84.2405
      vertex 15.4933 33.3511 84.2489
      vertex 15.5 33.3462 84.2538
    endloop
  endfacet
  facet normal 0.707676 0.384874 -0.592508
    outer loop
      vertex 15.2734 33.5103 84.0897
      vertex 15.5 33.3258 84.2405
      vertex 14.901 33.6262 83.7202
    endloop
  endfacet
  facet normal 0 -0.35844 -0.933553
    outer loop
      vertex -14.9 31.9034 83.6299
      vertex 14.901 32.0891 83.5586
      vertex 14.901 31.9034 83.6299
    endloop
  endfacet
  facet normal -0 -0.35844 -0.933553
    outer loop
      vertex 14.901 32.0891 83.5586
      vertex -14.9 31.9034 83.6299
      vertex -14.9 32.0891 83.5586
    endloop
  endfacet
  facet normal -0.707096 -0.706154 -0.0368925
    outer loop
      vertex -14.9 30.7762 85.3656
      vertex -15.5 31.377 85.3656
      vertex -15.5 31.3841 85.2297
    endloop
  endfacet
  facet normal -0.707104 -0.4448 -0.549688
    outer loop
      vertex -14.9 31.4048 83.9536
      vertex -15.5 31.9125 84.3146
      vertex -14.9 31.5594 83.8285
    endloop
  endfacet
  facet normal -0.705496 0.421227 -0.56995
    outer loop
      vertex -15.0293 33.8584 84.0478
      vertex -14.9 33.9475 83.9536
      vertex -14.9087 33.9401 83.9589
    endloop
  endfacet
  facet normal -0.707294 0.450084 -0.545123
    outer loop
      vertex -15.0293 33.8584 84.0478
      vertex -15.5 33.5454 84.4001
      vertex -14.9 33.9475 83.9536
    endloop
  endfacet
  facet normal -0.707154 0.444881 -0.549559
    outer loop
      vertex -15.5 33.5454 84.4001
      vertex -15.0293 33.8584 84.0478
      vertex -15.5 33.5391 84.395
    endloop
  endfacet
  facet normal 0 -0.83849 -0.544918
    outer loop
      vertex -14.9 31.1391 84.2488
      vertex 14.901 31.0307 84.4156
      vertex -14.9 31.0307 84.4156
    endloop
  endfacet
  facet normal 0 -0.83849 -0.544918
    outer loop
      vertex 14.901 31.0307 84.4156
      vertex -14.9 31.1391 84.2488
      vertex 14.901 31.1391 84.2488
    endloop
  endfacet
  facet normal -0.707104 -0.660125 0.253455
    outer loop
      vertex -15.5 31.4894 85.8941
      vertex -15.5 31.4406 85.767
      vertex -14.9 30.8692 85.9527
    endloop
  endfacet
  facet normal 0 0.156402 -0.987694
    outer loop
      vertex -14.9 32.8748 83.476
      vertex 14.901 33.0712 83.5071
      vertex 14.901 32.8748 83.476
    endloop
  endfacet
  facet normal 0 0.156402 -0.987694
    outer loop
      vertex 14.901 33.0712 83.5071
      vertex -14.9 32.8748 83.476
      vertex -14.9 33.0712 83.5071
    endloop
  endfacet
  facet normal 0 -0.998632 0.0522949
    outer loop
      vertex -14.9 30.7762 85.3656
      vertex 14.901 30.7866 85.5642
      vertex -14.9 30.7866 85.5642
    endloop
  endfacet
  facet normal 0 -0.998632 0.0522949
    outer loop
      vertex 14.901 30.7866 85.5642
      vertex -14.9 30.7762 85.3656
      vertex 14.901 30.7762 85.3656
    endloop
  endfacet
  facet normal -0.707104 -0.660125 -0.253455
    outer loop
      vertex -14.9 30.8692 84.7785
      vertex -15.5 31.4406 84.9642
      vertex -15.5 31.4894 84.8371
    endloop
  endfacet
  facet normal -0.707105 -0.68299 0.183103
    outer loop
      vertex -14.9 30.8692 85.9527
      vertex -15.5 31.4054 85.6357
      vertex -14.9 30.8177 85.7606
    endloop
  endfacet
  facet normal 0 0.35844 -0.933553
    outer loop
      vertex -14.9 33.2633 83.5586
      vertex 14.901 33.449 83.6299
      vertex 14.901 33.2633 83.5586
    endloop
  endfacet
  facet normal 0 0.35844 -0.933553
    outer loop
      vertex 14.901 33.449 83.6299
      vertex -14.9 33.2633 83.5586
      vertex -14.9 33.449 83.6299
    endloop
  endfacet
  facet normal -0.707096 -0.321059 -0.630029
    outer loop
      vertex -14.9 31.7262 83.7202
      vertex -15.5 32.1477 84.1788
      vertex -14.9 31.9034 83.6299
    endloop
  endfacet
  facet normal -0.707148 -0.629982 0.321035
    outer loop
      vertex -14.9 31.0307 86.3156
      vertex -15.5 31.4894 85.8941
      vertex -14.9 30.9404 86.1384
    endloop
  endfacet
  facet normal -0.707141 -0.630014 -0.32099
    outer loop
      vertex -14.9 31.0307 84.4156
      vertex -15.5 31.4894 84.8371
      vertex -15.5 31.5511 84.716
    endloop
  endfacet
  facet normal 0 -0.258946 -0.965892
    outer loop
      vertex -14.9 32.0891 83.5586
      vertex 14.901 32.2812 83.5071
      vertex 14.901 32.0891 83.5586
    endloop
  endfacet
  facet normal -0 -0.258946 -0.965892
    outer loop
      vertex 14.901 32.2812 83.5071
      vertex -14.9 32.0891 83.5586
      vertex -14.9 32.2812 83.5071
    endloop
  endfacet
  facet normal 0.707676 -0.549116 -0.444597
    outer loop
      vertex 15.5 31.6251 84.602
      vertex 14.901 31.2642 84.0943
      vertex 15.5 31.7106 84.4964
    endloop
  endfacet
  facet normal -0.707096 -0.706154 0.0368925
    outer loop
      vertex -15.5 31.3841 85.5015
      vertex -15.5 31.377 85.3656
      vertex -14.9 30.7762 85.3656
    endloop
  endfacet
  facet normal -0.70709 -0.592916 -0.385324
    outer loop
      vertex -14.9 31.0307 84.4156
      vertex -15.5 31.6251 84.602
      vertex -14.9 31.1391 84.2488
    endloop
  endfacet
  facet normal -0.707104 0.253455 -0.660125
    outer loop
      vertex -14.9 33.2633 83.5586
      vertex -15.5 33.0776 84.13
      vertex -15.5 33.2047 84.1788
    endloop
  endfacet
  facet normal -0.707137 0.499979 -0.499979
    outer loop
      vertex -14.9 33.9475 83.9536
      vertex -15.5 33.6417 84.4964
      vertex -14.9 34.0882 84.0943
    endloop
  endfacet
  facet normal -0.707137 0.499979 -0.499979
    outer loop
      vertex -15.5 33.6417 84.4964
      vertex -14.9 33.9475 83.9536
      vertex -15.5 33.5454 84.4001
    endloop
  endfacet
  facet normal -0.707143 0.0369762 -0.706103
    outer loop
      vertex -14.9 32.6762 83.4656
      vertex -15.5 32.8121 84.0736
      vertex -14.9 32.8748 83.476
    endloop
  endfacet
  facet normal 0.70891 0.542661 -0.450517
    outer loop
      vertex 15.2315 33.8855 84.3702
      vertex 14.901 34.0882 84.0943
      vertex 15.2108 33.9015 84.3569
    endloop
  endfacet
  facet normal 0.707606 0.549067 -0.444768
    outer loop
      vertex 15.5 33.6417 84.4964
      vertex 15.2315 33.8855 84.3702
      vertex 15.5 33.6788 84.5422
    endloop
  endfacet
  facet normal 0.707701 0.549575 -0.443988
    outer loop
      vertex 15.2315 33.8855 84.3702
      vertex 15.5 33.6417 84.4964
      vertex 14.901 34.0882 84.0943
    endloop
  endfacet
  facet normal 0 -0.890982 0.454039
    outer loop
      vertex -14.9 30.9404 86.1384
      vertex 14.901 31.0307 86.3156
      vertex -14.9 31.0307 86.3156
    endloop
  endfacet
  facet normal 0 -0.890982 0.454039
    outer loop
      vertex 14.901 31.0307 86.3156
      vertex -14.9 30.9404 86.1384
      vertex 14.901 30.9404 86.1384
    endloop
  endfacet
  facet normal 0 0.454039 -0.890982
    outer loop
      vertex -14.9 33.449 83.6299
      vertex 14.901 33.6262 83.7202
      vertex 14.901 33.449 83.6299
    endloop
  endfacet
  facet normal 0 0.454039 -0.890982
    outer loop
      vertex 14.901 33.6262 83.7202
      vertex -14.9 33.449 83.6299
      vertex -14.9 33.6262 83.7202
    endloop
  endfacet
  facet normal 0 -0.987694 0.156402
    outer loop
      vertex -14.9 30.7866 85.5642
      vertex 14.901 30.8177 85.7606
      vertex -14.9 30.8177 85.7606
    endloop
  endfacet
  facet normal 0 -0.987694 0.156402
    outer loop
      vertex 14.901 30.8177 85.7606
      vertex -14.9 30.7866 85.5642
      vertex 14.901 30.7866 85.5642
    endloop
  endfacet
  facet normal -0.707099 -0.385069 -0.59307
    outer loop
      vertex -14.9 31.5594 83.8285
      vertex -15.5 31.9125 84.3146
      vertex -14.9 31.7262 83.7202
    endloop
  endfacet
  facet normal 0.707695 -0.18295 -0.682421
    outer loop
      vertex 15.5 32.4061 84.0948
      vertex 14.901 32.0891 83.5586
      vertex 14.901 32.2812 83.5071
    endloop
  endfacet
  facet normal -0.70715 -0.6602 -0.25313
    outer loop
      vertex -14.9 30.8692 84.7785
      vertex -15.5 31.4894 84.8371
      vertex -14.9 30.9404 84.5928
    endloop
  endfacet
  facet normal -0.707089 -0.549559 -0.444983
    outer loop
      vertex -14.9 31.1391 84.2488
      vertex -15.5 31.6251 84.602
      vertex -14.9 31.2642 84.0943
    endloop
  endfacet
  facet normal 0 0.258946 -0.965892
    outer loop
      vertex -14.9 33.0712 83.5071
      vertex 14.901 33.2633 83.5586
      vertex 14.901 33.0712 83.5071
    endloop
  endfacet
  facet normal 0 0.258946 -0.965892
    outer loop
      vertex 14.901 33.2633 83.5586
      vertex -14.9 33.0712 83.5071
      vertex -14.9 33.2633 83.5586
    endloop
  endfacet
  facet normal 0 -0.707358 -0.706855
    outer loop
      vertex -14.9 31.4048 83.9536
      vertex 14.901 31.2642 84.0943
      vertex -14.9 31.2642 84.0943
    endloop
  endfacet
  facet normal 0 -0.707358 -0.706855
    outer loop
      vertex 14.901 31.2642 84.0943
      vertex -14.9 31.4048 83.9536
      vertex 14.901 31.4048 83.9536
    endloop
  endfacet
  facet normal -0.707105 -0.183102 -0.682991
    outer loop
      vertex -14.9 32.0891 83.5586
      vertex -15.5 32.2748 84.13
      vertex -15.5 32.4061 84.0948
    endloop
  endfacet
  facet normal -0.707105 -0.682991 0.183102
    outer loop
      vertex -15.5 31.4406 85.767
      vertex -15.5 31.4054 85.6357
      vertex -14.9 30.8692 85.9527
    endloop
  endfacet
  facet normal 0.707738 -0.629457 0.320767
    outer loop
      vertex 14.901 31.0307 86.3156
      vertex 14.901 30.9404 86.1384
      vertex 15.5 31.4894 85.8941
    endloop
  endfacet
  facet normal 0.707712 0.549164 -0.44448
    outer loop
      vertex 15.2108 33.9015 84.3569
      vertex 14.901 34.0882 84.0943
      vertex 14.901 34.14 84.1583
    endloop
  endfacet
  facet normal 0 -0.965892 0.258946
    outer loop
      vertex -14.9 30.8177 85.7606
      vertex 14.901 30.8692 85.9527
      vertex -14.9 30.8692 85.9527
    endloop
  endfacet
  facet normal 0 -0.965892 0.258946
    outer loop
      vertex 14.901 30.8692 85.9527
      vertex -14.9 30.8177 85.7606
      vertex 14.901 30.8177 85.7606
    endloop
  endfacet
  facet normal -0.707084 -0.706162 -0.0369793
    outer loop
      vertex -14.9 30.7762 85.3656
      vertex -15.5 31.3841 85.2297
      vertex -14.9 30.7866 85.167
    endloop
  endfacet
  facet normal -0.707101 0.182973 -0.683029
    outer loop
      vertex -14.9 33.2633 83.5586
      vertex -15.5 32.9462 84.0948
      vertex -15.5 33.0776 84.13
    endloop
  endfacet
  facet normal -0.70712 -0.682976 -0.183099
    outer loop
      vertex -14.9 30.8177 84.9706
      vertex -15.5 31.4054 85.0956
      vertex -14.9 30.8692 84.7785
    endloop
  endfacet
  facet normal 0.707727 -0.110496 -0.697792
    outer loop
      vertex 15.5 32.5403 84.0736
      vertex 14.901 32.2812 83.5071
      vertex 14.901 32.4776 83.476
    endloop
  endfacet
  facet normal -0.707082 0.38535 -0.592908
    outer loop
      vertex -15.5 33.3258 84.2405
      vertex -15.273 33.5103 84.0897
      vertex -14.9 33.6262 83.7202
    endloop
  endfacet
  facet normal -0.706869 0.384349 -0.593811
    outer loop
      vertex -15.273 33.5103 84.0897
      vertex -15.5 33.3258 84.2405
      vertex -15.4933 33.3511 84.2489
    endloop
  endfacet
  facet normal -0.711332 0.38386 -0.588777
    outer loop
      vertex -15.4933 33.3511 84.2489
      vertex -15.5 33.3258 84.2405
      vertex -15.5 33.3462 84.2538
    endloop
  endfacet
  facet normal -0.707137 -0.110588 -0.698375
    outer loop
      vertex -14.9 32.2812 83.5071
      vertex -15.5 32.5403 84.0736
      vertex -14.9 32.4776 83.476
    endloop
  endfacet
  facet normal -0.707079 -0.698432 0.110597
    outer loop
      vertex -14.9 30.8177 85.7606
      vertex -15.5 31.3841 85.5015
      vertex -14.9 30.7866 85.5642
    endloop
  endfacet
  facet normal -0.707132 -0.444939 -0.549539
    outer loop
      vertex -14.9 31.4048 83.9536
      vertex -15.5 31.8069 84.4001
      vertex -15.5 31.9125 84.3146
    endloop
  endfacet
  facet normal 0 -0.933721 0.358002
    outer loop
      vertex -14.9 30.8692 85.9527
      vertex 14.901 30.9404 86.1384
      vertex -14.9 30.9404 86.1384
    endloop
  endfacet
  facet normal 0 -0.933721 0.358002
    outer loop
      vertex 14.901 30.9404 86.1384
      vertex -14.9 30.8692 85.9527
      vertex 14.901 30.8692 85.9527
    endloop
  endfacet
  facet normal 0 -0.965892 -0.258946
    outer loop
      vertex -14.9 30.8692 84.7785
      vertex 14.901 30.8177 84.9706
      vertex -14.9 30.8177 84.9706
    endloop
  endfacet
  facet normal 0 -0.965892 -0.258946
    outer loop
      vertex 14.901 30.8177 84.9706
      vertex -14.9 30.8692 84.7785
      vertex 14.901 30.8692 84.7785
    endloop
  endfacet
  facet normal 0 -0.629039 -0.777374
    outer loop
      vertex -14.9 31.4048 83.9536
      vertex 14.901 31.5594 83.8285
      vertex 14.901 31.4048 83.9536
    endloop
  endfacet
  facet normal -0 -0.629039 -0.777374
    outer loop
      vertex 14.901 31.5594 83.8285
      vertex -14.9 31.4048 83.9536
      vertex -14.9 31.5594 83.8285
    endloop
  endfacet
  facet normal -0.707079 -0.698432 -0.110597
    outer loop
      vertex -14.9 30.7866 85.167
      vertex -15.5 31.3841 85.2297
      vertex -14.9 30.8177 84.9706
    endloop
  endfacet
  facet normal 0.707679 -0.592421 -0.385003
    outer loop
      vertex 15.5 31.6251 84.602
      vertex 14.901 31.0307 84.4156
      vertex 14.901 31.1391 84.2488
    endloop
  endfacet
  facet normal -0.707141 -0.630014 0.32099
    outer loop
      vertex -15.5 31.5511 86.0152
      vertex -15.5 31.4894 85.8941
      vertex -14.9 31.0307 86.3156
    endloop
  endfacet
  facet normal -0.707126 -0.698333 -0.110921
    outer loop
      vertex -14.9 30.8177 84.9706
      vertex -15.5 31.3841 85.2297
      vertex -15.5 31.4054 85.0956
    endloop
  endfacet
  facet normal -0.707084 -0.706162 0.0369793
    outer loop
      vertex -14.9 30.7866 85.5642
      vertex -15.5 31.3841 85.5015
      vertex -14.9 30.7762 85.3656
    endloop
  endfacet
  facet normal -2.21938e-12 0.624695 -0.780869
    outer loop
      vertex 14.9 33.946 83.9524
      vertex 14.901 33.9475 83.9536
      vertex 14.901 33.94 83.9476
    endloop
  endfacet
  facet normal 0 0.624695 -0.780869
    outer loop
      vertex -14.9 33.9475 83.9536
      vertex 14.9 33.946 83.9524
      vertex -14.9 33.946 83.9524
    endloop
  endfacet
  facet normal 0 0.624695 -0.780869
    outer loop
      vertex 14.9 33.946 83.9524
      vertex -14.9 33.9475 83.9536
      vertex 14.901 33.9475 83.9536
    endloop
  endfacet
  facet normal 0 -0.987694 -0.156402
    outer loop
      vertex -14.9 30.8177 84.9706
      vertex 14.901 30.7866 85.167
      vertex -14.9 30.7866 85.167
    endloop
  endfacet
  facet normal 0 -0.987694 -0.156402
    outer loop
      vertex 14.901 30.7866 85.167
      vertex -14.9 30.8177 84.9706
      vertex 14.901 30.8177 84.9706
    endloop
  endfacet
  facet normal 0.70771 -0.682406 -0.182946
    outer loop
      vertex 15.5 31.4054 85.0956
      vertex 14.901 30.8177 84.9706
      vertex 14.901 30.8692 84.7785
    endloop
  endfacet
  facet normal -0.707101 -0.683029 -0.182973
    outer loop
      vertex -14.9 30.8692 84.7785
      vertex -15.5 31.4054 85.0956
      vertex -15.5 31.4406 84.9642
    endloop
  endfacet
  facet normal 0 -0.0522949 -0.998632
    outer loop
      vertex -14.9 32.4776 83.476
      vertex 14.901 32.6762 83.4656
      vertex 14.901 32.4776 83.476
    endloop
  endfacet
  facet normal -0 -0.0522949 -0.998632
    outer loop
      vertex 14.901 32.6762 83.4656
      vertex -14.9 32.4776 83.476
      vertex -14.9 32.6762 83.4656
    endloop
  endfacet
  facet normal 0 0.0522949 -0.998632
    outer loop
      vertex -14.9 32.6762 83.4656
      vertex 14.901 32.8748 83.476
      vertex 14.901 32.6762 83.4656
    endloop
  endfacet
  facet normal 0 0.0522949 -0.998632
    outer loop
      vertex 14.901 32.8748 83.476
      vertex -14.9 32.6762 83.4656
      vertex -14.9 32.8748 83.476
    endloop
  endfacet
  facet normal -0.707142 -0.593077 -0.38498
    outer loop
      vertex -14.9 31.0307 84.4156
      vertex -15.5 31.5511 84.716
      vertex -15.5 31.6251 84.602
    endloop
  endfacet
  facet normal -0.707103 -0.253457 -0.660125
    outer loop
      vertex -14.9 31.9034 83.6299
      vertex -15.5 32.1477 84.1788
      vertex -14.9 32.0891 83.5586
    endloop
  endfacet
  facet normal -0.706814 -0.594766 0.382971
    outer loop
      vertex -15.5 31.5511 86.0152
      vertex -15.273 31.4002 86.1998
      vertex -15.5 31.5643 86.0357
    endloop
  endfacet
  facet normal -0.707155 -0.593333 0.384563
    outer loop
      vertex -15.273 31.4002 86.1998
      vertex -15.5 31.5511 86.0152
      vertex -14.9 31.0307 86.3156
    endloop
  endfacet
  facet normal 0 -0.933721 -0.358002
    outer loop
      vertex -14.9 30.9404 84.5928
      vertex 14.901 30.8692 84.7785
      vertex -14.9 30.8692 84.7785
    endloop
  endfacet
  facet normal 0 -0.933721 -0.358002
    outer loop
      vertex 14.901 30.8692 84.7785
      vertex -14.9 30.9404 84.5928
      vertex 14.901 30.9404 84.5928
    endloop
  endfacet
  facet normal -0.707105 -0.183103 -0.68299
    outer loop
      vertex -14.9 32.0891 83.5586
      vertex -15.5 32.4061 84.0948
      vertex -14.9 32.2812 83.5071
    endloop
  endfacet
  facet normal 0 -0.777175 -0.629285
    outer loop
      vertex -14.9 31.2642 84.0943
      vertex 14.901 31.1391 84.2488
      vertex -14.9 31.1391 84.2488
    endloop
  endfacet
  facet normal 0 -0.777175 -0.629285
    outer loop
      vertex 14.901 31.1391 84.2488
      vertex -14.9 31.2642 84.0943
      vertex 14.901 31.2642 84.0943
    endloop
  endfacet
  facet normal -0.707115 -0.698357 0.110842
    outer loop
      vertex -15.5 31.4054 85.6357
      vertex -15.5 31.3841 85.5015
      vertex -14.9 30.8177 85.7606
    endloop
  endfacet
  facet normal 0 -0.998632 -0.0522949
    outer loop
      vertex -14.9 30.7866 85.167
      vertex 14.901 30.7762 85.3656
      vertex -14.9 30.7762 85.3656
    endloop
  endfacet
  facet normal 0 -0.998632 -0.0522949
    outer loop
      vertex 14.901 30.7762 85.3656
      vertex -14.9 30.7866 85.167
      vertex 14.901 30.7866 85.167
    endloop
  endfacet
  facet normal -0.70715 -0.6602 0.25313
    outer loop
      vertex -14.9 30.9404 86.1384
      vertex -15.5 31.4894 85.8941
      vertex -14.9 30.8692 85.9527
    endloop
  endfacet
  facet normal 0 -0.454039 -0.890982
    outer loop
      vertex -14.9 31.7262 83.7202
      vertex 14.901 31.9034 83.6299
      vertex 14.901 31.7262 83.7202
    endloop
  endfacet
  facet normal -0 -0.454039 -0.890982
    outer loop
      vertex 14.901 31.9034 83.6299
      vertex -14.9 31.7262 83.7202
      vertex -14.9 31.9034 83.6299
    endloop
  endfacet
  facet normal 0.707694 -0.682421 0.182949
    outer loop
      vertex 15.5 31.4406 85.767
      vertex 14.901 30.8692 85.9527
      vertex 15.5 31.4054 85.6357
    endloop
  endfacet
  facet normal -0.70712 0.183099 -0.682976
    outer loop
      vertex -14.9 33.0712 83.5071
      vertex -15.5 32.9462 84.0948
      vertex -14.9 33.2633 83.5586
    endloop
  endfacet
  facet normal -0.707143 -0.0369762 -0.706103
    outer loop
      vertex -14.9 32.4776 83.476
      vertex -15.5 32.5403 84.0736
      vertex -14.9 32.6762 83.4656
    endloop
  endfacet
  facet normal 0 -0.890982 -0.454039
    outer loop
      vertex -14.9 31.0307 84.4156
      vertex 14.901 30.9404 84.5928
      vertex -14.9 30.9404 84.5928
    endloop
  endfacet
  facet normal 0 -0.890982 -0.454039
    outer loop
      vertex 14.901 30.9404 84.5928
      vertex -14.9 31.0307 84.4156
      vertex 14.901 31.0307 84.4156
    endloop
  endfacet
  facet normal 0 0.544336 -0.838867
    outer loop
      vertex 14.901 33.6262 83.7202
      vertex 14.9 33.78 83.82
      vertex 14.901 33.78 83.82
    endloop
  endfacet
  facet normal 0 0.544336 -0.838867
    outer loop
      vertex -14.9 33.6262 83.7202
      vertex 14.9 33.78 83.82
      vertex 14.901 33.6262 83.7202
    endloop
  endfacet
  facet normal 0 0.544336 -0.838867
    outer loop
      vertex 14.9 33.78 83.82
      vertex -14.9 33.6262 83.7202
      vertex -14.9 33.78 83.82
    endloop
  endfacet
  facet normal 0.707691 0.18282 -0.682459
    outer loop
      vertex 15.5 32.9462 84.0948
      vertex 14.901 33.2633 83.5586
      vertex 15.5 33.0776 84.13
    endloop
  endfacet
  facet normal -0.707088 -0.321014 -0.630061
    outer loop
      vertex -14.9 31.7262 83.7202
      vertex -15.5 32.0266 84.2405
      vertex -15.5 32.1477 84.1788
    endloop
  endfacet
  facet normal -0.707089 -0.385137 -0.593039
    outer loop
      vertex -14.9 31.7262 83.7202
      vertex -15.5 31.9125 84.3146
      vertex -15.5 32.0266 84.2405
    endloop
  endfacet
  facet normal 0.707691 -0.110244 -0.697868
    outer loop
      vertex 15.5 32.4061 84.0948
      vertex 14.901 32.2812 83.5071
      vertex 15.5 32.5403 84.0736
    endloop
  endfacet
  facet normal 0.707732 -0.0369453 -0.705514
    outer loop
      vertex 15.5 32.5403 84.0736
      vertex 14.901 32.4776 83.476
      vertex 14.901 32.6762 83.4656
    endloop
  endfacet
  facet normal -0.707096 0.321059 -0.630029
    outer loop
      vertex -14.9 33.449 83.6299
      vertex -15.5 33.2047 84.1788
      vertex -14.9 33.6262 83.7202
    endloop
  endfacet
  facet normal -0.707101 -0.110337 -0.698451
    outer loop
      vertex -14.9 32.2812 83.5071
      vertex -15.5 32.4061 84.0948
      vertex -15.5 32.5403 84.0736
    endloop
  endfacet
  facet normal 0 -0.156402 -0.987694
    outer loop
      vertex -14.9 32.2812 83.5071
      vertex 14.901 32.4776 83.476
      vertex 14.901 32.2812 83.5071
    endloop
  endfacet
  facet normal -0 -0.156402 -0.987694
    outer loop
      vertex 14.901 32.4776 83.476
      vertex -14.9 32.2812 83.5071
      vertex -14.9 32.4776 83.476
    endloop
  endfacet
  facet normal 0 0.707107 -0.707107
    outer loop
      vertex 14.901 33.9475 83.9536
      vertex -14.9 34.0882 84.0943
      vertex 14.901 34.0882 84.0943
    endloop
  endfacet
  facet normal 0 0.707107 -0.707107
    outer loop
      vertex -14.9 34.0882 84.0943
      vertex 14.901 33.9475 83.9536
      vertex -14.9 33.9475 83.9536
    endloop
  endfacet
  facet normal 0 -0.544564 -0.838719
    outer loop
      vertex -14.9 31.5594 83.8285
      vertex 14.901 31.7262 83.7202
      vertex 14.901 31.5594 83.8285
    endloop
  endfacet
  facet normal -0 -0.544564 -0.838719
    outer loop
      vertex 14.901 31.7262 83.7202
      vertex -14.9 31.5594 83.8285
      vertex -14.9 31.7262 83.7202
    endloop
  endfacet
  facet normal -0.707086 -0.549575 -0.444968
    outer loop
      vertex -14.9 31.2642 84.0943
      vertex -15.5 31.6251 84.602
      vertex -15.5 31.7106 84.4964
    endloop
  endfacet
  facet normal -0.707137 -0.499979 -0.499979
    outer loop
      vertex -14.9 31.4048 83.9536
      vertex -15.5 31.7106 84.4964
      vertex -15.5 31.8069 84.4001
    endloop
  endfacet
  facet normal -0.707102 -0.500181 -0.499826
    outer loop
      vertex -15.5 31.7106 84.4964
      vertex -14.9 31.4048 83.9536
      vertex -14.9 31.2642 84.0943
    endloop
  endfacet
  facet normal -0.707093 -0.593144 0.384966
    outer loop
      vertex -14.9 31.0307 86.3156
      vertex -14.9056 31.1346 86.4654
      vertex -15.273 31.4002 86.1998
    endloop
  endfacet
  facet normal -0.702861 -0.596532 0.387474
    outer loop
      vertex -14.9056 31.1346 86.4654
      vertex -14.9 31.0307 86.3156
      vertex -14.9 31.1306 86.4694
    endloop
  endfacet
  facet normal 0 -0.838618 0.54472
    outer loop
      vertex -14.9 31.0307 86.3156
      vertex 14.9 31.1306 86.4694
      vertex -14.9 31.1306 86.4694
    endloop
  endfacet
  facet normal 0 -0.838618 0.54472
    outer loop
      vertex 14.901 31.0307 86.3156
      vertex 14.9 31.1306 86.4694
      vertex -14.9 31.0307 86.3156
    endloop
  endfacet
  facet normal 0 -0.838618 0.54472
    outer loop
      vertex 14.9 31.1306 86.4694
      vertex 14.901 31.0307 86.3156
      vertex 14.901 31.1306 86.4694
    endloop
  endfacet
  facet normal -0.707154 0.384878 -0.593129
    outer loop
      vertex -14.9 33.78 83.82
      vertex -14.9 33.6262 83.7202
      vertex -15.273 33.5103 84.0897
    endloop
  endfacet
  facet normal 0.707882 0.446831 -0.547034
    outer loop
      vertex 14.901 33.9475 83.9536
      vertex 15.3674 33.6278 84.296
      vertex 14.9431 33.9119 83.979
    endloop
  endfacet
  facet normal 0.707546 0.439859 -0.553085
    outer loop
      vertex 15.5 33.5454 84.4001
      vertex 15.3674 33.6278 84.296
      vertex 14.901 33.9475 83.9536
    endloop
  endfacet
  facet normal 0.707525 0.444647 -0.54927
    outer loop
      vertex 15.3674 33.6278 84.296
      vertex 15.5 33.5454 84.4001
      vertex 15.5 33.5391 84.395
    endloop
  endfacet
  facet normal 0.707679 -0.5491 -0.444611
    outer loop
      vertex 15.5 31.6251 84.602
      vertex 14.901 31.1391 84.2488
      vertex 14.901 31.2642 84.0943
    endloop
  endfacet
  facet normal -0.707114 0.549661 -0.444818
    outer loop
      vertex -14.9 34.0882 84.0943
      vertex -15.1757 33.9237 84.3293
      vertex -14.9 34.1319 84.1483
    endloop
  endfacet
  facet normal -0.708742 0.540967 -0.452813
    outer loop
      vertex -15.1757 33.9237 84.3293
      vertex -14.9 34.0882 84.0943
      vertex -15.1848 33.9168 84.3353
    endloop
  endfacet
  facet normal -0.707112 0.110415 -0.698427
    outer loop
      vertex -14.9 33.0712 83.5071
      vertex -15.5 32.8121 84.0736
      vertex -15.5 32.9462 84.0948
    endloop
  endfacet
  facet normal 0.707739 -0.65965 0.252919
    outer loop
      vertex 14.901 30.9404 86.1384
      vertex 14.901 30.8692 85.9527
      vertex 15.5 31.4894 85.8941
    endloop
  endfacet
  facet normal -0.00485808 0.777292 -0.629121
    outer loop
      vertex 14.901 34.0882 84.0943
      vertex 14.9 34.1319 84.1483
      vertex 14.901 34.14 84.1583
    endloop
  endfacet
  facet normal 0 0.777345 -0.629074
    outer loop
      vertex -14.9 34.0882 84.0943
      vertex 14.9 34.1319 84.1483
      vertex 14.901 34.0882 84.0943
    endloop
  endfacet
  facet normal 0 0.777345 -0.629074
    outer loop
      vertex 14.9 34.1319 84.1483
      vertex -14.9 34.0882 84.0943
      vertex -14.9 34.1319 84.1483
    endloop
  endfacet
  facet normal -0.707104 -0.253455 -0.660125
    outer loop
      vertex -14.9 32.0891 83.5586
      vertex -15.5 32.1477 84.1788
      vertex -15.5 32.2748 84.13
    endloop
  endfacet
  facet normal -0.707137 0.110588 -0.698375
    outer loop
      vertex -14.9 32.8748 83.476
      vertex -15.5 32.8121 84.0736
      vertex -14.9 33.0712 83.5071
    endloop
  endfacet
  facet normal -0.707088 0.321014 -0.630061
    outer loop
      vertex -14.9 33.6262 83.7202
      vertex -15.5 33.2047 84.1788
      vertex -15.5 33.3258 84.2405
    endloop
  endfacet
  facet normal -0.70712 0.549843 -0.444584
    outer loop
      vertex -15.5 33.6417 84.4964
      vertex -15.1848 33.9168 84.3353
      vertex -14.9 34.0882 84.0943
    endloop
  endfacet
  facet normal -0.707072 0.549483 -0.445105
    outer loop
      vertex -15.1848 33.9168 84.3353
      vertex -15.5 33.6417 84.4964
      vertex -15.5 33.6788 84.5422
    endloop
  endfacet
  facet normal 0.707693 -0.444429 -0.54923
    outer loop
      vertex 15.5 31.9125 84.3146
      vertex 14.901 31.4048 83.9536
      vertex 14.901 31.5594 83.8285
    endloop
  endfacet
  facet normal -0.707103 0.253457 -0.660125
    outer loop
      vertex -14.9 33.2633 83.5586
      vertex -15.5 33.2047 84.1788
      vertex -14.9 33.449 83.6299
    endloop
  endfacet
  facet normal -0.707155 0.0368895 -0.706096
    outer loop
      vertex -14.9 32.6762 83.4656
      vertex -15.5 32.6762 84.0665
      vertex -15.5 32.8121 84.0736
    endloop
  endfacet
  facet normal -0.707155 -0.0368895 -0.706096
    outer loop
      vertex -14.9 32.6762 83.4656
      vertex -15.5 32.5403 84.0736
      vertex -15.5 32.6762 84.0665
    endloop
  endfacet
  facet normal 0.70771 0.182946 -0.682406
    outer loop
      vertex 15.5 32.9462 84.0948
      vertex 14.901 33.0712 83.5071
      vertex 14.901 33.2633 83.5586
    endloop
  endfacet
  facet normal 0.707674 -0.705573 0.0369484
    outer loop
      vertex 14.901 30.7866 85.5642
      vertex 14.901 30.7762 85.3656
      vertex 15.5 31.3841 85.5015
    endloop
  endfacet
  facet normal 0.707689 -0.384748 -0.592576
    outer loop
      vertex 15.5 31.9125 84.3146
      vertex 14.901 31.5594 83.8285
      vertex 14.901 31.7262 83.7202
    endloop
  endfacet
  facet normal 0.707727 0.110496 -0.697792
    outer loop
      vertex 15.5 32.8121 84.0736
      vertex 14.901 32.8748 83.476
      vertex 14.901 33.0712 83.5071
    endloop
  endfacet
  facet normal 0.707732 0.0369453 -0.705514
    outer loop
      vertex 15.5 32.8121 84.0736
      vertex 14.901 32.6762 83.4656
      vertex 14.901 32.8748 83.476
    endloop
  endfacet
  facet normal 0.706147 -0.593796 0.385697
    outer loop
      vertex 14.901 31.0307 86.3156
      vertex 14.9053 31.1337 86.4663
      vertex 14.901 31.1306 86.4694
    endloop
  endfacet
  facet normal 0.707636 -0.592586 0.384828
    outer loop
      vertex 14.9053 31.1337 86.4663
      vertex 14.901 31.0307 86.3156
      vertex 15.2734 31.4002 86.1998
    endloop
  endfacet
  facet normal 0.707678 -0.384816 -0.592544
    outer loop
      vertex 15.5 31.9125 84.3146
      vertex 14.901 31.7262 83.7202
      vertex 15.5 32.0266 84.2405
    endloop
  endfacet
  facet normal 0.707693 -0.253243 -0.659574
    outer loop
      vertex 15.5 32.1477 84.1788
      vertex 14.901 32.0891 83.5586
      vertex 15.5 32.2748 84.13
    endloop
  endfacet
  facet normal 0.707726 -0.499562 -0.499562
    outer loop
      vertex 15.5 31.7106 84.4964
      vertex 14.901 31.4048 83.9536
      vertex 15.5 31.8069 84.4001
    endloop
  endfacet
  facet normal 0.707691 -0.499764 -0.499409
    outer loop
      vertex 14.901 31.4048 83.9536
      vertex 15.5 31.7106 84.4964
      vertex 14.901 31.2642 84.0943
    endloop
  endfacet
  facet normal 0.70773 -0.629488 0.320722
    outer loop
      vertex 15.5 31.5511 86.0152
      vertex 14.901 31.0307 86.3156
      vertex 15.5 31.4894 85.8941
    endloop
  endfacet
  facet normal 0.707693 0.253243 -0.659574
    outer loop
      vertex 15.5 33.0776 84.13
      vertex 14.901 33.2633 83.5586
      vertex 15.5 33.2047 84.1788
    endloop
  endfacet
  facet normal 0.707726 0.499562 -0.499562
    outer loop
      vertex 15.5 33.6417 84.4964
      vertex 14.901 33.9475 83.9536
      vertex 14.901 34.0882 84.0943
    endloop
  endfacet
  facet normal 0.707726 0.499562 -0.499562
    outer loop
      vertex 14.901 33.9475 83.9536
      vertex 15.5 33.6417 84.4964
      vertex 15.5 33.5454 84.4001
    endloop
  endfacet
  facet normal 0.707678 0.320746 -0.629535
    outer loop
      vertex 15.5 33.2047 84.1788
      vertex 14.901 33.6262 83.7202
      vertex 15.5 33.3258 84.2405
    endloop
  endfacet
  facet normal 0.707678 -0.320746 -0.629535
    outer loop
      vertex 15.5 32.0266 84.2405
      vertex 14.901 31.7262 83.7202
      vertex 15.5 32.1477 84.1788
    endloop
  endfacet
  facet normal 0.707744 0.0368587 -0.705506
    outer loop
      vertex 15.5 32.6762 84.0665
      vertex 14.901 32.6762 83.4656
      vertex 15.5 32.8121 84.0736
    endloop
  endfacet
  facet normal 0.707694 -0.182949 -0.682421
    outer loop
      vertex 15.5 32.2748 84.13
      vertex 14.901 32.0891 83.5586
      vertex 15.5 32.4061 84.0948
    endloop
  endfacet
  facet normal 0.707685 -0.320791 -0.629503
    outer loop
      vertex 15.5 32.1477 84.1788
      vertex 14.901 31.7262 83.7202
      vertex 14.901 31.9034 83.6299
    endloop
  endfacet
  facet normal 0.707693 -0.253245 -0.659574
    outer loop
      vertex 15.5 32.1477 84.1788
      vertex 14.901 31.9034 83.6299
      vertex 14.901 32.0891 83.5586
    endloop
  endfacet
  facet normal 0.707722 -0.444568 -0.549081
    outer loop
      vertex 15.5 31.8069 84.4001
      vertex 14.901 31.4048 83.9536
      vertex 15.5 31.9125 84.3146
    endloop
  endfacet
  facet normal 0.707695 -0.682421 0.18295
    outer loop
      vertex 14.901 30.8692 85.9527
      vertex 14.901 30.8177 85.7606
      vertex 15.5 31.4054 85.6357
    endloop
  endfacet
  facet normal 0.707732 -0.592582 -0.384659
    outer loop
      vertex 15.5 31.5511 84.716
      vertex 14.901 31.0307 84.4156
      vertex 15.5 31.6251 84.602
    endloop
  endfacet
  facet normal 0.707437 -0.594242 0.382634
    outer loop
      vertex 15.2734 31.4002 86.1998
      vertex 15.5 31.5511 86.0152
      vertex 15.5 31.5643 86.0357
    endloop
  endfacet
  facet normal 0.707749 -0.592932 0.384087
    outer loop
      vertex 15.5 31.5511 86.0152
      vertex 15.2734 31.4002 86.1998
      vertex 14.901 31.0307 86.3156
    endloop
  endfacet
  facet normal 0.707723 0.384568 -0.592651
    outer loop
      vertex 15.2734 33.5103 84.0897
      vertex 14.901 33.6262 83.7202
      vertex 14.901 33.78 83.82
    endloop
  endfacet
  facet normal 0.706882 0.441867 -0.552333
    outer loop
      vertex 14.9431 33.9119 83.979
      vertex 14.901 33.94 83.9476
      vertex 14.901 33.9475 83.9536
    endloop
  endfacet
  facet normal 0.707693 0.253245 -0.659574
    outer loop
      vertex 15.5 33.2047 84.1788
      vertex 14.901 33.2633 83.5586
      vertex 14.901 33.449 83.6299
    endloop
  endfacet
  facet normal 0.707685 0.320791 -0.629503
    outer loop
      vertex 15.5 33.2047 84.1788
      vertex 14.901 33.449 83.6299
      vertex 14.901 33.6262 83.7202
    endloop
  endfacet
  facet normal 0.707702 0.110323 -0.697844
    outer loop
      vertex 15.5 32.8121 84.0736
      vertex 14.901 33.0712 83.5071
      vertex 15.5 32.9462 84.0948
    endloop
  endfacet
  facet normal 0.707744 -0.0368587 -0.705506
    outer loop
      vertex 15.5 32.5403 84.0736
      vertex 14.901 32.6762 83.4656
      vertex 15.5 32.6762 84.0665
    endloop
  endfacet
  facet normal 0.707704 -0.697775 0.11075
    outer loop
      vertex 15.5 31.4054 85.6357
      vertex 14.901 30.8177 85.7606
      vertex 15.5 31.3841 85.5015
    endloop
  endfacet
  facet normal 0.707669 -0.697849 0.110505
    outer loop
      vertex 14.901 30.8177 85.7606
      vertex 14.901 30.7866 85.5642
      vertex 15.5 31.3841 85.5015
    endloop
  endfacet
  facet normal 0.707693 -0.659574 0.253243
    outer loop
      vertex 15.5 31.4894 85.8941
      vertex 14.901 30.8692 85.9527
      vertex 15.5 31.4406 85.767
    endloop
  endfacet
  facet normal 0.707686 -0.705565 -0.0368618
    outer loop
      vertex 15.5 31.377 85.3656
      vertex 14.901 30.7762 85.3656
      vertex 15.5 31.3841 85.2297
    endloop
  endfacet
  facet normal 0.707674 -0.705573 -0.0369484
    outer loop
      vertex 15.5 31.3841 85.2297
      vertex 14.901 30.7762 85.3656
      vertex 14.901 30.7866 85.167
    endloop
  endfacet
  facet normal 0.707669 -0.697849 -0.110505
    outer loop
      vertex 15.5 31.3841 85.2297
      vertex 14.901 30.7866 85.167
      vertex 14.901 30.8177 84.9706
    endloop
  endfacet
  facet normal 0.707715 -0.697751 -0.110828
    outer loop
      vertex 15.5 31.3841 85.2297
      vertex 14.901 30.8177 84.9706
      vertex 15.5 31.4054 85.0956
    endloop
  endfacet
  facet normal 0.707693 -0.659574 -0.253243
    outer loop
      vertex 15.5 31.4406 84.9642
      vertex 14.901 30.8692 84.7785
      vertex 15.5 31.4894 84.8371
    endloop
  endfacet
  facet normal 0.707686 -0.705565 0.0368618
    outer loop
      vertex 15.5 31.3841 85.5015
      vertex 14.901 30.7762 85.3656
      vertex 15.5 31.377 85.3656
    endloop
  endfacet
  facet normal 0.707739 -0.65965 -0.252919
    outer loop
      vertex 15.5 31.4894 84.8371
      vertex 14.901 30.8692 84.7785
      vertex 14.901 30.9404 84.5928
    endloop
  endfacet
  facet normal 0.707738 -0.629457 -0.320767
    outer loop
      vertex 15.5 31.4894 84.8371
      vertex 14.901 30.9404 84.5928
      vertex 14.901 31.0307 84.4156
    endloop
  endfacet
  facet normal 0.70773 -0.629488 -0.320722
    outer loop
      vertex 15.5 31.4894 84.8371
      vertex 14.901 31.0307 84.4156
      vertex 15.5 31.5511 84.716
    endloop
  endfacet
  facet normal 0.707691 -0.682459 -0.18282
    outer loop
      vertex 15.5 31.4054 85.0956
      vertex 14.901 30.8692 84.7785
      vertex 15.5 31.4406 84.9642
    endloop
  endfacet
  facet normal -0.707113 0 -0.707101
    outer loop
      vertex -14.9 3.79999 -4
      vertex -15.5 0.600006 -3.39999
      vertex -15.5 3.19998 -3.39999
    endloop
  endfacet
  facet normal -0.707113 0 -0.707101
    outer loop
      vertex -15.5 0.600006 -3.39999
      vertex -14.9 3.79999 -4
      vertex -14.9 0 -4
    endloop
  endfacet
  facet normal 0.73532 0.0587579 0.675168
    outer loop
      vertex 15.4002 3.29985 97.8
      vertex 15.5 3.19998 97.7
      vertex 15.3943 3.30589 97.8059
    endloop
  endfacet
  facet normal 0.707814 0 0.706399
    outer loop
      vertex 15.4002 3.29985 97.8
      vertex 15.5 0.600006 97.7
      vertex 15.5 3.19998 97.7
    endloop
  endfacet
  facet normal 0.707814 -0 0.706399
    outer loop
      vertex 15.4002 0.500156 97.8
      vertex 15.5 0.600006 97.7
      vertex 15.4002 3.29985 97.8
    endloop
  endfacet
  facet normal 0.707676 -0 0.706537
    outer loop
      vertex 14.901 0 98.3
      vertex 15.0872 0.195405 98.1135
      vertex 14.901 0.0141101 98.3
    endloop
  endfacet
  facet normal 0.777707 -0.171679 0.60473
    outer loop
      vertex 15.4002 0.500156 97.8
      vertex 14.901 0 98.3
      vertex 15.5 0.600006 97.7
    endloop
  endfacet
  facet normal 0.707609 0.000127975 0.706605
    outer loop
      vertex 15.0872 0.195405 98.1135
      vertex 14.901 0 98.3
      vertex 15.4002 0.500156 97.8
    endloop
  endfacet
  facet normal 0 0 -1
    outer loop
      vertex -14.9 0 -4
      vertex 14.901 3.79999 -4
      vertex 14.901 0 -4
    endloop
  endfacet
  facet normal -0 0 -1
    outer loop
      vertex 14.901 3.79999 -4
      vertex -14.9 0 -4
      vertex -14.9 3.79999 -4
    endloop
  endfacet
  facet normal -0.707107 0 0.707107
    outer loop
      vertex -15.5 0.600006 97.7
      vertex -15.4 3.3 97.8
      vertex -15.5 3.19998 97.7
    endloop
  endfacet
  facet normal -0.707107 0 0.707107
    outer loop
      vertex -15.4 3.3 97.8
      vertex -15.5 0.600006 97.7
      vertex -15.4 0.499989 97.8
    endloop
  endfacet
  facet normal 0 0 0
    outer loop
      vertex -14.9 0.0131044 98.3
      vertex -14.9 0.0131042 98.3
      vertex -14.9 0 98.3
    endloop
  endfacet
  facet normal -0.707107 0 0.707107
    outer loop
      vertex -15.3999 0.499885 97.8001
      vertex -14.9 0 98.3
      vertex -14.9 0.0131042 98.3
    endloop
  endfacet
  facet normal 0.70767 0.706543 -0.000275298
    outer loop
      vertex 15.5 3.19998 97.7
      vertex 14.901 3.79999 97.838
      vertex 15.3943 3.30589 97.8059
    endloop
  endfacet
  facet normal 0.707702 0.706511 -0
    outer loop
      vertex 15.5 3.19998 -3.39999
      vertex 14.901 3.79999 97.838
      vertex 15.5 3.19998 97.7
    endloop
  endfacet
  facet normal 0.707702 0.706511 0
    outer loop
      vertex 14.901 3.79999 97.838
      vertex 15.5 3.19998 -3.39999
      vertex 14.901 3.79999 -4
    endloop
  endfacet
  facet normal 1 -0 0
    outer loop
      vertex 15.5 0.600006 97.7
      vertex 15.5 3.19998 -3.39999
      vertex 15.5 3.19998 97.7
    endloop
  endfacet
  facet normal 1 0 0
    outer loop
      vertex 15.5 3.19998 -3.39999
      vertex 15.5 0.600006 97.7
      vertex 15.5 0.600006 -3.39999
    endloop
  endfacet
  facet normal 0 1 -0
    outer loop
      vertex 14.901 3.79999 -4
      vertex 14.9 3.79999 97.8
      vertex 14.901 3.79999 97.838
    endloop
  endfacet
  facet normal 0 1 0
    outer loop
      vertex 14.901 3.79999 -4
      vertex -14.9 3.79999 97.8
      vertex 14.9 3.79999 97.8
    endloop
  endfacet
  facet normal 0 1 0
    outer loop
      vertex -14.9 3.79999 97.8
      vertex 14.901 3.79999 -4
      vertex -14.9 3.79999 -4
    endloop
  endfacet
  facet normal -1 0 0
    outer loop
      vertex -15.5 0.600006 -3.39999
      vertex -15.5 3.19998 97.7
      vertex -15.5 3.19998 -3.39999
    endloop
  endfacet
  facet normal -1 -0 0
    outer loop
      vertex -15.5 3.19998 97.7
      vertex -15.5 0.600006 -3.39999
      vertex -15.5 0.600006 97.7
    endloop
  endfacet
  facet normal -0.707067 -0.707147 0
    outer loop
      vertex -15.1571 0.257145 97.8
      vertex -15.5 0.600006 97.7
      vertex -15.5 0.600006 -3.39999
    endloop
  endfacet
  facet normal -0.707025 -0.707188 -0.000283263
    outer loop
      vertex -15.5 0.600006 97.7
      vertex -15.1571 0.257145 97.8
      vertex -15.4 0.499989 97.8
    endloop
  endfacet
  facet normal -0.70711 -0.707103 2.95458e-07
    outer loop
      vertex -15.1571 0.257145 97.8
      vertex -15.5 0.600006 -3.39999
      vertex -14.9 0 -4
    endloop
  endfacet
  facet normal -0.707019 -0.707194 -0.000153476
    outer loop
      vertex -15.1571 0.257145 97.8
      vertex -14.9 0 98.3
      vertex -15.3999 0.499885 97.8001
    endloop
  endfacet
  facet normal -0.707169 -0.707045 -0
    outer loop
      vertex -14.9 0 98.3
      vertex -15.1571 0.257145 97.8
      vertex -14.9 0 -4
    endloop
  endfacet
  facet normal -0.707113 0.707101 0
    outer loop
      vertex -15.5 3.19998 -3.39999
      vertex -14.9 3.79999 97.8
      vertex -14.9 3.79999 -4
    endloop
  endfacet
  facet normal -0.707113 0.707101 0
    outer loop
      vertex -15.5 3.19998 97.7
      vertex -14.9 3.79999 97.8
      vertex -15.5 3.19998 -3.39999
    endloop
  endfacet
  facet normal -0.7071 0.707114 -0.000155565
    outer loop
      vertex -14.9 3.79999 97.8
      vertex -15.5 3.19998 97.7
      vertex -15.4 3.3 97.8
    endloop
  endfacet
  facet normal -0 0 1
    outer loop
      vertex 14.9 0.0131044 98.3
      vertex 14.901 0 98.3
      vertex 14.901 0.0141101 98.3
    endloop
  endfacet
  facet normal 0 0 1
    outer loop
      vertex -14.9 0 98.3
      vertex 14.9 0.0131044 98.3
      vertex -14.9 0.0131044 98.3
    endloop
  endfacet
  facet normal 0 0 1
    outer loop
      vertex 14.9 0.0131044 98.3
      vertex -14.9 0 98.3
      vertex 14.901 0 98.3
    endloop
  endfacet
  facet normal 0 -1 0
    outer loop
      vertex -14.9 0 98.3
      vertex -13.0172 0 48
      vertex 14.901 0 98.3
    endloop
  endfacet
  facet normal 0 -1 0
    outer loop
      vertex -14.9 0 -4
      vertex -13.0172 0 48
      vertex -14.9 0 98.3
    endloop
  endfacet
  facet normal 0 -1 -0
    outer loop
      vertex -13.0172 0 0
      vertex -14.9 0 -4
      vertex 13.0172 0 0
    endloop
  endfacet
  facet normal 0 -1 -0
    outer loop
      vertex -13.0172 0 48
      vertex -14.9 0 -4
      vertex -13.0172 0 0
    endloop
  endfacet
  facet normal 0 -1 0
    outer loop
      vertex 13.0172 0 48
      vertex 14.901 0 98.3
      vertex -13.0172 0 48
    endloop
  endfacet
  facet normal 0 -1 0
    outer loop
      vertex 14.901 0 -4
      vertex 13.0172 0 48
      vertex 13.0172 0 0
    endloop
  endfacet
  facet normal 0 -1 0
    outer loop
      vertex 13.0172 0 48
      vertex 14.901 0 -4
      vertex 14.901 0 98.3
    endloop
  endfacet
  facet normal 0 -1 0
    outer loop
      vertex 14.901 0 -4
      vertex 13.0172 0 0
      vertex -14.9 0 -4
    endloop
  endfacet
  facet normal 0.7077 -0.706513 0
    outer loop
      vertex 14.901 0 98.3
      vertex 15.5 0.600006 -3.39999
      vertex 15.5 0.600006 97.7
    endloop
  endfacet
  facet normal 0.7077 -0.706513 0
    outer loop
      vertex 15.5 0.600006 -3.39999
      vertex 14.901 0 98.3
      vertex 14.901 0 -4
    endloop
  endfacet
  facet normal 0.707702 0 -0.706511
    outer loop
      vertex 15.5 0.600006 -3.39999
      vertex 14.901 3.79999 -4
      vertex 15.5 3.19998 -3.39999
    endloop
  endfacet
  facet normal 0.707702 0 -0.706511
    outer loop
      vertex 14.901 3.79999 -4
      vertex 15.5 0.600006 -3.39999
      vertex 14.901 0 -4
    endloop
  endfacet
  facet normal 0 0 -1
    outer loop
      vertex 15.5 -4 0
      vertex 13.0172 0 0
      vertex 15.5 -2.48283 0
    endloop
  endfacet
  facet normal 0 0 -1
    outer loop
      vertex 15.5 -4 0
      vertex -13.0172 0 0
      vertex 13.0172 0 0
    endloop
  endfacet
  facet normal 0 0 -1
    outer loop
      vertex -15.5 -4 0
      vertex -13.0172 0 0
      vertex 15.5 -4 0
    endloop
  endfacet
  facet normal 0 0 -1
    outer loop
      vertex -13.0172 0 0
      vertex -15.5 -4 0
      vertex -15.5 -2.48283 0
    endloop
  endfacet
  facet normal 0.707111 0.707103 0
    outer loop
      vertex 13.0172 0 0
      vertex 15.5 -2.48283 45.5172
      vertex 15.5 -2.48283 0
    endloop
  endfacet
  facet normal 0.707111 0.707103 0
    outer loop
      vertex 15.5 -2.48283 45.5172
      vertex 13.0172 0 0
      vertex 13.0172 0 48
    endloop
  endfacet
  facet normal -0.707111 0.707103 0
    outer loop
      vertex -13.0172 0 0
      vertex -15.5 -2.48283 45.5172
      vertex -13.0172 0 48
    endloop
  endfacet
  facet normal -0.707111 0.707103 0
    outer loop
      vertex -15.5 -2.48283 45.5172
      vertex -13.0172 0 0
      vertex -15.5 -2.48283 0
    endloop
  endfacet
  facet normal -1 0 0
    outer loop
      vertex -15.5 -4 44
      vertex -15.5 -2.48283 0
      vertex -15.5 -4 0
    endloop
  endfacet
  facet normal -1 0 0
    outer loop
      vertex -15.5 -2.48283 0
      vertex -15.5 -4 44
      vertex -15.5 -2.48283 45.5172
    endloop
  endfacet
  facet normal 0 -1 0
    outer loop
      vertex -15.5 -4 44
      vertex 0 -4 18.65
      vertex 15.5 -4 44
    endloop
  endfacet
  facet normal 0 -1 0
    outer loop
      vertex -15.5 -4 44
      vertex -0.198884 -4 18.638
      vertex 0 -4 18.65
    endloop
  endfacet
  facet normal 0 -1 0
    outer loop
      vertex -15.5 -4 44
      vertex -0.394869 -4 18.602
      vertex -0.198884 -4 18.638
    endloop
  endfacet
  facet normal 0 -1 0
    outer loop
      vertex -15.5 -4 44
      vertex -0.585095 -4 18.5428
      vertex -0.394869 -4 18.602
    endloop
  endfacet
  facet normal 0 -1 0
    outer loop
      vertex -15.5 -4 44
      vertex -0.76679 -4 18.461
      vertex -0.585095 -4 18.5428
    endloop
  endfacet
  facet normal 0 -1 0
    outer loop
      vertex -15.5 -4 44
      vertex -0.937303 -4 18.3579
      vertex -0.76679 -4 18.461
    endloop
  endfacet
  facet normal 0 -1 0
    outer loop
      vertex -15.5 -4 44
      vertex -1.09415 -4 18.235
      vertex -0.937303 -4 18.3579
    endloop
  endfacet
  facet normal 0 -1 0
    outer loop
      vertex -15.5 -4 44
      vertex -1.23504 -4 18.0941
      vertex -1.09415 -4 18.235
    endloop
  endfacet
  facet normal 0 -1 0
    outer loop
      vertex -15.5 -4 44
      vertex -1.35792 -4 17.9373
      vertex -1.23504 -4 18.0941
    endloop
  endfacet
  facet normal 0 -1 0
    outer loop
      vertex -15.5 -4 44
      vertex -1.461 -4 17.7668
      vertex -1.35792 -4 17.9373
    endloop
  endfacet
  facet normal 0 -1 0
    outer loop
      vertex -15.5 -4 44
      vertex -1.54277 -4 17.5851
      vertex -1.461 -4 17.7668
    endloop
  endfacet
  facet normal 0 -1 0
    outer loop
      vertex -15.5 -4 44
      vertex -1.60205 -4 17.3949
      vertex -1.54277 -4 17.5851
    endloop
  endfacet
  facet normal 0 -1 0
    outer loop
      vertex -15.5 -4 0
      vertex -1.60205 -4 17.3949
      vertex -15.5 -4 44
    endloop
  endfacet
  facet normal 0 -1 0
    outer loop
      vertex -1.60205 -4 17.3949
      vertex -15.5 -4 0
      vertex -1.63796 -4 17.1989
    endloop
  endfacet
  facet normal 0 -1 0
    outer loop
      vertex -1.63796 -4 17.1989
      vertex -15.5 -4 0
      vertex -1.64999 -4 17
    endloop
  endfacet
  facet normal 0 -1 -0
    outer loop
      vertex -1.64999 -4 17
      vertex -15.5 -4 0
      vertex -1.63796 -4 16.8011
    endloop
  endfacet
  facet normal 0 -1 -0
    outer loop
      vertex -1.63796 -4 16.8011
      vertex -15.5 -4 0
      vertex -1.60205 -4 16.6051
    endloop
  endfacet
  facet normal 0 -1 -0
    outer loop
      vertex -1.60205 -4 16.6051
      vertex -15.5 -4 0
      vertex -1.54277 -4 16.4149
    endloop
  endfacet
  facet normal 0 -1 -0
    outer loop
      vertex -0.198884 -4 15.362
      vertex -15.5 -4 0
      vertex 0 -4 15.35
    endloop
  endfacet
  facet normal 0 -1 -0
    outer loop
      vertex -0.394869 -4 15.398
      vertex -15.5 -4 0
      vertex -0.198884 -4 15.362
    endloop
  endfacet
  facet normal 0 -1 -0
    outer loop
      vertex -0.585095 -4 15.4572
      vertex -15.5 -4 0
      vertex -0.394869 -4 15.398
    endloop
  endfacet
  facet normal 0 -1 -0
    outer loop
      vertex -0.76679 -4 15.539
      vertex -15.5 -4 0
      vertex -0.585095 -4 15.4572
    endloop
  endfacet
  facet normal 0 -1 -0
    outer loop
      vertex -0.937303 -4 15.6421
      vertex -15.5 -4 0
      vertex -0.76679 -4 15.539
    endloop
  endfacet
  facet normal 0 -1 -0
    outer loop
      vertex -1.09415 -4 15.765
      vertex -15.5 -4 0
      vertex -0.937303 -4 15.6421
    endloop
  endfacet
  facet normal 0 -1 -0
    outer loop
      vertex -1.23504 -4 15.9059
      vertex -15.5 -4 0
      vertex -1.09415 -4 15.765
    endloop
  endfacet
  facet normal 0 -1 -0
    outer loop
      vertex -1.35792 -4 16.0627
      vertex -15.5 -4 0
      vertex -1.23504 -4 15.9059
    endloop
  endfacet
  facet normal 0 -1 -0
    outer loop
      vertex -1.461 -4 16.2332
      vertex -15.5 -4 0
      vertex -1.35792 -4 16.0627
    endloop
  endfacet
  facet normal 0 -1 -0
    outer loop
      vertex -1.54277 -4 16.4149
      vertex -15.5 -4 0
      vertex -1.461 -4 16.2332
    endloop
  endfacet
  facet normal 0 -1 0
    outer loop
      vertex 0.198884 -4 18.638
      vertex 15.5 -4 44
      vertex 0 -4 18.65
    endloop
  endfacet
  facet normal 0 -1 0
    outer loop
      vertex 0.394869 -4 18.602
      vertex 15.5 -4 44
      vertex 0.198884 -4 18.638
    endloop
  endfacet
  facet normal 0 -1 0
    outer loop
      vertex 0.585095 -4 18.5428
      vertex 15.5 -4 44
      vertex 0.394869 -4 18.602
    endloop
  endfacet
  facet normal 0 -1 0
    outer loop
      vertex 0.76679 -4 18.461
      vertex 15.5 -4 44
      vertex 0.585095 -4 18.5428
    endloop
  endfacet
  facet normal 0 -1 0
    outer loop
      vertex 0.937303 -4 18.3579
      vertex 15.5 -4 44
      vertex 0.76679 -4 18.461
    endloop
  endfacet
  facet normal 0 -1 0
    outer loop
      vertex 1.09415 -4 18.235
      vertex 15.5 -4 44
      vertex 0.937303 -4 18.3579
    endloop
  endfacet
  facet normal 0 -1 0
    outer loop
      vertex 1.23504 -4 18.0941
      vertex 15.5 -4 44
      vertex 1.09415 -4 18.235
    endloop
  endfacet
  facet normal 0 -1 0
    outer loop
      vertex 1.35792 -4 17.9373
      vertex 15.5 -4 44
      vertex 1.23504 -4 18.0941
    endloop
  endfacet
  facet normal 0 -1 0
    outer loop
      vertex 1.461 -4 17.7668
      vertex 15.5 -4 44
      vertex 1.35792 -4 17.9373
    endloop
  endfacet
  facet normal 0 -1 0
    outer loop
      vertex 1.54277 -4 17.5851
      vertex 15.5 -4 44
      vertex 1.461 -4 17.7668
    endloop
  endfacet
  facet normal 0 -1 0
    outer loop
      vertex 1.60205 -4 17.3949
      vertex 15.5 -4 44
      vertex 1.54277 -4 17.5851
    endloop
  endfacet
  facet normal 0 -1 0
    outer loop
      vertex 15.5 -4 0
      vertex 1.60205 -4 17.3949
      vertex 1.63796 -4 17.1989
    endloop
  endfacet
  facet normal 0 -1 0
    outer loop
      vertex 15.5 -4 0
      vertex 1.63796 -4 17.1989
      vertex 1.64999 -4 17
    endloop
  endfacet
  facet normal 0 -1 0
    outer loop
      vertex 15.5 -4 0
      vertex 1.64999 -4 17
      vertex 1.63796 -4 16.8011
    endloop
  endfacet
  facet normal 0 -1 0
    outer loop
      vertex 15.5 -4 0
      vertex 1.63796 -4 16.8011
      vertex 1.60205 -4 16.6051
    endloop
  endfacet
  facet normal 0 -1 0
    outer loop
      vertex 15.5 -4 0
      vertex 1.60205 -4 16.6051
      vertex 1.54277 -4 16.4149
    endloop
  endfacet
  facet normal 0 -1 0
    outer loop
      vertex 15.5 -4 0
      vertex 1.54277 -4 16.4149
      vertex 1.461 -4 16.2332
    endloop
  endfacet
  facet normal 0 -1 0
    outer loop
      vertex 15.5 -4 0
      vertex 0 -4 15.35
      vertex -15.5 -4 0
    endloop
  endfacet
  facet normal 0 -1 0
    outer loop
      vertex 0 -4 15.35
      vertex 15.5 -4 0
      vertex 0.198884 -4 15.362
    endloop
  endfacet
  facet normal 0 -1 0
    outer loop
      vertex 0.198884 -4 15.362
      vertex 15.5 -4 0
      vertex 0.394869 -4 15.398
    endloop
  endfacet
  facet normal 0 -1 0
    outer loop
      vertex 0.394869 -4 15.398
      vertex 15.5 -4 0
      vertex 0.585095 -4 15.4572
    endloop
  endfacet
  facet normal 0 -1 0
    outer loop
      vertex 0.585095 -4 15.4572
      vertex 15.5 -4 0
      vertex 0.76679 -4 15.539
    endloop
  endfacet
  facet normal 0 -1 0
    outer loop
      vertex 0.76679 -4 15.539
      vertex 15.5 -4 0
      vertex 0.937303 -4 15.6421
    endloop
  endfacet
  facet normal 0 -1 0
    outer loop
      vertex 1.60205 -4 17.3949
      vertex 15.5 -4 0
      vertex 15.5 -4 44
    endloop
  endfacet
  facet normal 0 -1 0
    outer loop
      vertex 1.35792 -4 16.0627
      vertex 15.5 -4 0
      vertex 1.461 -4 16.2332
    endloop
  endfacet
  facet normal 0 -1 0
    outer loop
      vertex 1.23504 -4 15.9059
      vertex 15.5 -4 0
      vertex 1.35792 -4 16.0627
    endloop
  endfacet
  facet normal 0 -1 0
    outer loop
      vertex 1.09415 -4 15.765
      vertex 15.5 -4 0
      vertex 1.23504 -4 15.9059
    endloop
  endfacet
  facet normal 0 -1 0
    outer loop
      vertex 0.937303 -4 15.6421
      vertex 15.5 -4 0
      vertex 1.09415 -4 15.765
    endloop
  endfacet
  facet normal 1 -0 0
    outer loop
      vertex 15.5 -4 44
      vertex 15.5 -2.48283 0
      vertex 15.5 -2.48283 45.5172
    endloop
  endfacet
  facet normal 1 0 0
    outer loop
      vertex 15.5 -2.48283 0
      vertex 15.5 -4 44
      vertex 15.5 -4 0
    endloop
  endfacet
  facet normal 2.25261e-05 -0.707114 0.7071
    outer loop
      vertex -15.5 -4 44
      vertex -13.0172 0 48
      vertex -15.5 -2.48283 45.5172
    endloop
  endfacet
  facet normal 0 -0.707107 0.707107
    outer loop
      vertex -13.0172 0 48
      vertex -15.5 -4 44
      vertex 13.0172 0 48
    endloop
  endfacet
  facet normal 0 -0.707107 0.707107
    outer loop
      vertex 15.5 -4 44
      vertex 13.0172 0 48
      vertex -15.5 -4 44
    endloop
  endfacet
  facet normal -2.25261e-05 -0.707114 0.7071
    outer loop
      vertex 13.0172 0 48
      vertex 15.5 -4 44
      vertex 15.5 -2.48283 45.5172
    endloop
  endfacet
  facet normal 0.0700944 -0.921382 0.382285
    outer loop
      vertex 0.198884 -4 18.638
      vertex 0.0271196 -4.59999 17.2234
      vertex 0.0538435 -4.59999 17.2185
    endloop
  endfacet
  facet normal -0.371049 -0.921384 0.115646
    outer loop
      vertex -1.54277 -4 17.5851
      vertex -1.60205 -4 17.3949
      vertex -0.21037 -4.59999 17.0798
    endloop
  endfacet
  facet normal -0.332592 -0.921385 0.201077
    outer loop
      vertex -1.35792 -4 17.9373
      vertex -1.461 -4 17.7668
      vertex -0.185163 -4.59999 17.1278
    endloop
  endfacet
  facet normal -0.387945 -0.921384 -0.0234639
    outer loop
      vertex -0.224991 -4.59999 17
      vertex -1.64999 -4 17
      vertex -1.63796 -4 16.8011
    endloop
  endfacet
  facet normal 0.0228882 -0.921396 -0.38795
    outer loop
      vertex 0.0271196 -4.59999 16.7766
      vertex 0 -4.59999 16.775
      vertex 0 -4 15.35
    endloop
  endfacet
  facet normal -0.159551 -0.921383 0.354396
    outer loop
      vertex -0.585095 -4 18.5428
      vertex -0.76679 -4 18.461
      vertex -0.0797825 -4.59999 17.2104
    endloop
  endfacet
  facet normal 0.115858 -0.92137 -0.371017
    outer loop
      vertex 0.0797825 -4.59999 16.7896
      vertex 0.0538435 -4.59999 16.7815
      vertex 0.394869 -4 15.398
    endloop
  endfacet
  facet normal 0.239719 -0.921379 -0.305933
    outer loop
      vertex 1.09415 -4 15.765
      vertex 0.127809 -4.59999 16.8148
      vertex 0.937303 -4 15.6421
    endloop
  endfacet
  facet normal -0.354478 -0.92138 0.159386
    outer loop
      vertex -0.199219 -4.59999 17.1046
      vertex -1.461 -4 17.7668
      vertex -0.21037 -4.59999 17.0798
    endloop
  endfacet
  facet normal 0.0234078 -0.921382 -0.387954
    outer loop
      vertex 0.0271196 -4.59999 16.7766
      vertex 0 -4 15.35
      vertex 0.198884 -4 15.362
    endloop
  endfacet
  facet normal 0.0702184 -0.921379 -0.382271
    outer loop
      vertex 0.394869 -4 15.398
      vertex 0.0538435 -4.59999 16.7815
      vertex 0.198884 -4 15.362
    endloop
  endfacet
  facet normal -0.354418 -0.921384 0.159498
    outer loop
      vertex -1.461 -4 17.7668
      vertex -1.54277 -4 17.5851
      vertex -0.21037 -4.59999 17.0798
    endloop
  endfacet
  facet normal 0.387945 -0.921384 -0.0234639
    outer loop
      vertex 1.64999 -4 17
      vertex 0.224991 -4.59999 17
      vertex 1.63796 -4 16.8011
    endloop
  endfacet
  facet normal -0.2011 -0.92138 0.332591
    outer loop
      vertex -0.76679 -4 18.461
      vertex -0.937303 -4 18.3579
      vertex -0.127809 -4.59999 17.1852
    endloop
  endfacet
  facet normal -0.382277 -0.921383 0.0701271
    outer loop
      vertex -0.218452 -4.59999 17.0538
      vertex -1.63796 -4 17.1989
      vertex -0.22335 -4.59999 17.0271
    endloop
  endfacet
  facet normal 0.159551 -0.921383 0.354396
    outer loop
      vertex 0.585095 -4 18.5428
      vertex 0.0797825 -4.59999 17.2104
      vertex 0.76679 -4 18.461
    endloop
  endfacet
  facet normal 0.0702184 -0.921379 0.382271
    outer loop
      vertex 0.198884 -4 18.638
      vertex 0.0538435 -4.59999 17.2185
      vertex 0.394869 -4 18.602
    endloop
  endfacet
  facet normal -0.371117 -0.921392 0.11536
    outer loop
      vertex -0.21037 -4.59999 17.0798
      vertex -1.60205 -4 17.3949
      vertex -0.218452 -4.59999 17.0538
    endloop
  endfacet
  facet normal -0.2011 -0.92138 -0.332591
    outer loop
      vertex -0.127809 -4.59999 16.8148
      vertex -0.937303 -4 15.6421
      vertex -0.76679 -4 15.539
    endloop
  endfacet
  facet normal -0.382287 -0.921385 -0.0700404
    outer loop
      vertex -0.218452 -4.59999 16.9462
      vertex -1.63796 -4 16.8011
      vertex -1.60205 -4 16.6051
    endloop
  endfacet
  facet normal 0.382277 -0.921383 -0.0701271
    outer loop
      vertex 0.22335 -4.59999 16.9729
      vertex 0.218452 -4.59999 16.9462
      vertex 1.63796 -4 16.8011
    endloop
  endfacet
  facet normal 0.332592 -0.921385 -0.201077
    outer loop
      vertex 1.461 -4 16.2332
      vertex 0.185163 -4.59999 16.8722
      vertex 1.35792 -4 16.0627
    endloop
  endfacet
  facet normal -0.159551 -0.921383 -0.354396
    outer loop
      vertex -0.0797825 -4.59999 16.7896
      vertex -0.76679 -4 15.539
      vertex -0.585095 -4 15.4572
    endloop
  endfacet
  facet normal -0.382287 -0.921385 0.0700404
    outer loop
      vertex -1.60205 -4 17.3949
      vertex -1.63796 -4 17.1989
      vertex -0.218452 -4.59999 17.0538
    endloop
  endfacet
  facet normal -0.306019 -0.921379 0.23961
    outer loop
      vertex -0.168407 -4.59999 17.1492
      vertex -1.23504 -4 18.0941
      vertex -0.185163 -4.59999 17.1278
    endloop
  endfacet
  facet normal 0.0700944 -0.921382 -0.382285
    outer loop
      vertex 0.0538435 -4.59999 16.7815
      vertex 0.0271196 -4.59999 16.7766
      vertex 0.198884 -4 15.362
    endloop
  endfacet
  facet normal -0.115858 -0.92137 0.371017
    outer loop
      vertex -0.0538435 -4.59999 17.2185
      vertex -0.394869 -4 18.602
      vertex -0.0797825 -4.59999 17.2104
    endloop
  endfacet
  facet normal 0.0228919 -0.92137 0.388011
    outer loop
      vertex 0.198884 -4 18.638
      vertex 0 -4.59999 17.225
      vertex 0.0271196 -4.59999 17.2234
    endloop
  endfacet
  facet normal -0.387941 -0.921385 -0.0234912
    outer loop
      vertex -0.224991 -4.59999 17
      vertex -1.63796 -4 16.8011
      vertex -0.22335 -4.59999 16.9729
    endloop
  endfacet
  facet normal -0.387945 -0.921384 0.0234639
    outer loop
      vertex -1.63796 -4 17.1989
      vertex -1.64999 -4 17
      vertex -0.224991 -4.59999 17
    endloop
  endfacet
  facet normal -0.387941 -0.921385 0.0234912
    outer loop
      vertex -0.22335 -4.59999 17.0271
      vertex -1.63796 -4 17.1989
      vertex -0.224991 -4.59999 17
    endloop
  endfacet
  facet normal -0.0234073 -0.921385 0.387945
    outer loop
      vertex 0 -4 18.65
      vertex -0.198884 -4 18.638
      vertex 0 -4.59999 17.225
    endloop
  endfacet
  facet normal -0.24007 -0.921393 -0.305617
    outer loop
      vertex -0.149196 -4.59999 16.8316
      vertex -1.09415 -4 15.765
      vertex -0.127809 -4.59999 16.8148
    endloop
  endfacet
  facet normal 0.354478 -0.92138 -0.159386
    outer loop
      vertex 0.21037 -4.59999 16.9202
      vertex 0.199219 -4.59999 16.8954
      vertex 1.461 -4 16.2332
    endloop
  endfacet
  facet normal 0.387941 -0.921385 -0.0234912
    outer loop
      vertex 0.224991 -4.59999 17
      vertex 0.22335 -4.59999 16.9729
      vertex 1.63796 -4 16.8011
    endloop
  endfacet
  facet normal -0.0234078 -0.921382 -0.387954
    outer loop
      vertex -0.0271196 -4.59999 16.7766
      vertex -0.198884 -4 15.362
      vertex 0 -4 15.35
    endloop
  endfacet
  facet normal 0.305909 -0.921384 -0.239733
    outer loop
      vertex 1.35792 -4 16.0627
      vertex 0.185163 -4.59999 16.8722
      vertex 1.23504 -4 15.9059
    endloop
  endfacet
  facet normal 0.305909 -0.921384 0.239733
    outer loop
      vertex 1.23504 -4 18.0941
      vertex 0.185163 -4.59999 17.1278
      vertex 1.35792 -4 17.9373
    endloop
  endfacet
  facet normal -0.239719 -0.921379 0.305933
    outer loop
      vertex -0.937303 -4 18.3579
      vertex -1.09415 -4 18.235
      vertex -0.127809 -4.59999 17.1852
    endloop
  endfacet
  facet normal 0.27475 -0.921378 -0.274908
    outer loop
      vertex 0.149196 -4.59999 16.8316
      vertex 1.23504 -4 15.9059
      vertex 0.168407 -4.59999 16.8508
    endloop
  endfacet
  facet normal 0.274833 -0.921382 -0.274813
    outer loop
      vertex 1.23504 -4 15.9059
      vertex 0.149196 -4.59999 16.8316
      vertex 1.09415 -4 15.765
    endloop
  endfacet
  facet normal -0.306019 -0.921379 -0.23961
    outer loop
      vertex -0.185163 -4.59999 16.8722
      vertex -1.23504 -4 15.9059
      vertex -0.168407 -4.59999 16.8508
    endloop
  endfacet
  facet normal -0.0702184 -0.921379 0.382271
    outer loop
      vertex -0.198884 -4 18.638
      vertex -0.394869 -4 18.602
      vertex -0.0538435 -4.59999 17.2185
    endloop
  endfacet
  facet normal 0.332592 -0.921385 0.201077
    outer loop
      vertex 1.35792 -4 17.9373
      vertex 0.185163 -4.59999 17.1278
      vertex 1.461 -4 17.7668
    endloop
  endfacet
  facet normal -0.115491 -0.921381 0.371105
    outer loop
      vertex -0.394869 -4 18.602
      vertex -0.585095 -4 18.5428
      vertex -0.0797825 -4.59999 17.2104
    endloop
  endfacet
  facet normal 0.115491 -0.921381 -0.371105
    outer loop
      vertex 0.585095 -4 15.4572
      vertex 0.0797825 -4.59999 16.7896
      vertex 0.394869 -4 15.398
    endloop
  endfacet
  facet normal -0.115491 -0.921381 -0.371105
    outer loop
      vertex -0.0797825 -4.59999 16.7896
      vertex -0.585095 -4 15.4572
      vertex -0.394869 -4 15.398
    endloop
  endfacet
  facet normal -0.239719 -0.921379 -0.305933
    outer loop
      vertex -0.127809 -4.59999 16.8148
      vertex -1.09415 -4 15.765
      vertex -0.937303 -4 15.6421
    endloop
  endfacet
  facet normal -0.16008 -0.9214 0.354114
    outer loop
      vertex -0.0797825 -4.59999 17.2104
      vertex -0.76679 -4 18.461
      vertex -0.104558 -4.59999 17.1992
    endloop
  endfacet
  facet normal -0.20046 -0.921401 0.332921
    outer loop
      vertex -0.104558 -4.59999 17.1992
      vertex -0.76679 -4 18.461
      vertex -0.127809 -4.59999 17.1852
    endloop
  endfacet
  facet normal -0.0702184 -0.921379 -0.382271
    outer loop
      vertex -0.0538435 -4.59999 16.7815
      vertex -0.394869 -4 15.398
      vertex -0.198884 -4 15.362
    endloop
  endfacet
  facet normal 0.16008 -0.9214 -0.354114
    outer loop
      vertex 0.104558 -4.59999 16.8008
      vertex 0.0797825 -4.59999 16.7896
      vertex 0.76679 -4 15.539
    endloop
  endfacet
  facet normal -0.305909 -0.921384 0.239733
    outer loop
      vertex -1.23504 -4 18.0941
      vertex -1.35792 -4 17.9373
      vertex -0.185163 -4.59999 17.1278
    endloop
  endfacet
  facet normal -0.305909 -0.921384 -0.239733
    outer loop
      vertex -0.185163 -4.59999 16.8722
      vertex -1.35792 -4 16.0627
      vertex -1.23504 -4 15.9059
    endloop
  endfacet
  facet normal -0.115858 -0.92137 -0.371017
    outer loop
      vertex -0.0797825 -4.59999 16.7896
      vertex -0.394869 -4 15.398
      vertex -0.0538435 -4.59999 16.7815
    endloop
  endfacet
  facet normal -0.24007 -0.921393 0.305617
    outer loop
      vertex -0.127809 -4.59999 17.1852
      vertex -1.09415 -4 18.235
      vertex -0.149196 -4.59999 17.1684
    endloop
  endfacet
  facet normal -0.274833 -0.921382 0.274813
    outer loop
      vertex -1.23504 -4 18.0941
      vertex -0.149196 -4.59999 17.1684
      vertex -1.09415 -4 18.235
    endloop
  endfacet
  facet normal -0.27475 -0.921378 0.274908
    outer loop
      vertex -0.149196 -4.59999 17.1684
      vertex -1.23504 -4 18.0941
      vertex -0.168407 -4.59999 17.1492
    endloop
  endfacet
  facet normal 0.0234073 -0.921385 0.387945
    outer loop
      vertex 0 -4 18.65
      vertex 0 -4.59999 17.225
      vertex 0.198884 -4 18.638
    endloop
  endfacet
  facet normal 0.371049 -0.921384 -0.115646
    outer loop
      vertex 1.60205 -4 16.6051
      vertex 0.21037 -4.59999 16.9202
      vertex 1.54277 -4 16.4149
    endloop
  endfacet
  facet normal 0.354478 -0.92138 0.159386
    outer loop
      vertex 1.461 -4 17.7668
      vertex 0.199219 -4.59999 17.1046
      vertex 0.21037 -4.59999 17.0798
    endloop
  endfacet
  facet normal -0.0700944 -0.921382 -0.382285
    outer loop
      vertex -0.0538435 -4.59999 16.7815
      vertex -0.198884 -4 15.362
      vertex -0.0271196 -4.59999 16.7766
    endloop
  endfacet
  facet normal 0.2011 -0.92138 -0.332591
    outer loop
      vertex 0.937303 -4 15.6421
      vertex 0.127809 -4.59999 16.8148
      vertex 0.76679 -4 15.539
    endloop
  endfacet
  facet normal -0.354478 -0.92138 -0.159386
    outer loop
      vertex -0.21037 -4.59999 16.9202
      vertex -1.461 -4 16.2332
      vertex -0.199219 -4.59999 16.8954
    endloop
  endfacet
  facet normal -0.20046 -0.921401 -0.332921
    outer loop
      vertex -0.127809 -4.59999 16.8148
      vertex -0.76679 -4 15.539
      vertex -0.104558 -4.59999 16.8008
    endloop
  endfacet
  facet normal 0.159551 -0.921383 -0.354396
    outer loop
      vertex 0.76679 -4 15.539
      vertex 0.0797825 -4.59999 16.7896
      vertex 0.585095 -4 15.4572
    endloop
  endfacet
  facet normal -0.354418 -0.921384 -0.159498
    outer loop
      vertex -0.21037 -4.59999 16.9202
      vertex -1.54277 -4 16.4149
      vertex -1.461 -4 16.2332
    endloop
  endfacet
  facet normal -0.371049 -0.921384 -0.115646
    outer loop
      vertex -0.21037 -4.59999 16.9202
      vertex -1.60205 -4 16.6051
      vertex -1.54277 -4 16.4149
    endloop
  endfacet
  facet normal 0.371117 -0.921392 -0.11536
    outer loop
      vertex 0.218452 -4.59999 16.9462
      vertex 0.21037 -4.59999 16.9202
      vertex 1.60205 -4 16.6051
    endloop
  endfacet
  facet normal -0.382277 -0.921383 -0.0701271
    outer loop
      vertex -0.22335 -4.59999 16.9729
      vertex -1.63796 -4 16.8011
      vertex -0.218452 -4.59999 16.9462
    endloop
  endfacet
  facet normal -0.371117 -0.921392 -0.11536
    outer loop
      vertex -0.218452 -4.59999 16.9462
      vertex -1.60205 -4 16.6051
      vertex -0.21037 -4.59999 16.9202
    endloop
  endfacet
  facet normal -0.332424 -0.921375 0.201403
    outer loop
      vertex -0.185163 -4.59999 17.1278
      vertex -1.461 -4 17.7668
      vertex -0.199219 -4.59999 17.1046
    endloop
  endfacet
  facet normal 0 -1 0
    outer loop
      vertex -0.0271196 -4.59999 17.2234
      vertex 0.0271196 -4.59999 17.2234
      vertex 0 -4.59999 17.225
    endloop
  endfacet
  facet normal 0 -1 0
    outer loop
      vertex -0.0538435 -4.59999 17.2185
      vertex 0.0271196 -4.59999 17.2234
      vertex -0.0271196 -4.59999 17.2234
    endloop
  endfacet
  facet normal 0 -1 0
    outer loop
      vertex -0.0538435 -4.59999 17.2185
      vertex 0.0538435 -4.59999 17.2185
      vertex 0.0271196 -4.59999 17.2234
    endloop
  endfacet
  facet normal 0 -1 0
    outer loop
      vertex -0.0797825 -4.59999 17.2104
      vertex 0.0538435 -4.59999 17.2185
      vertex -0.0538435 -4.59999 17.2185
    endloop
  endfacet
  facet normal 0 -1 0
    outer loop
      vertex -0.0797825 -4.59999 17.2104
      vertex 0.0797825 -4.59999 17.2104
      vertex 0.0538435 -4.59999 17.2185
    endloop
  endfacet
  facet normal 0 -1 0
    outer loop
      vertex -0.104558 -4.59999 17.1992
      vertex 0.0797825 -4.59999 17.2104
      vertex -0.0797825 -4.59999 17.2104
    endloop
  endfacet
  facet normal 0 -1 0
    outer loop
      vertex -0.104558 -4.59999 17.1992
      vertex 0.104558 -4.59999 17.1992
      vertex 0.0797825 -4.59999 17.2104
    endloop
  endfacet
  facet normal 0 -1 0
    outer loop
      vertex -0.127809 -4.59999 17.1852
      vertex 0.104558 -4.59999 17.1992
      vertex -0.104558 -4.59999 17.1992
    endloop
  endfacet
  facet normal 0 -1 0
    outer loop
      vertex -0.127809 -4.59999 17.1852
      vertex 0.127809 -4.59999 17.1852
      vertex 0.104558 -4.59999 17.1992
    endloop
  endfacet
  facet normal 0 -1 0
    outer loop
      vertex -0.149196 -4.59999 17.1684
      vertex 0.127809 -4.59999 17.1852
      vertex -0.127809 -4.59999 17.1852
    endloop
  endfacet
  facet normal 0 -1 0
    outer loop
      vertex -0.149196 -4.59999 17.1684
      vertex 0.149196 -4.59999 17.1684
      vertex 0.127809 -4.59999 17.1852
    endloop
  endfacet
  facet normal 0 -1 0
    outer loop
      vertex -0.168407 -4.59999 17.1492
      vertex 0.149196 -4.59999 17.1684
      vertex -0.149196 -4.59999 17.1684
    endloop
  endfacet
  facet normal 0 -1 0
    outer loop
      vertex -0.168407 -4.59999 17.1492
      vertex 0.168407 -4.59999 17.1492
      vertex 0.149196 -4.59999 17.1684
    endloop
  endfacet
  facet normal 0 -1 0
    outer loop
      vertex -0.185163 -4.59999 17.1278
      vertex 0.168407 -4.59999 17.1492
      vertex -0.168407 -4.59999 17.1492
    endloop
  endfacet
  facet normal 0 -1 0
    outer loop
      vertex -0.185163 -4.59999 17.1278
      vertex 0.185163 -4.59999 17.1278
      vertex 0.168407 -4.59999 17.1492
    endloop
  endfacet
  facet normal 0 -1 0
    outer loop
      vertex -0.199219 -4.59999 17.1046
      vertex 0.185163 -4.59999 17.1278
      vertex -0.185163 -4.59999 17.1278
    endloop
  endfacet
  facet normal 0 -1 0
    outer loop
      vertex -0.199219 -4.59999 17.1046
      vertex 0.199219 -4.59999 17.1046
      vertex 0.185163 -4.59999 17.1278
    endloop
  endfacet
  facet normal 0 -1 0
    outer loop
      vertex -0.21037 -4.59999 17.0798
      vertex 0.199219 -4.59999 17.1046
      vertex -0.199219 -4.59999 17.1046
    endloop
  endfacet
  facet normal 0 -1 0
    outer loop
      vertex -0.21037 -4.59999 17.0798
      vertex 0.21037 -4.59999 17.0798
      vertex 0.199219 -4.59999 17.1046
    endloop
  endfacet
  facet normal 0 -1 0
    outer loop
      vertex -0.218452 -4.59999 17.0538
      vertex 0.21037 -4.59999 17.0798
      vertex -0.21037 -4.59999 17.0798
    endloop
  endfacet
  facet normal 0 -1 0
    outer loop
      vertex -0.218452 -4.59999 17.0538
      vertex 0.218452 -4.59999 17.0538
      vertex 0.21037 -4.59999 17.0798
    endloop
  endfacet
  facet normal 0 -1 0
    outer loop
      vertex -0.22335 -4.59999 17.0271
      vertex 0.218452 -4.59999 17.0538
      vertex -0.218452 -4.59999 17.0538
    endloop
  endfacet
  facet normal 0 -1 0
    outer loop
      vertex -0.22335 -4.59999 17.0271
      vertex 0.22335 -4.59999 17.0271
      vertex 0.218452 -4.59999 17.0538
    endloop
  endfacet
  facet normal 0 -1 0
    outer loop
      vertex -0.224991 -4.59999 17
      vertex 0.22335 -4.59999 17.0271
      vertex -0.22335 -4.59999 17.0271
    endloop
  endfacet
  facet normal 0 -1 0
    outer loop
      vertex -0.224991 -4.59999 17
      vertex 0.224991 -4.59999 17
      vertex 0.22335 -4.59999 17.0271
    endloop
  endfacet
  facet normal 0 -1 0
    outer loop
      vertex -0.22335 -4.59999 16.9729
      vertex 0.224991 -4.59999 17
      vertex -0.224991 -4.59999 17
    endloop
  endfacet
  facet normal 0 -1 0
    outer loop
      vertex -0.22335 -4.59999 16.9729
      vertex 0.22335 -4.59999 16.9729
      vertex 0.224991 -4.59999 17
    endloop
  endfacet
  facet normal 0 -1 0
    outer loop
      vertex -0.218452 -4.59999 16.9462
      vertex 0.22335 -4.59999 16.9729
      vertex -0.22335 -4.59999 16.9729
    endloop
  endfacet
  facet normal 0 -1 0
    outer loop
      vertex -0.218452 -4.59999 16.9462
      vertex 0.218452 -4.59999 16.9462
      vertex 0.22335 -4.59999 16.9729
    endloop
  endfacet
  facet normal 0 -1 0
    outer loop
      vertex -0.21037 -4.59999 16.9202
      vertex 0.218452 -4.59999 16.9462
      vertex -0.218452 -4.59999 16.9462
    endloop
  endfacet
  facet normal 0 -1 0
    outer loop
      vertex -0.21037 -4.59999 16.9202
      vertex 0.21037 -4.59999 16.9202
      vertex 0.218452 -4.59999 16.9462
    endloop
  endfacet
  facet normal 0 -1 0
    outer loop
      vertex -0.199219 -4.59999 16.8954
      vertex 0.21037 -4.59999 16.9202
      vertex -0.21037 -4.59999 16.9202
    endloop
  endfacet
  facet normal 0 -1 0
    outer loop
      vertex -0.199219 -4.59999 16.8954
      vertex 0.199219 -4.59999 16.8954
      vertex 0.21037 -4.59999 16.9202
    endloop
  endfacet
  facet normal 0 -1 0
    outer loop
      vertex -0.185163 -4.59999 16.8722
      vertex 0.199219 -4.59999 16.8954
      vertex -0.199219 -4.59999 16.8954
    endloop
  endfacet
  facet normal 0 -1 0
    outer loop
      vertex -0.185163 -4.59999 16.8722
      vertex 0.185163 -4.59999 16.8722
      vertex 0.199219 -4.59999 16.8954
    endloop
  endfacet
  facet normal 0 -1 0
    outer loop
      vertex -0.168407 -4.59999 16.8508
      vertex 0.185163 -4.59999 16.8722
      vertex -0.185163 -4.59999 16.8722
    endloop
  endfacet
  facet normal 0 -1 0
    outer loop
      vertex -0.168407 -4.59999 16.8508
      vertex 0.168407 -4.59999 16.8508
      vertex 0.185163 -4.59999 16.8722
    endloop
  endfacet
  facet normal 0 -1 0
    outer loop
      vertex -0.149196 -4.59999 16.8316
      vertex 0.168407 -4.59999 16.8508
      vertex -0.168407 -4.59999 16.8508
    endloop
  endfacet
  facet normal 0 -1 0
    outer loop
      vertex -0.149196 -4.59999 16.8316
      vertex 0.149196 -4.59999 16.8316
      vertex 0.168407 -4.59999 16.8508
    endloop
  endfacet
  facet normal 0 -1 0
    outer loop
      vertex -0.127809 -4.59999 16.8148
      vertex 0.149196 -4.59999 16.8316
      vertex -0.149196 -4.59999 16.8316
    endloop
  endfacet
  facet normal 0 -1 0
    outer loop
      vertex -0.127809 -4.59999 16.8148
      vertex 0.127809 -4.59999 16.8148
      vertex 0.149196 -4.59999 16.8316
    endloop
  endfacet
  facet normal 0 -1 0
    outer loop
      vertex -0.104558 -4.59999 16.8008
      vertex 0.127809 -4.59999 16.8148
      vertex -0.127809 -4.59999 16.8148
    endloop
  endfacet
  facet normal 0 -1 0
    outer loop
      vertex -0.104558 -4.59999 16.8008
      vertex 0.104558 -4.59999 16.8008
      vertex 0.127809 -4.59999 16.8148
    endloop
  endfacet
  facet normal 0 -1 0
    outer loop
      vertex -0.0797825 -4.59999 16.7896
      vertex 0.104558 -4.59999 16.8008
      vertex -0.104558 -4.59999 16.8008
    endloop
  endfacet
  facet normal 0 -1 0
    outer loop
      vertex -0.0797825 -4.59999 16.7896
      vertex 0.0797825 -4.59999 16.7896
      vertex 0.104558 -4.59999 16.8008
    endloop
  endfacet
  facet normal 0 -1 0
    outer loop
      vertex -0.0538435 -4.59999 16.7815
      vertex 0.0797825 -4.59999 16.7896
      vertex -0.0797825 -4.59999 16.7896
    endloop
  endfacet
  facet normal 0 -1 0
    outer loop
      vertex -0.0538435 -4.59999 16.7815
      vertex 0.0538435 -4.59999 16.7815
      vertex 0.0797825 -4.59999 16.7896
    endloop
  endfacet
  facet normal 0 -1 0
    outer loop
      vertex -0.0271196 -4.59999 16.7766
      vertex 0.0538435 -4.59999 16.7815
      vertex -0.0538435 -4.59999 16.7815
    endloop
  endfacet
  facet normal 0 -1 0
    outer loop
      vertex -0.0271196 -4.59999 16.7766
      vertex 0.0271196 -4.59999 16.7766
      vertex 0.0538435 -4.59999 16.7815
    endloop
  endfacet
  facet normal -0 -1 0
    outer loop
      vertex 0.0271196 -4.59999 16.7766
      vertex -0.0271196 -4.59999 16.7766
      vertex 0 -4.59999 16.775
    endloop
  endfacet
  facet normal 0.382287 -0.921385 0.0700404
    outer loop
      vertex 1.60205 -4 17.3949
      vertex 0.218452 -4.59999 17.0538
      vertex 1.63796 -4 17.1989
    endloop
  endfacet
  facet normal -0.27475 -0.921378 -0.274908
    outer loop
      vertex -1.23504 -4 15.9059
      vertex -0.149196 -4.59999 16.8316
      vertex -0.168407 -4.59999 16.8508
    endloop
  endfacet
  facet normal -0.274833 -0.921382 -0.274813
    outer loop
      vertex -0.149196 -4.59999 16.8316
      vertex -1.23504 -4 15.9059
      vertex -1.09415 -4 15.765
    endloop
  endfacet
  facet normal 0.306019 -0.921379 -0.23961
    outer loop
      vertex 0.185163 -4.59999 16.8722
      vertex 0.168407 -4.59999 16.8508
      vertex 1.23504 -4 15.9059
    endloop
  endfacet
  facet normal -0.0228882 -0.921396 -0.38795
    outer loop
      vertex 0 -4.59999 16.775
      vertex -0.0271196 -4.59999 16.7766
      vertex 0 -4 15.35
    endloop
  endfacet
  facet normal 0.387941 -0.921385 0.0234912
    outer loop
      vertex 1.63796 -4 17.1989
      vertex 0.22335 -4.59999 17.0271
      vertex 0.224991 -4.59999 17
    endloop
  endfacet
  facet normal -0.0228919 -0.92137 0.388011
    outer loop
      vertex 0 -4.59999 17.225
      vertex -0.198884 -4 18.638
      vertex -0.0271196 -4.59999 17.2234
    endloop
  endfacet
  facet normal -0.0700944 -0.921382 0.382285
    outer loop
      vertex -0.0271196 -4.59999 17.2234
      vertex -0.198884 -4 18.638
      vertex -0.0538435 -4.59999 17.2185
    endloop
  endfacet
  facet normal -0.332592 -0.921385 -0.201077
    outer loop
      vertex -0.185163 -4.59999 16.8722
      vertex -1.461 -4 16.2332
      vertex -1.35792 -4 16.0627
    endloop
  endfacet
  facet normal -0.16008 -0.9214 -0.354114
    outer loop
      vertex -0.104558 -4.59999 16.8008
      vertex -0.76679 -4 15.539
      vertex -0.0797825 -4.59999 16.7896
    endloop
  endfacet
  facet normal 0.24007 -0.921393 0.305617
    outer loop
      vertex 1.09415 -4 18.235
      vertex 0.127809 -4.59999 17.1852
      vertex 0.149196 -4.59999 17.1684
    endloop
  endfacet
  facet normal 0.371117 -0.921392 0.11536
    outer loop
      vertex 1.60205 -4 17.3949
      vertex 0.21037 -4.59999 17.0798
      vertex 0.218452 -4.59999 17.0538
    endloop
  endfacet
  facet normal -0.332424 -0.921375 -0.201403
    outer loop
      vertex -0.199219 -4.59999 16.8954
      vertex -1.461 -4 16.2332
      vertex -0.185163 -4.59999 16.8722
    endloop
  endfacet
  facet normal 0.239719 -0.921379 0.305933
    outer loop
      vertex 0.937303 -4 18.3579
      vertex 0.127809 -4.59999 17.1852
      vertex 1.09415 -4 18.235
    endloop
  endfacet
  facet normal 0.2011 -0.92138 0.332591
    outer loop
      vertex 0.76679 -4 18.461
      vertex 0.127809 -4.59999 17.1852
      vertex 0.937303 -4 18.3579
    endloop
  endfacet
  facet normal 0.382287 -0.921385 -0.0700404
    outer loop
      vertex 1.63796 -4 16.8011
      vertex 0.218452 -4.59999 16.9462
      vertex 1.60205 -4 16.6051
    endloop
  endfacet
  facet normal 0.274833 -0.921382 0.274813
    outer loop
      vertex 0.149196 -4.59999 17.1684
      vertex 1.23504 -4 18.0941
      vertex 1.09415 -4 18.235
    endloop
  endfacet
  facet normal 0.27475 -0.921378 0.274908
    outer loop
      vertex 1.23504 -4 18.0941
      vertex 0.149196 -4.59999 17.1684
      vertex 0.168407 -4.59999 17.1492
    endloop
  endfacet
  facet normal 0.332424 -0.921375 0.201403
    outer loop
      vertex 1.461 -4 17.7668
      vertex 0.185163 -4.59999 17.1278
      vertex 0.199219 -4.59999 17.1046
    endloop
  endfacet
  facet normal 0.371049 -0.921384 0.115646
    outer loop
      vertex 1.54277 -4 17.5851
      vertex 0.21037 -4.59999 17.0798
      vertex 1.60205 -4 17.3949
    endloop
  endfacet
  facet normal 0.332424 -0.921375 -0.201403
    outer loop
      vertex 0.199219 -4.59999 16.8954
      vertex 0.185163 -4.59999 16.8722
      vertex 1.461 -4 16.2332
    endloop
  endfacet
  facet normal 0.382277 -0.921383 0.0701271
    outer loop
      vertex 1.63796 -4 17.1989
      vertex 0.218452 -4.59999 17.0538
      vertex 0.22335 -4.59999 17.0271
    endloop
  endfacet
  facet normal 0.387945 -0.921384 0.0234639
    outer loop
      vertex 1.63796 -4 17.1989
      vertex 0.224991 -4.59999 17
      vertex 1.64999 -4 17
    endloop
  endfacet
  facet normal 0.306019 -0.921379 0.23961
    outer loop
      vertex 1.23504 -4 18.0941
      vertex 0.168407 -4.59999 17.1492
      vertex 0.185163 -4.59999 17.1278
    endloop
  endfacet
  facet normal 0.354418 -0.921384 -0.159498
    outer loop
      vertex 1.54277 -4 16.4149
      vertex 0.21037 -4.59999 16.9202
      vertex 1.461 -4 16.2332
    endloop
  endfacet
  facet normal 0.16008 -0.9214 0.354114
    outer loop
      vertex 0.76679 -4 18.461
      vertex 0.0797825 -4.59999 17.2104
      vertex 0.104558 -4.59999 17.1992
    endloop
  endfacet
  facet normal 0.24007 -0.921393 -0.305617
    outer loop
      vertex 0.149196 -4.59999 16.8316
      vertex 0.127809 -4.59999 16.8148
      vertex 1.09415 -4 15.765
    endloop
  endfacet
  facet normal 0.20046 -0.921401 -0.332921
    outer loop
      vertex 0.127809 -4.59999 16.8148
      vertex 0.104558 -4.59999 16.8008
      vertex 0.76679 -4 15.539
    endloop
  endfacet
  facet normal 0.354418 -0.921384 0.159498
    outer loop
      vertex 1.461 -4 17.7668
      vertex 0.21037 -4.59999 17.0798
      vertex 1.54277 -4 17.5851
    endloop
  endfacet
  facet normal 0.115491 -0.921381 0.371105
    outer loop
      vertex 0.394869 -4 18.602
      vertex 0.0797825 -4.59999 17.2104
      vertex 0.585095 -4 18.5428
    endloop
  endfacet
  facet normal 0.115858 -0.92137 0.371017
    outer loop
      vertex 0.394869 -4 18.602
      vertex 0.0538435 -4.59999 17.2185
      vertex 0.0797825 -4.59999 17.2104
    endloop
  endfacet
  facet normal 0.20046 -0.921401 0.332921
    outer loop
      vertex 0.76679 -4 18.461
      vertex 0.104558 -4.59999 17.1992
      vertex 0.127809 -4.59999 17.1852
    endloop
  endfacet
  facet normal 0.965147 0 -0.261709
    outer loop
      vertex -12.8681 -3.09999 26.8797
      vertex -12.92 -1.7 26.6883
      vertex -12.8681 -1.7 26.8797
    endloop
  endfacet
  facet normal 0.965147 0 -0.261709
    outer loop
      vertex -12.92 -1.7 26.6883
      vertex -12.8681 -3.09999 26.8797
      vertex -12.92 -3.09999 26.6883
    endloop
  endfacet
  facet normal 0.922194 0 -0.386727
    outer loop
      vertex -12.727 -3.09999 27.2503
      vertex -12.8037 -1.7 27.0674
      vertex -12.727 -1.7 27.2503
    endloop
  endfacet
  facet normal 0.922194 0 -0.386727
    outer loop
      vertex -12.8037 -1.7 27.0674
      vertex -12.727 -3.09999 27.2503
      vertex -12.8037 -3.09999 27.0674
    endloop
  endfacet
  facet normal 0.997784 -0 0.0665357
    outer loop
      vertex -12.9984 -3.09999 7.90081
      vertex -12.9852 -1.7 7.70286
      vertex -12.9984 -1.7 7.90081
    endloop
  endfacet
  facet normal 0.997784 0 0.0665357
    outer loop
      vertex -12.9852 -1.7 7.70286
      vertex -12.9984 -3.09999 7.90081
      vertex -12.9852 -3.09999 7.70286
    endloop
  endfacet
  facet normal 0.789013 -0 0.614377
    outer loop
      vertex -12.4271 -3.09999 6.23664
      vertex -12.3052 -1.7 6.08009
      vertex -12.4271 -1.7 6.23664
    endloop
  endfacet
  facet normal 0.789013 0 0.614377
    outer loop
      vertex -12.3052 -1.7 6.08009
      vertex -12.4271 -3.09999 6.23664
      vertex -12.3052 -3.09999 6.08009
    endloop
  endfacet
  facet normal 1 -0 0
    outer loop
      vertex -12.9984 -3.09999 26.0992
      vertex -12.9984 -1.7 7.90081
      vertex -12.9984 -1.7 26.0992
    endloop
  endfacet
  facet normal 1 0 0
    outer loop
      vertex -12.9984 -1.7 7.90081
      vertex -12.9984 -3.09999 26.0992
      vertex -12.9984 -3.09999 7.90081
    endloop
  endfacet
  facet normal 0.0496107 0 0.998769
    outer loop
      vertex -10.2477 -1.7 5.01025
      vertex -10.0496 -3.09999 5.00041
      vertex -10.0496 -1.7 5.00041
    endloop
  endfacet
  facet normal 0.0496107 0 0.998769
    outer loop
      vertex -10.0496 -3.09999 5.00041
      vertex -10.2477 -1.7 5.01025
      vertex -10.2477 -3.09999 5.01025
    endloop
  endfacet
  facet normal 0.991306 -0 0.131576
    outer loop
      vertex -12.9852 -3.09999 7.70286
      vertex -12.9591 -1.7 7.50622
      vertex -12.9852 -1.7 7.70286
    endloop
  endfacet
  facet normal 0.991306 0 0.131576
    outer loop
      vertex -12.9591 -1.7 7.50622
      vertex -12.9852 -3.09999 7.70286
      vertex -12.9591 -3.09999 7.50622
    endloop
  endfacet
  facet normal 0 0 -1
    outer loop
      vertex 12.99 -2.41731 29
      vertex 12.5958 -1.7 29
      vertex 12.99 -2.38267 29
    endloop
  endfacet
  facet normal 0 0 -1
    outer loop
      vertex 12.5958 -3.09999 29
      vertex 12.5958 -1.7 29
      vertex 12.99 -2.41731 29
    endloop
  endfacet
  facet normal 1.76636e-05 0 -1
    outer loop
      vertex -10.0496 -3.09999 28.9996
      vertex 12.5958 -1.7 29
      vertex 12.5958 -3.09999 29
    endloop
  endfacet
  facet normal 1.76636e-05 0 -1
    outer loop
      vertex 12.5958 -1.7 29
      vertex -10.0496 -3.09999 28.9996
      vertex -10.0496 -1.7 28.9996
    endloop
  endfacet
  facet normal 0.945838 -0 0.324639
    outer loop
      vertex -12.8681 -3.09999 7.12025
      vertex -12.8037 -1.7 6.93262
      vertex -12.8681 -1.7 7.12025
    endloop
  endfacet
  facet normal 0.945838 0 0.324639
    outer loop
      vertex -12.8037 -1.7 6.93262
      vertex -12.8681 -3.09999 7.12025
      vertex -12.8037 -3.09999 6.93262
    endloop
  endfacet
  facet normal 0.997783 0 -0.0665525
    outer loop
      vertex -12.9852 -3.09999 26.2971
      vertex -12.9984 -1.7 26.0992
      vertex -12.9852 -1.7 26.2971
    endloop
  endfacet
  facet normal 0.997783 0 -0.0665525
    outer loop
      vertex -12.9984 -1.7 26.0992
      vertex -12.9852 -3.09999 26.2971
      vertex -12.9984 -3.09999 26.0992
    endloop
  endfacet
  facet normal 0.371217 0 0.928546
    outer loop
      vertex -11.2051 -1.7 5.25268
      vertex -11.0209 -3.09999 5.17904
      vertex -11.0209 -1.7 5.17904
    endloop
  endfacet
  facet normal 0.371217 0 0.928546
    outer loop
      vertex -11.0209 -3.09999 5.17904
      vertex -11.2051 -1.7 5.25268
      vertex -11.2051 -3.09999 5.25268
    endloop
  endfacet
  facet normal 0.863395 0 -0.504529
    outer loop
      vertex -12.5383 -3.09999 27.5991
      vertex -12.6384 -1.7 27.4278
      vertex -12.5383 -1.7 27.5991
    endloop
  endfacet
  facet normal 0.863395 0 -0.504529
    outer loop
      vertex -12.6384 -1.7 27.4278
      vertex -12.5383 -3.09999 27.5991
      vertex -12.6384 -3.09999 27.4278
    endloop
  endfacet
  facet normal 0.0494095 0 -0.998779
    outer loop
      vertex -10.2477 -3.09999 28.9898
      vertex -10.0496 -1.7 28.9996
      vertex -10.0496 -3.09999 28.9996
    endloop
  endfacet
  facet normal 0.0494095 0 -0.998779
    outer loop
      vertex -10.0496 -1.7 28.9996
      vertex -10.2477 -3.09999 28.9898
      vertex -10.2477 -1.7 28.9898
    endloop
  endfacet
  facet normal 0.701059 0 0.713103
    outer loop
      vertex -12.1733 -1.7 5.93194
      vertex -12.0318 -3.09999 5.79283
      vertex -12.0318 -1.7 5.79283
    endloop
  endfacet
  facet normal 0.701059 0 0.713103
    outer loop
      vertex -12.0318 -3.09999 5.79283
      vertex -12.1733 -1.7 5.93194
      vertex -12.1733 -3.09999 5.93194
    endloop
  endfacet
  facet normal 0.894729 0 -0.446609
    outer loop
      vertex -12.6384 -3.09999 27.4278
      vertex -12.727 -1.7 27.2503
      vertex -12.6384 -1.7 27.4278
    endloop
  endfacet
  facet normal 0.894729 0 -0.446609
    outer loop
      vertex -12.727 -1.7 27.2503
      vertex -12.6384 -3.09999 27.4278
      vertex -12.727 -3.09999 27.2503
    endloop
  endfacet
  facet normal 0 0 1
    outer loop
      vertex 13 -2.39999 5
      vertex 12.99 -2.38267 5
      vertex 12.99 -2.41731 5
    endloop
  endfacet
  facet normal 0.601209 0 0.799092
    outer loop
      vertex -11.8815 -1.7 5.66337
      vertex -11.723 -3.09999 5.54412
      vertex -11.723 -1.7 5.54412
    endloop
  endfacet
  facet normal 0.601209 0 0.799092
    outer loop
      vertex -11.723 -3.09999 5.54412
      vertex -11.8815 -1.7 5.66337
      vertex -11.8815 -3.09999 5.66337
    endloop
  endfacet
  facet normal 0.991311 0 -0.131536
    outer loop
      vertex -12.9591 -3.09999 26.4938
      vertex -12.9852 -1.7 26.2971
      vertex -12.9591 -1.7 26.4938
    endloop
  endfacet
  facet normal 0.991311 0 -0.131536
    outer loop
      vertex -12.9852 -1.7 26.2971
      vertex -12.9591 -3.09999 26.4938
      vertex -12.9852 -3.09999 26.2971
    endloop
  endfacet
  facet normal 2.53678e-05 0 1
    outer loop
      vertex 12.5958 -1.7 5.00001
      vertex 12.99 -2.41731 5
      vertex 12.99 -2.38267 5
    endloop
  endfacet
  facet normal 2.53678e-05 0 1
    outer loop
      vertex 12.5958 -1.7 5.00001
      vertex 12.5958 -3.09999 5.00001
      vertex 12.99 -2.41731 5
    endloop
  endfacet
  facet normal 1.76636e-05 0 1
    outer loop
      vertex -10.0496 -1.7 5.00041
      vertex 12.5958 -3.09999 5.00001
      vertex 12.5958 -1.7 5.00001
    endloop
  endfacet
  facet normal 1.76636e-05 0 1
    outer loop
      vertex 12.5958 -3.09999 5.00001
      vertex -10.0496 -1.7 5.00041
      vertex -10.0496 -3.09999 5.00041
    endloop
  endfacet
  facet normal 0.945875 0 -0.32453
    outer loop
      vertex -12.8037 -3.09999 27.0674
      vertex -12.8681 -1.7 26.8797
      vertex -12.8037 -1.7 27.0674
    endloop
  endfacet
  facet normal 0.945875 0 -0.32453
    outer loop
      vertex -12.8681 -1.7 26.8797
      vertex -12.8037 -3.09999 27.0674
      vertex -12.8681 -3.09999 26.8797
    endloop
  endfacet
  facet normal 0.115906 0 -0.99326
    outer loop
      vertex -10.4448 -3.09999 28.9668
      vertex -10.2477 -1.7 28.9898
      vertex -10.2477 -3.09999 28.9898
    endloop
  endfacet
  facet normal 0.115906 0 -0.99326
    outer loop
      vertex -10.2477 -1.7 28.9898
      vertex -10.4448 -3.09999 28.9668
      vertex -10.4448 -1.7 28.9668
    endloop
  endfacet
  facet normal 0.788918 0 -0.614499
    outer loop
      vertex -12.3052 -3.09999 27.9199
      vertex -12.4271 -1.7 27.7634
      vertex -12.3052 -1.7 27.9199
    endloop
  endfacet
  facet normal 0.788918 0 -0.614499
    outer loop
      vertex -12.4271 -1.7 27.7634
      vertex -12.3052 -3.09999 27.9199
      vertex -12.4271 -3.09999 27.7634
    endloop
  endfacet
  facet normal 0.652624 0 0.757682
    outer loop
      vertex -12.0318 -1.7 5.79283
      vertex -11.8815 -3.09999 5.66337
      vertex -11.8815 -1.7 5.66337
    endloop
  endfacet
  facet normal 0.652624 0 0.757682
    outer loop
      vertex -11.8815 -3.09999 5.66337
      vertex -12.0318 -1.7 5.79283
      vertex -12.0318 -3.09999 5.79283
    endloop
  endfacet
  facet normal 0.180872 0 0.983507
    outer loop
      vertex -10.6399 -1.7 5.06904
      vertex -10.4448 -3.09999 5.03316
      vertex -10.4448 -1.7 5.03316
    endloop
  endfacet
  facet normal 0.180872 0 0.983507
    outer loop
      vertex -10.4448 -3.09999 5.03316
      vertex -10.6399 -1.7 5.06904
      vertex -10.6399 -3.09999 5.06904
    endloop
  endfacet
  facet normal 0.828153 0 -0.560503
    outer loop
      vertex -12.4271 -3.09999 27.7634
      vertex -12.5383 -1.7 27.5991
      vertex -12.4271 -1.7 27.7634
    endloop
  endfacet
  facet normal 0.828153 0 -0.560503
    outer loop
      vertex -12.5383 -1.7 27.5991
      vertex -12.4271 -3.09999 27.7634
      vertex -12.5383 -3.09999 27.5991
    endloop
  endfacet
  facet normal 0.980384 -0 0.197095
    outer loop
      vertex -12.9591 -3.09999 7.50622
      vertex -12.92 -1.7 7.31173
      vertex -12.9591 -1.7 7.50622
    endloop
  endfacet
  facet normal 0.980384 0 0.197095
    outer loop
      vertex -12.92 -1.7 7.31173
      vertex -12.9591 -3.09999 7.50622
      vertex -12.92 -3.09999 7.31173
    endloop
  endfacet
  facet normal 0.746881 -0 0.664958
    outer loop
      vertex -12.3052 -3.09999 6.08009
      vertex -12.1733 -1.7 5.93194
      vertex -12.3052 -1.7 6.08009
    endloop
  endfacet
  facet normal 0.746881 0 0.664958
    outer loop
      vertex -12.1733 -1.7 5.93194
      vertex -12.3052 -3.09999 6.08009
      vertex -12.1733 -3.09999 5.93194
    endloop
  endfacet
  facet normal 0.431616 0 -0.902057
    outer loop
      vertex -11.384 -3.09999 28.6617
      vertex -11.2051 -1.7 28.7473
      vertex -11.2051 -3.09999 28.7473
    endloop
  endfacet
  facet normal 0.431616 0 -0.902057
    outer loop
      vertex -11.2051 -1.7 28.7473
      vertex -11.384 -3.09999 28.6617
      vertex -11.384 -1.7 28.6617
    endloop
  endfacet
  facet normal 0.828089 -0 0.560596
    outer loop
      vertex -12.5383 -3.09999 6.4009
      vertex -12.4271 -1.7 6.23664
      vertex -12.5383 -1.7 6.4009
    endloop
  endfacet
  facet normal 0.828089 0 0.560596
    outer loop
      vertex -12.4271 -1.7 6.23664
      vertex -12.5383 -3.09999 6.4009
      vertex -12.4271 -3.09999 6.23664
    endloop
  endfacet
  facet normal 0 0 -1
    outer loop
      vertex 12.99 -2.38267 29
      vertex 13 -2.39999 29
      vertex 12.99 -2.41731 29
    endloop
  endfacet
  facet normal 0.746992 0 -0.664833
    outer loop
      vertex -12.1733 -3.09999 28.0681
      vertex -12.3052 -1.7 27.9199
      vertex -12.1733 -1.7 28.0681
    endloop
  endfacet
  facet normal 0.746992 0 -0.664833
    outer loop
      vertex -12.3052 -1.7 27.9199
      vertex -12.1733 -3.09999 28.0681
      vertex -12.3052 -3.09999 27.9199
    endloop
  endfacet
  facet normal 0.546883 0 -0.837209
    outer loop
      vertex -11.723 -3.09999 28.4559
      vertex -11.5569 -1.7 28.5644
      vertex -11.5569 -3.09999 28.5644
    endloop
  endfacet
  facet normal 0.546883 0 -0.837209
    outer loop
      vertex -11.5569 -1.7 28.5644
      vertex -11.723 -3.09999 28.4559
      vertex -11.723 -1.7 28.4559
    endloop
  endfacet
  facet normal 0.863343 -0 0.504617
    outer loop
      vertex -12.6384 -3.09999 6.57216
      vertex -12.5383 -1.7 6.4009
      vertex -12.6384 -1.7 6.57216
    endloop
  endfacet
  facet normal 0.863343 0 0.504617
    outer loop
      vertex -12.5383 -1.7 6.4009
      vertex -12.6384 -3.09999 6.57216
      vertex -12.5383 -3.09999 6.4009
    endloop
  endfacet
  facet normal 0.2455 0 -0.969397
    outer loop
      vertex -10.8322 -3.09999 28.8823
      vertex -10.6399 -1.7 28.931
      vertex -10.6399 -3.09999 28.931
    endloop
  endfacet
  facet normal 0.2455 0 -0.969397
    outer loop
      vertex -10.6399 -1.7 28.931
      vertex -10.8322 -3.09999 28.8823
      vertex -10.8322 -1.7 28.8823
    endloop
  endfacet
  facet normal 0.965174 -0 0.261607
    outer loop
      vertex -12.92 -3.09999 7.31173
      vertex -12.8681 -1.7 7.12025
      vertex -12.92 -1.7 7.31173
    endloop
  endfacet
  facet normal 0.965174 0 0.261607
    outer loop
      vertex -12.8681 -1.7 7.12025
      vertex -12.92 -3.09999 7.31173
      vertex -12.8681 -3.09999 7.12025
    endloop
  endfacet
  facet normal 0.180482 0 -0.983578
    outer loop
      vertex -10.6399 -3.09999 28.931
      vertex -10.4448 -1.7 28.9668
      vertex -10.4448 -3.09999 28.9668
    endloop
  endfacet
  facet normal 0.180482 0 -0.983578
    outer loop
      vertex -10.4448 -1.7 28.9668
      vertex -10.6399 -3.09999 28.931
      vertex -10.6399 -1.7 28.931
    endloop
  endfacet
  facet normal 0.490429 0 -0.871481
    outer loop
      vertex -11.5569 -3.09999 28.5644
      vertex -11.384 -1.7 28.6617
      vertex -11.384 -3.09999 28.6617
    endloop
  endfacet
  facet normal 0.490429 0 -0.871481
    outer loop
      vertex -11.384 -1.7 28.6617
      vertex -11.5569 -3.09999 28.5644
      vertex -11.5569 -1.7 28.5644
    endloop
  endfacet
  facet normal 0.60137 0 -0.79897
    outer loop
      vertex -11.8815 -3.09999 28.3366
      vertex -11.723 -1.7 28.4559
      vertex -11.723 -3.09999 28.4559
    endloop
  endfacet
  facet normal 0.60137 0 -0.79897
    outer loop
      vertex -11.723 -1.7 28.4559
      vertex -11.8815 -3.09999 28.3366
      vertex -11.8815 -1.7 28.3366
    endloop
  endfacet
  facet normal 0.980386 0 -0.197085
    outer loop
      vertex -12.92 -3.09999 26.6883
      vertex -12.9591 -1.7 26.4938
      vertex -12.92 -1.7 26.6883
    endloop
  endfacet
  facet normal 0.980386 0 -0.197085
    outer loop
      vertex -12.9591 -1.7 26.4938
      vertex -12.92 -3.09999 26.6883
      vertex -12.9591 -3.09999 26.4938
    endloop
  endfacet
  facet normal 0.308961 0 0.951075
    outer loop
      vertex -11.0209 -1.7 5.17904
      vertex -10.8322 -3.09999 5.11774
      vertex -10.8322 -1.7 5.11774
    endloop
  endfacet
  facet normal 0.308961 0 0.951075
    outer loop
      vertex -10.8322 -3.09999 5.11774
      vertex -11.0209 -1.7 5.17904
      vertex -11.0209 -3.09999 5.17904
    endloop
  endfacet
  facet normal 0.115458 0 0.993312
    outer loop
      vertex -10.4448 -1.7 5.03316
      vertex -10.2477 -3.09999 5.01025
      vertex -10.2477 -1.7 5.01025
    endloop
  endfacet
  facet normal 0.115458 0 0.993312
    outer loop
      vertex -10.2477 -3.09999 5.01025
      vertex -10.4448 -1.7 5.03316
      vertex -10.4448 -3.09999 5.03316
    endloop
  endfacet
  facet normal 0.371478 0 -0.928442
    outer loop
      vertex -11.2051 -3.09999 28.7473
      vertex -11.0209 -1.7 28.821
      vertex -11.0209 -3.09999 28.821
    endloop
  endfacet
  facet normal 0.371478 0 -0.928442
    outer loop
      vertex -11.0209 -1.7 28.821
      vertex -11.2051 -3.09999 28.7473
      vertex -11.2051 -1.7 28.7473
    endloop
  endfacet
  facet normal 0.431821 0 0.901959
    outer loop
      vertex -11.384 -1.7 5.33833
      vertex -11.2051 -3.09999 5.25268
      vertex -11.2051 -1.7 5.25268
    endloop
  endfacet
  facet normal 0.431821 0 0.901959
    outer loop
      vertex -11.2051 -3.09999 5.25268
      vertex -11.384 -1.7 5.33833
      vertex -11.384 -3.09999 5.33833
    endloop
  endfacet
  facet normal 0.308961 0 -0.951075
    outer loop
      vertex -11.0209 -3.09999 28.821
      vertex -10.8322 -1.7 28.8823
      vertex -10.8322 -3.09999 28.8823
    endloop
  endfacet
  facet normal 0.308961 0 -0.951075
    outer loop
      vertex -10.8322 -1.7 28.8823
      vertex -11.0209 -3.09999 28.821
      vertex -11.0209 -1.7 28.821
    endloop
  endfacet
  facet normal 0.546883 0 0.837209
    outer loop
      vertex -11.723 -1.7 5.54412
      vertex -11.5569 -3.09999 5.43562
      vertex -11.5569 -1.7 5.43562
    endloop
  endfacet
  facet normal 0.546883 0 0.837209
    outer loop
      vertex -11.5569 -3.09999 5.43562
      vertex -11.723 -1.7 5.54412
      vertex -11.723 -3.09999 5.54412
    endloop
  endfacet
  facet normal 0 -1 0
    outer loop
      vertex -12.9984 -1.7 26.0992
      vertex -10.0496 -1.7 28.9996
      vertex -10.2477 -1.7 28.9898
    endloop
  endfacet
  facet normal 0 -1 0
    outer loop
      vertex -12.9984 -1.7 26.0992
      vertex -10.2477 -1.7 28.9898
      vertex -10.4448 -1.7 28.9668
    endloop
  endfacet
  facet normal 0 -1 0
    outer loop
      vertex -12.9984 -1.7 26.0992
      vertex -10.4448 -1.7 28.9668
      vertex -10.6399 -1.7 28.931
    endloop
  endfacet
  facet normal 0 -1 0
    outer loop
      vertex -12.9984 -1.7 26.0992
      vertex -10.6399 -1.7 28.931
      vertex -10.8322 -1.7 28.8823
    endloop
  endfacet
  facet normal 0 -1 0
    outer loop
      vertex -12.9984 -1.7 26.0992
      vertex -10.8322 -1.7 28.8823
      vertex -11.0209 -1.7 28.821
    endloop
  endfacet
  facet normal 0 -1 0
    outer loop
      vertex -12.9984 -1.7 26.0992
      vertex -11.0209 -1.7 28.821
      vertex -11.2051 -1.7 28.7473
    endloop
  endfacet
  facet normal 0 -1 0
    outer loop
      vertex -12.9984 -1.7 26.0992
      vertex -11.2051 -1.7 28.7473
      vertex -11.384 -1.7 28.6617
    endloop
  endfacet
  facet normal 0 -1 0
    outer loop
      vertex -12.9984 -1.7 26.0992
      vertex -11.384 -1.7 28.6617
      vertex -11.5569 -1.7 28.5644
    endloop
  endfacet
  facet normal 0 -1 0
    outer loop
      vertex -12.9984 -1.7 26.0992
      vertex -11.5569 -1.7 28.5644
      vertex -11.723 -1.7 28.4559
    endloop
  endfacet
  facet normal 0 -1 0
    outer loop
      vertex -12.9984 -1.7 26.0992
      vertex -11.723 -1.7 28.4559
      vertex -11.8815 -1.7 28.3366
    endloop
  endfacet
  facet normal 0 -1 0
    outer loop
      vertex -12.9984 -1.7 26.0992
      vertex -11.8815 -1.7 28.3366
      vertex -12.0318 -1.7 28.2072
    endloop
  endfacet
  facet normal 0 -1 0
    outer loop
      vertex -12.9984 -1.7 26.0992
      vertex -12.0318 -1.7 28.2072
      vertex -12.1733 -1.7 28.0681
    endloop
  endfacet
  facet normal 0 -1 0
    outer loop
      vertex -12.9984 -1.7 26.0992
      vertex -12.1733 -1.7 28.0681
      vertex -12.3052 -1.7 27.9199
    endloop
  endfacet
  facet normal 0 -1 0
    outer loop
      vertex -12.9984 -1.7 26.0992
      vertex -12.3052 -1.7 27.9199
      vertex -12.4271 -1.7 27.7634
    endloop
  endfacet
  facet normal 0 -1 0
    outer loop
      vertex -12.9984 -1.7 26.0992
      vertex -12.4271 -1.7 27.7634
      vertex -12.5383 -1.7 27.5991
    endloop
  endfacet
  facet normal 0 -1 0
    outer loop
      vertex -12.9984 -1.7 26.0992
      vertex -12.5383 -1.7 27.5991
      vertex -12.6384 -1.7 27.4278
    endloop
  endfacet
  facet normal 0 -1 0
    outer loop
      vertex -12.9984 -1.7 26.0992
      vertex -12.6384 -1.7 27.4278
      vertex -12.727 -1.7 27.2503
    endloop
  endfacet
  facet normal 0 -1 0
    outer loop
      vertex -12.9984 -1.7 26.0992
      vertex -12.727 -1.7 27.2503
      vertex -12.8037 -1.7 27.0674
    endloop
  endfacet
  facet normal 0 -1 0
    outer loop
      vertex -12.9984 -1.7 26.0992
      vertex -12.8037 -1.7 27.0674
      vertex -12.8681 -1.7 26.8797
    endloop
  endfacet
  facet normal 0 -1 0
    outer loop
      vertex -12.9984 -1.7 26.0992
      vertex -12.8681 -1.7 26.8797
      vertex -12.92 -1.7 26.6883
    endloop
  endfacet
  facet normal 0 -1 0
    outer loop
      vertex -12.9984 -1.7 26.0992
      vertex -12.92 -1.7 26.6883
      vertex -12.9591 -1.7 26.4938
    endloop
  endfacet
  facet normal 0 -1 0
    outer loop
      vertex -12.9984 -1.7 26.0992
      vertex -12.9591 -1.7 26.4938
      vertex -12.9852 -1.7 26.2971
    endloop
  endfacet
  facet normal 0 -1 -0
    outer loop
      vertex -10.0496 -1.7 28.9996
      vertex -12.9984 -1.7 26.0992
      vertex -10.0496 -1.7 5.00041
    endloop
  endfacet
  facet normal 0 -1 0
    outer loop
      vertex -10.0496 -1.7 5.00041
      vertex -12.9984 -1.7 26.0992
      vertex -12.9984 -1.7 7.90081
    endloop
  endfacet
  facet normal 0 -1 0
    outer loop
      vertex -10.0496 -1.7 5.00041
      vertex -12.9984 -1.7 7.90081
      vertex -12.9852 -1.7 7.70286
    endloop
  endfacet
  facet normal 0 -1 0
    outer loop
      vertex -10.0496 -1.7 5.00041
      vertex -12.9852 -1.7 7.70286
      vertex -12.9591 -1.7 7.50622
    endloop
  endfacet
  facet normal 0 -1 0
    outer loop
      vertex -10.0496 -1.7 5.00041
      vertex -12.9591 -1.7 7.50622
      vertex -12.92 -1.7 7.31173
    endloop
  endfacet
  facet normal 0 -1 0
    outer loop
      vertex -10.0496 -1.7 5.00041
      vertex -12.92 -1.7 7.31173
      vertex -12.8681 -1.7 7.12025
    endloop
  endfacet
  facet normal 0 -1 0
    outer loop
      vertex -10.0496 -1.7 5.00041
      vertex -12.8681 -1.7 7.12025
      vertex -12.8037 -1.7 6.93262
    endloop
  endfacet
  facet normal 0 -1 0
    outer loop
      vertex -10.0496 -1.7 5.00041
      vertex -12.8037 -1.7 6.93262
      vertex -12.727 -1.7 6.74965
    endloop
  endfacet
  facet normal 0 -1 0
    outer loop
      vertex -10.0496 -1.7 5.00041
      vertex -12.727 -1.7 6.74965
      vertex -12.6384 -1.7 6.57216
    endloop
  endfacet
  facet normal 0 -1 0
    outer loop
      vertex -10.0496 -1.7 5.00041
      vertex -12.6384 -1.7 6.57216
      vertex -12.5383 -1.7 6.4009
    endloop
  endfacet
  facet normal 0 -1 0
    outer loop
      vertex -10.0496 -1.7 5.00041
      vertex -12.5383 -1.7 6.4009
      vertex -12.4271 -1.7 6.23664
    endloop
  endfacet
  facet normal 0 -1 0
    outer loop
      vertex -10.0496 -1.7 5.00041
      vertex -12.4271 -1.7 6.23664
      vertex -12.3052 -1.7 6.08009
    endloop
  endfacet
  facet normal 0 -1 0
    outer loop
      vertex -10.0496 -1.7 5.00041
      vertex -12.3052 -1.7 6.08009
      vertex -12.1733 -1.7 5.93194
    endloop
  endfacet
  facet normal 0 -1 0
    outer loop
      vertex -10.0496 -1.7 5.00041
      vertex -12.1733 -1.7 5.93194
      vertex -12.0318 -1.7 5.79283
    endloop
  endfacet
  facet normal 0 -1 0
    outer loop
      vertex -10.0496 -1.7 5.00041
      vertex -12.0318 -1.7 5.79283
      vertex -11.8815 -1.7 5.66337
    endloop
  endfacet
  facet normal 0 -1 0
    outer loop
      vertex -10.0496 -1.7 5.00041
      vertex -11.8815 -1.7 5.66337
      vertex -11.723 -1.7 5.54412
    endloop
  endfacet
  facet normal 0 -1 0
    outer loop
      vertex -10.0496 -1.7 5.00041
      vertex -11.723 -1.7 5.54412
      vertex -11.5569 -1.7 5.43562
    endloop
  endfacet
  facet normal 0 -1 0
    outer loop
      vertex -10.0496 -1.7 5.00041
      vertex -11.5569 -1.7 5.43562
      vertex -11.384 -1.7 5.33833
    endloop
  endfacet
  facet normal 0 -1 0
    outer loop
      vertex -10.0496 -1.7 5.00041
      vertex -11.384 -1.7 5.33833
      vertex -11.2051 -1.7 5.25268
    endloop
  endfacet
  facet normal 0 -1 0
    outer loop
      vertex -10.0496 -1.7 5.00041
      vertex -11.2051 -1.7 5.25268
      vertex -11.0209 -1.7 5.17904
    endloop
  endfacet
  facet normal 0 -1 0
    outer loop
      vertex -10.0496 -1.7 5.00041
      vertex -11.0209 -1.7 5.17904
      vertex -10.8322 -1.7 5.11774
    endloop
  endfacet
  facet normal 0 -1 0
    outer loop
      vertex -10.0496 -1.7 5.00041
      vertex -10.8322 -1.7 5.11774
      vertex -10.6399 -1.7 5.06904
    endloop
  endfacet
  facet normal 0 -1 0
    outer loop
      vertex -10.0496 -1.7 5.00041
      vertex -10.6399 -1.7 5.06904
      vertex -10.4448 -1.7 5.03316
    endloop
  endfacet
  facet normal 0 -1 0
    outer loop
      vertex -10.0496 -1.7 5.00041
      vertex -10.4448 -1.7 5.03316
      vertex -10.2477 -1.7 5.01025
    endloop
  endfacet
  facet normal 0 -1 0
    outer loop
      vertex -10.0496 -1.7 28.9996
      vertex -10.0496 -1.7 5.00041
      vertex 12.5958 -1.7 29
    endloop
  endfacet
  facet normal 0 -1 -0
    outer loop
      vertex 12.5958 -1.7 29
      vertex -10.0496 -1.7 5.00041
      vertex 12.5958 -1.7 5.00001
    endloop
  endfacet
  facet normal 0.922247 -0 0.386601
    outer loop
      vertex -12.8037 -3.09999 6.93262
      vertex -12.727 -1.7 6.74965
      vertex -12.8037 -1.7 6.93262
    endloop
  endfacet
  facet normal 0.922247 0 0.386601
    outer loop
      vertex -12.727 -1.7 6.74965
      vertex -12.8037 -3.09999 6.93262
      vertex -12.727 -3.09999 6.74965
    endloop
  endfacet
  facet normal 0.2455 0 0.969397
    outer loop
      vertex -10.8322 -1.7 5.11774
      vertex -10.6399 -3.09999 5.06904
      vertex -10.6399 -1.7 5.06904
    endloop
  endfacet
  facet normal 0.2455 0 0.969397
    outer loop
      vertex -10.6399 -3.09999 5.06904
      vertex -10.8322 -1.7 5.11774
      vertex -10.8322 -3.09999 5.11774
    endloop
  endfacet
  facet normal 0.49039 0 0.871503
    outer loop
      vertex -11.5569 -1.7 5.43562
      vertex -11.384 -3.09999 5.33833
      vertex -11.384 -1.7 5.33833
    endloop
  endfacet
  facet normal 0.49039 0 0.871503
    outer loop
      vertex -11.384 -3.09999 5.33833
      vertex -11.5569 -1.7 5.43562
      vertex -11.5569 -3.09999 5.43562
    endloop
  endfacet
  facet normal 0.652451 0 -0.757831
    outer loop
      vertex -12.0318 -3.09999 28.2072
      vertex -11.8815 -1.7 28.3366
      vertex -11.8815 -3.09999 28.3366
    endloop
  endfacet
  facet normal 0.652451 0 -0.757831
    outer loop
      vertex -11.8815 -1.7 28.3366
      vertex -12.0318 -3.09999 28.2072
      vertex -12.0318 -1.7 28.2072
    endloop
  endfacet
  facet normal 0.701033 0 -0.713129
    outer loop
      vertex -12.1733 -3.09999 28.0681
      vertex -12.0318 -1.7 28.2072
      vertex -12.0318 -3.09999 28.2072
    endloop
  endfacet
  facet normal 0.701033 0 -0.713129
    outer loop
      vertex -12.0318 -1.7 28.2072
      vertex -12.1733 -3.09999 28.0681
      vertex -12.1733 -1.7 28.0681
    endloop
  endfacet
  facet normal 0.894719 -0 0.446629
    outer loop
      vertex -12.727 -3.09999 6.74965
      vertex -12.6384 -1.7 6.57216
      vertex -12.727 -1.7 6.74965
    endloop
  endfacet
  facet normal 0.894719 0 0.446629
    outer loop
      vertex -12.6384 -1.7 6.57216
      vertex -12.727 -3.09999 6.74965
      vertex -12.6384 -3.09999 6.57216
    endloop
  endfacet
  facet normal -0.866019 0.500011 0
    outer loop
      vertex 12.99 -2.41731 5
      vertex 13 -2.39999 29
      vertex 13 -2.39999 5
    endloop
  endfacet
  facet normal -0.866019 0.500011 0
    outer loop
      vertex 12.99 -2.41731 5
      vertex 12.99 -2.41731 29
      vertex 13 -2.39999 29
    endloop
  endfacet
  facet normal -0.865995 0.500052 0
    outer loop
      vertex 12.5958 -3.09999 5.00001
      vertex 12.99 -2.41731 29
      vertex 12.99 -2.41731 5
    endloop
  endfacet
  facet normal -0.865995 0.500052 0
    outer loop
      vertex 12.99 -2.41731 29
      vertex 12.5958 -3.09999 5.00001
      vertex 12.5958 -3.09999 29
    endloop
  endfacet
  facet normal 0 1 0
    outer loop
      vertex -10.0496 -3.09999 5.00041
      vertex -10.0496 -3.09999 28.9996
      vertex 12.5958 -3.09999 29
    endloop
  endfacet
  facet normal -0 1 0
    outer loop
      vertex -12.9984 -3.09999 26.0992
      vertex -10.0496 -3.09999 28.9996
      vertex -10.0496 -3.09999 5.00041
    endloop
  endfacet
  facet normal 0 1 0
    outer loop
      vertex -10.0496 -3.09999 28.9996
      vertex -12.9984 -3.09999 26.0992
      vertex -10.2477 -3.09999 28.9898
    endloop
  endfacet
  facet normal 0 1 0
    outer loop
      vertex -10.2477 -3.09999 28.9898
      vertex -12.9984 -3.09999 26.0992
      vertex -10.4448 -3.09999 28.9668
    endloop
  endfacet
  facet normal 0 1 0
    outer loop
      vertex -10.6399 -3.09999 28.931
      vertex -12.9984 -3.09999 26.0992
      vertex -10.8322 -3.09999 28.8823
    endloop
  endfacet
  facet normal 0 1 0
    outer loop
      vertex -10.8322 -3.09999 28.8823
      vertex -12.9984 -3.09999 26.0992
      vertex -11.0209 -3.09999 28.821
    endloop
  endfacet
  facet normal 0 1 0
    outer loop
      vertex -11.0209 -3.09999 28.821
      vertex -12.9984 -3.09999 26.0992
      vertex -11.2051 -3.09999 28.7473
    endloop
  endfacet
  facet normal 0 1 0
    outer loop
      vertex -11.2051 -3.09999 28.7473
      vertex -12.9984 -3.09999 26.0992
      vertex -11.384 -3.09999 28.6617
    endloop
  endfacet
  facet normal 0 1 0
    outer loop
      vertex -11.384 -3.09999 28.6617
      vertex -12.9984 -3.09999 26.0992
      vertex -11.5569 -3.09999 28.5644
    endloop
  endfacet
  facet normal 0 1 0
    outer loop
      vertex -11.5569 -3.09999 28.5644
      vertex -12.9984 -3.09999 26.0992
      vertex -11.723 -3.09999 28.4559
    endloop
  endfacet
  facet normal 0 1 0
    outer loop
      vertex -11.723 -3.09999 28.4559
      vertex -12.9984 -3.09999 26.0992
      vertex -11.8815 -3.09999 28.3366
    endloop
  endfacet
  facet normal 0 1 0
    outer loop
      vertex -11.8815 -3.09999 28.3366
      vertex -12.9984 -3.09999 26.0992
      vertex -12.0318 -3.09999 28.2072
    endloop
  endfacet
  facet normal 0 1 0
    outer loop
      vertex -12.0318 -3.09999 28.2072
      vertex -12.9984 -3.09999 26.0992
      vertex -12.1733 -3.09999 28.0681
    endloop
  endfacet
  facet normal 0 1 0
    outer loop
      vertex -12.1733 -3.09999 28.0681
      vertex -12.9984 -3.09999 26.0992
      vertex -12.3052 -3.09999 27.9199
    endloop
  endfacet
  facet normal 0 1 0
    outer loop
      vertex -12.3052 -3.09999 27.9199
      vertex -12.9984 -3.09999 26.0992
      vertex -12.4271 -3.09999 27.7634
    endloop
  endfacet
  facet normal 0 1 0
    outer loop
      vertex -12.4271 -3.09999 27.7634
      vertex -12.9984 -3.09999 26.0992
      vertex -12.5383 -3.09999 27.5991
    endloop
  endfacet
  facet normal 0 1 0
    outer loop
      vertex -12.5383 -3.09999 27.5991
      vertex -12.9984 -3.09999 26.0992
      vertex -12.6384 -3.09999 27.4278
    endloop
  endfacet
  facet normal 0 1 0
    outer loop
      vertex -12.6384 -3.09999 27.4278
      vertex -12.9984 -3.09999 26.0992
      vertex -12.727 -3.09999 27.2503
    endloop
  endfacet
  facet normal 0 1 0
    outer loop
      vertex -12.727 -3.09999 27.2503
      vertex -12.9984 -3.09999 26.0992
      vertex -12.8037 -3.09999 27.0674
    endloop
  endfacet
  facet normal 0 1 0
    outer loop
      vertex -12.8037 -3.09999 27.0674
      vertex -12.9984 -3.09999 26.0992
      vertex -12.8681 -3.09999 26.8797
    endloop
  endfacet
  facet normal 0 1 0
    outer loop
      vertex -12.8681 -3.09999 26.8797
      vertex -12.9984 -3.09999 26.0992
      vertex -12.92 -3.09999 26.6883
    endloop
  endfacet
  facet normal 0 1 0
    outer loop
      vertex -12.92 -3.09999 26.6883
      vertex -12.9984 -3.09999 26.0992
      vertex -12.9591 -3.09999 26.4938
    endloop
  endfacet
  facet normal 0 1 0
    outer loop
      vertex -12.9591 -3.09999 26.4938
      vertex -12.9984 -3.09999 26.0992
      vertex -12.9852 -3.09999 26.2971
    endloop
  endfacet
  facet normal 0 1 0
    outer loop
      vertex -10.4448 -3.09999 28.9668
      vertex -12.9984 -3.09999 26.0992
      vertex -10.6399 -3.09999 28.931
    endloop
  endfacet
  facet normal 0 1 0
    outer loop
      vertex -12.9984 -3.09999 26.0992
      vertex -10.0496 -3.09999 5.00041
      vertex -12.9984 -3.09999 7.90081
    endloop
  endfacet
  facet normal 0 1 0
    outer loop
      vertex -12.9984 -3.09999 7.90081
      vertex -10.0496 -3.09999 5.00041
      vertex -12.9852 -3.09999 7.70286
    endloop
  endfacet
  facet normal 0 1 0
    outer loop
      vertex -12.9852 -3.09999 7.70286
      vertex -10.0496 -3.09999 5.00041
      vertex -12.9591 -3.09999 7.50622
    endloop
  endfacet
  facet normal 0 1 0
    outer loop
      vertex -12.9591 -3.09999 7.50622
      vertex -10.0496 -3.09999 5.00041
      vertex -12.92 -3.09999 7.31173
    endloop
  endfacet
  facet normal 0 1 0
    outer loop
      vertex -12.92 -3.09999 7.31173
      vertex -10.0496 -3.09999 5.00041
      vertex -12.8681 -3.09999 7.12025
    endloop
  endfacet
  facet normal 0 1 0
    outer loop
      vertex -12.8681 -3.09999 7.12025
      vertex -10.0496 -3.09999 5.00041
      vertex -12.8037 -3.09999 6.93262
    endloop
  endfacet
  facet normal 0 1 0
    outer loop
      vertex -12.8037 -3.09999 6.93262
      vertex -10.0496 -3.09999 5.00041
      vertex -12.727 -3.09999 6.74965
    endloop
  endfacet
  facet normal 0 1 0
    outer loop
      vertex -12.727 -3.09999 6.74965
      vertex -10.0496 -3.09999 5.00041
      vertex -12.6384 -3.09999 6.57216
    endloop
  endfacet
  facet normal 0 1 0
    outer loop
      vertex -12.6384 -3.09999 6.57216
      vertex -10.0496 -3.09999 5.00041
      vertex -12.5383 -3.09999 6.4009
    endloop
  endfacet
  facet normal 0 1 0
    outer loop
      vertex -12.5383 -3.09999 6.4009
      vertex -10.0496 -3.09999 5.00041
      vertex -12.4271 -3.09999 6.23664
    endloop
  endfacet
  facet normal 0 1 0
    outer loop
      vertex -12.4271 -3.09999 6.23664
      vertex -10.0496 -3.09999 5.00041
      vertex -12.3052 -3.09999 6.08009
    endloop
  endfacet
  facet normal 0 1 0
    outer loop
      vertex -12.3052 -3.09999 6.08009
      vertex -10.0496 -3.09999 5.00041
      vertex -12.1733 -3.09999 5.93194
    endloop
  endfacet
  facet normal 0 1 0
    outer loop
      vertex -12.1733 -3.09999 5.93194
      vertex -10.0496 -3.09999 5.00041
      vertex -12.0318 -3.09999 5.79283
    endloop
  endfacet
  facet normal 0 1 0
    outer loop
      vertex -12.0318 -3.09999 5.79283
      vertex -10.0496 -3.09999 5.00041
      vertex -11.8815 -3.09999 5.66337
    endloop
  endfacet
  facet normal 0 1 0
    outer loop
      vertex -11.8815 -3.09999 5.66337
      vertex -10.0496 -3.09999 5.00041
      vertex -11.723 -3.09999 5.54412
    endloop
  endfacet
  facet normal 0 1 0
    outer loop
      vertex -11.723 -3.09999 5.54412
      vertex -10.0496 -3.09999 5.00041
      vertex -11.5569 -3.09999 5.43562
    endloop
  endfacet
  facet normal 0 1 0
    outer loop
      vertex -11.5569 -3.09999 5.43562
      vertex -10.0496 -3.09999 5.00041
      vertex -11.384 -3.09999 5.33833
    endloop
  endfacet
  facet normal 0 1 0
    outer loop
      vertex -11.384 -3.09999 5.33833
      vertex -10.0496 -3.09999 5.00041
      vertex -11.2051 -3.09999 5.25268
    endloop
  endfacet
  facet normal 0 1 0
    outer loop
      vertex -11.2051 -3.09999 5.25268
      vertex -10.0496 -3.09999 5.00041
      vertex -11.0209 -3.09999 5.17904
    endloop
  endfacet
  facet normal 0 1 0
    outer loop
      vertex -11.0209 -3.09999 5.17904
      vertex -10.0496 -3.09999 5.00041
      vertex -10.8322 -3.09999 5.11774
    endloop
  endfacet
  facet normal 0 1 0
    outer loop
      vertex -10.8322 -3.09999 5.11774
      vertex -10.0496 -3.09999 5.00041
      vertex -10.6399 -3.09999 5.06904
    endloop
  endfacet
  facet normal 0 1 0
    outer loop
      vertex -10.6399 -3.09999 5.06904
      vertex -10.0496 -3.09999 5.00041
      vertex -10.4448 -3.09999 5.03316
    endloop
  endfacet
  facet normal 0 1 0
    outer loop
      vertex -10.4448 -3.09999 5.03316
      vertex -10.0496 -3.09999 5.00041
      vertex -10.2477 -3.09999 5.01025
    endloop
  endfacet
  facet normal -0 1 0
    outer loop
      vertex -10.0496 -3.09999 5.00041
      vertex 12.5958 -3.09999 29
      vertex 12.5958 -3.09999 5.00001
    endloop
  endfacet
  facet normal -0.865992 -0.500057 0
    outer loop
      vertex 12.99 -2.38267 5
      vertex 12.5958 -1.7 29
      vertex 12.5958 -1.7 5.00001
    endloop
  endfacet
  facet normal -0.865992 -0.500057 0
    outer loop
      vertex 12.99 -2.38267 5
      vertex 12.99 -2.38267 29
      vertex 12.5958 -1.7 29
    endloop
  endfacet
  facet normal -0.866019 -0.500011 0
    outer loop
      vertex 13 -2.39999 5
      vertex 12.99 -2.38267 29
      vertex 12.99 -2.38267 5
    endloop
  endfacet
  facet normal -0.866019 -0.500011 0
    outer loop
      vertex 12.99 -2.38267 29
      vertex 13 -2.39999 5
      vertex 13 -2.39999 29
    endloop
  endfacet
  facet normal 0.711003 -0.703189 -5.87259e-05
    outer loop
      vertex -13.5 1.89999 97.8
      vertex -13.4986 1.90143 97.5073
      vertex -13.4973 1.90272 97.8
    endloop
  endfacet
  facet normal 0.890551 -0.454879 0.00202168
    outer loop
      vertex -13.5 1.89999 97.8
      vertex -13.4986 1.90135 97.4893
      vertex -13.4986 1.90143 97.5073
    endloop
  endfacet
  facet normal 0.706366 -0.707847 5.48631e-07
    outer loop
      vertex -13.4829 1.91713 96.7654
      vertex -13.5 1.89999 -1
      vertex -13.4782 1.92182 96.5498
    endloop
  endfacet
  facet normal 0.708894 -0.705315 -3.3732e-07
    outer loop
      vertex -13.4986 1.90135 97.4893
      vertex -13.5 1.89999 -1
      vertex -13.4829 1.91713 96.7654
    endloop
  endfacet
  facet normal 0.696786 -0.717279 0
    outer loop
      vertex -13.5 1.89999 -1
      vertex -13.4986 1.90135 97.4893
      vertex -13.5 1.89999 97.8
    endloop
  endfacet
  facet normal 0.071247 0 -0.997459
    outer loop
      vertex -13.4782 1.92182 96.5498
      vertex -13.425 1.97499 96.5536
      vertex -13.425 1.97498 96.5536
    endloop
  endfacet
  facet normal 0.707107 -0.707107 2.1746e-07
    outer loop
      vertex -13.425 1.97499 -1
      vertex -13.4782 1.92182 96.5498
      vertex -13.5 1.89999 -1
    endloop
  endfacet
  facet normal 0.706907 -0.707306 0
    outer loop
      vertex -13.4782 1.92182 96.5498
      vertex -13.425 1.97499 -1
      vertex -13.425 1.97499 96.5536
    endloop
  endfacet
  facet normal 0 0 1
    outer loop
      vertex 13.425 1.97499 -1
      vertex 13.425 1.825 -1
      vertex 13.5 1.89999 -1
    endloop
  endfacet
  facet normal -0 0 1
    outer loop
      vertex -13.425 1.97499 -1
      vertex 13.425 1.825 -1
      vertex 13.425 1.97499 -1
    endloop
  endfacet
  facet normal 0 0 1
    outer loop
      vertex -13.425 1.97499 -1
      vertex -13.425 1.825 -1
      vertex 13.425 1.825 -1
    endloop
  endfacet
  facet normal 0 -0 1
    outer loop
      vertex -13.425 1.825 -1
      vertex -13.425 1.97499 -1
      vertex -13.5 1.89999 -1
    endloop
  endfacet
  facet normal -0.70706 0.707154 0
    outer loop
      vertex 13.5 1.89999 -1
      vertex 13.425 1.825 97.8
      vertex 13.5 1.89999 97.8
    endloop
  endfacet
  facet normal -0.70706 0.707154 0
    outer loop
      vertex 13.425 1.825 97.8
      vertex 13.5 1.89999 -1
      vertex 13.425 1.825 -1
    endloop
  endfacet
  facet normal -0 0 -1
    outer loop
      vertex 13.5 1.89999 97.8
      vertex 13.4499 1.85536 97.8
      vertex 13.4973 1.90272 97.8
    endloop
  endfacet
  facet normal 0 0 -1
    outer loop
      vertex 13.425 1.825 97.8
      vertex 13.4499 1.85536 97.8
      vertex 13.5 1.89999 97.8
    endloop
  endfacet
  facet normal 0 0 -1
    outer loop
      vertex 13.425 1.825 97.8
      vertex 13.425 1.83048 97.8
      vertex 13.4499 1.85536 97.8
    endloop
  endfacet
  facet normal 0 0 -1
    outer loop
      vertex -13.425 1.825 97.8
      vertex 13.425 1.83048 97.8
      vertex 13.425 1.825 97.8
    endloop
  endfacet
  facet normal 0 0 -1
    outer loop
      vertex -13.425 1.825 97.8
      vertex -13.425 1.83048 97.8
      vertex 13.425 1.83048 97.8
    endloop
  endfacet
  facet normal 0 0 -1
    outer loop
      vertex -13.425 1.825 97.8
      vertex -13.4752 1.88071 97.8
      vertex -13.425 1.83048 97.8
    endloop
  endfacet
  facet normal 0 0 -1
    outer loop
      vertex -13.5 1.89999 97.8
      vertex -13.4752 1.88071 97.8
      vertex -13.425 1.825 97.8
    endloop
  endfacet
  facet normal 0 0 -1
    outer loop
      vertex -13.4752 1.88071 97.8
      vertex -13.5 1.89999 97.8
      vertex -13.4973 1.90272 97.8
    endloop
  endfacet
  facet normal 0.70706 0.707154 -0
    outer loop
      vertex -13.425 1.825 -1
      vertex -13.5 1.89999 97.8
      vertex -13.425 1.825 97.8
    endloop
  endfacet
  facet normal 0.70706 0.707154 0
    outer loop
      vertex -13.5 1.89999 97.8
      vertex -13.425 1.825 -1
      vertex -13.5 1.89999 -1
    endloop
  endfacet
  facet normal 0 -1 0
    outer loop
      vertex -13.425 1.97499 -1
      vertex 13.425 1.97499 96.5536
      vertex -13.425 1.97499 96.5536
    endloop
  endfacet
  facet normal 0 -1 -0
    outer loop
      vertex 13.425 1.97499 96.5536
      vertex -13.425 1.97499 -1
      vertex 13.425 1.97499 -1
    endloop
  endfacet
  facet normal 0 1 -0
    outer loop
      vertex 13.425 1.825 -1
      vertex -13.425 1.825 97.8
      vertex 13.425 1.825 97.8
    endloop
  endfacet
  facet normal 0 1 0
    outer loop
      vertex -13.425 1.825 97.8
      vertex 13.425 1.825 -1
      vertex -13.425 1.825 -1
    endloop
  endfacet
  facet normal -0.706841 -0.707373 -0
    outer loop
      vertex 13.425 1.97499 96.5536
      vertex 13.425 1.97499 -1
      vertex 13.4782 1.92183 96.5498
    endloop
  endfacet
  facet normal -0.711003 -0.703189 0.000125736
    outer loop
      vertex 13.4986 1.90135 97.4893
      vertex 13.5 1.89999 97.8
      vertex 13.4973 1.90272 97.8
    endloop
  endfacet
  facet normal -0.707107 -0.707107 2.89947e-07
    outer loop
      vertex 13.5 1.89999 -1
      vertex 13.4782 1.92183 96.5498
      vertex 13.425 1.97499 -1
    endloop
  endfacet
  facet normal -0.708341 -0.70587 -2.62738e-07
    outer loop
      vertex 13.4782 1.92183 96.5498
      vertex 13.5 1.89999 -1
      vertex 13.4981 1.90186 97.4659
    endloop
  endfacet
  facet normal -0.714062 -0.700083 -4.83037e-07
    outer loop
      vertex 13.4981 1.90186 97.4659
      vertex 13.5 1.89999 -1
      vertex 13.4986 1.90135 97.4893
    endloop
  endfacet
  facet normal -0.696786 -0.717279 0
    outer loop
      vertex 13.4986 1.90135 97.4893
      vertex 13.5 1.89999 -1
      vertex 13.5 1.89999 97.8
    endloop
  endfacet
  facet normal -0 0.579219 0.815172
    outer loop
      vertex -13.425 34.4524 87.3881
      vertex 13.425 34.3301 87.475
      vertex 13.425 34.4524 87.3881
    endloop
  endfacet
  facet normal 0 0.579219 0.815172
    outer loop
      vertex 13.425 34.3301 87.475
      vertex -13.425 34.4524 87.3881
      vertex -13.425 34.3301 87.475
    endloop
  endfacet
  facet normal 0.000157302 0.579219 0.815172
    outer loop
      vertex 13.425 34.4524 87.3881
      vertex 13.425 34.3301 87.475
      vertex 13.5 34.3913 87.4315
    endloop
  endfacet
  facet normal -0.000157302 0.579219 0.815172
    outer loop
      vertex -13.425 34.4524 87.3881
      vertex -13.5 34.3913 87.4315
      vertex -13.425 34.3301 87.475
    endloop
  endfacet
  facet normal 0 -0.0689125 0.997623
    outer loop
      vertex 13.425 2.01842 96.5566
      vertex -13.425 1.97499 96.5536
      vertex 13.425 1.97499 96.5536
    endloop
  endfacet
  facet normal 0 -0.0689125 0.997623
    outer loop
      vertex -13.425 2.01842 96.5566
      vertex -13.425 1.97499 96.5536
      vertex 13.425 2.01842 96.5566
    endloop
  endfacet
  facet normal 1 0 -0
    outer loop
      vertex -13.425 1.97499 96.5536
      vertex -13.425 2.01842 96.5566
      vertex -13.425 1.97498 96.5536
    endloop
  endfacet
  facet normal 0.000430626 -0.0689125 0.997623
    outer loop
      vertex 13.425 1.97499 96.5536
      vertex 13.5 1.94361 96.5514
      vertex 13.425 2.01842 96.5566
    endloop
  endfacet
  facet normal -0.000986374 -0.0722824 0.997384
    outer loop
      vertex 13.5 1.94361 96.5514
      vertex 13.425 1.97499 96.5536
      vertex 13.4782 1.92183 96.5498
    endloop
  endfacet
  facet normal -0.00044645 -0.0688967 0.997624
    outer loop
      vertex -13.5 1.94361 96.5514
      vertex -13.425 1.97498 96.5536
      vertex -13.425 2.01842 96.5566
    endloop
  endfacet
  facet normal 0.000969799 -0.0722659 0.997385
    outer loop
      vertex -13.425 1.97498 96.5536
      vertex -13.5 1.94361 96.5514
      vertex -13.4782 1.92182 96.5498
    endloop
  endfacet
  facet normal 0.707383 0.586696 -0.394205
    outer loop
      vertex -13.425 34.3301 87.475
      vertex -13.5 34.3913 87.4315
      vertex -13.425 34.8515 88.251
    endloop
  endfacet
  facet normal 0.706925 0.587117 -0.3944
    outer loop
      vertex -13.425 34.8515 88.251
      vertex -13.5 34.3913 87.4315
      vertex -13.5 34.9148 88.2108
    endloop
  endfacet
  facet normal 0 0.830037 -0.557708
    outer loop
      vertex 13.425 34.3301 87.475
      vertex -13.425 34.8515 88.251
      vertex 13.425 34.8515 88.251
    endloop
  endfacet
  facet normal 0 0.830037 -0.557708
    outer loop
      vertex -13.425 34.8515 88.251
      vertex 13.425 34.3301 87.475
      vertex -13.425 34.3301 87.475
    endloop
  endfacet
  facet normal -0.707382 0.586737 -0.394145
    outer loop
      vertex 13.5 34.3913 87.4315
      vertex 13.425 34.3301 87.475
      vertex 13.5 34.9148 88.2108
    endloop
  endfacet
  facet normal -0.706924 0.587077 -0.394461
    outer loop
      vertex 13.5 34.9148 88.2108
      vertex 13.425 34.3301 87.475
      vertex 13.425 34.8515 88.251
    endloop
  endfacet
  facet normal -0.706727 -0.587286 0.394501
    outer loop
      vertex 13.425 34.9781 88.1707
      vertex 13.425 34.4524 87.3881
      vertex 13.5 34.3913 87.4315
    endloop
  endfacet
  facet normal -0.706662 -0.587335 0.394546
    outer loop
      vertex 13.5 34.9148 88.2108
      vertex 13.425 34.9781 88.1707
      vertex 13.5 34.3913 87.4315
    endloop
  endfacet
  facet normal 0 -0.830103 0.55761
    outer loop
      vertex -13.425 34.4524 87.3881
      vertex 13.425 34.9781 88.1707
      vertex -13.425 34.9781 88.1707
    endloop
  endfacet
  facet normal 0 -0.830103 0.55761
    outer loop
      vertex 13.425 34.9781 88.1707
      vertex -13.425 34.4524 87.3881
      vertex 13.425 34.4524 87.3881
    endloop
  endfacet
  facet normal 0.706727 -0.587281 0.39451
    outer loop
      vertex -13.5 34.9148 88.2108
      vertex -13.5 34.3913 87.4315
      vertex -13.425 34.4524 87.3881
    endloop
  endfacet
  facet normal 0.706662 -0.587341 0.394538
    outer loop
      vertex -13.425 34.9781 88.1707
      vertex -13.5 34.9148 88.2108
      vertex -13.425 34.4524 87.3881
    endloop
  endfacet
  facet normal 0.706916 0.606963 -0.363134
    outer loop
      vertex -13.425 34.8515 88.251
      vertex -13.5 34.9148 88.2108
      vertex -13.425 35.3315 89.0533
    endloop
  endfacet
  facet normal 0.706778 0.607092 -0.363185
    outer loop
      vertex -13.425 35.3315 89.0533
      vertex -13.5 34.9148 88.2108
      vertex -13.5 35.3968 89.0165
    endloop
  endfacet
  facet normal 0 0.858143 -0.51341
    outer loop
      vertex 13.425 34.8515 88.251
      vertex -13.425 35.3315 89.0533
      vertex 13.425 35.3315 89.0533
    endloop
  endfacet
  facet normal 0 0.858143 -0.51341
    outer loop
      vertex -13.425 35.3315 89.0533
      vertex 13.425 34.8515 88.251
      vertex -13.425 34.8515 88.251
    endloop
  endfacet
  facet normal -0.706916 0.606974 -0.363115
    outer loop
      vertex 13.5 34.9148 88.2108
      vertex 13.425 34.8515 88.251
      vertex 13.5 35.3968 89.0165
    endloop
  endfacet
  facet normal -0.706778 0.607081 -0.363205
    outer loop
      vertex 13.5 35.3968 89.0165
      vertex 13.425 34.8515 88.251
      vertex 13.425 35.3315 89.0533
    endloop
  endfacet
  facet normal -0.706674 -0.607173 0.363253
    outer loop
      vertex 13.425 35.4621 88.9797
      vertex 13.425 34.9781 88.1707
      vertex 13.5 34.9148 88.2108
    endloop
  endfacet
  facet normal -0.706778 -0.607092 0.363185
    outer loop
      vertex 13.5 35.3968 89.0165
      vertex 13.425 35.4621 88.9797
      vertex 13.5 34.9148 88.2108
    endloop
  endfacet
  facet normal 0 -0.858147 0.513403
    outer loop
      vertex -13.425 34.9781 88.1707
      vertex 13.425 35.4621 88.9797
      vertex -13.425 35.4621 88.9797
    endloop
  endfacet
  facet normal 0 -0.858147 0.513403
    outer loop
      vertex 13.425 35.4621 88.9797
      vertex -13.425 34.9781 88.1707
      vertex 13.425 34.9781 88.1707
    endloop
  endfacet
  facet normal 0.706673 -0.607182 0.363239
    outer loop
      vertex -13.5 35.3968 89.0165
      vertex -13.5 34.9148 88.2108
      vertex -13.425 34.9781 88.1707
    endloop
  endfacet
  facet normal 0.706778 -0.607084 0.3632
    outer loop
      vertex -13.425 35.4621 88.9797
      vertex -13.5 35.3968 89.0165
      vertex -13.425 34.9781 88.1707
    endloop
  endfacet
  facet normal 0.706772 0.625324 -0.330822
    outer loop
      vertex -13.425 35.3315 89.0533
      vertex -13.5 35.3968 89.0165
      vertex -13.425 35.7687 89.8797
    endloop
  endfacet
  facet normal 0.707193 0.62492 -0.330685
    outer loop
      vertex -13.425 35.7687 89.8797
      vertex -13.5 35.3968 89.0165
      vertex -13.5 35.8359 89.8463
    endloop
  endfacet
  facet normal 0 0.883923 -0.467632
    outer loop
      vertex 13.425 35.3315 89.0533
      vertex -13.425 35.7687 89.8797
      vertex 13.425 35.7687 89.8797
    endloop
  endfacet
  facet normal 0 0.883923 -0.467632
    outer loop
      vertex -13.425 35.7687 89.8797
      vertex 13.425 35.3315 89.0533
      vertex -13.425 35.3315 89.0533
    endloop
  endfacet
  facet normal -0.706773 0.625291 -0.330882
    outer loop
      vertex 13.5 35.3968 89.0165
      vertex 13.425 35.3315 89.0533
      vertex 13.5 35.8359 89.8463
    endloop
  endfacet
  facet normal -0.707194 0.624951 -0.330625
    outer loop
      vertex 13.5 35.8359 89.8463
      vertex 13.425 35.3315 89.0533
      vertex 13.425 35.7687 89.8797
    endloop
  endfacet
  facet normal -0.706773 -0.625276 0.330909
    outer loop
      vertex 13.425 35.9031 89.813
      vertex 13.425 35.4621 88.9797
      vertex 13.5 35.3968 89.0165
    endloop
  endfacet
  facet normal -0.706973 -0.625115 0.330788
    outer loop
      vertex 13.5 35.8359 89.8463
      vertex 13.425 35.9031 89.813
      vertex 13.5 35.3968 89.0165
    endloop
  endfacet
  facet normal 0 -0.883858 0.467756
    outer loop
      vertex -13.425 35.4621 88.9797
      vertex 13.425 35.9031 89.813
      vertex -13.425 35.9031 89.813
    endloop
  endfacet
  facet normal 0 -0.883858 0.467756
    outer loop
      vertex 13.425 35.9031 89.813
      vertex -13.425 35.4621 88.9797
      vertex 13.425 35.4621 88.9797
    endloop
  endfacet
  facet normal 0.706773 -0.625291 0.330882
    outer loop
      vertex -13.5 35.8359 89.8463
      vertex -13.5 35.3968 89.0165
      vertex -13.425 35.4621 88.9797
    endloop
  endfacet
  facet normal 0.706972 -0.6251 0.330816
    outer loop
      vertex -13.425 35.9031 89.813
      vertex -13.5 35.8359 89.8463
      vertex -13.425 35.4621 88.9797
    endloop
  endfacet
  facet normal 0.707179 0.64142 -0.297454
    outer loop
      vertex -13.425 35.7687 89.8797
      vertex -13.5 35.8359 89.8463
      vertex -13.425 36.162 90.7278
    endloop
  endfacet
  facet normal 0.706684 0.641902 -0.29759
    outer loop
      vertex -13.425 36.162 90.7278
      vertex -13.5 35.8359 89.8463
      vertex -13.5 36.2308 90.6981
    endloop
  endfacet
  facet normal 0 0.907197 -0.420706
    outer loop
      vertex 13.425 35.7687 89.8797
      vertex -13.425 36.162 90.7278
      vertex 13.425 36.162 90.7278
    endloop
  endfacet
  facet normal 0 0.907197 -0.420706
    outer loop
      vertex -13.425 36.162 90.7278
      vertex 13.425 35.7687 89.8797
      vertex -13.425 35.7687 89.8797
    endloop
  endfacet
  facet normal -0.707177 0.641454 -0.297382
    outer loop
      vertex 13.5 35.8359 89.8463
      vertex 13.425 35.7687 89.8797
      vertex 13.5 36.2308 90.6981
    endloop
  endfacet
  facet normal -0.706683 0.64187 -0.297662
    outer loop
      vertex 13.5 36.2308 90.6981
      vertex 13.425 35.7687 89.8797
      vertex 13.425 36.162 90.7278
    endloop
  endfacet
  facet normal -0.70698 -0.641612 0.297513
    outer loop
      vertex 13.425 36.2997 90.6683
      vertex 13.425 35.9031 89.813
      vertex 13.5 35.8359 89.8463
    endloop
  endfacet
  facet normal -0.70731 -0.641334 0.297327
    outer loop
      vertex 13.5 36.2308 90.6981
      vertex 13.425 36.2997 90.6683
      vertex 13.5 35.8359 89.8463
    endloop
  endfacet
  facet normal 0 -0.907213 0.420672
    outer loop
      vertex -13.425 35.9031 89.813
      vertex 13.425 36.2997 90.6683
      vertex -13.425 36.2997 90.6683
    endloop
  endfacet
  facet normal 0 -0.907213 0.420672
    outer loop
      vertex 13.425 36.2997 90.6683
      vertex -13.425 35.9031 89.813
      vertex 13.425 35.9031 89.813
    endloop
  endfacet
  facet normal 0.706979 -0.641634 0.297466
    outer loop
      vertex -13.5 36.2308 90.6981
      vertex -13.5 35.8359 89.8463
      vertex -13.425 35.9031 89.813
    endloop
  endfacet
  facet normal 0.707309 -0.641313 0.297375
    outer loop
      vertex -13.425 36.2997 90.6683
      vertex -13.5 36.2308 90.6981
      vertex -13.425 35.9031 89.813
    endloop
  endfacet
  facet normal 0.706691 0.656588 -0.263589
    outer loop
      vertex -13.425 36.162 90.7278
      vertex -13.5 36.2308 90.6981
      vertex -13.425 36.5103 91.5954
    endloop
  endfacet
  facet normal 0.706931 0.656352 -0.263535
    outer loop
      vertex -13.425 36.5103 91.5954
      vertex -13.5 36.2308 90.6981
      vertex -13.5 36.5806 91.5693
    endloop
  endfacet
  facet normal 0 0.928011 -0.372552
    outer loop
      vertex 13.425 36.162 90.7278
      vertex -13.425 36.5103 91.5954
      vertex 13.425 36.5103 91.5954
    endloop
  endfacet
  facet normal 0 0.928011 -0.372552
    outer loop
      vertex -13.425 36.5103 91.5954
      vertex 13.425 36.162 90.7278
      vertex -13.425 36.162 90.7278
    endloop
  endfacet
  facet normal -0.706692 0.656574 -0.263624
    outer loop
      vertex 13.5 36.2308 90.6981
      vertex 13.425 36.162 90.7278
      vertex 13.5 36.5806 91.5693
    endloop
  endfacet
  facet normal -0.706931 0.656366 -0.2635
    outer loop
      vertex 13.5 36.5806 91.5693
      vertex 13.425 36.162 90.7278
      vertex 13.425 36.5103 91.5954
    endloop
  endfacet
  facet normal -0.707305 -0.656027 0.263341
    outer loop
      vertex 13.425 36.6509 91.5432
      vertex 13.425 36.2997 90.6683
      vertex 13.5 36.2308 90.6981
    endloop
  endfacet
  facet normal -0.706931 -0.656352 0.263535
    outer loop
      vertex 13.5 36.5806 91.5693
      vertex 13.425 36.6509 91.5432
      vertex 13.5 36.2308 90.6981
    endloop
  endfacet
  facet normal 0 -0.928022 0.372524
    outer loop
      vertex -13.425 36.2997 90.6683
      vertex 13.425 36.6509 91.5432
      vertex -13.425 36.6509 91.5432
    endloop
  endfacet
  facet normal 0 -0.928022 0.372524
    outer loop
      vertex 13.425 36.6509 91.5432
      vertex -13.425 36.2997 90.6683
      vertex 13.425 36.2997 90.6683
    endloop
  endfacet
  facet normal 0.707305 -0.656004 0.263396
    outer loop
      vertex -13.5 36.5806 91.5693
      vertex -13.5 36.2308 90.6981
      vertex -13.425 36.2997 90.6683
    endloop
  endfacet
  facet normal 0.706932 -0.656373 0.26348
    outer loop
      vertex -13.425 36.6509 91.5432
      vertex -13.5 36.5806 91.5693
      vertex -13.425 36.2997 90.6683
    endloop
  endfacet
  facet normal 0.706932 0.669288 -0.228694
    outer loop
      vertex -13.425 36.5103 91.5954
      vertex -13.5 36.5806 91.5693
      vertex -13.425 36.8126 92.4801
    endloop
  endfacet
  facet normal 0.707091 0.669129 -0.228667
    outer loop
      vertex -13.425 36.8126 92.4801
      vertex -13.5 36.5806 91.5693
      vertex -13.5 36.8842 92.4577
    endloop
  endfacet
  facet normal 0 0.946282 -0.323342
    outer loop
      vertex 13.425 36.5103 91.5954
      vertex -13.425 36.8126 92.4801
      vertex 13.425 36.8126 92.4801
    endloop
  endfacet
  facet normal 0 0.946282 -0.323342
    outer loop
      vertex -13.425 36.8126 92.4801
      vertex 13.425 36.5103 91.5954
      vertex -13.425 36.5103 91.5954
    endloop
  endfacet
  facet normal -0.706932 0.66928 -0.228718
    outer loop
      vertex 13.5 36.5806 91.5693
      vertex 13.425 36.5103 91.5954
      vertex 13.5 36.8842 92.4577
    endloop
  endfacet
  facet normal -0.707091 0.669137 -0.228643
    outer loop
      vertex 13.5 36.8842 92.4577
      vertex 13.425 36.5103 91.5954
      vertex 13.425 36.8126 92.4801
    endloop
  endfacet
  facet normal -0.706932 -0.669271 0.228742
    outer loop
      vertex 13.425 36.9558 92.4353
      vertex 13.425 36.6509 91.5432
      vertex 13.5 36.5806 91.5693
    endloop
  endfacet
  facet normal -0.707091 -0.669129 0.228667
    outer loop
      vertex 13.5 36.8842 92.4577
      vertex 13.425 36.9558 92.4353
      vertex 13.5 36.5806 91.5693
    endloop
  endfacet
  facet normal 0 -0.946259 0.32341
    outer loop
      vertex -13.425 36.6509 91.5432
      vertex 13.425 36.9558 92.4353
      vertex -13.425 36.9558 92.4353
    endloop
  endfacet
  facet normal 0 -0.946259 0.32341
    outer loop
      vertex 13.425 36.9558 92.4353
      vertex -13.425 36.6509 91.5432
      vertex 13.425 36.6509 91.5432
    endloop
  endfacet
  facet normal 0.706932 -0.66928 0.228718
    outer loop
      vertex -13.5 36.8842 92.4577
      vertex -13.5 36.5806 91.5693
      vertex -13.425 36.6509 91.5432
    endloop
  endfacet
  facet normal 0.70709 -0.669122 0.228691
    outer loop
      vertex -13.425 36.9558 92.4353
      vertex -13.5 36.8842 92.4577
      vertex -13.425 36.6509 91.5432
    endloop
  endfacet
  facet normal 0.707088 0.680206 -0.193253
    outer loop
      vertex -13.425 36.8126 92.4801
      vertex -13.5 36.8842 92.4577
      vertex -13.425 37.0681 93.3794
    endloop
  endfacet
  facet normal 0.70718 0.680113 -0.193242
    outer loop
      vertex -13.425 37.0681 93.3794
      vertex -13.5 36.8842 92.4577
      vertex -13.5 37.1408 93.3608
    endloop
  endfacet
  facet normal 0 0.961931 -0.273294
    outer loop
      vertex 13.425 36.8126 92.4801
      vertex -13.425 37.0681 93.3794
      vertex 13.425 37.0681 93.3794
    endloop
  endfacet
  facet normal 0 0.961931 -0.273294
    outer loop
      vertex -13.425 37.0681 93.3794
      vertex 13.425 36.8126 92.4801
      vertex -13.425 36.8126 92.4801
    endloop
  endfacet
  facet normal -0.707088 0.680201 -0.193267
    outer loop
      vertex 13.5 36.8842 92.4577
      vertex 13.425 36.8126 92.4801
      vertex 13.5 37.1408 93.3608
    endloop
  endfacet
  facet normal -0.70718 0.680117 -0.193228
    outer loop
      vertex 13.5 37.1408 93.3608
      vertex 13.425 36.8126 92.4801
      vertex 13.425 37.0681 93.3794
    endloop
  endfacet
  facet normal -0.707088 -0.680197 0.193281
    outer loop
      vertex 13.425 37.2135 93.3422
      vertex 13.425 36.9558 92.4353
      vertex 13.5 36.8842 92.4577
    endloop
  endfacet
  facet normal -0.70718 -0.680113 0.193242
    outer loop
      vertex 13.5 37.1408 93.3608
      vertex 13.425 37.2135 93.3422
      vertex 13.5 36.8842 92.4577
    endloop
  endfacet
  facet normal 0 -0.961919 0.273334
    outer loop
      vertex -13.425 36.9558 92.4353
      vertex 13.425 37.2135 93.3422
      vertex -13.425 37.2135 93.3422
    endloop
  endfacet
  facet normal 0 -0.961919 0.273334
    outer loop
      vertex 13.425 37.2135 93.3422
      vertex -13.425 36.9558 92.4353
      vertex 13.425 36.9558 92.4353
    endloop
  endfacet
  facet normal 0.707088 -0.680201 0.193267
    outer loop
      vertex -13.5 37.1408 93.3608
      vertex -13.5 36.8842 92.4577
      vertex -13.425 36.9558 92.4353
    endloop
  endfacet
  facet normal 0.70718 -0.680109 0.193256
    outer loop
      vertex -13.425 37.2135 93.3422
      vertex -13.5 37.1408 93.3608
      vertex -13.425 36.9558 92.4353
    endloop
  endfacet
  facet normal 0.707184 0.68929 -0.157386
    outer loop
      vertex -13.425 37.0681 93.3794
      vertex -13.5 37.1408 93.3608
      vertex -13.425 37.2762 94.2908
    endloop
  endfacet
  facet normal 0.706768 0.68971 -0.157413
    outer loop
      vertex -13.425 37.2762 94.2908
      vertex -13.5 37.1408 93.3608
      vertex -13.5 37.3497 94.2761
    endloop
  endfacet
  facet normal 0 0.97491 -0.222601
    outer loop
      vertex 13.425 37.0681 93.3794
      vertex -13.425 37.2762 94.2908
      vertex 13.425 37.2762 94.2908
    endloop
  endfacet
  facet normal 0 0.97491 -0.222601
    outer loop
      vertex -13.425 37.2762 94.2908
      vertex 13.425 37.0681 93.3794
      vertex -13.425 37.0681 93.3794
    endloop
  endfacet
  facet normal -0.707183 0.689306 -0.157321
    outer loop
      vertex 13.5 37.1408 93.3608
      vertex 13.425 37.0681 93.3794
      vertex 13.5 37.3497 94.2761
    endloop
  endfacet
  facet normal -0.706768 0.689696 -0.157478
    outer loop
      vertex 13.5 37.3497 94.2761
      vertex 13.425 37.0681 93.3794
      vertex 13.425 37.2762 94.2908
    endloop
  endfacet
  facet normal -0.707182 -0.689317 0.157273
    outer loop
      vertex 13.425 37.4232 94.2613
      vertex 13.425 37.2135 93.3422
      vertex 13.5 37.1408 93.3608
    endloop
  endfacet
  facet normal -0.706873 -0.689607 0.15739
    outer loop
      vertex 13.5 37.3497 94.2761
      vertex 13.425 37.4232 94.2613
      vertex 13.5 37.1408 93.3608
    endloop
  endfacet
  facet normal 0 -0.974946 0.222442
    outer loop
      vertex -13.425 37.2135 93.3422
      vertex 13.425 37.4232 94.2613
      vertex -13.425 37.4232 94.2613
    endloop
  endfacet
  facet normal 0 -0.974946 0.222442
    outer loop
      vertex 13.425 37.4232 94.2613
      vertex -13.425 37.2135 93.3422
      vertex 13.425 37.2135 93.3422
    endloop
  endfacet
  facet normal 0.707183 -0.689306 0.157321
    outer loop
      vertex -13.5 37.3497 94.2761
      vertex -13.5 37.1408 93.3608
      vertex -13.425 37.2135 93.3422
    endloop
  endfacet
  facet normal 0.706874 -0.689618 0.157342
    outer loop
      vertex -13.425 37.4232 94.2613
      vertex -13.5 37.3497 94.2761
      vertex -13.425 37.2135 93.3422
    endloop
  endfacet
  facet normal 0.706782 0.697009 -0.120985
    outer loop
      vertex -13.425 37.2762 94.2908
      vertex -13.5 37.3497 94.2761
      vertex -13.425 37.4361 95.212
    endloop
  endfacet
  facet normal 0.706969 0.696819 -0.120983
    outer loop
      vertex -13.425 37.4361 95.212
      vertex -13.5 37.3497 94.2761
      vertex -13.5 37.5103 95.2011
    endloop
  endfacet
  facet normal 0 0.985267 -0.171021
    outer loop
      vertex 13.425 37.2762 94.2908
      vertex -13.425 37.4361 95.212
      vertex 13.425 37.4361 95.212
    endloop
  endfacet
  facet normal 0 0.985267 -0.171021
    outer loop
      vertex -13.425 37.4361 95.212
      vertex 13.425 37.2762 94.2908
      vertex -13.425 37.2762 94.2908
    endloop
  endfacet
  facet normal -0.706782 0.697004 -0.121015
    outer loop
      vertex 13.5 37.3497 94.2761
      vertex 13.425 37.2762 94.2908
      vertex 13.5 37.5103 95.2011
    endloop
  endfacet
  facet normal -0.70697 0.696824 -0.120953
    outer loop
      vertex 13.5 37.5103 95.2011
      vertex 13.425 37.2762 94.2908
      vertex 13.425 37.4361 95.212
    endloop
  endfacet
  facet normal -0.706863 -0.696921 0.121018
    outer loop
      vertex 13.425 37.5845 95.1902
      vertex 13.425 37.4232 94.2613
      vertex 13.5 37.3497 94.2761
    endloop
  endfacet
  facet normal -0.706969 -0.696819 0.120983
    outer loop
      vertex 13.5 37.5103 95.2011
      vertex 13.425 37.5845 95.1902
      vertex 13.5 37.3497 94.2761
    endloop
  endfacet
  facet normal 0 -0.985256 0.171086
    outer loop
      vertex -13.425 37.4232 94.2613
      vertex 13.425 37.5845 95.1902
      vertex -13.425 37.5845 95.1902
    endloop
  endfacet
  facet normal 0 -0.985256 0.171086
    outer loop
      vertex 13.425 37.5845 95.1902
      vertex -13.425 37.4232 94.2613
      vertex 13.425 37.4232 94.2613
    endloop
  endfacet
  facet normal 0.706863 -0.696924 0.121001
    outer loop
      vertex -13.5 37.5103 95.2011
      vertex -13.5 37.3497 94.2761
      vertex -13.425 37.4232 94.2613
    endloop
  endfacet
  facet normal 0.706969 -0.696817 0.121
    outer loop
      vertex -13.425 37.5845 95.1902
      vertex -13.5 37.5103 95.2011
      vertex -13.425 37.4232 94.2613
    endloop
  endfacet
  facet normal 0.706967 0.702198 -0.0843515
    outer loop
      vertex -13.425 37.4361 95.212
      vertex -13.5 37.5103 95.2011
      vertex -13.425 37.5476 96.1402
    endloop
  endfacet
  facet normal 0.706647 0.702522 -0.0843388
    outer loop
      vertex -13.425 37.5476 96.1402
      vertex -13.5 37.5103 95.2011
      vertex -13.5 37.6222 96.1332
    endloop
  endfacet
  facet normal 0 0.992862 -0.119268
    outer loop
      vertex 13.425 37.4361 95.212
      vertex -13.425 37.5476 96.1402
      vertex 13.425 37.5476 96.1402
    endloop
  endfacet
  facet normal 0 0.992862 -0.119268
    outer loop
      vertex -13.425 37.5476 96.1402
      vertex 13.425 37.4361 95.212
      vertex -13.425 37.4361 95.212
    endloop
  endfacet
  facet normal -0.706966 0.702205 -0.0843008
    outer loop
      vertex 13.5 37.5103 95.2011
      vertex 13.425 37.4361 95.212
      vertex 13.5 37.6222 96.1332
    endloop
  endfacet
  facet normal -0.706646 0.702517 -0.0843898
    outer loop
      vertex 13.5 37.6222 96.1332
      vertex 13.425 37.4361 95.212
      vertex 13.425 37.5476 96.1402
    endloop
  endfacet
  facet normal -0.706967 -0.702202 0.0843242
    outer loop
      vertex 13.425 37.6969 96.1262
      vertex 13.425 37.5845 95.1902
      vertex 13.5 37.5103 95.2011
    endloop
  endfacet
  facet normal -0.707115 -0.702057 0.084283
    outer loop
      vertex 13.5 37.6222 96.1332
      vertex 13.425 37.6969 96.1262
      vertex 13.5 37.5103 95.2011
    endloop
  endfacet
  facet normal 0 -0.992867 0.119229
    outer loop
      vertex -13.425 37.5845 95.1902
      vertex 13.425 37.6969 96.1262
      vertex -13.425 37.6969 96.1262
    endloop
  endfacet
  facet normal 0 -0.992867 0.119229
    outer loop
      vertex 13.425 37.6969 96.1262
      vertex -13.425 37.5845 95.1902
      vertex 13.425 37.5845 95.1902
    endloop
  endfacet
  facet normal 0.706966 -0.702205 0.0843008
    outer loop
      vertex -13.5 37.6222 96.1332
      vertex -13.5 37.5103 95.2011
      vertex -13.425 37.5845 95.1902
    endloop
  endfacet
  facet normal 0.707115 -0.702055 0.0843066
    outer loop
      vertex -13.425 37.6969 96.1262
      vertex -13.5 37.6222 96.1332
      vertex -13.425 37.5845 95.1902
    endloop
  endfacet
  facet normal 0.706641 0.705984 -0.0473784
    outer loop
      vertex -13.425 37.5476 96.1402
      vertex -13.5 37.6222 96.1332
      vertex -13.425 37.6102 97.073
    endloop
  endfacet
  facet normal 0.706821 0.705803 -0.0473951
    outer loop
      vertex -13.425 37.6102 97.073
      vertex -13.5 37.6222 96.1332
      vertex -13.5 37.6851 97.0699
    endloop
  endfacet
  facet normal 0 0.997756 -0.0669592
    outer loop
      vertex 13.425 37.5476 96.1402
      vertex -13.425 37.6102 97.073
      vertex 13.425 37.6102 97.073
    endloop
  endfacet
  facet normal 0 0.997756 -0.0669592
    outer loop
      vertex -13.425 37.6102 97.073
      vertex 13.425 37.5476 96.1402
      vertex -13.425 37.5476 96.1402
    endloop
  endfacet
  facet normal -0.706641 0.705982 -0.0474071
    outer loop
      vertex 13.5 37.6222 96.1332
      vertex 13.425 37.5476 96.1402
      vertex 13.5 37.6851 97.0699
    endloop
  endfacet
  facet normal -0.706821 0.705805 -0.0473664
    outer loop
      vertex 13.5 37.6851 97.0699
      vertex 13.425 37.5476 96.1402
      vertex 13.425 37.6102 97.073
    endloop
  endfacet
  facet normal -0.707112 -0.705517 0.0473244
    outer loop
      vertex 13.425 37.76 97.0669
      vertex 13.425 37.6969 96.1262
      vertex 13.5 37.6222 96.1332
    endloop
  endfacet
  facet normal -0.706789 -0.705835 0.0473972
    outer loop
      vertex 13.5 37.6851 97.0699
      vertex 13.425 37.76 97.0669
      vertex 13.5 37.6222 96.1332
    endloop
  endfacet
  facet normal 0 -0.997758 0.0669273
    outer loop
      vertex -13.425 37.6969 96.1262
      vertex 13.425 37.76 97.0669
      vertex -13.425 37.76 97.0669
    endloop
  endfacet
  facet normal 0 -0.997758 0.0669273
    outer loop
      vertex 13.425 37.76 97.0669
      vertex -13.425 37.6969 96.1262
      vertex 13.425 37.6969 96.1262
    endloop
  endfacet
  facet normal 0.707112 -0.705513 0.0473756
    outer loop
      vertex -13.5 37.6851 97.0699
      vertex -13.5 37.6222 96.1332
      vertex -13.425 37.6969 96.1262
    endloop
  endfacet
  facet normal 0.70679 -0.705837 0.0473459
    outer loop
      vertex -13.425 37.76 97.0669
      vertex -13.5 37.6851 97.0699
      vertex -13.425 37.6969 96.1262
    endloop
  endfacet
  facet normal 0.70681 0.707328 -0.0102906
    outer loop
      vertex -13.425 37.6102 97.073
      vertex -13.5 37.6851 97.0699
      vertex -13.425 37.6238 98.0078
    endloop
  endfacet
  facet normal 0.707007 0.707131 -0.0103192
    outer loop
      vertex -13.425 37.6238 98.0078
      vertex -13.5 37.6851 97.0699
      vertex -13.5 37.6988 98.0087
    endloop
  endfacet
  facet normal 0 0.999894 -0.014547
    outer loop
      vertex 13.425 37.6102 97.073
      vertex -13.425 37.6238 98.0078
      vertex 13.425 37.6238 98.0078
    endloop
  endfacet
  facet normal 0 0.999894 -0.014547
    outer loop
      vertex -13.425 37.6238 98.0078
      vertex 13.425 37.6102 97.073
      vertex -13.425 37.6102 97.073
    endloop
  endfacet
  facet normal -0.706811 0.707327 -0.0103221
    outer loop
      vertex 13.5 37.6851 97.0699
      vertex 13.425 37.6102 97.073
      vertex 13.5 37.6988 98.0087
    endloop
  endfacet
  facet normal -0.707008 0.707131 -0.0102877
    outer loop
      vertex 13.5 37.6988 98.0087
      vertex 13.425 37.6102 97.073
      vertex 13.425 37.6238 98.0078
    endloop
  endfacet
  facet normal -0.706804 -0.707333 0.0103545
    outer loop
      vertex 13.425 37.7738 98.0096
      vertex 13.425 37.76 97.0669
      vertex 13.5 37.6851 97.0699
    endloop
  endfacet
  facet normal -0.707007 -0.707131 0.0103192
    outer loop
      vertex 13.5 37.6988 98.0087
      vertex 13.425 37.7738 98.0096
      vertex 13.5 37.6851 97.0699
    endloop
  endfacet
  facet normal 0 -0.999893 0.0146372
    outer loop
      vertex -13.425 37.76 97.0669
      vertex 13.425 37.7738 98.0096
      vertex -13.425 37.7738 98.0096
    endloop
  endfacet
  facet normal 0 -0.999893 0.0146372
    outer loop
      vertex 13.425 37.7738 98.0096
      vertex -13.425 37.76 97.0669
      vertex 13.425 37.76 97.0669
    endloop
  endfacet
  facet normal 0.706804 -0.707334 0.0103222
    outer loop
      vertex -13.5 37.6988 98.0087
      vertex -13.5 37.6851 97.0699
      vertex -13.425 37.76 97.0669
    endloop
  endfacet
  facet normal 0.707007 -0.707131 0.0103516
    outer loop
      vertex -13.425 37.7738 98.0096
      vertex -13.5 37.6988 98.0087
      vertex -13.425 37.76 97.0669
    endloop
  endfacet
  facet normal 0.707014 0.706693 0.026779
    outer loop
      vertex -13.425 37.6238 98.0078
      vertex -13.5 37.6988 98.0087
      vertex -13.425 37.5884 98.942
    endloop
  endfacet
  facet normal 0.706768 0.706936 0.0268276
    outer loop
      vertex -13.5 37.6988 98.0087
      vertex -13.5 37.6632 98.9468
      vertex -13.425 37.5884 98.942
    endloop
  endfacet
  facet normal 0 0.999283 0.0378662
    outer loop
      vertex 13.425 37.6238 98.0078
      vertex -13.425 37.5884 98.942
      vertex 13.425 37.5884 98.942
    endloop
  endfacet
  facet normal 0 0.999283 0.0378662
    outer loop
      vertex -13.425 37.5884 98.942
      vertex 13.425 37.6238 98.0078
      vertex -13.425 37.6238 98.0078
    endloop
  endfacet
  facet normal -0.707013 0.706692 0.0268183
    outer loop
      vertex 13.5 37.6988 98.0087
      vertex 13.425 37.6238 98.0078
      vertex 13.5 37.6632 98.9468
    endloop
  endfacet
  facet normal -0.706768 0.706938 0.0267883
    outer loop
      vertex 13.425 37.6238 98.0078
      vertex 13.425 37.5884 98.942
      vertex 13.5 37.6632 98.9468
    endloop
  endfacet
  facet normal -0.707014 -0.706692 -0.0267823
    outer loop
      vertex 13.5 37.6988 98.0087
      vertex 13.425 37.7381 98.9516
      vertex 13.425 37.7738 98.0096
    endloop
  endfacet
  facet normal -0.707239 -0.706466 -0.0268097
    outer loop
      vertex 13.5 37.6632 98.9468
      vertex 13.425 37.7381 98.9516
      vertex 13.5 37.6988 98.0087
    endloop
  endfacet
  facet normal 0 -0.999283 -0.0378709
    outer loop
      vertex -13.425 37.7738 98.0096
      vertex 13.425 37.7381 98.9516
      vertex -13.425 37.7381 98.9516
    endloop
  endfacet
  facet normal 0 -0.999283 -0.0378709
    outer loop
      vertex 13.425 37.7381 98.9516
      vertex -13.425 37.7738 98.0096
      vertex 13.425 37.7738 98.0096
    endloop
  endfacet
  facet normal 0.707013 -0.706692 -0.0268183
    outer loop
      vertex -13.425 37.7738 98.0096
      vertex -13.5 37.6632 98.9468
      vertex -13.5 37.6988 98.0087
    endloop
  endfacet
  facet normal 0.707239 -0.706467 -0.0267738
    outer loop
      vertex -13.425 37.7381 98.9516
      vertex -13.5 37.6632 98.9468
      vertex -13.425 37.7738 98.0096
    endloop
  endfacet
  facet normal 0.706767 0.704558 0.063865
    outer loop
      vertex -13.425 37.5884 98.942
      vertex -13.5 37.6632 98.9468
      vertex -13.425 37.504 99.8731
    endloop
  endfacet
  facet normal 0.707018 0.704312 0.0638024
    outer loop
      vertex -13.5 37.6632 98.9468
      vertex -13.5 37.5785 99.8818
      vertex -13.425 37.504 99.8731
    endloop
  endfacet
  facet normal 0 0.995917 0.0902754
    outer loop
      vertex 13.425 37.5884 98.942
      vertex -13.425 37.504 99.8731
      vertex 13.425 37.504 99.8731
    endloop
  endfacet
  facet normal 0 0.995917 0.0902754
    outer loop
      vertex -13.425 37.504 99.8731
      vertex 13.425 37.5884 98.942
      vertex -13.425 37.5884 98.942
    endloop
  endfacet
  facet normal -0.706767 0.704561 0.063825
    outer loop
      vertex 13.5 37.6632 98.9468
      vertex 13.425 37.5884 98.942
      vertex 13.5 37.5785 99.8818
    endloop
  endfacet
  facet normal -0.707018 0.704308 0.0638423
    outer loop
      vertex 13.425 37.5884 98.942
      vertex 13.425 37.504 99.8731
      vertex 13.5 37.5785 99.8818
    endloop
  endfacet
  facet normal -0.707237 -0.704091 -0.0638106
    outer loop
      vertex 13.5 37.6632 98.9468
      vertex 13.425 37.653 99.8906
      vertex 13.425 37.7381 98.9516
    endloop
  endfacet
  facet normal -0.70706 -0.70427 -0.0637985
    outer loop
      vertex 13.5 37.5785 99.8818
      vertex 13.425 37.653 99.8906
      vertex 13.5 37.6632 98.9468
    endloop
  endfacet
  facet normal 0 -0.995918 -0.0902584
    outer loop
      vertex -13.425 37.7381 98.9516
      vertex 13.425 37.653 99.8906
      vertex -13.425 37.653 99.8906
    endloop
  endfacet
  facet normal 0 -0.995918 -0.0902584
    outer loop
      vertex 13.425 37.653 99.8906
      vertex -13.425 37.7381 98.9516
      vertex 13.425 37.7381 98.9516
    endloop
  endfacet
  facet normal 0.707237 -0.704094 -0.0637826
    outer loop
      vertex -13.425 37.7381 98.9516
      vertex -13.5 37.5785 99.8818
      vertex -13.5 37.6632 98.9468
    endloop
  endfacet
  facet normal 0.707061 -0.704267 -0.0638265
    outer loop
      vertex -13.425 37.653 99.8906
      vertex -13.5 37.5785 99.8818
      vertex -13.425 37.7381 98.9516
    endloop
  endfacet
  facet normal 0.707013 0.700016 0.100553
    outer loop
      vertex -13.425 37.504 99.8731
      vertex -13.5 37.5785 99.8818
      vertex -13.425 37.371 100.799
    endloop
  endfacet
  facet normal 0.706425 0.700584 0.10073
    outer loop
      vertex -13.5 37.5785 99.8818
      vertex -13.5 37.4449 100.811
      vertex -13.425 37.371 100.799
    endloop
  endfacet
  facet normal 0 0.98984 0.142185
    outer loop
      vertex 13.425 37.504 99.8731
      vertex -13.425 37.371 100.799
      vertex 13.425 37.371 100.799
    endloop
  endfacet
  facet normal 0 0.98984 0.142185
    outer loop
      vertex -13.425 37.371 100.799
      vertex 13.425 37.504 99.8731
      vertex -13.425 37.504 99.8731
    endloop
  endfacet
  facet normal -0.707012 0.700003 0.100646
    outer loop
      vertex 13.5 37.5785 99.8818
      vertex 13.425 37.504 99.8731
      vertex 13.5 37.4449 100.811
    endloop
  endfacet
  facet normal -0.706424 0.700598 0.100637
    outer loop
      vertex 13.425 37.504 99.8731
      vertex 13.425 37.371 100.799
      vertex 13.5 37.4449 100.811
    endloop
  endfacet
  facet normal -0.707079 -0.699937 -0.100634
    outer loop
      vertex 13.5 37.5785 99.8818
      vertex 13.425 37.5188 100.824
      vertex 13.425 37.653 99.8906
    endloop
  endfacet
  facet normal -0.707097 -0.699919 -0.100634
    outer loop
      vertex 13.5 37.4449 100.811
      vertex 13.425 37.5188 100.824
      vertex 13.5 37.5785 99.8818
    endloop
  endfacet
  facet normal 0 -0.989822 -0.142312
    outer loop
      vertex -13.425 37.653 99.8906
      vertex 13.425 37.5188 100.824
      vertex -13.425 37.5188 100.824
    endloop
  endfacet
  facet normal 0 -0.989822 -0.142312
    outer loop
      vertex 13.425 37.5188 100.824
      vertex -13.425 37.653 99.8906
      vertex 13.425 37.653 99.8906
    endloop
  endfacet
  facet normal 0.707079 -0.699937 -0.100637
    outer loop
      vertex -13.425 37.653 99.8906
      vertex -13.5 37.4449 100.811
      vertex -13.5 37.5785 99.8818
    endloop
  endfacet
  facet normal 0.707097 -0.69992 -0.100631
    outer loop
      vertex -13.425 37.5188 100.824
      vertex -13.5 37.4449 100.811
      vertex -13.425 37.653 99.8906
    endloop
  endfacet
  facet normal 0.706275 0.69448 0.137381
    outer loop
      vertex -13.425 37.371 100.799
      vertex -13.5 37.4449 100.811
      vertex -13.425 37.1896 101.716
    endloop
  endfacet
  facet normal 0.706698 0.694079 0.137233
    outer loop
      vertex -13.5 37.4449 100.811
      vertex -13.5 37.2628 101.732
      vertex -13.425 37.1896 101.716
    endloop
  endfacet
  facet normal 0 0.98099 0.194058
    outer loop
      vertex 13.425 37.371 100.799
      vertex -13.425 37.1896 101.716
      vertex 13.425 37.1896 101.716
    endloop
  endfacet
  facet normal 0 0.98099 0.194058
    outer loop
      vertex -13.425 37.1896 101.716
      vertex 13.425 37.371 100.799
      vertex -13.425 37.371 100.799
    endloop
  endfacet
  facet normal -0.706276 0.694492 0.137315
    outer loop
      vertex 13.5 37.4449 100.811
      vertex 13.425 37.371 100.799
      vertex 13.5 37.2628 101.732
    endloop
  endfacet
  facet normal -0.706698 0.694065 0.137299
    outer loop
      vertex 13.425 37.371 100.799
      vertex 13.425 37.1896 101.716
      vertex 13.5 37.2628 101.732
    endloop
  endfacet
  facet normal -0.707192 -0.693593 -0.137144
    outer loop
      vertex 13.5 37.4449 100.811
      vertex 13.425 37.3359 101.749
      vertex 13.425 37.5188 100.824
    endloop
  endfacet
  facet normal -0.70715 -0.693636 -0.137146
    outer loop
      vertex 13.5 37.2628 101.732
      vertex 13.425 37.3359 101.749
      vertex 13.5 37.4449 100.811
    endloop
  endfacet
  facet normal 0 -0.981007 -0.193974
    outer loop
      vertex -13.425 37.5188 100.824
      vertex 13.425 37.3359 101.749
      vertex -13.425 37.3359 101.749
    endloop
  endfacet
  facet normal 0 -0.981007 -0.193974
    outer loop
      vertex 13.425 37.3359 101.749
      vertex -13.425 37.5188 100.824
      vertex 13.425 37.5188 100.824
    endloop
  endfacet
  facet normal 0.707192 -0.693594 -0.137137
    outer loop
      vertex -13.425 37.5188 100.824
      vertex -13.5 37.2628 101.732
      vertex -13.5 37.4449 100.811
    endloop
  endfacet
  facet normal 0.70715 -0.693634 -0.137152
    outer loop
      vertex -13.425 37.3359 101.749
      vertex -13.5 37.2628 101.732
      vertex -13.425 37.5188 100.824
    endloop
  endfacet
  facet normal 0.70658 0.686021 0.17355
    outer loop
      vertex -13.425 37.1896 101.716
      vertex -13.5 37.2628 101.732
      vertex -13.425 36.9604 102.622
    endloop
  endfacet
  facet normal 0.706635 0.68597 0.173528
    outer loop
      vertex -13.5 37.2628 101.732
      vertex -13.5 37.0326 102.642
      vertex -13.425 36.9604 102.622
    endloop
  endfacet
  facet normal 0 0.969459 0.245254
    outer loop
      vertex 13.425 37.1896 101.716
      vertex -13.425 36.9604 102.622
      vertex 13.425 36.9604 102.622
    endloop
  endfacet
  facet normal 0 0.969459 0.245254
    outer loop
      vertex -13.425 36.9604 102.622
      vertex 13.425 37.1896 101.716
      vertex -13.425 37.1896 101.716
    endloop
  endfacet
  facet normal -0.70658 0.686023 0.173541
    outer loop
      vertex 13.5 37.2628 101.732
      vertex 13.425 37.1896 101.716
      vertex 13.5 37.0326 102.642
    endloop
  endfacet
  facet normal -0.706635 0.685968 0.173536
    outer loop
      vertex 13.425 37.1896 101.716
      vertex 13.425 36.9604 102.622
      vertex 13.5 37.0326 102.642
    endloop
  endfacet
  facet normal -0.707281 -0.685364 -0.173291
    outer loop
      vertex 13.5 37.2628 101.732
      vertex 13.425 37.1048 102.663
      vertex 13.425 37.3359 101.749
    endloop
  endfacet
  facet normal -0.70779 -0.68485 -0.173244
    outer loop
      vertex 13.5 37.0326 102.642
      vertex 13.425 37.1048 102.663
      vertex 13.5 37.2628 101.732
    endloop
  endfacet
  facet normal 0 -0.96949 -0.24513
    outer loop
      vertex -13.425 37.3359 101.749
      vertex 13.425 37.1048 102.663
      vertex -13.425 37.1048 102.663
    endloop
  endfacet
  facet normal 0 -0.96949 -0.24513
    outer loop
      vertex 13.425 37.1048 102.663
      vertex -13.425 37.3359 101.749
      vertex 13.425 37.3359 101.749
    endloop
  endfacet
  facet normal 0.70728 -0.685345 -0.17337
    outer loop
      vertex -13.425 37.3359 101.749
      vertex -13.5 37.0326 102.642
      vertex -13.5 37.2628 101.732
    endloop
  endfacet
  facet normal 0.707789 -0.684871 -0.173166
    outer loop
      vertex -13.425 37.1048 102.663
      vertex -13.5 37.0326 102.642
      vertex -13.425 37.3359 101.749
    endloop
  endfacet
  facet normal 0.706566 0.676007 0.209237
    outer loop
      vertex -13.425 36.9604 102.622
      vertex -13.5 37.0326 102.642
      vertex -13.425 36.684 103.515
    endloop
  endfacet
  facet normal 0.706737 0.675851 0.20916
    outer loop
      vertex -13.5 37.0326 102.642
      vertex -13.5 36.755 103.539
      vertex -13.425 36.684 103.515
    endloop
  endfacet
  facet normal 0 0.955287 0.295679
    outer loop
      vertex 13.425 36.9604 102.622
      vertex -13.425 36.684 103.515
      vertex 13.425 36.684 103.515
    endloop
  endfacet
  facet normal 0 0.955287 0.295679
    outer loop
      vertex -13.425 36.684 103.515
      vertex 13.425 36.9604 102.622
      vertex -13.425 36.9604 102.622
    endloop
  endfacet
  facet normal -0.706566 0.676014 0.20921
    outer loop
      vertex 13.5 37.0326 102.642
      vertex 13.425 36.9604 102.622
      vertex 13.5 36.755 103.539
    endloop
  endfacet
  facet normal -0.706737 0.675843 0.209186
    outer loop
      vertex 13.425 36.9604 102.622
      vertex 13.425 36.684 103.515
      vertex 13.5 36.755 103.539
    endloop
  endfacet
  facet normal -0.707957 -0.674627 -0.208985
    outer loop
      vertex 13.5 37.0326 102.642
      vertex 13.425 36.826 103.563
      vertex 13.425 37.1048 102.663
    endloop
  endfacet
  facet normal -0.706737 -0.675851 -0.20916
    outer loop
      vertex 13.5 36.755 103.539
      vertex 13.425 36.826 103.563
      vertex 13.5 37.0326 102.642
    endloop
  endfacet
  facet normal 0 -0.955217 -0.295905
    outer loop
      vertex -13.425 37.1048 102.663
      vertex 13.425 36.826 103.563
      vertex -13.425 36.826 103.563
    endloop
  endfacet
  facet normal 0 -0.955217 -0.295905
    outer loop
      vertex 13.425 36.826 103.563
      vertex -13.425 37.1048 102.663
      vertex 13.425 37.1048 102.663
    endloop
  endfacet
  facet normal 0.707959 -0.674683 -0.208798
    outer loop
      vertex -13.425 37.1048 102.663
      vertex -13.5 36.755 103.539
      vertex -13.5 37.0326 102.642
    endloop
  endfacet
  facet normal 0.70674 -0.675791 -0.209345
    outer loop
      vertex -13.425 36.826 103.563
      vertex -13.5 36.755 103.539
      vertex -13.425 37.1048 102.663
    endloop
  endfacet
  facet normal 0.706728 0.663914 0.244445
    outer loop
      vertex -13.425 36.684 103.515
      vertex -13.5 36.755 103.539
      vertex -13.425 36.3611 104.392
    endloop
  endfacet
  facet normal 0.70749 0.663241 0.244067
    outer loop
      vertex -13.5 36.755 103.539
      vertex -13.5 36.4308 104.42
      vertex -13.425 36.3611 104.392
    endloop
  endfacet
  facet normal 0 0.938414 0.345512
    outer loop
      vertex 13.425 36.684 103.515
      vertex -13.425 36.3611 104.392
      vertex 13.425 36.3611 104.392
    endloop
  endfacet
  facet normal 0 0.938414 0.345512
    outer loop
      vertex -13.425 36.3611 104.392
      vertex 13.425 36.684 103.515
      vertex -13.425 36.684 103.515
    endloop
  endfacet
  facet normal -0.70673 0.663955 0.244329
    outer loop
      vertex 13.5 36.755 103.539
      vertex 13.425 36.684 103.515
      vertex 13.5 36.4308 104.42
    endloop
  endfacet
  facet normal -0.707492 0.663197 0.244181
    outer loop
      vertex 13.425 36.684 103.515
      vertex 13.425 36.3611 104.392
      vertex 13.5 36.4308 104.42
    endloop
  endfacet
  facet normal -0.706731 -0.663995 -0.244215
    outer loop
      vertex 13.5 36.755 103.539
      vertex 13.425 36.5005 104.448
      vertex 13.425 36.826 103.563
    endloop
  endfacet
  facet normal -0.70749 -0.663241 -0.244067
    outer loop
      vertex 13.5 36.4308 104.42
      vertex 13.425 36.5005 104.448
      vertex 13.5 36.755 103.539
    endloop
  endfacet
  facet normal 0 -0.938533 -0.345189
    outer loop
      vertex -13.425 36.826 103.563
      vertex 13.425 36.5005 104.448
      vertex -13.425 36.5005 104.448
    endloop
  endfacet
  facet normal 0 -0.938533 -0.345189
    outer loop
      vertex 13.425 36.5005 104.448
      vertex -13.425 36.826 103.563
      vertex 13.425 36.826 103.563
    endloop
  endfacet
  facet normal 0.70673 -0.663955 -0.244329
    outer loop
      vertex -13.425 36.826 103.563
      vertex -13.5 36.4308 104.42
      vertex -13.5 36.755 103.539
    endloop
  endfacet
  facet normal 0.707489 -0.663285 -0.243954
    outer loop
      vertex -13.425 36.5005 104.448
      vertex -13.5 36.4308 104.42
      vertex -13.425 36.826 103.563
    endloop
  endfacet
  facet normal 0.707552 0.649571 0.278258
    outer loop
      vertex -13.425 36.3611 104.392
      vertex -13.5 36.4308 104.42
      vertex -13.425 35.9927 105.252
    endloop
  endfacet
  facet normal 0.706188 0.650738 0.278995
    outer loop
      vertex -13.5 36.4308 104.42
      vertex -13.5 36.0608 105.283
      vertex -13.425 35.9927 105.252
    endloop
  endfacet
  facet normal 0 0.919211 0.393764
    outer loop
      vertex 13.425 36.3611 104.392
      vertex -13.425 35.9927 105.252
      vertex 13.425 35.9927 105.252
    endloop
  endfacet
  facet normal 0 0.919211 0.393764
    outer loop
      vertex -13.425 35.9927 105.252
      vertex 13.425 36.3611 104.392
      vertex -13.425 36.3611 104.392
    endloop
  endfacet
  facet normal -0.707549 0.649488 0.27846
    outer loop
      vertex 13.5 36.4308 104.42
      vertex 13.425 36.3611 104.392
      vertex 13.5 36.0608 105.283
    endloop
  endfacet
  facet normal -0.706186 0.650826 0.278796
    outer loop
      vertex 13.425 36.3611 104.392
      vertex 13.425 35.9927 105.252
      vertex 13.5 36.0608 105.283
    endloop
  endfacet
  facet normal -0.707547 -0.649405 -0.278659
    outer loop
      vertex 13.5 36.4308 104.42
      vertex 13.425 36.1289 105.314
      vertex 13.425 36.5005 104.448
    endloop
  endfacet
  facet normal -0.706188 -0.650738 -0.278995
    outer loop
      vertex 13.5 36.0608 105.283
      vertex 13.425 36.1289 105.314
      vertex 13.5 36.4308 104.42
    endloop
  endfacet
  facet normal 0 -0.918969 -0.394329
    outer loop
      vertex -13.425 36.5005 104.448
      vertex 13.425 36.1289 105.314
      vertex -13.425 36.1289 105.314
    endloop
  endfacet
  facet normal 0 -0.918969 -0.394329
    outer loop
      vertex 13.425 36.1289 105.314
      vertex -13.425 36.5005 104.448
      vertex 13.425 36.5005 104.448
    endloop
  endfacet
  facet normal 0.707549 -0.649488 -0.27846
    outer loop
      vertex -13.425 36.5005 104.448
      vertex -13.5 36.0608 105.283
      vertex -13.5 36.4308 104.42
    endloop
  endfacet
  facet normal 0.706191 -0.65065 -0.279194
    outer loop
      vertex -13.425 36.1289 105.314
      vertex -13.5 36.0608 105.283
      vertex -13.425 36.5005 104.448
    endloop
  endfacet
  facet normal 0.706108 0.635156 0.313031
    outer loop
      vertex -13.425 35.9927 105.252
      vertex -13.5 36.0608 105.283
      vertex -13.425 35.5797 106.09
    endloop
  endfacet
  facet normal 0.707255 0.63421 0.31236
    outer loop
      vertex -13.5 36.0608 105.283
      vertex -13.5 35.6461 106.125
      vertex -13.425 35.5797 106.09
    endloop
  endfacet
  facet normal 0 0.896981 0.442068
    outer loop
      vertex 13.425 35.9927 105.252
      vertex -13.425 35.5797 106.09
      vertex 13.425 35.5797 106.09
    endloop
  endfacet
  facet normal 0 0.896981 0.442068
    outer loop
      vertex -13.425 35.5797 106.09
      vertex 13.425 35.9927 105.252
      vertex -13.425 35.9927 105.252
    endloop
  endfacet
  facet normal -0.706111 0.635235 0.312865
    outer loop
      vertex 13.5 36.0608 105.283
      vertex 13.425 35.9927 105.252
      vertex 13.5 35.6461 106.125
    endloop
  endfacet
  facet normal -0.707257 0.634126 0.312523
    outer loop
      vertex 13.425 35.9927 105.252
      vertex 13.425 35.5797 106.09
      vertex 13.5 35.6461 106.125
    endloop
  endfacet
  facet normal -0.706113 -0.635313 -0.3127
    outer loop
      vertex 13.5 36.0608 105.283
      vertex 13.425 35.7125 106.16
      vertex 13.425 36.1289 105.314
    endloop
  endfacet
  facet normal -0.707255 -0.63421 -0.31236
    outer loop
      vertex 13.5 35.6461 106.125
      vertex 13.425 35.7125 106.16
      vertex 13.5 36.0608 105.283
    endloop
  endfacet
  facet normal 0 -0.897209 -0.441605
    outer loop
      vertex -13.425 36.1289 105.314
      vertex 13.425 35.7125 106.16
      vertex -13.425 35.7125 106.16
    endloop
  endfacet
  facet normal 0 -0.897209 -0.441605
    outer loop
      vertex 13.425 35.7125 106.16
      vertex -13.425 36.1289 105.314
      vertex 13.425 36.1289 105.314
    endloop
  endfacet
  facet normal 0.706111 -0.635235 -0.312865
    outer loop
      vertex -13.425 36.1289 105.314
      vertex -13.5 35.6461 106.125
      vertex -13.5 36.0608 105.283
    endloop
  endfacet
  facet normal 0.707252 -0.634292 -0.312198
    outer loop
      vertex -13.425 35.7125 106.16
      vertex -13.5 35.6461 106.125
      vertex -13.425 36.1289 105.314
    endloop
  endfacet
  facet normal 0.707279 0.616985 0.345088
    outer loop
      vertex -13.425 35.5797 106.09
      vertex -13.5 35.6461 106.125
      vertex -13.425 35.1233 106.906
    endloop
  endfacet
  facet normal 0.708657 0.615887 0.344221
    outer loop
      vertex -13.5 35.6461 106.125
      vertex -13.5 35.1878 106.945
      vertex -13.425 35.1233 106.906
    endloop
  endfacet
  facet normal 0 0.872761 0.488147
    outer loop
      vertex 13.425 35.5797 106.09
      vertex -13.425 35.1233 106.906
      vertex 13.425 35.1233 106.906
    endloop
  endfacet
  facet normal 0 0.872761 0.488147
    outer loop
      vertex -13.425 35.1233 106.906
      vertex 13.425 35.5797 106.09
      vertex -13.425 35.5797 106.09
    endloop
  endfacet
  facet normal -0.707282 0.617091 0.344894
    outer loop
      vertex 13.5 35.6461 106.125
      vertex 13.425 35.5797 106.09
      vertex 13.5 35.1878 106.945
    endloop
  endfacet
  facet normal -0.708661 0.615776 0.344412
    outer loop
      vertex 13.425 35.5797 106.09
      vertex 13.425 35.1233 106.906
      vertex 13.5 35.1878 106.945
    endloop
  endfacet
  facet normal -0.70728 -0.617021 -0.345022
    outer loop
      vertex 13.5 35.6461 106.125
      vertex 13.425 35.2523 106.983
      vertex 13.425 35.7125 106.16
    endloop
  endfacet
  facet normal -0.706362 -0.617893 -0.345342
    outer loop
      vertex 13.5 35.1878 106.945
      vertex 13.425 35.2523 106.983
      vertex 13.5 35.6461 106.125
    endloop
  endfacet
  facet normal 0 -0.872813 -0.488054
    outer loop
      vertex -13.425 35.7125 106.16
      vertex 13.425 35.2523 106.983
      vertex -13.425 35.2523 106.983
    endloop
  endfacet
  facet normal 0 -0.872813 -0.488054
    outer loop
      vertex 13.425 35.2523 106.983
      vertex -13.425 35.7125 106.16
      vertex 13.425 35.7125 106.16
    endloop
  endfacet
  facet normal 0.707282 -0.617091 -0.344894
    outer loop
      vertex -13.425 35.7125 106.16
      vertex -13.5 35.1878 106.945
      vertex -13.5 35.6461 106.125
    endloop
  endfacet
  facet normal 0.706363 -0.61782 -0.345469
    outer loop
      vertex -13.425 35.2523 106.983
      vertex -13.5 35.1878 106.945
      vertex -13.425 35.7125 106.16
    endloop
  endfacet
  facet normal 0.708803 0.59678 0.3761
    outer loop
      vertex -13.425 35.1233 106.906
      vertex -13.5 35.1878 106.945
      vertex -13.425 34.6248 107.697
    endloop
  endfacet
  facet normal 0.707578 0.597715 0.376922
    outer loop
      vertex -13.5 35.1878 106.945
      vertex -13.5 34.6871 107.739
      vertex -13.425 34.6248 107.697
    endloop
  endfacet
  facet normal 0 0.84601 0.533168
    outer loop
      vertex 13.425 35.1233 106.906
      vertex -13.425 34.6248 107.697
      vertex 13.425 34.6248 107.697
    endloop
  endfacet
  facet normal 0 0.84601 0.533168
    outer loop
      vertex -13.425 34.6248 107.697
      vertex 13.425 35.1233 106.906
      vertex -13.425 35.1233 106.906
    endloop
  endfacet
  facet normal -0.708801 0.596677 0.376267
    outer loop
      vertex 13.5 35.1878 106.945
      vertex 13.425 35.1233 106.906
      vertex 13.5 34.6871 107.739
    endloop
  endfacet
  facet normal -0.707575 0.597823 0.376757
    outer loop
      vertex 13.425 35.1233 106.906
      vertex 13.425 34.6248 107.697
      vertex 13.5 34.6871 107.739
    endloop
  endfacet
  facet normal -0.706296 -0.598942 -0.377379
    outer loop
      vertex 13.5 35.1878 106.945
      vertex 13.425 34.7495 107.781
      vertex 13.425 35.2523 106.983
    endloop
  endfacet
  facet normal -0.707976 -0.597378 -0.376709
    outer loop
      vertex 13.5 34.6871 107.739
      vertex 13.425 34.7495 107.781
      vertex 13.5 35.1878 106.945
    endloop
  endfacet
  facet normal 0 -0.846063 -0.533083
    outer loop
      vertex -13.425 35.2523 106.983
      vertex 13.425 34.7495 107.781
      vertex -13.425 34.7495 107.781
    endloop
  endfacet
  facet normal 0 -0.846063 -0.533083
    outer loop
      vertex 13.425 34.7495 107.781
      vertex -13.425 35.2523 106.983
      vertex 13.425 35.2523 106.983
    endloop
  endfacet
  facet normal 0.706292 -0.598803 -0.377608
    outer loop
      vertex -13.425 35.2523 106.983
      vertex -13.5 34.6871 107.739
      vertex -13.5 35.1878 106.945
    endloop
  endfacet
  facet normal 0.707972 -0.597524 -0.376485
    outer loop
      vertex -13.425 34.7495 107.781
      vertex -13.5 34.6871 107.739
      vertex -13.425 35.2523 106.983
    endloop
  endfacet
  facet normal 0.707661 0.577228 0.407459
    outer loop
      vertex -13.425 34.6248 107.697
      vertex -13.5 34.6871 107.739
      vertex -13.425 34.0855 108.461
    endloop
  endfacet
  facet normal 0.707346 0.577457 0.407683
    outer loop
      vertex -13.5 34.6871 107.739
      vertex -13.5 34.1456 108.506
      vertex -13.425 34.0855 108.461
    endloop
  endfacet
  facet normal 0 0.816965 0.576687
    outer loop
      vertex 13.425 34.6248 107.697
      vertex -13.425 34.0855 108.461
      vertex 13.425 34.0855 108.461
    endloop
  endfacet
  facet normal 0 0.816965 0.576687
    outer loop
      vertex -13.425 34.0855 108.461
      vertex 13.425 34.6248 107.697
      vertex -13.425 34.6248 107.697
    endloop
  endfacet
  facet normal -0.707661 0.577199 0.407501
    outer loop
      vertex 13.5 34.6871 107.739
      vertex 13.425 34.6248 107.697
      vertex 13.5 34.1456 108.506
    endloop
  endfacet
  facet normal -0.707345 0.577487 0.407642
    outer loop
      vertex 13.425 34.6248 107.697
      vertex 13.425 34.0855 108.461
      vertex 13.5 34.1456 108.506
    endloop
  endfacet
  facet normal -0.708043 -0.576822 -0.407371
    outer loop
      vertex 13.5 34.6871 107.739
      vertex 13.425 34.2057 108.551
      vertex 13.425 34.7495 107.781
    endloop
  endfacet
  facet normal -0.707346 -0.577457 -0.407683
    outer loop
      vertex 13.5 34.1456 108.506
      vertex 13.425 34.2057 108.551
      vertex 13.5 34.6871 107.739
    endloop
  endfacet
  facet normal 0 -0.816833 -0.576875
    outer loop
      vertex -13.425 34.7495 107.781
      vertex 13.425 34.2057 108.551
      vertex -13.425 34.2057 108.551
    endloop
  endfacet
  facet normal 0 -0.816833 -0.576875
    outer loop
      vertex 13.425 34.2057 108.551
      vertex -13.425 34.7495 107.781
      vertex 13.425 34.7495 107.781
    endloop
  endfacet
  facet normal 0.708045 -0.576885 -0.407279
    outer loop
      vertex -13.425 34.7495 107.781
      vertex -13.5 34.1456 108.506
      vertex -13.5 34.6871 107.739
    endloop
  endfacet
  facet normal 0.707347 -0.577392 -0.407773
    outer loop
      vertex -13.425 34.2057 108.551
      vertex -13.5 34.1456 108.506
      vertex -13.425 34.7495 107.781
    endloop
  endfacet
  facet normal 0.707374 0.555071 0.437629
    outer loop
      vertex -13.425 34.0855 108.461
      vertex -13.5 34.1456 108.506
      vertex -13.425 33.5068 109.195
    endloop
  endfacet
  facet normal 0.707246 0.555159 0.437724
    outer loop
      vertex -13.5 34.1456 108.506
      vertex -13.5 33.5645 109.243
      vertex -13.425 33.5068 109.195
    endloop
  endfacet
  facet normal 0 0.785285 0.619134
    outer loop
      vertex 13.425 34.0855 108.461
      vertex -13.425 33.5068 109.195
      vertex 13.425 33.5068 109.195
    endloop
  endfacet
  facet normal 0 0.785285 0.619134
    outer loop
      vertex -13.425 33.5068 109.195
      vertex 13.425 34.0855 108.461
      vertex -13.425 34.0855 108.461
    endloop
  endfacet
  facet normal -0.707374 0.555058 0.437645
    outer loop
      vertex 13.5 34.1456 108.506
      vertex 13.425 34.0855 108.461
      vertex 13.5 33.5645 109.243
    endloop
  endfacet
  facet normal -0.707245 0.555172 0.437708
    outer loop
      vertex 13.425 34.0855 108.461
      vertex 13.425 33.5068 109.195
      vertex 13.5 33.5645 109.243
    endloop
  endfacet
  facet normal -0.707373 -0.555046 -0.437661
    outer loop
      vertex 13.5 34.1456 108.506
      vertex 13.425 33.6222 109.291
      vertex 13.425 34.2057 108.551
    endloop
  endfacet
  facet normal -0.707246 -0.555159 -0.437724
    outer loop
      vertex 13.5 33.5645 109.243
      vertex 13.425 33.6222 109.291
      vertex 13.5 34.1456 108.506
    endloop
  endfacet
  facet normal 0 -0.785249 -0.61918
    outer loop
      vertex -13.425 34.2057 108.551
      vertex 13.425 33.6222 109.291
      vertex -13.425 33.6222 109.291
    endloop
  endfacet
  facet normal 0 -0.785249 -0.61918
    outer loop
      vertex 13.425 33.6222 109.291
      vertex -13.425 34.2057 108.551
      vertex 13.425 34.2057 108.551
    endloop
  endfacet
  facet normal 0.707374 -0.555058 -0.437645
    outer loop
      vertex -13.425 34.2057 108.551
      vertex -13.5 33.5645 109.243
      vertex -13.5 34.1456 108.506
    endloop
  endfacet
  facet normal 0.707246 -0.555146 -0.43774
    outer loop
      vertex -13.425 33.6222 109.291
      vertex -13.5 33.5645 109.243
      vertex -13.425 34.2057 108.551
    endloop
  endfacet
  facet normal 0.707249 0.531605 0.466043
    outer loop
      vertex -13.425 33.5068 109.195
      vertex -13.5 33.5645 109.243
      vertex -13.425 32.8905 109.898
    endloop
  endfacet
  facet normal 0.707355 0.531536 0.46596
    outer loop
      vertex -13.5 33.5645 109.243
      vertex -13.5 32.9456 109.949
      vertex -13.425 32.8905 109.898
    endloop
  endfacet
  facet normal 0 0.751954 0.659216
    outer loop
      vertex 13.425 33.5068 109.195
      vertex -13.425 32.8905 109.898
      vertex 13.425 32.8905 109.898
    endloop
  endfacet
  facet normal 0 0.751954 0.659216
    outer loop
      vertex -13.425 32.8905 109.898
      vertex 13.425 33.5068 109.195
      vertex -13.425 33.5068 109.195
    endloop
  endfacet
  facet normal -0.707249 0.531616 0.46603
    outer loop
      vertex 13.5 33.5645 109.243
      vertex 13.425 33.5068 109.195
      vertex 13.5 32.9456 109.949
    endloop
  endfacet
  facet normal -0.707355 0.531525 0.465973
    outer loop
      vertex 13.425 33.5068 109.195
      vertex 13.425 32.8905 109.898
      vertex 13.5 32.9456 109.949
    endloop
  endfacet
  facet normal -0.707249 -0.531627 -0.466017
    outer loop
      vertex 13.5 33.5645 109.243
      vertex 13.425 33.0007 110
      vertex 13.425 33.6222 109.291
    endloop
  endfacet
  facet normal -0.707355 -0.531536 -0.46596
    outer loop
      vertex 13.5 32.9456 109.949
      vertex 13.425 33.0007 110
      vertex 13.5 33.5645 109.243
    endloop
  endfacet
  facet normal 0 -0.751985 -0.65918
    outer loop
      vertex -13.425 33.6222 109.291
      vertex 13.425 33.0007 110
      vertex -13.425 33.0007 110
    endloop
  endfacet
  facet normal 0 -0.751985 -0.65918
    outer loop
      vertex 13.425 33.0007 110
      vertex -13.425 33.6222 109.291
      vertex 13.425 33.6222 109.291
    endloop
  endfacet
  facet normal 0.707249 -0.531616 -0.46603
    outer loop
      vertex -13.425 33.6222 109.291
      vertex -13.5 32.9456 109.949
      vertex -13.5 33.5645 109.243
    endloop
  endfacet
  facet normal 0.707354 -0.531547 -0.465947
    outer loop
      vertex -13.425 33.0007 110
      vertex -13.5 32.9456 109.949
      vertex -13.425 33.6222 109.291
    endloop
  endfacet
  facet normal 0.707371 0.506458 0.493078
    outer loop
      vertex -13.425 32.8905 109.898
      vertex -13.5 32.9456 109.949
      vertex -13.425 32.2382 110.568
    endloop
  endfacet
  facet normal 0.707777 0.506212 0.492748
    outer loop
      vertex -13.5 32.9456 109.949
      vertex -13.5 32.2905 110.622
      vertex -13.425 32.2382 110.568
    endloop
  endfacet
  facet normal 0 0.716508 0.697579
    outer loop
      vertex 13.425 32.8905 109.898
      vertex -13.425 32.2382 110.568
      vertex 13.425 32.2382 110.568
    endloop
  endfacet
  facet normal 0 0.716508 0.697579
    outer loop
      vertex -13.425 32.2382 110.568
      vertex 13.425 32.8905 109.898
      vertex -13.425 32.8905 109.898
    endloop
  endfacet
  facet normal -0.707372 0.506503 0.493031
    outer loop
      vertex 13.5 32.9456 109.949
      vertex 13.425 32.8905 109.898
      vertex 13.5 32.2905 110.622
    endloop
  endfacet
  facet normal -0.707778 0.506166 0.492794
    outer loop
      vertex 13.425 32.8905 109.898
      vertex 13.425 32.2382 110.568
      vertex 13.5 32.2905 110.622
    endloop
  endfacet
  facet normal -0.707367 -0.506224 -0.493325
    outer loop
      vertex 13.5 32.9456 109.949
      vertex 13.425 32.3429 110.675
      vertex 13.425 33.0007 110
    endloop
  endfacet
  facet normal -0.704817 -0.508329 -0.494808
    outer loop
      vertex 13.5 32.2905 110.622
      vertex 13.425 32.3429 110.675
      vertex 13.5 32.9456 109.949
    endloop
  endfacet
  facet normal 0 -0.716172 -0.697923
    outer loop
      vertex -13.425 33.0007 110
      vertex 13.425 32.3429 110.675
      vertex -13.425 32.3429 110.675
    endloop
  endfacet
  facet normal 0 -0.716172 -0.697923
    outer loop
      vertex 13.425 32.3429 110.675
      vertex -13.425 33.0007 110
      vertex 13.425 33.0007 110
    endloop
  endfacet
  facet normal 0.707372 -0.506503 -0.493031
    outer loop
      vertex -13.425 33.0007 110
      vertex -13.5 32.2905 110.622
      vertex -13.5 32.9456 109.949
    endloop
  endfacet
  facet normal 0.704821 -0.508042 -0.495097
    outer loop
      vertex -13.425 32.3429 110.675
      vertex -13.5 32.2905 110.622
      vertex -13.425 33.0007 110
    endloop
  endfacet
  facet normal 0.707837 0.479653 0.518554
    outer loop
      vertex -13.425 32.2382 110.568
      vertex -13.5 32.2905 110.622
      vertex -13.425 31.5517 111.203
    endloop
  endfacet
  facet normal 0.705476 0.480977 0.520543
    outer loop
      vertex -13.5 32.2905 110.622
      vertex -13.5 31.6011 111.259
      vertex -13.425 31.5517 111.203
    endloop
  endfacet
  facet normal -0 0.679035 0.734106
    outer loop
      vertex -13.425 32.2382 110.568
      vertex 13.425 31.5517 111.203
      vertex 13.425 32.2382 110.568
    endloop
  endfacet
  facet normal 0 0.679035 0.734106
    outer loop
      vertex 13.425 31.5517 111.203
      vertex -13.425 32.2382 110.568
      vertex -13.425 31.5517 111.203
    endloop
  endfacet
  facet normal -0.707833 0.47938 0.518814
    outer loop
      vertex 13.5 32.2905 110.622
      vertex 13.425 32.2382 110.568
      vertex 13.5 31.6011 111.259
    endloop
  endfacet
  facet normal -0.705471 0.481258 0.520289
    outer loop
      vertex 13.425 32.2382 110.568
      vertex 13.425 31.5517 111.203
      vertex 13.5 31.6011 111.259
    endloop
  endfacet
  facet normal -0.704682 -0.481606 -0.521037
    outer loop
      vertex 13.5 32.2905 110.622
      vertex 13.425 31.6505 111.315
      vertex 13.425 32.3429 110.675
    endloop
  endfacet
  facet normal -0.705476 -0.480977 -0.520543
    outer loop
      vertex 13.5 31.6011 111.259
      vertex 13.425 31.6505 111.315
      vertex 13.5 32.2905 110.622
    endloop
  endfacet
  facet normal 0 -0.678773 -0.734348
    outer loop
      vertex -13.425 31.6505 111.315
      vertex 13.425 32.3429 110.675
      vertex 13.425 31.6505 111.315
    endloop
  endfacet
  facet normal -0 -0.678773 -0.734348
    outer loop
      vertex 13.425 32.3429 110.675
      vertex -13.425 31.6505 111.315
      vertex -13.425 32.3429 110.675
    endloop
  endfacet
  facet normal 0.704679 -0.481515 -0.521124
    outer loop
      vertex -13.425 32.3429 110.675
      vertex -13.5 31.6011 111.259
      vertex -13.5 32.2905 110.622
    endloop
  endfacet
  facet normal 0.705474 -0.481071 -0.520458
    outer loop
      vertex -13.425 31.6505 111.315
      vertex -13.5 31.6011 111.259
      vertex -13.425 32.3429 110.675
    endloop
  endfacet
  facet normal 0.705412 0.452828 0.54529
    outer loop
      vertex -13.425 31.5517 111.203
      vertex -13.5 31.6011 111.259
      vertex -13.425 30.8328 111.8
    endloop
  endfacet
  facet normal 0.707259 0.451877 0.543684
    outer loop
      vertex -13.5 31.6011 111.259
      vertex -13.5 30.8792 111.859
      vertex -13.425 30.8328 111.8
    endloop
  endfacet
  facet normal -0 0.638868 0.769317
    outer loop
      vertex -13.425 31.5517 111.203
      vertex 13.425 30.8328 111.8
      vertex 13.425 31.5517 111.203
    endloop
  endfacet
  facet normal 0 0.638868 0.769317
    outer loop
      vertex 13.425 30.8328 111.8
      vertex -13.425 31.5517 111.203
      vertex -13.425 30.8328 111.8
    endloop
  endfacet
  facet normal -0.705417 0.453052 0.545097
    outer loop
      vertex 13.5 31.6011 111.259
      vertex 13.425 31.5517 111.203
      vertex 13.5 30.8792 111.859
    endloop
  endfacet
  facet normal -0.707263 0.451648 0.543869
    outer loop
      vertex 13.425 31.5517 111.203
      vertex 13.425 30.8328 111.8
      vertex 13.5 30.8792 111.859
    endloop
  endfacet
  facet normal -0.705421 -0.453275 -0.544907
    outer loop
      vertex 13.5 31.6011 111.259
      vertex 13.425 30.9256 111.918
      vertex 13.425 31.6505 111.315
    endloop
  endfacet
  facet normal -0.707259 -0.451877 -0.543684
    outer loop
      vertex 13.5 30.8792 111.859
      vertex 13.425 30.9256 111.918
      vertex 13.5 31.6011 111.259
    endloop
  endfacet
  facet normal 0 -0.639506 -0.768786
    outer loop
      vertex -13.425 30.9256 111.918
      vertex 13.425 31.6505 111.315
      vertex 13.425 30.9256 111.918
    endloop
  endfacet
  facet normal -0 -0.639506 -0.768786
    outer loop
      vertex 13.425 31.6505 111.315
      vertex -13.425 30.9256 111.918
      vertex -13.425 31.6505 111.315
    endloop
  endfacet
  facet normal 0.705417 -0.453052 -0.545097
    outer loop
      vertex -13.425 31.6505 111.315
      vertex -13.5 30.8792 111.859
      vertex -13.5 31.6011 111.259
    endloop
  endfacet
  facet normal 0.707255 -0.452104 -0.5435
    outer loop
      vertex -13.425 30.9256 111.918
      vertex -13.5 30.8792 111.859
      vertex -13.425 31.6505 111.315
    endloop
  endfacet
  facet normal 0.707274 0.422759 0.566603
    outer loop
      vertex -13.425 30.8328 111.8
      vertex -13.5 30.8792 111.859
      vertex -13.425 30.0836 112.359
    endloop
  endfacet
  facet normal 0.709569 0.421676 0.564536
    outer loop
      vertex -13.5 30.8792 111.859
      vertex -13.5 30.1268 112.421
      vertex -13.425 30.0836 112.359
    endloop
  endfacet
  facet normal -0 0.598013 0.801487
    outer loop
      vertex -13.425 30.8328 111.8
      vertex 13.425 30.0836 112.359
      vertex 13.425 30.8328 111.8
    endloop
  endfacet
  facet normal 0 0.598013 0.801487
    outer loop
      vertex 13.425 30.0836 112.359
      vertex -13.425 30.8328 111.8
      vertex -13.425 30.0836 112.359
    endloop
  endfacet
  facet normal -0.707279 0.423052 0.566378
    outer loop
      vertex 13.5 30.8792 111.859
      vertex 13.425 30.8328 111.8
      vertex 13.5 30.1268 112.421
    endloop
  endfacet
  facet normal -0.709575 0.421378 0.564752
    outer loop
      vertex 13.425 30.8328 111.8
      vertex 13.425 30.0836 112.359
      vertex 13.5 30.1268 112.421
    endloop
  endfacet
  facet normal -0.707276 -0.422902 -0.566493
    outer loop
      vertex 13.5 30.8792 111.859
      vertex 13.425 30.1701 112.482
      vertex 13.425 30.9256 111.918
    endloop
  endfacet
  facet normal -0.706085 -0.423766 -0.567333
    outer loop
      vertex 13.5 30.1268 112.421
      vertex 13.425 30.1701 112.482
      vertex 13.5 30.8792 111.859
    endloop
  endfacet
  facet normal 0 -0.598217 -0.801334
    outer loop
      vertex -13.425 30.1701 112.482
      vertex 13.425 30.9256 111.918
      vertex 13.425 30.1701 112.482
    endloop
  endfacet
  facet normal -0 -0.598217 -0.801334
    outer loop
      vertex 13.425 30.9256 111.918
      vertex -13.425 30.1701 112.482
      vertex -13.425 30.9256 111.918
    endloop
  endfacet
  facet normal 0.707279 -0.423052 -0.566378
    outer loop
      vertex -13.425 30.9256 111.918
      vertex -13.5 30.1268 112.421
      vertex -13.5 30.8792 111.859
    endloop
  endfacet
  facet normal 0.706087 -0.423612 -0.567445
    outer loop
      vertex -13.425 30.1701 112.482
      vertex -13.5 30.1268 112.421
      vertex -13.425 30.9256 111.918
    endloop
  endfacet
  facet normal 0.709696 0.391659 0.585606
    outer loop
      vertex -13.425 30.0836 112.359
      vertex -13.5 30.1268 112.421
      vertex -13.425 29.3061 112.879
    endloop
  endfacet
  facet normal 0.704981 0.393652 0.589949
    outer loop
      vertex -13.5 30.1268 112.421
      vertex -13.5 29.346 112.942
      vertex -13.425 29.3061 112.879
    endloop
  endfacet
  facet normal -0 0.555933 0.831227
    outer loop
      vertex -13.425 30.0836 112.359
      vertex 13.425 29.3061 112.879
      vertex 13.425 30.0836 112.359
    endloop
  endfacet
  facet normal 0 0.555933 0.831227
    outer loop
      vertex 13.425 29.3061 112.879
      vertex -13.425 30.0836 112.359
      vertex -13.425 29.3061 112.879
    endloop
  endfacet
  facet normal -0.709689 0.391037 0.58603
    outer loop
      vertex 13.5 30.1268 112.421
      vertex 13.425 30.0836 112.359
      vertex 13.5 29.346 112.942
    endloop
  endfacet
  facet normal -0.704971 0.394288 0.589536
    outer loop
      vertex 13.425 30.0836 112.359
      vertex 13.425 29.3061 112.879
      vertex 13.5 29.346 112.942
    endloop
  endfacet
  facet normal -0.706048 -0.393477 -0.588788
    outer loop
      vertex 13.5 30.1268 112.421
      vertex 13.425 29.386 113.006
      vertex 13.425 30.1701 112.482
    endloop
  endfacet
  facet normal -0.709164 -0.39133 -0.58647
    outer loop
      vertex 13.5 29.346 112.942
      vertex 13.425 29.386 113.006
      vertex 13.5 30.1268 112.421
    endloop
  endfacet
  facet normal 0 -0.55563 -0.83143
    outer loop
      vertex -13.425 29.386 113.006
      vertex 13.425 30.1701 112.482
      vertex 13.425 29.386 113.006
    endloop
  endfacet
  facet normal -0 -0.55563 -0.83143
    outer loop
      vertex 13.425 30.1701 112.482
      vertex -13.425 29.386 113.006
      vertex -13.425 30.1701 112.482
    endloop
  endfacet
  facet normal 0.706041 -0.393066 -0.589071
    outer loop
      vertex -13.425 30.1701 112.482
      vertex -13.5 29.346 112.942
      vertex -13.5 30.1268 112.421
    endloop
  endfacet
  facet normal 0.709156 -0.391747 -0.586201
    outer loop
      vertex -13.425 29.386 113.006
      vertex -13.5 29.346 112.942
      vertex -13.425 30.1701 112.482
    endloop
  endfacet
  facet normal 0.704933 0.362001 0.609938
    outer loop
      vertex -13.425 29.3061 112.879
      vertex -13.5 29.346 112.942
      vertex -13.425 28.5024 113.356
    endloop
  endfacet
  facet normal 0.709146 0.36043 0.605973
    outer loop
      vertex -13.5 29.346 112.942
      vertex -13.5 28.539 113.422
      vertex -13.425 28.5024 113.356
    endloop
  endfacet
  facet normal -0 0.510383 0.859947
    outer loop
      vertex -13.425 29.3061 112.879
      vertex 13.425 28.5024 113.356
      vertex 13.425 29.3061 112.879
    endloop
  endfacet
  facet normal 0 0.510383 0.859947
    outer loop
      vertex 13.425 28.5024 113.356
      vertex -13.425 29.3061 112.879
      vertex -13.425 28.5024 113.356
    endloop
  endfacet
  facet normal -0.704942 0.362578 0.609584
    outer loop
      vertex 13.5 29.346 112.942
      vertex 13.425 29.3061 112.879
      vertex 13.5 28.539 113.422
    endloop
  endfacet
  facet normal -0.709156 0.359847 0.606307
    outer loop
      vertex 13.425 29.3061 112.879
      vertex 13.425 28.5024 113.356
      vertex 13.5 28.539 113.422
    endloop
  endfacet
  facet normal -0.709228 -0.359822 -0.606237
    outer loop
      vertex 13.5 29.346 112.942
      vertex 13.425 28.5756 113.487
      vertex 13.425 29.386 113.006
    endloop
  endfacet
  facet normal -0.705094 -0.362501 -0.609455
    outer loop
      vertex 13.5 28.539 113.422
      vertex 13.425 28.5756 113.487
      vertex 13.5 29.346 112.942
    endloop
  endfacet
  facet normal 0 -0.510401 -0.859936
    outer loop
      vertex -13.425 28.5756 113.487
      vertex 13.425 29.386 113.006
      vertex 13.425 28.5756 113.487
    endloop
  endfacet
  facet normal -0 -0.510401 -0.859936
    outer loop
      vertex 13.425 29.386 113.006
      vertex -13.425 28.5756 113.487
      vertex -13.425 29.386 113.006
    endloop
  endfacet
  facet normal 0.709235 -0.360384 -0.605895
    outer loop
      vertex -13.425 29.386 113.006
      vertex -13.5 28.539 113.422
      vertex -13.5 29.346 112.942
    endloop
  endfacet
  facet normal 0.705102 -0.361929 -0.609786
    outer loop
      vertex -13.425 28.5756 113.487
      vertex -13.5 28.539 113.422
      vertex -13.425 29.386 113.006
    endloop
  endfacet
  facet normal 0.709219 0.328004 0.624037
    outer loop
      vertex -13.425 28.5024 113.356
      vertex -13.5 28.539 113.422
      vertex -13.425 27.6748 113.791
    endloop
  endfacet
  facet normal 0.705727 0.329133 0.627392
    outer loop
      vertex -13.5 28.539 113.422
      vertex -13.5 27.7079 113.858
      vertex -13.425 27.6748 113.791
    endloop
  endfacet
  facet normal -0 0.465261 0.885173
    outer loop
      vertex -13.425 28.5024 113.356
      vertex 13.425 27.6748 113.791
      vertex 13.425 28.5024 113.356
    endloop
  endfacet
  facet normal 0 0.465261 0.885173
    outer loop
      vertex 13.425 27.6748 113.791
      vertex -13.425 28.5024 113.356
      vertex -13.425 27.6748 113.791
    endloop
  endfacet
  facet normal -0.709212 0.327513 0.624302
    outer loop
      vertex 13.5 28.539 113.422
      vertex 13.425 28.5024 113.356
      vertex 13.5 27.7079 113.858
    endloop
  endfacet
  facet normal -0.70572 0.329633 0.627137
    outer loop
      vertex 13.425 28.5024 113.356
      vertex 13.425 27.6748 113.791
      vertex 13.5 27.7079 113.858
    endloop
  endfacet
  facet normal -0.70505 -0.330164 -0.627612
    outer loop
      vertex 13.5 28.539 113.422
      vertex 13.425 27.7411 113.926
      vertex 13.425 28.5756 113.487
    endloop
  endfacet
  facet normal -0.710106 -0.327095 -0.623506
    outer loop
      vertex 13.5 27.7079 113.858
      vertex 13.425 27.7411 113.926
      vertex 13.5 28.539 113.422
    endloop
  endfacet
  facet normal 0 -0.465572 -0.88501
    outer loop
      vertex -13.425 27.7411 113.926
      vertex 13.425 28.5756 113.487
      vertex 13.425 27.7411 113.926
    endloop
  endfacet
  facet normal -0 -0.465572 -0.88501
    outer loop
      vertex 13.425 28.5756 113.487
      vertex -13.425 27.7411 113.926
      vertex -13.425 28.5756 113.487
    endloop
  endfacet
  facet normal 0.705038 -0.329452 -0.627999
    outer loop
      vertex -13.425 28.5756 113.487
      vertex -13.5 27.7079 113.858
      vertex -13.5 28.539 113.422
    endloop
  endfacet
  facet normal 0.710094 -0.327812 -0.623142
    outer loop
      vertex -13.425 27.7411 113.926
      vertex -13.5 27.7079 113.858
      vertex -13.425 28.5756 113.487
    endloop
  endfacet
  facet normal 0.705699 0.296293 0.643584
    outer loop
      vertex -13.425 27.6748 113.791
      vertex -13.5 27.7079 113.858
      vertex -13.425 26.8255 114.182
    endloop
  endfacet
  facet normal 0.707364 0.295839 0.641963
    outer loop
      vertex -13.5 27.7079 113.858
      vertex -13.5 26.8551 114.251
      vertex -13.425 26.8255 114.182
    endloop
  endfacet
  facet normal -0 0.41819 0.90836
    outer loop
      vertex -13.425 27.6748 113.791
      vertex 13.425 26.8255 114.182
      vertex 13.425 27.6748 113.791
    endloop
  endfacet
  facet normal 0 0.41819 0.90836
    outer loop
      vertex 13.425 26.8255 114.182
      vertex -13.425 27.6748 113.791
      vertex -13.425 26.8255 114.182
    endloop
  endfacet
  facet normal -0.705702 0.296533 0.643469
    outer loop
      vertex 13.5 27.7079 113.858
      vertex 13.425 27.6748 113.791
      vertex 13.5 26.8551 114.251
    endloop
  endfacet
  facet normal -0.707367 0.295596 0.642071
    outer loop
      vertex 13.425 27.6748 113.791
      vertex 13.425 26.8255 114.182
      vertex 13.5 26.8551 114.251
    endloop
  endfacet
  facet normal -0.71016 -0.294229 -0.639611
    outer loop
      vertex 13.5 27.7079 113.858
      vertex 13.425 26.8846 114.32
      vertex 13.425 27.7411 113.926
    endloop
  endfacet
  facet normal -0.707166 -0.295921 -0.642142
    outer loop
      vertex 13.5 26.8551 114.251
      vertex 13.425 26.8846 114.32
      vertex 13.5 27.7079 113.858
    endloop
  endfacet
  facet normal 0 -0.417914 -0.908486
    outer loop
      vertex -13.425 26.8846 114.32
      vertex 13.425 27.7411 113.926
      vertex 13.425 26.8846 114.32
    endloop
  endfacet
  facet normal -0 -0.417914 -0.908486
    outer loop
      vertex 13.425 27.7411 113.926
      vertex -13.425 26.8846 114.32
      vertex -13.425 27.7411 113.926
    endloop
  endfacet
  facet normal 0.710165 -0.294661 -0.639406
    outer loop
      vertex -13.425 27.7411 113.926
      vertex -13.5 26.8551 114.251
      vertex -13.5 27.7079 113.858
    endloop
  endfacet
  facet normal 0.707173 -0.295482 -0.642337
    outer loop
      vertex -13.425 26.8846 114.32
      vertex -13.5 26.8551 114.251
      vertex -13.425 27.7411 113.926
    endloop
  endfacet
  facet normal 0.707367 0.261577 0.656665
    outer loop
      vertex -13.425 26.8255 114.182
      vertex -13.5 26.8551 114.251
      vertex -13.425 25.9569 114.528
    endloop
  endfacet
  facet normal 0.705289 0.262036 0.658714
    outer loop
      vertex -13.5 26.8551 114.251
      vertex -13.5 25.9828 114.598
      vertex -13.425 25.9569 114.528
    endloop
  endfacet
  facet normal -0 0.370063 0.929007
    outer loop
      vertex -13.425 26.8255 114.182
      vertex 13.425 25.9569 114.528
      vertex 13.425 26.8255 114.182
    endloop
  endfacet
  facet normal 0 0.370063 0.929007
    outer loop
      vertex 13.425 25.9569 114.528
      vertex -13.425 26.8255 114.182
      vertex -13.425 25.9569 114.528
    endloop
  endfacet
  facet normal -0.707363 0.261271 0.656791
    outer loop
      vertex 13.5 26.8551 114.251
      vertex 13.425 26.8255 114.182
      vertex 13.5 25.9828 114.598
    endloop
  endfacet
  facet normal -0.705285 0.262346 0.658595
    outer loop
      vertex 13.425 26.8255 114.182
      vertex 13.425 25.9569 114.528
      vertex 13.5 25.9828 114.598
    endloop
  endfacet
  facet normal -0.707194 -0.261701 -0.656802
    outer loop
      vertex 13.5 26.8551 114.251
      vertex 13.425 26.0087 114.669
      vertex 13.425 26.8846 114.32
    endloop
  endfacet
  facet normal -0.709663 -0.260418 -0.654646
    outer loop
      vertex 13.5 25.9828 114.598
      vertex 13.425 26.0087 114.669
      vertex 13.5 26.8551 114.251
    endloop
  endfacet
  facet normal 0 -0.370147 -0.928973
    outer loop
      vertex -13.425 26.0087 114.669
      vertex 13.425 26.8846 114.32
      vertex 13.425 26.0087 114.669
    endloop
  endfacet
  facet normal -0 -0.370147 -0.928973
    outer loop
      vertex 13.425 26.8846 114.32
      vertex -13.425 26.0087 114.669
      vertex -13.425 26.8846 114.32
    endloop
  endfacet
  facet normal 0.707189 -0.261335 -0.656953
    outer loop
      vertex -13.425 26.8846 114.32
      vertex -13.5 25.9828 114.598
      vertex -13.5 26.8551 114.251
    endloop
  endfacet
  facet normal 0.709657 -0.260786 -0.654506
    outer loop
      vertex -13.425 26.0087 114.669
      vertex -13.5 25.9828 114.598
      vertex -13.425 26.8846 114.32
    endloop
  endfacet
  facet normal 0.705257 0.227486 0.671463
    outer loop
      vertex -13.425 25.9569 114.528
      vertex -13.5 25.9828 114.598
      vertex -13.425 25.0714 114.828
    endloop
  endfacet
  facet normal 0.704116 0.227678 0.672595
    outer loop
      vertex -13.5 25.9828 114.598
      vertex -13.5 25.0936 114.899
      vertex -13.425 25.0714 114.828
    endloop
  endfacet
  facet normal -0 0.320877 0.947121
    outer loop
      vertex -13.425 25.9569 114.528
      vertex 13.425 25.0714 114.828
      vertex 13.425 25.9569 114.528
    endloop
  endfacet
  facet normal 0 0.320877 0.947121
    outer loop
      vertex 13.425 25.0714 114.828
      vertex -13.425 25.9569 114.528
      vertex -13.425 25.0714 114.828
    endloop
  endfacet
  facet normal -0.705255 0.227315 0.671523
    outer loop
      vertex 13.5 25.9828 114.598
      vertex 13.425 25.9569 114.528
      vertex 13.5 25.0936 114.899
    endloop
  endfacet
  facet normal -0.704114 0.22785 0.672539
    outer loop
      vertex 13.425 25.9569 114.528
      vertex 13.425 25.0714 114.828
      vertex 13.5 25.0936 114.899
    endloop
  endfacet
  facet normal -0.70971 -0.225716 -0.667356
    outer loop
      vertex 13.5 25.9828 114.598
      vertex 13.425 25.1158 114.971
      vertex 13.425 26.0087 114.669
    endloop
  endfacet
  facet normal -0.708595 -0.226245 -0.668361
    outer loop
      vertex 13.5 25.0936 114.899
      vertex 13.425 25.1158 114.971
      vertex 13.5 25.9828 114.598
    endloop
  endfacet
  facet normal 0 -0.320394 -0.947284
    outer loop
      vertex -13.425 25.1158 114.971
      vertex 13.425 26.0087 114.669
      vertex 13.425 25.1158 114.971
    endloop
  endfacet
  facet normal -0 -0.320394 -0.947284
    outer loop
      vertex 13.425 26.0087 114.669
      vertex -13.425 25.1158 114.971
      vertex -13.425 26.0087 114.669
    endloop
  endfacet
  facet normal 0.709713 -0.225884 -0.667296
    outer loop
      vertex -13.425 26.0087 114.669
      vertex -13.5 25.0936 114.899
      vertex -13.5 25.9828 114.598
    endloop
  endfacet
  facet normal 0.708597 -0.226074 -0.668416
    outer loop
      vertex -13.425 25.1158 114.971
      vertex -13.5 25.0936 114.899
      vertex -13.425 26.0087 114.669
    endloop
  endfacet
  facet normal 0.704063 0.192179 0.683639
    outer loop
      vertex -13.425 25.0714 114.828
      vertex -13.5 25.0936 114.899
      vertex -13.425 24.1714 115.081
    endloop
  endfacet
  facet normal 0.70375 0.192215 0.683951
    outer loop
      vertex -13.5 25.0936 114.899
      vertex -13.5 24.1898 115.153
      vertex -13.425 24.1714 115.081
    endloop
  endfacet
  facet normal -0 0.270622 0.962686
    outer loop
      vertex -13.425 25.0714 114.828
      vertex 13.425 24.1714 115.081
      vertex 13.425 25.0714 114.828
    endloop
  endfacet
  facet normal 0 0.270622 0.962686
    outer loop
      vertex 13.425 24.1714 115.081
      vertex -13.425 25.0714 114.828
      vertex -13.425 24.1714 115.081
    endloop
  endfacet
  facet normal -0.704062 0.192131 0.683653
    outer loop
      vertex 13.5 25.0936 114.899
      vertex 13.425 25.0714 114.828
      vertex 13.5 24.1898 115.153
    endloop
  endfacet
  facet normal -0.703749 0.192263 0.683938
    outer loop
      vertex 13.425 25.0714 114.828
      vertex 13.425 24.1714 115.081
      vertex 13.5 24.1898 115.153
    endloop
  endfacet
  facet normal -0.708615 -0.190855 -0.679293
    outer loop
      vertex 13.5 25.0936 114.899
      vertex 13.425 24.2082 115.226
      vertex 13.425 25.1158 114.971
    endloop
  endfacet
  facet normal -0.708309 -0.190985 -0.679576
    outer loop
      vertex 13.5 24.1898 115.153
      vertex 13.425 24.2082 115.226
      vertex 13.5 25.0936 114.899
    endloop
  endfacet
  facet normal 0 -0.270488 -0.962723
    outer loop
      vertex -13.425 24.2082 115.226
      vertex 13.425 25.1158 114.971
      vertex 13.425 24.2082 115.226
    endloop
  endfacet
  facet normal -0 -0.270488 -0.962723
    outer loop
      vertex 13.425 25.1158 114.971
      vertex -13.425 24.2082 115.226
      vertex -13.425 25.1158 114.971
    endloop
  endfacet
  facet normal 0.708615 -0.190902 -0.67928
    outer loop
      vertex -13.425 25.1158 114.971
      vertex -13.5 24.1898 115.153
      vertex -13.5 25.0936 114.899
    endloop
  endfacet
  facet normal 0.708309 -0.190938 -0.679588
    outer loop
      vertex -13.425 24.2082 115.226
      vertex -13.5 24.1898 115.153
      vertex -13.425 25.1158 114.971
    endloop
  endfacet
  facet normal 0.7037 0.155802 0.693204
    outer loop
      vertex -13.425 24.1714 115.081
      vertex -13.5 24.1898 115.153
      vertex -13.425 23.2593 115.286
    endloop
  endfacet
  facet normal 0.708976 0.155467 0.687883
    outer loop
      vertex -13.5 24.1898 115.153
      vertex -13.5 23.2739 115.36
      vertex -13.425 23.2593 115.286
    endloop
  endfacet
  facet normal -0 0.219286 0.975661
    outer loop
      vertex -13.425 24.1714 115.081
      vertex 13.425 23.2593 115.286
      vertex 13.425 24.1714 115.081
    endloop
  endfacet
  facet normal 0 0.219286 0.975661
    outer loop
      vertex 13.425 23.2593 115.286
      vertex -13.425 24.1714 115.081
      vertex -13.425 23.2593 115.286
    endloop
  endfacet
  facet normal -0.703712 0.156625 0.693007
    outer loop
      vertex 13.5 24.1898 115.153
      vertex 13.425 24.1714 115.081
      vertex 13.5 23.2739 115.36
    endloop
  endfacet
  facet normal -0.708987 0.154645 0.688057
    outer loop
      vertex 13.425 24.1714 115.081
      vertex 13.425 23.2593 115.286
      vertex 13.5 23.2739 115.36
    endloop
  endfacet
  facet normal -0.708323 -0.154983 -0.688665
    outer loop
      vertex 13.5 24.1898 115.153
      vertex 13.425 23.2884 115.433
      vertex 13.425 24.2082 115.226
    endloop
  endfacet
  facet normal -0.704264 -0.156504 -0.692473
    outer loop
      vertex 13.5 23.2739 115.36
      vertex 13.425 23.2884 115.433
      vertex 13.5 24.1898 115.153
    endloop
  endfacet
  facet normal 0 -0.219558 -0.9756
    outer loop
      vertex -13.425 23.2884 115.433
      vertex 13.425 24.2082 115.226
      vertex 13.425 23.2884 115.433
    endloop
  endfacet
  facet normal -0 -0.219558 -0.9756
    outer loop
      vertex 13.425 24.2082 115.226
      vertex -13.425 23.2884 115.433
      vertex -13.425 24.2082 115.226
    endloop
  endfacet
  facet normal 0.708331 -0.155609 -0.688515
    outer loop
      vertex -13.425 24.2082 115.226
      vertex -13.5 23.2739 115.36
      vertex -13.5 24.1898 115.153
    endloop
  endfacet
  facet normal 0.704273 -0.15587 -0.692607
    outer loop
      vertex -13.425 23.2884 115.433
      vertex -13.5 23.2739 115.36
      vertex -13.425 24.2082 115.226
    endloop
  endfacet
  facet normal 0.708989 0.118445 0.695201
    outer loop
      vertex -13.425 23.2593 115.286
      vertex -13.5 23.2739 115.36
      vertex -13.425 22.3378 115.443
    endloop
  endfacet
  facet normal 0.71045 0.118429 0.693712
    outer loop
      vertex -13.5 23.2739 115.36
      vertex -13.5 22.3484 115.518
      vertex -13.425 22.3378 115.443
    endloop
  endfacet
  facet normal -0 0.167954 0.985795
    outer loop
      vertex -13.425 23.2593 115.286
      vertex 13.425 22.3378 115.443
      vertex 13.425 23.2593 115.286
    endloop
  endfacet
  facet normal 0 0.167954 0.985795
    outer loop
      vertex 13.425 22.3378 115.443
      vertex -13.425 23.2593 115.286
      vertex -13.425 22.3378 115.443
    endloop
  endfacet
  facet normal -0.708992 0.118676 0.695159
    outer loop
      vertex 13.5 23.2739 115.36
      vertex 13.425 23.2593 115.286
      vertex 13.5 22.3484 115.518
    endloop
  endfacet
  facet normal -0.710453 0.118197 0.693748
    outer loop
      vertex 13.425 23.2593 115.286
      vertex 13.425 22.3378 115.443
      vertex 13.5 22.3484 115.518
    endloop
  endfacet
  facet normal -0.70426 -0.119729 -0.699773
    outer loop
      vertex 13.5 23.2739 115.36
      vertex 13.425 22.3591 115.592
      vertex 13.425 23.2884 115.433
    endloop
  endfacet
  facet normal -0.705903 -0.119197 -0.698207
    outer loop
      vertex 13.5 22.3484 115.518
      vertex 13.425 22.3591 115.592
      vertex 13.5 23.2739 115.36
    endloop
  endfacet
  facet normal 0 -0.168646 -0.985677
    outer loop
      vertex -13.425 22.3591 115.592
      vertex 13.425 23.2884 115.433
      vertex 13.425 22.3591 115.592
    endloop
  endfacet
  facet normal -0 -0.168646 -0.985677
    outer loop
      vertex 13.425 23.2884 115.433
      vertex -13.425 22.3591 115.592
      vertex -13.425 23.2884 115.433
    endloop
  endfacet
  facet normal 0.704257 -0.119472 -0.699821
    outer loop
      vertex -13.425 23.2884 115.433
      vertex -13.5 22.3484 115.518
      vertex -13.5 23.2739 115.36
    endloop
  endfacet
  facet normal 0.7059 -0.119454 -0.698166
    outer loop
      vertex -13.425 22.3591 115.592
      vertex -13.5 22.3484 115.518
      vertex -13.425 23.2884 115.433
    endloop
  endfacet
  facet normal 0.710497 0.0820378 0.698902
    outer loop
      vertex -13.425 22.3378 115.443
      vertex -13.5 22.3484 115.518
      vertex -13.425 21.4092 115.552
    endloop
  endfacet
  facet normal 0.708434 0.0819492 0.701004
    outer loop
      vertex -13.5 22.3484 115.518
      vertex -13.5 21.416 115.627
      vertex -13.425 21.4092 115.552
    endloop
  endfacet
  facet normal -0 0.116581 0.993181
    outer loop
      vertex -13.425 22.3378 115.443
      vertex 13.425 21.4092 115.552
      vertex 13.425 22.3378 115.443
    endloop
  endfacet
  facet normal 0 0.116581 0.993181
    outer loop
      vertex 13.425 21.4092 115.552
      vertex -13.425 22.3378 115.443
      vertex -13.425 21.4092 115.552
    endloop
  endfacet
  facet normal -0.710493 0.0817085 0.698945
    outer loop
      vertex 13.5 22.3484 115.518
      vertex 13.425 22.3378 115.443
      vertex 13.5 21.416 115.627
    endloop
  endfacet
  facet normal -0.708429 0.0822805 0.700969
    outer loop
      vertex 13.425 22.3378 115.443
      vertex 13.425 21.4092 115.552
      vertex 13.5 21.416 115.627
    endloop
  endfacet
  facet normal -0.705892 -0.0826476 -0.703481
    outer loop
      vertex 13.5 22.3484 115.518
      vertex 13.425 21.4228 115.702
      vertex 13.425 22.3591 115.592
    endloop
  endfacet
  facet normal -0.708434 -0.0819492 -0.701004
    outer loop
      vertex 13.5 21.416 115.627
      vertex 13.425 21.4228 115.702
      vertex 13.5 22.3484 115.518
    endloop
  endfacet
  facet normal 0 -0.116681 -0.993169
    outer loop
      vertex -13.425 21.4228 115.702
      vertex 13.425 22.3591 115.592
      vertex 13.425 21.4228 115.702
    endloop
  endfacet
  facet normal -0 -0.116681 -0.993169
    outer loop
      vertex 13.425 22.3591 115.592
      vertex -13.425 21.4228 115.702
      vertex -13.425 22.3591 115.592
    endloop
  endfacet
  facet normal 0.705887 -0.0822449 -0.703534
    outer loop
      vertex -13.425 22.3591 115.592
      vertex -13.5 21.416 115.627
      vertex -13.5 22.3484 115.518
    endloop
  endfacet
  facet normal 0.708428 -0.0823516 -0.700962
    outer loop
      vertex -13.425 21.4228 115.702
      vertex -13.5 21.416 115.627
      vertex -13.425 22.3591 115.592
    endloop
  endfacet
  facet normal 0.708431 0.0452942 0.704325
    outer loop
      vertex -13.425 21.4092 115.552
      vertex -13.5 21.416 115.627
      vertex -13.425 20.4762 115.612
    endloop
  endfacet
  facet normal 0.707258 0.0451816 0.705511
    outer loop
      vertex -13.5 21.416 115.627
      vertex -13.5 20.4791 115.687
      vertex -13.425 20.4762 115.612
    endloop
  endfacet
  facet normal -0 0.0641761 0.997939
    outer loop
      vertex -13.425 21.4092 115.552
      vertex 13.425 20.4762 115.612
      vertex 13.425 21.4092 115.552
    endloop
  endfacet
  facet normal 0 0.0641761 0.997939
    outer loop
      vertex 13.425 20.4762 115.612
      vertex -13.425 21.4092 115.552
      vertex -13.425 20.4762 115.612
    endloop
  endfacet
  facet normal -0.708429 0.0451066 0.704339
    outer loop
      vertex 13.5 21.416 115.627
      vertex 13.425 21.4092 115.552
      vertex 13.5 20.4791 115.687
    endloop
  endfacet
  facet normal -0.707255 0.0453698 0.705501
    outer loop
      vertex 13.425 21.4092 115.552
      vertex 13.425 20.4762 115.612
      vertex 13.5 20.4791 115.687
    endloop
  endfacet
  facet normal -0.708426 -0.0449158 -0.704354
    outer loop
      vertex 13.5 21.416 115.627
      vertex 13.425 20.4819 115.762
      vertex 13.425 21.4228 115.702
    endloop
  endfacet
  facet normal -0.707228 -0.0451835 -0.705541
    outer loop
      vertex 13.5 20.4791 115.687
      vertex 13.425 20.4819 115.762
      vertex 13.5 21.416 115.627
    endloop
  endfacet
  facet normal 0 -0.0636395 -0.997973
    outer loop
      vertex -13.425 20.4819 115.762
      vertex 13.425 21.4228 115.702
      vertex 13.425 20.4819 115.762
    endloop
  endfacet
  facet normal -0 -0.0636395 -0.997973
    outer loop
      vertex 13.425 21.4228 115.702
      vertex -13.425 20.4819 115.762
      vertex -13.425 21.4228 115.702
    endloop
  endfacet
  facet normal 0.708429 -0.0451066 -0.704339
    outer loop
      vertex -13.425 21.4228 115.702
      vertex -13.5 20.4791 115.687
      vertex -13.5 21.416 115.627
    endloop
  endfacet
  facet normal 0.70723 -0.0449921 -0.70555
    outer loop
      vertex -13.425 20.4819 115.762
      vertex -13.5 20.4791 115.687
      vertex -13.425 21.4228 115.702
    endloop
  endfacet
  facet normal 0.707243 0.0083185 0.706921
    outer loop
      vertex -13.425 20.4762 115.612
      vertex -13.5 20.4791 115.687
      vertex -13.425 19.5414 115.623
    endloop
  endfacet
  facet normal 0.707022 0.00828566 0.707143
    outer loop
      vertex -13.5 20.4791 115.687
      vertex -13.5 19.5403 115.698
      vertex -13.425 19.5414 115.623
    endloop
  endfacet
  facet normal -0 0.0117664 0.999931
    outer loop
      vertex -13.425 20.4762 115.612
      vertex 13.425 19.5414 115.623
      vertex 13.425 20.4762 115.612
    endloop
  endfacet
  facet normal 0 0.0117664 0.999931
    outer loop
      vertex 13.425 19.5414 115.623
      vertex -13.425 20.4762 115.612
      vertex -13.425 19.5414 115.623
    endloop
  endfacet
  facet normal -0.707243 0.00828307 0.706922
    outer loop
      vertex 13.5 20.4791 115.687
      vertex 13.425 20.4762 115.612
      vertex 13.5 19.5403 115.698
    endloop
  endfacet
  facet normal -0.707021 0.00832111 0.707143
    outer loop
      vertex 13.425 20.4762 115.612
      vertex 13.425 19.5414 115.623
      vertex 13.5 19.5403 115.698
    endloop
  endfacet
  facet normal -0.707237 -0.00824888 -0.706929
    outer loop
      vertex 13.5 20.4791 115.687
      vertex 13.425 19.5392 115.773
      vertex 13.425 20.4819 115.762
    endloop
  endfacet
  facet normal -0.707022 -0.00828566 -0.707143
    outer loop
      vertex 13.5 19.5403 115.698
      vertex 13.425 19.5392 115.773
      vertex 13.5 20.4791 115.687
    endloop
  endfacet
  facet normal 0 -0.0116678 -0.999932
    outer loop
      vertex -13.425 19.5392 115.773
      vertex 13.425 20.4819 115.762
      vertex 13.425 19.5392 115.773
    endloop
  endfacet
  facet normal -0 -0.0116678 -0.999932
    outer loop
      vertex 13.425 20.4819 115.762
      vertex -13.425 19.5392 115.773
      vertex -13.425 20.4819 115.762
    endloop
  endfacet
  facet normal 0.707237 -0.00828313 -0.706928
    outer loop
      vertex -13.425 20.4819 115.762
      vertex -13.5 19.5403 115.698
      vertex -13.5 20.4791 115.687
    endloop
  endfacet
  facet normal 0.707022 -0.00825138 -0.707143
    outer loop
      vertex -13.425 19.5392 115.773
      vertex -13.5 19.5403 115.698
      vertex -13.425 20.4819 115.762
    endloop
  endfacet
  facet normal 0.707025 -0.0287453 0.706604
    outer loop
      vertex -13.425 19.5414 115.623
      vertex -13.5 19.5403 115.698
      vertex -13.425 18.6073 115.585
    endloop
  endfacet
  facet normal 0.70777 -0.0285958 0.705864
    outer loop
      vertex -13.5 19.5403 115.698
      vertex -13.5 18.6023 115.66
      vertex -13.425 18.6073 115.585
    endloop
  endfacet
  facet normal 0 -0.0406472 0.999174
    outer loop
      vertex -13.425 19.5414 115.623
      vertex 13.425 18.6073 115.585
      vertex 13.425 19.5414 115.623
    endloop
  endfacet
  facet normal 0 -0.0406472 0.999174
    outer loop
      vertex 13.425 18.6073 115.585
      vertex -13.425 19.5414 115.623
      vertex -13.425 18.6073 115.585
    endloop
  endfacet
  facet normal -0.707027 -0.0286259 0.706607
    outer loop
      vertex 13.5 19.5403 115.698
      vertex 13.425 19.5414 115.623
      vertex 13.5 18.6023 115.66
    endloop
  endfacet
  facet normal -0.707772 -0.0287149 0.705857
    outer loop
      vertex 13.425 19.5414 115.623
      vertex 13.425 18.6073 115.585
      vertex 13.5 18.6023 115.66
    endloop
  endfacet
  facet normal -0.707028 0.0285045 -0.70661
    outer loop
      vertex 13.5 19.5403 115.698
      vertex 13.425 18.5972 115.735
      vertex 13.425 19.5392 115.773
    endloop
  endfacet
  facet normal -0.707789 0.028595 -0.705845
    outer loop
      vertex 13.5 18.6023 115.66
      vertex 13.425 18.5972 115.735
      vertex 13.5 19.5403 115.698
    endloop
  endfacet
  facet normal 0 0.0403069 -0.999187
    outer loop
      vertex -13.425 18.5972 115.735
      vertex 13.425 19.5392 115.773
      vertex 13.425 18.5972 115.735
    endloop
  endfacet
  facet normal 0 0.0403069 -0.999187
    outer loop
      vertex 13.425 19.5392 115.773
      vertex -13.425 18.5972 115.735
      vertex -13.425 19.5392 115.773
    endloop
  endfacet
  facet normal 0.707027 0.0286259 -0.706607
    outer loop
      vertex -13.425 19.5392 115.773
      vertex -13.5 18.6023 115.66
      vertex -13.5 19.5403 115.698
    endloop
  endfacet
  facet normal 0.707788 0.0284738 -0.705851
    outer loop
      vertex -13.425 18.5972 115.735
      vertex -13.5 18.6023 115.66
      vertex -13.425 19.5392 115.773
    endloop
  endfacet
  facet normal 0.707765 -0.0657367 0.703383
    outer loop
      vertex -13.425 18.6073 115.585
      vertex -13.5 18.6023 115.66
      vertex -13.425 17.6764 115.498
    endloop
  endfacet
  facet normal 0.709462 -0.0653069 0.701712
    outer loop
      vertex -13.5 18.6023 115.66
      vertex -13.5 17.6675 115.573
      vertex -13.425 17.6764 115.498
    endloop
  endfacet
  facet normal 0 -0.0930524 0.995661
    outer loop
      vertex -13.425 18.6073 115.585
      vertex 13.425 17.6764 115.498
      vertex 13.425 18.6073 115.585
    endloop
  endfacet
  facet normal 0 -0.0930524 0.995661
    outer loop
      vertex 13.425 17.6764 115.498
      vertex -13.425 18.6073 115.585
      vertex -13.425 17.6764 115.498
    endloop
  endfacet
  facet normal -0.707769 -0.0654645 0.703404
    outer loop
      vertex 13.5 18.6023 115.66
      vertex 13.425 18.6073 115.585
      vertex 13.5 17.6675 115.573
    endloop
  endfacet
  facet normal -0.709465 -0.0655779 0.701683
    outer loop
      vertex 13.425 18.6073 115.585
      vertex 13.425 17.6764 115.498
      vertex 13.5 17.6675 115.573
    endloop
  endfacet
  facet normal -0.707806 0.0659411 -0.703322
    outer loop
      vertex 13.5 18.6023 115.66
      vertex 13.425 17.6586 115.647
      vertex 13.425 18.5972 115.735
    endloop
  endfacet
  facet normal -0.704768 0.0657419 -0.706385
    outer loop
      vertex 13.5 17.6675 115.573
      vertex 13.425 17.6586 115.647
      vertex 13.5 18.6023 115.66
    endloop
  endfacet
  facet normal 0 0.0933473 -0.995634
    outer loop
      vertex -13.425 17.6586 115.647
      vertex 13.425 18.5972 115.735
      vertex 13.425 17.6586 115.647
    endloop
  endfacet
  facet normal 0 0.0933473 -0.995634
    outer loop
      vertex 13.425 18.5972 115.735
      vertex -13.425 17.6586 115.647
      vertex -13.425 18.5972 115.735
    endloop
  endfacet
  facet normal 0.707812 0.0654604 -0.703361
    outer loop
      vertex -13.425 18.5972 115.735
      vertex -13.5 17.6675 115.573
      vertex -13.5 18.6023 115.66
    endloop
  endfacet
  facet normal 0.704774 0.0662235 -0.706334
    outer loop
      vertex -13.425 17.6586 115.647
      vertex -13.5 17.6675 115.573
      vertex -13.425 18.5972 115.735
    endloop
  endfacet
  facet normal 0.709438 -0.102518 0.697272
    outer loop
      vertex -13.425 17.6764 115.498
      vertex -13.5 17.6675 115.573
      vertex -13.425 16.7514 115.362
    endloop
  endfacet
  facet normal 0.707463 -0.10312 0.699187
    outer loop
      vertex -13.5 17.6675 115.573
      vertex -13.5 16.7386 115.436
      vertex -13.425 16.7514 115.362
    endloop
  endfacet
  facet normal 0 -0.145463 0.989364
    outer loop
      vertex -13.425 17.6764 115.498
      vertex 13.425 16.7514 115.362
      vertex 13.425 17.6764 115.498
    endloop
  endfacet
  facet normal 0 -0.145463 0.989364
    outer loop
      vertex 13.425 16.7514 115.362
      vertex -13.425 17.6764 115.498
      vertex -13.425 16.7514 115.362
    endloop
  endfacet
  facet normal -0.709433 -0.102832 0.69723
    outer loop
      vertex 13.5 17.6675 115.573
      vertex 13.425 17.6764 115.498
      vertex 13.5 16.7386 115.436
    endloop
  endfacet
  facet normal -0.707459 -0.102807 0.699237
    outer loop
      vertex 13.425 17.6764 115.498
      vertex 13.425 16.7514 115.362
      vertex 13.5 16.7386 115.436
    endloop
  endfacet
  facet normal -0.704775 0.103088 -0.701901
    outer loop
      vertex 13.5 17.6675 115.573
      vertex 13.425 16.7258 115.51
      vertex 13.425 17.6586 115.647
    endloop
  endfacet
  facet normal -0.707463 0.10312 -0.699187
    outer loop
      vertex 13.5 16.7386 115.436
      vertex 13.425 16.7258 115.51
      vertex 13.5 17.6675 115.573
    endloop
  endfacet
  facet normal 0 0.145311 -0.989386
    outer loop
      vertex -13.425 16.7258 115.51
      vertex 13.425 17.6586 115.647
      vertex 13.425 16.7258 115.51
    endloop
  endfacet
  facet normal 0 0.145311 -0.989386
    outer loop
      vertex 13.425 17.6586 115.647
      vertex -13.425 16.7258 115.51
      vertex -13.425 17.6586 115.647
    endloop
  endfacet
  facet normal 0.70477 0.103512 -0.701844
    outer loop
      vertex -13.425 17.6586 115.647
      vertex -13.5 16.7386 115.436
      vertex -13.5 17.6675 115.573
    endloop
  endfacet
  facet normal 0.707458 0.102699 -0.699254
    outer loop
      vertex -13.425 16.7258 115.51
      vertex -13.5 16.7386 115.436
      vertex -13.425 17.6586 115.647
    endloop
  endfacet
  facet normal 0.707445 -0.139103 0.692944
    outer loop
      vertex -13.425 16.7514 115.362
      vertex -13.5 16.7386 115.436
      vertex -13.425 15.8348 115.178
    endloop
  endfacet
  facet normal 0.706443 -0.139457 0.693895
    outer loop
      vertex -13.5 16.7386 115.436
      vertex -13.5 15.8181 115.251
      vertex -13.425 15.8348 115.178
    endloop
  endfacet
  facet normal 0 -0.196815 0.980441
    outer loop
      vertex -13.425 16.7514 115.362
      vertex 13.425 15.8348 115.178
      vertex 13.425 16.7514 115.362
    endloop
  endfacet
  facet normal 0 -0.196815 0.980441
    outer loop
      vertex 13.425 15.8348 115.178
      vertex -13.425 16.7514 115.362
      vertex -13.425 15.8348 115.178
    endloop
  endfacet
  facet normal -0.707443 -0.13926 0.692915
    outer loop
      vertex 13.5 16.7386 115.436
      vertex 13.425 16.7514 115.362
      vertex 13.5 15.8181 115.251
    endloop
  endfacet
  facet normal -0.706441 -0.1393 0.693928
    outer loop
      vertex 13.425 16.7514 115.362
      vertex 13.425 15.8348 115.178
      vertex 13.5 15.8181 115.251
    endloop
  endfacet
  facet normal -0.707451 0.138694 -0.693021
    outer loop
      vertex 13.5 16.7386 115.436
      vertex 13.425 15.8014 115.325
      vertex 13.425 16.7258 115.51
    endloop
  endfacet
  facet normal -0.711033 0.138549 -0.689374
    outer loop
      vertex 13.5 15.8181 115.251
      vertex 13.425 15.8014 115.325
      vertex 13.5 16.7386 115.436
    endloop
  endfacet
  facet normal 0 0.196239 -0.980556
    outer loop
      vertex -13.425 15.8014 115.325
      vertex 13.425 16.7258 115.51
      vertex 13.425 15.8014 115.325
    endloop
  endfacet
  facet normal 0 0.196239 -0.980556
    outer loop
      vertex 13.425 16.7258 115.51
      vertex -13.425 15.8014 115.325
      vertex -13.425 16.7258 115.51
    endloop
  endfacet
  facet normal 0.707443 0.13926 -0.692915
    outer loop
      vertex -13.425 16.7258 115.51
      vertex -13.5 15.8181 115.251
      vertex -13.5 16.7386 115.436
    endloop
  endfacet
  facet normal 0.711026 0.137988 -0.689494
    outer loop
      vertex -13.425 15.8014 115.325
      vertex -13.5 15.8181 115.251
      vertex -13.425 16.7258 115.51
    endloop
  endfacet
  facet normal 0.706459 -0.174914 0.685799
    outer loop
      vertex -13.425 15.8348 115.178
      vertex -13.5 15.8181 115.251
      vertex -13.425 14.9291 114.947
    endloop
  endfacet
  facet normal 0.706318 -0.174971 0.68593
    outer loop
      vertex -13.5 15.8181 115.251
      vertex -13.5 14.9086 115.019
      vertex -13.425 14.9291 114.947
    endloop
  endfacet
  facet normal 0 -0.24714 0.96898
    outer loop
      vertex -13.425 15.8348 115.178
      vertex 13.425 14.9291 114.947
      vertex 13.425 15.8348 115.178
    endloop
  endfacet
  facet normal 0 -0.24714 0.96898
    outer loop
      vertex 13.425 14.9291 114.947
      vertex -13.425 15.8348 115.178
      vertex -13.425 14.9291 114.947
    endloop
  endfacet
  facet normal -0.706459 -0.174936 0.685794
    outer loop
      vertex 13.5 15.8181 115.251
      vertex 13.425 15.8348 115.178
      vertex 13.5 14.9086 115.019
    endloop
  endfacet
  facet normal -0.706318 -0.174949 0.685936
    outer loop
      vertex 13.425 15.8348 115.178
      vertex 13.425 14.9291 114.947
      vertex 13.5 14.9086 115.019
    endloop
  endfacet
  facet normal -0.710984 0.174534 -0.681204
    outer loop
      vertex 13.5 15.8181 115.251
      vertex 13.425 14.8881 115.091
      vertex 13.425 15.8014 115.325
    endloop
  endfacet
  facet normal -0.706318 0.174971 -0.68593
    outer loop
      vertex 13.5 14.9086 115.019
      vertex 13.425 14.8881 115.091
      vertex 13.5 15.8181 115.251
    endloop
  endfacet
  facet normal 0 0.248197 -0.96871
    outer loop
      vertex -13.425 14.8881 115.091
      vertex 13.425 15.8014 115.325
      vertex 13.425 14.8881 115.091
    endloop
  endfacet
  facet normal 0 0.248197 -0.96871
    outer loop
      vertex 13.425 15.8014 115.325
      vertex -13.425 14.8881 115.091
      vertex -13.425 15.8014 115.325
    endloop
  endfacet
  facet normal 0.710995 0.17381 -0.681378
    outer loop
      vertex -13.425 15.8014 115.325
      vertex -13.5 14.9086 115.019
      vertex -13.5 15.8181 115.251
    endloop
  endfacet
  facet normal 0.706328 0.175695 -0.685734
    outer loop
      vertex -13.425 14.8881 115.091
      vertex -13.5 14.9086 115.019
      vertex -13.425 15.8014 115.325
    endloop
  endfacet
  facet normal 0.706337 -0.21125 0.67562
    outer loop
      vertex -13.425 14.9291 114.947
      vertex -13.5 14.9086 115.019
      vertex -13.425 14.0368 114.668
    endloop
  endfacet
  facet normal 0.707183 -0.210868 0.674854
    outer loop
      vertex -13.5 14.9086 115.019
      vertex -13.5 14.0125 114.739
      vertex -13.425 14.0368 114.668
    endloop
  endfacet
  facet normal 0 -0.298427 0.954432
    outer loop
      vertex -13.425 14.9291 114.947
      vertex 13.425 14.0368 114.668
      vertex 13.425 14.9291 114.947
    endloop
  endfacet
  facet normal 0 -0.298427 0.954432
    outer loop
      vertex 13.425 14.0368 114.668
      vertex -13.425 14.9291 114.947
      vertex -13.425 14.0368 114.668
    endloop
  endfacet
  facet normal -0.706338 -0.21112 0.675659
    outer loop
      vertex 13.5 14.9086 115.019
      vertex 13.425 14.9291 114.947
      vertex 13.5 14.0125 114.739
    endloop
  endfacet
  facet normal -0.707184 -0.210997 0.674811
    outer loop
      vertex 13.425 14.9291 114.947
      vertex 13.425 14.0368 114.668
      vertex 13.5 14.0125 114.739
    endloop
  endfacet
  facet normal -0.70634 0.211013 -0.675691
    outer loop
      vertex 13.5 14.9086 115.019
      vertex 13.425 13.9883 114.81
      vertex 13.425 14.8881 115.091
    endloop
  endfacet
  facet normal -0.707042 0.21091 -0.674988
    outer loop
      vertex 13.5 14.0125 114.739
      vertex 13.425 13.9883 114.81
      vertex 13.5 14.9086 115.019
    endloop
  endfacet
  facet normal 0 0.298094 -0.954537
    outer loop
      vertex -13.425 13.9883 114.81
      vertex 13.425 14.8881 115.091
      vertex 13.425 13.9883 114.81
    endloop
  endfacet
  facet normal 0 0.298094 -0.954537
    outer loop
      vertex 13.425 14.8881 115.091
      vertex -13.425 13.9883 114.81
      vertex -13.425 14.8881 115.091
    endloop
  endfacet
  facet normal 0.706338 0.21112 -0.675659
    outer loop
      vertex -13.425 14.8881 115.091
      vertex -13.5 14.0125 114.739
      vertex -13.5 14.9086 115.019
    endloop
  endfacet
  facet normal 0.707041 0.210804 -0.675022
    outer loop
      vertex -13.425 13.9883 114.81
      vertex -13.5 14.0125 114.739
      vertex -13.425 14.8881 115.091
    endloop
  endfacet
  facet normal 0.707188 -0.246471 0.662674
    outer loop
      vertex -13.425 14.0368 114.668
      vertex -13.5 14.0125 114.739
      vertex -13.425 13.1603 114.342
    endloop
  endfacet
  facet normal 0.708678 -0.245727 0.661358
    outer loop
      vertex -13.5 14.0125 114.739
      vertex -13.5 13.1324 114.412
      vertex -13.425 13.1603 114.342
    endloop
  endfacet
  facet normal 0 -0.348603 0.937271
    outer loop
      vertex -13.425 14.0368 114.668
      vertex 13.425 13.1603 114.342
      vertex 13.425 14.0368 114.668
    endloop
  endfacet
  facet normal 0 -0.348603 0.937271
    outer loop
      vertex 13.425 13.1603 114.342
      vertex -13.425 14.0368 114.668
      vertex -13.425 13.1603 114.342
    endloop
  endfacet
  facet normal -0.707191 -0.246246 0.662755
    outer loop
      vertex 13.5 14.0125 114.739
      vertex 13.425 14.0368 114.668
      vertex 13.5 13.1324 114.412
    endloop
  endfacet
  facet normal -0.708681 -0.245949 0.661272
    outer loop
      vertex 13.425 14.0368 114.668
      vertex 13.425 13.1603 114.342
      vertex 13.5 13.1324 114.412
    endloop
  endfacet
  facet normal -0.707021 0.246717 -0.662761
    outer loop
      vertex 13.5 14.0125 114.739
      vertex 13.425 13.1045 114.481
      vertex 13.425 13.9883 114.81
    endloop
  endfacet
  facet normal -0.704247 0.247267 -0.665504
    outer loop
      vertex 13.5 13.1324 114.412
      vertex 13.425 13.1045 114.481
      vertex 13.5 14.0125 114.739
    endloop
  endfacet
  facet normal 0 0.348868 -0.937172
    outer loop
      vertex -13.425 13.1045 114.481
      vertex 13.425 13.9883 114.81
      vertex 13.425 13.1045 114.481
    endloop
  endfacet
  facet normal 0 0.348868 -0.937172
    outer loop
      vertex 13.425 13.9883 114.81
      vertex -13.425 13.1045 114.481
      vertex -13.425 13.9883 114.81
    endloop
  endfacet
  facet normal 0.707027 0.246303 -0.662908
    outer loop
      vertex -13.425 13.9883 114.81
      vertex -13.5 13.1324 114.412
      vertex -13.5 14.0125 114.739
    endloop
  endfacet
  facet normal 0.704253 0.247678 -0.665344
    outer loop
      vertex -13.425 13.1045 114.481
      vertex -13.5 13.1324 114.412
      vertex -13.425 13.9883 114.81
    endloop
  endfacet
  facet normal 0.708629 -0.279981 0.647654
    outer loop
      vertex -13.425 13.1603 114.342
      vertex -13.5 13.1324 114.412
      vertex -13.425 12.3021 113.971
    endloop
  endfacet
  facet normal 0.706718 -0.281022 0.649289
    outer loop
      vertex -13.5 13.1324 114.412
      vertex -13.5 12.2706 114.039
      vertex -13.425 12.3021 113.971
    endloop
  endfacet
  facet normal 0 -0.396809 0.917901
    outer loop
      vertex -13.425 13.1603 114.342
      vertex 13.425 12.3021 113.971
      vertex 13.425 13.1603 114.342
    endloop
  endfacet
  facet normal 0 -0.396809 0.917901
    outer loop
      vertex 13.425 12.3021 113.971
      vertex -13.425 13.1603 114.342
      vertex -13.425 12.3021 113.971
    endloop
  endfacet
  facet normal -0.708625 -0.280263 0.647536
    outer loop
      vertex 13.5 13.1324 114.412
      vertex 13.425 13.1603 114.342
      vertex 13.5 12.2706 114.039
    endloop
  endfacet
  facet normal -0.706714 -0.280742 0.649414
    outer loop
      vertex 13.425 13.1603 114.342
      vertex 13.425 12.3021 113.971
      vertex 13.5 12.2706 114.039
    endloop
  endfacet
  facet normal -0.704292 0.281627 -0.651659
    outer loop
      vertex 13.5 13.1324 114.412
      vertex 13.425 12.2391 114.107
      vertex 13.425 13.1045 114.481
    endloop
  endfacet
  facet normal -0.706718 0.281022 -0.649289
    outer loop
      vertex 13.5 12.2706 114.039
      vertex 13.425 12.2391 114.107
      vertex 13.5 13.1324 114.412
    endloop
  endfacet
  facet normal 0 0.396708 -0.917945
    outer loop
      vertex -13.425 12.2391 114.107
      vertex 13.425 13.1045 114.481
      vertex 13.425 12.2391 114.107
    endloop
  endfacet
  facet normal 0 0.396708 -0.917945
    outer loop
      vertex 13.425 13.1045 114.481
      vertex -13.425 12.2391 114.107
      vertex -13.425 13.1045 114.481
    endloop
  endfacet
  facet normal 0.704287 0.281983 -0.65151
    outer loop
      vertex -13.425 13.1045 114.481
      vertex -13.5 12.2706 114.039
      vertex -13.5 13.1324 114.412
    endloop
  endfacet
  facet normal 0.706713 0.280671 -0.649446
    outer loop
      vertex -13.425 12.2391 114.107
      vertex -13.5 12.2706 114.039
      vertex -13.425 13.1045 114.481
    endloop
  endfacet
  facet normal 0.70671 -0.314132 0.633942
    outer loop
      vertex -13.425 12.3021 113.971
      vertex -13.5 12.2706 114.039
      vertex -13.425 11.4646 113.556
    endloop
  endfacet
  facet normal 0.705796 -0.314668 0.634694
    outer loop
      vertex -13.5 12.2706 114.039
      vertex -13.5 11.4295 113.622
      vertex -13.425 11.4646 113.556
    endloop
  endfacet
  facet normal 0 -0.444001 0.896026
    outer loop
      vertex -13.425 12.3021 113.971
      vertex 13.425 11.4646 113.556
      vertex 13.425 12.3021 113.971
    endloop
  endfacet
  facet normal 0 -0.444001 0.896026
    outer loop
      vertex 13.425 11.4646 113.556
      vertex -13.425 12.3021 113.971
      vertex -13.425 11.4646 113.556
    endloop
  endfacet
  facet normal -0.706708 -0.314264 0.633879
    outer loop
      vertex 13.5 12.2706 114.039
      vertex 13.425 12.3021 113.971
      vertex 13.5 11.4295 113.622
    endloop
  endfacet
  facet normal -0.705793 -0.314538 0.634761
    outer loop
      vertex 13.425 12.3021 113.971
      vertex 13.425 11.4646 113.556
      vertex 13.5 11.4295 113.622
    endloop
  endfacet
  facet normal -0.706715 0.313788 -0.634107
    outer loop
      vertex 13.5 12.2706 114.039
      vertex 13.425 11.3944 113.689
      vertex 13.425 12.2391 114.107
    endloop
  endfacet
  facet normal -0.710005 0.312794 -0.630914
    outer loop
      vertex 13.5 11.4295 113.622
      vertex 13.425 11.3944 113.689
      vertex 13.5 12.2706 114.039
    endloop
  endfacet
  facet normal 0 0.443517 -0.896266
    outer loop
      vertex -13.425 11.3944 113.689
      vertex 13.425 12.2391 114.107
      vertex 13.425 11.3944 113.689
    endloop
  endfacet
  facet normal 0 0.443517 -0.896266
    outer loop
      vertex 13.425 12.2391 114.107
      vertex -13.425 11.3944 113.689
      vertex -13.425 12.2391 114.107
    endloop
  endfacet
  facet normal 0.706708 0.314264 -0.633879
    outer loop
      vertex -13.425 12.2391 114.107
      vertex -13.5 11.4295 113.622
      vertex -13.5 12.2706 114.039
    endloop
  endfacet
  facet normal 0.709999 0.312326 -0.631153
    outer loop
      vertex -13.425 11.3944 113.689
      vertex -13.5 11.4295 113.622
      vertex -13.425 12.2391 114.107
    endloop
  endfacet
  facet normal 0.705835 -0.34771 0.617167
    outer loop
      vertex -13.425 11.4646 113.556
      vertex -13.5 11.4295 113.622
      vertex -13.425 10.6499 113.097
    endloop
  endfacet
  facet normal 0.709579 -0.345347 0.614193
    outer loop
      vertex -13.5 11.4295 113.622
      vertex -13.5 10.6114 113.162
      vertex -13.425 10.6499 113.097
    endloop
  endfacet
  facet normal 0 -0.490855 0.871241
    outer loop
      vertex -13.425 11.4646 113.556
      vertex 13.425 10.6499 113.097
      vertex 13.425 11.4646 113.556
    endloop
  endfacet
  facet normal 0 -0.490855 0.871241
    outer loop
      vertex 13.425 10.6499 113.097
      vertex -13.425 11.4646 113.556
      vertex -13.425 10.6499 113.097
    endloop
  endfacet
  facet normal -0.705842 -0.347182 0.617456
    outer loop
      vertex 13.5 11.4295 113.622
      vertex 13.425 11.4646 113.556
      vertex 13.5 10.6114 113.162
    endloop
  endfacet
  facet normal -0.709586 -0.345866 0.613893
    outer loop
      vertex 13.425 11.4646 113.556
      vertex 13.425 10.6499 113.097
      vertex 13.5 10.6114 113.162
    endloop
  endfacet
  facet normal -0.709926 0.345825 -0.613522
    outer loop
      vertex 13.5 11.4295 113.622
      vertex 13.425 10.573 113.226
      vertex 13.425 11.3944 113.689
    endloop
  endfacet
  facet normal -0.705245 0.347474 -0.617974
    outer loop
      vertex 13.5 10.6114 113.162
      vertex 13.425 10.573 113.226
      vertex 13.5 11.4295 113.622
    endloop
  endfacet
  facet normal 0 0.491036 -0.871139
    outer loop
      vertex -13.425 10.573 113.226
      vertex 13.425 11.3944 113.689
      vertex 13.425 10.573 113.226
    endloop
  endfacet
  facet normal 0 0.491036 -0.871139
    outer loop
      vertex 13.425 11.3944 113.689
      vertex -13.425 10.573 113.226
      vertex -13.425 11.3944 113.689
    endloop
  endfacet
  facet normal 0.709937 0.34517 -0.613878
    outer loop
      vertex -13.425 11.3944 113.689
      vertex -13.5 10.6114 113.162
      vertex -13.5 11.4295 113.622
    endloop
  endfacet
  facet normal 0.705255 0.348122 -0.617597
    outer loop
      vertex -13.425 10.573 113.226
      vertex -13.5 10.6114 113.162
      vertex -13.425 11.3944 113.689
    endloop
  endfacet
  facet normal 0.709511 -0.377066 0.595327
    outer loop
      vertex -13.425 10.6499 113.097
      vertex -13.5 10.6114 113.162
      vertex -13.425 9.86048 112.597
    endloop
  endfacet
  facet normal 0.705956 -0.379455 0.59803
    outer loop
      vertex -13.5 10.6114 113.162
      vertex -13.5 9.81866 112.659
      vertex -13.425 9.86048 112.597
    endloop
  endfacet
  facet normal 0 -0.535078 0.844803
    outer loop
      vertex -13.425 10.6499 113.097
      vertex 13.425 9.86048 112.597
      vertex 13.425 10.6499 113.097
    endloop
  endfacet
  facet normal 0 -0.535078 0.844803
    outer loop
      vertex 13.425 9.86048 112.597
      vertex -13.425 10.6499 113.097
      vertex -13.425 9.86048 112.597
    endloop
  endfacet
  facet normal -0.709503 -0.377552 0.59503
    outer loop
      vertex 13.5 10.6114 113.162
      vertex 13.425 10.6499 113.097
      vertex 13.5 9.81866 112.659
    endloop
  endfacet
  facet normal -0.705948 -0.378976 0.598343
    outer loop
      vertex 13.425 10.6499 113.097
      vertex 13.425 9.86048 112.597
      vertex 13.5 9.81866 112.659
    endloop
  endfacet
  facet normal -0.705276 0.379727 -0.59866
    outer loop
      vertex 13.5 10.6114 113.162
      vertex 13.425 9.77684 112.721
      vertex 13.425 10.573 113.226
    endloop
  endfacet
  facet normal -0.705956 0.379455 -0.59803
    outer loop
      vertex 13.5 9.81866 112.659
      vertex 13.425 9.77684 112.721
      vertex 13.5 10.6114 113.162
    endloop
  endfacet
  facet normal 0 0.535631 -0.844452
    outer loop
      vertex -13.425 9.77684 112.721
      vertex 13.425 10.573 113.226
      vertex 13.425 9.77684 112.721
    endloop
  endfacet
  facet normal 0 0.535631 -0.844452
    outer loop
      vertex 13.425 10.573 113.226
      vertex -13.425 9.77684 112.721
      vertex -13.425 10.573 113.226
    endloop
  endfacet
  facet normal 0.705275 0.379818 -0.598603
    outer loop
      vertex -13.425 10.573 113.226
      vertex -13.5 9.81866 112.659
      vertex -13.5 10.6114 113.162
    endloop
  endfacet
  facet normal 0.705954 0.379365 -0.598089
    outer loop
      vertex -13.425 9.77684 112.721
      vertex -13.5 9.81866 112.659
      vertex -13.425 10.573 113.226
    endloop
  endfacet
  facet normal 0.705986 -0.410458 0.577155
    outer loop
      vertex -13.425 9.86048 112.597
      vertex -13.5 9.81866 112.659
      vertex -13.425 9.09836 112.055
    endloop
  endfacet
  facet normal 0.707073 -0.409687 0.576371
    outer loop
      vertex -13.5 9.81866 112.659
      vertex -13.5 9.05333 112.115
      vertex -13.425 9.09836 112.055
    endloop
  endfacet
  facet normal 0 -0.579558 0.814931
    outer loop
      vertex -13.425 9.86048 112.597
      vertex 13.425 9.09836 112.055
      vertex 13.425 9.86048 112.597
    endloop
  endfacet
  facet normal 0 -0.579558 0.814931
    outer loop
      vertex 13.425 9.09836 112.055
      vertex -13.425 9.86048 112.597
      vertex -13.425 9.09836 112.055
    endloop
  endfacet
  facet normal -0.705988 -0.410315 0.577254
    outer loop
      vertex 13.5 9.81866 112.659
      vertex 13.425 9.86048 112.597
      vertex 13.5 9.05333 112.115
    endloop
  endfacet
  facet normal -0.707075 -0.409827 0.576269
    outer loop
      vertex 13.425 9.86048 112.597
      vertex 13.425 9.09836 112.055
      vertex 13.5 9.05333 112.115
    endloop
  endfacet
  facet normal -0.70599 0.410177 -0.57735
    outer loop
      vertex 13.5 9.81866 112.659
      vertex 13.425 9.00831 112.175
      vertex 13.425 9.77684 112.721
    endloop
  endfacet
  facet normal -0.707046 0.409703 -0.576393
    outer loop
      vertex 13.5 9.05333 112.115
      vertex 13.425 9.00831 112.175
      vertex 13.5 9.81866 112.659
    endloop
  endfacet
  facet normal 0 0.579164 -0.815211
    outer loop
      vertex -13.425 9.00831 112.175
      vertex 13.425 9.77684 112.721
      vertex 13.425 9.00831 112.175
    endloop
  endfacet
  facet normal 0 0.579164 -0.815211
    outer loop
      vertex 13.425 9.77684 112.721
      vertex -13.425 9.00831 112.175
      vertex -13.425 9.77684 112.721
    endloop
  endfacet
  facet normal 0.705988 0.410315 -0.577254
    outer loop
      vertex -13.425 9.77684 112.721
      vertex -13.5 9.05333 112.115
      vertex -13.5 9.81866 112.659
    endloop
  endfacet
  facet normal 0.707044 0.409568 -0.576493
    outer loop
      vertex -13.425 9.00831 112.175
      vertex -13.5 9.05333 112.115
      vertex -13.425 9.77684 112.721
    endloop
  endfacet
  facet normal 0.707066 -0.439375 0.554082
    outer loop
      vertex -13.425 9.09836 112.055
      vertex -13.5 9.05333 112.115
      vertex -13.425 8.36568 111.474
    endloop
  endfacet
  facet normal 0.708692 -0.438159 0.552967
    outer loop
      vertex -13.5 9.05333 112.115
      vertex -13.5 8.31757 111.532
      vertex -13.425 8.36568 111.474
    endloop
  endfacet
  facet normal 0 -0.621335 0.783545
    outer loop
      vertex -13.425 9.09836 112.055
      vertex 13.425 8.36568 111.474
      vertex 13.425 9.09836 112.055
    endloop
  endfacet
  facet normal 0 -0.621335 0.783545
    outer loop
      vertex 13.425 8.36568 111.474
      vertex -13.425 9.09836 112.055
      vertex -13.425 8.36568 111.474
    endloop
  endfacet
  facet normal -0.70707 -0.439169 0.554241
    outer loop
      vertex 13.5 9.05333 112.115
      vertex 13.425 9.09836 112.055
      vertex 13.5 8.31757 111.532
    endloop
  endfacet
  facet normal -0.708695 -0.438361 0.552803
    outer loop
      vertex 13.425 9.09836 112.055
      vertex 13.425 8.36568 111.474
      vertex 13.5 8.31757 111.532
    endloop
  endfacet
  facet normal -0.707036 0.439443 -0.554066
    outer loop
      vertex 13.5 9.05333 112.115
      vertex 13.425 8.26946 111.589
      vertex 13.425 9.00831 112.175
    endloop
  endfacet
  facet normal -0.704993 0.440454 -0.555864
    outer loop
      vertex 13.5 8.31757 111.532
      vertex 13.425 8.26946 111.589
      vertex 13.5 9.05333 112.115
    endloop
  endfacet
  facet normal 0 0.621405 -0.78349
    outer loop
      vertex -13.425 8.26946 111.589
      vertex 13.425 9.00831 112.175
      vertex 13.425 8.26946 111.589
    endloop
  endfacet
  facet normal 0 0.621405 -0.78349
    outer loop
      vertex 13.425 9.00831 112.175
      vertex -13.425 8.26946 111.589
      vertex -13.425 9.00831 112.175
    endloop
  endfacet
  facet normal 0.70704 0.439187 -0.554264
    outer loop
      vertex -13.425 9.00831 112.175
      vertex -13.5 8.31757 111.532
      vertex -13.5 9.05333 112.115
    endloop
  endfacet
  facet normal 0.704998 0.440706 -0.555658
    outer loop
      vertex -13.425 8.26946 111.589
      vertex -13.5 8.31757 111.532
      vertex -13.425 9.00831 112.175
    endloop
  endfacet
  facet normal 0.708622 -0.466521 0.529351
    outer loop
      vertex -13.425 8.36568 111.474
      vertex -13.5 8.31757 111.532
      vertex -13.425 7.66445 110.856
    endloop
  endfacet
  facet normal 0.707215 -0.467624 0.530259
    outer loop
      vertex -13.5 8.31757 111.532
      vertex -13.5 7.61339 110.911
      vertex -13.425 7.66445 110.856
    endloop
  endfacet
  facet normal 0 -0.661181 0.750226
    outer loop
      vertex -13.425 8.36568 111.474
      vertex 13.425 7.66445 110.856
      vertex 13.425 8.36568 111.474
    endloop
  endfacet
  facet normal 0 -0.661181 0.750226
    outer loop
      vertex 13.425 7.66445 110.856
      vertex -13.425 8.36568 111.474
      vertex -13.425 7.66445 110.856
    endloop
  endfacet
  facet normal -0.708619 -0.466693 0.529204
    outer loop
      vertex 13.5 8.31757 111.532
      vertex 13.425 8.36568 111.474
      vertex 13.5 7.61339 110.911
    endloop
  endfacet
  facet normal -0.707212 -0.467456 0.530411
    outer loop
      vertex 13.425 8.36568 111.474
      vertex 13.425 7.66445 110.856
      vertex 13.5 7.61339 110.911
    endloop
  endfacet
  facet normal -0.705083 0.468775 -0.532079
    outer loop
      vertex 13.5 8.31757 111.532
      vertex 13.425 7.56233 110.966
      vertex 13.425 8.26946 111.589
    endloop
  endfacet
  facet normal -0.707215 0.467624 -0.530259
    outer loop
      vertex 13.5 7.61339 110.911
      vertex 13.425 7.56233 110.966
      vertex 13.5 8.31757 111.532
    endloop
  endfacet
  facet normal 0 0.661062 -0.750332
    outer loop
      vertex -13.425 7.56233 110.966
      vertex 13.425 8.26946 111.589
      vertex 13.425 7.56233 110.966
    endloop
  endfacet
  facet normal 0 0.661062 -0.750332
    outer loop
      vertex 13.425 8.26946 111.589
      vertex -13.425 7.56233 110.966
      vertex -13.425 8.26946 111.589
    endloop
  endfacet
  facet normal 0.70508 0.469032 -0.531857
    outer loop
      vertex -13.425 8.26946 111.589
      vertex -13.5 7.61339 110.911
      vertex -13.5 8.31757 111.532
    endloop
  endfacet
  facet normal 0.707211 0.467373 -0.530487
    outer loop
      vertex -13.425 7.56233 110.966
      vertex -13.5 7.61339 110.911
      vertex -13.425 8.26946 111.589
    endloop
  endfacet
  facet normal 0.707205 -0.494665 0.505141
    outer loop
      vertex -13.425 7.66445 110.856
      vertex -13.5 7.61339 110.911
      vertex -13.425 6.9966 110.202
    endloop
  endfacet
  facet normal 0.706369 -0.495345 0.505644
    outer loop
      vertex -13.5 7.61339 110.911
      vertex -13.5 6.94273 110.254
      vertex -13.425 6.9966 110.202
    endloop
  endfacet
  facet normal 0 -0.699659 0.714476
    outer loop
      vertex -13.425 7.66445 110.856
      vertex 13.425 6.9966 110.202
      vertex 13.425 7.66445 110.856
    endloop
  endfacet
  facet normal 0 -0.699659 0.714476
    outer loop
      vertex 13.425 6.9966 110.202
      vertex -13.425 7.66445 110.856
      vertex -13.425 6.9966 110.202
    endloop
  endfacet
  facet normal -0.707203 -0.494762 0.505049
    outer loop
      vertex 13.5 7.61339 110.911
      vertex 13.425 7.66445 110.856
      vertex 13.5 6.94273 110.254
    endloop
  endfacet
  facet normal -0.706368 -0.495251 0.505739
    outer loop
      vertex 13.425 7.66445 110.856
      vertex 13.425 6.9966 110.202
      vertex 13.5 6.94273 110.254
    endloop
  endfacet
  facet normal -0.707201 0.494862 -0.504954
    outer loop
      vertex 13.5 7.61339 110.911
      vertex 13.425 6.88887 110.306
      vertex 13.425 7.56233 110.966
    endloop
  endfacet
  facet normal -0.706336 0.495368 -0.505667
    outer loop
      vertex 13.5 6.94273 110.254
      vertex 13.425 6.88887 110.306
      vertex 13.5 7.61339 110.911
    endloop
  endfacet
  facet normal 0 0.699934 -0.714208
    outer loop
      vertex -13.425 6.88887 110.306
      vertex 13.425 7.56233 110.966
      vertex 13.425 6.88887 110.306
    endloop
  endfacet
  facet normal 0 0.699934 -0.714208
    outer loop
      vertex 13.425 7.56233 110.966
      vertex -13.425 6.88887 110.306
      vertex -13.425 7.56233 110.966
    endloop
  endfacet
  facet normal 0.707203 0.494762 -0.505049
    outer loop
      vertex -13.425 7.56233 110.966
      vertex -13.5 6.94273 110.254
      vertex -13.5 7.61339 110.911
    endloop
  endfacet
  facet normal 0.706338 0.495465 -0.50557
    outer loop
      vertex -13.425 6.88887 110.306
      vertex -13.5 6.94273 110.254
      vertex -13.425 7.56233 110.966
    endloop
  endfacet
  facet normal 0.706397 -0.521378 0.478715
    outer loop
      vertex -13.425 6.9966 110.202
      vertex -13.5 6.94273 110.254
      vertex -13.425 6.36398 109.513
    endloop
  endfacet
  facet normal 0.709244 -0.518969 0.477121
    outer loop
      vertex -13.5 6.94273 110.254
      vertex -13.5 6.30745 109.563
      vertex -13.425 6.36398 109.513
    endloop
  endfacet
  facet normal 0 -0.736602 0.676327
    outer loop
      vertex -13.425 6.36398 109.513
      vertex 13.425 6.9966 110.202
      vertex -13.425 6.9966 110.202
    endloop
  endfacet
  facet normal 0 -0.736602 0.676327
    outer loop
      vertex 13.425 6.9966 110.202
      vertex -13.425 6.36398 109.513
      vertex 13.425 6.36398 109.513
    endloop
  endfacet
  facet normal -0.706403 -0.521065 0.479048
    outer loop
      vertex 13.5 6.94273 110.254
      vertex 13.425 6.9966 110.202
      vertex 13.5 6.30745 109.563
    endloop
  endfacet
  facet normal -0.709249 -0.519274 0.476782
    outer loop
      vertex 13.425 6.9966 110.202
      vertex 13.425 6.36398 109.513
      vertex 13.5 6.30745 109.563
    endloop
  endfacet
  facet normal -0.706368 0.521124 -0.479036
    outer loop
      vertex 13.5 6.94273 110.254
      vertex 13.425 6.25092 109.612
      vertex 13.425 6.88887 110.306
    endloop
  endfacet
  facet normal -0.706061 0.521315 -0.479278
    outer loop
      vertex 13.5 6.30745 109.563
      vertex 13.425 6.25092 109.612
      vertex 13.5 6.94273 110.254
    endloop
  endfacet
  facet normal 0 0.736211 -0.676752
    outer loop
      vertex 13.425 6.25092 109.612
      vertex -13.425 6.88887 110.306
      vertex 13.425 6.88887 110.306
    endloop
  endfacet
  facet normal 0 0.736211 -0.676752
    outer loop
      vertex -13.425 6.88887 110.306
      vertex 13.425 6.25092 109.612
      vertex -13.425 6.25092 109.612
    endloop
  endfacet
  facet normal 0.706368 0.52109 -0.479071
    outer loop
      vertex -13.425 6.88887 110.306
      vertex -13.5 6.30745 109.563
      vertex -13.5 6.94273 110.254
    endloop
  endfacet
  facet normal 0.706062 0.521348 -0.479242
    outer loop
      vertex -13.425 6.25092 109.612
      vertex -13.5 6.30745 109.563
      vertex -13.425 6.88887 110.306
    endloop
  endfacet
  facet normal 0.709117 -0.543272 0.449452
    outer loop
      vertex -13.425 6.36398 109.513
      vertex -13.5 6.30745 109.563
      vertex -13.425 5.76832 108.793
    endloop
  endfacet
  facet normal 0.706228 -0.545798 0.450939
    outer loop
      vertex -13.5 6.30745 109.563
      vertex -13.5 5.70928 108.839
      vertex -13.425 5.76832 108.793
    endloop
  endfacet
  facet normal 0 -0.770501 0.637439
    outer loop
      vertex -13.425 5.76832 108.793
      vertex 13.425 6.36398 109.513
      vertex -13.425 6.36398 109.513
    endloop
  endfacet
  facet normal 0 -0.770501 0.637439
    outer loop
      vertex 13.425 6.36398 109.513
      vertex -13.425 5.76832 108.793
      vertex 13.425 5.76832 108.793
    endloop
  endfacet
  facet normal -0.70911 -0.543573 0.449101
    outer loop
      vertex 13.5 6.30745 109.563
      vertex 13.425 6.36398 109.513
      vertex 13.5 5.70928 108.839
    endloop
  endfacet
  facet normal -0.706222 -0.545507 0.451301
    outer loop
      vertex 13.425 6.36398 109.513
      vertex 13.425 5.76832 108.793
      vertex 13.5 5.70928 108.839
    endloop
  endfacet
  facet normal -0.706114 0.545874 -0.451026
    outer loop
      vertex 13.5 6.30745 109.563
      vertex 13.425 5.65024 108.885
      vertex 13.425 6.25092 109.612
    endloop
  endfacet
  facet normal -0.706228 0.545798 -0.450939
    outer loop
      vertex 13.5 5.70928 108.839
      vertex 13.425 5.65024 108.885
      vertex 13.5 6.30745 109.563
    endloop
  endfacet
  facet normal 0 0.770902 -0.636954
    outer loop
      vertex 13.425 5.65024 108.885
      vertex -13.425 6.25092 109.612
      vertex 13.425 6.25092 109.612
    endloop
  endfacet
  facet normal 0 0.770902 -0.636954
    outer loop
      vertex -13.425 6.25092 109.612
      vertex 13.425 5.65024 108.885
      vertex -13.425 5.65024 108.885
    endloop
  endfacet
  facet normal 0.706114 0.545886 -0.451012
    outer loop
      vertex -13.425 6.25092 109.612
      vertex -13.5 5.70928 108.839
      vertex -13.5 6.30745 109.563
    endloop
  endfacet
  facet normal 0.706228 0.545787 -0.450953
    outer loop
      vertex -13.425 5.65024 108.885
      vertex -13.5 5.70928 108.839
      vertex -13.425 6.25092 109.612
    endloop
  endfacet
  facet normal 0.706274 -0.568589 0.421763
    outer loop
      vertex -13.425 5.76832 108.793
      vertex -13.5 5.70928 108.839
      vertex -13.425 5.21125 108.042
    endloop
  endfacet
  facet normal 0.706709 -0.568199 0.42156
    outer loop
      vertex -13.5 5.70928 108.839
      vertex -13.5 5.14987 108.085
      vertex -13.425 5.21125 108.042
    endloop
  endfacet
  facet normal 0 -0.803161 0.595762
    outer loop
      vertex -13.425 5.21125 108.042
      vertex 13.425 5.76832 108.793
      vertex -13.425 5.76832 108.793
    endloop
  endfacet
  facet normal 0 -0.803161 0.595762
    outer loop
      vertex 13.425 5.76832 108.793
      vertex -13.425 5.21125 108.042
      vertex 13.425 5.21125 108.042
    endloop
  endfacet
  facet normal -0.706275 -0.568547 0.421818
    outer loop
      vertex 13.5 5.70928 108.839
      vertex 13.425 5.76832 108.793
      vertex 13.5 5.14987 108.085
    endloop
  endfacet
  facet normal -0.706709 -0.56824 0.421504
    outer loop
      vertex 13.425 5.76832 108.793
      vertex 13.425 5.21125 108.042
      vertex 13.5 5.14987 108.085
    endloop
  endfacet
  facet normal -0.706276 0.568505 -0.421873
    outer loop
      vertex 13.5 5.70928 108.839
      vertex 13.425 5.08849 108.128
      vertex 13.425 5.65024 108.885
    endloop
  endfacet
  facet normal -0.706709 0.568199 -0.42156
    outer loop
      vertex 13.5 5.14987 108.085
      vertex 13.425 5.08849 108.128
      vertex 13.5 5.70928 108.839
    endloop
  endfacet
  facet normal 0 0.803045 -0.595919
    outer loop
      vertex 13.425 5.08849 108.128
      vertex -13.425 5.65024 108.885
      vertex 13.425 5.65024 108.885
    endloop
  endfacet
  facet normal 0 0.803045 -0.595919
    outer loop
      vertex -13.425 5.65024 108.885
      vertex 13.425 5.08849 108.128
      vertex -13.425 5.08849 108.128
    endloop
  endfacet
  facet normal 0.706275 0.568547 -0.421818
    outer loop
      vertex -13.425 5.65024 108.885
      vertex -13.5 5.14987 108.085
      vertex -13.5 5.70928 108.839
    endloop
  endfacet
  facet normal 0.706708 0.568159 -0.421616
    outer loop
      vertex -13.425 5.08849 108.128
      vertex -13.5 5.14987 108.085
      vertex -13.425 5.65024 108.885
    endloop
  endfacet
  facet normal 0.706727 -0.589502 0.391183
    outer loop
      vertex -13.425 5.21125 108.042
      vertex -13.5 5.14987 108.085
      vertex -13.425 4.69432 107.263
    endloop
  endfacet
  facet normal 0.707469 -0.588818 0.390872
    outer loop
      vertex -13.5 5.14987 108.085
      vertex -13.5 4.63076 107.303
      vertex -13.425 4.69432 107.263
    endloop
  endfacet
  facet normal 0 -0.833235 0.552919
    outer loop
      vertex -13.425 4.69432 107.263
      vertex 13.425 5.21125 108.042
      vertex -13.425 5.21125 108.042
    endloop
  endfacet
  facet normal 0 -0.833235 0.552919
    outer loop
      vertex 13.425 5.21125 108.042
      vertex -13.425 4.69432 107.263
      vertex 13.425 4.69432 107.263
    endloop
  endfacet
  facet normal -0.706728 -0.589435 0.391281
    outer loop
      vertex 13.5 5.14987 108.085
      vertex 13.425 5.21125 108.042
      vertex 13.5 4.63076 107.303
    endloop
  endfacet
  facet normal -0.70747 -0.588883 0.390772
    outer loop
      vertex 13.425 5.21125 108.042
      vertex 13.425 4.69432 107.263
      vertex 13.5 4.63076 107.303
    endloop
  endfacet
  facet normal -0.70673 0.589372 -0.391373
    outer loop
      vertex 13.5 5.14987 108.085
      vertex 13.425 4.56721 107.343
      vertex 13.425 5.08849 108.128
    endloop
  endfacet
  facet normal -0.70743 0.588851 -0.390893
    outer loop
      vertex 13.5 4.63076 107.303
      vertex 13.425 4.56721 107.343
      vertex 13.5 5.14987 108.085
    endloop
  endfacet
  facet normal 0 0.833055 -0.553191
    outer loop
      vertex 13.425 4.56721 107.343
      vertex -13.425 5.08849 108.128
      vertex 13.425 5.08849 108.128
    endloop
  endfacet
  facet normal 0 0.833055 -0.553191
    outer loop
      vertex -13.425 5.08849 108.128
      vertex 13.425 4.56721 107.343
      vertex -13.425 4.56721 107.343
    endloop
  endfacet
  facet normal 0.706728 0.589435 -0.391281
    outer loop
      vertex -13.425 5.08849 108.128
      vertex -13.5 4.63076 107.303
      vertex -13.5 5.14987 108.085
    endloop
  endfacet
  facet normal 0.707428 0.588791 -0.390987
    outer loop
      vertex -13.425 4.56721 107.343
      vertex -13.5 4.63076 107.303
      vertex -13.425 5.08849 108.128
    endloop
  endfacet
  facet normal 0.707432 -0.608587 0.359391
    outer loop
      vertex -13.425 4.69432 107.263
      vertex -13.5 4.63076 107.303
      vertex -13.425 4.21894 106.458
    endloop
  endfacet
  facet normal 0.705923 -0.610008 0.35995
    outer loop
      vertex -13.5 4.63076 107.303
      vertex -13.5 4.15339 106.494
      vertex -13.425 4.21894 106.458
    endloop
  endfacet
  facet normal 0 -0.861068 0.50849
    outer loop
      vertex -13.425 4.21894 106.458
      vertex 13.425 4.69432 107.263
      vertex -13.425 4.69432 107.263
    endloop
  endfacet
  facet normal 0 -0.861068 0.50849
    outer loop
      vertex 13.425 4.69432 107.263
      vertex -13.425 4.21894 106.458
      vertex 13.425 4.21894 106.458
    endloop
  endfacet
  facet normal -0.707429 -0.608712 0.359185
    outer loop
      vertex 13.5 4.63076 107.303
      vertex 13.425 4.69432 107.263
      vertex 13.5 4.15339 106.494
    endloop
  endfacet
  facet normal -0.705919 -0.609888 0.36016
    outer loop
      vertex 13.425 4.69432 107.263
      vertex 13.425 4.21894 106.458
      vertex 13.5 4.15339 106.494
    endloop
  endfacet
  facet normal -0.70739 0.608667 -0.359338
    outer loop
      vertex 13.5 4.63076 107.303
      vertex 13.425 4.08783 106.531
      vertex 13.425 4.56721 107.343
    endloop
  endfacet
  facet normal -0.708359 0.60791 -0.358712
    outer loop
      vertex 13.5 4.15339 106.494
      vertex 13.425 4.08783 106.531
      vertex 13.5 4.63076 107.303
    endloop
  endfacet
  facet normal 0 0.86113 -0.508385
    outer loop
      vertex 13.425 4.08783 106.531
      vertex -13.425 4.56721 107.343
      vertex 13.425 4.56721 107.343
    endloop
  endfacet
  facet normal 0 0.86113 -0.508385
    outer loop
      vertex -13.425 4.56721 107.343
      vertex 13.425 4.08783 106.531
      vertex -13.425 4.08783 106.531
    endloop
  endfacet
  facet normal 0.707388 0.608747 -0.359206
    outer loop
      vertex -13.425 4.56721 107.343
      vertex -13.5 4.15339 106.494
      vertex -13.5 4.63076 107.303
    endloop
  endfacet
  facet normal 0.708357 0.607832 -0.358846
    outer loop
      vertex -13.425 4.08783 106.531
      vertex -13.5 4.15339 106.494
      vertex -13.425 4.56721 107.343
    endloop
  endfacet
  facet normal 0.706011 -0.627884 0.327583
    outer loop
      vertex -13.425 4.21894 106.458
      vertex -13.5 4.15339 106.494
      vertex -13.425 3.78643 105.629
    endloop
  endfacet
  facet normal 0.707118 -0.626822 0.327228
    outer loop
      vertex -13.5 4.15339 106.494
      vertex -13.5 3.71905 105.662
      vertex -13.425 3.78643 105.629
    endloop
  endfacet
  facet normal 0 -0.88659 0.462556
    outer loop
      vertex -13.425 3.78643 105.629
      vertex 13.425 4.21894 106.458
      vertex -13.425 4.21894 106.458
    endloop
  endfacet
  facet normal 0 -0.88659 0.462556
    outer loop
      vertex 13.425 4.21894 106.458
      vertex -13.425 3.78643 105.629
      vertex 13.425 3.78643 105.629
    endloop
  endfacet
  facet normal -0.706012 -0.627801 0.327739
    outer loop
      vertex 13.5 4.15339 106.494
      vertex 13.425 4.21894 106.458
      vertex 13.5 3.71905 105.662
    endloop
  endfacet
  facet normal -0.70712 -0.626902 0.327071
    outer loop
      vertex 13.425 4.21894 106.458
      vertex 13.425 3.78643 105.629
      vertex 13.5 3.71905 105.662
    endloop
  endfacet
  facet normal -0.708233 0.625918 -0.326548
    outer loop
      vertex 13.5 4.15339 106.494
      vertex 13.425 3.65168 105.695
      vertex 13.425 4.08783 106.531
    endloop
  endfacet
  facet normal -0.707076 0.626859 -0.327248
    outer loop
      vertex 13.5 3.71905 105.662
      vertex 13.425 3.65168 105.695
      vertex 13.5 4.15339 106.494
    endloop
  endfacet
  facet normal 0 0.886595 -0.462546
    outer loop
      vertex 13.425 3.65168 105.695
      vertex -13.425 4.08783 106.531
      vertex 13.425 4.08783 106.531
    endloop
  endfacet
  facet normal 0 0.886595 -0.462546
    outer loop
      vertex -13.425 4.08783 106.531
      vertex 13.425 3.65168 105.695
      vertex -13.425 3.65168 105.695
    endloop
  endfacet
  facet normal 0.708236 0.62583 -0.32671
    outer loop
      vertex -13.425 4.08783 106.531
      vertex -13.5 3.71905 105.662
      vertex -13.5 4.15339 106.494
    endloop
  endfacet
  facet normal 0.707078 0.626943 -0.327083
    outer loop
      vertex -13.425 3.65168 105.695
      vertex -13.5 3.71905 105.662
      vertex -13.425 4.08783 106.531
    endloop
  endfacet
  facet normal 0.707108 -0.643123 0.293923
    outer loop
      vertex -13.425 3.78643 105.629
      vertex -13.5 3.71905 105.662
      vertex -13.425 3.39796 104.779
    endloop
  endfacet
  facet normal 0.706259 -0.643951 0.294151
    outer loop
      vertex -13.5 3.71905 105.662
      vertex -13.5 3.32895 104.808
      vertex -13.425 3.39796 104.779
    endloop
  endfacet
  facet normal 0 -0.909516 0.41567
    outer loop
      vertex -13.425 3.39796 104.779
      vertex 13.425 3.78643 105.629
      vertex -13.425 3.78643 105.629
    endloop
  endfacet
  facet normal 0 -0.909516 0.41567
    outer loop
      vertex 13.425 3.78643 105.629
      vertex -13.425 3.39796 104.779
      vertex 13.425 3.39796 104.779
    endloop
  endfacet
  facet normal -0.707106 -0.643181 0.2938
    outer loop
      vertex 13.5 3.71905 105.662
      vertex 13.425 3.78643 105.629
      vertex 13.5 3.32895 104.808
    endloop
  endfacet
  facet normal -0.706257 -0.643896 0.294276
    outer loop
      vertex 13.425 3.78643 105.629
      vertex 13.425 3.39796 104.779
      vertex 13.5 3.32895 104.808
    endloop
  endfacet
  facet normal -0.707066 0.643142 -0.293984
    outer loop
      vertex 13.5 3.71905 105.662
      vertex 13.425 3.25994 104.838
      vertex 13.425 3.65168 105.695
    endloop
  endfacet
  facet normal -0.708217 0.64217 -0.293338
    outer loop
      vertex 13.5 3.32895 104.808
      vertex 13.425 3.25994 104.838
      vertex 13.5 3.71905 105.662
    endloop
  endfacet
  facet normal 0 0.909487 -0.415732
    outer loop
      vertex 13.425 3.25994 104.838
      vertex -13.425 3.65168 105.695
      vertex 13.425 3.65168 105.695
    endloop
  endfacet
  facet normal 0 0.909487 -0.415732
    outer loop
      vertex -13.425 3.65168 105.695
      vertex 13.425 3.25994 104.838
      vertex -13.425 3.25994 104.838
    endloop
  endfacet
  facet normal 0.707063 0.643221 -0.293818
    outer loop
      vertex -13.425 3.65168 105.695
      vertex -13.5 3.32895 104.808
      vertex -13.5 3.71905 105.662
    endloop
  endfacet
  facet normal 0.708215 0.642095 -0.293506
    outer loop
      vertex -13.425 3.25994 104.838
      vertex -13.5 3.32895 104.808
      vertex -13.425 3.65168 105.695
    endloop
  endfacet
  facet normal 0.70634 -0.658452 0.259854
    outer loop
      vertex -13.425 3.39796 104.779
      vertex -13.5 3.32895 104.808
      vertex -13.425 3.05462 103.909
    endloop
  endfacet
  facet normal 0.707506 -0.6573 0.2596
    outer loop
      vertex -13.5 3.32895 104.808
      vertex -13.5 2.98416 103.935
      vertex -13.425 3.05462 103.909
    endloop
  endfacet
  facet normal 0 -0.930185 0.367092
    outer loop
      vertex -13.425 3.05462 103.909
      vertex 13.425 3.39796 104.779
      vertex -13.425 3.39796 104.779
    endloop
  endfacet
  facet normal 0 -0.930185 0.367092
    outer loop
      vertex 13.425 3.39796 104.779
      vertex -13.425 3.05462 103.909
      vertex 13.425 3.05462 103.909
    endloop
  endfacet
  facet normal -0.706343 -0.658382 0.260027
    outer loop
      vertex 13.5 3.32895 104.808
      vertex 13.425 3.39796 104.779
      vertex 13.5 2.98416 103.935
    endloop
  endfacet
  facet normal -0.707508 -0.657366 0.259426
    outer loop
      vertex 13.425 3.39796 104.779
      vertex 13.425 3.05462 103.909
      vertex 13.5 2.98416 103.935
    endloop
  endfacet
  facet normal -0.708072 0.656809 -0.259301
    outer loop
      vertex 13.5 3.32895 104.808
      vertex 13.425 2.91371 103.961
      vertex 13.425 3.25994 104.838
    endloop
  endfacet
  facet normal -0.707462 0.657341 -0.259616
    outer loop
      vertex 13.5 2.98416 103.935
      vertex 13.425 2.91371 103.961
      vertex 13.5 3.32895 104.808
    endloop
  endfacet
  facet normal 0 0.930139 -0.367209
    outer loop
      vertex 13.425 2.91371 103.961
      vertex -13.425 3.25994 104.838
      vertex 13.425 3.25994 104.838
    endloop
  endfacet
  facet normal 0 0.930139 -0.367209
    outer loop
      vertex -13.425 3.25994 104.838
      vertex 13.425 2.91371 103.961
      vertex -13.425 2.91371 103.961
    endloop
  endfacet
  facet normal 0.708073 0.656771 -0.259391
    outer loop
      vertex -13.425 3.25994 104.838
      vertex -13.5 2.98416 103.935
      vertex -13.5 3.32895 104.808
    endloop
  endfacet
  facet normal 0.707463 0.657376 -0.259525
    outer loop
      vertex -13.425 2.91371 103.961
      vertex -13.5 2.98416 103.935
      vertex -13.425 3.25994 104.838
    endloop
  endfacet
  facet normal 0.70744 -0.670061 0.224826
    outer loop
      vertex -13.425 3.05462 103.909
      vertex -13.5 2.98416 103.935
      vertex -13.425 2.75734 103.023
    endloop
  endfacet
  facet normal 0.707029 -0.670472 0.224894
    outer loop
      vertex -13.5 2.98416 103.935
      vertex -13.5 2.68563 103.045
      vertex -13.425 2.75734 103.023
    endloop
  endfacet
  facet normal 0 -0.948057 0.318102
    outer loop
      vertex -13.425 2.75734 103.023
      vertex 13.425 3.05462 103.909
      vertex -13.425 3.05462 103.909
    endloop
  endfacet
  facet normal 0 -0.948057 0.318102
    outer loop
      vertex 13.425 3.05462 103.909
      vertex -13.425 2.75734 103.023
      vertex 13.425 2.75734 103.023
    endloop
  endfacet
  facet normal -0.707439 -0.670083 0.224764
    outer loop
      vertex 13.5 2.98416 103.935
      vertex 13.425 3.05462 103.909
      vertex 13.5 2.68563 103.045
    endloop
  endfacet
  facet normal -0.707028 -0.670452 0.224957
    outer loop
      vertex 13.425 3.05462 103.909
      vertex 13.425 2.75734 103.023
      vertex 13.5 2.68563 103.045
    endloop
  endfacet
  facet normal -0.707393 0.670147 -0.224717
    outer loop
      vertex 13.5 2.98416 103.935
      vertex 13.425 2.61393 103.067
      vertex 13.425 2.91371 103.961
    endloop
  endfacet
  facet normal -0.706985 0.670514 -0.224908
    outer loop
      vertex 13.5 2.68563 103.045
      vertex 13.425 2.61393 103.067
      vertex 13.5 2.98416 103.935
    endloop
  endfacet
  facet normal 0 0.948115 -0.317926
    outer loop
      vertex 13.425 2.61393 103.067
      vertex -13.425 2.91371 103.961
      vertex 13.425 2.91371 103.961
    endloop
  endfacet
  facet normal 0 0.948115 -0.317926
    outer loop
      vertex -13.425 2.91371 103.961
      vertex 13.425 2.61393 103.067
      vertex -13.425 2.61393 103.067
    endloop
  endfacet
  facet normal 0.707394 0.670125 -0.224778
    outer loop
      vertex -13.425 2.91371 103.961
      vertex -13.5 2.68563 103.045
      vertex -13.5 2.98416 103.935
    endloop
  endfacet
  facet normal 0.706985 0.670534 -0.224846
    outer loop
      vertex -13.425 2.61393 103.067
      vertex -13.5 2.68563 103.045
      vertex -13.425 2.91371 103.961
    endloop
  endfacet
  facet normal 0.707023 -0.681367 0.189361
    outer loop
      vertex -13.425 2.75734 103.023
      vertex -13.5 2.68563 103.045
      vertex -13.425 2.50694 102.122
    endloop
  endfacet
  facet normal 0.706744 -0.681648 0.189393
    outer loop
      vertex -13.5 2.68563 103.045
      vertex -13.5 2.43418 102.14
      vertex -13.425 2.50694 102.122
    endloop
  endfacet
  facet normal 0 -0.963484 0.267765
    outer loop
      vertex -13.425 2.50694 102.122
      vertex 13.425 2.75734 103.023
      vertex -13.425 2.75734 103.023
    endloop
  endfacet
  facet normal 0 -0.963484 0.267765
    outer loop
      vertex 13.425 2.75734 103.023
      vertex -13.425 2.50694 102.122
      vertex 13.425 2.50694 102.122
    endloop
  endfacet
  facet normal -0.707023 -0.681379 0.189318
    outer loop
      vertex 13.5 2.68563 103.045
      vertex 13.425 2.75734 103.023
      vertex 13.5 2.43418 102.14
    endloop
  endfacet
  facet normal -0.706743 -0.681637 0.189436
    outer loop
      vertex 13.425 2.75734 103.023
      vertex 13.425 2.50694 102.122
      vertex 13.5 2.43418 102.14
    endloop
  endfacet
  facet normal -0.706977 0.681433 -0.189295
    outer loop
      vertex 13.5 2.68563 103.045
      vertex 13.425 2.36142 102.158
      vertex 13.425 2.61393 103.067
    endloop
  endfacet
  facet normal -0.706744 0.681648 -0.189393
    outer loop
      vertex 13.5 2.43418 102.14
      vertex 13.425 2.36142 102.158
      vertex 13.5 2.68563 103.045
    endloop
  endfacet
  facet normal 0 0.963515 -0.267654
    outer loop
      vertex 13.425 2.36142 102.158
      vertex -13.425 2.61393 103.067
      vertex 13.425 2.61393 103.067
    endloop
  endfacet
  facet normal 0 0.963515 -0.267654
    outer loop
      vertex -13.425 2.61393 103.067
      vertex 13.425 2.36142 102.158
      vertex -13.425 2.36142 102.158
    endloop
  endfacet
  facet normal 0.706977 0.681423 -0.18933
    outer loop
      vertex -13.425 2.61393 103.067
      vertex -13.5 2.43418 102.14
      vertex -13.5 2.68563 103.045
    endloop
  endfacet
  facet normal 0.706744 0.681657 -0.189357
    outer loop
      vertex -13.425 2.36142 102.158
      vertex -13.5 2.43418 102.14
      vertex -13.425 2.61393 103.067
    endloop
  endfacet
  facet normal 0.706786 -0.690591 0.15342
    outer loop
      vertex -13.425 2.50694 102.122
      vertex -13.5 2.43418 102.14
      vertex -13.425 2.30411 101.209
    endloop
  endfacet
  facet normal 0.707629 -0.689738 0.153369
    outer loop
      vertex -13.5 2.43418 102.14
      vertex -13.5 2.2305 101.224
      vertex -13.425 2.30411 101.209
    endloop
  endfacet
  facet normal 0 -0.9762 0.21687
    outer loop
      vertex -13.425 2.30411 101.209
      vertex 13.425 2.50694 102.122
      vertex -13.425 2.50694 102.122
    endloop
  endfacet
  facet normal 0 -0.9762 0.21687
    outer loop
      vertex 13.425 2.50694 102.122
      vertex -13.425 2.30411 101.209
      vertex 13.425 2.30411 101.209
    endloop
  endfacet
  facet normal -0.706788 -0.69056 0.153552
    outer loop
      vertex 13.5 2.43418 102.14
      vertex 13.425 2.50694 102.122
      vertex 13.5 2.2305 101.224
    endloop
  endfacet
  facet normal -0.70763 -0.689767 0.153237
    outer loop
      vertex 13.425 2.50694 102.122
      vertex 13.425 2.30411 101.209
      vertex 13.5 2.2305 101.224
    endloop
  endfacet
  facet normal -0.706787 0.690567 -0.153523
    outer loop
      vertex 13.5 2.43418 102.14
      vertex 13.425 2.15689 101.238
      vertex 13.425 2.36142 102.158
    endloop
  endfacet
  facet normal -0.706606 0.690737 -0.153591
    outer loop
      vertex 13.5 2.2305 101.224
      vertex 13.425 2.15689 101.238
      vertex 13.5 2.43418 102.14
    endloop
  endfacet
  facet normal 0 0.976168 -0.217017
    outer loop
      vertex 13.425 2.15689 101.238
      vertex -13.425 2.36142 102.158
      vertex 13.425 2.36142 102.158
    endloop
  endfacet
  facet normal 0 0.976168 -0.217017
    outer loop
      vertex -13.425 2.36142 102.158
      vertex 13.425 2.15689 101.238
      vertex -13.425 2.15689 101.238
    endloop
  endfacet
  facet normal 0.706788 0.69056 -0.153552
    outer loop
      vertex -13.425 2.36142 102.158
      vertex -13.5 2.2305 101.224
      vertex -13.5 2.43418 102.14
    endloop
  endfacet
  facet normal 0.706606 0.690743 -0.153563
    outer loop
      vertex -13.425 2.15689 101.238
      vertex -13.5 2.2305 101.224
      vertex -13.425 2.36142 102.158
    endloop
  endfacet
  facet normal 0.707471 -0.697001 0.11694
    outer loop
      vertex -13.425 2.30411 101.209
      vertex -13.5 2.2305 101.224
      vertex -13.425 2.14942 100.287
    endloop
  endfacet
  facet normal 0.707419 -0.697053 0.116941
    outer loop
      vertex -13.5 2.2305 101.224
      vertex -13.5 2.07515 100.298
      vertex -13.425 2.14942 100.287
    endloop
  endfacet
  facet normal 0 -0.986216 0.165464
    outer loop
      vertex -13.425 2.14942 100.287
      vertex 13.425 2.30411 101.209
      vertex -13.425 2.30411 101.209
    endloop
  endfacet
  facet normal 0 -0.986216 0.165464
    outer loop
      vertex 13.425 2.30411 101.209
      vertex -13.425 2.14942 100.287
      vertex 13.425 2.14942 100.287
    endloop
  endfacet
  facet normal -0.707471 -0.697002 0.116932
    outer loop
      vertex 13.5 2.2305 101.224
      vertex 13.425 2.30411 101.209
      vertex 13.5 2.07515 100.298
    endloop
  endfacet
  facet normal -0.707419 -0.697051 0.116949
    outer loop
      vertex 13.425 2.30411 101.209
      vertex 13.425 2.14942 100.287
      vertex 13.5 2.07515 100.298
    endloop
  endfacet
  facet normal -0.706691 0.697774 -0.117046
    outer loop
      vertex 13.5 2.2305 101.224
      vertex 13.425 2.00089 100.308
      vertex 13.425 2.15689 101.238
    endloop
  endfacet
  facet normal -0.706593 0.697868 -0.117078
    outer loop
      vertex 13.5 2.07515 100.298
      vertex 13.425 2.00089 100.308
      vertex 13.5 2.2305 101.224
    endloop
  endfacet
  facet normal 0 0.986221 -0.165431
    outer loop
      vertex 13.425 2.00089 100.308
      vertex -13.425 2.15689 101.238
      vertex 13.425 2.15689 101.238
    endloop
  endfacet
  facet normal 0 0.986221 -0.165431
    outer loop
      vertex -13.425 2.15689 101.238
      vertex 13.425 2.00089 100.308
      vertex -13.425 2.00089 100.308
    endloop
  endfacet
  facet normal 0.706691 0.697771 -0.117061
    outer loop
      vertex -13.425 2.15689 101.238
      vertex -13.5 2.07515 100.298
      vertex -13.5 2.2305 101.224
    endloop
  endfacet
  facet normal 0.706593 0.69787 -0.117062
    outer loop
      vertex -13.425 2.00089 100.308
      vertex -13.5 2.07515 100.298
      vertex -13.425 2.15689 101.238
    endloop
  endfacet
  facet normal 0.70729 -0.702348 0.080304
    outer loop
      vertex -13.425 2.14942 100.287
      vertex -13.5 2.07515 100.298
      vertex -13.425 2.04327 99.3586
    endloop
  endfacet
  facet normal 0.706995 -0.702646 0.0802906
    outer loop
      vertex -13.5 2.07515 100.298
      vertex -13.5 1.96856 99.3652
      vertex -13.425 2.04327 99.3586
    endloop
  endfacet
  facet normal 0 -0.993527 0.113596
    outer loop
      vertex -13.425 2.04327 99.3586
      vertex 13.425 2.14942 100.287
      vertex -13.425 2.14942 100.287
    endloop
  endfacet
  facet normal 0 -0.993527 0.113596
    outer loop
      vertex 13.425 2.14942 100.287
      vertex -13.425 2.04327 99.3586
      vertex 13.425 2.04327 99.3586
    endloop
  endfacet
  facet normal -0.707289 -0.702354 0.0802572
    outer loop
      vertex 13.5 2.07515 100.298
      vertex 13.425 2.14942 100.287
      vertex 13.5 1.96856 99.3652
    endloop
  endfacet
  facet normal -0.706994 -0.702641 0.0803376
    outer loop
      vertex 13.425 2.14942 100.287
      vertex 13.425 2.04327 99.3586
      vertex 13.5 1.96856 99.3652
    endloop
  endfacet
  facet normal -0.706707 0.702928 -0.0803603
    outer loop
      vertex 13.5 2.07515 100.298
      vertex 13.425 1.89385 99.3717
      vertex 13.425 2.00089 100.308
    endloop
  endfacet
  facet normal -0.706941 0.702699 -0.0802967
    outer loop
      vertex 13.5 1.96856 99.3652
      vertex 13.425 1.89385 99.3717
      vertex 13.5 2.07515 100.298
    endloop
  endfacet
  facet normal 0 0.993529 -0.113583
    outer loop
      vertex 13.425 1.89385 99.3717
      vertex -13.425 2.00089 100.308
      vertex 13.425 2.00089 100.308
    endloop
  endfacet
  facet normal 0 0.993529 -0.113583
    outer loop
      vertex -13.425 2.00089 100.308
      vertex 13.425 1.89385 99.3717
      vertex -13.425 1.89385 99.3717
    endloop
  endfacet
  facet normal 0.706707 0.702932 -0.0803233
    outer loop
      vertex -13.425 2.00089 100.308
      vertex -13.5 1.96856 99.3652
      vertex -13.5 2.07515 100.298
    endloop
  endfacet
  facet normal 0.706941 0.702696 -0.0803338
    outer loop
      vertex -13.425 1.89385 99.3717
      vertex -13.5 1.96856 99.3652
      vertex -13.425 2.00089 100.308
    endloop
  endfacet
  facet normal 0.706984 -0.7059 0.0433405
    outer loop
      vertex -13.425 2.04327 99.3586
      vertex -13.5 1.96856 99.3652
      vertex -13.425 1.98598 98.4255
    endloop
  endfacet
  facet normal 0.706958 -0.705926 0.0433379
    outer loop
      vertex -13.5 1.96856 99.3652
      vertex -13.5 1.91103 98.4281
      vertex -13.425 1.98598 98.4255
    endloop
  endfacet
  facet normal 0 -0.99812 0.0612821
    outer loop
      vertex -13.425 1.98598 98.4255
      vertex 13.425 2.04327 99.3586
      vertex -13.425 2.04327 99.3586
    endloop
  endfacet
  facet normal 0 -0.99812 0.0612821
    outer loop
      vertex 13.425 2.04327 99.3586
      vertex -13.425 1.98598 98.4255
      vertex 13.425 1.98598 98.4255
    endloop
  endfacet
  facet normal -0.706984 -0.7059 0.0433363
    outer loop
      vertex 13.5 1.96856 99.3652
      vertex 13.425 2.04327 99.3586
      vertex 13.5 1.91103 98.4281
    endloop
  endfacet
  facet normal -0.706958 -0.705926 0.0433421
    outer loop
      vertex 13.425 2.04327 99.3586
      vertex 13.425 1.98598 98.4255
      vertex 13.5 1.91103 98.4281
    endloop
  endfacet
  facet normal -0.706956 0.705928 -0.043346
    outer loop
      vertex 13.5 1.96856 99.3652
      vertex 13.425 1.83607 98.4307
      vertex 13.425 1.89385 99.3717
    endloop
  endfacet
  facet normal -0.707005 0.705879 -0.043335
    outer loop
      vertex 13.5 1.91103 98.4281
      vertex 13.425 1.83607 98.4307
      vertex 13.5 1.96856 99.3652
    endloop
  endfacet
  facet normal 0 0.99812 -0.0612873
    outer loop
      vertex 13.425 1.83607 98.4307
      vertex -13.425 1.89385 99.3717
      vertex 13.425 1.89385 99.3717
    endloop
  endfacet
  facet normal 0 0.99812 -0.0612873
    outer loop
      vertex -13.425 1.89385 99.3717
      vertex 13.425 1.83607 98.4307
      vertex -13.425 1.83607 98.4307
    endloop
  endfacet
  facet normal 0.706955 0.705929 -0.0433381
    outer loop
      vertex -13.425 1.89385 99.3717
      vertex -13.5 1.91103 98.4281
      vertex -13.5 1.96856 99.3652
    endloop
  endfacet
  facet normal 0.707005 0.705879 -0.0433429
    outer loop
      vertex -13.425 1.83607 98.4307
      vertex -13.5 1.91103 98.4281
      vertex -13.425 1.89385 99.3717
    endloop
  endfacet
  facet normal 0.706966 -0.70722 0.00627866
    outer loop
      vertex -13.425 1.98598 98.4255
      vertex -13.5 1.91103 98.4281
      vertex -13.425 1.97768 97.4906
    endloop
  endfacet
  facet normal 0.706944 -0.707242 0.00627537
    outer loop
      vertex -13.5 1.91103 98.4281
      vertex -13.5 1.9027 97.4893
      vertex -13.425 1.97768 97.4906
    endloop
  endfacet
  facet normal 0 -0.999961 0.00887761
    outer loop
      vertex -13.425 1.97768 97.4906
      vertex 13.425 1.98598 98.4255
      vertex -13.425 1.98598 98.4255
    endloop
  endfacet
  facet normal 0 -0.999961 0.00887761
    outer loop
      vertex 13.425 1.98598 98.4255
      vertex -13.425 1.97768 97.4906
      vertex 13.425 1.97768 97.4906
    endloop
  endfacet
  facet normal -0.706966 -0.70722 0.00627518
    outer loop
      vertex 13.5 1.91103 98.4281
      vertex 13.425 1.98598 98.4255
      vertex 13.5 1.9027 97.4893
    endloop
  endfacet
  facet normal -0.706944 -0.707242 0.00627886
    outer loop
      vertex 13.425 1.98598 98.4255
      vertex 13.425 1.97768 97.4906
      vertex 13.5 1.9027 97.4893
    endloop
  endfacet
  facet normal -0.707013 0.707172 -0.00628392
    outer loop
      vertex 13.4499 1.85536 97.8
      vertex 13.425 1.83607 98.4307
      vertex 13.5 1.91103 98.4281
    endloop
  endfacet
  facet normal -0.706809 0.707377 -0.0062696
    outer loop
      vertex 13.425 1.83607 98.4307
      vertex 13.4499 1.85536 97.8
      vertex 13.425 1.83048 97.8
    endloop
  endfacet
  facet normal -0.711869 0.702284 -0.00623139
    outer loop
      vertex 13.5 1.9027 97.4893
      vertex 13.4973 1.90272 97.8
      vertex 13.5 1.91103 98.4281
    endloop
  endfacet
  facet normal -0.694123 0.719831 -0.0060783
    outer loop
      vertex 13.4973 1.90272 97.8
      vertex 13.5 1.9027 97.4893
      vertex 13.4986 1.90135 97.4893
    endloop
  endfacet
  facet normal -0.706794 0.707391 -0.00632077
    outer loop
      vertex 13.5 1.91103 98.4281
      vertex 13.4973 1.90272 97.8
      vertex 13.4499 1.85536 97.8
    endloop
  endfacet
  facet normal 0 0.999961 -0.00886282
    outer loop
      vertex 13.425 1.83048 97.8
      vertex -13.425 1.83607 98.4307
      vertex 13.425 1.83607 98.4307
    endloop
  endfacet
  facet normal 0 0.999961 -0.00886282
    outer loop
      vertex -13.425 1.83607 98.4307
      vertex 13.425 1.83048 97.8
      vertex -13.425 1.83048 97.8
    endloop
  endfacet
  facet normal 0.707012 0.707174 -0.00622131
    outer loop
      vertex -13.4752 1.88071 97.8
      vertex -13.5 1.91103 98.4281
      vertex -13.425 1.83607 98.4307
    endloop
  endfacet
  facet normal 0.705648 0.708534 -0.00634081
    outer loop
      vertex -13.4973 1.90272 97.8
      vertex -13.5 1.91103 98.4281
      vertex -13.4752 1.88071 97.8
    endloop
  endfacet
  facet normal 0.714805 0.699296 -0.00625671
    outer loop
      vertex -13.5 1.9027 97.4893
      vertex -13.4973 1.90272 97.8
      vertex -13.4986 1.90143 97.5073
    endloop
  endfacet
  facet normal 0.711869 0.702284 -0.00623139
    outer loop
      vertex -13.4973 1.90272 97.8
      vertex -13.5 1.9027 97.4893
      vertex -13.5 1.91103 98.4281
    endloop
  endfacet
  facet normal 0.707304 0.706882 -0.00626521
    outer loop
      vertex -13.425 1.83048 97.8
      vertex -13.4752 1.88071 97.8
      vertex -13.425 1.83607 98.4307
    endloop
  endfacet
  facet normal 0.694132 0.719841 -0.00319929
    outer loop
      vertex -13.4986 1.90135 97.4893
      vertex -13.5 1.9027 97.4893
      vertex -13.4986 1.90143 97.5073
    endloop
  endfacet
  facet normal 0.706944 -0.706598 -0.030821
    outer loop
      vertex -13.425 1.97768 97.4906
      vertex -13.5 1.9027 97.4893
      vertex -13.425 2.01842 96.5566
    endloop
  endfacet
  facet normal 0.706944 -0.706597 -0.0308209
    outer loop
      vertex -13.425 2.01842 96.5566
      vertex -13.5 1.9027 97.4893
      vertex -13.5 1.94361 96.5514
    endloop
  endfacet
  facet normal 0 -0.99905 -0.0435774
    outer loop
      vertex -13.425 2.01842 96.5566
      vertex 13.425 1.97768 97.4906
      vertex -13.425 1.97768 97.4906
    endloop
  endfacet
  facet normal 0 -0.99905 -0.0435774
    outer loop
      vertex 13.425 1.97768 97.4906
      vertex -13.425 2.01842 96.5566
      vertex 13.425 2.01842 96.5566
    endloop
  endfacet
  facet normal -0.706944 -0.706598 -0.0308209
    outer loop
      vertex 13.5 1.9027 97.4893
      vertex 13.425 1.97768 97.4906
      vertex 13.5 1.94361 96.5514
    endloop
  endfacet
  facet normal -0.706944 -0.706597 -0.030821
    outer loop
      vertex 13.5 1.94361 96.5514
      vertex 13.425 1.97768 97.4906
      vertex 13.425 2.01842 96.5566
    endloop
  endfacet
  facet normal -0.693812 0.719509 0.0305067
    outer loop
      vertex 13.5 1.9027 97.4893
      vertex 13.4981 1.90186 97.4659
      vertex 13.4986 1.90135 97.4893
    endloop
  endfacet
  facet normal -0.707577 0.705967 0.0307597
    outer loop
      vertex 13.4981 1.90186 97.4659
      vertex 13.5 1.94361 96.5514
      vertex 13.4782 1.92183 96.5498
    endloop
  endfacet
  facet normal -0.699335 0.714115 0.0311488
    outer loop
      vertex 13.5 1.94361 96.5514
      vertex 13.4981 1.90186 97.4659
      vertex 13.5 1.9027 97.4893
    endloop
  endfacet
  facet normal 0.707712 0.70583 0.0307874
    outer loop
      vertex -13.5 1.9027 97.4893
      vertex -13.4829 1.91713 96.7654
      vertex -13.5 1.94361 96.5514
    endloop
  endfacet
  facet normal 0.693808 0.719504 0.0307315
    outer loop
      vertex -13.4829 1.91713 96.7654
      vertex -13.5 1.9027 97.4893
      vertex -13.4986 1.90135 97.4893
    endloop
  endfacet
  facet normal 0.707739 0.705803 0.030782
    outer loop
      vertex -13.4782 1.92182 96.5498
      vertex -13.5 1.94361 96.5514
      vertex -13.4829 1.91713 96.7654
    endloop
  endfacet
endsolid OpenSCAD_Model
