solid OpenSCAD_Model
  facet normal 0 -0.707107 -0.707107
    outer loop
      vertex 14.9 22.6941 81.9059
      vertex 14.9 22.7045 81.8955
      vertex 14.901 22.6941 81.9059
    endloop
  endfacet
  facet normal -4.21069e-14 -0.707107 -0.707107
    outer loop
      vertex 15.4753 22.285 82.315
      vertex 15.5 22.2803 82.3197
      vertex 15.4971 22.2695 82.3305
    endloop
  endfacet
  facet normal -1.89387e-13 -0.707107 -0.707107
    outer loop
      vertex 14.9 22.7045 81.8955
      vertex 15.4753 22.285 82.315
      vertex 14.901 22.6941 81.9059
    endloop
  endfacet
  facet normal 0 -0.707107 -0.707107
    outer loop
      vertex 15.4753 22.285 82.315
      vertex 14.9 22.7045 81.8955
      vertex 15.5 22.2803 82.3197
    endloop
  endfacet
  facet normal -0 -0.707107 -0.707107
    outer loop
      vertex 14.901 20.0255 84.5745
      vertex 14.9 20.0175 84.5825
      vertex 14.9 20.0255 84.5745
    endloop
  endfacet
  facet normal -4.43265e-12 -0.707107 -0.707107
    outer loop
      vertex 14.9 20.0175 84.5825
      vertex 14.901 20.0255 84.5745
      vertex 14.9024 20.0265 84.5735
    endloop
  endfacet
  facet normal 0 -0.707107 -0.707107
    outer loop
      vertex 15.4753 20.4345 84.1655
      vertex 14.9 20.0175 84.5825
      vertex 14.9024 20.0265 84.5735
    endloop
  endfacet
  facet normal 0 -0.707107 -0.707107
    outer loop
      vertex 15.4753 20.4345 84.1655
      vertex 15.5 20.4418 84.1582
      vertex 14.9 20.0175 84.5825
    endloop
  endfacet
  facet normal -2.8831e-13 -0.707107 -0.707107
    outer loop
      vertex 15.5 20.4418 84.1582
      vertex 15.4753 20.4345 84.1655
      vertex 15.5 20.4521 84.1479
    endloop
  endfacet
  facet normal -1.59701e-12 -0.707107 -0.707107
    outer loop
      vertex 15.5 22.2803 82.3197
      vertex 15.5 22.2675 82.3325
      vertex 15.4971 22.2695 82.3305
    endloop
  endfacet
  facet normal -1 0 0
    outer loop
      vertex -14.9 22.7045 81.8955
      vertex -14.9 22.6941 81.9059
      vertex -14.9 22.694 81.906
    endloop
  endfacet
  facet normal 0 -0.707107 -0.707107
    outer loop
      vertex -14.9 22.7045 81.8955
      vertex 14.9 22.6941 81.9059
      vertex -14.9 22.6941 81.9059
    endloop
  endfacet
  facet normal 0 -0.707107 -0.707107
    outer loop
      vertex 14.9 22.6941 81.9059
      vertex -14.9 22.7045 81.8955
      vertex 14.9 22.7045 81.8955
    endloop
  endfacet
  facet normal 0 -0.707107 -0.707107
    outer loop
      vertex -14.9 20.0175 84.5825
      vertex -14.9 20.0255 84.5745
      vertex 14.9 20.0175 84.5825
    endloop
  endfacet
  facet normal 0 -0.707107 -0.707107
    outer loop
      vertex 14.9 20.0175 84.5825
      vertex -14.9 20.0255 84.5745
      vertex 14.9 20.0255 84.5745
    endloop
  endfacet
  facet normal 3.47644e-13 -0.707107 -0.707107
    outer loop
      vertex -15.4753 22.285 82.315
      vertex -14.9 22.7045 81.8955
      vertex -14.9 22.694 81.906
    endloop
  endfacet
  facet normal 4.21069e-14 -0.707107 -0.707107
    outer loop
      vertex -15.5 22.2803 82.3197
      vertex -15.4753 22.285 82.315
      vertex -15.4971 22.2695 82.3305
    endloop
  endfacet
  facet normal 0 -0.707107 -0.707107
    outer loop
      vertex -15.4753 22.285 82.315
      vertex -15.5 22.2803 82.3197
      vertex -14.9 22.7045 81.8955
    endloop
  endfacet
  facet normal 2.39139e-12 -0.707107 -0.707107
    outer loop
      vertex -14.9 20.0255 84.5745
      vertex -14.9 20.0175 84.5825
      vertex -14.9026 20.0274 84.5726
    endloop
  endfacet
  facet normal 0 -0.707107 -0.707107
    outer loop
      vertex -14.9 20.0175 84.5825
      vertex -15.4753 20.4345 84.1655
      vertex -14.9026 20.0274 84.5726
    endloop
  endfacet
  facet normal 0 -0.707107 -0.707107
    outer loop
      vertex -15.5 20.4418 84.1582
      vertex -15.4753 20.4345 84.1655
      vertex -14.9 20.0175 84.5825
    endloop
  endfacet
  facet normal 2.8831e-13 -0.707107 -0.707107
    outer loop
      vertex -15.4753 20.4345 84.1655
      vertex -15.5 20.4418 84.1582
      vertex -15.5 20.4521 84.1479
    endloop
  endfacet
  facet normal 1.59701e-12 -0.707107 -0.707107
    outer loop
      vertex -15.5 22.2803 82.3197
      vertex -15.4971 22.2695 82.3305
      vertex -15.5 22.2675 82.3325
    endloop
  endfacet
  facet normal 0 0 -1
    outer loop
      vertex 15.4002 0.500156 91.3
      vertex 15.5 3.20001 91.3
      vertex 15.5 0.600002 91.3
    endloop
  endfacet
  facet normal -0 0 -1
    outer loop
      vertex 15.5 3.20001 91.3
      vertex 15.4002 0.500156 91.3
      vertex 15.4002 3.29985 91.3
    endloop
  endfacet
  facet normal 0 0 -1
    outer loop
      vertex -15.4 0.499989 91.3
      vertex -15.5 0.600002 91.3
      vertex -15.4 3.3 91.3
    endloop
  endfacet
  facet normal 0 0 1
    outer loop
      vertex -15.5 0.600002 91.3
      vertex -15.4 0.499989 91.3
      vertex -15.1571 0.257145 91.3
    endloop
  endfacet
  facet normal 0 0 -1
    outer loop
      vertex -14.9 3.79999 91.3
      vertex 14.9 3.8 91.3
      vertex 14.9 3.79999 91.3
    endloop
  endfacet
  facet normal 0 0 -1
    outer loop
      vertex -14.9 3.79999 91.3
      vertex -14.9 3.8 91.3
      vertex 14.9 3.8 91.3
    endloop
  endfacet
  facet normal 0 0 -1
    outer loop
      vertex -15.4 3.3 91.3
      vertex -14.9 3.8 91.3
      vertex -14.9 3.79999 91.3
    endloop
  endfacet
  facet normal -0 0 -1
    outer loop
      vertex -15.4 3.3 91.3
      vertex -15.5 3.20001 91.3
      vertex -14.9 3.8 91.3
    endloop
  endfacet
  facet normal 0 0 -1
    outer loop
      vertex -15.5 3.20001 91.3
      vertex -15.4 3.3 91.3
      vertex -15.5 0.600002 91.3
    endloop
  endfacet
  facet normal -0.707016 -0.512974 0.486813
    outer loop
      vertex -14.9 20.0175 84.5825
      vertex -14.9 20.3599 84.9433
      vertex -15.5 20.4418 84.1582
    endloop
  endfacet
  facet normal -0.707 -0.51301 0.486797
    outer loop
      vertex -14.9 20.3599 84.9433
      vertex -15.5 20.8058 84.5418
      vertex -15.5 20.4418 84.1582
    endloop
  endfacet
  facet normal 0 -0.725361 0.688369
    outer loop
      vertex -14.9 20.0175 84.5825
      vertex 14.9 20.3599 84.9433
      vertex -14.9 20.3599 84.9433
    endloop
  endfacet
  facet normal 0 -0.725361 0.688369
    outer loop
      vertex 14.9 20.3599 84.9433
      vertex -14.9 20.0175 84.5825
      vertex 14.9 20.0175 84.5825
    endloop
  endfacet
  facet normal 0.707015 -0.512999 0.486787
    outer loop
      vertex 15.5 20.4418 84.1582
      vertex 15.5 20.8058 84.5418
      vertex 14.9 20.0175 84.5825
    endloop
  endfacet
  facet normal 0.707 -0.512985 0.486824
    outer loop
      vertex 15.5 20.8058 84.5418
      vertex 14.9 20.3599 84.9433
      vertex 14.9 20.0175 84.5825
    endloop
  endfacet
  facet normal 0.681138 0.531033 -0.504039
    outer loop
      vertex 14.901 22.7913 81.9883
      vertex 14.9 22.7045 81.8955
      vertex 14.9 22.8184 82.0155
    endloop
  endfacet
  facet normal 0.707002 0.512675 -0.487147
    outer loop
      vertex 15.3645 22.4844 82.338
      vertex 14.9 22.7045 81.8955
      vertex 14.901 22.7913 81.9883
    endloop
  endfacet
  facet normal 0.706933 0.512984 -0.486921
    outer loop
      vertex 14.9 22.7045 81.8955
      vertex 15.3645 22.4844 82.338
      vertex 15.5 22.2803 82.3197
    endloop
  endfacet
  facet normal 0.70695 0.513023 -0.486856
    outer loop
      vertex 14.9 23.1838 82.4006
      vertex 15.116 22.7829 82.2918
      vertex 14.901 22.9484 82.154
    endloop
  endfacet
  facet normal 0.70665 0.51299 -0.487327
    outer loop
      vertex 15.116 22.7829 82.2918
      vertex 14.9 23.1838 82.4006
      vertex 15.2188 22.7038 82.3576
    endloop
  endfacet
  facet normal 0.733076 0.493461 -0.468076
    outer loop
      vertex 14.9 23.1838 82.4006
      vertex 14.901 22.9484 82.154
      vertex 14.9 22.9404 82.144
    endloop
  endfacet
  facet normal 0.707236 0.513132 -0.486326
    outer loop
      vertex 15.5 22.3946 82.4403
      vertex 15.5 22.2803 82.3197
      vertex 15.3645 22.4844 82.338
    endloop
  endfacet
  facet normal 0.706962 0.513142 -0.486714
    outer loop
      vertex 15.5 22.7379 82.802
      vertex 15.2188 22.7038 82.3576
      vertex 14.9 23.1838 82.4006
    endloop
  endfacet
  facet normal 0.707054 0.512971 -0.48676
    outer loop
      vertex 15.2188 22.7038 82.3576
      vertex 15.5 22.7379 82.802
      vertex 15.5 22.4872 82.5378
    endloop
  endfacet
  facet normal 0 0.725301 -0.688432
    outer loop
      vertex 14.9 22.8184 82.0155
      vertex 14.9 22.7045 81.8955
      vertex -14.9 22.8184 82.0155
    endloop
  endfacet
  facet normal 1 -0 0
    outer loop
      vertex -14.9 22.8184 82.0155
      vertex -14.9 22.7045 81.8955
      vertex -14.9 22.8186 82.0157
    endloop
  endfacet
  facet normal 0 0.725301 -0.688432
    outer loop
      vertex -14.9 22.7045 81.8955
      vertex -14.9 22.8184 82.0155
      vertex 14.9 22.7045 81.8955
    endloop
  endfacet
  facet normal 0 0.725522 -0.688199
    outer loop
      vertex 14.9 22.9404 82.144
      vertex -14.9 23.1838 82.4006
      vertex 14.9 23.1838 82.4006
    endloop
  endfacet
  facet normal 0 0.725522 -0.688199
    outer loop
      vertex -14.9 22.9404 82.144
      vertex -14.9 23.1838 82.4006
      vertex 14.9 22.9404 82.144
    endloop
  endfacet
  facet normal -1 0 0
    outer loop
      vertex -14.9 23.1838 82.4006
      vertex -14.9 22.9404 82.144
      vertex -14.9 22.9403 82.1439
    endloop
  endfacet
  facet normal -0.706933 0.513015 -0.48689
    outer loop
      vertex -15.5 22.2803 82.3197
      vertex -15.0497 22.7128 82.1216
      vertex -14.9 22.7045 81.8955
    endloop
  endfacet
  facet normal -0.707016 0.513291 -0.486477
    outer loop
      vertex -15.0497 22.7128 82.1216
      vertex -15.5 22.2803 82.3197
      vertex -15.5 22.3946 82.4403
    endloop
  endfacet
  facet normal -0.706927 0.513064 -0.486847
    outer loop
      vertex -15.5 22.7379 82.802
      vertex -15.1908 22.7207 82.3349
      vertex -15.5 22.4872 82.5378
    endloop
  endfacet
  facet normal -0.70697 0.512943 -0.486912
    outer loop
      vertex -14.9 22.8186 82.0157
      vertex -14.9 22.7045 81.8955
      vertex -15.0497 22.7128 82.1216
    endloop
  endfacet
  facet normal -0.707165 0.512974 -0.486596
    outer loop
      vertex -15.0814 22.8033 82.2631
      vertex -14.9 23.1838 82.4006
      vertex -14.9 22.9403 82.1439
    endloop
  endfacet
  facet normal -0.70691 0.512983 -0.486957
    outer loop
      vertex -15.1908 22.7207 82.3349
      vertex -14.9 23.1838 82.4006
      vertex -15.0814 22.8033 82.2631
    endloop
  endfacet
  facet normal -0.706959 0.513001 -0.486866
    outer loop
      vertex -14.9 23.1838 82.4006
      vertex -15.1908 22.7207 82.3349
      vertex -15.5 22.7379 82.802
    endloop
  endfacet
  facet normal -0.707 -0.537779 0.459288
    outer loop
      vertex -14.9 20.3599 84.9433
      vertex -14.9 20.6829 85.3215
      vertex -15.5 20.8058 84.5418
    endloop
  endfacet
  facet normal -0.706994 -0.537791 0.459282
    outer loop
      vertex -14.9 20.6829 85.3215
      vertex -15.5 21.1492 84.9439
      vertex -15.5 20.8058 84.5418
    endloop
  endfacet
  facet normal 0 -0.760419 0.649433
    outer loop
      vertex -14.9 20.3599 84.9433
      vertex 14.9 20.6829 85.3215
      vertex -14.9 20.6829 85.3215
    endloop
  endfacet
  facet normal 0 -0.760419 0.649433
    outer loop
      vertex 14.9 20.6829 85.3215
      vertex -14.9 20.3599 84.9433
      vertex 14.9 20.3599 84.9433
    endloop
  endfacet
  facet normal 0.706999 -0.537787 0.459279
    outer loop
      vertex 15.5 20.8058 84.5418
      vertex 15.5 21.1492 84.9439
      vertex 14.9 20.3599 84.9433
    endloop
  endfacet
  facet normal 0.706994 -0.537783 0.459291
    outer loop
      vertex 15.5 21.1492 84.9439
      vertex 14.9 20.6829 85.3215
      vertex 14.9 20.3599 84.9433
    endloop
  endfacet
  facet normal 0.706962 0.537773 -0.459352
    outer loop
      vertex 14.9 23.636 82.93
      vertex 15.5 22.7379 82.802
      vertex 14.9 23.1838 82.4006
    endloop
  endfacet
  facet normal 0.706948 0.537768 -0.459379
    outer loop
      vertex 15.5 23.1698 83.3076
      vertex 15.5 22.7379 82.802
      vertex 14.9 23.636 82.93
    endloop
  endfacet
  facet normal 0 0.760371 -0.649489
    outer loop
      vertex 14.9 23.1838 82.4006
      vertex -14.9 23.636 82.93
      vertex 14.9 23.636 82.93
    endloop
  endfacet
  facet normal 0 0.760371 -0.649489
    outer loop
      vertex -14.9 23.636 82.93
      vertex 14.9 23.1838 82.4006
      vertex -14.9 23.1838 82.4006
    endloop
  endfacet
  facet normal -0.706962 0.537758 -0.45937
    outer loop
      vertex -15.5 23.1698 83.3076
      vertex -14.9 23.1838 82.4006
      vertex -15.5 22.7379 82.802
    endloop
  endfacet
  facet normal -0.706949 0.537783 -0.459361
    outer loop
      vertex -14.9 23.636 82.93
      vertex -14.9 23.1838 82.4006
      vertex -15.5 23.1698 83.3076
    endloop
  endfacet
  facet normal -0.706996 -0.561012 0.430607
    outer loop
      vertex -14.9 20.6829 85.3215
      vertex -14.9 20.9857 85.716
      vertex -15.5 21.1492 84.9439
    endloop
  endfacet
  facet normal -0.706955 -0.561102 0.430557
    outer loop
      vertex -14.9 20.9857 85.716
      vertex -15.5 21.4711 85.3634
      vertex -15.5 21.1492 84.9439
    endloop
  endfacet
  facet normal 0 -0.793266 0.608875
    outer loop
      vertex -14.9 20.6829 85.3215
      vertex 14.9 20.9857 85.716
      vertex -14.9 20.9857 85.716
    endloop
  endfacet
  facet normal 0 -0.793266 0.608875
    outer loop
      vertex 14.9 20.9857 85.716
      vertex -14.9 20.6829 85.3215
      vertex 14.9 20.6829 85.3215
    endloop
  endfacet
  facet normal 0.706994 -0.561071 0.430533
    outer loop
      vertex 15.5 21.1492 84.9439
      vertex 15.5 21.4711 85.3634
      vertex 14.9 20.6829 85.3215
    endloop
  endfacet
  facet normal 0.706954 -0.561045 0.430632
    outer loop
      vertex 15.5 21.4711 85.3634
      vertex 14.9 20.9857 85.716
      vertex 14.9 20.6829 85.3215
    endloop
  endfacet
  facet normal 0.706947 0.561136 -0.430526
    outer loop
      vertex 14.9 24.0599 83.4825
      vertex 15.5 23.1698 83.3076
      vertex 14.9 23.636 82.93
    endloop
  endfacet
  facet normal 0.706956 0.561139 -0.430508
    outer loop
      vertex 15.5 23.5745 83.8351
      vertex 15.5 23.1698 83.3076
      vertex 14.9 24.0599 83.4825
    endloop
  endfacet
  facet normal 0 0.793387 -0.608718
    outer loop
      vertex 14.9 23.636 82.93
      vertex -14.9 24.0599 83.4825
      vertex 14.9 24.0599 83.4825
    endloop
  endfacet
  facet normal 0 0.793387 -0.608718
    outer loop
      vertex -14.9 24.0599 83.4825
      vertex 14.9 23.636 82.93
      vertex -14.9 23.636 82.93
    endloop
  endfacet
  facet normal -0.706947 0.561146 -0.430513
    outer loop
      vertex -15.5 23.5745 83.8351
      vertex -14.9 23.636 82.93
      vertex -15.5 23.1698 83.3076
    endloop
  endfacet
  facet normal -0.706956 0.561129 -0.43052
    outer loop
      vertex -14.9 24.0599 83.4825
      vertex -14.9 23.636 82.93
      vertex -15.5 23.5745 83.8351
    endloop
  endfacet
  facet normal -0.706957 -0.58288 0.400579
    outer loop
      vertex -14.9 20.9857 85.716
      vertex -14.9 21.2674 86.1259
      vertex -15.5 21.4711 85.3634
    endloop
  endfacet
  facet normal -0.706989 -0.58281 0.400623
    outer loop
      vertex -14.9 21.2674 86.1259
      vertex -15.5 21.7706 85.7991
      vertex -15.5 21.4711 85.3634
    endloop
  endfacet
  facet normal 0 -0.824142 0.566384
    outer loop
      vertex -14.9 20.9857 85.716
      vertex 14.9 21.2674 86.1259
      vertex -14.9 21.2674 86.1259
    endloop
  endfacet
  facet normal 0 -0.824142 0.566384
    outer loop
      vertex 14.9 21.2674 86.1259
      vertex -14.9 20.9857 85.716
      vertex 14.9 20.9857 85.716
    endloop
  endfacet
  facet normal 0.706958 -0.582836 0.400641
    outer loop
      vertex 15.5 21.4711 85.3634
      vertex 15.5 21.7706 85.7991
      vertex 14.9 20.9857 85.716
    endloop
  endfacet
  facet normal 0.70699 -0.582852 0.40056
    outer loop
      vertex 15.5 21.7706 85.7991
      vertex 14.9 21.2674 86.1259
      vertex 14.9 20.9857 85.716
    endloop
  endfacet
  facet normal 0.706957 0.58285 -0.400621
    outer loop
      vertex 14.9 24.4543 84.0563
      vertex 15.5 23.5745 83.8351
      vertex 14.9 24.0599 83.4825
    endloop
  endfacet
  facet normal 0.70699 0.582856 -0.400554
    outer loop
      vertex 15.5 23.9511 84.3831
      vertex 15.5 23.5745 83.8351
      vertex 14.9 24.4543 84.0563
    endloop
  endfacet
  facet normal 0 0.824101 -0.566443
    outer loop
      vertex 14.9 24.0599 83.4825
      vertex -14.9 24.4543 84.0563
      vertex 14.9 24.4543 84.0563
    endloop
  endfacet
  facet normal 0 0.824101 -0.566443
    outer loop
      vertex -14.9 24.4543 84.0563
      vertex 14.9 24.0599 83.4825
      vertex -14.9 24.0599 83.4825
    endloop
  endfacet
  facet normal -0.706957 0.582884 -0.400573
    outer loop
      vertex -15.5 23.9511 84.3831
      vertex -14.9 24.0599 83.4825
      vertex -15.5 23.5745 83.8351
    endloop
  endfacet
  facet normal -0.70699 0.582824 -0.400602
    outer loop
      vertex -14.9 24.4543 84.0563
      vertex -14.9 24.0599 83.4825
      vertex -15.5 23.9511 84.3831
    endloop
  endfacet
  facet normal -0.706988 -0.603065 0.369432
    outer loop
      vertex -14.9 21.2674 86.1259
      vertex -14.9 21.5272 86.55
      vertex -15.5 21.7706 85.7991
    endloop
  endfacet
  facet normal -0.70698 -0.603083 0.36942
    outer loop
      vertex -14.9 21.5272 86.55
      vertex -15.5 22.0468 86.25
      vertex -15.5 21.7706 85.7991
    endloop
  endfacet
  facet normal 0 -0.85272 0.522369
    outer loop
      vertex -14.9 21.2674 86.1259
      vertex 14.9 21.5272 86.55
      vertex -14.9 21.5272 86.55
    endloop
  endfacet
  facet normal 0 -0.85272 0.522369
    outer loop
      vertex 14.9 21.5272 86.55
      vertex -14.9 21.2674 86.1259
      vertex 14.9 21.2674 86.1259
    endloop
  endfacet
  facet normal 0.706988 -0.603076 0.369416
    outer loop
      vertex 15.5 21.7706 85.7991
      vertex 15.5 22.0468 86.25
      vertex 14.9 21.2674 86.1259
    endloop
  endfacet
  facet normal 0.706979 -0.603073 0.369437
    outer loop
      vertex 15.5 22.0468 86.25
      vertex 14.9 21.5272 86.55
      vertex 14.9 21.2674 86.1259
    endloop
  endfacet
  facet normal 0.706989 0.603017 -0.369509
    outer loop
      vertex 14.9 24.8181 84.65
      vertex 15.5 23.9511 84.3831
      vertex 14.9 24.4543 84.0563
    endloop
  endfacet
  facet normal 0.706978 0.603016 -0.369532
    outer loop
      vertex 15.5 24.2985 84.95
      vertex 15.5 23.9511 84.3831
      vertex 14.9 24.8181 84.65
    endloop
  endfacet
  facet normal 0 0.852653 -0.522478
    outer loop
      vertex 14.9 24.4543 84.0563
      vertex -14.9 24.8181 84.65
      vertex 14.9 24.8181 84.65
    endloop
  endfacet
  facet normal 0 0.852653 -0.522478
    outer loop
      vertex -14.9 24.8181 84.65
      vertex 14.9 24.4543 84.0563
      vertex -14.9 24.4543 84.0563
    endloop
  endfacet
  facet normal -0.70699 0.603006 -0.369526
    outer loop
      vertex -15.5 24.2985 84.95
      vertex -14.9 24.4543 84.0563
      vertex -15.5 23.9511 84.3831
    endloop
  endfacet
  facet normal -0.706978 0.603026 -0.369515
    outer loop
      vertex -14.9 24.8181 84.65
      vertex -14.9 24.4543 84.0563
      vertex -15.5 24.2985 84.95
    endloop
  endfacet
  facet normal -0.706979 -0.621486 0.337545
    outer loop
      vertex -14.9 21.5272 86.55
      vertex -14.9 21.7646 86.9871
      vertex -15.5 22.0468 86.25
    endloop
  endfacet
  facet normal -0.706984 -0.621476 0.337552
    outer loop
      vertex -14.9 21.7646 86.9871
      vertex -15.5 22.2992 86.7147
      vertex -15.5 22.0468 86.25
    endloop
  endfacet
  facet normal 0 -0.878755 0.477274
    outer loop
      vertex -14.9 21.5272 86.55
      vertex 14.9 21.7646 86.9871
      vertex -14.9 21.7646 86.9871
    endloop
  endfacet
  facet normal 0 -0.878755 0.477274
    outer loop
      vertex 14.9 21.7646 86.9871
      vertex -14.9 21.5272 86.55
      vertex 14.9 21.5272 86.55
    endloop
  endfacet
  facet normal 0.706979 -0.62148 0.337555
    outer loop
      vertex 15.5 22.0468 86.25
      vertex 15.5 22.2992 86.7147
      vertex 14.9 21.5272 86.55
    endloop
  endfacet
  facet normal 0.706984 -0.621481 0.337542
    outer loop
      vertex 15.5 22.2992 86.7147
      vertex 14.9 21.7646 86.9871
      vertex 14.9 21.5272 86.55
    endloop
  endfacet
  facet normal 0.706978 0.621502 -0.337515
    outer loop
      vertex 14.9 25.1504 85.2619
      vertex 15.5 24.2985 84.95
      vertex 14.9 24.8181 84.65
    endloop
  endfacet
  facet normal 0.706985 0.621502 -0.337502
    outer loop
      vertex 15.5 24.6158 85.5343
      vertex 15.5 24.2985 84.95
      vertex 14.9 25.1504 85.2619
    endloop
  endfacet
  facet normal 0 0.878778 -0.477231
    outer loop
      vertex 14.9 24.8181 84.65
      vertex -14.9 25.1504 85.2619
      vertex 14.9 25.1504 85.2619
    endloop
  endfacet
  facet normal 0 0.878778 -0.477231
    outer loop
      vertex -14.9 25.1504 85.2619
      vertex 14.9 24.8181 84.65
      vertex -14.9 24.8181 84.65
    endloop
  endfacet
  facet normal -0.706978 0.621508 -0.337505
    outer loop
      vertex -15.5 24.6158 85.5343
      vertex -14.9 24.8181 84.65
      vertex -15.5 24.2985 84.95
    endloop
  endfacet
  facet normal -0.706984 0.621497 -0.337512
    outer loop
      vertex -14.9 25.1504 85.2619
      vertex -14.9 24.8181 84.65
      vertex -15.5 24.6158 85.5343
    endloop
  endfacet
  facet normal -0.706985 -0.638342 0.304453
    outer loop
      vertex -14.9 21.7646 86.9871
      vertex -14.9 21.9787 87.436
      vertex -15.5 22.2992 86.7147
    endloop
  endfacet
  facet normal -0.706961 -0.638387 0.304414
    outer loop
      vertex -14.9 21.9787 87.436
      vertex -15.5 22.5268 87.192
      vertex -15.5 22.2992 86.7147
    endloop
  endfacet
  facet normal 0 -0.902596 0.430488
    outer loop
      vertex -14.9 21.7646 86.9871
      vertex 14.9 21.9787 87.436
      vertex -14.9 21.9787 87.436
    endloop
  endfacet
  facet normal 0 -0.902596 0.430488
    outer loop
      vertex 14.9 21.9787 87.436
      vertex -14.9 21.7646 86.9871
      vertex 14.9 21.7646 86.9871
    endloop
  endfacet
  facet normal 0.706984 -0.638366 0.304404
    outer loop
      vertex 15.5 22.2992 86.7147
      vertex 15.5 22.5268 87.192
      vertex 14.9 21.7646 86.9871
    endloop
  endfacet
  facet normal 0.706961 -0.638364 0.304464
    outer loop
      vertex 15.5 22.5268 87.192
      vertex 14.9 21.9787 87.436
      vertex 14.9 21.7646 86.9871
    endloop
  endfacet
  facet normal 0.706984 0.638366 -0.304405
    outer loop
      vertex 14.9 25.4501 85.8904
      vertex 15.5 24.6158 85.5343
      vertex 14.9 25.1504 85.2619
    endloop
  endfacet
  facet normal 0.706961 0.63837 -0.304452
    outer loop
      vertex 15.5 24.902 86.1344
      vertex 15.5 24.6158 85.5343
      vertex 14.9 25.4501 85.8904
    endloop
  endfacet
  facet normal 0 0.902629 -0.430419
    outer loop
      vertex 14.9 25.1504 85.2619
      vertex -14.9 25.4501 85.8904
      vertex 14.9 25.4501 85.8904
    endloop
  endfacet
  facet normal 0 0.902629 -0.430419
    outer loop
      vertex -14.9 25.4501 85.8904
      vertex 14.9 25.1504 85.2619
      vertex -14.9 25.1504 85.2619
    endloop
  endfacet
  facet normal -0.706985 0.638348 -0.304441
    outer loop
      vertex -15.5 24.902 86.1344
      vertex -14.9 25.1504 85.2619
      vertex -15.5 24.6158 85.5343
    endloop
  endfacet
  facet normal -0.706961 0.638387 -0.304414
    outer loop
      vertex -14.9 25.4501 85.8904
      vertex -14.9 25.1504 85.2619
      vertex -15.5 24.902 86.1344
    endloop
  endfacet
  facet normal -0.706961 -0.653432 0.270616
    outer loop
      vertex -14.9 21.9787 87.436
      vertex -14.9 22.169 87.8955
      vertex -15.5 22.5268 87.192
    endloop
  endfacet
  facet normal -0.707008 -0.653346 0.2707
    outer loop
      vertex -14.9 22.169 87.8955
      vertex -15.5 22.7292 87.6805
      vertex -15.5 22.5268 87.192
    endloop
  endfacet
  facet normal 0 -0.923902 0.38263
    outer loop
      vertex -14.9 21.9787 87.436
      vertex 14.9 22.169 87.8955
      vertex -14.9 22.169 87.8955
    endloop
  endfacet
  facet normal 0 -0.923902 0.38263
    outer loop
      vertex 14.9 22.169 87.8955
      vertex -14.9 21.9787 87.436
      vertex 14.9 21.9787 87.436
    endloop
  endfacet
  facet normal 0.706962 -0.653388 0.270718
    outer loop
      vertex 15.5 22.5268 87.192
      vertex 15.5 22.7292 87.6805
      vertex 14.9 21.9787 87.436
    endloop
  endfacet
  facet normal 0.70701 -0.653387 0.270597
    outer loop
      vertex 15.5 22.7292 87.6805
      vertex 14.9 22.169 87.8955
      vertex 14.9 21.9787 87.436
    endloop
  endfacet
  facet normal 0.706962 0.653402 -0.270685
    outer loop
      vertex 14.9 25.7166 86.5337
      vertex 15.5 24.902 86.1344
      vertex 14.9 25.4501 85.8904
    endloop
  endfacet
  facet normal 0.706954 0.653404 -0.270701
    outer loop
      vertex 15.5 25.1565 86.7487
      vertex 15.5 24.902 86.1344
      vertex 14.9 25.7166 86.5337
    endloop
  endfacet
  facet normal 0 0.923861 -0.382728
    outer loop
      vertex 14.9 25.4501 85.8904
      vertex -14.9 25.7166 86.5337
      vertex 14.9 25.7166 86.5337
    endloop
  endfacet
  facet normal 0 0.923861 -0.382728
    outer loop
      vertex -14.9 25.7166 86.5337
      vertex 14.9 25.4501 85.8904
      vertex -14.9 25.4501 85.8904
    endloop
  endfacet
  facet normal -0.706962 0.653397 -0.270698
    outer loop
      vertex -15.5 25.1565 86.7487
      vertex -14.9 25.4501 85.8904
      vertex -15.5 24.902 86.1344
    endloop
  endfacet
  facet normal -0.706954 0.653409 -0.270688
    outer loop
      vertex -14.9 25.7166 86.5337
      vertex -14.9 25.4501 85.8904
      vertex -15.5 25.1565 86.7487
    endloop
  endfacet
  facet normal -0.70701 -0.666644 0.236056
    outer loop
      vertex -14.9 22.169 87.8955
      vertex -14.9 22.335 88.3643
      vertex -15.5 22.7292 87.6805
    endloop
  endfacet
  facet normal -0.70702 -0.666627 0.236075
    outer loop
      vertex -14.9 22.335 88.3643
      vertex -15.5 22.9057 88.1789
      vertex -15.5 22.7292 87.6805
    endloop
  endfacet
  facet normal 0 -0.942648 0.333788
    outer loop
      vertex -14.9 22.169 87.8955
      vertex 14.9 22.335 88.3643
      vertex -14.9 22.335 88.3643
    endloop
  endfacet
  facet normal 0 -0.942648 0.333788
    outer loop
      vertex 14.9 22.335 88.3643
      vertex -14.9 22.169 87.8955
      vertex 14.9 22.169 87.8955
    endloop
  endfacet
  facet normal 0.70701 -0.666636 0.236078
    outer loop
      vertex 15.5 22.7292 87.6805
      vertex 15.5 22.9057 88.1789
      vertex 14.9 22.169 87.8955
    endloop
  endfacet
  facet normal 0.707021 -0.666634 0.236052
    outer loop
      vertex 15.5 22.9057 88.1789
      vertex 14.9 22.335 88.3643
      vertex 14.9 22.169 87.8955
    endloop
  endfacet
  facet normal 0.706954 0.666706 -0.236049
    outer loop
      vertex 14.9 25.949 87.1901
      vertex 15.5 25.1565 86.7487
      vertex 14.9 25.7166 86.5337
    endloop
  endfacet
  facet normal 0.706966 0.666702 -0.236026
    outer loop
      vertex 15.5 25.3784 87.3755
      vertex 15.5 25.1565 86.7487
      vertex 14.9 25.949 87.1901
    endloop
  endfacet
  facet normal 0 0.942661 -0.333751
    outer loop
      vertex 14.9 25.7166 86.5337
      vertex -14.9 25.949 87.1901
      vertex 14.9 25.949 87.1901
    endloop
  endfacet
  facet normal 0 0.942661 -0.333751
    outer loop
      vertex -14.9 25.949 87.1901
      vertex 14.9 25.7166 86.5337
      vertex -14.9 25.7166 86.5337
    endloop
  endfacet
  facet normal -0.706954 0.666713 -0.23603
    outer loop
      vertex -15.5 25.3784 87.3755
      vertex -14.9 25.7166 86.5337
      vertex -15.5 25.1565 86.7487
    endloop
  endfacet
  facet normal -0.706965 0.666695 -0.236045
    outer loop
      vertex -14.9 25.949 87.1901
      vertex -14.9 25.7166 86.5337
      vertex -15.5 25.3784 87.3755
    endloop
  endfacet
  facet normal -0.707022 -0.678055 0.2009
    outer loop
      vertex -14.9 22.335 88.3643
      vertex -14.9 22.4763 88.8412
      vertex -15.5 22.9057 88.1789
    endloop
  endfacet
  facet normal -0.706957 -0.678161 0.200773
    outer loop
      vertex -14.9 22.4763 88.8412
      vertex -15.5 23.0558 88.6859
      vertex -15.5 22.9057 88.1789
    endloop
  endfacet
  facet normal 0 -0.9588 0.284081
    outer loop
      vertex -14.9 22.335 88.3643
      vertex 14.9 22.4763 88.8412
      vertex -14.9 22.4763 88.8412
    endloop
  endfacet
  facet normal 0 -0.9588 0.284081
    outer loop
      vertex 14.9 22.4763 88.8412
      vertex -14.9 22.335 88.3643
      vertex 14.9 22.335 88.3643
    endloop
  endfacet
  facet normal 0.70702 -0.6781 0.200755
    outer loop
      vertex 15.5 22.9057 88.1789
      vertex 15.5 23.0558 88.6859
      vertex 14.9 22.335 88.3643
    endloop
  endfacet
  facet normal 0.706955 -0.67812 0.200919
    outer loop
      vertex 15.5 23.0558 88.6859
      vertex 14.9 22.4763 88.8412
      vertex 14.9 22.335 88.3643
    endloop
  endfacet
  facet normal 0.706965 0.67811 -0.200914
    outer loop
      vertex 14.9 26.1468 87.8577
      vertex 15.5 25.3784 87.3755
      vertex 14.9 25.949 87.1901
    endloop
  endfacet
  facet normal 0.706955 0.678115 -0.200935
    outer loop
      vertex 15.5 25.5673 88.013
      vertex 15.5 25.3784 87.3755
      vertex 14.9 26.1468 87.8577
    endloop
  endfacet
  facet normal 0 0.958801 -0.284079
    outer loop
      vertex 14.9 25.949 87.1901
      vertex -14.9 26.1468 87.8577
      vertex 14.9 26.1468 87.8577
    endloop
  endfacet
  facet normal 0 0.958801 -0.284079
    outer loop
      vertex -14.9 26.1468 87.8577
      vertex 14.9 25.949 87.1901
      vertex -14.9 25.949 87.1901
    endloop
  endfacet
  facet normal -0.706966 0.678105 -0.200932
    outer loop
      vertex -15.5 25.5673 88.013
      vertex -14.9 25.949 87.1901
      vertex -15.5 25.3784 87.3755
    endloop
  endfacet
  facet normal -0.706955 0.67812 -0.200917
    outer loop
      vertex -14.9 26.1468 87.8577
      vertex -14.9 25.949 87.1901
      vertex -15.5 25.5673 88.013
    endloop
  endfacet
  facet normal -0.706955 -0.687718 0.165103
    outer loop
      vertex -14.9 22.4763 88.8412
      vertex -14.9 22.5924 89.3248
      vertex -15.5 23.0558 88.6859
    endloop
  endfacet
  facet normal -0.706985 -0.687672 0.165164
    outer loop
      vertex -14.9 22.5924 89.3248
      vertex -15.5 23.1793 89.2001
      vertex -15.5 23.0558 88.6859
    endloop
  endfacet
  facet normal 0 -0.972371 0.233441
    outer loop
      vertex -14.9 22.4763 88.8412
      vertex 14.9 22.5924 89.3248
      vertex -14.9 22.5924 89.3248
    endloop
  endfacet
  facet normal 0 -0.972371 0.233441
    outer loop
      vertex 14.9 22.5924 89.3248
      vertex -14.9 22.4763 88.8412
      vertex 14.9 22.4763 88.8412
    endloop
  endfacet
  facet normal 0.706956 -0.6877 0.165171
    outer loop
      vertex 15.5 23.0558 88.6859
      vertex 15.5 23.1793 89.2001
      vertex 14.9 22.4763 88.8412
    endloop
  endfacet
  facet normal 0.706986 -0.687688 0.165096
    outer loop
      vertex 15.5 23.1793 89.2001
      vertex 14.9 22.5924 89.3248
      vertex 14.9 22.4763 88.8412
    endloop
  endfacet
  facet normal 0.706956 0.687707 -0.165147
    outer loop
      vertex 14.9 26.3094 88.5348
      vertex 15.5 25.5673 88.013
      vertex 14.9 26.1468 87.8577
    endloop
  endfacet
  facet normal 0.706986 0.68769 -0.165088
    outer loop
      vertex 15.5 25.7225 88.6595
      vertex 15.5 25.5673 88.013
      vertex 14.9 26.3094 88.5348
    endloop
  endfacet
  facet normal 0 0.972356 -0.233503
    outer loop
      vertex 14.9 26.1468 87.8577
      vertex -14.9 26.3094 88.5348
      vertex 14.9 26.3094 88.5348
    endloop
  endfacet
  facet normal 0 0.972356 -0.233503
    outer loop
      vertex -14.9 26.3094 88.5348
      vertex 14.9 26.1468 87.8577
      vertex -14.9 26.1468 87.8577
    endloop
  endfacet
  facet normal -0.706955 0.68772 -0.165095
    outer loop
      vertex -15.5 25.7225 88.6595
      vertex -14.9 26.1468 87.8577
      vertex -15.5 25.5673 88.013
    endloop
  endfacet
  facet normal -0.706985 0.687678 -0.16514
    outer loop
      vertex -14.9 26.3094 88.5348
      vertex -14.9 26.1468 87.8577
      vertex -15.5 25.7225 88.6595
    endloop
  endfacet
  facet normal -0.706986 -0.695397 0.128814
    outer loop
      vertex -14.9 22.5924 89.3248
      vertex -14.9 22.683 89.8139
      vertex -15.5 23.1793 89.2001
    endloop
  endfacet
  facet normal -0.706983 -0.695401 0.128808
    outer loop
      vertex -14.9 22.683 89.8139
      vertex -15.5 23.2756 89.72
      vertex -15.5 23.1793 89.2001
    endloop
  endfacet
  facet normal 0 -0.983273 0.18214
    outer loop
      vertex -14.9 22.5924 89.3248
      vertex 14.9 22.683 89.8139
      vertex -14.9 22.683 89.8139
    endloop
  endfacet
  facet normal 0 -0.983273 0.18214
    outer loop
      vertex 14.9 22.683 89.8139
      vertex -14.9 22.5924 89.3248
      vertex 14.9 22.5924 89.3248
    endloop
  endfacet
  facet normal 0.706986 -0.695399 0.128807
    outer loop
      vertex 15.5 23.1793 89.2001
      vertex 15.5 23.2756 89.72
      vertex 14.9 22.5924 89.3248
    endloop
  endfacet
  facet normal 0.706983 -0.6954 0.128815
    outer loop
      vertex 15.5 23.2756 89.72
      vertex 14.9 22.683 89.8139
      vertex 14.9 22.5924 89.3248
    endloop
  endfacet
  facet normal 0.706986 0.6954 -0.1288
    outer loop
      vertex 14.9 26.4362 89.2194
      vertex 15.5 25.7225 88.6595
      vertex 14.9 26.3094 88.5348
    endloop
  endfacet
  facet normal 0.706983 0.695402 -0.128806
    outer loop
      vertex 15.5 25.8436 89.3133
      vertex 15.5 25.7225 88.6595
      vertex 14.9 26.4362 89.2194
    endloop
  endfacet
  facet normal 0 0.983276 -0.18212
    outer loop
      vertex 14.9 26.3094 88.5348
      vertex -14.9 26.4362 89.2194
      vertex 14.9 26.4362 89.2194
    endloop
  endfacet
  facet normal 0 0.983276 -0.18212
    outer loop
      vertex -14.9 26.4362 89.2194
      vertex 14.9 26.3094 88.5348
      vertex -14.9 26.3094 88.5348
    endloop
  endfacet
  facet normal -0.706986 0.695399 -0.128805
    outer loop
      vertex -15.5 25.8436 89.3133
      vertex -14.9 26.3094 88.5348
      vertex -15.5 25.7225 88.6595
    endloop
  endfacet
  facet normal -0.706983 0.695403 -0.128801
    outer loop
      vertex -14.9 26.4362 89.2194
      vertex -14.9 26.3094 88.5348
      vertex -15.5 25.8436 89.3133
    endloop
  endfacet
  facet normal -0.706983 -0.701165 0.092427
    outer loop
      vertex -14.9 22.683 89.8139
      vertex -14.9 22.748 90.307
      vertex -15.5 23.2756 89.72
    endloop
  endfacet
  facet normal -0.706975 -0.701175 0.0924112
    outer loop
      vertex -14.9 22.748 90.307
      vertex -15.5 23.3447 90.2443
      vertex -15.5 23.2756 89.72
    endloop
  endfacet
  facet normal 0 -0.991423 0.130689
    outer loop
      vertex -14.9 22.683 89.8139
      vertex 14.9 22.748 90.307
      vertex -14.9 22.748 90.307
    endloop
  endfacet
  facet normal 0 -0.991423 0.130689
    outer loop
      vertex 14.9 22.748 90.307
      vertex -14.9 22.683 89.8139
      vertex 14.9 22.683 89.8139
    endloop
  endfacet
  facet normal 0.706982 -0.701168 0.0924103
    outer loop
      vertex 15.5 23.2756 89.72
      vertex 15.5 23.3447 90.2443
      vertex 14.9 22.683 89.8139
    endloop
  endfacet
  facet normal 0.706975 -0.701173 0.092428
    outer loop
      vertex 15.5 23.3447 90.2443
      vertex 14.9 22.748 90.307
      vertex 14.9 22.683 89.8139
    endloop
  endfacet
  facet normal 0.706981 0.701181 -0.0923195
    outer loop
      vertex 14.9 26.5271 89.9098
      vertex 15.5 25.8436 89.3133
      vertex 14.9 26.4362 89.2194
    endloop
  endfacet
  facet normal 0.706976 0.701185 -0.0923283
    outer loop
      vertex 15.5 25.9304 89.9725
      vertex 15.5 25.8436 89.3133
      vertex 14.9 26.5271 89.9098
    endloop
  endfacet
  facet normal 0 0.991444 -0.130536
    outer loop
      vertex 14.9 26.4362 89.2194
      vertex -14.9 26.5271 89.9098
      vertex 14.9 26.5271 89.9098
    endloop
  endfacet
  facet normal 0 0.991444 -0.130536
    outer loop
      vertex -14.9 26.5271 89.9098
      vertex 14.9 26.4362 89.2194
      vertex -14.9 26.4362 89.2194
    endloop
  endfacet
  facet normal -0.706981 0.70118 -0.0923277
    outer loop
      vertex -15.5 25.9304 89.9725
      vertex -14.9 26.4362 89.2194
      vertex -15.5 25.8436 89.3133
    endloop
  endfacet
  facet normal -0.706977 0.701186 -0.0923201
    outer loop
      vertex -14.9 26.5271 89.9098
      vertex -14.9 26.4362 89.2194
      vertex -15.5 25.9304 89.9725
    endloop
  endfacet
  facet normal -0.706977 -0.705059 0.0554605
    outer loop
      vertex -14.9 22.748 90.307
      vertex -14.9 22.787 90.8028
      vertex -15.5 23.3447 90.2443
    endloop
  endfacet
  facet normal -0.706941 -0.705101 0.0553807
    outer loop
      vertex -14.9 22.787 90.8028
      vertex -15.5 23.3861 90.7714
      vertex -15.5 23.3447 90.2443
    endloop
  endfacet
  facet normal 0 -0.996921 0.0784185
    outer loop
      vertex -14.9 22.748 90.307
      vertex 14.9 22.787 90.8028
      vertex -14.9 22.787 90.8028
    endloop
  endfacet
  facet normal 0 -0.996921 0.0784185
    outer loop
      vertex 14.9 22.787 90.8028
      vertex -14.9 22.748 90.307
      vertex 14.9 22.748 90.307
    endloop
  endfacet
  facet normal 0.706976 -0.705066 0.055378
    outer loop
      vertex 15.5 23.3447 90.2443
      vertex 15.5 23.3861 90.7714
      vertex 14.9 22.748 90.307
    endloop
  endfacet
  facet normal 0.70694 -0.705095 0.0554633
    outer loop
      vertex 15.5 23.3861 90.7714
      vertex 14.9 22.787 90.8028
      vertex 14.9 22.748 90.307
    endloop
  endfacet
  facet normal 0.706978 0.70505 -0.0555629
    outer loop
      vertex 14.9 26.5818 90.6039
      vertex 15.5 25.9304 89.9725
      vertex 14.9 26.5271 89.9098
    endloop
  endfacet
  facet normal 0.706998 0.705032 -0.0555261
    outer loop
      vertex 15.5 25.9826 90.6353
      vertex 15.5 25.9304 89.9725
      vertex 14.9 26.5818 90.6039
    endloop
  endfacet
  facet normal 0 0.996909 -0.0785635
    outer loop
      vertex 14.9 26.5271 89.9098
      vertex -14.9 26.5818 90.6039
      vertex 14.9 26.5818 90.6039
    endloop
  endfacet
  facet normal 0 0.996909 -0.0785635
    outer loop
      vertex -14.9 26.5818 90.6039
      vertex 14.9 26.5271 89.9098
      vertex -14.9 26.5271 89.9098
    endloop
  endfacet
  facet normal -0.706978 0.705053 -0.0555277
    outer loop
      vertex -15.5 25.9826 90.6353
      vertex -14.9 26.5271 89.9098
      vertex -15.5 25.9304 89.9725
    endloop
  endfacet
  facet normal -0.706998 0.70503 -0.0555614
    outer loop
      vertex -14.9 26.5818 90.6039
      vertex -14.9 26.5271 89.9098
      vertex -15.5 25.9826 90.6353
    endloop
  endfacet
  facet normal -0.706939 -0.707032 0.0184864
    outer loop
      vertex -14.9 22.787 90.8028
      vertex -14.9 22.8 91.3
      vertex -15.5 23.3861 90.7714
    endloop
  endfacet
  facet normal -0.706985 -0.706985 0.0185908
    outer loop
      vertex -14.9 22.8 91.3
      vertex -15.5 23.4 91.3
      vertex -15.5 23.3861 90.7714
    endloop
  endfacet
  facet normal 0 -0.999658 0.0261375
    outer loop
      vertex -14.9 22.787 90.8028
      vertex 14.9 22.8 91.3
      vertex -14.9 22.8 91.3
    endloop
  endfacet
  facet normal 0 -0.999658 0.0261375
    outer loop
      vertex 14.9 22.8 91.3
      vertex -14.9 22.787 90.8028
      vertex 14.9 22.787 90.8028
    endloop
  endfacet
  facet normal 0.706941 -0.707028 0.0185919
    outer loop
      vertex 15.5 23.3861 90.7714
      vertex 15.5 23.4 91.3
      vertex 14.9 22.787 90.8028
    endloop
  endfacet
  facet normal 0.706986 -0.706986 0.0184852
    outer loop
      vertex 15.5 23.4 91.3
      vertex 14.9 22.8 91.3
      vertex 14.9 22.787 90.8028
    endloop
  endfacet
  facet normal 0.706998 0.706974 -0.0184843
    outer loop
      vertex 14.9 26.6 91.3
      vertex 15.5 25.9826 90.6353
      vertex 14.9 26.5818 90.6039
    endloop
  endfacet
  facet normal 0.706986 0.706986 -0.0185069
    outer loop
      vertex 15.5 26 91.3
      vertex 15.5 25.9826 90.6353
      vertex 14.9 26.6 91.3
    endloop
  endfacet
  facet normal 0 0.999658 -0.0261367
    outer loop
      vertex 14.9 26.5818 90.6039
      vertex -14.9 26.6 91.3
      vertex 14.9 26.6 91.3
    endloop
  endfacet
  facet normal 0 0.999658 -0.0261367
    outer loop
      vertex -14.9 26.6 91.3
      vertex 14.9 26.5818 90.6039
      vertex -14.9 26.5818 90.6039
    endloop
  endfacet
  facet normal -0.706999 0.706973 -0.0185066
    outer loop
      vertex -15.5 26 91.3
      vertex -14.9 26.5818 90.6039
      vertex -15.5 25.9826 90.6353
    endloop
  endfacet
  facet normal -0.706986 0.706986 -0.0184846
    outer loop
      vertex -14.9 26.6 91.3
      vertex -14.9 26.5818 90.6039
      vertex -15.5 26 91.3
    endloop
  endfacet
  facet normal -0.706986 -0.706986 -0.0184852
    outer loop
      vertex -14.9 22.8 91.3
      vertex -14.9 22.787 91.7972
      vertex -15.5 23.4 91.3
    endloop
  endfacet
  facet normal -0.706941 -0.707028 -0.0185919
    outer loop
      vertex -15.5 23.4 91.3
      vertex -14.9 22.787 91.7972
      vertex -15.5 23.3861 91.8286
    endloop
  endfacet
  facet normal 0 -0.999658 -0.0261375
    outer loop
      vertex -14.9 22.8 91.3
      vertex 14.9 22.787 91.7972
      vertex -14.9 22.787 91.7972
    endloop
  endfacet
  facet normal 0 -0.999658 -0.0261375
    outer loop
      vertex 14.9 22.787 91.7972
      vertex -14.9 22.8 91.3
      vertex 14.9 22.8 91.3
    endloop
  endfacet
  facet normal 0.706985 -0.706985 -0.0185908
    outer loop
      vertex 15.5 23.4 91.3
      vertex 15.5 23.3861 91.8286
      vertex 14.9 22.8 91.3
    endloop
  endfacet
  facet normal 0.706939 -0.707032 -0.0184864
    outer loop
      vertex 14.9 22.8 91.3
      vertex 15.5 23.3861 91.8286
      vertex 14.9 22.787 91.7972
    endloop
  endfacet
  facet normal 0.706986 0.706986 0.0184846
    outer loop
      vertex 15.5 26 91.3
      vertex 14.9 26.6 91.3
      vertex 14.9 26.5818 91.9961
    endloop
  endfacet
  facet normal 0.706999 0.706973 0.0185066
    outer loop
      vertex 15.5 25.9826 91.9647
      vertex 15.5 26 91.3
      vertex 14.9 26.5818 91.9961
    endloop
  endfacet
  facet normal 0 0.999658 0.0261367
    outer loop
      vertex 14.9 26.6 91.3
      vertex -14.9 26.5818 91.9961
      vertex 14.9 26.5818 91.9961
    endloop
  endfacet
  facet normal 0 0.999658 0.0261367
    outer loop
      vertex -14.9 26.5818 91.9961
      vertex 14.9 26.6 91.3
      vertex -14.9 26.6 91.3
    endloop
  endfacet
  facet normal -0.706986 0.706986 0.0185069
    outer loop
      vertex -14.9 26.6 91.3
      vertex -15.5 26 91.3
      vertex -15.5 25.9826 91.9647
    endloop
  endfacet
  facet normal -0.706998 0.706974 0.0184843
    outer loop
      vertex -14.9 26.5818 91.9961
      vertex -14.9 26.6 91.3
      vertex -15.5 25.9826 91.9647
    endloop
  endfacet
  facet normal -0.70694 -0.705095 -0.0554633
    outer loop
      vertex -14.9 22.787 91.7972
      vertex -14.9 22.748 92.293
      vertex -15.5 23.3861 91.8286
    endloop
  endfacet
  facet normal -0.706976 -0.705066 -0.055378
    outer loop
      vertex -15.5 23.3861 91.8286
      vertex -14.9 22.748 92.293
      vertex -15.5 23.3447 92.3557
    endloop
  endfacet
  facet normal 0 -0.996921 -0.0784185
    outer loop
      vertex -14.9 22.787 91.7972
      vertex 14.9 22.748 92.293
      vertex -14.9 22.748 92.293
    endloop
  endfacet
  facet normal 0 -0.996921 -0.0784185
    outer loop
      vertex 14.9 22.748 92.293
      vertex -14.9 22.787 91.7972
      vertex 14.9 22.787 91.7972
    endloop
  endfacet
  facet normal 0.706941 -0.705101 -0.0553807
    outer loop
      vertex 15.5 23.3861 91.8286
      vertex 15.5 23.3447 92.3557
      vertex 14.9 22.787 91.7972
    endloop
  endfacet
  facet normal 0.706977 -0.705059 -0.0554605
    outer loop
      vertex 14.9 22.787 91.7972
      vertex 15.5 23.3447 92.3557
      vertex 14.9 22.748 92.293
    endloop
  endfacet
  facet normal 0.706998 0.70503 0.0555614
    outer loop
      vertex 15.5 25.9826 91.9647
      vertex 14.9 26.5818 91.9961
      vertex 14.9 26.5271 92.6902
    endloop
  endfacet
  facet normal 0.706978 0.705053 0.0555277
    outer loop
      vertex 15.5 25.9304 92.6275
      vertex 15.5 25.9826 91.9647
      vertex 14.9 26.5271 92.6902
    endloop
  endfacet
  facet normal 0 0.996909 0.0785635
    outer loop
      vertex 14.9 26.5818 91.9961
      vertex -14.9 26.5271 92.6902
      vertex 14.9 26.5271 92.6902
    endloop
  endfacet
  facet normal 0 0.996909 0.0785635
    outer loop
      vertex -14.9 26.5271 92.6902
      vertex 14.9 26.5818 91.9961
      vertex -14.9 26.5818 91.9961
    endloop
  endfacet
  facet normal -0.706998 0.705032 0.0555261
    outer loop
      vertex -14.9 26.5818 91.9961
      vertex -15.5 25.9826 91.9647
      vertex -15.5 25.9304 92.6275
    endloop
  endfacet
  facet normal -0.706978 0.70505 0.0555629
    outer loop
      vertex -14.9 26.5271 92.6902
      vertex -14.9 26.5818 91.9961
      vertex -15.5 25.9304 92.6275
    endloop
  endfacet
  facet normal -0.706975 -0.701173 -0.092428
    outer loop
      vertex -14.9 22.748 92.293
      vertex -14.9 22.683 92.7861
      vertex -15.5 23.3447 92.3557
    endloop
  endfacet
  facet normal -0.706982 -0.701168 -0.0924103
    outer loop
      vertex -15.5 23.3447 92.3557
      vertex -14.9 22.683 92.7861
      vertex -15.5 23.2756 92.88
    endloop
  endfacet
  facet normal 0 -0.991423 -0.130689
    outer loop
      vertex -14.9 22.748 92.293
      vertex 14.9 22.683 92.7861
      vertex -14.9 22.683 92.7861
    endloop
  endfacet
  facet normal 0 -0.991423 -0.130689
    outer loop
      vertex 14.9 22.683 92.7861
      vertex -14.9 22.748 92.293
      vertex 14.9 22.748 92.293
    endloop
  endfacet
  facet normal 0.706975 -0.701175 -0.0924112
    outer loop
      vertex 15.5 23.3447 92.3557
      vertex 15.5 23.2756 92.88
      vertex 14.9 22.748 92.293
    endloop
  endfacet
  facet normal 0.706983 -0.701165 -0.092427
    outer loop
      vertex 14.9 22.748 92.293
      vertex 15.5 23.2756 92.88
      vertex 14.9 22.683 92.7861
    endloop
  endfacet
  facet normal 0.706977 0.701186 0.0923201
    outer loop
      vertex 15.5 25.9304 92.6275
      vertex 14.9 26.5271 92.6902
      vertex 14.9 26.4362 93.3806
    endloop
  endfacet
  facet normal 0.706981 0.70118 0.0923277
    outer loop
      vertex 15.5 25.8436 93.2867
      vertex 15.5 25.9304 92.6275
      vertex 14.9 26.4362 93.3806
    endloop
  endfacet
  facet normal 0 0.991444 0.130536
    outer loop
      vertex 14.9 26.5271 92.6902
      vertex -14.9 26.4362 93.3806
      vertex 14.9 26.4362 93.3806
    endloop
  endfacet
  facet normal 0 0.991444 0.130536
    outer loop
      vertex -14.9 26.4362 93.3806
      vertex 14.9 26.5271 92.6902
      vertex -14.9 26.5271 92.6902
    endloop
  endfacet
  facet normal -0.706976 0.701185 0.0923283
    outer loop
      vertex -14.9 26.5271 92.6902
      vertex -15.5 25.9304 92.6275
      vertex -15.5 25.8436 93.2867
    endloop
  endfacet
  facet normal -0.706981 0.701181 0.0923195
    outer loop
      vertex -14.9 26.4362 93.3806
      vertex -14.9 26.5271 92.6902
      vertex -15.5 25.8436 93.2867
    endloop
  endfacet
  facet normal -0.706983 -0.6954 -0.128815
    outer loop
      vertex -14.9 22.683 92.7861
      vertex -14.9 22.5924 93.2752
      vertex -15.5 23.2756 92.88
    endloop
  endfacet
  facet normal -0.706986 -0.695399 -0.128807
    outer loop
      vertex -15.5 23.2756 92.88
      vertex -14.9 22.5924 93.2752
      vertex -15.5 23.1793 93.3999
    endloop
  endfacet
  facet normal 0 -0.983273 -0.18214
    outer loop
      vertex -14.9 22.683 92.7861
      vertex 14.9 22.5924 93.2752
      vertex -14.9 22.5924 93.2752
    endloop
  endfacet
  facet normal 0 -0.983273 -0.18214
    outer loop
      vertex 14.9 22.5924 93.2752
      vertex -14.9 22.683 92.7861
      vertex 14.9 22.683 92.7861
    endloop
  endfacet
  facet normal 0.706983 -0.695401 -0.128808
    outer loop
      vertex 15.5 23.2756 92.88
      vertex 15.5 23.1793 93.3999
      vertex 14.9 22.683 92.7861
    endloop
  endfacet
  facet normal 0.706986 -0.695397 -0.128814
    outer loop
      vertex 14.9 22.683 92.7861
      vertex 15.5 23.1793 93.3999
      vertex 14.9 22.5924 93.2752
    endloop
  endfacet
  facet normal 0.706983 0.695403 0.128801
    outer loop
      vertex 15.5 25.8436 93.2867
      vertex 14.9 26.4362 93.3806
      vertex 14.9 26.3094 94.0652
    endloop
  endfacet
  facet normal 0.706986 0.695399 0.128805
    outer loop
      vertex 15.5 25.7225 93.9405
      vertex 15.5 25.8436 93.2867
      vertex 14.9 26.3094 94.0652
    endloop
  endfacet
  facet normal 0 0.983276 0.18212
    outer loop
      vertex 14.9 26.4362 93.3806
      vertex -14.9 26.3094 94.0652
      vertex 14.9 26.3094 94.0652
    endloop
  endfacet
  facet normal 0 0.983276 0.18212
    outer loop
      vertex -14.9 26.3094 94.0652
      vertex 14.9 26.4362 93.3806
      vertex -14.9 26.4362 93.3806
    endloop
  endfacet
  facet normal -0.706983 0.695402 0.128806
    outer loop
      vertex -14.9 26.4362 93.3806
      vertex -15.5 25.8436 93.2867
      vertex -15.5 25.7225 93.9405
    endloop
  endfacet
  facet normal -0.706986 0.6954 0.1288
    outer loop
      vertex -14.9 26.3094 94.0652
      vertex -14.9 26.4362 93.3806
      vertex -15.5 25.7225 93.9405
    endloop
  endfacet
  facet normal -0.706986 -0.687688 -0.165096
    outer loop
      vertex -14.9 22.5924 93.2752
      vertex -14.9 22.4763 93.7588
      vertex -15.5 23.1793 93.3999
    endloop
  endfacet
  facet normal -0.706956 -0.6877 -0.165171
    outer loop
      vertex -15.5 23.1793 93.3999
      vertex -14.9 22.4763 93.7588
      vertex -15.5 23.0558 93.9141
    endloop
  endfacet
  facet normal 0 -0.972371 -0.233441
    outer loop
      vertex -14.9 22.5924 93.2752
      vertex 14.9 22.4763 93.7588
      vertex -14.9 22.4763 93.7588
    endloop
  endfacet
  facet normal 0 -0.972371 -0.233441
    outer loop
      vertex 14.9 22.4763 93.7588
      vertex -14.9 22.5924 93.2752
      vertex 14.9 22.5924 93.2752
    endloop
  endfacet
  facet normal 0.706985 -0.687672 -0.165164
    outer loop
      vertex 15.5 23.1793 93.3999
      vertex 15.5 23.0558 93.9141
      vertex 14.9 22.5924 93.2752
    endloop
  endfacet
  facet normal 0.706955 -0.687718 -0.165103
    outer loop
      vertex 14.9 22.5924 93.2752
      vertex 15.5 23.0558 93.9141
      vertex 14.9 22.4763 93.7588
    endloop
  endfacet
  facet normal 0.706985 0.687678 0.16514
    outer loop
      vertex 15.5 25.7225 93.9405
      vertex 14.9 26.3094 94.0652
      vertex 14.9 26.1468 94.7423
    endloop
  endfacet
  facet normal 0.706955 0.68772 0.165095
    outer loop
      vertex 15.5 25.5673 94.587
      vertex 15.5 25.7225 93.9405
      vertex 14.9 26.1468 94.7423
    endloop
  endfacet
  facet normal 0 0.972356 0.233503
    outer loop
      vertex 14.9 26.3094 94.0652
      vertex -14.9 26.1468 94.7423
      vertex 14.9 26.1468 94.7423
    endloop
  endfacet
  facet normal 0 0.972356 0.233503
    outer loop
      vertex -14.9 26.1468 94.7423
      vertex 14.9 26.3094 94.0652
      vertex -14.9 26.3094 94.0652
    endloop
  endfacet
  facet normal -0.706986 0.68769 0.165088
    outer loop
      vertex -14.9 26.3094 94.0652
      vertex -15.5 25.7225 93.9405
      vertex -15.5 25.5673 94.587
    endloop
  endfacet
  facet normal -0.706956 0.687707 0.165147
    outer loop
      vertex -14.9 26.1468 94.7423
      vertex -14.9 26.3094 94.0652
      vertex -15.5 25.5673 94.587
    endloop
  endfacet
  facet normal -0.706955 -0.67812 -0.200919
    outer loop
      vertex -14.9 22.4763 93.7588
      vertex -14.9 22.335 94.2357
      vertex -15.5 23.0558 93.9141
    endloop
  endfacet
  facet normal -0.70702 -0.6781 -0.200755
    outer loop
      vertex -15.5 23.0558 93.9141
      vertex -14.9 22.335 94.2357
      vertex -15.5 22.9057 94.4211
    endloop
  endfacet
  facet normal 0 -0.9588 -0.284081
    outer loop
      vertex -14.9 22.4763 93.7588
      vertex 14.9 22.335 94.2357
      vertex -14.9 22.335 94.2357
    endloop
  endfacet
  facet normal 0 -0.9588 -0.284081
    outer loop
      vertex 14.9 22.335 94.2357
      vertex -14.9 22.4763 93.7588
      vertex 14.9 22.4763 93.7588
    endloop
  endfacet
  facet normal 0.706957 -0.678161 -0.200773
    outer loop
      vertex 15.5 23.0558 93.9141
      vertex 15.5 22.9057 94.4211
      vertex 14.9 22.4763 93.7588
    endloop
  endfacet
  facet normal 0.707022 -0.678055 -0.2009
    outer loop
      vertex 14.9 22.4763 93.7588
      vertex 15.5 22.9057 94.4211
      vertex 14.9 22.335 94.2357
    endloop
  endfacet
  facet normal 0.706955 0.67812 0.200917
    outer loop
      vertex 15.5 25.5673 94.587
      vertex 14.9 26.1468 94.7423
      vertex 14.9 25.949 95.4099
    endloop
  endfacet
  facet normal 0.706966 0.678105 0.200932
    outer loop
      vertex 15.5 25.3784 95.2245
      vertex 15.5 25.5673 94.587
      vertex 14.9 25.949 95.4099
    endloop
  endfacet
  facet normal 0 0.958801 0.284079
    outer loop
      vertex 14.9 26.1468 94.7423
      vertex -14.9 25.949 95.4099
      vertex 14.9 25.949 95.4099
    endloop
  endfacet
  facet normal 0 0.958801 0.284079
    outer loop
      vertex -14.9 25.949 95.4099
      vertex 14.9 26.1468 94.7423
      vertex -14.9 26.1468 94.7423
    endloop
  endfacet
  facet normal -0.706955 0.678115 0.200935
    outer loop
      vertex -14.9 26.1468 94.7423
      vertex -15.5 25.5673 94.587
      vertex -15.5 25.3784 95.2245
    endloop
  endfacet
  facet normal -0.706965 0.67811 0.200914
    outer loop
      vertex -14.9 25.949 95.4099
      vertex -14.9 26.1468 94.7423
      vertex -15.5 25.3784 95.2245
    endloop
  endfacet
  facet normal -0.707021 -0.666634 -0.236052
    outer loop
      vertex -14.9 22.335 94.2357
      vertex -14.9 22.169 94.7045
      vertex -15.5 22.9057 94.4211
    endloop
  endfacet
  facet normal -0.70701 -0.666636 -0.236078
    outer loop
      vertex -15.5 22.9057 94.4211
      vertex -14.9 22.169 94.7045
      vertex -15.5 22.7292 94.9195
    endloop
  endfacet
  facet normal 0 -0.942648 -0.333788
    outer loop
      vertex -14.9 22.335 94.2357
      vertex 14.9 22.169 94.7045
      vertex -14.9 22.169 94.7045
    endloop
  endfacet
  facet normal 0 -0.942648 -0.333788
    outer loop
      vertex 14.9 22.169 94.7045
      vertex -14.9 22.335 94.2357
      vertex 14.9 22.335 94.2357
    endloop
  endfacet
  facet normal 0.70702 -0.666627 -0.236075
    outer loop
      vertex 15.5 22.9057 94.4211
      vertex 15.5 22.7292 94.9195
      vertex 14.9 22.335 94.2357
    endloop
  endfacet
  facet normal 0.70701 -0.666644 -0.236056
    outer loop
      vertex 14.9 22.335 94.2357
      vertex 15.5 22.7292 94.9195
      vertex 14.9 22.169 94.7045
    endloop
  endfacet
  facet normal 0.706965 0.666695 0.236045
    outer loop
      vertex 15.5 25.3784 95.2245
      vertex 14.9 25.949 95.4099
      vertex 14.9 25.7166 96.0663
    endloop
  endfacet
  facet normal 0.706954 0.666713 0.23603
    outer loop
      vertex 15.5 25.1565 95.8513
      vertex 15.5 25.3784 95.2245
      vertex 14.9 25.7166 96.0663
    endloop
  endfacet
  facet normal 0 0.942661 0.333751
    outer loop
      vertex 14.9 25.949 95.4099
      vertex -14.9 25.7166 96.0663
      vertex 14.9 25.7166 96.0663
    endloop
  endfacet
  facet normal 0 0.942661 0.333751
    outer loop
      vertex -14.9 25.7166 96.0663
      vertex 14.9 25.949 95.4099
      vertex -14.9 25.949 95.4099
    endloop
  endfacet
  facet normal -0.706966 0.666702 0.236026
    outer loop
      vertex -14.9 25.949 95.4099
      vertex -15.5 25.3784 95.2245
      vertex -15.5 25.1565 95.8513
    endloop
  endfacet
  facet normal -0.706954 0.666706 0.236049
    outer loop
      vertex -14.9 25.7166 96.0663
      vertex -14.9 25.949 95.4099
      vertex -15.5 25.1565 95.8513
    endloop
  endfacet
  facet normal -0.70701 -0.653387 -0.270597
    outer loop
      vertex -14.9 22.169 94.7045
      vertex -14.9 21.9787 95.164
      vertex -15.5 22.7292 94.9195
    endloop
  endfacet
  facet normal -0.706962 -0.653388 -0.270718
    outer loop
      vertex -15.5 22.7292 94.9195
      vertex -14.9 21.9787 95.164
      vertex -15.5 22.5268 95.408
    endloop
  endfacet
  facet normal 0 -0.923902 -0.38263
    outer loop
      vertex -14.9 22.169 94.7045
      vertex 14.9 21.9787 95.164
      vertex -14.9 21.9787 95.164
    endloop
  endfacet
  facet normal 0 -0.923902 -0.38263
    outer loop
      vertex 14.9 21.9787 95.164
      vertex -14.9 22.169 94.7045
      vertex 14.9 22.169 94.7045
    endloop
  endfacet
  facet normal 0.707008 -0.653346 -0.2707
    outer loop
      vertex 15.5 22.7292 94.9195
      vertex 15.5 22.5268 95.408
      vertex 14.9 22.169 94.7045
    endloop
  endfacet
  facet normal 0.706961 -0.653432 -0.270616
    outer loop
      vertex 14.9 22.169 94.7045
      vertex 15.5 22.5268 95.408
      vertex 14.9 21.9787 95.164
    endloop
  endfacet
  facet normal 0.706954 0.653409 0.270688
    outer loop
      vertex 15.5 25.1565 95.8513
      vertex 14.9 25.7166 96.0663
      vertex 14.9 25.4501 96.7096
    endloop
  endfacet
  facet normal 0.706962 0.653397 0.270698
    outer loop
      vertex 15.5 24.902 96.4656
      vertex 15.5 25.1565 95.8513
      vertex 14.9 25.4501 96.7096
    endloop
  endfacet
  facet normal 0 0.923861 0.382728
    outer loop
      vertex 14.9 25.7166 96.0663
      vertex -14.9 25.4501 96.7096
      vertex 14.9 25.4501 96.7096
    endloop
  endfacet
  facet normal 0 0.923861 0.382728
    outer loop
      vertex -14.9 25.4501 96.7096
      vertex 14.9 25.7166 96.0663
      vertex -14.9 25.7166 96.0663
    endloop
  endfacet
  facet normal -0.706954 0.653404 0.270701
    outer loop
      vertex -14.9 25.7166 96.0663
      vertex -15.5 25.1565 95.8513
      vertex -15.5 24.902 96.4656
    endloop
  endfacet
  facet normal -0.706962 0.653402 0.270685
    outer loop
      vertex -14.9 25.4501 96.7096
      vertex -14.9 25.7166 96.0663
      vertex -15.5 24.902 96.4656
    endloop
  endfacet
  facet normal -0.706961 -0.638364 -0.304464
    outer loop
      vertex -14.9 21.9787 95.164
      vertex -14.9 21.7646 95.6129
      vertex -15.5 22.5268 95.408
    endloop
  endfacet
  facet normal -0.706984 -0.638366 -0.304404
    outer loop
      vertex -15.5 22.5268 95.408
      vertex -14.9 21.7646 95.6129
      vertex -15.5 22.2992 95.8853
    endloop
  endfacet
  facet normal 0 -0.902596 -0.430488
    outer loop
      vertex -14.9 21.9787 95.164
      vertex 14.9 21.7646 95.6129
      vertex -14.9 21.7646 95.6129
    endloop
  endfacet
  facet normal 0 -0.902596 -0.430488
    outer loop
      vertex 14.9 21.7646 95.6129
      vertex -14.9 21.9787 95.164
      vertex 14.9 21.9787 95.164
    endloop
  endfacet
  facet normal 0.706961 -0.638387 -0.304414
    outer loop
      vertex 15.5 22.5268 95.408
      vertex 15.5 22.2992 95.8853
      vertex 14.9 21.9787 95.164
    endloop
  endfacet
  facet normal 0.706985 -0.638342 -0.304453
    outer loop
      vertex 14.9 21.9787 95.164
      vertex 15.5 22.2992 95.8853
      vertex 14.9 21.7646 95.6129
    endloop
  endfacet
  facet normal 0.706961 0.638387 0.304414
    outer loop
      vertex 15.5 24.902 96.4656
      vertex 14.9 25.4501 96.7096
      vertex 14.9 25.1504 97.3381
    endloop
  endfacet
  facet normal 0.706985 0.638348 0.304441
    outer loop
      vertex 15.5 24.6158 97.0657
      vertex 15.5 24.902 96.4656
      vertex 14.9 25.1504 97.3381
    endloop
  endfacet
  facet normal 0 0.902629 0.430419
    outer loop
      vertex 14.9 25.4501 96.7096
      vertex -14.9 25.1504 97.3381
      vertex 14.9 25.1504 97.3381
    endloop
  endfacet
  facet normal 0 0.902629 0.430419
    outer loop
      vertex -14.9 25.1504 97.3381
      vertex 14.9 25.4501 96.7096
      vertex -14.9 25.4501 96.7096
    endloop
  endfacet
  facet normal -0.706961 0.63837 0.304452
    outer loop
      vertex -14.9 25.4501 96.7096
      vertex -15.5 24.902 96.4656
      vertex -15.5 24.6158 97.0657
    endloop
  endfacet
  facet normal -0.706984 0.638366 0.304405
    outer loop
      vertex -14.9 25.1504 97.3381
      vertex -14.9 25.4501 96.7096
      vertex -15.5 24.6158 97.0657
    endloop
  endfacet
  facet normal -0.706984 -0.621481 -0.337542
    outer loop
      vertex -14.9 21.7646 95.6129
      vertex -14.9 21.5272 96.05
      vertex -15.5 22.2992 95.8853
    endloop
  endfacet
  facet normal -0.706979 -0.62148 -0.337555
    outer loop
      vertex -15.5 22.2992 95.8853
      vertex -14.9 21.5272 96.05
      vertex -15.5 22.0468 96.35
    endloop
  endfacet
  facet normal 0 -0.878755 -0.477274
    outer loop
      vertex -14.9 21.7646 95.6129
      vertex 14.9 21.5272 96.05
      vertex -14.9 21.5272 96.05
    endloop
  endfacet
  facet normal 0 -0.878755 -0.477274
    outer loop
      vertex 14.9 21.5272 96.05
      vertex -14.9 21.7646 95.6129
      vertex 14.9 21.7646 95.6129
    endloop
  endfacet
  facet normal 0.706984 -0.621476 -0.337552
    outer loop
      vertex 15.5 22.2992 95.8853
      vertex 15.5 22.0468 96.35
      vertex 14.9 21.7646 95.6129
    endloop
  endfacet
  facet normal 0.706979 -0.621486 -0.337545
    outer loop
      vertex 14.9 21.7646 95.6129
      vertex 15.5 22.0468 96.35
      vertex 14.9 21.5272 96.05
    endloop
  endfacet
  facet normal 0.706984 0.621497 0.337512
    outer loop
      vertex 15.5 24.6158 97.0657
      vertex 14.9 25.1504 97.3381
      vertex 14.9 24.8181 97.95
    endloop
  endfacet
  facet normal 0.706978 0.621508 0.337505
    outer loop
      vertex 15.5 24.2985 97.65
      vertex 15.5 24.6158 97.0657
      vertex 14.9 24.8181 97.95
    endloop
  endfacet
  facet normal 0 0.878778 0.477231
    outer loop
      vertex 14.9 25.1504 97.3381
      vertex -14.9 24.8181 97.95
      vertex 14.9 24.8181 97.95
    endloop
  endfacet
  facet normal 0 0.878778 0.477231
    outer loop
      vertex -14.9 24.8181 97.95
      vertex 14.9 25.1504 97.3381
      vertex -14.9 25.1504 97.3381
    endloop
  endfacet
  facet normal -0.706985 0.621502 0.337502
    outer loop
      vertex -14.9 25.1504 97.3381
      vertex -15.5 24.6158 97.0657
      vertex -15.5 24.2985 97.65
    endloop
  endfacet
  facet normal -0.706978 0.621502 0.337515
    outer loop
      vertex -14.9 24.8181 97.95
      vertex -14.9 25.1504 97.3381
      vertex -15.5 24.2985 97.65
    endloop
  endfacet
  facet normal -0.706979 -0.603073 -0.369437
    outer loop
      vertex -14.9 21.5272 96.05
      vertex -14.9 21.2674 96.4741
      vertex -15.5 22.0468 96.35
    endloop
  endfacet
  facet normal -0.706958 -0.603065 -0.369491
    outer loop
      vertex -15.5 22.0468 96.35
      vertex -14.9 21.2674 96.4741
      vertex -15.5 21.7706 96.8008
    endloop
  endfacet
  facet normal 0 -0.85272 -0.522369
    outer loop
      vertex -14.9 21.5272 96.05
      vertex 14.9 21.2674 96.4741
      vertex -14.9 21.2674 96.4741
    endloop
  endfacet
  facet normal 0 -0.85272 -0.522369
    outer loop
      vertex 14.9 21.2674 96.4741
      vertex -14.9 21.5272 96.05
      vertex 14.9 21.5272 96.05
    endloop
  endfacet
  facet normal 0.706979 -0.603047 -0.36948
    outer loop
      vertex 15.5 22.0468 96.35
      vertex 15.5 21.7706 96.8008
      vertex 14.9 21.5272 96.05
    endloop
  endfacet
  facet normal 0.706957 -0.603091 -0.369449
    outer loop
      vertex 14.9 21.5272 96.05
      vertex 15.5 21.7706 96.8008
      vertex 14.9 21.2674 96.4741
    endloop
  endfacet
  facet normal 0.706978 0.603026 0.369515
    outer loop
      vertex 15.5 24.2985 97.65
      vertex 14.9 24.8181 97.95
      vertex 14.9 24.4543 98.5437
    endloop
  endfacet
  facet normal 0.70699 0.603006 0.369526
    outer loop
      vertex 15.5 23.9511 98.2169
      vertex 15.5 24.2985 97.65
      vertex 14.9 24.4543 98.5437
    endloop
  endfacet
  facet normal 0 0.852653 0.522478
    outer loop
      vertex 14.9 24.8181 97.95
      vertex -14.9 24.4543 98.5437
      vertex 14.9 24.4543 98.5437
    endloop
  endfacet
  facet normal 0 0.852653 0.522478
    outer loop
      vertex -14.9 24.4543 98.5437
      vertex 14.9 24.8181 97.95
      vertex -14.9 24.8181 97.95
    endloop
  endfacet
  facet normal -0.706978 0.603016 0.369532
    outer loop
      vertex -14.9 24.8181 97.95
      vertex -15.5 24.2985 97.65
      vertex -15.5 23.9511 98.2169
    endloop
  endfacet
  facet normal -0.706989 0.603017 0.369509
    outer loop
      vertex -14.9 24.4543 98.5437
      vertex -14.9 24.8181 97.95
      vertex -15.5 23.9511 98.2169
    endloop
  endfacet
  facet normal -0.706957 -0.58288 -0.400579
    outer loop
      vertex -14.9 21.2674 96.4741
      vertex -14.9 20.9857 96.884
      vertex -15.5 21.7706 96.8008
    endloop
  endfacet
  facet normal -0.706957 -0.58288 -0.400579
    outer loop
      vertex -15.5 21.7706 96.8008
      vertex -14.9 20.9857 96.884
      vertex -15.5 21.4711 97.2366
    endloop
  endfacet
  facet normal 0 -0.824142 -0.566384
    outer loop
      vertex -14.9 21.2674 96.4741
      vertex 14.9 20.9857 96.884
      vertex -14.9 20.9857 96.884
    endloop
  endfacet
  facet normal 0 -0.824142 -0.566384
    outer loop
      vertex 14.9 20.9857 96.884
      vertex -14.9 21.2674 96.4741
      vertex 14.9 21.2674 96.4741
    endloop
  endfacet
  facet normal 0.706957 -0.582879 -0.400579
    outer loop
      vertex 15.5 21.7706 96.8008
      vertex 15.5 21.4711 97.2366
      vertex 14.9 21.2674 96.4741
    endloop
  endfacet
  facet normal 0.706957 -0.58288 -0.400579
    outer loop
      vertex 14.9 21.2674 96.4741
      vertex 15.5 21.4711 97.2366
      vertex 14.9 20.9857 96.884
    endloop
  endfacet
  facet normal 0.70699 0.582824 0.400602
    outer loop
      vertex 15.5 23.9511 98.2169
      vertex 14.9 24.4543 98.5437
      vertex 14.9 24.0599 99.1175
    endloop
  endfacet
  facet normal 0.706957 0.582884 0.400573
    outer loop
      vertex 15.5 23.5745 98.7649
      vertex 15.5 23.9511 98.2169
      vertex 14.9 24.0599 99.1175
    endloop
  endfacet
  facet normal 0 0.824101 0.566443
    outer loop
      vertex 14.9 24.4543 98.5437
      vertex -14.9 24.0599 99.1175
      vertex 14.9 24.0599 99.1175
    endloop
  endfacet
  facet normal 0 0.824101 0.566443
    outer loop
      vertex -14.9 24.0599 99.1175
      vertex 14.9 24.4543 98.5437
      vertex -14.9 24.4543 98.5437
    endloop
  endfacet
  facet normal -0.70699 0.582856 0.400554
    outer loop
      vertex -14.9 24.4543 98.5437
      vertex -15.5 23.9511 98.2169
      vertex -15.5 23.5745 98.7649
    endloop
  endfacet
  facet normal -0.706957 0.58285 0.400621
    outer loop
      vertex -14.9 24.0599 99.1175
      vertex -14.9 24.4543 98.5437
      vertex -15.5 23.5745 98.7649
    endloop
  endfacet
  facet normal -0.706954 -0.561045 -0.430632
    outer loop
      vertex -14.9 20.9857 96.884
      vertex -14.9 20.6829 97.2785
      vertex -15.5 21.4711 97.2366
    endloop
  endfacet
  facet normal -0.706994 -0.561071 -0.430533
    outer loop
      vertex -15.5 21.4711 97.2366
      vertex -14.9 20.6829 97.2785
      vertex -15.5 21.1492 97.6561
    endloop
  endfacet
  facet normal 0 -0.793266 -0.608875
    outer loop
      vertex -14.9 20.9857 96.884
      vertex 14.9 20.6829 97.2785
      vertex -14.9 20.6829 97.2785
    endloop
  endfacet
  facet normal 0 -0.793266 -0.608875
    outer loop
      vertex 14.9 20.6829 97.2785
      vertex -14.9 20.9857 96.884
      vertex 14.9 20.9857 96.884
    endloop
  endfacet
  facet normal 0.706955 -0.561102 -0.430557
    outer loop
      vertex 15.5 21.4711 97.2366
      vertex 15.5 21.1492 97.6561
      vertex 14.9 20.9857 96.884
    endloop
  endfacet
  facet normal 0.706996 -0.561012 -0.430607
    outer loop
      vertex 14.9 20.9857 96.884
      vertex 15.5 21.1492 97.6561
      vertex 14.9 20.6829 97.2785
    endloop
  endfacet
  facet normal 0.706956 0.561129 0.43052
    outer loop
      vertex 15.5 23.5745 98.7649
      vertex 14.9 24.0599 99.1175
      vertex 14.9 23.636 99.67
    endloop
  endfacet
  facet normal 0.706947 0.561146 0.430513
    outer loop
      vertex 15.5 23.1698 99.2924
      vertex 15.5 23.5745 98.7649
      vertex 14.9 23.636 99.67
    endloop
  endfacet
  facet normal 0 0.793387 0.608718
    outer loop
      vertex 14.9 24.0599 99.1175
      vertex -14.9 23.636 99.67
      vertex 14.9 23.636 99.67
    endloop
  endfacet
  facet normal 0 0.793387 0.608718
    outer loop
      vertex -14.9 23.636 99.67
      vertex 14.9 24.0599 99.1175
      vertex -14.9 24.0599 99.1175
    endloop
  endfacet
  facet normal -0.706956 0.561139 0.430508
    outer loop
      vertex -14.9 24.0599 99.1175
      vertex -15.5 23.5745 98.7649
      vertex -15.5 23.1698 99.2924
    endloop
  endfacet
  facet normal -0.706947 0.561136 0.430526
    outer loop
      vertex -14.9 23.636 99.67
      vertex -14.9 24.0599 99.1175
      vertex -15.5 23.1698 99.2924
    endloop
  endfacet
  facet normal -0.706994 -0.537783 -0.459291
    outer loop
      vertex -14.9 20.6829 97.2785
      vertex -14.9 20.3599 97.6567
      vertex -15.5 21.1492 97.6561
    endloop
  endfacet
  facet normal -0.706999 -0.537787 -0.459279
    outer loop
      vertex -15.5 21.1492 97.6561
      vertex -14.9 20.3599 97.6567
      vertex -15.5 20.8058 98.0582
    endloop
  endfacet
  facet normal 0 -0.760419 -0.649433
    outer loop
      vertex -14.9 20.6829 97.2785
      vertex 14.9 20.3599 97.6567
      vertex -14.9 20.3599 97.6567
    endloop
  endfacet
  facet normal 0 -0.760419 -0.649433
    outer loop
      vertex 14.9 20.3599 97.6567
      vertex -14.9 20.6829 97.2785
      vertex 14.9 20.6829 97.2785
    endloop
  endfacet
  facet normal 0.706994 -0.537791 -0.459282
    outer loop
      vertex 15.5 21.1492 97.6561
      vertex 15.5 20.8058 98.0582
      vertex 14.9 20.6829 97.2785
    endloop
  endfacet
  facet normal 0.707 -0.537779 -0.459288
    outer loop
      vertex 14.9 20.6829 97.2785
      vertex 15.5 20.8058 98.0582
      vertex 14.9 20.3599 97.6567
    endloop
  endfacet
  facet normal 0.706945 0.537615 0.459564
    outer loop
      vertex 15.5 23.1698 99.2924
      vertex 14.9 23.636 99.67
      vertex 14.9 23.1838 100.199
    endloop
  endfacet
  facet normal 0.706809 0.537874 0.45947
    outer loop
      vertex 15.5 22.7379 99.798
      vertex 15.5 23.1698 99.2924
      vertex 14.9 23.1838 100.199
    endloop
  endfacet
  facet normal 0 0.760128 0.649773
    outer loop
      vertex 14.9 23.636 99.67
      vertex -14.9 23.1838 100.199
      vertex 14.9 23.1838 100.199
    endloop
  endfacet
  facet normal 0 0.760128 0.649773
    outer loop
      vertex -14.9 23.1838 100.199
      vertex 14.9 23.636 99.67
      vertex -14.9 23.636 99.67
    endloop
  endfacet
  facet normal -0.706948 0.537768 0.459379
    outer loop
      vertex -14.9 23.636 99.67
      vertex -15.5 23.1698 99.2924
      vertex -15.5 22.7379 99.798
    endloop
  endfacet
  facet normal -0.706812 0.537716 0.45965
    outer loop
      vertex -14.9 23.1838 100.199
      vertex -14.9 23.636 99.67
      vertex -15.5 22.7379 99.798
    endloop
  endfacet
  facet normal -0.707 -0.512985 -0.486824
    outer loop
      vertex -14.9 20.3599 97.6567
      vertex -14.9 20.0175 98.0175
      vertex -15.5 20.8058 98.0582
    endloop
  endfacet
  facet normal -0.707015 -0.512999 -0.486787
    outer loop
      vertex -15.5 20.8058 98.0582
      vertex -14.9 20.0175 98.0175
      vertex -15.5 20.4418 98.4418
    endloop
  endfacet
  facet normal 0 -0.725361 -0.688369
    outer loop
      vertex -14.9 20.3599 97.6567
      vertex 14.9 20.0175 98.0175
      vertex -14.9 20.0175 98.0175
    endloop
  endfacet
  facet normal 0 -0.725361 -0.688369
    outer loop
      vertex 14.9 20.0175 98.0175
      vertex -14.9 20.3599 97.6567
      vertex 14.9 20.3599 97.6567
    endloop
  endfacet
  facet normal 0.707 -0.51301 -0.486797
    outer loop
      vertex 15.5 20.8058 98.0582
      vertex 15.5 20.4418 98.4418
      vertex 14.9 20.3599 97.6567
    endloop
  endfacet
  facet normal 0.707016 -0.512974 -0.486813
    outer loop
      vertex 14.9 20.3599 97.6567
      vertex 15.5 20.4418 98.4418
      vertex 14.9 20.0175 98.0175
    endloop
  endfacet
  facet normal 0.706805 0.513579 0.486479
    outer loop
      vertex 15.5 22.7379 99.798
      vertex 14.9 23.1838 100.199
      vertex 14.9 22.7045 100.705
    endloop
  endfacet
  facet normal 0.707259 0.512701 0.486747
    outer loop
      vertex 15.5 22.2803 100.28
      vertex 15.5 22.7379 99.798
      vertex 14.9 22.7045 100.705
    endloop
  endfacet
  facet normal 0 0.726002 0.687693
    outer loop
      vertex 14.9 23.1838 100.199
      vertex -14.9 22.7045 100.705
      vertex 14.9 22.7045 100.705
    endloop
  endfacet
  facet normal 0 0.726002 0.687693
    outer loop
      vertex -14.9 22.7045 100.705
      vertex 14.9 23.1838 100.199
      vertex -14.9 23.1838 100.199
    endloop
  endfacet
  facet normal -0.706795 0.513037 0.487066
    outer loop
      vertex -14.9 23.1838 100.199
      vertex -15.5 22.7379 99.798
      vertex -15.5 22.2803 100.28
    endloop
  endfacet
  facet normal -0.707248 0.513258 0.486175
    outer loop
      vertex -14.9 22.7045 100.705
      vertex -14.9 23.1838 100.199
      vertex -15.5 22.2803 100.28
    endloop
  endfacet
  facet normal -0.707016 -0.486813 -0.512974
    outer loop
      vertex -14.9 20.0175 98.0175
      vertex -14.9 19.6567 98.3599
      vertex -15.5 20.4418 98.4418
    endloop
  endfacet
  facet normal -0.707 -0.486797 -0.51301
    outer loop
      vertex -15.5 20.4418 98.4418
      vertex -14.9 19.6567 98.3599
      vertex -15.5 20.0582 98.8058
    endloop
  endfacet
  facet normal 0 -0.688369 -0.725361
    outer loop
      vertex -14.9 19.6567 98.3599
      vertex 14.9 20.0175 98.0175
      vertex 14.9 19.6567 98.3599
    endloop
  endfacet
  facet normal -0 -0.688369 -0.725361
    outer loop
      vertex 14.9 20.0175 98.0175
      vertex -14.9 19.6567 98.3599
      vertex -14.9 20.0175 98.0175
    endloop
  endfacet
  facet normal 0.707015 -0.486787 -0.512999
    outer loop
      vertex 15.5 20.4418 98.4418
      vertex 15.5 20.0582 98.8058
      vertex 14.9 20.0175 98.0175
    endloop
  endfacet
  facet normal 0.707 -0.486824 -0.512985
    outer loop
      vertex 14.9 20.0175 98.0175
      vertex 15.5 20.0582 98.8058
      vertex 14.9 19.6567 98.3599
    endloop
  endfacet
  facet normal 0.707271 0.486455 0.512961
    outer loop
      vertex 15.5 22.2803 100.28
      vertex 14.9 22.7045 100.705
      vertex 14.9 22.1994 101.184
    endloop
  endfacet
  facet normal 0.706999 0.48699 0.512828
    outer loop
      vertex 15.5 21.798 100.738
      vertex 15.5 22.2803 100.28
      vertex 14.9 22.1994 101.184
    endloop
  endfacet
  facet normal -0 0.688111 0.725605
    outer loop
      vertex -14.9 22.7045 100.705
      vertex 14.9 22.1994 101.184
      vertex 14.9 22.7045 100.705
    endloop
  endfacet
  facet normal 0 0.688111 0.725605
    outer loop
      vertex 14.9 22.1994 101.184
      vertex -14.9 22.7045 100.705
      vertex -14.9 22.1994 101.184
    endloop
  endfacet
  facet normal -0.707277 0.486799 0.512627
    outer loop
      vertex -14.9 22.7045 100.705
      vertex -15.5 22.2803 100.28
      vertex -15.5 21.798 100.738
    endloop
  endfacet
  facet normal -0.707005 0.486638 0.513154
    outer loop
      vertex -14.9 22.1994 101.184
      vertex -14.9 22.7045 100.705
      vertex -15.5 21.798 100.738
    endloop
  endfacet
  facet normal -0.707 -0.459288 -0.537779
    outer loop
      vertex -14.9 19.6567 98.3599
      vertex -14.9 19.2785 98.6829
      vertex -15.5 20.0582 98.8058
    endloop
  endfacet
  facet normal -0.706994 -0.459282 -0.537791
    outer loop
      vertex -15.5 20.0582 98.8058
      vertex -14.9 19.2785 98.6829
      vertex -15.5 19.6561 99.1492
    endloop
  endfacet
  facet normal 0 -0.649433 -0.760419
    outer loop
      vertex -14.9 19.2785 98.6829
      vertex 14.9 19.6567 98.3599
      vertex 14.9 19.2785 98.6829
    endloop
  endfacet
  facet normal -0 -0.649433 -0.760419
    outer loop
      vertex 14.9 19.6567 98.3599
      vertex -14.9 19.2785 98.6829
      vertex -14.9 19.6567 98.3599
    endloop
  endfacet
  facet normal 0.706999 -0.459279 -0.537787
    outer loop
      vertex 15.5 20.0582 98.8058
      vertex 15.5 19.6561 99.1492
      vertex 14.9 19.6567 98.3599
    endloop
  endfacet
  facet normal 0.706994 -0.459291 -0.537783
    outer loop
      vertex 14.9 19.6567 98.3599
      vertex 15.5 19.6561 99.1492
      vertex 14.9 19.2785 98.6829
    endloop
  endfacet
  facet normal 0.707005 0.459207 0.537841
    outer loop
      vertex 15.5 21.798 100.738
      vertex 14.9 22.1994 101.184
      vertex 14.9 21.67 101.636
    endloop
  endfacet
  facet normal 0.706858 0.4595 0.537785
    outer loop
      vertex 15.5 21.2924 101.17
      vertex 15.5 21.798 100.738
      vertex 14.9 21.67 101.636
    endloop
  endfacet
  facet normal -0 0.649323 0.760513
    outer loop
      vertex -14.9 22.1994 101.184
      vertex 14.9 21.67 101.636
      vertex 14.9 22.1994 101.184
    endloop
  endfacet
  facet normal 0 0.649323 0.760513
    outer loop
      vertex 14.9 21.67 101.636
      vertex -14.9 22.1994 101.184
      vertex -14.9 21.67 101.636
    endloop
  endfacet
  facet normal -0.707008 0.459402 0.53767
    outer loop
      vertex -14.9 22.1994 101.184
      vertex -15.5 21.798 100.738
      vertex -15.5 21.2924 101.17
    endloop
  endfacet
  facet normal -0.706861 0.4593 0.53795
    outer loop
      vertex -14.9 21.67 101.636
      vertex -14.9 22.1994 101.184
      vertex -15.5 21.2924 101.17
    endloop
  endfacet
  facet normal -0.706996 -0.430607 -0.561012
    outer loop
      vertex -14.9 19.2785 98.6829
      vertex -14.9 18.884 98.9857
      vertex -15.5 19.6561 99.1492
    endloop
  endfacet
  facet normal -0.706955 -0.430557 -0.561102
    outer loop
      vertex -15.5 19.6561 99.1492
      vertex -14.9 18.884 98.9857
      vertex -15.5 19.2366 99.4711
    endloop
  endfacet
  facet normal 0 -0.608875 -0.793266
    outer loop
      vertex -14.9 18.884 98.9857
      vertex 14.9 19.2785 98.6829
      vertex 14.9 18.884 98.9857
    endloop
  endfacet
  facet normal -0 -0.608875 -0.793266
    outer loop
      vertex 14.9 19.2785 98.6829
      vertex -14.9 18.884 98.9857
      vertex -14.9 19.2785 98.6829
    endloop
  endfacet
  facet normal 0.706994 -0.430533 -0.561071
    outer loop
      vertex 15.5 19.6561 99.1492
      vertex 15.5 19.2366 99.4711
      vertex 14.9 19.2785 98.6829
    endloop
  endfacet
  facet normal 0.706954 -0.430632 -0.561045
    outer loop
      vertex 14.9 19.2785 98.6829
      vertex 15.5 19.2366 99.4711
      vertex 14.9 18.884 98.9857
    endloop
  endfacet
  facet normal 0.706854 0.430646 0.56116
    outer loop
      vertex 15.5 21.2924 101.17
      vertex 14.9 21.67 101.636
      vertex 14.9 21.1175 102.06
    endloop
  endfacet
  facet normal 0.706766 0.430824 0.561135
    outer loop
      vertex 15.5 20.7649 101.575
      vertex 15.5 21.2924 101.17
      vertex 14.9 21.1175 102.06
    endloop
  endfacet
  facet normal -0 0.608808 0.793317
    outer loop
      vertex -14.9 21.67 101.636
      vertex 14.9 21.1175 102.06
      vertex 14.9 21.67 101.636
    endloop
  endfacet
  facet normal 0 0.608808 0.793317
    outer loop
      vertex 14.9 21.1175 102.06
      vertex -14.9 21.67 101.636
      vertex -14.9 21.1175 102.06
    endloop
  endfacet
  facet normal -0.706856 0.430769 0.561063
    outer loop
      vertex -14.9 21.67 101.636
      vertex -15.5 21.2924 101.17
      vertex -15.5 20.7649 101.575
    endloop
  endfacet
  facet normal -0.706768 0.430699 0.561229
    outer loop
      vertex -14.9 21.1175 102.06
      vertex -14.9 21.67 101.636
      vertex -15.5 20.7649 101.575
    endloop
  endfacet
  facet normal -0.706957 -0.400579 -0.58288
    outer loop
      vertex -14.9 18.884 98.9857
      vertex -14.9 18.4741 99.2674
      vertex -15.5 19.2366 99.4711
    endloop
  endfacet
  facet normal -0.706957 -0.400579 -0.582879
    outer loop
      vertex -15.5 19.2366 99.4711
      vertex -14.9 18.4741 99.2674
      vertex -15.5 18.8008 99.7706
    endloop
  endfacet
  facet normal 0 -0.566384 -0.824142
    outer loop
      vertex -14.9 18.4741 99.2674
      vertex 14.9 18.884 98.9857
      vertex 14.9 18.4741 99.2674
    endloop
  endfacet
  facet normal -0 -0.566384 -0.824142
    outer loop
      vertex 14.9 18.884 98.9857
      vertex -14.9 18.4741 99.2674
      vertex -14.9 18.884 98.9857
    endloop
  endfacet
  facet normal 0.706957 -0.400579 -0.58288
    outer loop
      vertex 15.5 19.2366 99.4711
      vertex 15.5 18.8008 99.7706
      vertex 14.9 18.884 98.9857
    endloop
  endfacet
  facet normal 0.706957 -0.400579 -0.58288
    outer loop
      vertex 14.9 18.884 98.9857
      vertex 15.5 18.8008 99.7706
      vertex 14.9 18.4741 99.2674
    endloop
  endfacet
  facet normal 0.706758 0.400457 0.583204
    outer loop
      vertex 15.5 20.7649 101.575
      vertex 14.9 21.1175 102.06
      vertex 14.9 20.5437 102.454
    endloop
  endfacet
  facet normal 0.7069 0.400171 0.583228
    outer loop
      vertex 15.5 20.2169 101.951
      vertex 15.5 20.7649 101.575
      vertex 14.9 20.5437 102.454
    endloop
  endfacet
  facet normal -0 0.566053 0.824369
    outer loop
      vertex -14.9 21.1175 102.06
      vertex 14.9 20.5437 102.454
      vertex 14.9 21.1175 102.06
    endloop
  endfacet
  facet normal 0 0.566053 0.824369
    outer loop
      vertex 14.9 20.5437 102.454
      vertex -14.9 21.1175 102.06
      vertex -14.9 20.5437 102.454
    endloop
  endfacet
  facet normal -0.706755 0.400253 0.583348
    outer loop
      vertex -14.9 21.1175 102.06
      vertex -15.5 20.7649 101.575
      vertex -15.5 20.2169 101.951
    endloop
  endfacet
  facet normal -0.706897 0.400379 0.58309
    outer loop
      vertex -14.9 20.5437 102.454
      vertex -14.9 21.1175 102.06
      vertex -15.5 20.2169 101.951
    endloop
  endfacet
  facet normal -0.706957 -0.369449 -0.603091
    outer loop
      vertex -14.9 18.4741 99.2674
      vertex -14.9 18.05 99.5272
      vertex -15.5 18.8008 99.7706
    endloop
  endfacet
  facet normal -0.707076 -0.369623 -0.602845
    outer loop
      vertex -15.5 18.8008 99.7706
      vertex -14.9 18.05 99.5272
      vertex -15.5 18.35 100.047
    endloop
  endfacet
  facet normal 0 -0.522369 -0.85272
    outer loop
      vertex -14.9 18.05 99.5272
      vertex 14.9 18.4741 99.2674
      vertex 14.9 18.05 99.5272
    endloop
  endfacet
  facet normal -0 -0.522369 -0.85272
    outer loop
      vertex 14.9 18.4741 99.2674
      vertex -14.9 18.05 99.5272
      vertex -14.9 18.4741 99.2674
    endloop
  endfacet
  facet normal 0.706961 -0.369684 -0.602943
    outer loop
      vertex 15.5 18.8008 99.7706
      vertex 15.5 18.35 100.047
      vertex 14.9 18.4741 99.2674
    endloop
  endfacet
  facet normal 0.70708 -0.369385 -0.602987
    outer loop
      vertex 14.9 18.4741 99.2674
      vertex 15.5 18.35 100.047
      vertex 14.9 18.05 99.5272
    endloop
  endfacet
  facet normal 0.706891 0.369708 0.60301
    outer loop
      vertex 15.5 20.2169 101.951
      vertex 14.9 20.5437 102.454
      vertex 14.9 19.95 102.818
    endloop
  endfacet
  facet normal 0.706669 0.370157 0.602995
    outer loop
      vertex 15.5 19.65 102.299
      vertex 15.5 20.2169 101.951
      vertex 14.9 19.95 102.818
    endloop
  endfacet
  facet normal -0 0.522687 0.852525
    outer loop
      vertex -14.9 20.5437 102.454
      vertex 14.9 19.95 102.818
      vertex 14.9 20.5437 102.454
    endloop
  endfacet
  facet normal 0 0.522687 0.852525
    outer loop
      vertex 14.9 19.95 102.818
      vertex -14.9 20.5437 102.454
      vertex -14.9 19.95 102.818
    endloop
  endfacet
  facet normal -0.706896 0.370039 0.602801
    outer loop
      vertex -14.9 20.5437 102.454
      vertex -15.5 20.2169 101.951
      vertex -15.5 19.65 102.299
    endloop
  endfacet
  facet normal -0.706674 0.369821 0.603195
    outer loop
      vertex -14.9 19.95 102.818
      vertex -14.9 20.5437 102.454
      vertex -15.5 19.65 102.299
    endloop
  endfacet
  facet normal -0.707083 -0.337495 -0.621395
    outer loop
      vertex -14.9 18.05 99.5272
      vertex -14.9 17.6129 99.7646
      vertex -15.5 18.35 100.047
    endloop
  endfacet
  facet normal -0.706886 -0.337185 -0.621786
    outer loop
      vertex -15.5 18.35 100.047
      vertex -14.9 17.6129 99.7646
      vertex -15.5 17.8853 100.299
    endloop
  endfacet
  facet normal 0 -0.477274 -0.878755
    outer loop
      vertex -14.9 17.6129 99.7646
      vertex 14.9 18.05 99.5272
      vertex 14.9 17.6129 99.7646
    endloop
  endfacet
  facet normal -0 -0.477274 -0.878755
    outer loop
      vertex 14.9 18.05 99.5272
      vertex -14.9 17.6129 99.7646
      vertex -14.9 18.05 99.5272
    endloop
  endfacet
  facet normal 0.707076 -0.337095 -0.621619
    outer loop
      vertex 15.5 18.35 100.047
      vertex 15.5 17.8853 100.299
      vertex 14.9 18.05 99.5272
    endloop
  endfacet
  facet normal 0.70688 -0.337592 -0.621572
    outer loop
      vertex 14.9 18.05 99.5272
      vertex 15.5 17.8853 100.299
      vertex 14.9 17.6129 99.7646
    endloop
  endfacet
  facet normal 0.706664 0.337429 0.621907
    outer loop
      vertex 15.5 19.65 102.299
      vertex 14.9 19.95 102.818
      vertex 14.9 19.3381 103.15
    endloop
  endfacet
  facet normal 0.706677 0.337402 0.621906
    outer loop
      vertex 15.5 19.0657 102.616
      vertex 15.5 19.65 102.299
      vertex 14.9 19.3381 103.15
    endloop
  endfacet
  facet normal -0 0.476898 0.878958
    outer loop
      vertex -14.9 19.95 102.818
      vertex 14.9 19.3381 103.15
      vertex 14.9 19.95 102.818
    endloop
  endfacet
  facet normal 0 0.476898 0.878958
    outer loop
      vertex 14.9 19.3381 103.15
      vertex -14.9 19.95 102.818
      vertex -14.9 19.3381 103.15
    endloop
  endfacet
  facet normal -0.706663 0.337409 0.621918
    outer loop
      vertex -14.9 19.95 102.818
      vertex -15.5 19.65 102.299
      vertex -15.5 19.0657 102.616
    endloop
  endfacet
  facet normal -0.706677 0.337423 0.621895
    outer loop
      vertex -14.9 19.3381 103.15
      vertex -14.9 19.95 102.818
      vertex -15.5 19.0657 102.616
    endloop
  endfacet
  facet normal -0.706878 -0.304499 -0.638438
    outer loop
      vertex -14.9 17.6129 99.7646
      vertex -14.9 17.164 99.9787
      vertex -15.5 17.8853 100.299
    endloop
  endfacet
  facet normal -0.707061 -0.304807 -0.638089
    outer loop
      vertex -15.5 17.8853 100.299
      vertex -14.9 17.164 99.9787
      vertex -15.5 17.408 100.527
    endloop
  endfacet
  facet normal 0 -0.430488 -0.902596
    outer loop
      vertex -14.9 17.164 99.9787
      vertex 14.9 17.6129 99.7646
      vertex 14.9 17.164 99.9787
    endloop
  endfacet
  facet normal -0 -0.430488 -0.902596
    outer loop
      vertex 14.9 17.6129 99.7646
      vertex -14.9 17.164 99.9787
      vertex -14.9 17.6129 99.7646
    endloop
  endfacet
  facet normal 0.706884 -0.304883 -0.638249
    outer loop
      vertex 15.5 17.8853 100.299
      vertex 15.5 17.408 100.527
      vertex 14.9 17.6129 99.7646
    endloop
  endfacet
  facet normal 0.707067 -0.304418 -0.638268
    outer loop
      vertex 14.9 17.6129 99.7646
      vertex 15.5 17.408 100.527
      vertex 14.9 17.164 99.9787
    endloop
  endfacet
  facet normal 0.706668 0.304789 0.638533
    outer loop
      vertex 15.5 19.0657 102.616
      vertex 14.9 19.3381 103.15
      vertex 14.9 18.7096 103.45
    endloop
  endfacet
  facet normal 0.70691 0.3043 0.638498
    outer loop
      vertex 15.5 18.4656 102.902
      vertex 15.5 19.0657 102.616
      vertex 14.9 18.7096 103.45
    endloop
  endfacet
  facet normal -0 0.430769 0.902462
    outer loop
      vertex -14.9 19.3381 103.15
      vertex 14.9 18.7096 103.45
      vertex 14.9 19.3381 103.15
    endloop
  endfacet
  facet normal 0 0.430769 0.902462
    outer loop
      vertex 14.9 18.7096 103.45
      vertex -14.9 19.3381 103.15
      vertex -14.9 18.7096 103.45
    endloop
  endfacet
  facet normal -0.706662 0.304406 0.638721
    outer loop
      vertex -14.9 19.3381 103.15
      vertex -15.5 19.0657 102.616
      vertex -15.5 18.4656 102.902
    endloop
  endfacet
  facet normal -0.706905 0.304687 0.638319
    outer loop
      vertex -14.9 18.7096 103.45
      vertex -14.9 19.3381 103.15
      vertex -15.5 18.4656 102.902
    endloop
  endfacet
  facet normal -0.70707 -0.270574 -0.653331
    outer loop
      vertex -14.9 17.164 99.9787
      vertex -14.9 16.7045 100.169
      vertex -15.5 17.408 100.527
    endloop
  endfacet
  facet normal -0.706906 -0.270283 -0.65363
    outer loop
      vertex -15.5 17.408 100.527
      vertex -14.9 16.7045 100.169
      vertex -15.5 16.9195 100.729
    endloop
  endfacet
  facet normal 0 -0.38263 -0.923902
    outer loop
      vertex -14.9 16.7045 100.169
      vertex 14.9 17.164 99.9787
      vertex 14.9 16.7045 100.169
    endloop
  endfacet
  facet normal -0 -0.38263 -0.923902
    outer loop
      vertex 14.9 17.164 99.9787
      vertex -14.9 16.7045 100.169
      vertex -14.9 17.164 99.9787
    endloop
  endfacet
  facet normal 0.707065 -0.270222 -0.653483
    outer loop
      vertex 15.5 17.408 100.527
      vertex 15.5 16.9195 100.729
      vertex 14.9 17.164 99.9787
    endloop
  endfacet
  facet normal 0.706901 -0.270639 -0.653487
    outer loop
      vertex 14.9 17.164 99.9787
      vertex 15.5 16.9195 100.729
      vertex 14.9 16.7045 100.169
    endloop
  endfacet
  facet normal 0.706913 0.271137 0.653267
    outer loop
      vertex 15.5 18.4656 102.902
      vertex 14.9 18.7096 103.45
      vertex 14.9 18.0663 103.717
    endloop
  endfacet
  facet normal 0.70745 0.270057 0.653134
    outer loop
      vertex 15.5 17.8513 103.156
      vertex 15.5 18.4656 102.902
      vertex 14.9 18.0663 103.717
    endloop
  endfacet
  facet normal -0 0.383341 0.923607
    outer loop
      vertex -14.9 18.7096 103.45
      vertex 14.9 18.0663 103.717
      vertex 14.9 18.7096 103.45
    endloop
  endfacet
  facet normal 0 0.383341 0.923607
    outer loop
      vertex 14.9 18.0663 103.717
      vertex -14.9 18.7096 103.45
      vertex -14.9 18.0663 103.717
    endloop
  endfacet
  facet normal -0.706901 0.270267 0.653641
    outer loop
      vertex -14.9 18.7096 103.45
      vertex -15.5 18.4656 102.902
      vertex -15.5 17.8513 103.156
    endloop
  endfacet
  facet normal -0.707438 0.270936 0.652783
    outer loop
      vertex -14.9 18.0663 103.717
      vertex -14.9 18.7096 103.45
      vertex -15.5 17.8513 103.156
    endloop
  endfacet
  facet normal -0.706899 -0.236093 -0.666749
    outer loop
      vertex -14.9 16.7045 100.169
      vertex -14.9 16.2357 100.335
      vertex -15.5 16.9195 100.729
    endloop
  endfacet
  facet normal -0.707178 -0.236616 -0.666267
    outer loop
      vertex -15.5 16.9195 100.729
      vertex -14.9 16.2357 100.335
      vertex -15.5 16.4211 100.906
    endloop
  endfacet
  facet normal 0 -0.333788 -0.942648
    outer loop
      vertex -14.9 16.2357 100.335
      vertex 14.9 16.7045 100.169
      vertex 14.9 16.2357 100.335
    endloop
  endfacet
  facet normal -0 -0.333788 -0.942648
    outer loop
      vertex 14.9 16.7045 100.169
      vertex -14.9 16.2357 100.335
      vertex -14.9 16.7045 100.169
    endloop
  endfacet
  facet normal 0.706907 -0.236706 -0.666522
    outer loop
      vertex 15.5 16.9195 100.729
      vertex 15.5 16.4211 100.906
      vertex 14.9 16.7045 100.169
    endloop
  endfacet
  facet normal 0.707187 -0.235997 -0.666477
    outer loop
      vertex 14.9 16.7045 100.169
      vertex 15.5 16.4211 100.906
      vertex 14.9 16.2357 100.335
    endloop
  endfacet
  facet normal 0.707449 0.235523 0.666367
    outer loop
      vertex 15.5 17.8513 103.156
      vertex 14.9 18.0663 103.717
      vertex 14.9 17.4099 103.949
    endloop
  endfacet
  facet normal 0.707186 0.236047 0.66646
    outer loop
      vertex 15.5 17.2245 103.378
      vertex 15.5 17.8513 103.156
      vertex 14.9 17.4099 103.949
    endloop
  endfacet
  facet normal -0 0.333241 0.942842
    outer loop
      vertex -14.9 18.0663 103.717
      vertex 14.9 17.4099 103.949
      vertex 14.9 18.0663 103.717
    endloop
  endfacet
  facet normal 0 0.333241 0.942842
    outer loop
      vertex 14.9 17.4099 103.949
      vertex -14.9 18.0663 103.717
      vertex -14.9 17.4099 103.949
    endloop
  endfacet
  facet normal -0.707455 0.235957 0.666207
    outer loop
      vertex -14.9 18.0663 103.717
      vertex -15.5 17.8513 103.156
      vertex -15.5 17.2245 103.378
    endloop
  endfacet
  facet normal -0.707192 0.235608 0.666609
    outer loop
      vertex -14.9 17.4099 103.949
      vertex -14.9 18.0663 103.717
      vertex -15.5 17.2245 103.378
    endloop
  endfacet
  facet normal -0.707186 -0.200461 -0.678014
    outer loop
      vertex -14.9 16.2357 100.335
      vertex -14.9 15.7588 100.476
      vertex -15.5 16.4211 100.906
    endloop
  endfacet
  facet normal -0.707241 -0.200569 -0.677925
    outer loop
      vertex -15.5 16.4211 100.906
      vertex -14.9 15.7588 100.476
      vertex -15.5 15.9141 101.056
    endloop
  endfacet
  facet normal 0 -0.283527 -0.958964
    outer loop
      vertex -14.9 15.7588 100.476
      vertex 14.9 16.2357 100.335
      vertex 14.9 15.7588 100.476
    endloop
  endfacet
  facet normal -0 -0.283527 -0.958964
    outer loop
      vertex 14.9 16.2357 100.335
      vertex -14.9 15.7588 100.476
      vertex -14.9 16.2357 100.335
    endloop
  endfacet
  facet normal 0.707188 -0.200585 -0.677976
    outer loop
      vertex 15.5 16.4211 100.906
      vertex 15.5 15.9141 101.056
      vertex 14.9 16.2357 100.335
    endloop
  endfacet
  facet normal 0.707243 -0.200445 -0.67796
    outer loop
      vertex 14.9 16.2357 100.335
      vertex 15.5 15.9141 101.056
      vertex 14.9 15.7588 100.476
    endloop
  endfacet
  facet normal 0.707194 0.201036 0.677836
    outer loop
      vertex 15.5 17.2245 103.378
      vertex 14.9 17.4099 103.949
      vertex 14.9 16.7423 104.147
    endloop
  endfacet
  facet normal 0.707236 0.200953 0.677817
    outer loop
      vertex 15.5 16.587 103.567
      vertex 15.5 17.2245 103.378
      vertex 14.9 16.7423 104.147
    endloop
  endfacet
  facet normal -0 0.284343 0.958723
    outer loop
      vertex -14.9 17.4099 103.949
      vertex 14.9 16.7423 104.147
      vertex 14.9 17.4099 103.949
    endloop
  endfacet
  facet normal 0 0.284343 0.958723
    outer loop
      vertex 14.9 16.7423 104.147
      vertex -14.9 17.4099 103.949
      vertex -14.9 16.7423 104.147
    endloop
  endfacet
  facet normal -0.707193 0.200965 0.677858
    outer loop
      vertex -14.9 17.4099 103.949
      vertex -15.5 17.2245 103.378
      vertex -15.5 16.587 103.567
    endloop
  endfacet
  facet normal -0.707235 0.201024 0.677796
    outer loop
      vertex -14.9 16.7423 104.147
      vertex -14.9 17.4099 103.949
      vertex -15.5 16.587 103.567
    endloop
  endfacet
  facet normal -0.70724 -0.164903 -0.687473
    outer loop
      vertex -14.9 15.7588 100.476
      vertex -14.9 15.2752 100.592
      vertex -15.5 15.9141 101.056
    endloop
  endfacet
  facet normal -0.707051 -0.164517 -0.68776
    outer loop
      vertex -15.5 15.9141 101.056
      vertex -14.9 15.2752 100.592
      vertex -15.5 15.3999 101.179
    endloop
  endfacet
  facet normal 0 -0.233251 -0.972416
    outer loop
      vertex -14.9 15.2752 100.592
      vertex 14.9 15.7588 100.476
      vertex 14.9 15.2752 100.592
    endloop
  endfacet
  facet normal -0 -0.233251 -0.972416
    outer loop
      vertex 14.9 15.7588 100.476
      vertex -14.9 15.2752 100.592
      vertex -14.9 15.7588 100.476
    endloop
  endfacet
  facet normal 0.707234 -0.164474 -0.687582
    outer loop
      vertex 15.5 15.9141 101.056
      vertex 15.5 15.3999 101.179
      vertex 14.9 15.7588 100.476
    endloop
  endfacet
  facet normal 0.707045 -0.164948 -0.687663
    outer loop
      vertex 14.9 15.7588 100.476
      vertex 15.5 15.3999 101.179
      vertex 14.9 15.2752 100.592
    endloop
  endfacet
  facet normal 0.707234 0.164506 0.687574
    outer loop
      vertex 15.5 16.587 103.567
      vertex 14.9 16.7423 104.147
      vertex 14.9 16.0652 104.309
    endloop
  endfacet
  facet normal 0.707046 0.164873 0.687679
    outer loop
      vertex 15.5 15.9405 103.722
      vertex 15.5 16.587 103.567
      vertex 14.9 16.0652 104.309
    endloop
  endfacet
  facet normal -0 0.232688 0.972551
    outer loop
      vertex -14.9 16.7423 104.147
      vertex 14.9 16.0652 104.309
      vertex 14.9 16.7423 104.147
    endloop
  endfacet
  facet normal 0 0.232688 0.972551
    outer loop
      vertex 14.9 16.0652 104.309
      vertex -14.9 16.7423 104.147
      vertex -14.9 16.0652 104.309
    endloop
  endfacet
  facet normal -0.707239 0.164828 0.687492
    outer loop
      vertex -14.9 16.7423 104.147
      vertex -15.5 16.587 103.567
      vertex -15.5 15.9405 103.722
    endloop
  endfacet
  facet normal -0.70705 0.164549 0.687753
    outer loop
      vertex -14.9 16.0652 104.309
      vertex -14.9 16.7423 104.147
      vertex -15.5 15.9405 103.722
    endloop
  endfacet
  facet normal -0.707051 -0.129352 -0.695231
    outer loop
      vertex -14.9 15.2752 100.592
      vertex -14.9 14.7861 100.683
      vertex -15.5 15.3999 101.179
    endloop
  endfacet
  facet normal -0.707203 -0.129672 -0.695018
    outer loop
      vertex -15.5 15.3999 101.179
      vertex -14.9 14.7861 100.683
      vertex -15.5 14.88 101.276
    endloop
  endfacet
  facet normal 0 -0.182917 -0.983128
    outer loop
      vertex -14.9 14.7861 100.683
      vertex 14.9 15.2752 100.592
      vertex 14.9 14.7861 100.683
    endloop
  endfacet
  facet normal -0 -0.182917 -0.983128
    outer loop
      vertex 14.9 15.2752 100.592
      vertex -14.9 14.7861 100.683
      vertex -14.9 15.2752 100.592
    endloop
  endfacet
  facet normal 0.707056 -0.129699 -0.695162
    outer loop
      vertex 15.5 15.3999 101.179
      vertex 15.5 14.88 101.276
      vertex 14.9 15.2752 100.592
    endloop
  endfacet
  facet normal 0.707208 -0.129323 -0.695078
    outer loop
      vertex 14.9 15.2752 100.592
      vertex 15.5 14.88 101.276
      vertex 14.9 14.7861 100.683
    endloop
  endfacet
  facet normal 0.707047 0.128986 0.695304
    outer loop
      vertex 15.5 15.9405 103.722
      vertex 14.9 16.0652 104.309
      vertex 14.9 15.3806 104.436
    endloop
  endfacet
  facet normal 0.706623 0.129797 0.695584
    outer loop
      vertex 15.5 15.2867 103.844
      vertex 15.5 15.9405 103.722
      vertex 14.9 15.3806 104.436
    endloop
  endfacet
  facet normal -0 0.182398 0.983225
    outer loop
      vertex -14.9 16.0652 104.309
      vertex 14.9 15.3806 104.436
      vertex 14.9 16.0652 104.309
    endloop
  endfacet
  facet normal 0 0.182398 0.983225
    outer loop
      vertex 14.9 15.3806 104.436
      vertex -14.9 16.0652 104.309
      vertex -14.9 15.3806 104.436
    endloop
  endfacet
  facet normal -0.707056 0.129718 0.695158
    outer loop
      vertex -14.9 16.0652 104.309
      vertex -15.5 15.9405 103.722
      vertex -15.5 15.2867 103.844
    endloop
  endfacet
  facet normal -0.706633 0.129061 0.695711
    outer loop
      vertex -14.9 15.3806 104.436
      vertex -14.9 16.0652 104.309
      vertex -15.5 15.2867 103.844
    endloop
  endfacet
  facet normal -0.707216 -0.0923965 -0.700934
    outer loop
      vertex -14.9 14.7861 100.683
      vertex -14.9 14.293 100.748
      vertex -15.5 14.88 101.276
    endloop
  endfacet
  facet normal -0.707152 -0.0922566 -0.701017
    outer loop
      vertex -15.5 14.88 101.276
      vertex -14.9 14.293 100.748
      vertex -15.5 14.3557 101.345
    endloop
  endfacet
  facet normal 0 -0.130689 -0.991423
    outer loop
      vertex -14.9 14.293 100.748
      vertex 14.9 14.7861 100.683
      vertex 14.9 14.293 100.748
    endloop
  endfacet
  facet normal -0 -0.130689 -0.991423
    outer loop
      vertex 14.9 14.7861 100.683
      vertex -14.9 14.293 100.748
      vertex -14.9 14.7861 100.683
    endloop
  endfacet
  facet normal 0.707214 -0.0922485 -0.700955
    outer loop
      vertex 15.5 14.88 101.276
      vertex 15.5 14.3557 101.345
      vertex 14.9 14.7861 100.683
    endloop
  endfacet
  facet normal 0.70715 -0.0924051 -0.700999
    outer loop
      vertex 14.9 14.7861 100.683
      vertex 15.5 14.3557 101.345
      vertex 14.9 14.293 100.748
    endloop
  endfacet
  facet normal 0.706631 0.0924649 0.701514
    outer loop
      vertex 15.5 15.2867 103.844
      vertex 14.9 15.3806 104.436
      vertex 14.9 14.6902 104.527
    endloop
  endfacet
  facet normal 0.707163 0.0914676 0.70111
    outer loop
      vertex 15.5 14.6275 103.93
      vertex 15.5 15.2867 103.844
      vertex 14.9 14.6902 104.527
    endloop
  endfacet
  facet normal -0 0.130677 0.991425
    outer loop
      vertex -14.9 15.3806 104.436
      vertex 14.9 14.6902 104.527
      vertex 14.9 15.3806 104.436
    endloop
  endfacet
  facet normal 0 0.130677 0.991425
    outer loop
      vertex 14.9 14.6902 104.527
      vertex -14.9 15.3806 104.436
      vertex -14.9 14.6902 104.527
    endloop
  endfacet
  facet normal -0.706619 0.0915379 0.701648
    outer loop
      vertex -14.9 15.3806 104.436
      vertex -15.5 15.2867 103.844
      vertex -15.5 14.6275 103.93
    endloop
  endfacet
  facet normal -0.70715 0.0923972 0.701
    outer loop
      vertex -14.9 14.6902 104.527
      vertex -14.9 15.3806 104.436
      vertex -15.5 14.6275 103.93
    endloop
  endfacet
  facet normal -0.707153 -0.0554466 -0.704883
    outer loop
      vertex -14.9 14.293 100.748
      vertex -14.9 13.7972 100.787
      vertex -15.5 14.3557 101.345
    endloop
  endfacet
  facet normal -0.706889 -0.0548529 -0.705194
    outer loop
      vertex -15.5 14.3557 101.345
      vertex -14.9 13.7972 100.787
      vertex -15.5 13.8286 101.386
    endloop
  endfacet
  facet normal 0 -0.0784185 -0.996921
    outer loop
      vertex -14.9 13.7972 100.787
      vertex 14.9 14.293 100.748
      vertex 14.9 13.7972 100.787
    endloop
  endfacet
  facet normal -0 -0.0784185 -0.996921
    outer loop
      vertex 14.9 14.293 100.748
      vertex -14.9 13.7972 100.787
      vertex -14.9 14.293 100.748
    endloop
  endfacet
  facet normal 0.707145 -0.0548331 -0.704939
    outer loop
      vertex 15.5 14.3557 101.345
      vertex 15.5 13.8286 101.386
      vertex 14.9 14.293 100.748
    endloop
  endfacet
  facet normal 0.706881 -0.0554679 -0.705154
    outer loop
      vertex 14.9 14.293 100.748
      vertex 15.5 13.8286 101.386
      vertex 14.9 13.7972 100.787
    endloop
  endfacet
  facet normal 0.707158 0.0558515 0.704846
    outer loop
      vertex 15.5 14.6275 103.93
      vertex 14.9 14.6902 104.527
      vertex 14.9 13.9961 104.582
    endloop
  endfacet
  facet normal 0.706869 0.056382 0.705094
    outer loop
      vertex 15.5 13.9647 103.983
      vertex 15.5 14.6275 103.93
      vertex 14.9 13.9961 104.582
    endloop
  endfacet
  facet normal -0 0.0789917 0.996875
    outer loop
      vertex -14.9 14.6902 104.527
      vertex 14.9 13.9961 104.582
      vertex 14.9 14.6902 104.527
    endloop
  endfacet
  facet normal 0 0.0789917 0.996875
    outer loop
      vertex 14.9 13.9961 104.582
      vertex -14.9 14.6902 104.527
      vertex -14.9 13.9961 104.582
    endloop
  endfacet
  facet normal -0.707165 0.0563584 0.704799
    outer loop
      vertex -14.9 14.6902 104.527
      vertex -15.5 14.6275 103.93
      vertex -15.5 13.9647 103.983
    endloop
  endfacet
  facet normal -0.706876 0.0558738 0.705127
    outer loop
      vertex -14.9 13.9961 104.582
      vertex -14.9 14.6902 104.527
      vertex -15.5 13.9647 103.983
    endloop
  endfacet
  facet normal -0.70688 -0.0184879 -0.707091
    outer loop
      vertex -14.9 13.7972 100.787
      vertex -14.9 13.3 100.8
      vertex -15.5 13.8286 101.386
    endloop
  endfacet
  facet normal -0.706983 -0.0187245 -0.706983
    outer loop
      vertex -15.5 13.8286 101.386
      vertex -14.9 13.3 100.8
      vertex -15.5 13.3 101.4
    endloop
  endfacet
  facet normal 0 -0.0261375 -0.999658
    outer loop
      vertex -14.9 13.3 100.8
      vertex 14.9 13.7972 100.787
      vertex 14.9 13.3 100.8
    endloop
  endfacet
  facet normal -0 -0.0261375 -0.999658
    outer loop
      vertex 14.9 13.7972 100.787
      vertex -14.9 13.3 100.8
      vertex -14.9 13.7972 100.787
    endloop
  endfacet
  facet normal 0.706884 -0.0187271 -0.707082
    outer loop
      vertex 15.5 13.8286 101.386
      vertex 15.5 13.3 101.4
      vertex 14.9 13.7972 100.787
    endloop
  endfacet
  facet normal 0.706986 -0.0184852 -0.706986
    outer loop
      vertex 14.9 13.7972 100.787
      vertex 15.5 13.3 101.4
      vertex 14.9 13.3 100.8
    endloop
  endfacet
  facet normal 0.706878 0.0182844 0.707099
    outer loop
      vertex 15.5 13.9647 103.983
      vertex 14.9 13.9961 104.582
      vertex 14.9 13.3 104.6
    endloop
  endfacet
  facet normal 0.706991 0.0180816 0.706991
    outer loop
      vertex 15.5 13.3 104
      vertex 15.5 13.9647 103.983
      vertex 14.9 13.3 104.6
    endloop
  endfacet
  facet normal -0 0.0258497 0.999666
    outer loop
      vertex -14.9 13.9961 104.582
      vertex 14.9 13.3 104.6
      vertex 14.9 13.9961 104.582
    endloop
  endfacet
  facet normal 0 0.0258497 0.999666
    outer loop
      vertex 14.9 13.3 104.6
      vertex -14.9 13.9961 104.582
      vertex -14.9 13.3 104.6
    endloop
  endfacet
  facet normal -0.706875 0.0180846 0.707107
    outer loop
      vertex -14.9 13.9961 104.582
      vertex -15.5 13.9647 103.983
      vertex -15.5 13.3 104
    endloop
  endfacet
  facet normal -0.706989 0.0182816 0.706989
    outer loop
      vertex -14.9 13.3 104.6
      vertex -14.9 13.9961 104.582
      vertex -15.5 13.3 104
    endloop
  endfacet
  facet normal -0.706986 0.0184852 -0.706986
    outer loop
      vertex -14.9 13.3 100.8
      vertex -14.9 12.8028 100.787
      vertex -15.5 13.3 101.4
    endloop
  endfacet
  facet normal -0.706884 0.0187271 -0.707082
    outer loop
      vertex -15.5 13.3 101.4
      vertex -14.9 12.8028 100.787
      vertex -15.5 12.7714 101.386
    endloop
  endfacet
  facet normal 0 0.0261375 -0.999658
    outer loop
      vertex -14.9 12.8028 100.787
      vertex 14.9 13.3 100.8
      vertex 14.9 12.8028 100.787
    endloop
  endfacet
  facet normal 0 0.0261375 -0.999658
    outer loop
      vertex 14.9 13.3 100.8
      vertex -14.9 12.8028 100.787
      vertex -14.9 13.3 100.8
    endloop
  endfacet
  facet normal 0.706983 0.0187245 -0.706983
    outer loop
      vertex 15.5 13.3 101.4
      vertex 15.5 12.7714 101.386
      vertex 14.9 13.3 100.8
    endloop
  endfacet
  facet normal 0.70688 0.0184879 -0.707091
    outer loop
      vertex 14.9 13.3 100.8
      vertex 15.5 12.7714 101.386
      vertex 14.9 12.8028 100.787
    endloop
  endfacet
  facet normal 0.706989 -0.0182816 0.706989
    outer loop
      vertex 15.5 13.3 104
      vertex 14.9 13.3 104.6
      vertex 14.9 12.6039 104.582
    endloop
  endfacet
  facet normal 0.706875 -0.0180846 0.707107
    outer loop
      vertex 15.5 12.6353 103.983
      vertex 15.5 13.3 104
      vertex 14.9 12.6039 104.582
    endloop
  endfacet
  facet normal 0 -0.0258497 0.999666
    outer loop
      vertex -14.9 13.3 104.6
      vertex 14.9 12.6039 104.582
      vertex 14.9 13.3 104.6
    endloop
  endfacet
  facet normal 0 -0.0258497 0.999666
    outer loop
      vertex 14.9 12.6039 104.582
      vertex -14.9 13.3 104.6
      vertex -14.9 12.6039 104.582
    endloop
  endfacet
  facet normal -0.706991 -0.0180816 0.706991
    outer loop
      vertex -14.9 13.3 104.6
      vertex -15.5 13.3 104
      vertex -15.5 12.6353 103.983
    endloop
  endfacet
  facet normal -0.706878 -0.0182844 0.707099
    outer loop
      vertex -14.9 12.6039 104.582
      vertex -14.9 13.3 104.6
      vertex -15.5 12.6353 103.983
    endloop
  endfacet
  facet normal -0.706881 0.0554679 -0.705154
    outer loop
      vertex -14.9 12.8028 100.787
      vertex -14.9 12.307 100.748
      vertex -15.5 12.7714 101.386
    endloop
  endfacet
  facet normal -0.707145 0.0548331 -0.704939
    outer loop
      vertex -15.5 12.7714 101.386
      vertex -14.9 12.307 100.748
      vertex -15.5 12.2443 101.345
    endloop
  endfacet
  facet normal 0 0.0784185 -0.996921
    outer loop
      vertex -14.9 12.307 100.748
      vertex 14.9 12.8028 100.787
      vertex 14.9 12.307 100.748
    endloop
  endfacet
  facet normal 0 0.0784185 -0.996921
    outer loop
      vertex 14.9 12.8028 100.787
      vertex -14.9 12.307 100.748
      vertex -14.9 12.8028 100.787
    endloop
  endfacet
  facet normal 0.706889 0.0548529 -0.705194
    outer loop
      vertex 15.5 12.7714 101.386
      vertex 15.5 12.2443 101.345
      vertex 14.9 12.8028 100.787
    endloop
  endfacet
  facet normal 0.707153 0.0554466 -0.704883
    outer loop
      vertex 14.9 12.8028 100.787
      vertex 15.5 12.2443 101.345
      vertex 14.9 12.307 100.748
    endloop
  endfacet
  facet normal 0.706876 -0.0558738 0.705127
    outer loop
      vertex 15.5 12.6353 103.983
      vertex 14.9 12.6039 104.582
      vertex 14.9 11.9098 104.527
    endloop
  endfacet
  facet normal 0.707165 -0.0563584 0.704799
    outer loop
      vertex 15.5 11.9725 103.93
      vertex 15.5 12.6353 103.983
      vertex 14.9 11.9098 104.527
    endloop
  endfacet
  facet normal 0 -0.0789917 0.996875
    outer loop
      vertex -14.9 12.6039 104.582
      vertex 14.9 11.9098 104.527
      vertex 14.9 12.6039 104.582
    endloop
  endfacet
  facet normal 0 -0.0789917 0.996875
    outer loop
      vertex 14.9 11.9098 104.527
      vertex -14.9 12.6039 104.582
      vertex -14.9 11.9098 104.527
    endloop
  endfacet
  facet normal -0.706869 -0.056382 0.705094
    outer loop
      vertex -14.9 12.6039 104.582
      vertex -15.5 12.6353 103.983
      vertex -15.5 11.9725 103.93
    endloop
  endfacet
  facet normal -0.707158 -0.0558515 0.704846
    outer loop
      vertex -14.9 11.9098 104.527
      vertex -14.9 12.6039 104.582
      vertex -15.5 11.9725 103.93
    endloop
  endfacet
  facet normal -0.70715 0.0924051 -0.700999
    outer loop
      vertex -14.9 12.307 100.748
      vertex -14.9 11.8139 100.683
      vertex -15.5 12.2443 101.345
    endloop
  endfacet
  facet normal -0.707214 0.0922485 -0.700955
    outer loop
      vertex -15.5 12.2443 101.345
      vertex -14.9 11.8139 100.683
      vertex -15.5 11.72 101.276
    endloop
  endfacet
  facet normal 0 0.130689 -0.991423
    outer loop
      vertex -14.9 11.8139 100.683
      vertex 14.9 12.307 100.748
      vertex 14.9 11.8139 100.683
    endloop
  endfacet
  facet normal 0 0.130689 -0.991423
    outer loop
      vertex 14.9 12.307 100.748
      vertex -14.9 11.8139 100.683
      vertex -14.9 12.307 100.748
    endloop
  endfacet
  facet normal 0.707152 0.0922566 -0.701017
    outer loop
      vertex 15.5 12.2443 101.345
      vertex 15.5 11.72 101.276
      vertex 14.9 12.307 100.748
    endloop
  endfacet
  facet normal 0.707216 0.0923965 -0.700934
    outer loop
      vertex 14.9 12.307 100.748
      vertex 15.5 11.72 101.276
      vertex 14.9 11.8139 100.683
    endloop
  endfacet
  facet normal 0.70715 -0.0923972 0.701
    outer loop
      vertex 15.5 11.9725 103.93
      vertex 14.9 11.9098 104.527
      vertex 14.9 11.2194 104.436
    endloop
  endfacet
  facet normal 0.706619 -0.0915379 0.701648
    outer loop
      vertex 15.5 11.3133 103.844
      vertex 15.5 11.9725 103.93
      vertex 14.9 11.2194 104.436
    endloop
  endfacet
  facet normal 0 -0.130677 0.991425
    outer loop
      vertex -14.9 11.9098 104.527
      vertex 14.9 11.2194 104.436
      vertex 14.9 11.9098 104.527
    endloop
  endfacet
  facet normal 0 -0.130677 0.991425
    outer loop
      vertex 14.9 11.2194 104.436
      vertex -14.9 11.9098 104.527
      vertex -14.9 11.2194 104.436
    endloop
  endfacet
  facet normal -0.707163 -0.0914676 0.70111
    outer loop
      vertex -14.9 11.9098 104.527
      vertex -15.5 11.9725 103.93
      vertex -15.5 11.3133 103.844
    endloop
  endfacet
  facet normal -0.706631 -0.0924649 0.701514
    outer loop
      vertex -14.9 11.2194 104.436
      vertex -14.9 11.9098 104.527
      vertex -15.5 11.3133 103.844
    endloop
  endfacet
  facet normal -0.707208 0.129323 -0.695078
    outer loop
      vertex -14.9 11.8139 100.683
      vertex -14.9 11.3248 100.592
      vertex -15.5 11.72 101.276
    endloop
  endfacet
  facet normal -0.707056 0.129699 -0.695162
    outer loop
      vertex -15.5 11.72 101.276
      vertex -14.9 11.3248 100.592
      vertex -15.5 11.2001 101.179
    endloop
  endfacet
  facet normal 0 0.182917 -0.983128
    outer loop
      vertex -14.9 11.3248 100.592
      vertex 14.9 11.8139 100.683
      vertex 14.9 11.3248 100.592
    endloop
  endfacet
  facet normal 0 0.182917 -0.983128
    outer loop
      vertex 14.9 11.8139 100.683
      vertex -14.9 11.3248 100.592
      vertex -14.9 11.8139 100.683
    endloop
  endfacet
  facet normal 0.707203 0.129672 -0.695018
    outer loop
      vertex 15.5 11.72 101.276
      vertex 15.5 11.2001 101.179
      vertex 14.9 11.8139 100.683
    endloop
  endfacet
  facet normal 0.707051 0.129352 -0.695231
    outer loop
      vertex 14.9 11.8139 100.683
      vertex 15.5 11.2001 101.179
      vertex 14.9 11.3248 100.592
    endloop
  endfacet
  facet normal 0.706633 -0.129061 0.695711
    outer loop
      vertex 15.5 11.3133 103.844
      vertex 14.9 11.2194 104.436
      vertex 14.9 10.5348 104.309
    endloop
  endfacet
  facet normal 0.707056 -0.129718 0.695158
    outer loop
      vertex 15.5 10.6595 103.722
      vertex 15.5 11.3133 103.844
      vertex 14.9 10.5348 104.309
    endloop
  endfacet
  facet normal 0 -0.182398 0.983225
    outer loop
      vertex -14.9 11.2194 104.436
      vertex 14.9 10.5348 104.309
      vertex 14.9 11.2194 104.436
    endloop
  endfacet
  facet normal 0 -0.182398 0.983225
    outer loop
      vertex 14.9 10.5348 104.309
      vertex -14.9 11.2194 104.436
      vertex -14.9 10.5348 104.309
    endloop
  endfacet
  facet normal -0.706623 -0.129797 0.695584
    outer loop
      vertex -14.9 11.2194 104.436
      vertex -15.5 11.3133 103.844
      vertex -15.5 10.6595 103.722
    endloop
  endfacet
  facet normal -0.707047 -0.128986 0.695304
    outer loop
      vertex -14.9 10.5348 104.309
      vertex -14.9 11.2194 104.436
      vertex -15.5 10.6595 103.722
    endloop
  endfacet
  facet normal -0.707045 0.164948 -0.687663
    outer loop
      vertex -14.9 11.3248 100.592
      vertex -14.9 10.8412 100.476
      vertex -15.5 11.2001 101.179
    endloop
  endfacet
  facet normal -0.707234 0.164474 -0.687582
    outer loop
      vertex -15.5 11.2001 101.179
      vertex -14.9 10.8412 100.476
      vertex -15.5 10.6859 101.056
    endloop
  endfacet
  facet normal 0 0.233251 -0.972416
    outer loop
      vertex -14.9 10.8412 100.476
      vertex 14.9 11.3248 100.592
      vertex 14.9 10.8412 100.476
    endloop
  endfacet
  facet normal 0 0.233251 -0.972416
    outer loop
      vertex 14.9 11.3248 100.592
      vertex -14.9 10.8412 100.476
      vertex -14.9 11.3248 100.592
    endloop
  endfacet
  facet normal 0.707051 0.164517 -0.68776
    outer loop
      vertex 15.5 11.2001 101.179
      vertex 15.5 10.6859 101.056
      vertex 14.9 11.3248 100.592
    endloop
  endfacet
  facet normal 0.70724 0.164903 -0.687473
    outer loop
      vertex 14.9 11.3248 100.592
      vertex 15.5 10.6859 101.056
      vertex 14.9 10.8412 100.476
    endloop
  endfacet
  facet normal 0.70705 -0.164551 0.687752
    outer loop
      vertex 15.5 10.6595 103.722
      vertex 14.9 10.5348 104.309
      vertex 14.9 9.85771 104.147
    endloop
  endfacet
  facet normal 0.707237 -0.164828 0.687493
    outer loop
      vertex 15.5 10.013 103.567
      vertex 15.5 10.6595 103.722
      vertex 14.9 9.85771 104.147
    endloop
  endfacet
  facet normal 0 -0.232692 0.972551
    outer loop
      vertex -14.9 10.5348 104.309
      vertex 14.9 9.85771 104.147
      vertex 14.9 10.5348 104.309
    endloop
  endfacet
  facet normal 0 -0.232692 0.972551
    outer loop
      vertex 14.9 9.85771 104.147
      vertex -14.9 10.5348 104.309
      vertex -14.9 9.85771 104.147
    endloop
  endfacet
  facet normal -0.707046 -0.164873 0.687679
    outer loop
      vertex -14.9 10.5348 104.309
      vertex -15.5 10.6595 103.722
      vertex -15.5 10.013 103.567
    endloop
  endfacet
  facet normal -0.707233 -0.164509 0.687574
    outer loop
      vertex -14.9 9.85771 104.147
      vertex -14.9 10.5348 104.309
      vertex -15.5 10.013 103.567
    endloop
  endfacet
  facet normal -0.707243 0.200445 -0.67796
    outer loop
      vertex -14.9 10.8412 100.476
      vertex -14.9 10.3643 100.335
      vertex -15.5 10.6859 101.056
    endloop
  endfacet
  facet normal -0.707188 0.200585 -0.677976
    outer loop
      vertex -15.5 10.6859 101.056
      vertex -14.9 10.3643 100.335
      vertex -15.5 10.1789 100.906
    endloop
  endfacet
  facet normal 0 0.283527 -0.958964
    outer loop
      vertex -14.9 10.3643 100.335
      vertex 14.9 10.8412 100.476
      vertex 14.9 10.3643 100.335
    endloop
  endfacet
  facet normal 0 0.283527 -0.958964
    outer loop
      vertex 14.9 10.8412 100.476
      vertex -14.9 10.3643 100.335
      vertex -14.9 10.8412 100.476
    endloop
  endfacet
  facet normal 0.707241 0.200569 -0.677925
    outer loop
      vertex 15.5 10.6859 101.056
      vertex 15.5 10.1789 100.906
      vertex 14.9 10.8412 100.476
    endloop
  endfacet
  facet normal 0.707186 0.200461 -0.678014
    outer loop
      vertex 14.9 10.8412 100.476
      vertex 15.5 10.1789 100.906
      vertex 14.9 10.3643 100.335
    endloop
  endfacet
  facet normal 0.707233 -0.201016 0.6778
    outer loop
      vertex 15.5 10.013 103.567
      vertex 14.9 9.85771 104.147
      vertex 14.9 9.19008 103.949
    endloop
  endfacet
  facet normal 0.707193 -0.200959 0.67786
    outer loop
      vertex 15.5 9.37548 103.378
      vertex 15.5 10.013 103.567
      vertex 14.9 9.19008 103.949
    endloop
  endfacet
  facet normal 0 -0.284331 0.958726
    outer loop
      vertex -14.9 9.85771 104.147
      vertex 14.9 9.19008 103.949
      vertex 14.9 9.85771 104.147
    endloop
  endfacet
  facet normal 0 -0.284331 0.958726
    outer loop
      vertex 14.9 9.19008 103.949
      vertex -14.9 9.85771 104.147
      vertex -14.9 9.19008 103.949
    endloop
  endfacet
  facet normal -0.707234 -0.200947 0.67782
    outer loop
      vertex -14.9 9.85771 104.147
      vertex -15.5 10.013 103.567
      vertex -15.5 9.37548 103.378
    endloop
  endfacet
  facet normal -0.707194 -0.201028 0.677838
    outer loop
      vertex -14.9 9.19008 103.949
      vertex -14.9 9.85771 104.147
      vertex -15.5 9.37548 103.378
    endloop
  endfacet
  facet normal -0.707187 0.235997 -0.666477
    outer loop
      vertex -14.9 10.3643 100.335
      vertex -14.9 9.8955 100.169
      vertex -15.5 10.1789 100.906
    endloop
  endfacet
  facet normal -0.706909 0.236702 -0.666522
    outer loop
      vertex -15.5 10.1789 100.906
      vertex -14.9 9.8955 100.169
      vertex -15.5 9.68049 100.729
    endloop
  endfacet
  facet normal 0 0.333788 -0.942648
    outer loop
      vertex -14.9 9.8955 100.169
      vertex 14.9 10.3643 100.335
      vertex 14.9 9.8955 100.169
    endloop
  endfacet
  facet normal 0 0.333788 -0.942648
    outer loop
      vertex 14.9 10.3643 100.335
      vertex -14.9 9.8955 100.169
      vertex -14.9 10.3643 100.335
    endloop
  endfacet
  facet normal 0.707178 0.236611 -0.666268
    outer loop
      vertex 15.5 10.1789 100.906
      vertex 15.5 9.68049 100.729
      vertex 14.9 10.3643 100.335
    endloop
  endfacet
  facet normal 0.706901 0.236092 -0.666747
    outer loop
      vertex 14.9 10.3643 100.335
      vertex 15.5 9.68049 100.729
      vertex 14.9 9.8955 100.169
    endloop
  endfacet
  facet normal 0.707192 -0.235618 0.666606
    outer loop
      vertex 15.5 9.37548 103.378
      vertex 14.9 9.19008 103.949
      vertex 14.9 8.53371 103.717
    endloop
  endfacet
  facet normal 0.707459 -0.235973 0.666197
    outer loop
      vertex 15.5 8.74873 103.156
      vertex 15.5 9.37548 103.378
      vertex 14.9 8.53371 103.717
    endloop
  endfacet
  facet normal 0 -0.333254 0.942837
    outer loop
      vertex -14.9 9.19008 103.949
      vertex 14.9 8.53371 103.717
      vertex 14.9 9.19008 103.949
    endloop
  endfacet
  facet normal 0 -0.333254 0.942837
    outer loop
      vertex 14.9 8.53371 103.717
      vertex -14.9 9.19008 103.949
      vertex -14.9 8.53371 103.717
    endloop
  endfacet
  facet normal -0.707186 -0.236064 0.666455
    outer loop
      vertex -14.9 9.19008 103.949
      vertex -15.5 9.37548 103.378
      vertex -15.5 8.74873 103.156
    endloop
  endfacet
  facet normal -0.707453 -0.235531 0.66636
    outer loop
      vertex -14.9 8.53371 103.717
      vertex -14.9 9.19008 103.949
      vertex -15.5 8.74873 103.156
    endloop
  endfacet
  facet normal -0.706903 0.270638 -0.653485
    outer loop
      vertex -14.9 9.8955 100.169
      vertex -14.9 9.436 99.9787
      vertex -15.5 9.68049 100.729
    endloop
  endfacet
  facet normal -0.707073 0.270205 -0.65348
    outer loop
      vertex -15.5 9.68049 100.729
      vertex -14.9 9.436 99.9787
      vertex -15.5 9.19196 100.527
    endloop
  endfacet
  facet normal 0 0.38263 -0.923902
    outer loop
      vertex -14.9 9.436 99.9787
      vertex 14.9 9.8955 100.169
      vertex 14.9 9.436 99.9787
    endloop
  endfacet
  facet normal 0 0.38263 -0.923902
    outer loop
      vertex 14.9 9.8955 100.169
      vertex -14.9 9.436 99.9787
      vertex -14.9 9.8955 100.169
    endloop
  endfacet
  facet normal 0.706908 0.270268 -0.653633
    outer loop
      vertex 15.5 9.68049 100.729
      vertex 15.5 9.19196 100.527
      vertex 14.9 9.8955 100.169
    endloop
  endfacet
  facet normal 0.707079 0.270571 -0.653323
    outer loop
      vertex 14.9 9.8955 100.169
      vertex 15.5 9.19196 100.527
      vertex 14.9 9.436 99.9787
    endloop
  endfacet
  facet normal 0.707442 -0.270934 0.652779
    outer loop
      vertex 15.5 8.74873 103.156
      vertex 14.9 8.53371 103.717
      vertex 14.9 7.89041 103.45
    endloop
  endfacet
  facet normal 0.70691 -0.270271 0.65363
    outer loop
      vertex 15.5 8.13445 102.902
      vertex 15.5 8.74873 103.156
      vertex 14.9 7.89041 103.45
    endloop
  endfacet
  facet normal 0 -0.383341 0.923607
    outer loop
      vertex -14.9 8.53371 103.717
      vertex 14.9 7.89041 103.45
      vertex 14.9 8.53371 103.717
    endloop
  endfacet
  facet normal 0 -0.383341 0.923607
    outer loop
      vertex 14.9 7.89041 103.45
      vertex -14.9 8.53371 103.717
      vertex -14.9 7.89041 103.45
    endloop
  endfacet
  facet normal -0.707455 -0.270063 0.653126
    outer loop
      vertex -14.9 8.53371 103.717
      vertex -15.5 8.74873 103.156
      vertex -15.5 8.13445 102.902
    endloop
  endfacet
  facet normal -0.706922 -0.271133 0.653259
    outer loop
      vertex -14.9 7.89041 103.45
      vertex -14.9 8.53371 103.717
      vertex -15.5 8.13445 102.902
    endloop
  endfacet
  facet normal -0.707077 0.304408 -0.638261
    outer loop
      vertex -14.9 9.436 99.9787
      vertex -14.9 8.98709 99.7646
      vertex -15.5 9.19196 100.527
    endloop
  endfacet
  facet normal -0.706882 0.304905 -0.638241
    outer loop
      vertex -15.5 9.19196 100.527
      vertex -14.9 8.98709 99.7646
      vertex -15.5 8.7147 100.299
    endloop
  endfacet
  facet normal 0 0.43048 -0.9026
    outer loop
      vertex -14.9 8.98709 99.7646
      vertex 14.9 9.436 99.9787
      vertex 14.9 8.98709 99.7646
    endloop
  endfacet
  facet normal 0 0.43048 -0.9026
    outer loop
      vertex 14.9 9.436 99.9787
      vertex -14.9 8.98709 99.7646
      vertex -14.9 9.436 99.9787
    endloop
  endfacet
  facet normal 0.707071 0.304823 -0.63807
    outer loop
      vertex 15.5 9.19196 100.527
      vertex 15.5 8.7147 100.299
      vertex 14.9 9.436 99.9787
    endloop
  endfacet
  facet normal 0.706876 0.304495 -0.638443
    outer loop
      vertex 14.9 9.436 99.9787
      vertex 15.5 8.7147 100.299
      vertex 14.9 8.98709 99.7646
    endloop
  endfacet
  facet normal 0.706915 -0.304691 0.638307
    outer loop
      vertex 15.5 8.13445 102.902
      vertex 14.9 7.89041 103.45
      vertex 14.9 7.26193 103.15
    endloop
  endfacet
  facet normal 0.70666 -0.304395 0.63873
    outer loop
      vertex 15.5 7.53432 102.616
      vertex 15.5 8.13445 102.902
      vertex 14.9 7.26193 103.15
    endloop
  endfacet
  facet normal 0 -0.430781 0.902457
    outer loop
      vertex -14.9 7.89041 103.45
      vertex 14.9 7.26193 103.15
      vertex 14.9 7.89041 103.45
    endloop
  endfacet
  facet normal 0 -0.430781 0.902457
    outer loop
      vertex 14.9 7.26193 103.15
      vertex -14.9 7.89041 103.45
      vertex -14.9 7.26193 103.15
    endloop
  endfacet
  facet normal -0.70692 -0.304283 0.638495
    outer loop
      vertex -14.9 7.89041 103.45
      vertex -15.5 8.13445 102.902
      vertex -15.5 7.53432 102.616
    endloop
  endfacet
  facet normal -0.706666 -0.304798 0.638531
    outer loop
      vertex -14.9 7.26193 103.15
      vertex -14.9 7.89041 103.45
      vertex -15.5 7.53432 102.616
    endloop
  endfacet
  facet normal -0.706877 0.337599 -0.621572
    outer loop
      vertex -14.9 8.98709 99.7646
      vertex -14.9 8.55 99.5272
      vertex -15.5 8.7147 100.299
    endloop
  endfacet
  facet normal -0.707076 0.337095 -0.621619
    outer loop
      vertex -15.5 8.7147 100.299
      vertex -14.9 8.55 99.5272
      vertex -15.5 8.25 100.047
    endloop
  endfacet
  facet normal 0 0.477282 -0.87875
    outer loop
      vertex -14.9 8.55 99.5272
      vertex 14.9 8.98709 99.7646
      vertex 14.9 8.55 99.5272
    endloop
  endfacet
  facet normal 0 0.477282 -0.87875
    outer loop
      vertex 14.9 8.98709 99.7646
      vertex -14.9 8.55 99.5272
      vertex -14.9 8.98709 99.7646
    endloop
  endfacet
  facet normal 0.706883 0.337187 -0.621788
    outer loop
      vertex 15.5 8.7147 100.299
      vertex 15.5 8.25 100.047
      vertex 14.9 8.98709 99.7646
    endloop
  endfacet
  facet normal 0.707083 0.337501 -0.621391
    outer loop
      vertex 14.9 8.98709 99.7646
      vertex 15.5 8.25 100.047
      vertex 14.9 8.55 99.5272
    endloop
  endfacet
  facet normal 0.706674 -0.337416 0.621902
    outer loop
      vertex 15.5 7.53432 102.616
      vertex 14.9 7.26193 103.15
      vertex 14.9 6.65001 102.818
    endloop
  endfacet
  facet normal 0.706661 -0.337401 0.621925
    outer loop
      vertex 15.5 6.95 102.299
      vertex 15.5 7.53432 102.616
      vertex 14.9 6.65001 102.818
    endloop
  endfacet
  facet normal 0 -0.476886 0.878965
    outer loop
      vertex -14.9 7.26193 103.15
      vertex 14.9 6.65001 102.818
      vertex 14.9 7.26193 103.15
    endloop
  endfacet
  facet normal 0 -0.476886 0.878965
    outer loop
      vertex 14.9 6.65001 102.818
      vertex -14.9 7.26193 103.15
      vertex -14.9 6.65001 102.818
    endloop
  endfacet
  facet normal -0.706674 -0.337395 0.621913
    outer loop
      vertex -14.9 7.26193 103.15
      vertex -15.5 7.53432 102.616
      vertex -15.5 6.95 102.299
    endloop
  endfacet
  facet normal -0.706661 -0.337422 0.621914
    outer loop
      vertex -14.9 6.65001 102.818
      vertex -14.9 7.26193 103.15
      vertex -15.5 6.95 102.299
    endloop
  endfacet
  facet normal -0.70708 0.369404 -0.602975
    outer loop
      vertex -14.9 8.55 99.5272
      vertex -14.9 8.12593 99.2674
      vertex -15.5 8.25 100.047
    endloop
  endfacet
  facet normal -0.706985 0.369641 -0.602941
    outer loop
      vertex -15.5 8.25 100.047
      vertex -14.9 8.12593 99.2674
      vertex -15.5 7.79915 99.7706
    endloop
  endfacet
  facet normal 0 0.522396 -0.852703
    outer loop
      vertex -14.9 8.12593 99.2674
      vertex 14.9 8.55 99.5272
      vertex 14.9 8.12593 99.2674
    endloop
  endfacet
  facet normal 0 0.522396 -0.852703
    outer loop
      vertex 14.9 8.55 99.5272
      vertex -14.9 8.12593 99.2674
      vertex -14.9 8.55 99.5272
    endloop
  endfacet
  facet normal 0.707077 0.369593 -0.602863
    outer loop
      vertex 15.5 8.25 100.047
      vertex 15.5 7.79915 99.7706
      vertex 14.9 8.55 99.5272
    endloop
  endfacet
  facet normal 0.706982 0.369455 -0.603058
    outer loop
      vertex 14.9 8.55 99.5272
      vertex 15.5 7.79915 99.7706
      vertex 14.9 8.12593 99.2674
    endloop
  endfacet
  facet normal 0.706671 -0.369823 0.603197
    outer loop
      vertex 15.5 6.95 102.299
      vertex 14.9 6.65001 102.818
      vertex 14.9 6.05631 102.454
    endloop
  endfacet
  facet normal 0.70689 -0.370037 0.60281
    outer loop
      vertex 15.5 6.38309 101.951
      vertex 15.5 6.95 102.299
      vertex 14.9 6.05631 102.454
    endloop
  endfacet
  facet normal 0 -0.522687 0.852525
    outer loop
      vertex -14.9 6.65001 102.818
      vertex 14.9 6.05631 102.454
      vertex 14.9 6.65001 102.818
    endloop
  endfacet
  facet normal 0 -0.522687 0.852525
    outer loop
      vertex 14.9 6.05631 102.454
      vertex -14.9 6.65001 102.818
      vertex -14.9 6.05631 102.454
    endloop
  endfacet
  facet normal -0.706666 -0.370154 0.603
    outer loop
      vertex -14.9 6.65001 102.818
      vertex -15.5 6.95 102.299
      vertex -15.5 6.38309 101.951
    endloop
  endfacet
  facet normal -0.706885 -0.369711 0.603015
    outer loop
      vertex -14.9 6.05631 102.454
      vertex -14.9 6.65001 102.818
      vertex -15.5 6.38309 101.951
    endloop
  endfacet
  facet normal -0.706983 0.40057 -0.582853
    outer loop
      vertex -14.9 8.12593 99.2674
      vertex -14.9 7.71604 98.9857
      vertex -15.5 7.79915 99.7706
    endloop
  endfacet
  facet normal -0.70698 0.400578 -0.582852
    outer loop
      vertex -15.5 7.79915 99.7706
      vertex -14.9 7.71604 98.9857
      vertex -15.5 7.36337 99.4711
    endloop
  endfacet
  facet normal 0 0.566393 -0.824135
    outer loop
      vertex -14.9 7.71604 98.9857
      vertex 14.9 8.12593 99.2674
      vertex 14.9 7.71604 98.9857
    endloop
  endfacet
  facet normal 0 0.566393 -0.824135
    outer loop
      vertex 14.9 8.12593 99.2674
      vertex -14.9 7.71604 98.9857
      vertex -14.9 8.12593 99.2674
    endloop
  endfacet
  facet normal 0.706983 0.400577 -0.582849
    outer loop
      vertex 15.5 7.79915 99.7706
      vertex 15.5 7.36337 99.4711
      vertex 14.9 8.12593 99.2674
    endloop
  endfacet
  facet normal 0.70698 0.400572 -0.582856
    outer loop
      vertex 14.9 8.12593 99.2674
      vertex 15.5 7.36337 99.4711
      vertex 14.9 7.71604 98.9857
    endloop
  endfacet
  facet normal 0.70689 -0.400359 0.583111
    outer loop
      vertex 15.5 6.38309 101.951
      vertex 14.9 6.05631 102.454
      vertex 14.9 5.48246 102.06
    endloop
  endfacet
  facet normal 0.706779 -0.40026 0.583315
    outer loop
      vertex 15.5 5.83513 101.575
      vertex 15.5 6.38309 101.951
      vertex 14.9 5.48246 102.06
    endloop
  endfacet
  facet normal 0 -0.56602 0.824392
    outer loop
      vertex -14.9 6.05631 102.454
      vertex 14.9 5.48246 102.06
      vertex 14.9 6.05631 102.454
    endloop
  endfacet
  facet normal 0 -0.56602 0.824392
    outer loop
      vertex 14.9 5.48246 102.06
      vertex -14.9 6.05631 102.454
      vertex -14.9 5.48246 102.06
    endloop
  endfacet
  facet normal -0.706893 -0.400195 0.583221
    outer loop
      vertex -14.9 6.05631 102.454
      vertex -15.5 6.38309 101.951
      vertex -15.5 5.83513 101.575
    endloop
  endfacet
  facet normal -0.706781 -0.40042 0.583201
    outer loop
      vertex -14.9 5.48246 102.06
      vertex -14.9 6.05631 102.454
      vertex -15.5 5.83513 101.575
    endloop
  endfacet
  facet normal -0.70698 0.430562 -0.561067
    outer loop
      vertex -14.9 7.71604 98.9857
      vertex -14.9 7.32146 98.6829
      vertex -15.5 7.36337 99.4711
    endloop
  endfacet
  facet normal -0.706991 0.430535 -0.561074
    outer loop
      vertex -15.5 7.36337 99.4711
      vertex -14.9 7.32146 98.6829
      vertex -15.5 6.94387 99.1492
    endloop
  endfacet
  facet normal 0 0.608797 -0.793326
    outer loop
      vertex -14.9 7.32146 98.6829
      vertex 14.9 7.71604 98.9857
      vertex 14.9 7.32146 98.6829
    endloop
  endfacet
  facet normal 0 0.608797 -0.793326
    outer loop
      vertex 14.9 7.71604 98.9857
      vertex -14.9 7.32146 98.6829
      vertex -14.9 7.71604 98.9857
    endloop
  endfacet
  facet normal 0.70698 0.430542 -0.561082
    outer loop
      vertex 15.5 7.36337 99.4711
      vertex 15.5 6.94387 99.1492
      vertex 14.9 7.71604 98.9857
    endloop
  endfacet
  facet normal 0.706991 0.430555 -0.561058
    outer loop
      vertex 14.9 7.71604 98.9857
      vertex 15.5 6.94387 99.1492
      vertex 14.9 7.32146 98.6829
    endloop
  endfacet
  facet normal 0.706792 -0.430728 0.561176
    outer loop
      vertex 15.5 5.83513 101.575
      vertex 14.9 5.48246 102.06
      vertex 14.9 4.93005 101.636
    endloop
  endfacet
  facet normal 0.706849 -0.430773 0.561069
    outer loop
      vertex 15.5 5.30763 101.17
      vertex 15.5 5.83513 101.575
      vertex 14.9 4.93005 101.636
    endloop
  endfacet
  facet normal 0 -0.608871 0.793269
    outer loop
      vertex -14.9 5.48246 102.06
      vertex 14.9 4.93005 101.636
      vertex 14.9 5.48246 102.06
    endloop
  endfacet
  facet normal 0 -0.608871 0.793269
    outer loop
      vertex 14.9 4.93005 101.636
      vertex -14.9 5.48246 102.06
      vertex -14.9 4.93005 101.636
    endloop
  endfacet
  facet normal -0.706791 -0.430809 0.561115
    outer loop
      vertex -14.9 5.48246 102.06
      vertex -15.5 5.83513 101.575
      vertex -15.5 5.30763 101.17
    endloop
  endfacet
  facet normal -0.706848 -0.430694 0.561131
    outer loop
      vertex -14.9 4.93005 101.636
      vertex -14.9 5.48246 102.06
      vertex -15.5 5.30763 101.17
    endloop
  endfacet
  facet normal -0.70699 0.459294 -0.537786
    outer loop
      vertex -14.9 7.32146 98.6829
      vertex -14.9 6.94326 98.3599
      vertex -15.5 6.94387 99.1492
    endloop
  endfacet
  facet normal -0.706988 0.459299 -0.537784
    outer loop
      vertex -15.5 6.94387 99.1492
      vertex -14.9 6.94326 98.3599
      vertex -15.5 6.54179 98.8058
    endloop
  endfacet
  facet normal 0 0.649433 -0.760419
    outer loop
      vertex -14.9 6.94326 98.3599
      vertex 14.9 7.32146 98.6829
      vertex 14.9 6.94326 98.3599
    endloop
  endfacet
  facet normal 0 0.649433 -0.760419
    outer loop
      vertex 14.9 7.32146 98.6829
      vertex -14.9 6.94326 98.3599
      vertex -14.9 7.32146 98.6829
    endloop
  endfacet
  facet normal 0.70699 0.459298 -0.537782
    outer loop
      vertex 15.5 6.94387 99.1492
      vertex 15.5 6.54179 98.8058
      vertex 14.9 7.32146 98.6829
    endloop
  endfacet
  facet normal 0.706988 0.459295 -0.537788
    outer loop
      vertex 14.9 7.32146 98.6829
      vertex 15.5 6.54179 98.8058
      vertex 14.9 6.94326 98.3599
    endloop
  endfacet
  facet normal 0.706854 -0.459265 0.53799
    outer loop
      vertex 15.5 5.30763 101.17
      vertex 14.9 4.93005 101.636
      vertex 14.9 4.40057 101.184
    endloop
  endfacet
  facet normal 0.707035 -0.45939 0.537645
    outer loop
      vertex 15.5 4.80204 100.738
      vertex 15.5 5.30763 101.17
      vertex 14.9 4.40057 101.184
    endloop
  endfacet
  facet normal 0 -0.649266 0.760561
    outer loop
      vertex -14.9 4.93005 101.636
      vertex 14.9 4.40057 101.184
      vertex 14.9 4.93005 101.636
    endloop
  endfacet
  facet normal 0 -0.649266 0.760561
    outer loop
      vertex 14.9 4.40057 101.184
      vertex -14.9 4.93005 101.636
      vertex -14.9 4.40057 101.184
    endloop
  endfacet
  facet normal -0.70685 -0.45951 0.537786
    outer loop
      vertex -14.9 4.93005 101.636
      vertex -15.5 5.30763 101.17
      vertex -15.5 4.80204 100.738
    endloop
  endfacet
  facet normal -0.707031 -0.45915 0.537856
    outer loop
      vertex -14.9 4.40057 101.184
      vertex -14.9 4.93005 101.636
      vertex -15.5 4.80204 100.738
    endloop
  endfacet
  facet normal -0.706987 0.486854 -0.512974
    outer loop
      vertex -14.9 6.94326 98.3599
      vertex -14.9 6.58249 98.0175
      vertex -15.5 6.54179 98.8058
    endloop
  endfacet
  facet normal -0.707 0.486825 -0.512985
    outer loop
      vertex -15.5 6.54179 98.8058
      vertex -14.9 6.58249 98.0175
      vertex -15.5 6.15823 98.4418
    endloop
  endfacet
  facet normal 0 0.688399 -0.725332
    outer loop
      vertex -14.9 6.58249 98.0175
      vertex 14.9 6.94326 98.3599
      vertex 14.9 6.58249 98.0175
    endloop
  endfacet
  facet normal 0 0.688399 -0.725332
    outer loop
      vertex 14.9 6.94326 98.3599
      vertex -14.9 6.58249 98.0175
      vertex -14.9 6.94326 98.3599
    endloop
  endfacet
  facet normal 0.706988 0.486833 -0.512993
    outer loop
      vertex 15.5 6.54179 98.8058
      vertex 15.5 6.15823 98.4418
      vertex 14.9 6.94326 98.3599
    endloop
  endfacet
  facet normal 0.707 0.486845 -0.512965
    outer loop
      vertex 14.9 6.94326 98.3599
      vertex 15.5 6.15823 98.4418
      vertex 14.9 6.58249 98.0175
    endloop
  endfacet
  facet normal 0.707033 -0.486629 0.513124
    outer loop
      vertex 15.5 4.80204 100.738
      vertex 14.9 4.40057 101.184
      vertex 14.9 3.89549 100.705
    endloop
  endfacet
  facet normal 0.707302 -0.486787 0.512604
    outer loop
      vertex 15.5 4.31975 100.28
      vertex 15.5 4.80204 100.738
      vertex 14.9 3.89549 100.705
    endloop
  endfacet
  facet normal 0 -0.688125 0.725592
    outer loop
      vertex -14.9 4.40057 101.184
      vertex 14.9 3.89549 100.705
      vertex 14.9 4.40057 101.184
    endloop
  endfacet
  facet normal 0 -0.688125 0.725592
    outer loop
      vertex 14.9 3.89549 100.705
      vertex -14.9 4.40057 101.184
      vertex -14.9 3.89549 100.705
    endloop
  endfacet
  facet normal -0.707027 -0.486976 0.512803
    outer loop
      vertex -14.9 4.40057 101.184
      vertex -15.5 4.80204 100.738
      vertex -15.5 4.31975 100.28
    endloop
  endfacet
  facet normal -0.707296 -0.486448 0.512934
    outer loop
      vertex -14.9 3.89549 100.705
      vertex -14.9 4.40057 101.184
      vertex -15.5 4.31975 100.28
    endloop
  endfacet
  facet normal -0.706998 0.513008 -0.486803
    outer loop
      vertex -14.9 6.58249 98.0175
      vertex -14.9 6.24012 97.6567
      vertex -15.5 6.15823 98.4418
    endloop
  endfacet
  facet normal -0.706992 0.513022 -0.486796
    outer loop
      vertex -15.5 6.15823 98.4418
      vertex -14.9 6.24012 97.6567
      vertex -15.5 5.79424 98.0582
    endloop
  endfacet
  facet normal 0 0.725391 -0.688337
    outer loop
      vertex 14.9 6.24012 97.6567
      vertex -14.9 6.58249 98.0175
      vertex 14.9 6.58249 98.0175
    endloop
  endfacet
  facet normal 0 0.725391 -0.688337
    outer loop
      vertex -14.9 6.58249 98.0175
      vertex 14.9 6.24012 97.6567
      vertex -14.9 6.24012 97.6567
    endloop
  endfacet
  facet normal 0.706998 0.513018 -0.486792
    outer loop
      vertex 15.5 6.15823 98.4418
      vertex 15.5 5.79424 98.0582
      vertex 14.9 6.58249 98.0175
    endloop
  endfacet
  facet normal 0.706992 0.513012 -0.486807
    outer loop
      vertex 14.9 6.58249 98.0175
      vertex 15.5 5.79424 98.0582
      vertex 14.9 6.24012 97.6567
    endloop
  endfacet
  facet normal 0.707274 -0.513235 0.486163
    outer loop
      vertex 15.5 4.31975 100.28
      vertex 14.9 3.89549 100.705
      vertex 14.9 3.41618 100.199
    endloop
  endfacet
  facet normal 0.706785 -0.512996 0.487123
    outer loop
      vertex 15.5 3.86206 99.798
      vertex 15.5 4.31975 100.28
      vertex 14.9 3.41618 100.199
    endloop
  endfacet
  facet normal 0 -0.725995 0.6877
    outer loop
      vertex -14.9 3.41618 100.199
      vertex 14.9 3.89549 100.705
      vertex -14.9 3.89549 100.705
    endloop
  endfacet
  facet normal 0 -0.725995 0.6877
    outer loop
      vertex 14.9 3.89549 100.705
      vertex -14.9 3.41618 100.199
      vertex 14.9 3.41618 100.199
    endloop
  endfacet
  facet normal -0.707285 -0.512634 0.486779
    outer loop
      vertex -14.9 3.89549 100.705
      vertex -15.5 4.31975 100.28
      vertex -15.5 3.86206 99.798
    endloop
  endfacet
  facet normal -0.706797 -0.513581 0.486491
    outer loop
      vertex -14.9 3.41618 100.199
      vertex -14.9 3.89549 100.705
      vertex -15.5 3.86206 99.798
    endloop
  endfacet
  facet normal -0.706991 0.537779 -0.459302
    outer loop
      vertex -14.9 6.24012 97.6567
      vertex -14.9 5.91711 97.2785
      vertex -15.5 5.79424 98.0582
    endloop
  endfacet
  facet normal -0.706985 0.537791 -0.459296
    outer loop
      vertex -15.5 5.79424 98.0582
      vertex -14.9 5.91711 97.2785
      vertex -15.5 5.45083 97.6561
    endloop
  endfacet
  facet normal 0 0.760409 -0.649444
    outer loop
      vertex 14.9 5.91711 97.2785
      vertex -14.9 6.24012 97.6567
      vertex 14.9 6.24012 97.6567
    endloop
  endfacet
  facet normal 0 0.760409 -0.649444
    outer loop
      vertex -14.9 6.24012 97.6567
      vertex 14.9 5.91711 97.2785
      vertex -14.9 5.91711 97.2785
    endloop
  endfacet
  facet normal 0.706991 0.537787 -0.459292
    outer loop
      vertex 15.5 5.79424 98.0582
      vertex 15.5 5.45083 97.6561
      vertex 14.9 6.24012 97.6567
    endloop
  endfacet
  facet normal 0.706985 0.537783 -0.459305
    outer loop
      vertex 14.9 6.24012 97.6567
      vertex 15.5 5.45083 97.6561
      vertex 14.9 5.91711 97.2785
    endloop
  endfacet
  facet normal 0.706803 -0.537717 0.459662
    outer loop
      vertex 15.5 3.86206 99.798
      vertex 14.9 3.41618 100.199
      vertex 14.9 2.96397 99.67
    endloop
  endfacet
  facet normal 0.706985 -0.537787 0.4593
    outer loop
      vertex 15.5 3.43025 99.2924
      vertex 15.5 3.86206 99.798
      vertex 14.9 2.96397 99.67
    endloop
  endfacet
  facet normal 0 -0.760121 0.649781
    outer loop
      vertex -14.9 2.96397 99.67
      vertex 14.9 3.41618 100.199
      vertex -14.9 3.41618 100.199
    endloop
  endfacet
  facet normal 0 -0.760121 0.649781
    outer loop
      vertex 14.9 3.41618 100.199
      vertex -14.9 2.96397 99.67
      vertex 14.9 2.96397 99.67
    endloop
  endfacet
  facet normal -0.706799 -0.537929 0.459421
    outer loop
      vertex -14.9 3.41618 100.199
      vertex -15.5 3.86206 99.798
      vertex -15.5 3.43025 99.2924
    endloop
  endfacet
  facet normal -0.706981 -0.537582 0.459547
    outer loop
      vertex -14.9 2.96397 99.67
      vertex -14.9 3.41618 100.199
      vertex -15.5 3.43025 99.2924
    endloop
  endfacet
  facet normal -0.706986 0.561041 -0.430586
    outer loop
      vertex -14.9 5.91711 97.2785
      vertex -14.9 5.61434 96.884
      vertex -15.5 5.45083 97.6561
    endloop
  endfacet
  facet normal -0.70696 0.561098 -0.430554
    outer loop
      vertex -15.5 5.45083 97.6561
      vertex -14.9 5.61434 96.884
      vertex -15.5 5.12893 97.2366
    endloop
  endfacet
  facet normal 0 0.793296 -0.608837
    outer loop
      vertex 14.9 5.61434 96.884
      vertex -14.9 5.91711 97.2785
      vertex 14.9 5.91711 97.2785
    endloop
  endfacet
  facet normal 0 0.793296 -0.608837
    outer loop
      vertex -14.9 5.91711 97.2785
      vertex 14.9 5.61434 96.884
      vertex -14.9 5.61434 96.884
    endloop
  endfacet
  facet normal 0.706985 0.561078 -0.430539
    outer loop
      vertex 15.5 5.45083 97.6561
      vertex 15.5 5.12893 97.2366
      vertex 14.9 5.91711 97.2785
    endloop
  endfacet
  facet normal 0.706959 0.561062 -0.430602
    outer loop
      vertex 14.9 5.91711 97.2785
      vertex 15.5 5.12893 97.2366
      vertex 14.9 5.61434 96.884
    endloop
  endfacet
  facet normal 0.706984 -0.561111 0.430497
    outer loop
      vertex 15.5 3.43025 99.2924
      vertex 14.9 2.96397 99.67
      vertex 14.9 2.54008 99.1175
    endloop
  endfacet
  facet normal 0.70696 -0.561104 0.430545
    outer loop
      vertex 15.5 3.02549 98.7649
      vertex 15.5 3.43025 99.2924
      vertex 14.9 2.54008 99.1175
    endloop
  endfacet
  facet normal 0 -0.793394 0.608709
    outer loop
      vertex -14.9 2.54008 99.1175
      vertex 14.9 2.96397 99.67
      vertex -14.9 2.96397 99.67
    endloop
  endfacet
  facet normal 0 -0.793394 0.608709
    outer loop
      vertex 14.9 2.96397 99.67
      vertex -14.9 2.54008 99.1175
      vertex 14.9 2.54008 99.1175
    endloop
  endfacet
  facet normal -0.706985 -0.561085 0.43053
    outer loop
      vertex -14.9 2.96397 99.67
      vertex -15.5 3.43025 99.2924
      vertex -15.5 3.02549 98.7649
    endloop
  endfacet
  facet normal -0.706961 -0.56113 0.430511
    outer loop
      vertex -14.9 2.54008 99.1175
      vertex -14.9 2.96397 99.67
      vertex -15.5 3.02549 98.7649
    endloop
  endfacet
  facet normal -0.706962 0.582869 -0.400586
    outer loop
      vertex -14.9 5.61434 96.884
      vertex -14.9 5.33263 96.4741
      vertex -15.5 5.12893 97.2366
    endloop
  endfacet
  facet normal -0.706957 0.582879 -0.400579
    outer loop
      vertex -15.5 5.12893 97.2366
      vertex -14.9 5.33263 96.4741
      vertex -15.5 4.82943 96.8008
    endloop
  endfacet
  facet normal 0 0.824132 -0.566397
    outer loop
      vertex 14.9 5.33263 96.4741
      vertex -14.9 5.61434 96.884
      vertex 14.9 5.61434 96.884
    endloop
  endfacet
  facet normal 0 0.824132 -0.566397
    outer loop
      vertex -14.9 5.61434 96.884
      vertex 14.9 5.33263 96.4741
      vertex -14.9 5.33263 96.4741
    endloop
  endfacet
  facet normal 0.706961 0.582876 -0.400576
    outer loop
      vertex 15.5 5.12893 97.2366
      vertex 15.5 4.82943 96.8008
      vertex 14.9 5.61434 96.884
    endloop
  endfacet
  facet normal 0.706957 0.582873 -0.400588
    outer loop
      vertex 14.9 5.61434 96.884
      vertex 15.5 4.82943 96.8008
      vertex 14.9 5.33263 96.4741
    endloop
  endfacet
  facet normal 0.706962 -0.582851 0.400611
    outer loop
      vertex 15.5 3.02549 98.7649
      vertex 14.9 2.54008 99.1175
      vertex 14.9 2.14569 98.5437
    endloop
  endfacet
  facet normal 0.70699 -0.582856 0.400554
    outer loop
      vertex 15.5 2.64889 98.2169
      vertex 15.5 3.02549 98.7649
      vertex 14.9 2.14569 98.5437
    endloop
  endfacet
  facet normal 0 -0.824107 0.566434
    outer loop
      vertex -14.9 2.14569 98.5437
      vertex 14.9 2.54008 99.1175
      vertex -14.9 2.54008 99.1175
    endloop
  endfacet
  facet normal 0 -0.824107 0.566434
    outer loop
      vertex 14.9 2.54008 99.1175
      vertex -14.9 2.14569 98.5437
      vertex 14.9 2.14569 98.5437
    endloop
  endfacet
  facet normal -0.706961 -0.58288 0.40057
    outer loop
      vertex -14.9 2.54008 99.1175
      vertex -15.5 3.02549 98.7649
      vertex -15.5 2.64889 98.2169
    endloop
  endfacet
  facet normal -0.70699 -0.582828 0.400595
    outer loop
      vertex -14.9 2.14569 98.5437
      vertex -14.9 2.54008 99.1175
      vertex -15.5 2.64889 98.2169
    endloop
  endfacet
  facet normal -0.706958 0.603046 -0.36952
    outer loop
      vertex -14.9 5.33263 96.4741
      vertex -14.9 5.07276 96.05
      vertex -15.5 4.82943 96.8008
    endloop
  endfacet
  facet normal -0.706983 0.602996 -0.369556
    outer loop
      vertex -15.5 4.82943 96.8008
      vertex -14.9 5.07276 96.05
      vertex -15.5 4.55315 96.35
    endloop
  endfacet
  facet normal 0 0.852657 -0.522471
    outer loop
      vertex 14.9 5.07276 96.05
      vertex -14.9 5.33263 96.4741
      vertex 14.9 5.33263 96.4741
    endloop
  endfacet
  facet normal 0 0.852657 -0.522471
    outer loop
      vertex -14.9 5.33263 96.4741
      vertex 14.9 5.07276 96.05
      vertex -14.9 5.07276 96.05
    endloop
  endfacet
  facet normal 0.706959 0.603016 -0.369568
    outer loop
      vertex 15.5 4.82943 96.8008
      vertex 15.5 4.55315 96.35
      vertex 14.9 5.33263 96.4741
    endloop
  endfacet
  facet normal 0.706983 0.603025 -0.369507
    outer loop
      vertex 14.9 5.33263 96.4741
      vertex 15.5 4.55315 96.35
      vertex 14.9 5.07276 96.05
    endloop
  endfacet
  facet normal 0.70699 -0.603008 0.369524
    outer loop
      vertex 15.5 2.64889 98.2169
      vertex 14.9 2.14569 98.5437
      vertex 14.9 1.78187 97.95
    endloop
  endfacet
  facet normal 0.706983 -0.603007 0.369537
    outer loop
      vertex 15.5 2.30148 97.65
      vertex 15.5 2.64889 98.2169
      vertex 14.9 1.78187 97.95
    endloop
  endfacet
  facet normal 0 -0.85264 0.522499
    outer loop
      vertex -14.9 1.78187 97.95
      vertex 14.9 2.14569 98.5437
      vertex -14.9 2.14569 98.5437
    endloop
  endfacet
  facet normal 0 -0.85264 0.522499
    outer loop
      vertex 14.9 2.14569 98.5437
      vertex -14.9 1.78187 97.95
      vertex 14.9 1.78187 97.95
    endloop
  endfacet
  facet normal -0.70699 -0.603001 0.369534
    outer loop
      vertex -14.9 2.14569 98.5437
      vertex -15.5 2.64889 98.2169
      vertex -15.5 2.30148 97.65
    endloop
  endfacet
  facet normal -0.706983 -0.603013 0.369527
    outer loop
      vertex -14.9 1.78187 97.95
      vertex -14.9 2.14569 98.5437
      vertex -15.5 2.30148 97.65
    endloop
  endfacet
  facet normal -0.706983 0.62153 -0.337455
    outer loop
      vertex -14.9 5.07276 96.05
      vertex -14.9 4.83544 95.6129
      vertex -15.5 4.55315 96.35
    endloop
  endfacet
  facet normal -0.706985 0.621525 -0.337459
    outer loop
      vertex -15.5 4.55315 96.35
      vertex -14.9 4.83544 95.6129
      vertex -15.5 4.30084 95.8853
    endloop
  endfacet
  facet normal 0 0.878822 -0.47715
    outer loop
      vertex 14.9 4.83544 95.6129
      vertex -14.9 5.07276 96.05
      vertex 14.9 5.07276 96.05
    endloop
  endfacet
  facet normal 0 0.878822 -0.47715
    outer loop
      vertex -14.9 5.07276 96.05
      vertex 14.9 4.83544 95.6129
      vertex -14.9 4.83544 95.6129
    endloop
  endfacet
  facet normal 0.706983 0.621527 -0.33746
    outer loop
      vertex 15.5 4.55315 96.35
      vertex 15.5 4.30084 95.8853
      vertex 14.9 5.07276 96.05
    endloop
  endfacet
  facet normal 0.706985 0.621528 -0.337454
    outer loop
      vertex 14.9 5.07276 96.05
      vertex 15.5 4.30084 95.8853
      vertex 14.9 4.83544 95.6129
    endloop
  endfacet
  facet normal 0.706983 -0.62152 0.337473
    outer loop
      vertex 15.5 2.30148 97.65
      vertex 14.9 1.78187 97.95
      vertex 14.9 1.44962 97.3381
    endloop
  endfacet
  facet normal 0.706985 -0.62152 0.337469
    outer loop
      vertex 15.5 1.98422 97.0657
      vertex 15.5 2.30148 97.65
      vertex 14.9 1.44962 97.3381
    endloop
  endfacet
  facet normal 0 -0.878808 0.477176
    outer loop
      vertex -14.9 1.44962 97.3381
      vertex 14.9 1.78187 97.95
      vertex -14.9 1.78187 97.95
    endloop
  endfacet
  facet normal 0 -0.878808 0.477176
    outer loop
      vertex 14.9 1.78187 97.95
      vertex -14.9 1.44962 97.3381
      vertex 14.9 1.44962 97.3381
    endloop
  endfacet
  facet normal -0.706983 -0.621521 0.33747
    outer loop
      vertex -14.9 1.78187 97.95
      vertex -15.5 2.30148 97.65
      vertex -15.5 1.98422 97.0657
    endloop
  endfacet
  facet normal -0.706985 -0.621518 0.337472
    outer loop
      vertex -14.9 1.44962 97.3381
      vertex -14.9 1.78187 97.95
      vertex -15.5 1.98422 97.0657
    endloop
  endfacet
  facet normal -0.706985 0.638331 -0.304476
    outer loop
      vertex -14.9 4.83544 95.6129
      vertex -14.9 4.62132 95.164
      vertex -15.5 4.30084 95.8853
    endloop
  endfacet
  facet normal -0.706971 0.638357 -0.304453
    outer loop
      vertex -15.5 4.30084 95.8853
      vertex -14.9 4.62132 95.164
      vertex -15.5 4.0732 95.408
    endloop
  endfacet
  facet normal 0 0.902581 -0.43052
    outer loop
      vertex 14.9 4.62132 95.164
      vertex -14.9 4.83544 95.6129
      vertex 14.9 4.83544 95.6129
    endloop
  endfacet
  facet normal 0 0.902581 -0.43052
    outer loop
      vertex -14.9 4.83544 95.6129
      vertex 14.9 4.62132 95.164
      vertex -14.9 4.62132 95.164
    endloop
  endfacet
  facet normal 0.706985 0.638345 -0.304448
    outer loop
      vertex 15.5 4.30084 95.8853
      vertex 15.5 4.0732 95.408
      vertex 14.9 4.83544 95.6129
    endloop
  endfacet
  facet normal 0.706971 0.638344 -0.304482
    outer loop
      vertex 14.9 4.83544 95.6129
      vertex 15.5 4.0732 95.408
      vertex 14.9 4.62132 95.164
    endloop
  endfacet
  facet normal 0.706985 -0.638342 0.304454
    outer loop
      vertex 15.5 1.98422 97.0657
      vertex 14.9 1.44962 97.3381
      vertex 14.9 1.14986 96.7096
    endloop
  endfacet
  facet normal 0.706971 -0.638344 0.304482
    outer loop
      vertex 15.5 1.69798 96.4656
      vertex 15.5 1.98422 97.0657
      vertex 14.9 1.14986 96.7096
    endloop
  endfacet
  facet normal 0 -0.902596 0.430489
    outer loop
      vertex -14.9 1.14986 96.7096
      vertex 14.9 1.44962 97.3381
      vertex -14.9 1.44962 97.3381
    endloop
  endfacet
  facet normal 0 -0.902596 0.430489
    outer loop
      vertex 14.9 1.44962 97.3381
      vertex -14.9 1.14986 96.7096
      vertex 14.9 1.14986 96.7096
    endloop
  endfacet
  facet normal -0.706985 -0.638331 0.304476
    outer loop
      vertex -14.9 1.44962 97.3381
      vertex -15.5 1.98422 97.0657
      vertex -15.5 1.69798 96.4656
    endloop
  endfacet
  facet normal -0.706971 -0.638354 0.30446
    outer loop
      vertex -14.9 1.14986 96.7096
      vertex -14.9 1.44962 97.3381
      vertex -15.5 1.69798 96.4656
    endloop
  endfacet
  facet normal -0.706972 0.653406 -0.270648
    outer loop
      vertex -14.9 4.62132 95.164
      vertex -14.9 4.43099 94.7045
      vertex -15.5 4.0732 95.408
    endloop
  endfacet
  facet normal -0.706976 0.653399 -0.270656
    outer loop
      vertex -15.5 4.0732 95.408
      vertex -14.9 4.43099 94.7045
      vertex -15.5 3.87085 94.9195
    endloop
  endfacet
  facet normal 0 0.92388 -0.382681
    outer loop
      vertex 14.9 4.43099 94.7045
      vertex -14.9 4.62132 95.164
      vertex 14.9 4.62132 95.164
    endloop
  endfacet
  facet normal 0 0.92388 -0.382681
    outer loop
      vertex -14.9 4.62132 95.164
      vertex 14.9 4.43099 94.7045
      vertex -14.9 4.43099 94.7045
    endloop
  endfacet
  facet normal 0.706972 0.653403 -0.270657
    outer loop
      vertex 15.5 4.0732 95.408
      vertex 15.5 3.87085 94.9195
      vertex 14.9 4.62132 95.164
    endloop
  endfacet
  facet normal 0.706976 0.653402 -0.270647
    outer loop
      vertex 14.9 4.62132 95.164
      vertex 15.5 3.87085 94.9195
      vertex 14.9 4.43099 94.7045
    endloop
  endfacet
  facet normal 0.706972 -0.653404 0.270654
    outer loop
      vertex 15.5 1.69798 96.4656
      vertex 14.9 1.14986 96.7096
      vertex 14.9 0.883391 96.0663
    endloop
  endfacet
  facet normal 0.706976 -0.653403 0.270647
    outer loop
      vertex 15.5 1.44353 95.8513
      vertex 15.5 1.69798 96.4656
      vertex 14.9 0.883391 96.0663
    endloop
  endfacet
  facet normal 0 -0.923877 0.38269
    outer loop
      vertex -14.9 0.883391 96.0663
      vertex 14.9 1.14986 96.7096
      vertex -14.9 1.14986 96.7096
    endloop
  endfacet
  facet normal 0 -0.923877 0.38269
    outer loop
      vertex 14.9 1.14986 96.7096
      vertex -14.9 0.883391 96.0663
      vertex 14.9 0.883391 96.0663
    endloop
  endfacet
  facet normal -0.706972 -0.653406 0.270648
    outer loop
      vertex -14.9 1.14986 96.7096
      vertex -15.5 1.69798 96.4656
      vertex -15.5 1.44353 95.8513
    endloop
  endfacet
  facet normal -0.706976 -0.653401 0.270653
    outer loop
      vertex -14.9 0.883391 96.0663
      vertex -14.9 1.14986 96.7096
      vertex -15.5 1.44353 95.8513
    endloop
  endfacet
  facet normal -0.706977 0.666662 -0.236105
    outer loop
      vertex -14.9 4.43099 94.7045
      vertex -14.9 4.26496 94.2357
      vertex -15.5 3.87085 94.9195
    endloop
  endfacet
  facet normal -0.706976 0.666665 -0.236101
    outer loop
      vertex -15.5 3.87085 94.9195
      vertex -14.9 4.26496 94.2357
      vertex -15.5 3.69434 94.4211
    endloop
  endfacet
  facet normal 0 0.942629 -0.333841
    outer loop
      vertex 14.9 4.26496 94.2357
      vertex -14.9 4.43099 94.7045
      vertex 14.9 4.43099 94.7045
    endloop
  endfacet
  facet normal 0 0.942629 -0.333841
    outer loop
      vertex -14.9 4.43099 94.7045
      vertex 14.9 4.26496 94.2357
      vertex -14.9 4.26496 94.2357
    endloop
  endfacet
  facet normal 0.706977 0.666663 -0.236101
    outer loop
      vertex 15.5 3.87085 94.9195
      vertex 15.5 3.69434 94.4211
      vertex 14.9 4.43099 94.7045
    endloop
  endfacet
  facet normal 0.706976 0.666663 -0.236105
    outer loop
      vertex 14.9 4.43099 94.7045
      vertex 15.5 3.69434 94.4211
      vertex 14.9 4.26496 94.2357
    endloop
  endfacet
  facet normal 0.706976 -0.666675 0.23607
    outer loop
      vertex 15.5 1.44353 95.8513
      vertex 14.9 0.883391 96.0663
      vertex 14.9 0.650959 95.4099
    endloop
  endfacet
  facet normal 0.706977 -0.666675 0.23607
    outer loop
      vertex 15.5 1.22158 95.2245
      vertex 15.5 1.44353 95.8513
      vertex 14.9 0.650959 95.4099
    endloop
  endfacet
  facet normal 0 -0.942647 0.333792
    outer loop
      vertex -14.9 0.650959 95.4099
      vertex 14.9 0.883391 96.0663
      vertex -14.9 0.883391 96.0663
    endloop
  endfacet
  facet normal 0 -0.942647 0.333792
    outer loop
      vertex 14.9 0.883391 96.0663
      vertex -14.9 0.650959 95.4099
      vertex 14.9 0.650959 95.4099
    endloop
  endfacet
  facet normal -0.706976 -0.666675 0.23607
    outer loop
      vertex -14.9 0.883391 96.0663
      vertex -15.5 1.44353 95.8513
      vertex -15.5 1.22158 95.2245
    endloop
  endfacet
  facet normal -0.706977 -0.666675 0.23607
    outer loop
      vertex -14.9 0.650959 95.4099
      vertex -14.9 0.883391 96.0663
      vertex -15.5 1.22158 95.2245
    endloop
  endfacet
  facet normal -0.706976 0.678115 -0.200861
    outer loop
      vertex -14.9 4.26496 94.2357
      vertex -14.9 4.1237 93.7588
      vertex -15.5 3.69434 94.4211
    endloop
  endfacet
  facet normal -0.706978 0.678111 -0.200865
    outer loop
      vertex -15.5 3.69434 94.4211
      vertex -14.9 4.1237 93.7588
      vertex -15.5 3.54416 93.9141
    endloop
  endfacet
  facet normal 0 0.958822 -0.284008
    outer loop
      vertex 14.9 4.1237 93.7588
      vertex -14.9 4.26496 94.2357
      vertex 14.9 4.26496 94.2357
    endloop
  endfacet
  facet normal 0 0.958822 -0.284008
    outer loop
      vertex -14.9 4.26496 94.2357
      vertex 14.9 4.1237 93.7588
      vertex -14.9 4.1237 93.7588
    endloop
  endfacet
  facet normal 0.706976 0.678113 -0.200866
    outer loop
      vertex 15.5 3.69434 94.4211
      vertex 15.5 3.54416 93.9141
      vertex 14.9 4.26496 94.2357
    endloop
  endfacet
  facet normal 0.706978 0.678113 -0.20086
    outer loop
      vertex 14.9 4.26496 94.2357
      vertex 15.5 3.54416 93.9141
      vertex 14.9 4.1237 93.7588
    endloop
  endfacet
  facet normal 0.706977 -0.67811 0.200875
    outer loop
      vertex 15.5 1.22158 95.2245
      vertex 14.9 0.650959 95.4099
      vertex 14.9 0.453197 94.7423
    endloop
  endfacet
  facet normal 0.70698 -0.678108 0.200869
    outer loop
      vertex 15.5 1.03274 94.587
      vertex 15.5 1.22158 95.2245
      vertex 14.9 0.453197 94.7423
    endloop
  endfacet
  facet normal 0 -0.958816 0.284028
    outer loop
      vertex -14.9 0.453197 94.7423
      vertex 14.9 0.650959 95.4099
      vertex -14.9 0.650959 95.4099
    endloop
  endfacet
  facet normal 0 -0.958816 0.284028
    outer loop
      vertex 14.9 0.650959 95.4099
      vertex -14.9 0.453197 94.7423
      vertex 14.9 0.453197 94.7423
    endloop
  endfacet
  facet normal -0.706977 -0.678112 0.20087
    outer loop
      vertex -14.9 0.650959 95.4099
      vertex -15.5 1.22158 95.2245
      vertex -15.5 1.03274 94.587
    endloop
  endfacet
  facet normal -0.70698 -0.678107 0.200874
    outer loop
      vertex -14.9 0.453197 94.7423
      vertex -14.9 0.650959 95.4099
      vertex -15.5 1.03274 94.587
    endloop
  endfacet
  facet normal -0.706978 0.687695 -0.165098
    outer loop
      vertex -14.9 4.1237 93.7588
      vertex -14.9 4.0076 93.2752
      vertex -15.5 3.54416 93.9141
    endloop
  endfacet
  facet normal -0.706974 0.687701 -0.165091
    outer loop
      vertex -15.5 3.54416 93.9141
      vertex -14.9 4.0076 93.2752
      vertex -15.5 3.42072 93.3999
    endloop
  endfacet
  facet normal 0 0.972371 -0.233441
    outer loop
      vertex 14.9 4.0076 93.2752
      vertex -14.9 4.1237 93.7588
      vertex 14.9 4.1237 93.7588
    endloop
  endfacet
  facet normal 0 0.972371 -0.233441
    outer loop
      vertex -14.9 4.1237 93.7588
      vertex 14.9 4.0076 93.2752
      vertex -14.9 4.0076 93.2752
    endloop
  endfacet
  facet normal 0.706978 0.687697 -0.16509
    outer loop
      vertex 15.5 3.54416 93.9141
      vertex 15.5 3.42072 93.3999
      vertex 14.9 4.1237 93.7588
    endloop
  endfacet
  facet normal 0.706974 0.687699 -0.165099
    outer loop
      vertex 14.9 4.1237 93.7588
      vertex 15.5 3.42072 93.3999
      vertex 14.9 4.0076 93.2752
    endloop
  endfacet
  facet normal 0.70698 -0.687695 0.165093
    outer loop
      vertex 15.5 1.03274 94.587
      vertex 14.9 0.453197 94.7423
      vertex 14.9 0.290648 94.0652
    endloop
  endfacet
  facet normal 0.706974 -0.687698 0.165103
    outer loop
      vertex 15.5 0.877528 93.9405
      vertex 15.5 1.03274 94.587
      vertex 14.9 0.290648 94.0652
    endloop
  endfacet
  facet normal 0 -0.972373 0.233434
    outer loop
      vertex -14.9 0.290648 94.0652
      vertex 14.9 0.453197 94.7423
      vertex -14.9 0.453197 94.7423
    endloop
  endfacet
  facet normal 0 -0.972373 0.233434
    outer loop
      vertex 14.9 0.453197 94.7423
      vertex -14.9 0.290648 94.0652
      vertex 14.9 0.290648 94.0652
    endloop
  endfacet
  facet normal -0.70698 -0.687693 0.165102
    outer loop
      vertex -14.9 0.453197 94.7423
      vertex -15.5 1.03274 94.587
      vertex -15.5 0.877528 93.9405
    endloop
  endfacet
  facet normal -0.706974 -0.6877 0.165094
    outer loop
      vertex -14.9 0.290648 94.0652
      vertex -14.9 0.453197 94.7423
      vertex -15.5 0.877528 93.9405
    endloop
  endfacet
  facet normal -0.706975 0.695398 -0.128871
    outer loop
      vertex -14.9 4.0076 93.2752
      vertex -14.9 3.91696 92.7861
      vertex -15.5 3.42072 93.3999
    endloop
  endfacet
  facet normal -0.706982 0.695388 -0.128886
    outer loop
      vertex -15.5 3.42072 93.3999
      vertex -14.9 3.91696 92.7861
      vertex -15.5 3.32436 92.88
    endloop
  endfacet
  facet normal 0 0.983258 -0.182217
    outer loop
      vertex 14.9 3.91696 92.7861
      vertex -14.9 4.0076 93.2752
      vertex 14.9 4.0076 93.2752
    endloop
  endfacet
  facet normal 0 0.983258 -0.182217
    outer loop
      vertex -14.9 4.0076 93.2752
      vertex 14.9 3.91696 92.7861
      vertex -14.9 3.91696 92.7861
    endloop
  endfacet
  facet normal 0.706976 0.695395 -0.128887
    outer loop
      vertex 15.5 3.42072 93.3999
      vertex 15.5 3.32436 92.88
      vertex 14.9 4.0076 93.2752
    endloop
  endfacet
  facet normal 0.706982 0.695391 -0.12887
    outer loop
      vertex 14.9 4.0076 93.2752
      vertex 15.5 3.32436 92.88
      vertex 14.9 3.91696 92.7861
    endloop
  endfacet
  facet normal 0.706976 -0.695393 0.128893
    outer loop
      vertex 15.5 0.877528 93.9405
      vertex 14.9 0.290648 94.0652
      vertex 14.9 0.163756 93.3806
    endloop
  endfacet
  facet normal 0.706985 -0.695387 0.128874
    outer loop
      vertex 15.5 0.756361 93.2867
      vertex 15.5 0.877528 93.9405
      vertex 14.9 0.163756 93.3806
    endloop
  endfacet
  facet normal 0 -0.983253 0.182248
    outer loop
      vertex -14.9 0.163756 93.3806
      vertex 14.9 0.290648 94.0652
      vertex -14.9 0.290648 94.0652
    endloop
  endfacet
  facet normal 0 -0.983253 0.182248
    outer loop
      vertex 14.9 0.290648 94.0652
      vertex -14.9 0.163756 93.3806
      vertex 14.9 0.163756 93.3806
    endloop
  endfacet
  facet normal -0.706975 -0.695397 0.128876
    outer loop
      vertex -14.9 0.290648 94.0652
      vertex -15.5 0.877528 93.9405
      vertex -15.5 0.756361 93.2867
    endloop
  endfacet
  facet normal -0.706985 -0.695384 0.128891
    outer loop
      vertex -14.9 0.163756 93.3806
      vertex -14.9 0.290648 94.0652
      vertex -15.5 0.756361 93.2867
    endloop
  endfacet
  facet normal -0.706981 0.701182 -0.0923154
    outer loop
      vertex -14.9 3.91696 92.7861
      vertex -14.9 3.85204 92.293
      vertex -15.5 3.32436 92.88
    endloop
  endfacet
  facet normal -0.706977 0.701187 -0.0923058
    outer loop
      vertex -15.5 3.32436 92.88
      vertex -14.9 3.85204 92.293
      vertex -15.5 3.25534 92.3557
    endloop
  endfacet
  facet normal 0 0.991444 -0.13053
    outer loop
      vertex 14.9 3.85204 92.293
      vertex -14.9 3.91696 92.7861
      vertex 14.9 3.91696 92.7861
    endloop
  endfacet
  facet normal 0 0.991444 -0.13053
    outer loop
      vertex -14.9 3.91696 92.7861
      vertex 14.9 3.85204 92.293
      vertex -14.9 3.85204 92.293
    endloop
  endfacet
  facet normal 0.706981 0.701183 -0.0923053
    outer loop
      vertex 15.5 3.32436 92.88
      vertex 15.5 3.25534 92.3557
      vertex 14.9 3.91696 92.7861
    endloop
  endfacet
  facet normal 0.706977 0.701186 -0.092316
    outer loop
      vertex 14.9 3.91696 92.7861
      vertex 15.5 3.25534 92.3557
      vertex 14.9 3.85204 92.293
    endloop
  endfacet
  facet normal 0.706984 -0.70118 0.0923048
    outer loop
      vertex 15.5 0.756361 93.2867
      vertex 14.9 0.163756 93.3806
      vertex 14.9 0.0728703 92.6902
    endloop
  endfacet
  facet normal 0.706979 -0.701184 0.0923133
    outer loop
      vertex 15.5 0.669575 92.6275
      vertex 15.5 0.756361 93.2867
      vertex 14.9 0.0728703 92.6902
    endloop
  endfacet
  facet normal 0 -0.991446 0.130516
    outer loop
      vertex -14.9 0.0728703 92.6902
      vertex 14.9 0.163756 93.3806
      vertex -14.9 0.163756 93.3806
    endloop
  endfacet
  facet normal 0 -0.991446 0.130516
    outer loop
      vertex 14.9 0.163756 93.3806
      vertex -14.9 0.0728703 92.6902
      vertex 14.9 0.0728703 92.6902
    endloop
  endfacet
  facet normal -0.706984 -0.701179 0.0923127
    outer loop
      vertex -14.9 0.163756 93.3806
      vertex -15.5 0.756361 93.2867
      vertex -15.5 0.669575 92.6275
    endloop
  endfacet
  facet normal -0.706979 -0.701185 0.0923054
    outer loop
      vertex -14.9 0.0728703 92.6902
      vertex -14.9 0.163756 93.3806
      vertex -15.5 0.669575 92.6275
    endloop
  endfacet
  facet normal -0.706977 0.705056 -0.0554887
    outer loop
      vertex -14.9 3.85204 92.293
      vertex -14.9 3.81302 91.7972
      vertex -15.5 3.25534 92.3557
    endloop
  endfacet
  facet normal -0.706981 0.705052 -0.0554973
    outer loop
      vertex -15.5 3.25534 92.3557
      vertex -14.9 3.81302 91.7972
      vertex -15.5 3.21385 91.8286
    endloop
  endfacet
  facet normal 0 0.996917 -0.0784585
    outer loop
      vertex 14.9 3.81302 91.7972
      vertex -14.9 3.85204 92.293
      vertex 14.9 3.85204 92.293
    endloop
  endfacet
  facet normal 0 0.996917 -0.0784585
    outer loop
      vertex -14.9 3.85204 92.293
      vertex 14.9 3.81302 91.7972
      vertex -14.9 3.81302 91.7972
    endloop
  endfacet
  facet normal 0.706977 0.705056 -0.0554975
    outer loop
      vertex 15.5 3.25534 92.3557
      vertex 15.5 3.21385 91.8286
      vertex 14.9 3.85204 92.293
    endloop
  endfacet
  facet normal 0.706981 0.705052 -0.0554884
    outer loop
      vertex 14.9 3.85204 92.293
      vertex 15.5 3.21385 91.8286
      vertex 14.9 3.81302 91.7972
    endloop
  endfacet
  facet normal 1 0 0
    outer loop
      vertex 15.5 23.4 91.3
      vertex 15.5 26 91.3
      vertex 15.5 25.9826 91.9647
    endloop
  endfacet
  facet normal 1 0 0
    outer loop
      vertex 15.5 23.3861 91.8286
      vertex 15.5 25.9826 91.9647
      vertex 15.5 25.9304 92.6275
    endloop
  endfacet
  facet normal 1 0 0
    outer loop
      vertex 15.5 26 91.3
      vertex 15.5 23.4 91.3
      vertex 15.5 25.9826 90.6353
    endloop
  endfacet
  facet normal 1 0 0
    outer loop
      vertex 15.5 23.3447 92.3557
      vertex 15.5 25.9304 92.6275
      vertex 15.5 25.8436 93.2867
    endloop
  endfacet
  facet normal 1 -0 0
    outer loop
      vertex 15.5 23.3861 90.7714
      vertex 15.5 25.9826 90.6353
      vertex 15.5 23.4 91.3
    endloop
  endfacet
  facet normal 1 0 0
    outer loop
      vertex 15.5 23.2756 92.88
      vertex 15.5 25.8436 93.2867
      vertex 15.5 25.7225 93.9405
    endloop
  endfacet
  facet normal 1 0 0
    outer loop
      vertex 15.5 25.9826 90.6353
      vertex 15.5 23.3861 90.7714
      vertex 15.5 25.9304 89.9725
    endloop
  endfacet
  facet normal 1 0 0
    outer loop
      vertex 15.5 23.1793 93.3999
      vertex 15.5 25.7225 93.9405
      vertex 15.5 25.5673 94.587
    endloop
  endfacet
  facet normal 1 -0 0
    outer loop
      vertex 15.5 23.3447 90.2443
      vertex 15.5 25.9304 89.9725
      vertex 15.5 23.3861 90.7714
    endloop
  endfacet
  facet normal 1 0 0
    outer loop
      vertex 15.5 23.0558 93.9141
      vertex 15.5 25.5673 94.587
      vertex 15.5 25.3784 95.2245
    endloop
  endfacet
  facet normal 1 0 0
    outer loop
      vertex 15.5 25.9304 89.9725
      vertex 15.5 23.3447 90.2443
      vertex 15.5 25.8436 89.3133
    endloop
  endfacet
  facet normal 1 0 0
    outer loop
      vertex 15.5 22.9057 94.4211
      vertex 15.5 25.3784 95.2245
      vertex 15.5 25.1565 95.8513
    endloop
  endfacet
  facet normal 1 -0 0
    outer loop
      vertex 15.5 23.2756 89.72
      vertex 15.5 25.8436 89.3133
      vertex 15.5 23.3447 90.2443
    endloop
  endfacet
  facet normal 1 0 0
    outer loop
      vertex 15.5 22.7292 94.9195
      vertex 15.5 25.1565 95.8513
      vertex 15.5 24.902 96.4656
    endloop
  endfacet
  facet normal 1 0 0
    outer loop
      vertex 15.5 25.8436 89.3133
      vertex 15.5 23.2756 89.72
      vertex 15.5 25.7225 88.6595
    endloop
  endfacet
  facet normal 1 0 0
    outer loop
      vertex 15.5 22.5268 95.408
      vertex 15.5 24.902 96.4656
      vertex 15.5 24.6158 97.0657
    endloop
  endfacet
  facet normal 1 -0 0
    outer loop
      vertex 15.5 23.1793 89.2001
      vertex 15.5 25.7225 88.6595
      vertex 15.5 23.2756 89.72
    endloop
  endfacet
  facet normal 1 0 0
    outer loop
      vertex 15.5 22.2992 95.8853
      vertex 15.5 24.6158 97.0657
      vertex 15.5 24.2985 97.65
    endloop
  endfacet
  facet normal 1 0 0
    outer loop
      vertex 15.5 25.7225 88.6595
      vertex 15.5 23.1793 89.2001
      vertex 15.5 25.5673 88.013
    endloop
  endfacet
  facet normal 1 0 0
    outer loop
      vertex 15.5 22.0468 96.35
      vertex 15.5 24.2985 97.65
      vertex 15.5 23.9511 98.2169
    endloop
  endfacet
  facet normal 1 -0 0
    outer loop
      vertex 15.5 23.0558 88.6859
      vertex 15.5 25.5673 88.013
      vertex 15.5 23.1793 89.2001
    endloop
  endfacet
  facet normal 1 0 0
    outer loop
      vertex 15.5 21.7706 96.8008
      vertex 15.5 23.9511 98.2169
      vertex 15.5 23.5745 98.7649
    endloop
  endfacet
  facet normal 1 0 0
    outer loop
      vertex 15.5 25.5673 88.013
      vertex 15.5 23.0558 88.6859
      vertex 15.5 25.3784 87.3755
    endloop
  endfacet
  facet normal 1 -0 0
    outer loop
      vertex 15.5 22.9057 88.1789
      vertex 15.5 25.3784 87.3755
      vertex 15.5 23.0558 88.6859
    endloop
  endfacet
  facet normal 1 0 0
    outer loop
      vertex 15.5 25.9826 91.9647
      vertex 15.5 23.3861 91.8286
      vertex 15.5 23.4 91.3
    endloop
  endfacet
  facet normal 1 0 0
    outer loop
      vertex 15.5 25.9304 92.6275
      vertex 15.5 23.3447 92.3557
      vertex 15.5 23.3861 91.8286
    endloop
  endfacet
  facet normal 1 0 0
    outer loop
      vertex 15.5 25.8436 93.2867
      vertex 15.5 23.2756 92.88
      vertex 15.5 23.3447 92.3557
    endloop
  endfacet
  facet normal 1 0 0
    outer loop
      vertex 15.5 25.7225 93.9405
      vertex 15.5 23.1793 93.3999
      vertex 15.5 23.2756 92.88
    endloop
  endfacet
  facet normal 1 0 0
    outer loop
      vertex 15.5 21.4711 97.2366
      vertex 15.5 23.5745 98.7649
      vertex 15.5 23.1698 99.2924
    endloop
  endfacet
  facet normal 1 0 0
    outer loop
      vertex 15.5 25.5673 94.587
      vertex 15.5 23.0558 93.9141
      vertex 15.5 23.1793 93.3999
    endloop
  endfacet
  facet normal 1 0 0
    outer loop
      vertex 15.5 25.3784 95.2245
      vertex 15.5 22.9057 94.4211
      vertex 15.5 23.0558 93.9141
    endloop
  endfacet
  facet normal 1 0 0
    outer loop
      vertex 15.5 21.1492 97.6561
      vertex 15.5 23.1698 99.2924
      vertex 15.5 22.7379 99.798
    endloop
  endfacet
  facet normal 1 0 0
    outer loop
      vertex 15.5 25.1565 95.8513
      vertex 15.5 22.7292 94.9195
      vertex 15.5 22.9057 94.4211
    endloop
  endfacet
  facet normal 1 0 0
    outer loop
      vertex 15.5 24.902 96.4656
      vertex 15.5 22.5268 95.408
      vertex 15.5 22.7292 94.9195
    endloop
  endfacet
  facet normal 1 0 0
    outer loop
      vertex 15.5 24.6158 97.0657
      vertex 15.5 22.2992 95.8853
      vertex 15.5 22.5268 95.408
    endloop
  endfacet
  facet normal 1 0 0
    outer loop
      vertex 15.5 20.8058 98.0582
      vertex 15.5 22.7379 99.798
      vertex 15.5 22.2803 100.28
    endloop
  endfacet
  facet normal 1 0 0
    outer loop
      vertex 15.5 24.2985 97.65
      vertex 15.5 22.0468 96.35
      vertex 15.5 22.2992 95.8853
    endloop
  endfacet
  facet normal 1 0 0
    outer loop
      vertex 15.5 20.4418 98.4418
      vertex 15.5 22.2803 100.28
      vertex 15.5 21.798 100.738
    endloop
  endfacet
  facet normal 1 0 0
    outer loop
      vertex 15.5 23.9511 98.2169
      vertex 15.5 21.7706 96.8008
      vertex 15.5 22.0468 96.35
    endloop
  endfacet
  facet normal 1 0 0
    outer loop
      vertex 15.5 23.5745 98.7649
      vertex 15.5 21.4711 97.2366
      vertex 15.5 21.7706 96.8008
    endloop
  endfacet
  facet normal 1 0 0
    outer loop
      vertex 15.5 20.0582 98.8058
      vertex 15.5 21.798 100.738
      vertex 15.5 21.2924 101.17
    endloop
  endfacet
  facet normal 1 0 0
    outer loop
      vertex 15.5 23.1698 99.2924
      vertex 15.5 21.1492 97.6561
      vertex 15.5 21.4711 97.2366
    endloop
  endfacet
  facet normal 1 0 0
    outer loop
      vertex 15.5 22.7379 99.798
      vertex 15.5 20.8058 98.0582
      vertex 15.5 21.1492 97.6561
    endloop
  endfacet
  facet normal 1 0 0
    outer loop
      vertex 15.5 19.6561 99.1492
      vertex 15.5 21.2924 101.17
      vertex 15.5 20.7649 101.575
    endloop
  endfacet
  facet normal 1 0 0
    outer loop
      vertex 15.5 22.2803 100.28
      vertex 15.5 20.4418 98.4418
      vertex 15.5 20.8058 98.0582
    endloop
  endfacet
  facet normal 1 0 0
    outer loop
      vertex 15.5 19.2366 99.4711
      vertex 15.5 20.7649 101.575
      vertex 15.5 20.2169 101.951
    endloop
  endfacet
  facet normal 1 0 0
    outer loop
      vertex 15.5 21.798 100.738
      vertex 15.5 20.0582 98.8058
      vertex 15.5 20.4418 98.4418
    endloop
  endfacet
  facet normal 1 0 0
    outer loop
      vertex 15.5 21.2924 101.17
      vertex 15.5 19.6561 99.1492
      vertex 15.5 20.0582 98.8058
    endloop
  endfacet
  facet normal 1 0 0
    outer loop
      vertex 15.5 18.8008 99.7706
      vertex 15.5 20.2169 101.951
      vertex 15.5 19.65 102.299
    endloop
  endfacet
  facet normal 1 0 0
    outer loop
      vertex 15.5 20.7649 101.575
      vertex 15.5 19.2366 99.4711
      vertex 15.5 19.6561 99.1492
    endloop
  endfacet
  facet normal 1 0 0
    outer loop
      vertex 15.5 18.35 100.047
      vertex 15.5 19.65 102.299
      vertex 15.5 19.0657 102.616
    endloop
  endfacet
  facet normal 1 0 0
    outer loop
      vertex 15.5 20.2169 101.951
      vertex 15.5 18.8008 99.7706
      vertex 15.5 19.2366 99.4711
    endloop
  endfacet
  facet normal 1 0 0
    outer loop
      vertex 15.5 17.8853 100.299
      vertex 15.5 19.0657 102.616
      vertex 15.5 18.4656 102.902
    endloop
  endfacet
  facet normal 1 0 0
    outer loop
      vertex 15.5 19.65 102.299
      vertex 15.5 18.35 100.047
      vertex 15.5 18.8008 99.7706
    endloop
  endfacet
  facet normal 1 0 0
    outer loop
      vertex 15.5 19.0657 102.616
      vertex 15.5 17.8853 100.299
      vertex 15.5 18.35 100.047
    endloop
  endfacet
  facet normal 1 0 0
    outer loop
      vertex 15.5 17.408 100.527
      vertex 15.5 18.4656 102.902
      vertex 15.5 17.8513 103.156
    endloop
  endfacet
  facet normal 1 0 0
    outer loop
      vertex 15.5 18.4656 102.902
      vertex 15.5 17.408 100.527
      vertex 15.5 17.8853 100.299
    endloop
  endfacet
  facet normal 1 0 0
    outer loop
      vertex 15.5 16.9195 100.729
      vertex 15.5 17.8513 103.156
      vertex 15.5 17.2245 103.378
    endloop
  endfacet
  facet normal 1 0 0
    outer loop
      vertex 15.5 17.8513 103.156
      vertex 15.5 16.9195 100.729
      vertex 15.5 17.408 100.527
    endloop
  endfacet
  facet normal 1 0 0
    outer loop
      vertex 15.5 16.4211 100.906
      vertex 15.5 17.2245 103.378
      vertex 15.5 16.587 103.567
    endloop
  endfacet
  facet normal 1 0 0
    outer loop
      vertex 15.5 17.2245 103.378
      vertex 15.5 16.4211 100.906
      vertex 15.5 16.9195 100.729
    endloop
  endfacet
  facet normal 1 0 0
    outer loop
      vertex 15.5 15.9141 101.056
      vertex 15.5 16.587 103.567
      vertex 15.5 15.9405 103.722
    endloop
  endfacet
  facet normal 1 0 0
    outer loop
      vertex 15.5 16.587 103.567
      vertex 15.5 15.9141 101.056
      vertex 15.5 16.4211 100.906
    endloop
  endfacet
  facet normal 1 0 0
    outer loop
      vertex 15.5 15.9405 103.722
      vertex 15.5 15.3999 101.179
      vertex 15.5 15.9141 101.056
    endloop
  endfacet
  facet normal 1 0 0
    outer loop
      vertex 15.5 15.2867 103.844
      vertex 15.5 15.3999 101.179
      vertex 15.5 15.9405 103.722
    endloop
  endfacet
  facet normal 1 0 0
    outer loop
      vertex 15.5 15.2867 103.844
      vertex 15.5 14.88 101.276
      vertex 15.5 15.3999 101.179
    endloop
  endfacet
  facet normal 1 0 0
    outer loop
      vertex 15.5 14.6275 103.93
      vertex 15.5 14.88 101.276
      vertex 15.5 15.2867 103.844
    endloop
  endfacet
  facet normal 1 0 0
    outer loop
      vertex 15.5 14.6275 103.93
      vertex 15.5 14.3557 101.345
      vertex 15.5 14.88 101.276
    endloop
  endfacet
  facet normal 1 0 0
    outer loop
      vertex 15.5 13.9647 103.983
      vertex 15.5 14.3557 101.345
      vertex 15.5 14.6275 103.93
    endloop
  endfacet
  facet normal 1 0 0
    outer loop
      vertex 15.5 13.9647 103.983
      vertex 15.5 13.8286 101.386
      vertex 15.5 14.3557 101.345
    endloop
  endfacet
  facet normal 1 0 0
    outer loop
      vertex 15.5 13.3 104
      vertex 15.5 13.8286 101.386
      vertex 15.5 13.9647 103.983
    endloop
  endfacet
  facet normal 1 0 0
    outer loop
      vertex 15.5 13.3 104
      vertex 15.5 13.3 101.4
      vertex 15.5 13.8286 101.386
    endloop
  endfacet
  facet normal 1 0 0
    outer loop
      vertex 15.5 13.3 104
      vertex 15.5 12.7714 101.386
      vertex 15.5 13.3 101.4
    endloop
  endfacet
  facet normal 1 -0 0
    outer loop
      vertex 15.5 12.6353 103.983
      vertex 15.5 12.7714 101.386
      vertex 15.5 13.3 104
    endloop
  endfacet
  facet normal 1 0 0
    outer loop
      vertex 15.5 12.6353 103.983
      vertex 15.5 12.2443 101.345
      vertex 15.5 12.7714 101.386
    endloop
  endfacet
  facet normal 1 -0 0
    outer loop
      vertex 15.5 11.9725 103.93
      vertex 15.5 12.2443 101.345
      vertex 15.5 12.6353 103.983
    endloop
  endfacet
  facet normal 1 0 0
    outer loop
      vertex 15.5 11.9725 103.93
      vertex 15.5 11.72 101.276
      vertex 15.5 12.2443 101.345
    endloop
  endfacet
  facet normal 1 -0 0
    outer loop
      vertex 15.5 11.3133 103.844
      vertex 15.5 11.72 101.276
      vertex 15.5 11.9725 103.93
    endloop
  endfacet
  facet normal 1 0 0
    outer loop
      vertex 15.5 11.3133 103.844
      vertex 15.5 11.2001 101.179
      vertex 15.5 11.72 101.276
    endloop
  endfacet
  facet normal 1 -0 0
    outer loop
      vertex 15.5 10.6595 103.722
      vertex 15.5 11.2001 101.179
      vertex 15.5 11.3133 103.844
    endloop
  endfacet
  facet normal 1 0 0
    outer loop
      vertex 15.5 11.2001 101.179
      vertex 15.5 10.6595 103.722
      vertex 15.5 10.6859 101.056
    endloop
  endfacet
  facet normal 1 -0 0
    outer loop
      vertex 15.5 10.013 103.567
      vertex 15.5 10.6859 101.056
      vertex 15.5 10.6595 103.722
    endloop
  endfacet
  facet normal 1 0 0
    outer loop
      vertex 15.5 10.6859 101.056
      vertex 15.5 10.013 103.567
      vertex 15.5 10.1789 100.906
    endloop
  endfacet
  facet normal 1 -0 0
    outer loop
      vertex 15.5 9.37548 103.378
      vertex 15.5 10.1789 100.906
      vertex 15.5 10.013 103.567
    endloop
  endfacet
  facet normal 1 0 0
    outer loop
      vertex 15.5 10.1789 100.906
      vertex 15.5 9.37548 103.378
      vertex 15.5 9.68049 100.729
    endloop
  endfacet
  facet normal 1 -0 0
    outer loop
      vertex 15.5 8.74873 103.156
      vertex 15.5 9.68049 100.729
      vertex 15.5 9.37548 103.378
    endloop
  endfacet
  facet normal 1 0 0
    outer loop
      vertex 15.5 9.68049 100.729
      vertex 15.5 8.74873 103.156
      vertex 15.5 9.19196 100.527
    endloop
  endfacet
  facet normal 1 -0 0
    outer loop
      vertex 15.5 8.13445 102.902
      vertex 15.5 9.19196 100.527
      vertex 15.5 8.74873 103.156
    endloop
  endfacet
  facet normal 1 0 0
    outer loop
      vertex 15.5 9.19196 100.527
      vertex 15.5 8.13445 102.902
      vertex 15.5 8.7147 100.299
    endloop
  endfacet
  facet normal 1 -0 0
    outer loop
      vertex 15.5 7.53432 102.616
      vertex 15.5 8.7147 100.299
      vertex 15.5 8.13445 102.902
    endloop
  endfacet
  facet normal 1 0 0
    outer loop
      vertex 15.5 8.7147 100.299
      vertex 15.5 7.53432 102.616
      vertex 15.5 8.25 100.047
    endloop
  endfacet
  facet normal 1 -0 0
    outer loop
      vertex 15.5 6.95 102.299
      vertex 15.5 8.25 100.047
      vertex 15.5 7.53432 102.616
    endloop
  endfacet
  facet normal 1 0 0
    outer loop
      vertex 15.5 8.25 100.047
      vertex 15.5 6.95 102.299
      vertex 15.5 7.79915 99.7706
    endloop
  endfacet
  facet normal 1 -0 0
    outer loop
      vertex 15.5 6.38309 101.951
      vertex 15.5 7.79915 99.7706
      vertex 15.5 6.95 102.299
    endloop
  endfacet
  facet normal 1 0 0
    outer loop
      vertex 15.5 7.79915 99.7706
      vertex 15.5 6.38309 101.951
      vertex 15.5 7.36337 99.4711
    endloop
  endfacet
  facet normal 1 -0 0
    outer loop
      vertex 15.5 5.83513 101.575
      vertex 15.5 7.36337 99.4711
      vertex 15.5 6.38309 101.951
    endloop
  endfacet
  facet normal 1 0 0
    outer loop
      vertex 15.5 7.36337 99.4711
      vertex 15.5 5.83513 101.575
      vertex 15.5 6.94387 99.1492
    endloop
  endfacet
  facet normal 1 -0 0
    outer loop
      vertex 15.5 5.30763 101.17
      vertex 15.5 6.94387 99.1492
      vertex 15.5 5.83513 101.575
    endloop
  endfacet
  facet normal 1 0 0
    outer loop
      vertex 15.5 6.94387 99.1492
      vertex 15.5 5.30763 101.17
      vertex 15.5 6.54179 98.8058
    endloop
  endfacet
  facet normal 1 -0 0
    outer loop
      vertex 15.5 4.80204 100.738
      vertex 15.5 6.54179 98.8058
      vertex 15.5 5.30763 101.17
    endloop
  endfacet
  facet normal 1 0 0
    outer loop
      vertex 15.5 6.54179 98.8058
      vertex 15.5 4.80204 100.738
      vertex 15.5 6.15823 98.4418
    endloop
  endfacet
  facet normal 1 -0 0
    outer loop
      vertex 15.5 4.31975 100.28
      vertex 15.5 6.15823 98.4418
      vertex 15.5 4.80204 100.738
    endloop
  endfacet
  facet normal 1 0 0
    outer loop
      vertex 15.5 6.15823 98.4418
      vertex 15.5 4.31975 100.28
      vertex 15.5 5.79424 98.0582
    endloop
  endfacet
  facet normal 1 -0 0
    outer loop
      vertex 15.5 3.86206 99.798
      vertex 15.5 5.79424 98.0582
      vertex 15.5 4.31975 100.28
    endloop
  endfacet
  facet normal 1 0 0
    outer loop
      vertex 15.5 5.79424 98.0582
      vertex 15.5 3.86206 99.798
      vertex 15.5 5.45083 97.6561
    endloop
  endfacet
  facet normal 1 -0 0
    outer loop
      vertex 15.5 3.43025 99.2924
      vertex 15.5 5.45083 97.6561
      vertex 15.5 3.86206 99.798
    endloop
  endfacet
  facet normal 1 0 0
    outer loop
      vertex 15.5 5.45083 97.6561
      vertex 15.5 3.43025 99.2924
      vertex 15.5 5.12893 97.2366
    endloop
  endfacet
  facet normal 1 -0 0
    outer loop
      vertex 15.5 3.02549 98.7649
      vertex 15.5 5.12893 97.2366
      vertex 15.5 3.43025 99.2924
    endloop
  endfacet
  facet normal 1 0 0
    outer loop
      vertex 15.5 5.12893 97.2366
      vertex 15.5 3.02549 98.7649
      vertex 15.5 4.82943 96.8008
    endloop
  endfacet
  facet normal 1 -0 0
    outer loop
      vertex 15.5 2.64889 98.2169
      vertex 15.5 4.82943 96.8008
      vertex 15.5 3.02549 98.7649
    endloop
  endfacet
  facet normal 1 0 0
    outer loop
      vertex 15.5 4.82943 96.8008
      vertex 15.5 2.64889 98.2169
      vertex 15.5 4.55315 96.35
    endloop
  endfacet
  facet normal 1 -0 0
    outer loop
      vertex 15.5 2.30148 97.65
      vertex 15.5 4.55315 96.35
      vertex 15.5 2.64889 98.2169
    endloop
  endfacet
  facet normal 1 0 0
    outer loop
      vertex 15.5 4.55315 96.35
      vertex 15.5 2.30148 97.65
      vertex 15.5 4.30084 95.8853
    endloop
  endfacet
  facet normal 1 -0 0
    outer loop
      vertex 15.5 1.98422 97.0657
      vertex 15.5 4.30084 95.8853
      vertex 15.5 2.30148 97.65
    endloop
  endfacet
  facet normal 1 0 0
    outer loop
      vertex 15.5 4.30084 95.8853
      vertex 15.5 1.98422 97.0657
      vertex 15.5 4.0732 95.408
    endloop
  endfacet
  facet normal 1 -0 0
    outer loop
      vertex 15.5 1.69798 96.4656
      vertex 15.5 4.0732 95.408
      vertex 15.5 1.98422 97.0657
    endloop
  endfacet
  facet normal 1 0 0
    outer loop
      vertex 15.5 4.0732 95.408
      vertex 15.5 1.69798 96.4656
      vertex 15.5 3.87085 94.9195
    endloop
  endfacet
  facet normal 1 -0 0
    outer loop
      vertex 15.5 1.44353 95.8513
      vertex 15.5 3.87085 94.9195
      vertex 15.5 1.69798 96.4656
    endloop
  endfacet
  facet normal 1 0 0
    outer loop
      vertex 15.5 3.87085 94.9195
      vertex 15.5 1.44353 95.8513
      vertex 15.5 3.69434 94.4211
    endloop
  endfacet
  facet normal 1 -0 0
    outer loop
      vertex 15.5 1.22158 95.2245
      vertex 15.5 3.69434 94.4211
      vertex 15.5 1.44353 95.8513
    endloop
  endfacet
  facet normal 1 0 0
    outer loop
      vertex 15.5 3.69434 94.4211
      vertex 15.5 1.22158 95.2245
      vertex 15.5 3.54416 93.9141
    endloop
  endfacet
  facet normal 1 -0 0
    outer loop
      vertex 15.5 1.03274 94.587
      vertex 15.5 3.54416 93.9141
      vertex 15.5 1.22158 95.2245
    endloop
  endfacet
  facet normal 1 0 0
    outer loop
      vertex 15.5 3.54416 93.9141
      vertex 15.5 1.03274 94.587
      vertex 15.5 3.42072 93.3999
    endloop
  endfacet
  facet normal 1 -0 0
    outer loop
      vertex 15.5 0.877528 93.9405
      vertex 15.5 3.42072 93.3999
      vertex 15.5 1.03274 94.587
    endloop
  endfacet
  facet normal 1 0 0
    outer loop
      vertex 15.5 3.42072 93.3999
      vertex 15.5 0.877528 93.9405
      vertex 15.5 3.32436 92.88
    endloop
  endfacet
  facet normal 1 -0 0
    outer loop
      vertex 15.5 0.756361 93.2867
      vertex 15.5 3.32436 92.88
      vertex 15.5 0.877528 93.9405
    endloop
  endfacet
  facet normal 1 0 0
    outer loop
      vertex 15.5 3.32436 92.88
      vertex 15.5 0.756361 93.2867
      vertex 15.5 3.25534 92.3557
    endloop
  endfacet
  facet normal 1 -0 0
    outer loop
      vertex 15.5 0.669575 92.6275
      vertex 15.5 3.25534 92.3557
      vertex 15.5 0.756361 93.2867
    endloop
  endfacet
  facet normal 1 0 0
    outer loop
      vertex 15.5 3.25534 92.3557
      vertex 15.5 0.669575 92.6275
      vertex 15.5 3.21385 91.8286
    endloop
  endfacet
  facet normal 1 0 0
    outer loop
      vertex 15.5 3.21385 91.8286
      vertex 15.5 0.669575 92.6275
      vertex 15.5 0.617408 91.9647
    endloop
  endfacet
  facet normal 1 0 0
    outer loop
      vertex 15.5 25.3784 87.3755
      vertex 15.5 22.9057 88.1789
      vertex 15.5 25.1565 86.7487
    endloop
  endfacet
  facet normal 1 -0 0
    outer loop
      vertex 15.5 22.7292 87.6805
      vertex 15.5 25.1565 86.7487
      vertex 15.5 22.9057 88.1789
    endloop
  endfacet
  facet normal 1 0 0
    outer loop
      vertex 15.5 25.1565 86.7487
      vertex 15.5 22.7292 87.6805
      vertex 15.5 24.902 86.1344
    endloop
  endfacet
  facet normal 1 -0 0
    outer loop
      vertex 15.5 22.5268 87.192
      vertex 15.5 24.902 86.1344
      vertex 15.5 22.7292 87.6805
    endloop
  endfacet
  facet normal 1 0 0
    outer loop
      vertex 15.5 24.902 86.1344
      vertex 15.5 22.5268 87.192
      vertex 15.5 24.6158 85.5343
    endloop
  endfacet
  facet normal 1 -0 0
    outer loop
      vertex 15.5 22.2992 86.7147
      vertex 15.5 24.6158 85.5343
      vertex 15.5 22.5268 87.192
    endloop
  endfacet
  facet normal 1 0 0
    outer loop
      vertex 15.5 24.6158 85.5343
      vertex 15.5 22.2992 86.7147
      vertex 15.5 24.2985 84.95
    endloop
  endfacet
  facet normal 1 -0 0
    outer loop
      vertex 15.5 22.0468 86.25
      vertex 15.5 24.2985 84.95
      vertex 15.5 22.2992 86.7147
    endloop
  endfacet
  facet normal 1 0 0
    outer loop
      vertex 15.5 24.2985 84.95
      vertex 15.5 22.0468 86.25
      vertex 15.5 23.9511 84.3831
    endloop
  endfacet
  facet normal 1 -0 0
    outer loop
      vertex 15.5 21.7706 85.7991
      vertex 15.5 23.9511 84.3831
      vertex 15.5 22.0468 86.25
    endloop
  endfacet
  facet normal 1 0 0
    outer loop
      vertex 15.5 23.9511 84.3831
      vertex 15.5 21.7706 85.7991
      vertex 15.5 23.5745 83.8351
    endloop
  endfacet
  facet normal 1 -0 0
    outer loop
      vertex 15.5 21.4711 85.3634
      vertex 15.5 23.5745 83.8351
      vertex 15.5 21.7706 85.7991
    endloop
  endfacet
  facet normal 1 0 0
    outer loop
      vertex 15.5 23.5745 83.8351
      vertex 15.5 21.4711 85.3634
      vertex 15.5 23.1698 83.3076
    endloop
  endfacet
  facet normal 1 -0 0
    outer loop
      vertex 15.5 21.1492 84.9439
      vertex 15.5 23.1698 83.3076
      vertex 15.5 21.4711 85.3634
    endloop
  endfacet
  facet normal 1 0 0
    outer loop
      vertex 15.5 23.1698 83.3076
      vertex 15.5 21.1492 84.9439
      vertex 15.5 22.7379 82.802
    endloop
  endfacet
  facet normal 1 -0 0
    outer loop
      vertex 15.5 20.8058 84.5418
      vertex 15.5 22.7379 82.802
      vertex 15.5 21.1492 84.9439
    endloop
  endfacet
  facet normal 1 0 0
    outer loop
      vertex 15.5 22.7379 82.802
      vertex 15.5 20.8058 84.5418
      vertex 15.5 22.4872 82.5378
    endloop
  endfacet
  facet normal 1 0 0
    outer loop
      vertex 15.5 22.3946 82.4403
      vertex 15.5 22.2675 82.3325
      vertex 15.5 22.2803 82.3197
    endloop
  endfacet
  facet normal 1 -0 0
    outer loop
      vertex 15.5 20.4521 84.1479
      vertex 15.5 22.4872 82.5378
      vertex 15.5 20.8058 84.5418
    endloop
  endfacet
  facet normal 1 0 -0
    outer loop
      vertex 15.5 22.3946 82.4403
      vertex 15.5 22.4872 82.5378
      vertex 15.5 20.4521 84.1479
    endloop
  endfacet
  facet normal 1 0 0
    outer loop
      vertex 15.5 22.4872 82.5378
      vertex 15.5 22.3946 82.4403
      vertex 15.5 22.466 82.5117
    endloop
  endfacet
  facet normal 1 0 0
    outer loop
      vertex 15.5 22.3946 82.4403
      vertex 15.5 20.4521 84.1479
      vertex 15.5 22.2675 82.3325
    endloop
  endfacet
  facet normal 1 0 -0
    outer loop
      vertex 15.5 22.1501 82.2558
      vertex 15.5 22.2675 82.3325
      vertex 15.5 20.4521 84.1479
    endloop
  endfacet
  facet normal 1 0 0
    outer loop
      vertex 15.5 22.2675 82.3325
      vertex 15.5 22.1501 82.2558
      vertex 15.5 22.2641 82.3298
    endloop
  endfacet
  facet normal 1 0 0
    outer loop
      vertex 15.5 22.1501 82.2558
      vertex 15.5 20.4521 84.1479
      vertex 15.5 22.0289 82.1941
    endloop
  endfacet
  facet normal 1 0 0
    outer loop
      vertex 15.5 22.0289 82.1941
      vertex 15.5 20.4521 84.1479
      vertex 15.5 21.9019 82.1453
    endloop
  endfacet
  facet normal 1 0 0
    outer loop
      vertex 15.5 21.9019 82.1453
      vertex 15.5 20.4521 84.1479
      vertex 15.5 21.7705 82.1101
    endloop
  endfacet
  facet normal 1 0 0
    outer loop
      vertex 15.5 21.7705 82.1101
      vertex 15.5 20.4521 84.1479
      vertex 15.5 21.6364 82.0888
    endloop
  endfacet
  facet normal 1 0 0
    outer loop
      vertex 15.5 21.6364 82.0888
      vertex 15.5 20.4521 84.1479
      vertex 15.5 21.5005 82.0817
    endloop
  endfacet
  facet normal 1 0 0
    outer loop
      vertex 15.5 21.5005 82.0817
      vertex 15.5 20.4521 84.1479
      vertex 15.5 21.3646 82.0888
    endloop
  endfacet
  facet normal 1 0 0
    outer loop
      vertex 15.5 21.3646 82.0888
      vertex 15.5 20.4521 84.1479
      vertex 15.5 21.2304 82.1101
    endloop
  endfacet
  facet normal 1 0 0
    outer loop
      vertex 15.5 21.2304 82.1101
      vertex 15.5 20.4521 84.1479
      vertex 15.5 21.099 82.1453
    endloop
  endfacet
  facet normal 1 0 0
    outer loop
      vertex 15.5 21.099 82.1453
      vertex 15.5 20.4521 84.1479
      vertex 15.5 20.972 82.1941
    endloop
  endfacet
  facet normal 1 0 0
    outer loop
      vertex 15.5 20.972 82.1941
      vertex 15.5 20.4521 84.1479
      vertex 15.5 20.8509 82.2558
    endloop
  endfacet
  facet normal 1 0 0
    outer loop
      vertex 15.5 20.8509 82.2558
      vertex 15.5 20.4521 84.1479
      vertex 15.5 20.7368 82.3298
    endloop
  endfacet
  facet normal 1 0 0
    outer loop
      vertex 15.5 20.7368 82.3298
      vertex 15.5 20.4521 84.1479
      vertex 15.5 20.6312 82.4153
    endloop
  endfacet
  facet normal 1 0 0
    outer loop
      vertex 15.5 20.6312 82.4153
      vertex 15.5 20.4521 84.1479
      vertex 15.5 20.5349 82.5117
    endloop
  endfacet
  facet normal 1 0 -0
    outer loop
      vertex 15.5 20.4521 84.1479
      vertex 15.5 20.8058 84.5418
      vertex 15.5 20.4418 84.1582
    endloop
  endfacet
  facet normal 1 0 0
    outer loop
      vertex 15.5 20.3754 84.0305
      vertex 15.5 20.4521 84.1479
      vertex 15.5 20.4494 84.1445
    endloop
  endfacet
  facet normal 1 0 0
    outer loop
      vertex 15.5 20.4521 84.1479
      vertex 15.5 20.4494 82.6172
      vertex 15.5 20.5349 82.5117
    endloop
  endfacet
  facet normal 1 0 0
    outer loop
      vertex 15.5 20.4521 84.1479
      vertex 15.5 20.3754 84.0305
      vertex 15.5 20.4494 82.6172
    endloop
  endfacet
  facet normal 1 0 0
    outer loop
      vertex 15.5 20.3754 84.0305
      vertex 15.5 20.3754 82.7313
      vertex 15.5 20.4494 82.6172
    endloop
  endfacet
  facet normal 1 -0 0
    outer loop
      vertex 15.5 20.3136 83.9094
      vertex 15.5 20.3754 82.7313
      vertex 15.5 20.3754 84.0305
    endloop
  endfacet
  facet normal 1 0 0
    outer loop
      vertex 15.5 20.3136 83.9094
      vertex 15.5 20.3136 82.8524
      vertex 15.5 20.3754 82.7313
    endloop
  endfacet
  facet normal 1 -0 0
    outer loop
      vertex 15.5 20.2649 83.7823
      vertex 15.5 20.3136 82.8524
      vertex 15.5 20.3136 83.9094
    endloop
  endfacet
  facet normal 1 0 0
    outer loop
      vertex 15.5 20.2649 83.7823
      vertex 15.5 20.2649 82.9795
      vertex 15.5 20.3136 82.8524
    endloop
  endfacet
  facet normal 1 -0 0
    outer loop
      vertex 15.5 20.2297 83.651
      vertex 15.5 20.2649 82.9795
      vertex 15.5 20.2649 83.7823
    endloop
  endfacet
  facet normal 1 0 0
    outer loop
      vertex 15.5 20.2297 83.651
      vertex 15.5 20.2297 83.1108
      vertex 15.5 20.2649 82.9795
    endloop
  endfacet
  facet normal 1 -0 0
    outer loop
      vertex 15.5 20.2084 83.5168
      vertex 15.5 20.2297 83.1108
      vertex 15.5 20.2297 83.651
    endloop
  endfacet
  facet normal 1 0 0
    outer loop
      vertex 15.5 20.2084 83.5168
      vertex 15.5 20.2084 83.245
      vertex 15.5 20.2297 83.1108
    endloop
  endfacet
  facet normal 1 0 -0
    outer loop
      vertex 15.5 20.2084 83.245
      vertex 15.5 20.2084 83.5168
      vertex 15.5 20.2013 83.3809
    endloop
  endfacet
  facet normal 0.70698 -0.705053 0.0554934
    outer loop
      vertex 15.5 0.669575 92.6275
      vertex 14.9 0.0728703 92.6902
      vertex 14.9 0.018239 91.9961
    endloop
  endfacet
  facet normal 0.70698 -0.705053 0.0554926
    outer loop
      vertex 15.5 0.617408 91.9647
      vertex 15.5 0.669575 92.6275
      vertex 14.9 0.018239 91.9961
    endloop
  endfacet
  facet normal 0 -0.996917 0.0784654
    outer loop
      vertex -14.9 0.018239 91.9961
      vertex 14.9 0.0728703 92.6902
      vertex -14.9 0.0728703 92.6902
    endloop
  endfacet
  facet normal 0 -0.996917 0.0784654
    outer loop
      vertex 14.9 0.0728703 92.6902
      vertex -14.9 0.018239 91.9961
      vertex 14.9 0.018239 91.9961
    endloop
  endfacet
  facet normal -0.70698 -0.705053 0.0554926
    outer loop
      vertex -14.9 0.0728703 92.6902
      vertex -15.5 0.669575 92.6275
      vertex -15.5 0.617408 91.9647
    endloop
  endfacet
  facet normal -0.70698 -0.705053 0.0554934
    outer loop
      vertex -14.9 0.018239 91.9961
      vertex -14.9 0.0728703 92.6902
      vertex -15.5 0.617408 91.9647
    endloop
  endfacet
  facet normal -1 0 0
    outer loop
      vertex -15.5 20.4494 82.6172
      vertex -15.5 20.4521 84.1479
      vertex -15.5 20.5349 82.5117
    endloop
  endfacet
  facet normal -1 0 0
    outer loop
      vertex -15.5 20.3754 82.7313
      vertex -15.5 20.4521 84.1479
      vertex -15.5 20.4494 82.6172
    endloop
  endfacet
  facet normal -1 0 0
    outer loop
      vertex -15.5 20.3754 84.0305
      vertex -15.5 20.4521 84.1479
      vertex -15.5 20.3754 82.7313
    endloop
  endfacet
  facet normal -1 0 0
    outer loop
      vertex -15.5 20.4521 84.1479
      vertex -15.5 20.3754 84.0305
      vertex -15.5 20.4494 84.1445
    endloop
  endfacet
  facet normal -1 0 0
    outer loop
      vertex -15.5 20.3136 82.8524
      vertex -15.5 20.3754 84.0305
      vertex -15.5 20.3754 82.7313
    endloop
  endfacet
  facet normal -1 0 0
    outer loop
      vertex -15.5 20.3136 82.8524
      vertex -15.5 20.3136 83.9094
      vertex -15.5 20.3754 84.0305
    endloop
  endfacet
  facet normal -1 0 0
    outer loop
      vertex -15.5 20.2649 82.9795
      vertex -15.5 20.3136 83.9094
      vertex -15.5 20.3136 82.8524
    endloop
  endfacet
  facet normal -1 0 0
    outer loop
      vertex -15.5 20.2649 82.9795
      vertex -15.5 20.2649 83.7823
      vertex -15.5 20.3136 83.9094
    endloop
  endfacet
  facet normal -1 0 0
    outer loop
      vertex -15.5 20.2297 83.1108
      vertex -15.5 20.2649 83.7823
      vertex -15.5 20.2649 82.9795
    endloop
  endfacet
  facet normal -1 0 0
    outer loop
      vertex -15.5 20.2297 83.1108
      vertex -15.5 20.2297 83.651
      vertex -15.5 20.2649 83.7823
    endloop
  endfacet
  facet normal -1 0 0
    outer loop
      vertex -15.5 20.2084 83.245
      vertex -15.5 20.2297 83.651
      vertex -15.5 20.2297 83.1108
    endloop
  endfacet
  facet normal -1 0 0
    outer loop
      vertex -15.5 20.2084 83.245
      vertex -15.5 20.2084 83.5168
      vertex -15.5 20.2297 83.651
    endloop
  endfacet
  facet normal -1 0 -0
    outer loop
      vertex -15.5 20.2084 83.5168
      vertex -15.5 20.2084 83.245
      vertex -15.5 20.2013 83.3809
    endloop
  endfacet
  facet normal -1 0 0
    outer loop
      vertex -15.5 23.4 91.3
      vertex -15.5 26 91.3
      vertex -15.5 25.9826 90.6353
    endloop
  endfacet
  facet normal -1 0 0
    outer loop
      vertex -15.5 23.3861 90.7714
      vertex -15.5 25.9826 90.6353
      vertex -15.5 25.9304 89.9725
    endloop
  endfacet
  facet normal -1 0 0
    outer loop
      vertex -15.5 26 91.3
      vertex -15.5 23.4 91.3
      vertex -15.5 25.9826 91.9647
    endloop
  endfacet
  facet normal -1 0 0
    outer loop
      vertex -15.5 23.3447 90.2443
      vertex -15.5 25.9304 89.9725
      vertex -15.5 25.8436 89.3133
    endloop
  endfacet
  facet normal -1 0 0
    outer loop
      vertex -15.5 23.3861 91.8286
      vertex -15.5 25.9826 91.9647
      vertex -15.5 23.4 91.3
    endloop
  endfacet
  facet normal -1 0 0
    outer loop
      vertex -15.5 23.2756 89.72
      vertex -15.5 25.8436 89.3133
      vertex -15.5 25.7225 88.6595
    endloop
  endfacet
  facet normal -1 -0 0
    outer loop
      vertex -15.5 25.9826 91.9647
      vertex -15.5 23.3861 91.8286
      vertex -15.5 25.9304 92.6275
    endloop
  endfacet
  facet normal -1 0 0
    outer loop
      vertex -15.5 23.1793 89.2001
      vertex -15.5 25.7225 88.6595
      vertex -15.5 25.5673 88.013
    endloop
  endfacet
  facet normal -1 0 0
    outer loop
      vertex -15.5 23.3447 92.3557
      vertex -15.5 25.9304 92.6275
      vertex -15.5 23.3861 91.8286
    endloop
  endfacet
  facet normal -1 0 0
    outer loop
      vertex -15.5 23.0558 88.6859
      vertex -15.5 25.5673 88.013
      vertex -15.5 25.3784 87.3755
    endloop
  endfacet
  facet normal -1 -0 0
    outer loop
      vertex -15.5 25.9304 92.6275
      vertex -15.5 23.3447 92.3557
      vertex -15.5 25.8436 93.2867
    endloop
  endfacet
  facet normal -1 0 0
    outer loop
      vertex -15.5 22.9057 88.1789
      vertex -15.5 25.3784 87.3755
      vertex -15.5 25.1565 86.7487
    endloop
  endfacet
  facet normal -1 0 0
    outer loop
      vertex -15.5 23.2756 92.88
      vertex -15.5 25.8436 93.2867
      vertex -15.5 23.3447 92.3557
    endloop
  endfacet
  facet normal -1 0 0
    outer loop
      vertex -15.5 22.7292 87.6805
      vertex -15.5 25.1565 86.7487
      vertex -15.5 24.902 86.1344
    endloop
  endfacet
  facet normal -1 -0 0
    outer loop
      vertex -15.5 25.8436 93.2867
      vertex -15.5 23.2756 92.88
      vertex -15.5 25.7225 93.9405
    endloop
  endfacet
  facet normal -1 0 0
    outer loop
      vertex -15.5 22.5268 87.192
      vertex -15.5 24.902 86.1344
      vertex -15.5 24.6158 85.5343
    endloop
  endfacet
  facet normal -1 0 0
    outer loop
      vertex -15.5 23.1793 93.3999
      vertex -15.5 25.7225 93.9405
      vertex -15.5 23.2756 92.88
    endloop
  endfacet
  facet normal -1 0 0
    outer loop
      vertex -15.5 22.2992 86.7147
      vertex -15.5 24.6158 85.5343
      vertex -15.5 24.2985 84.95
    endloop
  endfacet
  facet normal -1 -0 0
    outer loop
      vertex -15.5 25.7225 93.9405
      vertex -15.5 23.1793 93.3999
      vertex -15.5 25.5673 94.587
    endloop
  endfacet
  facet normal -1 0 0
    outer loop
      vertex -15.5 22.0468 86.25
      vertex -15.5 24.2985 84.95
      vertex -15.5 23.9511 84.3831
    endloop
  endfacet
  facet normal -1 0 0
    outer loop
      vertex -15.5 23.0558 93.9141
      vertex -15.5 25.5673 94.587
      vertex -15.5 23.1793 93.3999
    endloop
  endfacet
  facet normal -1 0 0
    outer loop
      vertex -15.5 21.7706 85.7991
      vertex -15.5 23.9511 84.3831
      vertex -15.5 23.5745 83.8351
    endloop
  endfacet
  facet normal -1 -0 0
    outer loop
      vertex -15.5 25.5673 94.587
      vertex -15.5 23.0558 93.9141
      vertex -15.5 25.3784 95.2245
    endloop
  endfacet
  facet normal -1 0 0
    outer loop
      vertex -15.5 22.9057 94.4211
      vertex -15.5 25.3784 95.2245
      vertex -15.5 23.0558 93.9141
    endloop
  endfacet
  facet normal -1 0 0
    outer loop
      vertex -15.5 25.9826 90.6353
      vertex -15.5 23.3861 90.7714
      vertex -15.5 23.4 91.3
    endloop
  endfacet
  facet normal -1 0 0
    outer loop
      vertex -15.5 25.9304 89.9725
      vertex -15.5 23.3447 90.2443
      vertex -15.5 23.3861 90.7714
    endloop
  endfacet
  facet normal -1 0 0
    outer loop
      vertex -15.5 25.8436 89.3133
      vertex -15.5 23.2756 89.72
      vertex -15.5 23.3447 90.2443
    endloop
  endfacet
  facet normal -1 0 0
    outer loop
      vertex -15.5 25.7225 88.6595
      vertex -15.5 23.1793 89.2001
      vertex -15.5 23.2756 89.72
    endloop
  endfacet
  facet normal -1 0 0
    outer loop
      vertex -15.5 21.4711 85.3634
      vertex -15.5 23.5745 83.8351
      vertex -15.5 23.1698 83.3076
    endloop
  endfacet
  facet normal -1 0 0
    outer loop
      vertex -15.5 25.5673 88.013
      vertex -15.5 23.0558 88.6859
      vertex -15.5 23.1793 89.2001
    endloop
  endfacet
  facet normal -1 0 0
    outer loop
      vertex -15.5 25.3784 87.3755
      vertex -15.5 22.9057 88.1789
      vertex -15.5 23.0558 88.6859
    endloop
  endfacet
  facet normal -1 0 0
    outer loop
      vertex -15.5 21.1492 84.9439
      vertex -15.5 23.1698 83.3076
      vertex -15.5 22.7379 82.802
    endloop
  endfacet
  facet normal -1 0 0
    outer loop
      vertex -15.5 25.1565 86.7487
      vertex -15.5 22.7292 87.6805
      vertex -15.5 22.9057 88.1789
    endloop
  endfacet
  facet normal -1 0 0
    outer loop
      vertex -15.5 24.902 86.1344
      vertex -15.5 22.5268 87.192
      vertex -15.5 22.7292 87.6805
    endloop
  endfacet
  facet normal -1 0 0
    outer loop
      vertex -15.5 20.8058 84.5418
      vertex -15.5 22.7379 82.802
      vertex -15.5 22.4872 82.5378
    endloop
  endfacet
  facet normal -1 0 0
    outer loop
      vertex -15.5 22.3946 82.4403
      vertex -15.5 22.4872 82.5378
      vertex -15.5 22.466 82.5117
    endloop
  endfacet
  facet normal -1 -0 0
    outer loop
      vertex -15.5 22.4872 82.5378
      vertex -15.5 22.3946 82.4403
      vertex -15.5 20.4521 84.1479
    endloop
  endfacet
  facet normal -1 0 0
    outer loop
      vertex -15.5 24.6158 85.5343
      vertex -15.5 22.2992 86.7147
      vertex -15.5 22.5268 87.192
    endloop
  endfacet
  facet normal -1 0 0
    outer loop
      vertex -15.5 22.2675 82.3325
      vertex -15.5 22.3946 82.4403
      vertex -15.5 22.2803 82.3197
    endloop
  endfacet
  facet normal -1 0 0
    outer loop
      vertex -15.5 20.4521 84.1479
      vertex -15.5 22.3946 82.4403
      vertex -15.5 22.2675 82.3325
    endloop
  endfacet
  facet normal -1 0 0
    outer loop
      vertex -15.5 22.1501 82.2558
      vertex -15.5 22.2675 82.3325
      vertex -15.5 22.2641 82.3298
    endloop
  endfacet
  facet normal -1 -0 0
    outer loop
      vertex -15.5 22.2675 82.3325
      vertex -15.5 22.1501 82.2558
      vertex -15.5 20.4521 84.1479
    endloop
  endfacet
  facet normal -1 0 0
    outer loop
      vertex -15.5 24.2985 84.95
      vertex -15.5 22.0468 86.25
      vertex -15.5 22.2992 86.7147
    endloop
  endfacet
  facet normal -1 0 0
    outer loop
      vertex -15.5 20.4521 84.1479
      vertex -15.5 22.1501 82.2558
      vertex -15.5 22.0289 82.1941
    endloop
  endfacet
  facet normal -1 0 0
    outer loop
      vertex -15.5 20.4521 84.1479
      vertex -15.5 22.0289 82.1941
      vertex -15.5 21.9019 82.1453
    endloop
  endfacet
  facet normal -1 0 0
    outer loop
      vertex -15.5 23.9511 84.3831
      vertex -15.5 21.7706 85.7991
      vertex -15.5 22.0468 86.25
    endloop
  endfacet
  facet normal -1 0 0
    outer loop
      vertex -15.5 20.4521 84.1479
      vertex -15.5 21.9019 82.1453
      vertex -15.5 21.7705 82.1101
    endloop
  endfacet
  facet normal -1 0 0
    outer loop
      vertex -15.5 20.4521 84.1479
      vertex -15.5 21.7705 82.1101
      vertex -15.5 21.6364 82.0888
    endloop
  endfacet
  facet normal -1 0 0
    outer loop
      vertex -15.5 20.4521 84.1479
      vertex -15.5 21.6364 82.0888
      vertex -15.5 21.5005 82.0817
    endloop
  endfacet
  facet normal -1 0 0
    outer loop
      vertex -15.5 23.5745 83.8351
      vertex -15.5 21.4711 85.3634
      vertex -15.5 21.7706 85.7991
    endloop
  endfacet
  facet normal -1 0 0
    outer loop
      vertex -15.5 20.4521 84.1479
      vertex -15.5 21.5005 82.0817
      vertex -15.5 21.3646 82.0888
    endloop
  endfacet
  facet normal -1 0 0
    outer loop
      vertex -15.5 20.4521 84.1479
      vertex -15.5 21.3646 82.0888
      vertex -15.5 21.2304 82.1101
    endloop
  endfacet
  facet normal -1 0 0
    outer loop
      vertex -15.5 23.1698 83.3076
      vertex -15.5 21.1492 84.9439
      vertex -15.5 21.4711 85.3634
    endloop
  endfacet
  facet normal -1 0 0
    outer loop
      vertex -15.5 20.4521 84.1479
      vertex -15.5 21.2304 82.1101
      vertex -15.5 21.099 82.1453
    endloop
  endfacet
  facet normal -1 0 0
    outer loop
      vertex -15.5 20.4521 84.1479
      vertex -15.5 21.099 82.1453
      vertex -15.5 20.972 82.1941
    endloop
  endfacet
  facet normal -1 0 0
    outer loop
      vertex -15.5 20.4521 84.1479
      vertex -15.5 20.972 82.1941
      vertex -15.5 20.8509 82.2558
    endloop
  endfacet
  facet normal -1 0 0
    outer loop
      vertex -15.5 22.7379 82.802
      vertex -15.5 20.8058 84.5418
      vertex -15.5 21.1492 84.9439
    endloop
  endfacet
  facet normal -1 0 0
    outer loop
      vertex -15.5 20.4521 84.1479
      vertex -15.5 20.8509 82.2558
      vertex -15.5 20.7368 82.3298
    endloop
  endfacet
  facet normal -1 0 0
    outer loop
      vertex -15.5 20.4521 84.1479
      vertex -15.5 20.7368 82.3298
      vertex -15.5 20.6312 82.4153
    endloop
  endfacet
  facet normal -1 0 0
    outer loop
      vertex -15.5 20.4521 84.1479
      vertex -15.5 20.6312 82.4153
      vertex -15.5 20.5349 82.5117
    endloop
  endfacet
  facet normal -1 0 0
    outer loop
      vertex -15.5 22.4872 82.5378
      vertex -15.5 20.4521 84.1479
      vertex -15.5 20.8058 84.5418
    endloop
  endfacet
  facet normal -1 0 0
    outer loop
      vertex -15.5 20.8058 84.5418
      vertex -15.5 20.4521 84.1479
      vertex -15.5 20.4418 84.1582
    endloop
  endfacet
  facet normal -1 -0 0
    outer loop
      vertex -15.5 25.3784 95.2245
      vertex -15.5 22.9057 94.4211
      vertex -15.5 25.1565 95.8513
    endloop
  endfacet
  facet normal -1 0 0
    outer loop
      vertex -15.5 22.7292 94.9195
      vertex -15.5 25.1565 95.8513
      vertex -15.5 22.9057 94.4211
    endloop
  endfacet
  facet normal -1 -0 0
    outer loop
      vertex -15.5 25.1565 95.8513
      vertex -15.5 22.7292 94.9195
      vertex -15.5 24.902 96.4656
    endloop
  endfacet
  facet normal -1 0 0
    outer loop
      vertex -15.5 22.5268 95.408
      vertex -15.5 24.902 96.4656
      vertex -15.5 22.7292 94.9195
    endloop
  endfacet
  facet normal -1 -0 0
    outer loop
      vertex -15.5 24.902 96.4656
      vertex -15.5 22.5268 95.408
      vertex -15.5 24.6158 97.0657
    endloop
  endfacet
  facet normal -1 0 0
    outer loop
      vertex -15.5 22.2992 95.8853
      vertex -15.5 24.6158 97.0657
      vertex -15.5 22.5268 95.408
    endloop
  endfacet
  facet normal -1 -0 0
    outer loop
      vertex -15.5 24.6158 97.0657
      vertex -15.5 22.2992 95.8853
      vertex -15.5 24.2985 97.65
    endloop
  endfacet
  facet normal -1 0 0
    outer loop
      vertex -15.5 22.0468 96.35
      vertex -15.5 24.2985 97.65
      vertex -15.5 22.2992 95.8853
    endloop
  endfacet
  facet normal -1 -0 0
    outer loop
      vertex -15.5 24.2985 97.65
      vertex -15.5 22.0468 96.35
      vertex -15.5 23.9511 98.2169
    endloop
  endfacet
  facet normal -1 0 0
    outer loop
      vertex -15.5 21.7706 96.8008
      vertex -15.5 23.9511 98.2169
      vertex -15.5 22.0468 96.35
    endloop
  endfacet
  facet normal -1 -0 0
    outer loop
      vertex -15.5 23.9511 98.2169
      vertex -15.5 21.7706 96.8008
      vertex -15.5 23.5745 98.7649
    endloop
  endfacet
  facet normal -1 0 0
    outer loop
      vertex -15.5 21.4711 97.2366
      vertex -15.5 23.5745 98.7649
      vertex -15.5 21.7706 96.8008
    endloop
  endfacet
  facet normal -1 -0 0
    outer loop
      vertex -15.5 23.5745 98.7649
      vertex -15.5 21.4711 97.2366
      vertex -15.5 23.1698 99.2924
    endloop
  endfacet
  facet normal -1 0 0
    outer loop
      vertex -15.5 21.1492 97.6561
      vertex -15.5 23.1698 99.2924
      vertex -15.5 21.4711 97.2366
    endloop
  endfacet
  facet normal -1 -0 0
    outer loop
      vertex -15.5 23.1698 99.2924
      vertex -15.5 21.1492 97.6561
      vertex -15.5 22.7379 99.798
    endloop
  endfacet
  facet normal -1 0 0
    outer loop
      vertex -15.5 20.8058 98.0582
      vertex -15.5 22.7379 99.798
      vertex -15.5 21.1492 97.6561
    endloop
  endfacet
  facet normal -1 -0 0
    outer loop
      vertex -15.5 22.7379 99.798
      vertex -15.5 20.8058 98.0582
      vertex -15.5 22.2803 100.28
    endloop
  endfacet
  facet normal -1 0 0
    outer loop
      vertex -15.5 20.4418 98.4418
      vertex -15.5 22.2803 100.28
      vertex -15.5 20.8058 98.0582
    endloop
  endfacet
  facet normal -1 -0 0
    outer loop
      vertex -15.5 22.2803 100.28
      vertex -15.5 20.4418 98.4418
      vertex -15.5 21.798 100.738
    endloop
  endfacet
  facet normal -1 0 0
    outer loop
      vertex -15.5 20.0582 98.8058
      vertex -15.5 21.798 100.738
      vertex -15.5 20.4418 98.4418
    endloop
  endfacet
  facet normal -1 -0 0
    outer loop
      vertex -15.5 21.798 100.738
      vertex -15.5 20.0582 98.8058
      vertex -15.5 21.2924 101.17
    endloop
  endfacet
  facet normal -1 0 0
    outer loop
      vertex -15.5 19.6561 99.1492
      vertex -15.5 21.2924 101.17
      vertex -15.5 20.0582 98.8058
    endloop
  endfacet
  facet normal -1 -0 0
    outer loop
      vertex -15.5 21.2924 101.17
      vertex -15.5 19.6561 99.1492
      vertex -15.5 20.7649 101.575
    endloop
  endfacet
  facet normal -1 0 0
    outer loop
      vertex -15.5 19.2366 99.4711
      vertex -15.5 20.7649 101.575
      vertex -15.5 19.6561 99.1492
    endloop
  endfacet
  facet normal -1 -0 0
    outer loop
      vertex -15.5 20.7649 101.575
      vertex -15.5 19.2366 99.4711
      vertex -15.5 20.2169 101.951
    endloop
  endfacet
  facet normal -1 0 0
    outer loop
      vertex -15.5 18.8008 99.7706
      vertex -15.5 20.2169 101.951
      vertex -15.5 19.2366 99.4711
    endloop
  endfacet
  facet normal -1 -0 0
    outer loop
      vertex -15.5 20.2169 101.951
      vertex -15.5 18.8008 99.7706
      vertex -15.5 19.65 102.299
    endloop
  endfacet
  facet normal -1 0 0
    outer loop
      vertex -15.5 18.35 100.047
      vertex -15.5 19.65 102.299
      vertex -15.5 18.8008 99.7706
    endloop
  endfacet
  facet normal -1 -0 0
    outer loop
      vertex -15.5 19.65 102.299
      vertex -15.5 18.35 100.047
      vertex -15.5 19.0657 102.616
    endloop
  endfacet
  facet normal -1 0 0
    outer loop
      vertex -15.5 17.8853 100.299
      vertex -15.5 19.0657 102.616
      vertex -15.5 18.35 100.047
    endloop
  endfacet
  facet normal -1 -0 0
    outer loop
      vertex -15.5 19.0657 102.616
      vertex -15.5 17.8853 100.299
      vertex -15.5 18.4656 102.902
    endloop
  endfacet
  facet normal -1 0 0
    outer loop
      vertex -15.5 17.408 100.527
      vertex -15.5 18.4656 102.902
      vertex -15.5 17.8853 100.299
    endloop
  endfacet
  facet normal -1 -0 0
    outer loop
      vertex -15.5 18.4656 102.902
      vertex -15.5 17.408 100.527
      vertex -15.5 17.8513 103.156
    endloop
  endfacet
  facet normal -1 0 0
    outer loop
      vertex -15.5 16.9195 100.729
      vertex -15.5 17.8513 103.156
      vertex -15.5 17.408 100.527
    endloop
  endfacet
  facet normal -1 -0 0
    outer loop
      vertex -15.5 17.8513 103.156
      vertex -15.5 16.9195 100.729
      vertex -15.5 17.2245 103.378
    endloop
  endfacet
  facet normal -1 0 0
    outer loop
      vertex -15.5 16.4211 100.906
      vertex -15.5 17.2245 103.378
      vertex -15.5 16.9195 100.729
    endloop
  endfacet
  facet normal -1 -0 0
    outer loop
      vertex -15.5 17.2245 103.378
      vertex -15.5 16.4211 100.906
      vertex -15.5 16.587 103.567
    endloop
  endfacet
  facet normal -1 0 0
    outer loop
      vertex -15.5 15.9141 101.056
      vertex -15.5 16.587 103.567
      vertex -15.5 16.4211 100.906
    endloop
  endfacet
  facet normal -1 -0 0
    outer loop
      vertex -15.5 16.587 103.567
      vertex -15.5 15.9141 101.056
      vertex -15.5 15.9405 103.722
    endloop
  endfacet
  facet normal -1 0 0
    outer loop
      vertex -15.5 15.3999 101.179
      vertex -15.5 15.9405 103.722
      vertex -15.5 15.9141 101.056
    endloop
  endfacet
  facet normal -1 0 0
    outer loop
      vertex -15.5 15.3999 101.179
      vertex -15.5 15.2867 103.844
      vertex -15.5 15.9405 103.722
    endloop
  endfacet
  facet normal -1 0 0
    outer loop
      vertex -15.5 14.88 101.276
      vertex -15.5 15.2867 103.844
      vertex -15.5 15.3999 101.179
    endloop
  endfacet
  facet normal -1 0 0
    outer loop
      vertex -15.5 14.88 101.276
      vertex -15.5 14.6275 103.93
      vertex -15.5 15.2867 103.844
    endloop
  endfacet
  facet normal -1 0 0
    outer loop
      vertex -15.5 14.3557 101.345
      vertex -15.5 14.6275 103.93
      vertex -15.5 14.88 101.276
    endloop
  endfacet
  facet normal -1 0 0
    outer loop
      vertex -15.5 14.3557 101.345
      vertex -15.5 13.9647 103.983
      vertex -15.5 14.6275 103.93
    endloop
  endfacet
  facet normal -1 0 0
    outer loop
      vertex -15.5 13.8286 101.386
      vertex -15.5 13.9647 103.983
      vertex -15.5 14.3557 101.345
    endloop
  endfacet
  facet normal -1 0 0
    outer loop
      vertex -15.5 13.3 101.4
      vertex -15.5 13.9647 103.983
      vertex -15.5 13.8286 101.386
    endloop
  endfacet
  facet normal -1 0 0
    outer loop
      vertex -15.5 13.3 101.4
      vertex -15.5 13.3 104
      vertex -15.5 13.9647 103.983
    endloop
  endfacet
  facet normal -1 0 0
    outer loop
      vertex -15.5 12.7714 101.386
      vertex -15.5 13.3 104
      vertex -15.5 13.3 101.4
    endloop
  endfacet
  facet normal -1 0 0
    outer loop
      vertex -15.5 12.7714 101.386
      vertex -15.5 12.6353 103.983
      vertex -15.5 13.3 104
    endloop
  endfacet
  facet normal -1 0 0
    outer loop
      vertex -15.5 12.2443 101.345
      vertex -15.5 12.6353 103.983
      vertex -15.5 12.7714 101.386
    endloop
  endfacet
  facet normal -1 0 0
    outer loop
      vertex -15.5 12.2443 101.345
      vertex -15.5 11.9725 103.93
      vertex -15.5 12.6353 103.983
    endloop
  endfacet
  facet normal -1 0 0
    outer loop
      vertex -15.5 11.72 101.276
      vertex -15.5 11.9725 103.93
      vertex -15.5 12.2443 101.345
    endloop
  endfacet
  facet normal -1 0 0
    outer loop
      vertex -15.5 11.72 101.276
      vertex -15.5 11.3133 103.844
      vertex -15.5 11.9725 103.93
    endloop
  endfacet
  facet normal -1 0 0
    outer loop
      vertex -15.5 11.2001 101.179
      vertex -15.5 11.3133 103.844
      vertex -15.5 11.72 101.276
    endloop
  endfacet
  facet normal -1 0 0
    outer loop
      vertex -15.5 10.6595 103.722
      vertex -15.5 11.2001 101.179
      vertex -15.5 10.6859 101.056
    endloop
  endfacet
  facet normal -1 0 0
    outer loop
      vertex -15.5 11.2001 101.179
      vertex -15.5 10.6595 103.722
      vertex -15.5 11.3133 103.844
    endloop
  endfacet
  facet normal -1 0 0
    outer loop
      vertex -15.5 10.013 103.567
      vertex -15.5 10.6859 101.056
      vertex -15.5 10.1789 100.906
    endloop
  endfacet
  facet normal -1 0 0
    outer loop
      vertex -15.5 10.6859 101.056
      vertex -15.5 10.013 103.567
      vertex -15.5 10.6595 103.722
    endloop
  endfacet
  facet normal -1 0 0
    outer loop
      vertex -15.5 9.37548 103.378
      vertex -15.5 10.1789 100.906
      vertex -15.5 9.68049 100.729
    endloop
  endfacet
  facet normal -1 0 0
    outer loop
      vertex -15.5 10.1789 100.906
      vertex -15.5 9.37548 103.378
      vertex -15.5 10.013 103.567
    endloop
  endfacet
  facet normal -1 0 0
    outer loop
      vertex -15.5 8.74873 103.156
      vertex -15.5 9.68049 100.729
      vertex -15.5 9.19196 100.527
    endloop
  endfacet
  facet normal -1 0 0
    outer loop
      vertex -15.5 9.68049 100.729
      vertex -15.5 8.74873 103.156
      vertex -15.5 9.37548 103.378
    endloop
  endfacet
  facet normal -1 0 0
    outer loop
      vertex -15.5 8.13445 102.902
      vertex -15.5 9.19196 100.527
      vertex -15.5 8.7147 100.299
    endloop
  endfacet
  facet normal -1 0 0
    outer loop
      vertex -15.5 7.53432 102.616
      vertex -15.5 8.7147 100.299
      vertex -15.5 8.25 100.047
    endloop
  endfacet
  facet normal -1 0 0
    outer loop
      vertex -15.5 9.19196 100.527
      vertex -15.5 8.13445 102.902
      vertex -15.5 8.74873 103.156
    endloop
  endfacet
  facet normal -1 0 0
    outer loop
      vertex -15.5 6.95 102.299
      vertex -15.5 8.25 100.047
      vertex -15.5 7.79915 99.7706
    endloop
  endfacet
  facet normal -1 0 0
    outer loop
      vertex -15.5 8.7147 100.299
      vertex -15.5 7.53432 102.616
      vertex -15.5 8.13445 102.902
    endloop
  endfacet
  facet normal -1 0 0
    outer loop
      vertex -15.5 6.38309 101.951
      vertex -15.5 7.79915 99.7706
      vertex -15.5 7.36337 99.4711
    endloop
  endfacet
  facet normal -1 0 0
    outer loop
      vertex -15.5 8.25 100.047
      vertex -15.5 6.95 102.299
      vertex -15.5 7.53432 102.616
    endloop
  endfacet
  facet normal -1 0 0
    outer loop
      vertex -15.5 5.83513 101.575
      vertex -15.5 7.36337 99.4711
      vertex -15.5 6.94387 99.1492
    endloop
  endfacet
  facet normal -1 0 0
    outer loop
      vertex -15.5 5.30763 101.17
      vertex -15.5 6.94387 99.1492
      vertex -15.5 6.54179 98.8058
    endloop
  endfacet
  facet normal -1 0 0
    outer loop
      vertex -15.5 7.79915 99.7706
      vertex -15.5 6.38309 101.951
      vertex -15.5 6.95 102.299
    endloop
  endfacet
  facet normal -1 0 0
    outer loop
      vertex -15.5 4.80204 100.738
      vertex -15.5 6.54179 98.8058
      vertex -15.5 6.15823 98.4418
    endloop
  endfacet
  facet normal -1 0 0
    outer loop
      vertex -15.5 7.36337 99.4711
      vertex -15.5 5.83513 101.575
      vertex -15.5 6.38309 101.951
    endloop
  endfacet
  facet normal -1 0 0
    outer loop
      vertex -15.5 4.31975 100.28
      vertex -15.5 6.15823 98.4418
      vertex -15.5 5.79424 98.0582
    endloop
  endfacet
  facet normal -1 0 0
    outer loop
      vertex -15.5 3.86206 99.798
      vertex -15.5 5.79424 98.0582
      vertex -15.5 5.45083 97.6561
    endloop
  endfacet
  facet normal -1 0 0
    outer loop
      vertex -15.5 6.94387 99.1492
      vertex -15.5 5.30763 101.17
      vertex -15.5 5.83513 101.575
    endloop
  endfacet
  facet normal -1 0 0
    outer loop
      vertex -15.5 3.43025 99.2924
      vertex -15.5 5.45083 97.6561
      vertex -15.5 5.12893 97.2366
    endloop
  endfacet
  facet normal -1 0 0
    outer loop
      vertex -15.5 3.02549 98.7649
      vertex -15.5 5.12893 97.2366
      vertex -15.5 4.82943 96.8008
    endloop
  endfacet
  facet normal -1 0 0
    outer loop
      vertex -15.5 6.54179 98.8058
      vertex -15.5 4.80204 100.738
      vertex -15.5 5.30763 101.17
    endloop
  endfacet
  facet normal -1 0 0
    outer loop
      vertex -15.5 2.64889 98.2169
      vertex -15.5 4.82943 96.8008
      vertex -15.5 4.55315 96.35
    endloop
  endfacet
  facet normal -1 0 0
    outer loop
      vertex -15.5 6.15823 98.4418
      vertex -15.5 4.31975 100.28
      vertex -15.5 4.80204 100.738
    endloop
  endfacet
  facet normal -1 0 0
    outer loop
      vertex -15.5 2.30148 97.65
      vertex -15.5 4.55315 96.35
      vertex -15.5 4.30084 95.8853
    endloop
  endfacet
  facet normal -1 0 0
    outer loop
      vertex -15.5 1.98422 97.0657
      vertex -15.5 4.30084 95.8853
      vertex -15.5 4.0732 95.408
    endloop
  endfacet
  facet normal -1 0 0
    outer loop
      vertex -15.5 1.69798 96.4656
      vertex -15.5 4.0732 95.408
      vertex -15.5 3.87085 94.9195
    endloop
  endfacet
  facet normal -1 0 0
    outer loop
      vertex -15.5 5.79424 98.0582
      vertex -15.5 3.86206 99.798
      vertex -15.5 4.31975 100.28
    endloop
  endfacet
  facet normal -1 0 0
    outer loop
      vertex -15.5 1.44353 95.8513
      vertex -15.5 3.87085 94.9195
      vertex -15.5 3.69434 94.4211
    endloop
  endfacet
  facet normal -1 0 0
    outer loop
      vertex -15.5 1.22158 95.2245
      vertex -15.5 3.69434 94.4211
      vertex -15.5 3.54416 93.9141
    endloop
  endfacet
  facet normal -1 0 0
    outer loop
      vertex -15.5 5.45083 97.6561
      vertex -15.5 3.43025 99.2924
      vertex -15.5 3.86206 99.798
    endloop
  endfacet
  facet normal -1 0 0
    outer loop
      vertex -15.5 1.03274 94.587
      vertex -15.5 3.54416 93.9141
      vertex -15.5 3.42072 93.3999
    endloop
  endfacet
  facet normal -1 0 0
    outer loop
      vertex -15.5 0.877528 93.9405
      vertex -15.5 3.42072 93.3999
      vertex -15.5 3.32436 92.88
    endloop
  endfacet
  facet normal -1 0 0
    outer loop
      vertex -15.5 0.756361 93.2867
      vertex -15.5 3.32436 92.88
      vertex -15.5 3.25534 92.3557
    endloop
  endfacet
  facet normal -1 0 0
    outer loop
      vertex -15.5 0.669575 92.6275
      vertex -15.5 3.25534 92.3557
      vertex -15.5 3.21385 91.8286
    endloop
  endfacet
  facet normal -1 0 0
    outer loop
      vertex -15.5 5.12893 97.2366
      vertex -15.5 3.02549 98.7649
      vertex -15.5 3.43025 99.2924
    endloop
  endfacet
  facet normal -1 0 0
    outer loop
      vertex -15.5 0.617408 91.9647
      vertex -15.5 3.21385 91.8286
      vertex -15.5 3.20001 91.3
    endloop
  endfacet
  facet normal -1 0 0
    outer loop
      vertex -15.5 4.82943 96.8008
      vertex -15.5 2.64889 98.2169
      vertex -15.5 3.02549 98.7649
    endloop
  endfacet
  facet normal -1 0 0
    outer loop
      vertex -15.5 4.55315 96.35
      vertex -15.5 2.30148 97.65
      vertex -15.5 2.64889 98.2169
    endloop
  endfacet
  facet normal -1 0 0
    outer loop
      vertex -15.5 4.30084 95.8853
      vertex -15.5 1.98422 97.0657
      vertex -15.5 2.30148 97.65
    endloop
  endfacet
  facet normal -1 0 0
    outer loop
      vertex -15.5 4.0732 95.408
      vertex -15.5 1.69798 96.4656
      vertex -15.5 1.98422 97.0657
    endloop
  endfacet
  facet normal -1 0 0
    outer loop
      vertex -15.5 3.87085 94.9195
      vertex -15.5 1.44353 95.8513
      vertex -15.5 1.69798 96.4656
    endloop
  endfacet
  facet normal -1 0 0
    outer loop
      vertex -15.5 3.69434 94.4211
      vertex -15.5 1.22158 95.2245
      vertex -15.5 1.44353 95.8513
    endloop
  endfacet
  facet normal -1 0 0
    outer loop
      vertex -15.5 3.54416 93.9141
      vertex -15.5 1.03274 94.587
      vertex -15.5 1.22158 95.2245
    endloop
  endfacet
  facet normal -1 0 0
    outer loop
      vertex -15.5 3.42072 93.3999
      vertex -15.5 0.877528 93.9405
      vertex -15.5 1.03274 94.587
    endloop
  endfacet
  facet normal -1 0 0
    outer loop
      vertex -15.5 3.32436 92.88
      vertex -15.5 0.756361 93.2867
      vertex -15.5 0.877528 93.9405
    endloop
  endfacet
  facet normal -1 0 0
    outer loop
      vertex -15.5 3.25534 92.3557
      vertex -15.5 0.669575 92.6275
      vertex -15.5 0.756361 93.2867
    endloop
  endfacet
  facet normal -1 0 0
    outer loop
      vertex -15.5 3.21385 91.8286
      vertex -15.5 0.617408 91.9647
      vertex -15.5 0.669575 92.6275
    endloop
  endfacet
  facet normal -1 0 -0
    outer loop
      vertex -15.5 0.617408 91.9647
      vertex -15.5 3.20001 91.3
      vertex -15.5 0.600002 91.3
    endloop
  endfacet
  facet normal -0.706981 0.70699 -0.0185137
    outer loop
      vertex -14.9 3.81302 91.7972
      vertex -14.9 3.8 91.3
      vertex -15.5 3.21385 91.8286
    endloop
  endfacet
  facet normal -0.70698 0.706992 -0.0185107
    outer loop
      vertex -15.5 3.21385 91.8286
      vertex -14.9 3.8 91.3
      vertex -15.5 3.20001 91.3
    endloop
  endfacet
  facet normal 0 0.999657 -0.0261777
    outer loop
      vertex 14.9 3.8 91.3
      vertex -14.9 3.81302 91.7972
      vertex 14.9 3.81302 91.7972
    endloop
  endfacet
  facet normal 0 0.999657 -0.0261777
    outer loop
      vertex -14.9 3.81302 91.7972
      vertex 14.9 3.8 91.3
      vertex -14.9 3.8 91.3
    endloop
  endfacet
  facet normal 0.706981 0.70699 -0.0185107
    outer loop
      vertex 15.5 3.21385 91.8286
      vertex 15.5 3.20001 91.3
      vertex 14.9 3.81302 91.7972
    endloop
  endfacet
  facet normal 0.706956 0.707015 -0.0185223
    outer loop
      vertex 14.9 3.81302 91.7972
      vertex 15.3943 3.30589 91.3059
      vertex 14.901 3.79999 91.338
    endloop
  endfacet
  facet normal 0.707081 0.706897 -0.0182754
    outer loop
      vertex 15.5 3.20001 91.3
      vertex 15.3943 3.30589 91.3059
      vertex 14.9 3.81302 91.7972
    endloop
  endfacet
  facet normal 0.707152 0.706869 -0.0164898
    outer loop
      vertex 15.3943 3.30589 91.3059
      vertex 15.5 3.20001 91.3
      vertex 15.4002 3.29985 91.3
    endloop
  endfacet
  facet normal 0.999654 0 -0.0263067
    outer loop
      vertex 14.9 3.8 91.3
      vertex 14.901 3.79999 91.338
      vertex 14.9 3.79999 91.3
    endloop
  endfacet
  facet normal 0.70878 0.705188 -0.0184665
    outer loop
      vertex 14.901 3.79999 91.338
      vertex 14.9 3.8 91.3
      vertex 14.9 3.81302 91.7972
    endloop
  endfacet
  facet normal 1 0 0
    outer loop
      vertex 15.5 3.21385 91.8286
      vertex 15.5 0.617408 91.9647
      vertex 15.5 0.600002 91.3
    endloop
  endfacet
  facet normal 1 0 -0
    outer loop
      vertex 15.5 3.20001 91.3
      vertex 15.5 3.21385 91.8286
      vertex 15.5 0.600002 91.3
    endloop
  endfacet
  facet normal 0.708887 -0.70508 0.0184615
    outer loop
      vertex 14.901 0.0141098 91.8
      vertex 14.9 0.018239 91.9961
      vertex 14.9 0.0131044 91.8
    endloop
  endfacet
  facet normal 0.70698 -0.706992 0.018492
    outer loop
      vertex 14.9 0.018239 91.9961
      vertex 14.901 0.0141098 91.8
      vertex 15.5 0.617408 91.9647
    endloop
  endfacet
  facet normal 0.706975 -0.706996 0.0185241
    outer loop
      vertex 15.5 0.617408 91.9647
      vertex 14.901 0.0141098 91.8
      vertex 15.1375 0.244396 91.5631
    endloop
  endfacet
  facet normal 0.707142 -0.706817 0.0189696
    outer loop
      vertex 15.5 0.600002 91.3
      vertex 15.1375 0.244396 91.5631
      vertex 15.4002 0.500156 91.3
    endloop
  endfacet
  facet normal 0.706981 -0.70699 0.0185134
    outer loop
      vertex 15.1375 0.244396 91.5631
      vertex 15.5 0.600002 91.3
      vertex 15.5 0.617408 91.9647
    endloop
  endfacet
  facet normal 0 -0.999657 0.0261746
    outer loop
      vertex -14.9 0.018239 91.9961
      vertex -14.9 0.0131044 91.8
      vertex 14.9 0.018239 91.9961
    endloop
  endfacet
  facet normal 1 0 -0
    outer loop
      vertex -14.9 0.0131044 91.8
      vertex -14.9 0.018239 91.9961
      vertex -14.9 0.0131042 91.8
    endloop
  endfacet
  facet normal 0 -0.999657 0.0261746
    outer loop
      vertex 14.9 0.018239 91.9961
      vertex -14.9 0.0131044 91.8
      vertex 14.9 0.0131044 91.8
    endloop
  endfacet
  facet normal -0.70698 -0.706991 0.0185134
    outer loop
      vertex -14.9 0.018239 91.9961
      vertex -15.5 0.617408 91.9647
      vertex -15.5 0.600002 91.3
    endloop
  endfacet
  facet normal -0.692111 -0.692197 -0.204563
    outer loop
      vertex -15.5 0.600002 91.3
      vertex -15.1571 0.257145 91.3
      vertex -15.3999 0.499885 91.3001
    endloop
  endfacet
  facet normal -0.707053 -0.706914 0.0186907
    outer loop
      vertex -14.9 0.0131042 91.8
      vertex -15.5 0.600002 91.3
      vertex -15.3999 0.499885 91.3001
    endloop
  endfacet
  facet normal -0.70698 -0.706991 0.0185123
    outer loop
      vertex -15.5 0.600002 91.3
      vertex -14.9 0.0131042 91.8
      vertex -14.9 0.018239 91.9961
    endloop
  endfacet
  facet normal -1 0 0
    outer loop
      vertex -14.9 22.6173 81.8438
      vertex -14.9 22.694 81.906
      vertex -14.9 22.6941 81.9059
    endloop
  endfacet
  facet normal -0.707099 0.445389 -0.549217
    outer loop
      vertex -14.9 22.6173 81.8438
      vertex -15.4753 22.285 82.315
      vertex -14.9 22.694 81.906
    endloop
  endfacet
  facet normal -0.706984 0.448021 -0.547221
    outer loop
      vertex -15.4753 22.285 82.315
      vertex -14.9 22.6173 81.8438
      vertex -15.5 22.2641 82.3298
    endloop
  endfacet
  facet normal -0.707096 -0.630029 -0.321059
    outer loop
      vertex -14.9 19.7647 82.6081
      vertex -15.5 20.3136 82.8524
      vertex -14.9 19.855 82.4309
    endloop
  endfacet
  facet normal -0.707058 -0.444828 -0.549724
    outer loop
      vertex -14.9 20.2291 81.9689
      vertex -15.5 20.7368 82.3298
      vertex -14.9 20.3837 81.8438
    endloop
  endfacet
  facet normal 0 -0.156402 -0.987694
    outer loop
      vertex -14.9 21.1055 81.5224
      vertex 14.901 21.3019 81.4913
      vertex 14.901 21.1055 81.5224
    endloop
  endfacet
  facet normal -0 -0.156402 -0.987694
    outer loop
      vertex 14.901 21.3019 81.4913
      vertex -14.9 21.1055 81.5224
      vertex -14.9 21.3019 81.4913
    endloop
  endfacet
  facet normal 0 -0.358608 -0.933488
    outer loop
      vertex -14.9 20.7277 81.6452
      vertex 14.901 20.9133 81.5739
      vertex 14.901 20.7277 81.6452
    endloop
  endfacet
  facet normal -0 -0.358608 -0.933488
    outer loop
      vertex 14.901 20.9133 81.5739
      vertex -14.9 20.7277 81.6452
      vertex -14.9 20.9133 81.5739
    endloop
  endfacet
  facet normal -0.707085 -0.500275 -0.499756
    outer loop
      vertex -14.9 20.2291 81.9689
      vertex -15.5 20.5349 82.5117
      vertex -15.5 20.6312 82.4153
    endloop
  endfacet
  facet normal -0.707137 -0.499979 -0.499979
    outer loop
      vertex -15.5 20.5349 82.5117
      vertex -14.9 20.2291 81.9689
      vertex -14.9 20.0885 82.1095
    endloop
  endfacet
  facet normal -0.695873 0.446614 -0.562402
    outer loop
      vertex -15.4971 22.2695 82.3305
      vertex -15.5 22.2641 82.3298
      vertex -15.5 22.2675 82.3325
    endloop
  endfacet
  facet normal -0.707483 0.450529 -0.544511
    outer loop
      vertex -15.5 22.2641 82.3298
      vertex -15.4971 22.2695 82.3305
      vertex -15.4753 22.285 82.315
    endloop
  endfacet
  facet normal -0.707079 0.110597 -0.698432
    outer loop
      vertex -14.9 21.6991 81.4913
      vertex -15.5 21.6364 82.0888
      vertex -14.9 21.8955 81.5224
    endloop
  endfacet
  facet normal 0 -0.838719 -0.544564
    outer loop
      vertex -14.9 19.9633 82.2641
      vertex 14.901 19.855 82.4309
      vertex -14.9 19.855 82.4309
    endloop
  endfacet
  facet normal 0 -0.838719 -0.544564
    outer loop
      vertex 14.901 19.855 82.4309
      vertex -14.9 19.9633 82.2641
      vertex 14.901 19.9633 82.2641
    endloop
  endfacet
  facet normal -0.707116 -0.660287 0.252997
    outer loop
      vertex -15.5 20.3136 83.9094
      vertex -15.5 20.2649 83.7823
      vertex -14.9 19.6935 83.968
    endloop
  endfacet
  facet normal 0 0.156402 -0.987694
    outer loop
      vertex -14.9 21.6991 81.4913
      vertex 14.901 21.8955 81.5224
      vertex 14.901 21.6991 81.4913
    endloop
  endfacet
  facet normal 0 0.156402 -0.987694
    outer loop
      vertex 14.901 21.8955 81.5224
      vertex -14.9 21.6991 81.4913
      vertex -14.9 21.8955 81.5224
    endloop
  endfacet
  facet normal -0.707116 -0.660287 -0.252997
    outer loop
      vertex -14.9 19.6935 82.7938
      vertex -15.5 20.2649 82.9795
      vertex -15.5 20.3136 82.8524
    endloop
  endfacet
  facet normal -0.707105 -0.68299 0.183103
    outer loop
      vertex -14.9 19.6935 83.968
      vertex -15.5 20.2297 83.651
      vertex -14.9 19.642 83.7759
    endloop
  endfacet
  facet normal 0 -0.777103 0.629373
    outer loop
      vertex -14.9 19.9633 84.4977
      vertex 14.9 20.0255 84.5745
      vertex -14.9 20.0255 84.5745
    endloop
  endfacet
  facet normal 0 -0.777103 0.629373
    outer loop
      vertex 14.901 19.9633 84.4977
      vertex 14.9 20.0255 84.5745
      vertex -14.9 19.9633 84.4977
    endloop
  endfacet
  facet normal 0 -0.777103 0.629373
    outer loop
      vertex 14.9 20.0255 84.5745
      vertex 14.901 19.9633 84.4977
      vertex 14.901 20.0255 84.5745
    endloop
  endfacet
  facet normal -0.707107 -0.253574 -0.660076
    outer loop
      vertex -14.9 20.7277 81.6452
      vertex -15.5 20.972 82.1941
      vertex -14.9 20.9133 81.5739
    endloop
  endfacet
  facet normal -0.707153 -0.629793 -0.321397
    outer loop
      vertex -14.9 19.855 82.4309
      vertex -15.5 20.3136 82.8524
      vertex -15.5 20.3754 82.7313
    endloop
  endfacet
  facet normal -0.707104 -0.320773 -0.630165
    outer loop
      vertex -14.9 20.5505 81.7354
      vertex -15.5 20.972 82.1941
      vertex -14.9 20.7277 81.6452
    endloop
  endfacet
  facet normal 0 -0.25882 -0.965926
    outer loop
      vertex -14.9 20.9133 81.5739
      vertex 14.901 21.1055 81.5224
      vertex 14.901 20.9133 81.5739
    endloop
  endfacet
  facet normal -0 -0.25882 -0.965926
    outer loop
      vertex 14.901 21.1055 81.5224
      vertex -14.9 20.9133 81.5739
      vertex -14.9 21.1055 81.5224
    endloop
  endfacet
  facet normal -0.707105 -0.68299 -0.183103
    outer loop
      vertex -14.9 19.642 82.9859
      vertex -15.5 20.2297 83.1108
      vertex -14.9 19.6935 82.7938
    endloop
  endfacet
  facet normal -0.707096 -0.706154 0.0368925
    outer loop
      vertex -15.5 20.2084 83.5168
      vertex -15.5 20.2013 83.3809
      vertex -14.9 19.6005 83.3809
    endloop
  endfacet
  facet normal -0.707099 -0.59307 -0.385069
    outer loop
      vertex -14.9 19.855 82.4309
      vertex -15.5 20.4494 82.6172
      vertex -14.9 19.9633 82.2641
    endloop
  endfacet
  facet normal 0 -0.998632 -0.0522949
    outer loop
      vertex -14.9 19.6109 83.1823
      vertex 14.901 19.6005 83.3809
      vertex -14.9 19.6005 83.3809
    endloop
  endfacet
  facet normal 0 -0.998632 -0.0522949
    outer loop
      vertex 14.901 19.6005 83.3809
      vertex -14.9 19.6109 83.1823
      vertex 14.901 19.6109 83.1823
    endloop
  endfacet
  facet normal 1 0 0
    outer loop
      vertex -14.9 22.9124 82.1095
      vertex -14.9 22.8184 82.0155
      vertex -14.9 22.8186 82.0157
    endloop
  endfacet
  facet normal -0.707094 0.500009 -0.500009
    outer loop
      vertex -15.0497 22.7128 82.1216
      vertex -14.9 22.9124 82.1095
      vertex -14.9 22.8186 82.0157
    endloop
  endfacet
  facet normal -0.707139 0.50005 -0.499904
    outer loop
      vertex -15.0497 22.7128 82.1216
      vertex -15.5 22.466 82.5117
      vertex -14.9 22.9124 82.1095
    endloop
  endfacet
  facet normal -0.707151 0.499969 -0.499969
    outer loop
      vertex -15.5 22.466 82.5117
      vertex -15.0497 22.7128 82.1216
      vertex -15.5 22.3946 82.4403
    endloop
  endfacet
  facet normal -0.707084 0.0369793 -0.706162
    outer loop
      vertex -14.9 21.5005 81.4809
      vertex -15.5 21.6364 82.0888
      vertex -14.9 21.6991 81.4913
    endloop
  endfacet
  facet normal 0.707704 -0.11075 -0.697775
    outer loop
      vertex 15.5 21.2304 82.1101
      vertex 14.901 21.1055 81.5224
      vertex 15.5 21.3646 82.0888
    endloop
  endfacet
  facet normal -0.707131 -0.593044 0.385052
    outer loop
      vertex -14.9 19.9633 84.4977
      vertex -15.5 20.4494 84.1445
      vertex -14.9 19.855 84.3309
    endloop
  endfacet
  facet normal 0 -0.890982 0.454039
    outer loop
      vertex -14.9 19.7647 84.1537
      vertex 14.901 19.855 84.3309
      vertex -14.9 19.855 84.3309
    endloop
  endfacet
  facet normal 0 -0.890982 0.454039
    outer loop
      vertex 14.901 19.855 84.3309
      vertex -14.9 19.7647 84.1537
      vertex 14.901 19.7647 84.1537
    endloop
  endfacet
  facet normal 0 -0.987694 0.156402
    outer loop
      vertex -14.9 19.6109 83.5795
      vertex 14.901 19.642 83.7759
      vertex -14.9 19.642 83.7759
    endloop
  endfacet
  facet normal 0 -0.987694 0.156402
    outer loop
      vertex 14.901 19.642 83.7759
      vertex -14.9 19.6109 83.5795
      vertex 14.901 19.6109 83.5795
    endloop
  endfacet
  facet normal -0.707086 -0.444968 -0.549575
    outer loop
      vertex -14.9 20.2291 81.9689
      vertex -15.5 20.6312 82.4153
      vertex -15.5 20.7368 82.3298
    endloop
  endfacet
  facet normal -0.707095 -0.660252 -0.25315
    outer loop
      vertex -14.9 19.6935 82.7938
      vertex -15.5 20.3136 82.8524
      vertex -14.9 19.7647 82.6081
    endloop
  endfacet
  facet normal 0.707686 -0.549062 -0.444648
    outer loop
      vertex 15.5 20.4494 82.6172
      vertex 14.901 19.9633 82.2641
      vertex 14.901 20.0885 82.1095
    endloop
  endfacet
  facet normal 0 0.258946 -0.965892
    outer loop
      vertex -14.9 21.8955 81.5224
      vertex 14.901 22.0876 81.5739
      vertex 14.901 21.8955 81.5224
    endloop
  endfacet
  facet normal 0 0.258946 -0.965892
    outer loop
      vertex 14.901 22.0876 81.5739
      vertex -14.9 21.8955 81.5224
      vertex -14.9 22.0876 81.5739
    endloop
  endfacet
  facet normal -0.707009 0.550479 -0.443973
    outer loop
      vertex -14.9 22.9124 82.1095
      vertex -15.1908 22.7207 82.3349
      vertex -15.0814 22.8033 82.2631
    endloop
  endfacet
  facet normal -0.707119 0.549662 -0.444809
    outer loop
      vertex -15.5 22.466 82.5117
      vertex -15.1908 22.7207 82.3349
      vertex -14.9 22.9124 82.1095
    endloop
  endfacet
  facet normal -0.707071 0.548888 -0.44584
    outer loop
      vertex -15.1908 22.7207 82.3349
      vertex -15.5 22.466 82.5117
      vertex -15.5 22.4872 82.5378
    endloop
  endfacet
  facet normal -0.707096 -0.0368925 -0.706154
    outer loop
      vertex -14.9 21.5005 81.4809
      vertex -15.5 21.3646 82.0888
      vertex -15.5 21.5005 82.0817
    endloop
  endfacet
  facet normal 0 0.0522949 -0.998632
    outer loop
      vertex -14.9 21.5005 81.4809
      vertex 14.901 21.6991 81.4913
      vertex 14.901 21.5005 81.4809
    endloop
  endfacet
  facet normal 0 0.0522949 -0.998632
    outer loop
      vertex 14.901 21.6991 81.4913
      vertex -14.9 21.5005 81.4809
      vertex -14.9 21.6991 81.4913
    endloop
  endfacet
  facet normal -0.707105 -0.682991 0.183102
    outer loop
      vertex -15.5 20.2649 83.7823
      vertex -15.5 20.2297 83.651
      vertex -14.9 19.6935 83.968
    endloop
  endfacet
  facet normal 0.707742 -0.629267 0.321129
    outer loop
      vertex 15.5 20.3754 84.0305
      vertex 14.901 19.855 84.3309
      vertex 15.5 20.3136 83.9094
    endloop
  endfacet
  facet normal 0.707675 -0.499857 -0.499339
    outer loop
      vertex 15.5 20.5349 82.5117
      vertex 14.901 20.2291 81.9689
      vertex 15.5 20.6312 82.4153
    endloop
  endfacet
  facet normal 0.707726 -0.499562 -0.499562
    outer loop
      vertex 14.901 20.2291 81.9689
      vertex 15.5 20.5349 82.5117
      vertex 14.901 20.0885 82.1095
    endloop
  endfacet
  facet normal 0 -0.965892 0.258946
    outer loop
      vertex -14.9 19.642 83.7759
      vertex 14.901 19.6935 83.968
      vertex -14.9 19.6935 83.968
    endloop
  endfacet
  facet normal 0 -0.965892 0.258946
    outer loop
      vertex 14.901 19.6935 83.968
      vertex -14.9 19.642 83.7759
      vertex 14.901 19.642 83.7759
    endloop
  endfacet
  facet normal 0 -0.998632 0.0522949
    outer loop
      vertex -14.9 19.6005 83.3809
      vertex 14.901 19.6109 83.5795
      vertex -14.9 19.6109 83.5795
    endloop
  endfacet
  facet normal 0 -0.998632 0.0522949
    outer loop
      vertex 14.901 19.6109 83.5795
      vertex -14.9 19.6005 83.3809
      vertex 14.901 19.6005 83.3809
    endloop
  endfacet
  facet normal 0.707689 -0.592576 -0.384748
    outer loop
      vertex 15.5 20.4494 82.6172
      vertex 14.901 19.855 82.4309
      vertex 14.901 19.9633 82.2641
    endloop
  endfacet
  facet normal -0.707126 0.110921 -0.698333
    outer loop
      vertex -14.9 21.8955 81.5224
      vertex -15.5 21.6364 82.0888
      vertex -15.5 21.7705 82.1101
    endloop
  endfacet
  facet normal 0.707697 -0.18286 -0.682442
    outer loop
      vertex 15.5 21.2304 82.1101
      vertex 14.901 20.9133 81.5739
      vertex 14.901 21.1055 81.5224
    endloop
  endfacet
  facet normal -0.707142 -0.593077 0.38498
    outer loop
      vertex -15.5 20.4494 84.1445
      vertex -15.5 20.3754 84.0305
      vertex -14.9 19.855 84.3309
    endloop
  endfacet
  facet normal -0.707079 -0.698432 0.110597
    outer loop
      vertex -14.9 19.642 83.7759
      vertex -15.5 20.2084 83.5168
      vertex -14.9 19.6109 83.5795
    endloop
  endfacet
  facet normal 0 0.544918 -0.83849
    outer loop
      vertex -14.9 22.4505 81.7354
      vertex 14.901 22.6173 81.8438
      vertex 14.901 22.4505 81.7354
    endloop
  endfacet
  facet normal 0 0.544918 -0.83849
    outer loop
      vertex 14.901 22.6173 81.8438
      vertex -14.9 22.4505 81.7354
      vertex -14.9 22.6173 81.8438
    endloop
  endfacet
  facet normal 0 0.453639 -0.891185
    outer loop
      vertex -14.9 22.2733 81.6452
      vertex 14.901 22.4505 81.7354
      vertex 14.901 22.2733 81.6452
    endloop
  endfacet
  facet normal 0 0.453639 -0.891185
    outer loop
      vertex 14.901 22.4505 81.7354
      vertex -14.9 22.2733 81.6452
      vertex -14.9 22.4505 81.7354
    endloop
  endfacet
  facet normal 0 -0.933721 0.358002
    outer loop
      vertex -14.9 19.6935 83.968
      vertex 14.901 19.7647 84.1537
      vertex -14.9 19.7647 84.1537
    endloop
  endfacet
  facet normal 0 -0.933721 0.358002
    outer loop
      vertex 14.901 19.7647 84.1537
      vertex -14.9 19.6935 83.968
      vertex 14.901 19.6935 83.968
    endloop
  endfacet
  facet normal 0 -0.965892 -0.258946
    outer loop
      vertex -14.9 19.6935 82.7938
      vertex 14.901 19.642 82.9859
      vertex -14.9 19.642 82.9859
    endloop
  endfacet
  facet normal 0 -0.965892 -0.258946
    outer loop
      vertex 14.901 19.642 82.9859
      vertex -14.9 19.6935 82.7938
      vertex 14.901 19.6935 82.7938
    endloop
  endfacet
  facet normal 0 -0.777128 -0.629343
    outer loop
      vertex -14.9 20.0885 82.1095
      vertex 14.901 19.9633 82.2641
      vertex -14.9 19.9633 82.2641
    endloop
  endfacet
  facet normal 0 -0.777128 -0.629343
    outer loop
      vertex 14.901 19.9633 82.2641
      vertex -14.9 20.0885 82.1095
      vertex 14.901 20.0885 82.1095
    endloop
  endfacet
  facet normal -0.707079 -0.698432 -0.110597
    outer loop
      vertex -14.9 19.6109 83.1823
      vertex -15.5 20.2084 83.245
      vertex -14.9 19.642 82.9859
    endloop
  endfacet
  facet normal -0.707132 -0.549333 -0.445194
    outer loop
      vertex -14.9 20.0885 82.1095
      vertex -15.5 20.4494 82.6172
      vertex -15.5 20.5349 82.5117
    endloop
  endfacet
  facet normal 0 -0.838719 0.544564
    outer loop
      vertex -14.9 19.855 84.3309
      vertex 14.901 19.9633 84.4977
      vertex -14.9 19.9633 84.4977
    endloop
  endfacet
  facet normal 0 -0.838719 0.544564
    outer loop
      vertex 14.901 19.9633 84.4977
      vertex -14.9 19.855 84.3309
      vertex 14.901 19.855 84.3309
    endloop
  endfacet
  facet normal -0.707101 0.182973 -0.683029
    outer loop
      vertex -14.9 22.0876 81.5739
      vertex -15.5 21.7705 82.1101
      vertex -15.5 21.9019 82.1453
    endloop
  endfacet
  facet normal -0.707115 -0.698357 -0.110842
    outer loop
      vertex -14.9 19.642 82.9859
      vertex -15.5 20.2084 83.245
      vertex -15.5 20.2297 83.1108
    endloop
  endfacet
  facet normal -0.707115 -0.110842 -0.698357
    outer loop
      vertex -14.9 21.1055 81.5224
      vertex -15.5 21.2304 82.1101
      vertex -15.5 21.3646 82.0888
    endloop
  endfacet
  facet normal -0.707084 -0.706162 0.0369793
    outer loop
      vertex -14.9 19.6109 83.5795
      vertex -15.5 20.2084 83.5168
      vertex -14.9 19.6005 83.3809
    endloop
  endfacet
  facet normal -0.707131 0.320761 -0.630142
    outer loop
      vertex -14.9 22.2733 81.6452
      vertex -15.5 22.0289 82.1941
      vertex -14.9 22.4505 81.7354
    endloop
  endfacet
  facet normal 0 0.628761 -0.777598
    outer loop
      vertex 14.901 22.6173 81.8438
      vertex 14.9 22.6941 81.9059
      vertex 14.901 22.6941 81.9059
    endloop
  endfacet
  facet normal 0 0.628761 -0.777598
    outer loop
      vertex -14.9 22.6173 81.8438
      vertex 14.9 22.6941 81.9059
      vertex 14.901 22.6173 81.8438
    endloop
  endfacet
  facet normal 0 0.628761 -0.777598
    outer loop
      vertex 14.9 22.6941 81.9059
      vertex -14.9 22.6173 81.8438
      vertex -14.9 22.6941 81.9059
    endloop
  endfacet
  facet normal 0 -0.987694 -0.156402
    outer loop
      vertex -14.9 19.642 82.9859
      vertex 14.901 19.6109 83.1823
      vertex -14.9 19.6109 83.1823
    endloop
  endfacet
  facet normal 0 -0.987694 -0.156402
    outer loop
      vertex 14.901 19.6109 83.1823
      vertex -14.9 19.642 82.9859
      vertex 14.901 19.642 82.9859
    endloop
  endfacet
  facet normal 0.707689 -0.549023 0.44469
    outer loop
      vertex 14.901 19.9633 84.4977
      vertex 15.4753 20.4345 84.1655
      vertex 14.9024 20.0265 84.5735
    endloop
  endfacet
  facet normal 0.708737 -0.548226 0.444006
    outer loop
      vertex 14.901 19.9633 84.4977
      vertex 14.9024 20.0265 84.5735
      vertex 14.901 20.0255 84.5745
    endloop
  endfacet
  facet normal 0.707834 -0.551757 0.441062
    outer loop
      vertex 15.4753 20.4345 84.1655
      vertex 14.901 19.9633 84.4977
      vertex 15.5 20.4494 84.1445
    endloop
  endfacet
  facet normal -0.707105 -0.682991 -0.183102
    outer loop
      vertex -14.9 19.6935 82.7938
      vertex -15.5 20.2297 83.1108
      vertex -15.5 20.2649 82.9795
    endloop
  endfacet
  facet normal 0.707714 0.253238 -0.659554
    outer loop
      vertex 15.5 22.0289 82.1941
      vertex 14.901 22.0876 81.5739
      vertex 14.901 22.2733 81.6452
    endloop
  endfacet
  facet normal 0 -0.0522949 -0.998632
    outer loop
      vertex -14.9 21.3019 81.4913
      vertex 14.901 21.5005 81.4809
      vertex 14.901 21.3019 81.4913
    endloop
  endfacet
  facet normal -0 -0.0522949 -0.998632
    outer loop
      vertex 14.901 21.5005 81.4809
      vertex -14.9 21.3019 81.4913
      vertex -14.9 21.5005 81.4809
    endloop
  endfacet
  facet normal -0.70715 -0.593225 -0.384738
    outer loop
      vertex -14.9 19.855 82.4309
      vertex -15.5 20.3754 82.7313
      vertex -15.5 20.4494 82.6172
    endloop
  endfacet
  facet normal 0.707696 0.499789 -0.499377
    outer loop
      vertex 14.901 22.9124 82.1095
      vertex 15.3645 22.4844 82.338
      vertex 14.901 22.7913 81.9883
    endloop
  endfacet
  facet normal 0.707741 0.499967 -0.499134
    outer loop
      vertex 15.5 22.466 82.5117
      vertex 15.3645 22.4844 82.338
      vertex 14.901 22.9124 82.1095
    endloop
  endfacet
  facet normal 0.70798 0.499382 -0.499382
    outer loop
      vertex 15.3645 22.4844 82.338
      vertex 15.5 22.466 82.5117
      vertex 15.5 22.3946 82.4403
    endloop
  endfacet
  facet normal 0.707721 -0.592549 0.38473
    outer loop
      vertex 14.901 19.9633 84.4977
      vertex 14.901 19.855 84.3309
      vertex 15.5 20.4494 84.1445
    endloop
  endfacet
  facet normal 0 -0.933721 -0.358002
    outer loop
      vertex -14.9 19.7647 82.6081
      vertex 14.901 19.6935 82.7938
      vertex -14.9 19.6935 82.7938
    endloop
  endfacet
  facet normal 0 -0.933721 -0.358002
    outer loop
      vertex 14.901 19.6935 82.7938
      vertex -14.9 19.7647 82.6081
      vertex 14.901 19.7647 82.6081
    endloop
  endfacet
  facet normal -0.707107 -0.183013 -0.683012
    outer loop
      vertex -14.9 20.9133 81.5739
      vertex -15.5 21.2304 82.1101
      vertex -14.9 21.1055 81.5224
    endloop
  endfacet
  facet normal 0 -0.629039 -0.777374
    outer loop
      vertex -14.9 20.2291 81.9689
      vertex 14.901 20.3837 81.8438
      vertex 14.901 20.2291 81.9689
    endloop
  endfacet
  facet normal -0 -0.629039 -0.777374
    outer loop
      vertex 14.901 20.3837 81.8438
      vertex -14.9 20.2291 81.9689
      vertex -14.9 20.3837 81.8438
    endloop
  endfacet
  facet normal -0.707097 -0.54952 -0.445019
    outer loop
      vertex -14.9 19.9633 82.2641
      vertex -15.5 20.4494 82.6172
      vertex -14.9 20.0885 82.1095
    endloop
  endfacet
  facet normal -0.707115 -0.698357 0.110842
    outer loop
      vertex -15.5 20.2297 83.651
      vertex -15.5 20.2084 83.5168
      vertex -14.9 19.642 83.7759
    endloop
  endfacet
  facet normal -0.707096 -0.706154 -0.0368925
    outer loop
      vertex -14.9 19.6005 83.3809
      vertex -15.5 20.2013 83.3809
      vertex -15.5 20.2084 83.245
    endloop
  endfacet
  facet normal -0.707084 -0.706162 -0.0369793
    outer loop
      vertex -14.9 19.6005 83.3809
      vertex -15.5 20.2084 83.245
      vertex -14.9 19.6109 83.1823
    endloop
  endfacet
  facet normal -0.707321 -0.554361 0.438612
    outer loop
      vertex -14.9 19.9633 84.4977
      vertex -15.4753 20.4345 84.1655
      vertex -15.5 20.4494 84.1445
    endloop
  endfacet
  facet normal -0.707058 -0.549205 0.44547
    outer loop
      vertex -15.4753 20.4345 84.1655
      vertex -14.9 19.9633 84.4977
      vertex -14.9026 20.0274 84.5726
    endloop
  endfacet
  facet normal -0.716737 -0.541908 0.438889
    outer loop
      vertex -14.9026 20.0274 84.5726
      vertex -14.9 19.9633 84.4977
      vertex -14.9 20.0255 84.5745
    endloop
  endfacet
  facet normal -0.707095 -0.660252 0.25315
    outer loop
      vertex -14.9 19.7647 84.1537
      vertex -15.5 20.3136 83.9094
      vertex -14.9 19.6935 83.968
    endloop
  endfacet
  facet normal 0 -0.453639 -0.891185
    outer loop
      vertex -14.9 20.5505 81.7354
      vertex 14.901 20.7277 81.6452
      vertex 14.901 20.5505 81.7354
    endloop
  endfacet
  facet normal -0 -0.453639 -0.891185
    outer loop
      vertex 14.901 20.7277 81.6452
      vertex -14.9 20.5505 81.7354
      vertex -14.9 20.7277 81.6452
    endloop
  endfacet
  facet normal 0.70766 0.549309 -0.444385
    outer loop
      vertex 15.116 22.7829 82.2918
      vertex 14.901 22.9124 82.1095
      vertex 14.901 22.9484 82.154
    endloop
  endfacet
  facet normal -0.707079 -0.110597 -0.698432
    outer loop
      vertex -14.9 21.1055 81.5224
      vertex -15.5 21.3646 82.0888
      vertex -14.9 21.3019 81.4913
    endloop
  endfacet
  facet normal 0.069713 0.775557 -0.627417
    outer loop
      vertex 14.901 22.9124 82.1095
      vertex 14.9 22.9404 82.144
      vertex 14.901 22.9484 82.154
    endloop
  endfacet
  facet normal 0 0.776458 -0.630169
    outer loop
      vertex -14.9 22.9124 82.1095
      vertex 14.9 22.9404 82.144
      vertex 14.901 22.9124 82.1095
    endloop
  endfacet
  facet normal 0 0.776458 -0.630169
    outer loop
      vertex 14.9 22.9404 82.144
      vertex -14.9 22.9124 82.1095
      vertex -14.9 22.9404 82.144
    endloop
  endfacet
  facet normal 0 -0.890982 -0.454039
    outer loop
      vertex -14.9 19.855 82.4309
      vertex 14.901 19.7647 82.6081
      vertex -14.9 19.7647 82.6081
    endloop
  endfacet
  facet normal 0 -0.890982 -0.454039
    outer loop
      vertex 14.901 19.7647 82.6081
      vertex -14.9 19.855 82.4309
      vertex 14.901 19.855 82.4309
    endloop
  endfacet
  facet normal 0.707694 -0.320505 -0.62964
    outer loop
      vertex 15.5 20.972 82.1941
      vertex 14.901 20.5505 81.7354
      vertex 14.901 20.7277 81.6452
    endloop
  endfacet
  facet normal 0.707674 -0.0369484 -0.705573
    outer loop
      vertex 15.5 21.3646 82.0888
      vertex 14.901 21.3019 81.4913
      vertex 14.901 21.5005 81.4809
    endloop
  endfacet
  facet normal -0.707141 -0.32099 -0.630014
    outer loop
      vertex -14.9 20.5505 81.7354
      vertex -15.5 20.8509 82.2558
      vertex -15.5 20.972 82.1941
    endloop
  endfacet
  facet normal -0.70715 -0.384738 -0.593225
    outer loop
      vertex -14.9 20.5505 81.7354
      vertex -15.5 20.7368 82.3298
      vertex -15.5 20.8509 82.2558
    endloop
  endfacet
  facet normal -0.707096 0.0368925 -0.706154
    outer loop
      vertex -14.9 21.5005 81.4809
      vertex -15.5 21.5005 82.0817
      vertex -15.5 21.6364 82.0888
    endloop
  endfacet
  facet normal 0.695873 0.446614 -0.562402
    outer loop
      vertex 15.5 22.2641 82.3298
      vertex 15.4971 22.2695 82.3305
      vertex 15.5 22.2675 82.3325
    endloop
  endfacet
  facet normal 0.707483 0.450529 -0.544511
    outer loop
      vertex 15.4971 22.2695 82.3305
      vertex 15.5 22.2641 82.3298
      vertex 15.4753 22.285 82.315
    endloop
  endfacet
  facet normal 0.70772 0.320493 -0.629616
    outer loop
      vertex 15.5 22.0289 82.1941
      vertex 14.901 22.2733 81.6452
      vertex 14.901 22.4505 81.7354
    endloop
  endfacet
  facet normal -0.70712 0.183099 -0.682976
    outer loop
      vertex -14.9 21.8955 81.5224
      vertex -15.5 21.7705 82.1101
      vertex -14.9 22.0876 81.5739
    endloop
  endfacet
  facet normal -0.0547819 0.706336 -0.705753
    outer loop
      vertex 14.9 22.8184 82.0155
      vertex 14.901 22.9124 82.1095
      vertex 14.901 22.7913 81.9883
    endloop
  endfacet
  facet normal 0 0.707107 -0.707107
    outer loop
      vertex -14.9 22.9124 82.1095
      vertex 14.9 22.8184 82.0155
      vertex -14.9 22.8184 82.0155
    endloop
  endfacet
  facet normal 0 0.707107 -0.707107
    outer loop
      vertex 14.9 22.8184 82.0155
      vertex -14.9 22.9124 82.1095
      vertex 14.901 22.9124 82.1095
    endloop
  endfacet
  facet normal 0.707696 -0.253363 -0.659525
    outer loop
      vertex 15.5 20.972 82.1941
      vertex 14.901 20.7277 81.6452
      vertex 14.901 20.9133 81.5739
    endloop
  endfacet
  facet normal 0 -0.707107 -0.707107
    outer loop
      vertex -14.9 20.2291 81.9689
      vertex 14.901 20.0885 82.1095
      vertex -14.9 20.0885 82.1095
    endloop
  endfacet
  facet normal 0 -0.707107 -0.707107
    outer loop
      vertex 14.901 20.0885 82.1095
      vertex -14.9 20.2291 81.9689
      vertex 14.901 20.2291 81.9689
    endloop
  endfacet
  facet normal -0.707057 -0.385342 -0.592943
    outer loop
      vertex -14.9 20.3837 81.8438
      vertex -15.5 20.7368 82.3298
      vertex -14.9 20.5505 81.7354
    endloop
  endfacet
  facet normal 0 -0.544918 -0.83849
    outer loop
      vertex -14.9 20.3837 81.8438
      vertex 14.901 20.5505 81.7354
      vertex 14.901 20.3837 81.8438
    endloop
  endfacet
  facet normal -0 -0.544918 -0.83849
    outer loop
      vertex 14.901 20.5505 81.7354
      vertex -14.9 20.3837 81.8438
      vertex -14.9 20.5505 81.7354
    endloop
  endfacet
  facet normal -0.707096 -0.630029 0.321059
    outer loop
      vertex -14.9 19.855 84.3309
      vertex -15.5 20.3136 83.9094
      vertex -14.9 19.7647 84.1537
    endloop
  endfacet
  facet normal -0.70709 0.385324 -0.592916
    outer loop
      vertex -14.9 22.4505 81.7354
      vertex -15.5 22.2641 82.3298
      vertex -14.9 22.6173 81.8438
    endloop
  endfacet
  facet normal -0.707099 -0.25363 -0.660063
    outer loop
      vertex -14.9 20.9133 81.5739
      vertex -15.5 20.972 82.1941
      vertex -15.5 21.099 82.1453
    endloop
  endfacet
  facet normal -1 0 0
    outer loop
      vertex -14.9 22.9124 82.1095
      vertex -14.9 22.9403 82.1439
      vertex -14.9 22.9404 82.144
    endloop
  endfacet
  facet normal -0.70728 0.549051 -0.445306
    outer loop
      vertex -14.9 22.9403 82.1439
      vertex -14.9 22.9124 82.1095
      vertex -15.0814 22.8033 82.2631
    endloop
  endfacet
  facet normal 0 0.35844 -0.933553
    outer loop
      vertex -14.9 22.0876 81.5739
      vertex 14.901 22.2733 81.6452
      vertex 14.901 22.0876 81.5739
    endloop
  endfacet
  facet normal 0 0.35844 -0.933553
    outer loop
      vertex 14.901 22.2733 81.6452
      vertex -14.9 22.0876 81.5739
      vertex -14.9 22.2733 81.6452
    endloop
  endfacet
  facet normal 0.707676 -0.444597 -0.549116
    outer loop
      vertex 15.5 20.6312 82.4153
      vertex 14.901 20.2291 81.9689
      vertex 15.5 20.7368 82.3298
    endloop
  endfacet
  facet normal -0.707099 0.25363 -0.660063
    outer loop
      vertex -14.9 22.0876 81.5739
      vertex -15.5 21.9019 82.1453
      vertex -15.5 22.0289 82.1941
    endloop
  endfacet
  facet normal 0.707686 -0.705565 0.0368618
    outer loop
      vertex 15.5 20.2084 83.5168
      vertex 14.901 19.6005 83.3809
      vertex 15.5 20.2013 83.3809
    endloop
  endfacet
  facet normal -0.707505 -0.553431 0.439489
    outer loop
      vertex -15.5 20.4521 84.1479
      vertex -15.5 20.4494 84.1445
      vertex -15.4753 20.4345 84.1655
    endloop
  endfacet
  facet normal -0.707153 -0.629793 0.321397
    outer loop
      vertex -15.5 20.3754 84.0305
      vertex -15.5 20.3136 83.9094
      vertex -14.9 19.855 84.3309
    endloop
  endfacet
  facet normal -0.707084 -0.0369793 -0.706162
    outer loop
      vertex -14.9 21.3019 81.4913
      vertex -15.5 21.3646 82.0888
      vertex -14.9 21.5005 81.4809
    endloop
  endfacet
  facet normal -0.707101 -0.182973 -0.683029
    outer loop
      vertex -14.9 20.9133 81.5739
      vertex -15.5 21.099 82.1453
      vertex -15.5 21.2304 82.1101
    endloop
  endfacet
  facet normal 0.707669 -0.110505 -0.697849
    outer loop
      vertex 15.5 21.3646 82.0888
      vertex 14.901 21.1055 81.5224
      vertex 14.901 21.3019 81.4913
    endloop
  endfacet
  facet normal -0.707124 0.253449 -0.660105
    outer loop
      vertex -14.9 22.0876 81.5739
      vertex -15.5 22.0289 82.1941
      vertex -14.9 22.2733 81.6452
    endloop
  endfacet
  facet normal -0.707135 0.320782 -0.630126
    outer loop
      vertex -14.9 22.4505 81.7354
      vertex -15.5 22.0289 82.1941
      vertex -15.5 22.1501 82.2558
    endloop
  endfacet
  facet normal -0.707142 0.38498 -0.593077
    outer loop
      vertex -14.9 22.4505 81.7354
      vertex -15.5 22.1501 82.2558
      vertex -15.5 22.2641 82.3298
    endloop
  endfacet
  facet normal 0.707695 -0.682421 0.18295
    outer loop
      vertex 14.901 19.6935 83.968
      vertex 14.901 19.642 83.7759
      vertex 15.5 20.2297 83.651
    endloop
  endfacet
  facet normal 0.707669 0.110505 -0.697849
    outer loop
      vertex 15.5 21.6364 82.0888
      vertex 14.901 21.6991 81.4913
      vertex 14.901 21.8955 81.5224
    endloop
  endfacet
  facet normal 0.707669 -0.697849 -0.110505
    outer loop
      vertex 15.5 20.2084 83.245
      vertex 14.901 19.6109 83.1823
      vertex 14.901 19.642 82.9859
    endloop
  endfacet
  facet normal 0.707722 -0.548875 -0.444822
    outer loop
      vertex 15.5 20.4494 82.6172
      vertex 14.901 20.0885 82.1095
      vertex 15.5 20.5349 82.5117
    endloop
  endfacet
  facet normal 0.70773 -0.320722 -0.629488
    outer loop
      vertex 15.5 20.8509 82.2558
      vertex 14.901 20.5505 81.7354
      vertex 15.5 20.972 82.1941
    endloop
  endfacet
  facet normal 0.707739 -0.59273 -0.384417
    outer loop
      vertex 15.5 20.3754 82.7313
      vertex 14.901 19.855 82.4309
      vertex 15.5 20.4494 82.6172
    endloop
  endfacet
  facet normal 0.707369 0.550831 -0.442961
    outer loop
      vertex 15.2188 22.7038 82.3576
      vertex 14.901 22.9124 82.1095
      vertex 15.116 22.7829 82.2918
    endloop
  endfacet
  facet normal 0.707783 0.548334 -0.44539
    outer loop
      vertex 15.5 22.466 82.5117
      vertex 15.2188 22.7038 82.3576
      vertex 15.5 22.4872 82.5378
    endloop
  endfacet
  facet normal 0.707755 0.548028 -0.445811
    outer loop
      vertex 15.2188 22.7038 82.3576
      vertex 15.5 22.466 82.5117
      vertex 14.901 22.9124 82.1095
    endloop
  endfacet
  facet normal 0.707691 0.18282 -0.682459
    outer loop
      vertex 15.5 21.7705 82.1101
      vertex 14.901 22.0876 81.5739
      vertex 15.5 21.9019 82.1453
    endloop
  endfacet
  facet normal 0.707694 -0.682421 0.182949
    outer loop
      vertex 15.5 20.2649 83.7823
      vertex 14.901 19.6935 83.968
      vertex 15.5 20.2297 83.651
    endloop
  endfacet
  facet normal 0.707688 -0.253419 -0.659512
    outer loop
      vertex 15.5 20.972 82.1941
      vertex 14.901 20.9133 81.5739
      vertex 15.5 21.099 82.1453
    endloop
  endfacet
  facet normal 0.707648 -0.444457 -0.549265
    outer loop
      vertex 15.5 20.7368 82.3298
      vertex 14.901 20.2291 81.9689
      vertex 14.901 20.3837 81.8438
    endloop
  endfacet
  facet normal 0.707647 -0.38502 -0.592448
    outer loop
      vertex 15.5 20.7368 82.3298
      vertex 14.901 20.3837 81.8438
      vertex 14.901 20.5505 81.7354
    endloop
  endfacet
  facet normal 0.707732 0.384659 -0.592582
    outer loop
      vertex 15.5 22.1501 82.2558
      vertex 14.901 22.4505 81.7354
      vertex 15.5 22.2641 82.3298
    endloop
  endfacet
  facet normal 0.707669 -0.697849 0.110505
    outer loop
      vertex 14.901 19.642 83.7759
      vertex 14.901 19.6109 83.5795
      vertex 15.5 20.2084 83.5168
    endloop
  endfacet
  facet normal 0.707688 0.253419 -0.659512
    outer loop
      vertex 15.5 21.9019 82.1453
      vertex 14.901 22.0876 81.5739
      vertex 15.5 22.0289 82.1941
    endloop
  endfacet
  facet normal 0.707686 0.0368618 -0.705565
    outer loop
      vertex 15.5 21.5005 82.0817
      vertex 14.901 21.5005 81.4809
      vertex 15.5 21.6364 82.0888
    endloop
  endfacet
  facet normal 0.707674 0.0369484 -0.705573
    outer loop
      vertex 15.5 21.6364 82.0888
      vertex 14.901 21.5005 81.4809
      vertex 14.901 21.6991 81.4913
    endloop
  endfacet
  facet normal 0.707704 -0.697775 0.11075
    outer loop
      vertex 15.5 20.2297 83.651
      vertex 14.901 19.642 83.7759
      vertex 15.5 20.2084 83.5168
    endloop
  endfacet
  facet normal 0.707691 -0.18282 -0.682459
    outer loop
      vertex 15.5 21.099 82.1453
      vertex 14.901 20.9133 81.5739
      vertex 15.5 21.2304 82.1101
    endloop
  endfacet
  facet normal 0.707739 -0.384417 -0.59273
    outer loop
      vertex 15.5 20.7368 82.3298
      vertex 14.901 20.5505 81.7354
      vertex 15.5 20.8509 82.2558
    endloop
  endfacet
  facet normal 0.707674 -0.705573 0.0369484
    outer loop
      vertex 14.901 19.6109 83.5795
      vertex 14.901 19.6005 83.3809
      vertex 15.5 20.2084 83.5168
    endloop
  endfacet
  facet normal 0.707706 -0.659736 -0.252786
    outer loop
      vertex 15.5 20.2649 82.9795
      vertex 14.901 19.6935 82.7938
      vertex 15.5 20.3136 82.8524
    endloop
  endfacet
  facet normal 0.707679 0.385003 -0.592421
    outer loop
      vertex 15.5 22.2641 82.3298
      vertex 14.901 22.4505 81.7354
      vertex 14.901 22.6173 81.8438
    endloop
  endfacet
  facet normal 0.707747 0.444198 -0.549347
    outer loop
      vertex 15.4753 22.285 82.315
      vertex 14.901 22.6173 81.8438
      vertex 14.901 22.6941 81.9059
    endloop
  endfacet
  facet normal 0.707467 0.450451 -0.544596
    outer loop
      vertex 14.901 22.6173 81.8438
      vertex 15.4753 22.285 82.315
      vertex 15.5 22.2641 82.3298
    endloop
  endfacet
  facet normal 0.707715 0.110828 -0.697751
    outer loop
      vertex 15.5 21.6364 82.0888
      vertex 14.901 21.8955 81.5224
      vertex 15.5 21.7705 82.1101
    endloop
  endfacet
  facet normal 0.70771 0.182946 -0.682406
    outer loop
      vertex 15.5 21.7705 82.1101
      vertex 14.901 21.8955 81.5224
      vertex 14.901 22.0876 81.5739
    endloop
  endfacet
  facet normal 0.707686 -0.0368618 -0.705565
    outer loop
      vertex 15.5 21.3646 82.0888
      vertex 14.901 21.5005 81.4809
      vertex 15.5 21.5005 82.0817
    endloop
  endfacet
  facet normal 0.707674 -0.705573 -0.0369484
    outer loop
      vertex 15.5 20.2084 83.245
      vertex 14.901 19.6005 83.3809
      vertex 14.901 19.6109 83.1823
    endloop
  endfacet
  facet normal 0.707685 -0.629503 0.320791
    outer loop
      vertex 14.901 19.855 84.3309
      vertex 14.901 19.7647 84.1537
      vertex 15.5 20.3136 83.9094
    endloop
  endfacet
  facet normal 0.707684 -0.659701 0.252939
    outer loop
      vertex 14.901 19.7647 84.1537
      vertex 14.901 19.6935 83.968
      vertex 15.5 20.3136 83.9094
    endloop
  endfacet
  facet normal 0.707724 0.320515 -0.629601
    outer loop
      vertex 15.5 22.0289 82.1941
      vertex 14.901 22.4505 81.7354
      vertex 15.5 22.1501 82.2558
    endloop
  endfacet
  facet normal 0.707704 -0.697775 -0.11075
    outer loop
      vertex 15.5 20.2084 83.245
      vertex 14.901 19.642 82.9859
      vertex 15.5 20.2297 83.1108
    endloop
  endfacet
  facet normal 0.707695 -0.682421 -0.18295
    outer loop
      vertex 15.5 20.2297 83.1108
      vertex 14.901 19.642 82.9859
      vertex 14.901 19.6935 82.7938
    endloop
  endfacet
  facet normal 0.707686 -0.705565 -0.0368618
    outer loop
      vertex 15.5 20.2013 83.3809
      vertex 14.901 19.6005 83.3809
      vertex 15.5 20.2084 83.245
    endloop
  endfacet
  facet normal 0.707732 -0.592582 0.384659
    outer loop
      vertex 15.5 20.4494 84.1445
      vertex 14.901 19.855 84.3309
      vertex 15.5 20.3754 84.0305
    endloop
  endfacet
  facet normal 0.707706 -0.659736 0.252786
    outer loop
      vertex 15.5 20.3136 83.9094
      vertex 14.901 19.6935 83.968
      vertex 15.5 20.2649 83.7823
    endloop
  endfacet
  facet normal 0.707505 -0.553431 0.439489
    outer loop
      vertex 15.5 20.4521 84.1479
      vertex 15.4753 20.4345 84.1655
      vertex 15.5 20.4494 84.1445
    endloop
  endfacet
  facet normal 0.707684 -0.659701 -0.252939
    outer loop
      vertex 15.5 20.3136 82.8524
      vertex 14.901 19.6935 82.7938
      vertex 14.901 19.7647 82.6081
    endloop
  endfacet
  facet normal 0.707685 -0.629503 -0.320791
    outer loop
      vertex 15.5 20.3136 82.8524
      vertex 14.901 19.7647 82.6081
      vertex 14.901 19.855 82.4309
    endloop
  endfacet
  facet normal 0.707742 -0.629267 -0.321129
    outer loop
      vertex 15.5 20.3136 82.8524
      vertex 14.901 19.855 82.4309
      vertex 15.5 20.3754 82.7313
    endloop
  endfacet
  facet normal 0.707694 -0.682421 -0.182949
    outer loop
      vertex 15.5 20.2297 83.1108
      vertex 14.901 19.6935 82.7938
      vertex 15.5 20.2649 82.9795
    endloop
  endfacet
  facet normal -0.707113 0 -0.707101
    outer loop
      vertex -14.9 3.79999 -4
      vertex -15.5 0.600006 -3.39999
      vertex -15.5 3.19998 -3.39999
    endloop
  endfacet
  facet normal -0.707113 0 -0.707101
    outer loop
      vertex -15.5 0.600006 -3.39999
      vertex -14.9 3.79999 -4
      vertex -14.9 0 -4
    endloop
  endfacet
  facet normal 0.73532 0.0587579 0.675168
    outer loop
      vertex 15.4002 3.29985 91.3
      vertex 15.5 3.19998 91.2
      vertex 15.3943 3.30589 91.3059
    endloop
  endfacet
  facet normal 0.707814 0 0.706399
    outer loop
      vertex 15.4002 3.29985 91.3
      vertex 15.5 0.600006 91.2
      vertex 15.5 3.19998 91.2
    endloop
  endfacet
  facet normal 0.707814 -0 0.706399
    outer loop
      vertex 15.4002 0.500156 91.3
      vertex 15.5 0.600006 91.2
      vertex 15.4002 3.29985 91.3
    endloop
  endfacet
  facet normal 0.777707 -0.171679 0.60473
    outer loop
      vertex 15.4002 0.500156 91.3
      vertex 14.901 0 91.8
      vertex 15.5 0.600006 91.2
    endloop
  endfacet
  facet normal 0.706672 0.00199565 0.707538
    outer loop
      vertex 15.1375 0.244396 91.5631
      vertex 14.901 0 91.8
      vertex 15.4002 0.500156 91.3
    endloop
  endfacet
  facet normal 0.707704 -0 0.706509
    outer loop
      vertex 14.901 0 91.8
      vertex 15.1375 0.244396 91.5631
      vertex 14.901 0.0141098 91.8
    endloop
  endfacet
  facet normal 0 0 -1
    outer loop
      vertex -14.9 0 -4
      vertex 14.901 3.79999 -4
      vertex 14.901 0 -4
    endloop
  endfacet
  facet normal -0 0 -1
    outer loop
      vertex 14.901 3.79999 -4
      vertex -14.9 0 -4
      vertex -14.9 3.79999 -4
    endloop
  endfacet
  facet normal -0.707107 0 0.707107
    outer loop
      vertex -15.5 0.600006 91.2
      vertex -15.4 3.3 91.3
      vertex -15.5 3.19998 91.2
    endloop
  endfacet
  facet normal -0.707107 0 0.707107
    outer loop
      vertex -15.4 3.3 91.3
      vertex -15.5 0.600006 91.2
      vertex -15.4 0.499989 91.3
    endloop
  endfacet
  facet normal 0 0 0
    outer loop
      vertex -14.9 0.0131044 91.8
      vertex -14.9 0.0131042 91.8
      vertex -14.9 0 91.8
    endloop
  endfacet
  facet normal -0.707107 0 0.707107
    outer loop
      vertex -15.3999 0.499885 91.3001
      vertex -14.9 0 91.8
      vertex -14.9 0.0131042 91.8
    endloop
  endfacet
  facet normal 0.70767 0.706543 -0.000275298
    outer loop
      vertex 15.5 3.19998 91.2
      vertex 14.901 3.79999 91.338
      vertex 15.3943 3.30589 91.3059
    endloop
  endfacet
  facet normal 0.707702 0.706511 -0
    outer loop
      vertex 15.5 3.19998 -3.39999
      vertex 14.901 3.79999 91.338
      vertex 15.5 3.19998 91.2
    endloop
  endfacet
  facet normal 0.707702 0.706511 0
    outer loop
      vertex 14.901 3.79999 91.338
      vertex 15.5 3.19998 -3.39999
      vertex 14.901 3.79999 -4
    endloop
  endfacet
  facet normal 1 -0 0
    outer loop
      vertex 15.5 0.600006 91.2
      vertex 15.5 3.19998 -3.39999
      vertex 15.5 3.19998 91.2
    endloop
  endfacet
  facet normal 1 0 0
    outer loop
      vertex 15.5 3.19998 -3.39999
      vertex 15.5 0.600006 91.2
      vertex 15.5 0.600006 -3.39999
    endloop
  endfacet
  facet normal 0 1 -0
    outer loop
      vertex 14.901 3.79999 -4
      vertex 14.9 3.79999 91.3
      vertex 14.901 3.79999 91.338
    endloop
  endfacet
  facet normal 0 1 0
    outer loop
      vertex 14.901 3.79999 -4
      vertex -14.9 3.79999 91.3
      vertex 14.9 3.79999 91.3
    endloop
  endfacet
  facet normal 0 1 0
    outer loop
      vertex -14.9 3.79999 91.3
      vertex 14.901 3.79999 -4
      vertex -14.9 3.79999 -4
    endloop
  endfacet
  facet normal -1 0 0
    outer loop
      vertex -15.5 0.600006 -3.39999
      vertex -15.5 3.19998 91.2
      vertex -15.5 3.19998 -3.39999
    endloop
  endfacet
  facet normal -1 -0 0
    outer loop
      vertex -15.5 3.19998 91.2
      vertex -15.5 0.600006 -3.39999
      vertex -15.5 0.600006 91.2
    endloop
  endfacet
  facet normal -0.707067 -0.707147 0
    outer loop
      vertex -15.1571 0.257145 91.3
      vertex -15.5 0.600006 91.2
      vertex -15.5 0.600006 -3.39999
    endloop
  endfacet
  facet normal -0.707025 -0.707188 -0.000283263
    outer loop
      vertex -15.5 0.600006 91.2
      vertex -15.1571 0.257145 91.3
      vertex -15.4 0.499989 91.3
    endloop
  endfacet
  facet normal -0.70711 -0.707103 3.15665e-07
    outer loop
      vertex -15.1571 0.257145 91.3
      vertex -15.5 0.600006 -3.39999
      vertex -14.9 0 -4
    endloop
  endfacet
  facet normal -0.707019 -0.707194 -0.000153476
    outer loop
      vertex -15.1571 0.257145 91.3
      vertex -14.9 0 91.8
      vertex -15.3999 0.499885 91.3001
    endloop
  endfacet
  facet normal -0.707169 -0.707045 -0
    outer loop
      vertex -14.9 0 91.8
      vertex -15.1571 0.257145 91.3
      vertex -14.9 0 -4
    endloop
  endfacet
  facet normal -0.707113 0.707101 0
    outer loop
      vertex -15.5 3.19998 -3.39999
      vertex -14.9 3.79999 91.3
      vertex -14.9 3.79999 -4
    endloop
  endfacet
  facet normal -0.707113 0.707101 0
    outer loop
      vertex -15.5 3.19998 91.2
      vertex -14.9 3.79999 91.3
      vertex -15.5 3.19998 -3.39999
    endloop
  endfacet
  facet normal -0.7071 0.707114 -0.000155565
    outer loop
      vertex -14.9 3.79999 91.3
      vertex -15.5 3.19998 91.2
      vertex -15.4 3.3 91.3
    endloop
  endfacet
  facet normal -0 0 1
    outer loop
      vertex 14.9 0.0131044 91.8
      vertex 14.901 0 91.8
      vertex 14.901 0.0141098 91.8
    endloop
  endfacet
  facet normal 0 0 1
    outer loop
      vertex -14.9 0 91.8
      vertex 14.9 0.0131044 91.8
      vertex -14.9 0.0131044 91.8
    endloop
  endfacet
  facet normal 0 0 1
    outer loop
      vertex 14.9 0.0131044 91.8
      vertex -14.9 0 91.8
      vertex 14.901 0 91.8
    endloop
  endfacet
  facet normal 0 -1 0
    outer loop
      vertex -14.9 0 91.8
      vertex -13.0172 0 48
      vertex 14.901 0 91.8
    endloop
  endfacet
  facet normal 0 -1 0
    outer loop
      vertex -14.9 0 -4
      vertex -13.0172 0 48
      vertex -14.9 0 91.8
    endloop
  endfacet
  facet normal 0 -1 -0
    outer loop
      vertex -13.0172 0 0
      vertex -14.9 0 -4
      vertex 13.0172 0 0
    endloop
  endfacet
  facet normal 0 -1 -0
    outer loop
      vertex -13.0172 0 48
      vertex -14.9 0 -4
      vertex -13.0172 0 0
    endloop
  endfacet
  facet normal 0 -1 0
    outer loop
      vertex 13.0172 0 48
      vertex 14.901 0 91.8
      vertex -13.0172 0 48
    endloop
  endfacet
  facet normal 0 -1 0
    outer loop
      vertex 14.901 0 -4
      vertex 13.0172 0 48
      vertex 13.0172 0 0
    endloop
  endfacet
  facet normal 0 -1 0
    outer loop
      vertex 13.0172 0 48
      vertex 14.901 0 -4
      vertex 14.901 0 91.8
    endloop
  endfacet
  facet normal 0 -1 0
    outer loop
      vertex 14.901 0 -4
      vertex 13.0172 0 0
      vertex -14.9 0 -4
    endloop
  endfacet
  facet normal 0.7077 -0.706513 0
    outer loop
      vertex 14.901 0 91.8
      vertex 15.5 0.600006 -3.39999
      vertex 15.5 0.600006 91.2
    endloop
  endfacet
  facet normal 0.7077 -0.706513 0
    outer loop
      vertex 15.5 0.600006 -3.39999
      vertex 14.901 0 91.8
      vertex 14.901 0 -4
    endloop
  endfacet
  facet normal 0.707702 0 -0.706511
    outer loop
      vertex 15.5 0.600006 -3.39999
      vertex 14.901 3.79999 -4
      vertex 15.5 3.19998 -3.39999
    endloop
  endfacet
  facet normal 0.707702 0 -0.706511
    outer loop
      vertex 14.901 3.79999 -4
      vertex 15.5 0.600006 -3.39999
      vertex 14.901 0 -4
    endloop
  endfacet
  facet normal 0 0 -1
    outer loop
      vertex 15.5 -4 0
      vertex 13.0172 0 0
      vertex 15.5 -2.48283 0
    endloop
  endfacet
  facet normal 0 0 -1
    outer loop
      vertex 15.5 -4 0
      vertex -13.0172 0 0
      vertex 13.0172 0 0
    endloop
  endfacet
  facet normal 0 0 -1
    outer loop
      vertex -15.5 -4 0
      vertex -13.0172 0 0
      vertex 15.5 -4 0
    endloop
  endfacet
  facet normal 0 0 -1
    outer loop
      vertex -13.0172 0 0
      vertex -15.5 -4 0
      vertex -15.5 -2.48283 0
    endloop
  endfacet
  facet normal 0.707111 0.707103 0
    outer loop
      vertex 13.0172 0 0
      vertex 15.5 -2.48283 45.5172
      vertex 15.5 -2.48283 0
    endloop
  endfacet
  facet normal 0.707111 0.707103 0
    outer loop
      vertex 15.5 -2.48283 45.5172
      vertex 13.0172 0 0
      vertex 13.0172 0 48
    endloop
  endfacet
  facet normal -0.707111 0.707103 0
    outer loop
      vertex -13.0172 0 0
      vertex -15.5 -2.48283 45.5172
      vertex -13.0172 0 48
    endloop
  endfacet
  facet normal -0.707111 0.707103 0
    outer loop
      vertex -15.5 -2.48283 45.5172
      vertex -13.0172 0 0
      vertex -15.5 -2.48283 0
    endloop
  endfacet
  facet normal -1 0 0
    outer loop
      vertex -15.5 -4 44
      vertex -15.5 -2.48283 0
      vertex -15.5 -4 0
    endloop
  endfacet
  facet normal -1 0 0
    outer loop
      vertex -15.5 -2.48283 0
      vertex -15.5 -4 44
      vertex -15.5 -2.48283 45.5172
    endloop
  endfacet
  facet normal 0 -1 0
    outer loop
      vertex -15.5 -4 44
      vertex 0 -4 18.65
      vertex 15.5 -4 44
    endloop
  endfacet
  facet normal 0 -1 0
    outer loop
      vertex -15.5 -4 44
      vertex -0.198884 -4 18.638
      vertex 0 -4 18.65
    endloop
  endfacet
  facet normal 0 -1 0
    outer loop
      vertex -15.5 -4 44
      vertex -0.394869 -4 18.602
      vertex -0.198884 -4 18.638
    endloop
  endfacet
  facet normal 0 -1 0
    outer loop
      vertex -15.5 -4 44
      vertex -0.585095 -4 18.5428
      vertex -0.394869 -4 18.602
    endloop
  endfacet
  facet normal 0 -1 0
    outer loop
      vertex -15.5 -4 44
      vertex -0.76679 -4 18.461
      vertex -0.585095 -4 18.5428
    endloop
  endfacet
  facet normal 0 -1 0
    outer loop
      vertex -15.5 -4 44
      vertex -0.937303 -4 18.3579
      vertex -0.76679 -4 18.461
    endloop
  endfacet
  facet normal 0 -1 0
    outer loop
      vertex -15.5 -4 44
      vertex -1.09415 -4 18.235
      vertex -0.937303 -4 18.3579
    endloop
  endfacet
  facet normal 0 -1 0
    outer loop
      vertex -15.5 -4 44
      vertex -1.23504 -4 18.0941
      vertex -1.09415 -4 18.235
    endloop
  endfacet
  facet normal 0 -1 0
    outer loop
      vertex -15.5 -4 44
      vertex -1.35792 -4 17.9373
      vertex -1.23504 -4 18.0941
    endloop
  endfacet
  facet normal 0 -1 0
    outer loop
      vertex -15.5 -4 44
      vertex -1.461 -4 17.7668
      vertex -1.35792 -4 17.9373
    endloop
  endfacet
  facet normal 0 -1 0
    outer loop
      vertex -15.5 -4 44
      vertex -1.54277 -4 17.5851
      vertex -1.461 -4 17.7668
    endloop
  endfacet
  facet normal 0 -1 0
    outer loop
      vertex -15.5 -4 44
      vertex -1.60205 -4 17.3949
      vertex -1.54277 -4 17.5851
    endloop
  endfacet
  facet normal 0 -1 0
    outer loop
      vertex -15.5 -4 0
      vertex -1.60205 -4 17.3949
      vertex -15.5 -4 44
    endloop
  endfacet
  facet normal 0 -1 0
    outer loop
      vertex -1.60205 -4 17.3949
      vertex -15.5 -4 0
      vertex -1.63796 -4 17.1989
    endloop
  endfacet
  facet normal 0 -1 0
    outer loop
      vertex -1.63796 -4 17.1989
      vertex -15.5 -4 0
      vertex -1.64999 -4 17
    endloop
  endfacet
  facet normal 0 -1 -0
    outer loop
      vertex -1.64999 -4 17
      vertex -15.5 -4 0
      vertex -1.63796 -4 16.8011
    endloop
  endfacet
  facet normal 0 -1 -0
    outer loop
      vertex -1.63796 -4 16.8011
      vertex -15.5 -4 0
      vertex -1.60205 -4 16.6051
    endloop
  endfacet
  facet normal 0 -1 -0
    outer loop
      vertex -1.60205 -4 16.6051
      vertex -15.5 -4 0
      vertex -1.54277 -4 16.4149
    endloop
  endfacet
  facet normal 0 -1 -0
    outer loop
      vertex -0.198884 -4 15.362
      vertex -15.5 -4 0
      vertex 0 -4 15.35
    endloop
  endfacet
  facet normal 0 -1 -0
    outer loop
      vertex -0.394869 -4 15.398
      vertex -15.5 -4 0
      vertex -0.198884 -4 15.362
    endloop
  endfacet
  facet normal 0 -1 -0
    outer loop
      vertex -0.585095 -4 15.4572
      vertex -15.5 -4 0
      vertex -0.394869 -4 15.398
    endloop
  endfacet
  facet normal 0 -1 -0
    outer loop
      vertex -0.76679 -4 15.539
      vertex -15.5 -4 0
      vertex -0.585095 -4 15.4572
    endloop
  endfacet
  facet normal 0 -1 -0
    outer loop
      vertex -0.937303 -4 15.6421
      vertex -15.5 -4 0
      vertex -0.76679 -4 15.539
    endloop
  endfacet
  facet normal 0 -1 -0
    outer loop
      vertex -1.09415 -4 15.765
      vertex -15.5 -4 0
      vertex -0.937303 -4 15.6421
    endloop
  endfacet
  facet normal 0 -1 -0
    outer loop
      vertex -1.23504 -4 15.9059
      vertex -15.5 -4 0
      vertex -1.09415 -4 15.765
    endloop
  endfacet
  facet normal 0 -1 -0
    outer loop
      vertex -1.35792 -4 16.0627
      vertex -15.5 -4 0
      vertex -1.23504 -4 15.9059
    endloop
  endfacet
  facet normal 0 -1 -0
    outer loop
      vertex -1.461 -4 16.2332
      vertex -15.5 -4 0
      vertex -1.35792 -4 16.0627
    endloop
  endfacet
  facet normal 0 -1 -0
    outer loop
      vertex -1.54277 -4 16.4149
      vertex -15.5 -4 0
      vertex -1.461 -4 16.2332
    endloop
  endfacet
  facet normal 0 -1 0
    outer loop
      vertex 0.198884 -4 18.638
      vertex 15.5 -4 44
      vertex 0 -4 18.65
    endloop
  endfacet
  facet normal 0 -1 0
    outer loop
      vertex 0.394869 -4 18.602
      vertex 15.5 -4 44
      vertex 0.198884 -4 18.638
    endloop
  endfacet
  facet normal 0 -1 0
    outer loop
      vertex 0.585095 -4 18.5428
      vertex 15.5 -4 44
      vertex 0.394869 -4 18.602
    endloop
  endfacet
  facet normal 0 -1 0
    outer loop
      vertex 0.76679 -4 18.461
      vertex 15.5 -4 44
      vertex 0.585095 -4 18.5428
    endloop
  endfacet
  facet normal 0 -1 0
    outer loop
      vertex 0.937303 -4 18.3579
      vertex 15.5 -4 44
      vertex 0.76679 -4 18.461
    endloop
  endfacet
  facet normal 0 -1 0
    outer loop
      vertex 1.09415 -4 18.235
      vertex 15.5 -4 44
      vertex 0.937303 -4 18.3579
    endloop
  endfacet
  facet normal 0 -1 0
    outer loop
      vertex 1.23504 -4 18.0941
      vertex 15.5 -4 44
      vertex 1.09415 -4 18.235
    endloop
  endfacet
  facet normal 0 -1 0
    outer loop
      vertex 1.35792 -4 17.9373
      vertex 15.5 -4 44
      vertex 1.23504 -4 18.0941
    endloop
  endfacet
  facet normal 0 -1 0
    outer loop
      vertex 1.461 -4 17.7668
      vertex 15.5 -4 44
      vertex 1.35792 -4 17.9373
    endloop
  endfacet
  facet normal 0 -1 0
    outer loop
      vertex 1.54277 -4 17.5851
      vertex 15.5 -4 44
      vertex 1.461 -4 17.7668
    endloop
  endfacet
  facet normal 0 -1 0
    outer loop
      vertex 1.60205 -4 17.3949
      vertex 15.5 -4 44
      vertex 1.54277 -4 17.5851
    endloop
  endfacet
  facet normal 0 -1 0
    outer loop
      vertex 15.5 -4 0
      vertex 1.60205 -4 17.3949
      vertex 1.63796 -4 17.1989
    endloop
  endfacet
  facet normal 0 -1 0
    outer loop
      vertex 15.5 -4 0
      vertex 1.63796 -4 17.1989
      vertex 1.64999 -4 17
    endloop
  endfacet
  facet normal 0 -1 0
    outer loop
      vertex 15.5 -4 0
      vertex 1.64999 -4 17
      vertex 1.63796 -4 16.8011
    endloop
  endfacet
  facet normal 0 -1 0
    outer loop
      vertex 15.5 -4 0
      vertex 1.63796 -4 16.8011
      vertex 1.60205 -4 16.6051
    endloop
  endfacet
  facet normal 0 -1 0
    outer loop
      vertex 15.5 -4 0
      vertex 1.60205 -4 16.6051
      vertex 1.54277 -4 16.4149
    endloop
  endfacet
  facet normal 0 -1 0
    outer loop
      vertex 15.5 -4 0
      vertex 1.54277 -4 16.4149
      vertex 1.461 -4 16.2332
    endloop
  endfacet
  facet normal 0 -1 0
    outer loop
      vertex 15.5 -4 0
      vertex 0 -4 15.35
      vertex -15.5 -4 0
    endloop
  endfacet
  facet normal 0 -1 0
    outer loop
      vertex 0 -4 15.35
      vertex 15.5 -4 0
      vertex 0.198884 -4 15.362
    endloop
  endfacet
  facet normal 0 -1 0
    outer loop
      vertex 0.198884 -4 15.362
      vertex 15.5 -4 0
      vertex 0.394869 -4 15.398
    endloop
  endfacet
  facet normal 0 -1 0
    outer loop
      vertex 0.394869 -4 15.398
      vertex 15.5 -4 0
      vertex 0.585095 -4 15.4572
    endloop
  endfacet
  facet normal 0 -1 0
    outer loop
      vertex 0.585095 -4 15.4572
      vertex 15.5 -4 0
      vertex 0.76679 -4 15.539
    endloop
  endfacet
  facet normal 0 -1 0
    outer loop
      vertex 0.76679 -4 15.539
      vertex 15.5 -4 0
      vertex 0.937303 -4 15.6421
    endloop
  endfacet
  facet normal 0 -1 0
    outer loop
      vertex 1.60205 -4 17.3949
      vertex 15.5 -4 0
      vertex 15.5 -4 44
    endloop
  endfacet
  facet normal 0 -1 0
    outer loop
      vertex 1.35792 -4 16.0627
      vertex 15.5 -4 0
      vertex 1.461 -4 16.2332
    endloop
  endfacet
  facet normal 0 -1 0
    outer loop
      vertex 1.23504 -4 15.9059
      vertex 15.5 -4 0
      vertex 1.35792 -4 16.0627
    endloop
  endfacet
  facet normal 0 -1 0
    outer loop
      vertex 1.09415 -4 15.765
      vertex 15.5 -4 0
      vertex 1.23504 -4 15.9059
    endloop
  endfacet
  facet normal 0 -1 0
    outer loop
      vertex 0.937303 -4 15.6421
      vertex 15.5 -4 0
      vertex 1.09415 -4 15.765
    endloop
  endfacet
  facet normal 1 -0 0
    outer loop
      vertex 15.5 -4 44
      vertex 15.5 -2.48283 0
      vertex 15.5 -2.48283 45.5172
    endloop
  endfacet
  facet normal 1 0 0
    outer loop
      vertex 15.5 -2.48283 0
      vertex 15.5 -4 44
      vertex 15.5 -4 0
    endloop
  endfacet
  facet normal 2.25261e-05 -0.707114 0.7071
    outer loop
      vertex -15.5 -4 44
      vertex -13.0172 0 48
      vertex -15.5 -2.48283 45.5172
    endloop
  endfacet
  facet normal 0 -0.707107 0.707107
    outer loop
      vertex -13.0172 0 48
      vertex -15.5 -4 44
      vertex 13.0172 0 48
    endloop
  endfacet
  facet normal 0 -0.707107 0.707107
    outer loop
      vertex 15.5 -4 44
      vertex 13.0172 0 48
      vertex -15.5 -4 44
    endloop
  endfacet
  facet normal -2.25261e-05 -0.707114 0.7071
    outer loop
      vertex 13.0172 0 48
      vertex 15.5 -4 44
      vertex 15.5 -2.48283 45.5172
    endloop
  endfacet
  facet normal 0.0700944 -0.921382 0.382285
    outer loop
      vertex 0.198884 -4 18.638
      vertex 0.0271196 -4.59999 17.2234
      vertex 0.0538435 -4.59999 17.2185
    endloop
  endfacet
  facet normal -0.371049 -0.921384 0.115646
    outer loop
      vertex -1.54277 -4 17.5851
      vertex -1.60205 -4 17.3949
      vertex -0.21037 -4.59999 17.0798
    endloop
  endfacet
  facet normal -0.332592 -0.921385 0.201077
    outer loop
      vertex -1.35792 -4 17.9373
      vertex -1.461 -4 17.7668
      vertex -0.185163 -4.59999 17.1278
    endloop
  endfacet
  facet normal -0.387945 -0.921384 -0.0234639
    outer loop
      vertex -0.224991 -4.59999 17
      vertex -1.64999 -4 17
      vertex -1.63796 -4 16.8011
    endloop
  endfacet
  facet normal 0.0228882 -0.921396 -0.38795
    outer loop
      vertex 0.0271196 -4.59999 16.7766
      vertex 0 -4.59999 16.775
      vertex 0 -4 15.35
    endloop
  endfacet
  facet normal -0.159551 -0.921383 0.354396
    outer loop
      vertex -0.585095 -4 18.5428
      vertex -0.76679 -4 18.461
      vertex -0.0797825 -4.59999 17.2104
    endloop
  endfacet
  facet normal 0.115858 -0.92137 -0.371017
    outer loop
      vertex 0.0797825 -4.59999 16.7896
      vertex 0.0538435 -4.59999 16.7815
      vertex 0.394869 -4 15.398
    endloop
  endfacet
  facet normal 0.239719 -0.921379 -0.305933
    outer loop
      vertex 1.09415 -4 15.765
      vertex 0.127809 -4.59999 16.8148
      vertex 0.937303 -4 15.6421
    endloop
  endfacet
  facet normal -0.354478 -0.92138 0.159386
    outer loop
      vertex -0.199219 -4.59999 17.1046
      vertex -1.461 -4 17.7668
      vertex -0.21037 -4.59999 17.0798
    endloop
  endfacet
  facet normal 0.0234078 -0.921382 -0.387954
    outer loop
      vertex 0.0271196 -4.59999 16.7766
      vertex 0 -4 15.35
      vertex 0.198884 -4 15.362
    endloop
  endfacet
  facet normal 0.0702184 -0.921379 -0.382271
    outer loop
      vertex 0.394869 -4 15.398
      vertex 0.0538435 -4.59999 16.7815
      vertex 0.198884 -4 15.362
    endloop
  endfacet
  facet normal -0.354418 -0.921384 0.159498
    outer loop
      vertex -1.461 -4 17.7668
      vertex -1.54277 -4 17.5851
      vertex -0.21037 -4.59999 17.0798
    endloop
  endfacet
  facet normal 0.387945 -0.921384 -0.0234639
    outer loop
      vertex 1.64999 -4 17
      vertex 0.224991 -4.59999 17
      vertex 1.63796 -4 16.8011
    endloop
  endfacet
  facet normal -0.2011 -0.92138 0.332591
    outer loop
      vertex -0.76679 -4 18.461
      vertex -0.937303 -4 18.3579
      vertex -0.127809 -4.59999 17.1852
    endloop
  endfacet
  facet normal -0.382277 -0.921383 0.0701271
    outer loop
      vertex -0.218452 -4.59999 17.0538
      vertex -1.63796 -4 17.1989
      vertex -0.22335 -4.59999 17.0271
    endloop
  endfacet
  facet normal 0.159551 -0.921383 0.354396
    outer loop
      vertex 0.585095 -4 18.5428
      vertex 0.0797825 -4.59999 17.2104
      vertex 0.76679 -4 18.461
    endloop
  endfacet
  facet normal 0.0702184 -0.921379 0.382271
    outer loop
      vertex 0.198884 -4 18.638
      vertex 0.0538435 -4.59999 17.2185
      vertex 0.394869 -4 18.602
    endloop
  endfacet
  facet normal -0.371117 -0.921392 0.11536
    outer loop
      vertex -0.21037 -4.59999 17.0798
      vertex -1.60205 -4 17.3949
      vertex -0.218452 -4.59999 17.0538
    endloop
  endfacet
  facet normal -0.2011 -0.92138 -0.332591
    outer loop
      vertex -0.127809 -4.59999 16.8148
      vertex -0.937303 -4 15.6421
      vertex -0.76679 -4 15.539
    endloop
  endfacet
  facet normal -0.382287 -0.921385 -0.0700404
    outer loop
      vertex -0.218452 -4.59999 16.9462
      vertex -1.63796 -4 16.8011
      vertex -1.60205 -4 16.6051
    endloop
  endfacet
  facet normal 0.382277 -0.921383 -0.0701271
    outer loop
      vertex 0.22335 -4.59999 16.9729
      vertex 0.218452 -4.59999 16.9462
      vertex 1.63796 -4 16.8011
    endloop
  endfacet
  facet normal 0.332592 -0.921385 -0.201077
    outer loop
      vertex 1.461 -4 16.2332
      vertex 0.185163 -4.59999 16.8722
      vertex 1.35792 -4 16.0627
    endloop
  endfacet
  facet normal -0.159551 -0.921383 -0.354396
    outer loop
      vertex -0.0797825 -4.59999 16.7896
      vertex -0.76679 -4 15.539
      vertex -0.585095 -4 15.4572
    endloop
  endfacet
  facet normal -0.382287 -0.921385 0.0700404
    outer loop
      vertex -1.60205 -4 17.3949
      vertex -1.63796 -4 17.1989
      vertex -0.218452 -4.59999 17.0538
    endloop
  endfacet
  facet normal -0.306019 -0.921379 0.23961
    outer loop
      vertex -0.168407 -4.59999 17.1492
      vertex -1.23504 -4 18.0941
      vertex -0.185163 -4.59999 17.1278
    endloop
  endfacet
  facet normal 0.0700944 -0.921382 -0.382285
    outer loop
      vertex 0.0538435 -4.59999 16.7815
      vertex 0.0271196 -4.59999 16.7766
      vertex 0.198884 -4 15.362
    endloop
  endfacet
  facet normal -0.115858 -0.92137 0.371017
    outer loop
      vertex -0.0538435 -4.59999 17.2185
      vertex -0.394869 -4 18.602
      vertex -0.0797825 -4.59999 17.2104
    endloop
  endfacet
  facet normal 0.0228919 -0.92137 0.388011
    outer loop
      vertex 0.198884 -4 18.638
      vertex 0 -4.59999 17.225
      vertex 0.0271196 -4.59999 17.2234
    endloop
  endfacet
  facet normal -0.387941 -0.921385 -0.0234912
    outer loop
      vertex -0.224991 -4.59999 17
      vertex -1.63796 -4 16.8011
      vertex -0.22335 -4.59999 16.9729
    endloop
  endfacet
  facet normal -0.387945 -0.921384 0.0234639
    outer loop
      vertex -1.63796 -4 17.1989
      vertex -1.64999 -4 17
      vertex -0.224991 -4.59999 17
    endloop
  endfacet
  facet normal -0.387941 -0.921385 0.0234912
    outer loop
      vertex -0.22335 -4.59999 17.0271
      vertex -1.63796 -4 17.1989
      vertex -0.224991 -4.59999 17
    endloop
  endfacet
  facet normal -0.0234073 -0.921385 0.387945
    outer loop
      vertex 0 -4 18.65
      vertex -0.198884 -4 18.638
      vertex 0 -4.59999 17.225
    endloop
  endfacet
  facet normal -0.24007 -0.921393 -0.305617
    outer loop
      vertex -0.149196 -4.59999 16.8316
      vertex -1.09415 -4 15.765
      vertex -0.127809 -4.59999 16.8148
    endloop
  endfacet
  facet normal 0.354478 -0.92138 -0.159386
    outer loop
      vertex 0.21037 -4.59999 16.9202
      vertex 0.199219 -4.59999 16.8954
      vertex 1.461 -4 16.2332
    endloop
  endfacet
  facet normal 0.387941 -0.921385 -0.0234912
    outer loop
      vertex 0.224991 -4.59999 17
      vertex 0.22335 -4.59999 16.9729
      vertex 1.63796 -4 16.8011
    endloop
  endfacet
  facet normal -0.0234078 -0.921382 -0.387954
    outer loop
      vertex -0.0271196 -4.59999 16.7766
      vertex -0.198884 -4 15.362
      vertex 0 -4 15.35
    endloop
  endfacet
  facet normal 0.305909 -0.921384 -0.239733
    outer loop
      vertex 1.35792 -4 16.0627
      vertex 0.185163 -4.59999 16.8722
      vertex 1.23504 -4 15.9059
    endloop
  endfacet
  facet normal 0.305909 -0.921384 0.239733
    outer loop
      vertex 1.23504 -4 18.0941
      vertex 0.185163 -4.59999 17.1278
      vertex 1.35792 -4 17.9373
    endloop
  endfacet
  facet normal -0.239719 -0.921379 0.305933
    outer loop
      vertex -0.937303 -4 18.3579
      vertex -1.09415 -4 18.235
      vertex -0.127809 -4.59999 17.1852
    endloop
  endfacet
  facet normal 0.27475 -0.921378 -0.274908
    outer loop
      vertex 0.149196 -4.59999 16.8316
      vertex 1.23504 -4 15.9059
      vertex 0.168407 -4.59999 16.8508
    endloop
  endfacet
  facet normal 0.274833 -0.921382 -0.274813
    outer loop
      vertex 1.23504 -4 15.9059
      vertex 0.149196 -4.59999 16.8316
      vertex 1.09415 -4 15.765
    endloop
  endfacet
  facet normal -0.306019 -0.921379 -0.23961
    outer loop
      vertex -0.185163 -4.59999 16.8722
      vertex -1.23504 -4 15.9059
      vertex -0.168407 -4.59999 16.8508
    endloop
  endfacet
  facet normal -0.0702184 -0.921379 0.382271
    outer loop
      vertex -0.198884 -4 18.638
      vertex -0.394869 -4 18.602
      vertex -0.0538435 -4.59999 17.2185
    endloop
  endfacet
  facet normal 0.332592 -0.921385 0.201077
    outer loop
      vertex 1.35792 -4 17.9373
      vertex 0.185163 -4.59999 17.1278
      vertex 1.461 -4 17.7668
    endloop
  endfacet
  facet normal -0.115491 -0.921381 0.371105
    outer loop
      vertex -0.394869 -4 18.602
      vertex -0.585095 -4 18.5428
      vertex -0.0797825 -4.59999 17.2104
    endloop
  endfacet
  facet normal 0.115491 -0.921381 -0.371105
    outer loop
      vertex 0.585095 -4 15.4572
      vertex 0.0797825 -4.59999 16.7896
      vertex 0.394869 -4 15.398
    endloop
  endfacet
  facet normal -0.115491 -0.921381 -0.371105
    outer loop
      vertex -0.0797825 -4.59999 16.7896
      vertex -0.585095 -4 15.4572
      vertex -0.394869 -4 15.398
    endloop
  endfacet
  facet normal -0.239719 -0.921379 -0.305933
    outer loop
      vertex -0.127809 -4.59999 16.8148
      vertex -1.09415 -4 15.765
      vertex -0.937303 -4 15.6421
    endloop
  endfacet
  facet normal -0.16008 -0.9214 0.354114
    outer loop
      vertex -0.0797825 -4.59999 17.2104
      vertex -0.76679 -4 18.461
      vertex -0.104558 -4.59999 17.1992
    endloop
  endfacet
  facet normal -0.20046 -0.921401 0.332921
    outer loop
      vertex -0.104558 -4.59999 17.1992
      vertex -0.76679 -4 18.461
      vertex -0.127809 -4.59999 17.1852
    endloop
  endfacet
  facet normal -0.0702184 -0.921379 -0.382271
    outer loop
      vertex -0.0538435 -4.59999 16.7815
      vertex -0.394869 -4 15.398
      vertex -0.198884 -4 15.362
    endloop
  endfacet
  facet normal 0.16008 -0.9214 -0.354114
    outer loop
      vertex 0.104558 -4.59999 16.8008
      vertex 0.0797825 -4.59999 16.7896
      vertex 0.76679 -4 15.539
    endloop
  endfacet
  facet normal -0.305909 -0.921384 0.239733
    outer loop
      vertex -1.23504 -4 18.0941
      vertex -1.35792 -4 17.9373
      vertex -0.185163 -4.59999 17.1278
    endloop
  endfacet
  facet normal -0.305909 -0.921384 -0.239733
    outer loop
      vertex -0.185163 -4.59999 16.8722
      vertex -1.35792 -4 16.0627
      vertex -1.23504 -4 15.9059
    endloop
  endfacet
  facet normal -0.115858 -0.92137 -0.371017
    outer loop
      vertex -0.0797825 -4.59999 16.7896
      vertex -0.394869 -4 15.398
      vertex -0.0538435 -4.59999 16.7815
    endloop
  endfacet
  facet normal -0.24007 -0.921393 0.305617
    outer loop
      vertex -0.127809 -4.59999 17.1852
      vertex -1.09415 -4 18.235
      vertex -0.149196 -4.59999 17.1684
    endloop
  endfacet
  facet normal -0.274833 -0.921382 0.274813
    outer loop
      vertex -1.23504 -4 18.0941
      vertex -0.149196 -4.59999 17.1684
      vertex -1.09415 -4 18.235
    endloop
  endfacet
  facet normal -0.27475 -0.921378 0.274908
    outer loop
      vertex -0.149196 -4.59999 17.1684
      vertex -1.23504 -4 18.0941
      vertex -0.168407 -4.59999 17.1492
    endloop
  endfacet
  facet normal 0.0234073 -0.921385 0.387945
    outer loop
      vertex 0 -4 18.65
      vertex 0 -4.59999 17.225
      vertex 0.198884 -4 18.638
    endloop
  endfacet
  facet normal 0.371049 -0.921384 -0.115646
    outer loop
      vertex 1.60205 -4 16.6051
      vertex 0.21037 -4.59999 16.9202
      vertex 1.54277 -4 16.4149
    endloop
  endfacet
  facet normal 0.354478 -0.92138 0.159386
    outer loop
      vertex 1.461 -4 17.7668
      vertex 0.199219 -4.59999 17.1046
      vertex 0.21037 -4.59999 17.0798
    endloop
  endfacet
  facet normal -0.0700944 -0.921382 -0.382285
    outer loop
      vertex -0.0538435 -4.59999 16.7815
      vertex -0.198884 -4 15.362
      vertex -0.0271196 -4.59999 16.7766
    endloop
  endfacet
  facet normal 0.2011 -0.92138 -0.332591
    outer loop
      vertex 0.937303 -4 15.6421
      vertex 0.127809 -4.59999 16.8148
      vertex 0.76679 -4 15.539
    endloop
  endfacet
  facet normal -0.354478 -0.92138 -0.159386
    outer loop
      vertex -0.21037 -4.59999 16.9202
      vertex -1.461 -4 16.2332
      vertex -0.199219 -4.59999 16.8954
    endloop
  endfacet
  facet normal -0.20046 -0.921401 -0.332921
    outer loop
      vertex -0.127809 -4.59999 16.8148
      vertex -0.76679 -4 15.539
      vertex -0.104558 -4.59999 16.8008
    endloop
  endfacet
  facet normal 0.159551 -0.921383 -0.354396
    outer loop
      vertex 0.76679 -4 15.539
      vertex 0.0797825 -4.59999 16.7896
      vertex 0.585095 -4 15.4572
    endloop
  endfacet
  facet normal -0.354418 -0.921384 -0.159498
    outer loop
      vertex -0.21037 -4.59999 16.9202
      vertex -1.54277 -4 16.4149
      vertex -1.461 -4 16.2332
    endloop
  endfacet
  facet normal -0.371049 -0.921384 -0.115646
    outer loop
      vertex -0.21037 -4.59999 16.9202
      vertex -1.60205 -4 16.6051
      vertex -1.54277 -4 16.4149
    endloop
  endfacet
  facet normal 0.371117 -0.921392 -0.11536
    outer loop
      vertex 0.218452 -4.59999 16.9462
      vertex 0.21037 -4.59999 16.9202
      vertex 1.60205 -4 16.6051
    endloop
  endfacet
  facet normal -0.382277 -0.921383 -0.0701271
    outer loop
      vertex -0.22335 -4.59999 16.9729
      vertex -1.63796 -4 16.8011
      vertex -0.218452 -4.59999 16.9462
    endloop
  endfacet
  facet normal -0.371117 -0.921392 -0.11536
    outer loop
      vertex -0.218452 -4.59999 16.9462
      vertex -1.60205 -4 16.6051
      vertex -0.21037 -4.59999 16.9202
    endloop
  endfacet
  facet normal -0.332424 -0.921375 0.201403
    outer loop
      vertex -0.185163 -4.59999 17.1278
      vertex -1.461 -4 17.7668
      vertex -0.199219 -4.59999 17.1046
    endloop
  endfacet
  facet normal 0 -1 0
    outer loop
      vertex -0.0271196 -4.59999 17.2234
      vertex 0.0271196 -4.59999 17.2234
      vertex 0 -4.59999 17.225
    endloop
  endfacet
  facet normal 0 -1 0
    outer loop
      vertex -0.0538435 -4.59999 17.2185
      vertex 0.0271196 -4.59999 17.2234
      vertex -0.0271196 -4.59999 17.2234
    endloop
  endfacet
  facet normal 0 -1 0
    outer loop
      vertex -0.0538435 -4.59999 17.2185
      vertex 0.0538435 -4.59999 17.2185
      vertex 0.0271196 -4.59999 17.2234
    endloop
  endfacet
  facet normal 0 -1 0
    outer loop
      vertex -0.0797825 -4.59999 17.2104
      vertex 0.0538435 -4.59999 17.2185
      vertex -0.0538435 -4.59999 17.2185
    endloop
  endfacet
  facet normal 0 -1 0
    outer loop
      vertex -0.0797825 -4.59999 17.2104
      vertex 0.0797825 -4.59999 17.2104
      vertex 0.0538435 -4.59999 17.2185
    endloop
  endfacet
  facet normal 0 -1 0
    outer loop
      vertex -0.104558 -4.59999 17.1992
      vertex 0.0797825 -4.59999 17.2104
      vertex -0.0797825 -4.59999 17.2104
    endloop
  endfacet
  facet normal 0 -1 0
    outer loop
      vertex -0.104558 -4.59999 17.1992
      vertex 0.104558 -4.59999 17.1992
      vertex 0.0797825 -4.59999 17.2104
    endloop
  endfacet
  facet normal 0 -1 0
    outer loop
      vertex -0.127809 -4.59999 17.1852
      vertex 0.104558 -4.59999 17.1992
      vertex -0.104558 -4.59999 17.1992
    endloop
  endfacet
  facet normal 0 -1 0
    outer loop
      vertex -0.127809 -4.59999 17.1852
      vertex 0.127809 -4.59999 17.1852
      vertex 0.104558 -4.59999 17.1992
    endloop
  endfacet
  facet normal 0 -1 0
    outer loop
      vertex -0.149196 -4.59999 17.1684
      vertex 0.127809 -4.59999 17.1852
      vertex -0.127809 -4.59999 17.1852
    endloop
  endfacet
  facet normal 0 -1 0
    outer loop
      vertex -0.149196 -4.59999 17.1684
      vertex 0.149196 -4.59999 17.1684
      vertex 0.127809 -4.59999 17.1852
    endloop
  endfacet
  facet normal 0 -1 0
    outer loop
      vertex -0.168407 -4.59999 17.1492
      vertex 0.149196 -4.59999 17.1684
      vertex -0.149196 -4.59999 17.1684
    endloop
  endfacet
  facet normal 0 -1 0
    outer loop
      vertex -0.168407 -4.59999 17.1492
      vertex 0.168407 -4.59999 17.1492
      vertex 0.149196 -4.59999 17.1684
    endloop
  endfacet
  facet normal 0 -1 0
    outer loop
      vertex -0.185163 -4.59999 17.1278
      vertex 0.168407 -4.59999 17.1492
      vertex -0.168407 -4.59999 17.1492
    endloop
  endfacet
  facet normal 0 -1 0
    outer loop
      vertex -0.185163 -4.59999 17.1278
      vertex 0.185163 -4.59999 17.1278
      vertex 0.168407 -4.59999 17.1492
    endloop
  endfacet
  facet normal 0 -1 0
    outer loop
      vertex -0.199219 -4.59999 17.1046
      vertex 0.185163 -4.59999 17.1278
      vertex -0.185163 -4.59999 17.1278
    endloop
  endfacet
  facet normal 0 -1 0
    outer loop
      vertex -0.199219 -4.59999 17.1046
      vertex 0.199219 -4.59999 17.1046
      vertex 0.185163 -4.59999 17.1278
    endloop
  endfacet
  facet normal 0 -1 0
    outer loop
      vertex -0.21037 -4.59999 17.0798
      vertex 0.199219 -4.59999 17.1046
      vertex -0.199219 -4.59999 17.1046
    endloop
  endfacet
  facet normal 0 -1 0
    outer loop
      vertex -0.21037 -4.59999 17.0798
      vertex 0.21037 -4.59999 17.0798
      vertex 0.199219 -4.59999 17.1046
    endloop
  endfacet
  facet normal 0 -1 0
    outer loop
      vertex -0.218452 -4.59999 17.0538
      vertex 0.21037 -4.59999 17.0798
      vertex -0.21037 -4.59999 17.0798
    endloop
  endfacet
  facet normal 0 -1 0
    outer loop
      vertex -0.218452 -4.59999 17.0538
      vertex 0.218452 -4.59999 17.0538
      vertex 0.21037 -4.59999 17.0798
    endloop
  endfacet
  facet normal 0 -1 0
    outer loop
      vertex -0.22335 -4.59999 17.0271
      vertex 0.218452 -4.59999 17.0538
      vertex -0.218452 -4.59999 17.0538
    endloop
  endfacet
  facet normal 0 -1 0
    outer loop
      vertex -0.22335 -4.59999 17.0271
      vertex 0.22335 -4.59999 17.0271
      vertex 0.218452 -4.59999 17.0538
    endloop
  endfacet
  facet normal 0 -1 0
    outer loop
      vertex -0.224991 -4.59999 17
      vertex 0.22335 -4.59999 17.0271
      vertex -0.22335 -4.59999 17.0271
    endloop
  endfacet
  facet normal 0 -1 0
    outer loop
      vertex -0.224991 -4.59999 17
      vertex 0.224991 -4.59999 17
      vertex 0.22335 -4.59999 17.0271
    endloop
  endfacet
  facet normal 0 -1 0
    outer loop
      vertex -0.22335 -4.59999 16.9729
      vertex 0.224991 -4.59999 17
      vertex -0.224991 -4.59999 17
    endloop
  endfacet
  facet normal 0 -1 0
    outer loop
      vertex -0.22335 -4.59999 16.9729
      vertex 0.22335 -4.59999 16.9729
      vertex 0.224991 -4.59999 17
    endloop
  endfacet
  facet normal 0 -1 0
    outer loop
      vertex -0.218452 -4.59999 16.9462
      vertex 0.22335 -4.59999 16.9729
      vertex -0.22335 -4.59999 16.9729
    endloop
  endfacet
  facet normal 0 -1 0
    outer loop
      vertex -0.218452 -4.59999 16.9462
      vertex 0.218452 -4.59999 16.9462
      vertex 0.22335 -4.59999 16.9729
    endloop
  endfacet
  facet normal 0 -1 0
    outer loop
      vertex -0.21037 -4.59999 16.9202
      vertex 0.218452 -4.59999 16.9462
      vertex -0.218452 -4.59999 16.9462
    endloop
  endfacet
  facet normal 0 -1 0
    outer loop
      vertex -0.21037 -4.59999 16.9202
      vertex 0.21037 -4.59999 16.9202
      vertex 0.218452 -4.59999 16.9462
    endloop
  endfacet
  facet normal 0 -1 0
    outer loop
      vertex -0.199219 -4.59999 16.8954
      vertex 0.21037 -4.59999 16.9202
      vertex -0.21037 -4.59999 16.9202
    endloop
  endfacet
  facet normal 0 -1 0
    outer loop
      vertex -0.199219 -4.59999 16.8954
      vertex 0.199219 -4.59999 16.8954
      vertex 0.21037 -4.59999 16.9202
    endloop
  endfacet
  facet normal 0 -1 0
    outer loop
      vertex -0.185163 -4.59999 16.8722
      vertex 0.199219 -4.59999 16.8954
      vertex -0.199219 -4.59999 16.8954
    endloop
  endfacet
  facet normal 0 -1 0
    outer loop
      vertex -0.185163 -4.59999 16.8722
      vertex 0.185163 -4.59999 16.8722
      vertex 0.199219 -4.59999 16.8954
    endloop
  endfacet
  facet normal 0 -1 0
    outer loop
      vertex -0.168407 -4.59999 16.8508
      vertex 0.185163 -4.59999 16.8722
      vertex -0.185163 -4.59999 16.8722
    endloop
  endfacet
  facet normal 0 -1 0
    outer loop
      vertex -0.168407 -4.59999 16.8508
      vertex 0.168407 -4.59999 16.8508
      vertex 0.185163 -4.59999 16.8722
    endloop
  endfacet
  facet normal 0 -1 0
    outer loop
      vertex -0.149196 -4.59999 16.8316
      vertex 0.168407 -4.59999 16.8508
      vertex -0.168407 -4.59999 16.8508
    endloop
  endfacet
  facet normal 0 -1 0
    outer loop
      vertex -0.149196 -4.59999 16.8316
      vertex 0.149196 -4.59999 16.8316
      vertex 0.168407 -4.59999 16.8508
    endloop
  endfacet
  facet normal 0 -1 0
    outer loop
      vertex -0.127809 -4.59999 16.8148
      vertex 0.149196 -4.59999 16.8316
      vertex -0.149196 -4.59999 16.8316
    endloop
  endfacet
  facet normal 0 -1 0
    outer loop
      vertex -0.127809 -4.59999 16.8148
      vertex 0.127809 -4.59999 16.8148
      vertex 0.149196 -4.59999 16.8316
    endloop
  endfacet
  facet normal 0 -1 0
    outer loop
      vertex -0.104558 -4.59999 16.8008
      vertex 0.127809 -4.59999 16.8148
      vertex -0.127809 -4.59999 16.8148
    endloop
  endfacet
  facet normal 0 -1 0
    outer loop
      vertex -0.104558 -4.59999 16.8008
      vertex 0.104558 -4.59999 16.8008
      vertex 0.127809 -4.59999 16.8148
    endloop
  endfacet
  facet normal 0 -1 0
    outer loop
      vertex -0.0797825 -4.59999 16.7896
      vertex 0.104558 -4.59999 16.8008
      vertex -0.104558 -4.59999 16.8008
    endloop
  endfacet
  facet normal 0 -1 0
    outer loop
      vertex -0.0797825 -4.59999 16.7896
      vertex 0.0797825 -4.59999 16.7896
      vertex 0.104558 -4.59999 16.8008
    endloop
  endfacet
  facet normal 0 -1 0
    outer loop
      vertex -0.0538435 -4.59999 16.7815
      vertex 0.0797825 -4.59999 16.7896
      vertex -0.0797825 -4.59999 16.7896
    endloop
  endfacet
  facet normal 0 -1 0
    outer loop
      vertex -0.0538435 -4.59999 16.7815
      vertex 0.0538435 -4.59999 16.7815
      vertex 0.0797825 -4.59999 16.7896
    endloop
  endfacet
  facet normal 0 -1 0
    outer loop
      vertex -0.0271196 -4.59999 16.7766
      vertex 0.0538435 -4.59999 16.7815
      vertex -0.0538435 -4.59999 16.7815
    endloop
  endfacet
  facet normal 0 -1 0
    outer loop
      vertex -0.0271196 -4.59999 16.7766
      vertex 0.0271196 -4.59999 16.7766
      vertex 0.0538435 -4.59999 16.7815
    endloop
  endfacet
  facet normal -0 -1 0
    outer loop
      vertex 0.0271196 -4.59999 16.7766
      vertex -0.0271196 -4.59999 16.7766
      vertex 0 -4.59999 16.775
    endloop
  endfacet
  facet normal 0.382287 -0.921385 0.0700404
    outer loop
      vertex 1.60205 -4 17.3949
      vertex 0.218452 -4.59999 17.0538
      vertex 1.63796 -4 17.1989
    endloop
  endfacet
  facet normal -0.27475 -0.921378 -0.274908
    outer loop
      vertex -1.23504 -4 15.9059
      vertex -0.149196 -4.59999 16.8316
      vertex -0.168407 -4.59999 16.8508
    endloop
  endfacet
  facet normal -0.274833 -0.921382 -0.274813
    outer loop
      vertex -0.149196 -4.59999 16.8316
      vertex -1.23504 -4 15.9059
      vertex -1.09415 -4 15.765
    endloop
  endfacet
  facet normal 0.306019 -0.921379 -0.23961
    outer loop
      vertex 0.185163 -4.59999 16.8722
      vertex 0.168407 -4.59999 16.8508
      vertex 1.23504 -4 15.9059
    endloop
  endfacet
  facet normal -0.0228882 -0.921396 -0.38795
    outer loop
      vertex 0 -4.59999 16.775
      vertex -0.0271196 -4.59999 16.7766
      vertex 0 -4 15.35
    endloop
  endfacet
  facet normal 0.387941 -0.921385 0.0234912
    outer loop
      vertex 1.63796 -4 17.1989
      vertex 0.22335 -4.59999 17.0271
      vertex 0.224991 -4.59999 17
    endloop
  endfacet
  facet normal -0.0228919 -0.92137 0.388011
    outer loop
      vertex 0 -4.59999 17.225
      vertex -0.198884 -4 18.638
      vertex -0.0271196 -4.59999 17.2234
    endloop
  endfacet
  facet normal -0.0700944 -0.921382 0.382285
    outer loop
      vertex -0.0271196 -4.59999 17.2234
      vertex -0.198884 -4 18.638
      vertex -0.0538435 -4.59999 17.2185
    endloop
  endfacet
  facet normal -0.332592 -0.921385 -0.201077
    outer loop
      vertex -0.185163 -4.59999 16.8722
      vertex -1.461 -4 16.2332
      vertex -1.35792 -4 16.0627
    endloop
  endfacet
  facet normal -0.16008 -0.9214 -0.354114
    outer loop
      vertex -0.104558 -4.59999 16.8008
      vertex -0.76679 -4 15.539
      vertex -0.0797825 -4.59999 16.7896
    endloop
  endfacet
  facet normal 0.24007 -0.921393 0.305617
    outer loop
      vertex 1.09415 -4 18.235
      vertex 0.127809 -4.59999 17.1852
      vertex 0.149196 -4.59999 17.1684
    endloop
  endfacet
  facet normal 0.371117 -0.921392 0.11536
    outer loop
      vertex 1.60205 -4 17.3949
      vertex 0.21037 -4.59999 17.0798
      vertex 0.218452 -4.59999 17.0538
    endloop
  endfacet
  facet normal -0.332424 -0.921375 -0.201403
    outer loop
      vertex -0.199219 -4.59999 16.8954
      vertex -1.461 -4 16.2332
      vertex -0.185163 -4.59999 16.8722
    endloop
  endfacet
  facet normal 0.239719 -0.921379 0.305933
    outer loop
      vertex 0.937303 -4 18.3579
      vertex 0.127809 -4.59999 17.1852
      vertex 1.09415 -4 18.235
    endloop
  endfacet
  facet normal 0.2011 -0.92138 0.332591
    outer loop
      vertex 0.76679 -4 18.461
      vertex 0.127809 -4.59999 17.1852
      vertex 0.937303 -4 18.3579
    endloop
  endfacet
  facet normal 0.382287 -0.921385 -0.0700404
    outer loop
      vertex 1.63796 -4 16.8011
      vertex 0.218452 -4.59999 16.9462
      vertex 1.60205 -4 16.6051
    endloop
  endfacet
  facet normal 0.274833 -0.921382 0.274813
    outer loop
      vertex 0.149196 -4.59999 17.1684
      vertex 1.23504 -4 18.0941
      vertex 1.09415 -4 18.235
    endloop
  endfacet
  facet normal 0.27475 -0.921378 0.274908
    outer loop
      vertex 1.23504 -4 18.0941
      vertex 0.149196 -4.59999 17.1684
      vertex 0.168407 -4.59999 17.1492
    endloop
  endfacet
  facet normal 0.332424 -0.921375 0.201403
    outer loop
      vertex 1.461 -4 17.7668
      vertex 0.185163 -4.59999 17.1278
      vertex 0.199219 -4.59999 17.1046
    endloop
  endfacet
  facet normal 0.371049 -0.921384 0.115646
    outer loop
      vertex 1.54277 -4 17.5851
      vertex 0.21037 -4.59999 17.0798
      vertex 1.60205 -4 17.3949
    endloop
  endfacet
  facet normal 0.332424 -0.921375 -0.201403
    outer loop
      vertex 0.199219 -4.59999 16.8954
      vertex 0.185163 -4.59999 16.8722
      vertex 1.461 -4 16.2332
    endloop
  endfacet
  facet normal 0.382277 -0.921383 0.0701271
    outer loop
      vertex 1.63796 -4 17.1989
      vertex 0.218452 -4.59999 17.0538
      vertex 0.22335 -4.59999 17.0271
    endloop
  endfacet
  facet normal 0.387945 -0.921384 0.0234639
    outer loop
      vertex 1.63796 -4 17.1989
      vertex 0.224991 -4.59999 17
      vertex 1.64999 -4 17
    endloop
  endfacet
  facet normal 0.306019 -0.921379 0.23961
    outer loop
      vertex 1.23504 -4 18.0941
      vertex 0.168407 -4.59999 17.1492
      vertex 0.185163 -4.59999 17.1278
    endloop
  endfacet
  facet normal 0.354418 -0.921384 -0.159498
    outer loop
      vertex 1.54277 -4 16.4149
      vertex 0.21037 -4.59999 16.9202
      vertex 1.461 -4 16.2332
    endloop
  endfacet
  facet normal 0.16008 -0.9214 0.354114
    outer loop
      vertex 0.76679 -4 18.461
      vertex 0.0797825 -4.59999 17.2104
      vertex 0.104558 -4.59999 17.1992
    endloop
  endfacet
  facet normal 0.24007 -0.921393 -0.305617
    outer loop
      vertex 0.149196 -4.59999 16.8316
      vertex 0.127809 -4.59999 16.8148
      vertex 1.09415 -4 15.765
    endloop
  endfacet
  facet normal 0.20046 -0.921401 -0.332921
    outer loop
      vertex 0.127809 -4.59999 16.8148
      vertex 0.104558 -4.59999 16.8008
      vertex 0.76679 -4 15.539
    endloop
  endfacet
  facet normal 0.354418 -0.921384 0.159498
    outer loop
      vertex 1.461 -4 17.7668
      vertex 0.21037 -4.59999 17.0798
      vertex 1.54277 -4 17.5851
    endloop
  endfacet
  facet normal 0.115491 -0.921381 0.371105
    outer loop
      vertex 0.394869 -4 18.602
      vertex 0.0797825 -4.59999 17.2104
      vertex 0.585095 -4 18.5428
    endloop
  endfacet
  facet normal 0.115858 -0.92137 0.371017
    outer loop
      vertex 0.394869 -4 18.602
      vertex 0.0538435 -4.59999 17.2185
      vertex 0.0797825 -4.59999 17.2104
    endloop
  endfacet
  facet normal 0.20046 -0.921401 0.332921
    outer loop
      vertex 0.76679 -4 18.461
      vertex 0.104558 -4.59999 17.1992
      vertex 0.127809 -4.59999 17.1852
    endloop
  endfacet
  facet normal 0.965147 0 -0.261709
    outer loop
      vertex -12.8681 -3.09999 26.8797
      vertex -12.92 -1.7 26.6883
      vertex -12.8681 -1.7 26.8797
    endloop
  endfacet
  facet normal 0.965147 0 -0.261709
    outer loop
      vertex -12.92 -1.7 26.6883
      vertex -12.8681 -3.09999 26.8797
      vertex -12.92 -3.09999 26.6883
    endloop
  endfacet
  facet normal 0.922194 0 -0.386727
    outer loop
      vertex -12.727 -3.09999 27.2503
      vertex -12.8037 -1.7 27.0674
      vertex -12.727 -1.7 27.2503
    endloop
  endfacet
  facet normal 0.922194 0 -0.386727
    outer loop
      vertex -12.8037 -1.7 27.0674
      vertex -12.727 -3.09999 27.2503
      vertex -12.8037 -3.09999 27.0674
    endloop
  endfacet
  facet normal 0.997784 -0 0.0665357
    outer loop
      vertex -12.9984 -3.09999 7.90081
      vertex -12.9852 -1.7 7.70286
      vertex -12.9984 -1.7 7.90081
    endloop
  endfacet
  facet normal 0.997784 0 0.0665357
    outer loop
      vertex -12.9852 -1.7 7.70286
      vertex -12.9984 -3.09999 7.90081
      vertex -12.9852 -3.09999 7.70286
    endloop
  endfacet
  facet normal 0.789013 -0 0.614377
    outer loop
      vertex -12.4271 -3.09999 6.23664
      vertex -12.3052 -1.7 6.08009
      vertex -12.4271 -1.7 6.23664
    endloop
  endfacet
  facet normal 0.789013 0 0.614377
    outer loop
      vertex -12.3052 -1.7 6.08009
      vertex -12.4271 -3.09999 6.23664
      vertex -12.3052 -3.09999 6.08009
    endloop
  endfacet
  facet normal 1 -0 0
    outer loop
      vertex -12.9984 -3.09999 26.0992
      vertex -12.9984 -1.7 7.90081
      vertex -12.9984 -1.7 26.0992
    endloop
  endfacet
  facet normal 1 0 0
    outer loop
      vertex -12.9984 -1.7 7.90081
      vertex -12.9984 -3.09999 26.0992
      vertex -12.9984 -3.09999 7.90081
    endloop
  endfacet
  facet normal 0.0496107 0 0.998769
    outer loop
      vertex -10.2477 -1.7 5.01025
      vertex -10.0496 -3.09999 5.00041
      vertex -10.0496 -1.7 5.00041
    endloop
  endfacet
  facet normal 0.0496107 0 0.998769
    outer loop
      vertex -10.0496 -3.09999 5.00041
      vertex -10.2477 -1.7 5.01025
      vertex -10.2477 -3.09999 5.01025
    endloop
  endfacet
  facet normal 0.991306 -0 0.131576
    outer loop
      vertex -12.9852 -3.09999 7.70286
      vertex -12.9591 -1.7 7.50622
      vertex -12.9852 -1.7 7.70286
    endloop
  endfacet
  facet normal 0.991306 0 0.131576
    outer loop
      vertex -12.9591 -1.7 7.50622
      vertex -12.9852 -3.09999 7.70286
      vertex -12.9591 -3.09999 7.50622
    endloop
  endfacet
  facet normal 0 0 -1
    outer loop
      vertex 12.99 -2.41731 29
      vertex 12.5958 -1.7 29
      vertex 12.99 -2.38267 29
    endloop
  endfacet
  facet normal 0 0 -1
    outer loop
      vertex 12.5958 -3.09999 29
      vertex 12.5958 -1.7 29
      vertex 12.99 -2.41731 29
    endloop
  endfacet
  facet normal 1.76636e-05 0 -1
    outer loop
      vertex -10.0496 -3.09999 28.9996
      vertex 12.5958 -1.7 29
      vertex 12.5958 -3.09999 29
    endloop
  endfacet
  facet normal 1.76636e-05 0 -1
    outer loop
      vertex 12.5958 -1.7 29
      vertex -10.0496 -3.09999 28.9996
      vertex -10.0496 -1.7 28.9996
    endloop
  endfacet
  facet normal 0.945838 -0 0.324639
    outer loop
      vertex -12.8681 -3.09999 7.12025
      vertex -12.8037 -1.7 6.93262
      vertex -12.8681 -1.7 7.12025
    endloop
  endfacet
  facet normal 0.945838 0 0.324639
    outer loop
      vertex -12.8037 -1.7 6.93262
      vertex -12.8681 -3.09999 7.12025
      vertex -12.8037 -3.09999 6.93262
    endloop
  endfacet
  facet normal 0.997783 0 -0.0665525
    outer loop
      vertex -12.9852 -3.09999 26.2971
      vertex -12.9984 -1.7 26.0992
      vertex -12.9852 -1.7 26.2971
    endloop
  endfacet
  facet normal 0.997783 0 -0.0665525
    outer loop
      vertex -12.9984 -1.7 26.0992
      vertex -12.9852 -3.09999 26.2971
      vertex -12.9984 -3.09999 26.0992
    endloop
  endfacet
  facet normal 0.371217 0 0.928546
    outer loop
      vertex -11.2051 -1.7 5.25268
      vertex -11.0209 -3.09999 5.17904
      vertex -11.0209 -1.7 5.17904
    endloop
  endfacet
  facet normal 0.371217 0 0.928546
    outer loop
      vertex -11.0209 -3.09999 5.17904
      vertex -11.2051 -1.7 5.25268
      vertex -11.2051 -3.09999 5.25268
    endloop
  endfacet
  facet normal 0.863395 0 -0.504529
    outer loop
      vertex -12.5383 -3.09999 27.5991
      vertex -12.6384 -1.7 27.4278
      vertex -12.5383 -1.7 27.5991
    endloop
  endfacet
  facet normal 0.863395 0 -0.504529
    outer loop
      vertex -12.6384 -1.7 27.4278
      vertex -12.5383 -3.09999 27.5991
      vertex -12.6384 -3.09999 27.4278
    endloop
  endfacet
  facet normal 0.0494095 0 -0.998779
    outer loop
      vertex -10.2477 -3.09999 28.9898
      vertex -10.0496 -1.7 28.9996
      vertex -10.0496 -3.09999 28.9996
    endloop
  endfacet
  facet normal 0.0494095 0 -0.998779
    outer loop
      vertex -10.0496 -1.7 28.9996
      vertex -10.2477 -3.09999 28.9898
      vertex -10.2477 -1.7 28.9898
    endloop
  endfacet
  facet normal 0.701059 0 0.713103
    outer loop
      vertex -12.1733 -1.7 5.93194
      vertex -12.0318 -3.09999 5.79283
      vertex -12.0318 -1.7 5.79283
    endloop
  endfacet
  facet normal 0.701059 0 0.713103
    outer loop
      vertex -12.0318 -3.09999 5.79283
      vertex -12.1733 -1.7 5.93194
      vertex -12.1733 -3.09999 5.93194
    endloop
  endfacet
  facet normal 0.894729 0 -0.446609
    outer loop
      vertex -12.6384 -3.09999 27.4278
      vertex -12.727 -1.7 27.2503
      vertex -12.6384 -1.7 27.4278
    endloop
  endfacet
  facet normal 0.894729 0 -0.446609
    outer loop
      vertex -12.727 -1.7 27.2503
      vertex -12.6384 -3.09999 27.4278
      vertex -12.727 -3.09999 27.2503
    endloop
  endfacet
  facet normal 0 0 1
    outer loop
      vertex 13 -2.39999 5
      vertex 12.99 -2.38267 5
      vertex 12.99 -2.41731 5
    endloop
  endfacet
  facet normal 0.601209 0 0.799092
    outer loop
      vertex -11.8815 -1.7 5.66337
      vertex -11.723 -3.09999 5.54412
      vertex -11.723 -1.7 5.54412
    endloop
  endfacet
  facet normal 0.601209 0 0.799092
    outer loop
      vertex -11.723 -3.09999 5.54412
      vertex -11.8815 -1.7 5.66337
      vertex -11.8815 -3.09999 5.66337
    endloop
  endfacet
  facet normal 0.991311 0 -0.131536
    outer loop
      vertex -12.9591 -3.09999 26.4938
      vertex -12.9852 -1.7 26.2971
      vertex -12.9591 -1.7 26.4938
    endloop
  endfacet
  facet normal 0.991311 0 -0.131536
    outer loop
      vertex -12.9852 -1.7 26.2971
      vertex -12.9591 -3.09999 26.4938
      vertex -12.9852 -3.09999 26.2971
    endloop
  endfacet
  facet normal 2.53678e-05 0 1
    outer loop
      vertex 12.5958 -1.7 5.00001
      vertex 12.99 -2.41731 5
      vertex 12.99 -2.38267 5
    endloop
  endfacet
  facet normal 2.53678e-05 0 1
    outer loop
      vertex 12.5958 -1.7 5.00001
      vertex 12.5958 -3.09999 5.00001
      vertex 12.99 -2.41731 5
    endloop
  endfacet
  facet normal 1.76636e-05 0 1
    outer loop
      vertex -10.0496 -1.7 5.00041
      vertex 12.5958 -3.09999 5.00001
      vertex 12.5958 -1.7 5.00001
    endloop
  endfacet
  facet normal 1.76636e-05 0 1
    outer loop
      vertex 12.5958 -3.09999 5.00001
      vertex -10.0496 -1.7 5.00041
      vertex -10.0496 -3.09999 5.00041
    endloop
  endfacet
  facet normal 0.945875 0 -0.32453
    outer loop
      vertex -12.8037 -3.09999 27.0674
      vertex -12.8681 -1.7 26.8797
      vertex -12.8037 -1.7 27.0674
    endloop
  endfacet
  facet normal 0.945875 0 -0.32453
    outer loop
      vertex -12.8681 -1.7 26.8797
      vertex -12.8037 -3.09999 27.0674
      vertex -12.8681 -3.09999 26.8797
    endloop
  endfacet
  facet normal 0.115906 0 -0.99326
    outer loop
      vertex -10.4448 -3.09999 28.9668
      vertex -10.2477 -1.7 28.9898
      vertex -10.2477 -3.09999 28.9898
    endloop
  endfacet
  facet normal 0.115906 0 -0.99326
    outer loop
      vertex -10.2477 -1.7 28.9898
      vertex -10.4448 -3.09999 28.9668
      vertex -10.4448 -1.7 28.9668
    endloop
  endfacet
  facet normal 0.788918 0 -0.614499
    outer loop
      vertex -12.3052 -3.09999 27.9199
      vertex -12.4271 -1.7 27.7634
      vertex -12.3052 -1.7 27.9199
    endloop
  endfacet
  facet normal 0.788918 0 -0.614499
    outer loop
      vertex -12.4271 -1.7 27.7634
      vertex -12.3052 -3.09999 27.9199
      vertex -12.4271 -3.09999 27.7634
    endloop
  endfacet
  facet normal 0.652624 0 0.757682
    outer loop
      vertex -12.0318 -1.7 5.79283
      vertex -11.8815 -3.09999 5.66337
      vertex -11.8815 -1.7 5.66337
    endloop
  endfacet
  facet normal 0.652624 0 0.757682
    outer loop
      vertex -11.8815 -3.09999 5.66337
      vertex -12.0318 -1.7 5.79283
      vertex -12.0318 -3.09999 5.79283
    endloop
  endfacet
  facet normal 0.180872 0 0.983507
    outer loop
      vertex -10.6399 -1.7 5.06904
      vertex -10.4448 -3.09999 5.03316
      vertex -10.4448 -1.7 5.03316
    endloop
  endfacet
  facet normal 0.180872 0 0.983507
    outer loop
      vertex -10.4448 -3.09999 5.03316
      vertex -10.6399 -1.7 5.06904
      vertex -10.6399 -3.09999 5.06904
    endloop
  endfacet
  facet normal 0.828153 0 -0.560503
    outer loop
      vertex -12.4271 -3.09999 27.7634
      vertex -12.5383 -1.7 27.5991
      vertex -12.4271 -1.7 27.7634
    endloop
  endfacet
  facet normal 0.828153 0 -0.560503
    outer loop
      vertex -12.5383 -1.7 27.5991
      vertex -12.4271 -3.09999 27.7634
      vertex -12.5383 -3.09999 27.5991
    endloop
  endfacet
  facet normal 0.980384 -0 0.197095
    outer loop
      vertex -12.9591 -3.09999 7.50622
      vertex -12.92 -1.7 7.31173
      vertex -12.9591 -1.7 7.50622
    endloop
  endfacet
  facet normal 0.980384 0 0.197095
    outer loop
      vertex -12.92 -1.7 7.31173
      vertex -12.9591 -3.09999 7.50622
      vertex -12.92 -3.09999 7.31173
    endloop
  endfacet
  facet normal 0.746881 -0 0.664958
    outer loop
      vertex -12.3052 -3.09999 6.08009
      vertex -12.1733 -1.7 5.93194
      vertex -12.3052 -1.7 6.08009
    endloop
  endfacet
  facet normal 0.746881 0 0.664958
    outer loop
      vertex -12.1733 -1.7 5.93194
      vertex -12.3052 -3.09999 6.08009
      vertex -12.1733 -3.09999 5.93194
    endloop
  endfacet
  facet normal 0.431616 0 -0.902057
    outer loop
      vertex -11.384 -3.09999 28.6617
      vertex -11.2051 -1.7 28.7473
      vertex -11.2051 -3.09999 28.7473
    endloop
  endfacet
  facet normal 0.431616 0 -0.902057
    outer loop
      vertex -11.2051 -1.7 28.7473
      vertex -11.384 -3.09999 28.6617
      vertex -11.384 -1.7 28.6617
    endloop
  endfacet
  facet normal 0.828089 -0 0.560596
    outer loop
      vertex -12.5383 -3.09999 6.4009
      vertex -12.4271 -1.7 6.23664
      vertex -12.5383 -1.7 6.4009
    endloop
  endfacet
  facet normal 0.828089 0 0.560596
    outer loop
      vertex -12.4271 -1.7 6.23664
      vertex -12.5383 -3.09999 6.4009
      vertex -12.4271 -3.09999 6.23664
    endloop
  endfacet
  facet normal 0 0 -1
    outer loop
      vertex 12.99 -2.38267 29
      vertex 13 -2.39999 29
      vertex 12.99 -2.41731 29
    endloop
  endfacet
  facet normal 0.746992 0 -0.664833
    outer loop
      vertex -12.1733 -3.09999 28.0681
      vertex -12.3052 -1.7 27.9199
      vertex -12.1733 -1.7 28.0681
    endloop
  endfacet
  facet normal 0.746992 0 -0.664833
    outer loop
      vertex -12.3052 -1.7 27.9199
      vertex -12.1733 -3.09999 28.0681
      vertex -12.3052 -3.09999 27.9199
    endloop
  endfacet
  facet normal 0.546883 0 -0.837209
    outer loop
      vertex -11.723 -3.09999 28.4559
      vertex -11.5569 -1.7 28.5644
      vertex -11.5569 -3.09999 28.5644
    endloop
  endfacet
  facet normal 0.546883 0 -0.837209
    outer loop
      vertex -11.5569 -1.7 28.5644
      vertex -11.723 -3.09999 28.4559
      vertex -11.723 -1.7 28.4559
    endloop
  endfacet
  facet normal 0.863343 -0 0.504617
    outer loop
      vertex -12.6384 -3.09999 6.57216
      vertex -12.5383 -1.7 6.4009
      vertex -12.6384 -1.7 6.57216
    endloop
  endfacet
  facet normal 0.863343 0 0.504617
    outer loop
      vertex -12.5383 -1.7 6.4009
      vertex -12.6384 -3.09999 6.57216
      vertex -12.5383 -3.09999 6.4009
    endloop
  endfacet
  facet normal 0.2455 0 -0.969397
    outer loop
      vertex -10.8322 -3.09999 28.8823
      vertex -10.6399 -1.7 28.931
      vertex -10.6399 -3.09999 28.931
    endloop
  endfacet
  facet normal 0.2455 0 -0.969397
    outer loop
      vertex -10.6399 -1.7 28.931
      vertex -10.8322 -3.09999 28.8823
      vertex -10.8322 -1.7 28.8823
    endloop
  endfacet
  facet normal 0.965174 -0 0.261607
    outer loop
      vertex -12.92 -3.09999 7.31173
      vertex -12.8681 -1.7 7.12025
      vertex -12.92 -1.7 7.31173
    endloop
  endfacet
  facet normal 0.965174 0 0.261607
    outer loop
      vertex -12.8681 -1.7 7.12025
      vertex -12.92 -3.09999 7.31173
      vertex -12.8681 -3.09999 7.12025
    endloop
  endfacet
  facet normal 0.180482 0 -0.983578
    outer loop
      vertex -10.6399 -3.09999 28.931
      vertex -10.4448 -1.7 28.9668
      vertex -10.4448 -3.09999 28.9668
    endloop
  endfacet
  facet normal 0.180482 0 -0.983578
    outer loop
      vertex -10.4448 -1.7 28.9668
      vertex -10.6399 -3.09999 28.931
      vertex -10.6399 -1.7 28.931
    endloop
  endfacet
  facet normal 0.490429 0 -0.871481
    outer loop
      vertex -11.5569 -3.09999 28.5644
      vertex -11.384 -1.7 28.6617
      vertex -11.384 -3.09999 28.6617
    endloop
  endfacet
  facet normal 0.490429 0 -0.871481
    outer loop
      vertex -11.384 -1.7 28.6617
      vertex -11.5569 -3.09999 28.5644
      vertex -11.5569 -1.7 28.5644
    endloop
  endfacet
  facet normal 0.60137 0 -0.79897
    outer loop
      vertex -11.8815 -3.09999 28.3366
      vertex -11.723 -1.7 28.4559
      vertex -11.723 -3.09999 28.4559
    endloop
  endfacet
  facet normal 0.60137 0 -0.79897
    outer loop
      vertex -11.723 -1.7 28.4559
      vertex -11.8815 -3.09999 28.3366
      vertex -11.8815 -1.7 28.3366
    endloop
  endfacet
  facet normal 0.980386 0 -0.197085
    outer loop
      vertex -12.92 -3.09999 26.6883
      vertex -12.9591 -1.7 26.4938
      vertex -12.92 -1.7 26.6883
    endloop
  endfacet
  facet normal 0.980386 0 -0.197085
    outer loop
      vertex -12.9591 -1.7 26.4938
      vertex -12.92 -3.09999 26.6883
      vertex -12.9591 -3.09999 26.4938
    endloop
  endfacet
  facet normal 0.308961 0 0.951075
    outer loop
      vertex -11.0209 -1.7 5.17904
      vertex -10.8322 -3.09999 5.11774
      vertex -10.8322 -1.7 5.11774
    endloop
  endfacet
  facet normal 0.308961 0 0.951075
    outer loop
      vertex -10.8322 -3.09999 5.11774
      vertex -11.0209 -1.7 5.17904
      vertex -11.0209 -3.09999 5.17904
    endloop
  endfacet
  facet normal 0.115458 0 0.993312
    outer loop
      vertex -10.4448 -1.7 5.03316
      vertex -10.2477 -3.09999 5.01025
      vertex -10.2477 -1.7 5.01025
    endloop
  endfacet
  facet normal 0.115458 0 0.993312
    outer loop
      vertex -10.2477 -3.09999 5.01025
      vertex -10.4448 -1.7 5.03316
      vertex -10.4448 -3.09999 5.03316
    endloop
  endfacet
  facet normal 0.371478 0 -0.928442
    outer loop
      vertex -11.2051 -3.09999 28.7473
      vertex -11.0209 -1.7 28.821
      vertex -11.0209 -3.09999 28.821
    endloop
  endfacet
  facet normal 0.371478 0 -0.928442
    outer loop
      vertex -11.0209 -1.7 28.821
      vertex -11.2051 -3.09999 28.7473
      vertex -11.2051 -1.7 28.7473
    endloop
  endfacet
  facet normal 0.431821 0 0.901959
    outer loop
      vertex -11.384 -1.7 5.33833
      vertex -11.2051 -3.09999 5.25268
      vertex -11.2051 -1.7 5.25268
    endloop
  endfacet
  facet normal 0.431821 0 0.901959
    outer loop
      vertex -11.2051 -3.09999 5.25268
      vertex -11.384 -1.7 5.33833
      vertex -11.384 -3.09999 5.33833
    endloop
  endfacet
  facet normal 0.308961 0 -0.951075
    outer loop
      vertex -11.0209 -3.09999 28.821
      vertex -10.8322 -1.7 28.8823
      vertex -10.8322 -3.09999 28.8823
    endloop
  endfacet
  facet normal 0.308961 0 -0.951075
    outer loop
      vertex -10.8322 -1.7 28.8823
      vertex -11.0209 -3.09999 28.821
      vertex -11.0209 -1.7 28.821
    endloop
  endfacet
  facet normal 0.546883 0 0.837209
    outer loop
      vertex -11.723 -1.7 5.54412
      vertex -11.5569 -3.09999 5.43562
      vertex -11.5569 -1.7 5.43562
    endloop
  endfacet
  facet normal 0.546883 0 0.837209
    outer loop
      vertex -11.5569 -3.09999 5.43562
      vertex -11.723 -1.7 5.54412
      vertex -11.723 -3.09999 5.54412
    endloop
  endfacet
  facet normal 0 -1 0
    outer loop
      vertex -12.9984 -1.7 26.0992
      vertex -10.0496 -1.7 28.9996
      vertex -10.2477 -1.7 28.9898
    endloop
  endfacet
  facet normal 0 -1 0
    outer loop
      vertex -12.9984 -1.7 26.0992
      vertex -10.2477 -1.7 28.9898
      vertex -10.4448 -1.7 28.9668
    endloop
  endfacet
  facet normal 0 -1 0
    outer loop
      vertex -12.9984 -1.7 26.0992
      vertex -10.4448 -1.7 28.9668
      vertex -10.6399 -1.7 28.931
    endloop
  endfacet
  facet normal 0 -1 0
    outer loop
      vertex -12.9984 -1.7 26.0992
      vertex -10.6399 -1.7 28.931
      vertex -10.8322 -1.7 28.8823
    endloop
  endfacet
  facet normal 0 -1 0
    outer loop
      vertex -12.9984 -1.7 26.0992
      vertex -10.8322 -1.7 28.8823
      vertex -11.0209 -1.7 28.821
    endloop
  endfacet
  facet normal 0 -1 0
    outer loop
      vertex -12.9984 -1.7 26.0992
      vertex -11.0209 -1.7 28.821
      vertex -11.2051 -1.7 28.7473
    endloop
  endfacet
  facet normal 0 -1 0
    outer loop
      vertex -12.9984 -1.7 26.0992
      vertex -11.2051 -1.7 28.7473
      vertex -11.384 -1.7 28.6617
    endloop
  endfacet
  facet normal 0 -1 0
    outer loop
      vertex -12.9984 -1.7 26.0992
      vertex -11.384 -1.7 28.6617
      vertex -11.5569 -1.7 28.5644
    endloop
  endfacet
  facet normal 0 -1 0
    outer loop
      vertex -12.9984 -1.7 26.0992
      vertex -11.5569 -1.7 28.5644
      vertex -11.723 -1.7 28.4559
    endloop
  endfacet
  facet normal 0 -1 0
    outer loop
      vertex -12.9984 -1.7 26.0992
      vertex -11.723 -1.7 28.4559
      vertex -11.8815 -1.7 28.3366
    endloop
  endfacet
  facet normal 0 -1 0
    outer loop
      vertex -12.9984 -1.7 26.0992
      vertex -11.8815 -1.7 28.3366
      vertex -12.0318 -1.7 28.2072
    endloop
  endfacet
  facet normal 0 -1 0
    outer loop
      vertex -12.9984 -1.7 26.0992
      vertex -12.0318 -1.7 28.2072
      vertex -12.1733 -1.7 28.0681
    endloop
  endfacet
  facet normal 0 -1 0
    outer loop
      vertex -12.9984 -1.7 26.0992
      vertex -12.1733 -1.7 28.0681
      vertex -12.3052 -1.7 27.9199
    endloop
  endfacet
  facet normal 0 -1 0
    outer loop
      vertex -12.9984 -1.7 26.0992
      vertex -12.3052 -1.7 27.9199
      vertex -12.4271 -1.7 27.7634
    endloop
  endfacet
  facet normal 0 -1 0
    outer loop
      vertex -12.9984 -1.7 26.0992
      vertex -12.4271 -1.7 27.7634
      vertex -12.5383 -1.7 27.5991
    endloop
  endfacet
  facet normal 0 -1 0
    outer loop
      vertex -12.9984 -1.7 26.0992
      vertex -12.5383 -1.7 27.5991
      vertex -12.6384 -1.7 27.4278
    endloop
  endfacet
  facet normal 0 -1 0
    outer loop
      vertex -12.9984 -1.7 26.0992
      vertex -12.6384 -1.7 27.4278
      vertex -12.727 -1.7 27.2503
    endloop
  endfacet
  facet normal 0 -1 0
    outer loop
      vertex -12.9984 -1.7 26.0992
      vertex -12.727 -1.7 27.2503
      vertex -12.8037 -1.7 27.0674
    endloop
  endfacet
  facet normal 0 -1 0
    outer loop
      vertex -12.9984 -1.7 26.0992
      vertex -12.8037 -1.7 27.0674
      vertex -12.8681 -1.7 26.8797
    endloop
  endfacet
  facet normal 0 -1 0
    outer loop
      vertex -12.9984 -1.7 26.0992
      vertex -12.8681 -1.7 26.8797
      vertex -12.92 -1.7 26.6883
    endloop
  endfacet
  facet normal 0 -1 0
    outer loop
      vertex -12.9984 -1.7 26.0992
      vertex -12.92 -1.7 26.6883
      vertex -12.9591 -1.7 26.4938
    endloop
  endfacet
  facet normal 0 -1 0
    outer loop
      vertex -12.9984 -1.7 26.0992
      vertex -12.9591 -1.7 26.4938
      vertex -12.9852 -1.7 26.2971
    endloop
  endfacet
  facet normal 0 -1 -0
    outer loop
      vertex -10.0496 -1.7 28.9996
      vertex -12.9984 -1.7 26.0992
      vertex -10.0496 -1.7 5.00041
    endloop
  endfacet
  facet normal 0 -1 0
    outer loop
      vertex -10.0496 -1.7 5.00041
      vertex -12.9984 -1.7 26.0992
      vertex -12.9984 -1.7 7.90081
    endloop
  endfacet
  facet normal 0 -1 0
    outer loop
      vertex -10.0496 -1.7 5.00041
      vertex -12.9984 -1.7 7.90081
      vertex -12.9852 -1.7 7.70286
    endloop
  endfacet
  facet normal 0 -1 0
    outer loop
      vertex -10.0496 -1.7 5.00041
      vertex -12.9852 -1.7 7.70286
      vertex -12.9591 -1.7 7.50622
    endloop
  endfacet
  facet normal 0 -1 0
    outer loop
      vertex -10.0496 -1.7 5.00041
      vertex -12.9591 -1.7 7.50622
      vertex -12.92 -1.7 7.31173
    endloop
  endfacet
  facet normal 0 -1 0
    outer loop
      vertex -10.0496 -1.7 5.00041
      vertex -12.92 -1.7 7.31173
      vertex -12.8681 -1.7 7.12025
    endloop
  endfacet
  facet normal 0 -1 0
    outer loop
      vertex -10.0496 -1.7 5.00041
      vertex -12.8681 -1.7 7.12025
      vertex -12.8037 -1.7 6.93262
    endloop
  endfacet
  facet normal 0 -1 0
    outer loop
      vertex -10.0496 -1.7 5.00041
      vertex -12.8037 -1.7 6.93262
      vertex -12.727 -1.7 6.74965
    endloop
  endfacet
  facet normal 0 -1 0
    outer loop
      vertex -10.0496 -1.7 5.00041
      vertex -12.727 -1.7 6.74965
      vertex -12.6384 -1.7 6.57216
    endloop
  endfacet
  facet normal 0 -1 0
    outer loop
      vertex -10.0496 -1.7 5.00041
      vertex -12.6384 -1.7 6.57216
      vertex -12.5383 -1.7 6.4009
    endloop
  endfacet
  facet normal 0 -1 0
    outer loop
      vertex -10.0496 -1.7 5.00041
      vertex -12.5383 -1.7 6.4009
      vertex -12.4271 -1.7 6.23664
    endloop
  endfacet
  facet normal 0 -1 0
    outer loop
      vertex -10.0496 -1.7 5.00041
      vertex -12.4271 -1.7 6.23664
      vertex -12.3052 -1.7 6.08009
    endloop
  endfacet
  facet normal 0 -1 0
    outer loop
      vertex -10.0496 -1.7 5.00041
      vertex -12.3052 -1.7 6.08009
      vertex -12.1733 -1.7 5.93194
    endloop
  endfacet
  facet normal 0 -1 0
    outer loop
      vertex -10.0496 -1.7 5.00041
      vertex -12.1733 -1.7 5.93194
      vertex -12.0318 -1.7 5.79283
    endloop
  endfacet
  facet normal 0 -1 0
    outer loop
      vertex -10.0496 -1.7 5.00041
      vertex -12.0318 -1.7 5.79283
      vertex -11.8815 -1.7 5.66337
    endloop
  endfacet
  facet normal 0 -1 0
    outer loop
      vertex -10.0496 -1.7 5.00041
      vertex -11.8815 -1.7 5.66337
      vertex -11.723 -1.7 5.54412
    endloop
  endfacet
  facet normal 0 -1 0
    outer loop
      vertex -10.0496 -1.7 5.00041
      vertex -11.723 -1.7 5.54412
      vertex -11.5569 -1.7 5.43562
    endloop
  endfacet
  facet normal 0 -1 0
    outer loop
      vertex -10.0496 -1.7 5.00041
      vertex -11.5569 -1.7 5.43562
      vertex -11.384 -1.7 5.33833
    endloop
  endfacet
  facet normal 0 -1 0
    outer loop
      vertex -10.0496 -1.7 5.00041
      vertex -11.384 -1.7 5.33833
      vertex -11.2051 -1.7 5.25268
    endloop
  endfacet
  facet normal 0 -1 0
    outer loop
      vertex -10.0496 -1.7 5.00041
      vertex -11.2051 -1.7 5.25268
      vertex -11.0209 -1.7 5.17904
    endloop
  endfacet
  facet normal 0 -1 0
    outer loop
      vertex -10.0496 -1.7 5.00041
      vertex -11.0209 -1.7 5.17904
      vertex -10.8322 -1.7 5.11774
    endloop
  endfacet
  facet normal 0 -1 0
    outer loop
      vertex -10.0496 -1.7 5.00041
      vertex -10.8322 -1.7 5.11774
      vertex -10.6399 -1.7 5.06904
    endloop
  endfacet
  facet normal 0 -1 0
    outer loop
      vertex -10.0496 -1.7 5.00041
      vertex -10.6399 -1.7 5.06904
      vertex -10.4448 -1.7 5.03316
    endloop
  endfacet
  facet normal 0 -1 0
    outer loop
      vertex -10.0496 -1.7 5.00041
      vertex -10.4448 -1.7 5.03316
      vertex -10.2477 -1.7 5.01025
    endloop
  endfacet
  facet normal 0 -1 0
    outer loop
      vertex -10.0496 -1.7 28.9996
      vertex -10.0496 -1.7 5.00041
      vertex 12.5958 -1.7 29
    endloop
  endfacet
  facet normal 0 -1 -0
    outer loop
      vertex 12.5958 -1.7 29
      vertex -10.0496 -1.7 5.00041
      vertex 12.5958 -1.7 5.00001
    endloop
  endfacet
  facet normal 0.922247 -0 0.386601
    outer loop
      vertex -12.8037 -3.09999 6.93262
      vertex -12.727 -1.7 6.74965
      vertex -12.8037 -1.7 6.93262
    endloop
  endfacet
  facet normal 0.922247 0 0.386601
    outer loop
      vertex -12.727 -1.7 6.74965
      vertex -12.8037 -3.09999 6.93262
      vertex -12.727 -3.09999 6.74965
    endloop
  endfacet
  facet normal 0.2455 0 0.969397
    outer loop
      vertex -10.8322 -1.7 5.11774
      vertex -10.6399 -3.09999 5.06904
      vertex -10.6399 -1.7 5.06904
    endloop
  endfacet
  facet normal 0.2455 0 0.969397
    outer loop
      vertex -10.6399 -3.09999 5.06904
      vertex -10.8322 -1.7 5.11774
      vertex -10.8322 -3.09999 5.11774
    endloop
  endfacet
  facet normal 0.49039 0 0.871503
    outer loop
      vertex -11.5569 -1.7 5.43562
      vertex -11.384 -3.09999 5.33833
      vertex -11.384 -1.7 5.33833
    endloop
  endfacet
  facet normal 0.49039 0 0.871503
    outer loop
      vertex -11.384 -3.09999 5.33833
      vertex -11.5569 -1.7 5.43562
      vertex -11.5569 -3.09999 5.43562
    endloop
  endfacet
  facet normal 0.652451 0 -0.757831
    outer loop
      vertex -12.0318 -3.09999 28.2072
      vertex -11.8815 -1.7 28.3366
      vertex -11.8815 -3.09999 28.3366
    endloop
  endfacet
  facet normal 0.652451 0 -0.757831
    outer loop
      vertex -11.8815 -1.7 28.3366
      vertex -12.0318 -3.09999 28.2072
      vertex -12.0318 -1.7 28.2072
    endloop
  endfacet
  facet normal 0.701033 0 -0.713129
    outer loop
      vertex -12.1733 -3.09999 28.0681
      vertex -12.0318 -1.7 28.2072
      vertex -12.0318 -3.09999 28.2072
    endloop
  endfacet
  facet normal 0.701033 0 -0.713129
    outer loop
      vertex -12.0318 -1.7 28.2072
      vertex -12.1733 -3.09999 28.0681
      vertex -12.1733 -1.7 28.0681
    endloop
  endfacet
  facet normal 0.894719 -0 0.446629
    outer loop
      vertex -12.727 -3.09999 6.74965
      vertex -12.6384 -1.7 6.57216
      vertex -12.727 -1.7 6.74965
    endloop
  endfacet
  facet normal 0.894719 0 0.446629
    outer loop
      vertex -12.6384 -1.7 6.57216
      vertex -12.727 -3.09999 6.74965
      vertex -12.6384 -3.09999 6.57216
    endloop
  endfacet
  facet normal -0.866019 0.500011 0
    outer loop
      vertex 12.99 -2.41731 5
      vertex 13 -2.39999 29
      vertex 13 -2.39999 5
    endloop
  endfacet
  facet normal -0.866019 0.500011 0
    outer loop
      vertex 12.99 -2.41731 5
      vertex 12.99 -2.41731 29
      vertex 13 -2.39999 29
    endloop
  endfacet
  facet normal -0.865995 0.500052 0
    outer loop
      vertex 12.5958 -3.09999 5.00001
      vertex 12.99 -2.41731 29
      vertex 12.99 -2.41731 5
    endloop
  endfacet
  facet normal -0.865995 0.500052 0
    outer loop
      vertex 12.99 -2.41731 29
      vertex 12.5958 -3.09999 5.00001
      vertex 12.5958 -3.09999 29
    endloop
  endfacet
  facet normal 0 1 0
    outer loop
      vertex -10.0496 -3.09999 5.00041
      vertex -10.0496 -3.09999 28.9996
      vertex 12.5958 -3.09999 29
    endloop
  endfacet
  facet normal -0 1 0
    outer loop
      vertex -12.9984 -3.09999 26.0992
      vertex -10.0496 -3.09999 28.9996
      vertex -10.0496 -3.09999 5.00041
    endloop
  endfacet
  facet normal 0 1 0
    outer loop
      vertex -10.0496 -3.09999 28.9996
      vertex -12.9984 -3.09999 26.0992
      vertex -10.2477 -3.09999 28.9898
    endloop
  endfacet
  facet normal 0 1 0
    outer loop
      vertex -10.2477 -3.09999 28.9898
      vertex -12.9984 -3.09999 26.0992
      vertex -10.4448 -3.09999 28.9668
    endloop
  endfacet
  facet normal 0 1 0
    outer loop
      vertex -10.6399 -3.09999 28.931
      vertex -12.9984 -3.09999 26.0992
      vertex -10.8322 -3.09999 28.8823
    endloop
  endfacet
  facet normal 0 1 0
    outer loop
      vertex -10.8322 -3.09999 28.8823
      vertex -12.9984 -3.09999 26.0992
      vertex -11.0209 -3.09999 28.821
    endloop
  endfacet
  facet normal 0 1 0
    outer loop
      vertex -11.0209 -3.09999 28.821
      vertex -12.9984 -3.09999 26.0992
      vertex -11.2051 -3.09999 28.7473
    endloop
  endfacet
  facet normal 0 1 0
    outer loop
      vertex -11.2051 -3.09999 28.7473
      vertex -12.9984 -3.09999 26.0992
      vertex -11.384 -3.09999 28.6617
    endloop
  endfacet
  facet normal 0 1 0
    outer loop
      vertex -11.384 -3.09999 28.6617
      vertex -12.9984 -3.09999 26.0992
      vertex -11.5569 -3.09999 28.5644
    endloop
  endfacet
  facet normal 0 1 0
    outer loop
      vertex -11.5569 -3.09999 28.5644
      vertex -12.9984 -3.09999 26.0992
      vertex -11.723 -3.09999 28.4559
    endloop
  endfacet
  facet normal 0 1 0
    outer loop
      vertex -11.723 -3.09999 28.4559
      vertex -12.9984 -3.09999 26.0992
      vertex -11.8815 -3.09999 28.3366
    endloop
  endfacet
  facet normal 0 1 0
    outer loop
      vertex -11.8815 -3.09999 28.3366
      vertex -12.9984 -3.09999 26.0992
      vertex -12.0318 -3.09999 28.2072
    endloop
  endfacet
  facet normal 0 1 0
    outer loop
      vertex -12.0318 -3.09999 28.2072
      vertex -12.9984 -3.09999 26.0992
      vertex -12.1733 -3.09999 28.0681
    endloop
  endfacet
  facet normal 0 1 0
    outer loop
      vertex -12.1733 -3.09999 28.0681
      vertex -12.9984 -3.09999 26.0992
      vertex -12.3052 -3.09999 27.9199
    endloop
  endfacet
  facet normal 0 1 0
    outer loop
      vertex -12.3052 -3.09999 27.9199
      vertex -12.9984 -3.09999 26.0992
      vertex -12.4271 -3.09999 27.7634
    endloop
  endfacet
  facet normal 0 1 0
    outer loop
      vertex -12.4271 -3.09999 27.7634
      vertex -12.9984 -3.09999 26.0992
      vertex -12.5383 -3.09999 27.5991
    endloop
  endfacet
  facet normal 0 1 0
    outer loop
      vertex -12.5383 -3.09999 27.5991
      vertex -12.9984 -3.09999 26.0992
      vertex -12.6384 -3.09999 27.4278
    endloop
  endfacet
  facet normal 0 1 0
    outer loop
      vertex -12.6384 -3.09999 27.4278
      vertex -12.9984 -3.09999 26.0992
      vertex -12.727 -3.09999 27.2503
    endloop
  endfacet
  facet normal 0 1 0
    outer loop
      vertex -12.727 -3.09999 27.2503
      vertex -12.9984 -3.09999 26.0992
      vertex -12.8037 -3.09999 27.0674
    endloop
  endfacet
  facet normal 0 1 0
    outer loop
      vertex -12.8037 -3.09999 27.0674
      vertex -12.9984 -3.09999 26.0992
      vertex -12.8681 -3.09999 26.8797
    endloop
  endfacet
  facet normal 0 1 0
    outer loop
      vertex -12.8681 -3.09999 26.8797
      vertex -12.9984 -3.09999 26.0992
      vertex -12.92 -3.09999 26.6883
    endloop
  endfacet
  facet normal 0 1 0
    outer loop
      vertex -12.92 -3.09999 26.6883
      vertex -12.9984 -3.09999 26.0992
      vertex -12.9591 -3.09999 26.4938
    endloop
  endfacet
  facet normal 0 1 0
    outer loop
      vertex -12.9591 -3.09999 26.4938
      vertex -12.9984 -3.09999 26.0992
      vertex -12.9852 -3.09999 26.2971
    endloop
  endfacet
  facet normal 0 1 0
    outer loop
      vertex -10.4448 -3.09999 28.9668
      vertex -12.9984 -3.09999 26.0992
      vertex -10.6399 -3.09999 28.931
    endloop
  endfacet
  facet normal 0 1 0
    outer loop
      vertex -12.9984 -3.09999 26.0992
      vertex -10.0496 -3.09999 5.00041
      vertex -12.9984 -3.09999 7.90081
    endloop
  endfacet
  facet normal 0 1 0
    outer loop
      vertex -12.9984 -3.09999 7.90081
      vertex -10.0496 -3.09999 5.00041
      vertex -12.9852 -3.09999 7.70286
    endloop
  endfacet
  facet normal 0 1 0
    outer loop
      vertex -12.9852 -3.09999 7.70286
      vertex -10.0496 -3.09999 5.00041
      vertex -12.9591 -3.09999 7.50622
    endloop
  endfacet
  facet normal 0 1 0
    outer loop
      vertex -12.9591 -3.09999 7.50622
      vertex -10.0496 -3.09999 5.00041
      vertex -12.92 -3.09999 7.31173
    endloop
  endfacet
  facet normal 0 1 0
    outer loop
      vertex -12.92 -3.09999 7.31173
      vertex -10.0496 -3.09999 5.00041
      vertex -12.8681 -3.09999 7.12025
    endloop
  endfacet
  facet normal 0 1 0
    outer loop
      vertex -12.8681 -3.09999 7.12025
      vertex -10.0496 -3.09999 5.00041
      vertex -12.8037 -3.09999 6.93262
    endloop
  endfacet
  facet normal 0 1 0
    outer loop
      vertex -12.8037 -3.09999 6.93262
      vertex -10.0496 -3.09999 5.00041
      vertex -12.727 -3.09999 6.74965
    endloop
  endfacet
  facet normal 0 1 0
    outer loop
      vertex -12.727 -3.09999 6.74965
      vertex -10.0496 -3.09999 5.00041
      vertex -12.6384 -3.09999 6.57216
    endloop
  endfacet
  facet normal 0 1 0
    outer loop
      vertex -12.6384 -3.09999 6.57216
      vertex -10.0496 -3.09999 5.00041
      vertex -12.5383 -3.09999 6.4009
    endloop
  endfacet
  facet normal 0 1 0
    outer loop
      vertex -12.5383 -3.09999 6.4009
      vertex -10.0496 -3.09999 5.00041
      vertex -12.4271 -3.09999 6.23664
    endloop
  endfacet
  facet normal 0 1 0
    outer loop
      vertex -12.4271 -3.09999 6.23664
      vertex -10.0496 -3.09999 5.00041
      vertex -12.3052 -3.09999 6.08009
    endloop
  endfacet
  facet normal 0 1 0
    outer loop
      vertex -12.3052 -3.09999 6.08009
      vertex -10.0496 -3.09999 5.00041
      vertex -12.1733 -3.09999 5.93194
    endloop
  endfacet
  facet normal 0 1 0
    outer loop
      vertex -12.1733 -3.09999 5.93194
      vertex -10.0496 -3.09999 5.00041
      vertex -12.0318 -3.09999 5.79283
    endloop
  endfacet
  facet normal 0 1 0
    outer loop
      vertex -12.0318 -3.09999 5.79283
      vertex -10.0496 -3.09999 5.00041
      vertex -11.8815 -3.09999 5.66337
    endloop
  endfacet
  facet normal 0 1 0
    outer loop
      vertex -11.8815 -3.09999 5.66337
      vertex -10.0496 -3.09999 5.00041
      vertex -11.723 -3.09999 5.54412
    endloop
  endfacet
  facet normal 0 1 0
    outer loop
      vertex -11.723 -3.09999 5.54412
      vertex -10.0496 -3.09999 5.00041
      vertex -11.5569 -3.09999 5.43562
    endloop
  endfacet
  facet normal 0 1 0
    outer loop
      vertex -11.5569 -3.09999 5.43562
      vertex -10.0496 -3.09999 5.00041
      vertex -11.384 -3.09999 5.33833
    endloop
  endfacet
  facet normal 0 1 0
    outer loop
      vertex -11.384 -3.09999 5.33833
      vertex -10.0496 -3.09999 5.00041
      vertex -11.2051 -3.09999 5.25268
    endloop
  endfacet
  facet normal 0 1 0
    outer loop
      vertex -11.2051 -3.09999 5.25268
      vertex -10.0496 -3.09999 5.00041
      vertex -11.0209 -3.09999 5.17904
    endloop
  endfacet
  facet normal 0 1 0
    outer loop
      vertex -11.0209 -3.09999 5.17904
      vertex -10.0496 -3.09999 5.00041
      vertex -10.8322 -3.09999 5.11774
    endloop
  endfacet
  facet normal 0 1 0
    outer loop
      vertex -10.8322 -3.09999 5.11774
      vertex -10.0496 -3.09999 5.00041
      vertex -10.6399 -3.09999 5.06904
    endloop
  endfacet
  facet normal 0 1 0
    outer loop
      vertex -10.6399 -3.09999 5.06904
      vertex -10.0496 -3.09999 5.00041
      vertex -10.4448 -3.09999 5.03316
    endloop
  endfacet
  facet normal 0 1 0
    outer loop
      vertex -10.4448 -3.09999 5.03316
      vertex -10.0496 -3.09999 5.00041
      vertex -10.2477 -3.09999 5.01025
    endloop
  endfacet
  facet normal -0 1 0
    outer loop
      vertex -10.0496 -3.09999 5.00041
      vertex 12.5958 -3.09999 29
      vertex 12.5958 -3.09999 5.00001
    endloop
  endfacet
  facet normal -0.865992 -0.500057 0
    outer loop
      vertex 12.99 -2.38267 5
      vertex 12.5958 -1.7 29
      vertex 12.5958 -1.7 5.00001
    endloop
  endfacet
  facet normal -0.865992 -0.500057 0
    outer loop
      vertex 12.99 -2.38267 5
      vertex 12.99 -2.38267 29
      vertex 12.5958 -1.7 29
    endloop
  endfacet
  facet normal -0.866019 -0.500011 0
    outer loop
      vertex 13 -2.39999 5
      vertex 12.99 -2.38267 29
      vertex 12.99 -2.38267 5
    endloop
  endfacet
  facet normal -0.866019 -0.500011 0
    outer loop
      vertex 12.99 -2.38267 29
      vertex 13 -2.39999 5
      vertex 13 -2.39999 29
    endloop
  endfacet
  facet normal 0.715281 -0.698837 0.000115094
    outer loop
      vertex -13.5 1.89999 91.3
      vertex -13.4991 1.90088 91.1107
      vertex -13.4983 1.90173 91.3
    endloop
  endfacet
  facet normal 0.908484 -0.417912 0.00235443
    outer loop
      vertex -13.5 1.89999 91.3
      vertex -13.4991 1.90084 91.1036
      vertex -13.4991 1.90088 91.1107
    endloop
  endfacet
  facet normal 0.14502 0.989121 0.0246802
    outer loop
      vertex -13.4991 1.90084 91.1036
      vertex -13.4861 1.9139 90.5038
      vertex -13.4882 1.91183 90.5991
    endloop
  endfacet
  facet normal 0.708723 -0.705486 -4.14616e-07
    outer loop
      vertex -13.4991 1.90084 91.1036
      vertex -13.5 1.89999 -1
      vertex -13.4861 1.9139 90.5038
    endloop
  endfacet
  facet normal 0.686624 -0.727013 0
    outer loop
      vertex -13.5 1.89999 -1
      vertex -13.4991 1.90084 91.1036
      vertex -13.5 1.89999 91.3
    endloop
  endfacet
  facet normal 0.0702028 0 -0.997533
    outer loop
      vertex -13.4861 1.9139 90.5038
      vertex -13.425 1.97499 90.5081
      vertex -13.425 1.97498 90.5081
    endloop
  endfacet
  facet normal 0.707107 -0.707107 7.72762e-08
    outer loop
      vertex -13.425 1.97499 -1
      vertex -13.4861 1.9139 90.5038
      vertex -13.5 1.89999 -1
    endloop
  endfacet
  facet normal 0.707049 -0.707165 0
    outer loop
      vertex -13.4861 1.9139 90.5038
      vertex -13.425 1.97499 -1
      vertex -13.425 1.97499 90.5081
    endloop
  endfacet
  facet normal 0 0 1
    outer loop
      vertex 13.425 1.97499 -1
      vertex 13.425 1.825 -1
      vertex 13.5 1.89999 -1
    endloop
  endfacet
  facet normal -0 0 1
    outer loop
      vertex -13.425 1.97499 -1
      vertex 13.425 1.825 -1
      vertex 13.425 1.97499 -1
    endloop
  endfacet
  facet normal 0 0 1
    outer loop
      vertex -13.425 1.97499 -1
      vertex -13.425 1.825 -1
      vertex 13.425 1.825 -1
    endloop
  endfacet
  facet normal 0 -0 1
    outer loop
      vertex -13.425 1.825 -1
      vertex -13.425 1.97499 -1
      vertex -13.5 1.89999 -1
    endloop
  endfacet
  facet normal -0.70706 0.707154 0
    outer loop
      vertex 13.5 1.89999 -1
      vertex 13.425 1.825 91.3
      vertex 13.5 1.89999 91.3
    endloop
  endfacet
  facet normal -0.70706 0.707154 0
    outer loop
      vertex 13.425 1.825 91.3
      vertex 13.5 1.89999 -1
      vertex 13.425 1.825 -1
    endloop
  endfacet
  facet normal -0 0 -1
    outer loop
      vertex 13.5 1.89999 91.3
      vertex 13.4497 1.85317 91.3
      vertex 13.4983 1.90173 91.3
    endloop
  endfacet
  facet normal 0 0 -1
    outer loop
      vertex 13.425 1.825 91.3
      vertex 13.4497 1.85317 91.3
      vertex 13.5 1.89999 91.3
    endloop
  endfacet
  facet normal 0 0 -1
    outer loop
      vertex 13.425 1.825 91.3
      vertex 13.425 1.8285 91.3
      vertex 13.4497 1.85317 91.3
    endloop
  endfacet
  facet normal 0 0 -1
    outer loop
      vertex -13.425 1.825 91.3
      vertex 13.425 1.8285 91.3
      vertex 13.425 1.825 91.3
    endloop
  endfacet
  facet normal 0 0 -1
    outer loop
      vertex -13.425 1.825 91.3
      vertex -13.425 1.8285 91.3
      vertex 13.425 1.8285 91.3
    endloop
  endfacet
  facet normal 0 0 -1
    outer loop
      vertex -13.425 1.825 91.3
      vertex -13.4755 1.87902 91.3
      vertex -13.425 1.8285 91.3
    endloop
  endfacet
  facet normal 0 0 -1
    outer loop
      vertex -13.5 1.89999 91.3
      vertex -13.4755 1.87902 91.3
      vertex -13.425 1.825 91.3
    endloop
  endfacet
  facet normal 0 0 -1
    outer loop
      vertex -13.4755 1.87902 91.3
      vertex -13.5 1.89999 91.3
      vertex -13.4983 1.90173 91.3
    endloop
  endfacet
  facet normal 0 -1 0
    outer loop
      vertex -13.425 1.97499 -1
      vertex 13.425 1.97499 90.5081
      vertex -13.425 1.97499 90.5081
    endloop
  endfacet
  facet normal 0 -1 -0
    outer loop
      vertex 13.425 1.97499 90.5081
      vertex -13.425 1.97499 -1
      vertex 13.425 1.97499 -1
    endloop
  endfacet
  facet normal 0.70706 0.707154 -0
    outer loop
      vertex -13.425 1.825 -1
      vertex -13.5 1.89999 91.3
      vertex -13.425 1.825 91.3
    endloop
  endfacet
  facet normal 0.70706 0.707154 0
    outer loop
      vertex -13.5 1.89999 91.3
      vertex -13.425 1.825 -1
      vertex -13.5 1.89999 -1
    endloop
  endfacet
  facet normal 0 1 -0
    outer loop
      vertex 13.425 1.825 -1
      vertex -13.425 1.825 91.3
      vertex 13.425 1.825 91.3
    endloop
  endfacet
  facet normal 0 1 0
    outer loop
      vertex -13.425 1.825 91.3
      vertex 13.425 1.825 -1
      vertex -13.425 1.825 -1
    endloop
  endfacet
  facet normal -0.707049 -0.707165 -0
    outer loop
      vertex 13.425 1.97499 90.5081
      vertex 13.425 1.97499 -1
      vertex 13.4861 1.9139 90.5038
    endloop
  endfacet
  facet normal -0.715281 -0.698837 0.000253263
    outer loop
      vertex 13.4991 1.90084 91.1036
      vertex 13.5 1.89999 91.3
      vertex 13.4983 1.90173 91.3
    endloop
  endfacet
  facet normal -0.707107 -0.707107 7.72762e-08
    outer loop
      vertex 13.5 1.89999 -1
      vertex 13.4861 1.9139 90.5038
      vertex 13.425 1.97499 -1
    endloop
  endfacet
  facet normal -0.706564 -0.70765 2.42309e-07
    outer loop
      vertex 13.4861 1.9139 90.5038
      vertex 13.5 1.89999 -1
      vertex 13.499 1.90102 91.0953
    endloop
  endfacet
  facet normal -0.874078 -0.485786 -4.05795e-06
    outer loop
      vertex 13.499 1.90102 91.0953
      vertex 13.5 1.89999 -1
      vertex 13.4991 1.90084 91.1036
    endloop
  endfacet
  facet normal -0.686624 -0.727013 0
    outer loop
      vertex 13.4991 1.90084 91.1036
      vertex 13.5 1.89999 -1
      vertex 13.5 1.89999 91.3
    endloop
  endfacet
  facet normal -0 0.498722 0.866762
    outer loop
      vertex -13.425 23.2454 85.576
      vertex 13.425 23.1154 85.6508
      vertex 13.425 23.2454 85.576
    endloop
  endfacet
  facet normal 0 0.498722 0.866762
    outer loop
      vertex 13.425 23.1154 85.6508
      vertex -13.425 23.2454 85.576
      vertex -13.425 23.1154 85.6508
    endloop
  endfacet
  facet normal 1.17974e-14 0.498722 0.866762
    outer loop
      vertex 13.425 23.2454 85.576
      vertex 13.425 23.1154 85.6508
      vertex 13.5 23.1804 85.6134
    endloop
  endfacet
  facet normal -1.17974e-14 0.498722 0.866762
    outer loop
      vertex -13.425 23.2454 85.576
      vertex -13.5 23.1804 85.6134
      vertex -13.425 23.1154 85.6508
    endloop
  endfacet
  facet normal 0 -0.068678 0.997639
    outer loop
      vertex 13.425 2.00259 90.51
      vertex -13.425 1.97499 90.5081
      vertex 13.425 1.97499 90.5081
    endloop
  endfacet
  facet normal 0 -0.068678 0.997639
    outer loop
      vertex -13.425 2.00259 90.51
      vertex -13.425 1.97499 90.5081
      vertex 13.425 2.00259 90.51
    endloop
  endfacet
  facet normal 1 0 -0
    outer loop
      vertex -13.425 1.97499 90.5081
      vertex -13.425 2.00259 90.51
      vertex -13.425 1.97498 90.5081
    endloop
  endfacet
  facet normal 0.000656417 -0.068678 0.997639
    outer loop
      vertex 13.425 1.97499 90.5081
      vertex 13.5 1.92777 90.5048
      vertex 13.425 2.00259 90.51
    endloop
  endfacet
  facet normal -0.000851898 -0.071062 0.997472
    outer loop
      vertex 13.5 1.92777 90.5048
      vertex 13.425 1.97499 90.5081
      vertex 13.4861 1.9139 90.5038
    endloop
  endfacet
  facet normal -0.000681233 -0.0686533 0.99764
    outer loop
      vertex -13.5 1.92777 90.5048
      vertex -13.425 1.97498 90.5081
      vertex -13.425 2.00259 90.51
    endloop
  endfacet
  facet normal 0.000846087 -0.0710678 0.997471
    outer loop
      vertex -13.425 1.97498 90.5081
      vertex -13.5 1.92777 90.5048
      vertex -13.4861 1.9139 90.5038
    endloop
  endfacet
  facet normal 0.706947 0.622056 -0.336561
    outer loop
      vertex -13.425 23.1154 85.6508
      vertex -13.5 23.1804 85.6134
      vertex -13.425 23.3988 86.1746
    endloop
  endfacet
  facet normal 0.707196 0.621806 -0.336497
    outer loop
      vertex -13.425 23.3988 86.1746
      vertex -13.5 23.1804 85.6134
      vertex -13.5 23.4657 86.1406
    endloop
  endfacet
  facet normal 0 0.87952 -0.475861
    outer loop
      vertex 13.425 23.1154 85.6508
      vertex -13.425 23.3988 86.1746
      vertex 13.425 23.3988 86.1746
    endloop
  endfacet
  facet normal 0 0.87952 -0.475861
    outer loop
      vertex -13.425 23.3988 86.1746
      vertex 13.425 23.1154 85.6508
      vertex -13.425 23.1154 85.6508
    endloop
  endfacet
  facet normal -0.706947 0.622025 -0.336616
    outer loop
      vertex 13.5 23.1804 85.6134
      vertex 13.425 23.1154 85.6508
      vertex 13.5 23.4657 86.1406
    endloop
  endfacet
  facet normal -0.707197 0.621835 -0.336442
    outer loop
      vertex 13.5 23.4657 86.1406
      vertex 13.425 23.1154 85.6508
      vertex 13.425 23.3988 86.1746
    endloop
  endfacet
  facet normal -0.706946 -0.622072 0.336531
    outer loop
      vertex 13.425 23.5325 86.1067
      vertex 13.425 23.2454 85.576
      vertex 13.5 23.1804 85.6134
    endloop
  endfacet
  facet normal -0.706557 -0.622368 0.336801
    outer loop
      vertex 13.5 23.4657 86.1406
      vertex 13.425 23.5325 86.1067
      vertex 13.5 23.1804 85.6134
    endloop
  endfacet
  facet normal 0 -0.879543 0.475819
    outer loop
      vertex -13.425 23.2454 85.576
      vertex 13.425 23.5325 86.1067
      vertex -13.425 23.5325 86.1067
    endloop
  endfacet
  facet normal 0 -0.879543 0.475819
    outer loop
      vertex 13.425 23.5325 86.1067
      vertex -13.425 23.2454 85.576
      vertex 13.425 23.2454 85.576
    endloop
  endfacet
  facet normal 0.706947 -0.622025 0.336616
    outer loop
      vertex -13.5 23.4657 86.1406
      vertex -13.5 23.1804 85.6134
      vertex -13.425 23.2454 85.576
    endloop
  endfacet
  facet normal 0.706558 -0.622413 0.336715
    outer loop
      vertex -13.425 23.5325 86.1067
      vertex -13.5 23.4657 86.1406
      vertex -13.425 23.2454 85.576
    endloop
  endfacet
  facet normal 0.707186 0.638689 -0.303256
    outer loop
      vertex -13.425 23.3988 86.1746
      vertex -13.5 23.4657 86.1406
      vertex -13.425 23.6542 86.7125
    endloop
  endfacet
  facet normal 0.707147 0.638729 -0.303264
    outer loop
      vertex -13.425 23.6542 86.7125
      vertex -13.5 23.4657 86.1406
      vertex -13.5 23.7228 86.6821
    endloop
  endfacet
  facet normal 0 0.903344 -0.428916
    outer loop
      vertex 13.425 23.3988 86.1746
      vertex -13.425 23.6542 86.7125
      vertex 13.425 23.6542 86.7125
    endloop
  endfacet
  facet normal 0 0.903344 -0.428916
    outer loop
      vertex -13.425 23.6542 86.7125
      vertex 13.425 23.3988 86.1746
      vertex -13.425 23.3988 86.1746
    endloop
  endfacet
  facet normal -0.707186 0.638693 -0.303247
    outer loop
      vertex 13.5 23.4657 86.1406
      vertex 13.425 23.3988 86.1746
      vertex 13.5 23.7228 86.6821
    endloop
  endfacet
  facet normal -0.707147 0.638725 -0.303273
    outer loop
      vertex 13.5 23.7228 86.6821
      vertex 13.425 23.3988 86.1746
      vertex 13.425 23.6542 86.7125
    endloop
  endfacet
  facet normal -0.706559 -0.639196 0.303648
    outer loop
      vertex 13.425 23.7914 86.6517
      vertex 13.425 23.5325 86.1067
      vertex 13.5 23.4657 86.1406
    endloop
  endfacet
  facet normal -0.707147 -0.638729 0.303264
    outer loop
      vertex 13.5 23.7228 86.6821
      vertex 13.425 23.7914 86.6517
      vertex 13.5 23.4657 86.1406
    endloop
  endfacet
  facet normal 0 -0.903261 0.429091
    outer loop
      vertex -13.425 23.5325 86.1067
      vertex 13.425 23.7914 86.6517
      vertex -13.425 23.7914 86.6517
    endloop
  endfacet
  facet normal 0 -0.903261 0.429091
    outer loop
      vertex 13.425 23.7914 86.6517
      vertex -13.425 23.5325 86.1067
      vertex 13.425 23.5325 86.1067
    endloop
  endfacet
  facet normal 0.706558 -0.639261 0.303516
    outer loop
      vertex -13.5 23.7228 86.6821
      vertex -13.5 23.4657 86.1406
      vertex -13.425 23.5325 86.1067
    endloop
  endfacet
  facet normal 0.707145 -0.638668 0.303397
    outer loop
      vertex -13.425 23.7914 86.6517
      vertex -13.5 23.7228 86.6821
      vertex -13.425 23.5325 86.1067
    endloop
  endfacet
  facet normal 0.707146 0.653716 -0.269443
    outer loop
      vertex -13.425 23.6542 86.7125
      vertex -13.5 23.7228 86.6821
      vertex -13.425 23.8811 87.263
    endloop
  endfacet
  facet normal 0.706603 0.65427 -0.269523
    outer loop
      vertex -13.425 23.8811 87.263
      vertex -13.5 23.7228 86.6821
      vertex -13.5 23.9511 87.2363
    endloop
  endfacet
  facet normal 0 0.924546 -0.381071
    outer loop
      vertex 13.425 23.6542 86.7125
      vertex -13.425 23.8811 87.263
      vertex 13.425 23.8811 87.263
    endloop
  endfacet
  facet normal 0 0.924546 -0.381071
    outer loop
      vertex -13.425 23.8811 87.263
      vertex 13.425 23.6542 86.7125
      vertex -13.425 23.6542 86.7125
    endloop
  endfacet
  facet normal -0.707145 0.65377 -0.269317
    outer loop
      vertex 13.5 23.7228 86.6821
      vertex 13.425 23.6542 86.7125
      vertex 13.5 23.9511 87.2363
    endloop
  endfacet
  facet normal -0.706601 0.65422 -0.26965
    outer loop
      vertex 13.5 23.9511 87.2363
      vertex 13.425 23.6542 86.7125
      vertex 13.425 23.8811 87.263
    endloop
  endfacet
  facet normal -0.707144 -0.65378 0.269293
    outer loop
      vertex 13.425 24.0212 87.2096
      vertex 13.425 23.7914 86.6517
      vertex 13.5 23.7228 86.6821
    endloop
  endfacet
  facet normal -0.707039 -0.653867 0.269357
    outer loop
      vertex 13.5 23.9511 87.2363
      vertex 13.425 24.0212 87.2096
      vertex 13.5 23.7228 86.6821
    endloop
  endfacet
  facet normal 0 -0.924633 0.380858
    outer loop
      vertex -13.425 23.7914 86.6517
      vertex 13.425 24.0212 87.2096
      vertex -13.425 24.0212 87.2096
    endloop
  endfacet
  facet normal 0 -0.924633 0.380858
    outer loop
      vertex 13.425 24.0212 87.2096
      vertex -13.425 23.7914 86.6517
      vertex 13.425 23.7914 86.6517
    endloop
  endfacet
  facet normal 0.707145 -0.65377 0.269317
    outer loop
      vertex -13.5 23.9511 87.2363
      vertex -13.5 23.7228 86.6821
      vertex -13.425 23.7914 86.6517
    endloop
  endfacet
  facet normal 0.707039 -0.653877 0.269333
    outer loop
      vertex -13.425 24.0212 87.2096
      vertex -13.5 23.9511 87.2363
      vertex -13.425 23.7914 86.6517
    endloop
  endfacet
  facet normal 0.706603 0.667561 -0.23468
    outer loop
      vertex -13.425 23.8811 87.263
      vertex -13.5 23.9511 87.2363
      vertex -13.425 24.0786 87.8248
    endloop
  endfacet
  facet normal 0.707043 0.667109 -0.234638
    outer loop
      vertex -13.425 24.0786 87.8248
      vertex -13.5 23.9511 87.2363
      vertex -13.5 24.15 87.8018
    endloop
  endfacet
  facet normal 0 0.943402 -0.331652
    outer loop
      vertex 13.425 23.8811 87.263
      vertex -13.425 24.0786 87.8248
      vertex 13.425 24.0786 87.8248
    endloop
  endfacet
  facet normal 0 0.943402 -0.331652
    outer loop
      vertex -13.425 24.0786 87.8248
      vertex 13.425 23.8811 87.263
      vertex -13.425 23.8811 87.263
    endloop
  endfacet
  facet normal -0.706604 0.667523 -0.234784
    outer loop
      vertex 13.5 23.9511 87.2363
      vertex 13.425 23.8811 87.263
      vertex 13.5 24.15 87.8018
    endloop
  endfacet
  facet normal -0.707045 0.667144 -0.234534
    outer loop
      vertex 13.5 24.15 87.8018
      vertex 13.425 23.8811 87.263
      vertex 13.425 24.0786 87.8248
    endloop
  endfacet
  facet normal -0.70705 -0.667104 0.234635
    outer loop
      vertex 13.425 24.2214 87.7788
      vertex 13.425 24.0212 87.2096
      vertex 13.5 23.9511 87.2363
    endloop
  endfacet
  facet normal -0.707043 -0.667109 0.234638
    outer loop
      vertex 13.5 24.15 87.8018
      vertex 13.425 24.2214 87.7788
      vertex 13.5 23.9511 87.2363
    endloop
  endfacet
  facet normal 0 -0.943351 0.331797
    outer loop
      vertex -13.425 24.0212 87.2096
      vertex 13.425 24.2214 87.7788
      vertex -13.425 24.2214 87.7788
    endloop
  endfacet
  facet normal 0 -0.943351 0.331797
    outer loop
      vertex 13.425 24.2214 87.7788
      vertex -13.425 24.0212 87.2096
      vertex 13.425 24.0212 87.2096
    endloop
  endfacet
  facet normal 0.70705 -0.667103 0.234636
    outer loop
      vertex -13.5 24.15 87.8018
      vertex -13.5 23.9511 87.2363
      vertex -13.425 24.0212 87.2096
    endloop
  endfacet
  facet normal 0.707044 -0.667109 0.234637
    outer loop
      vertex -13.425 24.2214 87.7788
      vertex -13.5 24.15 87.8018
      vertex -13.425 24.0212 87.2096
    endloop
  endfacet
  facet normal 0.707049 0.678503 -0.199287
    outer loop
      vertex -13.425 24.0786 87.8248
      vertex -13.5 24.15 87.8018
      vertex -13.425 24.2464 88.3961
    endloop
  endfacet
  facet normal 0.706977 0.678578 -0.19929
    outer loop
      vertex -13.425 24.2464 88.3961
      vertex -13.5 24.15 87.8018
      vertex -13.5 24.3189 88.3769
    endloop
  endfacet
  facet normal 0 0.95947 -0.281812
    outer loop
      vertex 13.425 24.0786 87.8248
      vertex -13.425 24.2464 88.3961
      vertex 13.425 24.2464 88.3961
    endloop
  endfacet
  facet normal 0 0.95947 -0.281812
    outer loop
      vertex -13.425 24.2464 88.3961
      vertex 13.425 24.0786 87.8248
      vertex -13.425 24.0786 87.8248
    endloop
  endfacet
  facet normal -0.707049 0.678508 -0.19927
    outer loop
      vertex 13.5 24.15 87.8018
      vertex 13.425 24.0786 87.8248
      vertex 13.5 24.3189 88.3769
    endloop
  endfacet
  facet normal -0.706976 0.678573 -0.199308
    outer loop
      vertex 13.5 24.3189 88.3769
      vertex 13.425 24.0786 87.8248
      vertex 13.425 24.2464 88.3961
    endloop
  endfacet
  facet normal -0.707049 -0.678513 0.199253
    outer loop
      vertex 13.425 24.3914 88.3577
      vertex 13.425 24.2214 87.7788
      vertex 13.5 24.15 87.8018
    endloop
  endfacet
  facet normal -0.706977 -0.678578 0.19929
    outer loop
      vertex 13.5 24.3189 88.3769
      vertex 13.425 24.3914 88.3577
      vertex 13.5 24.15 87.8018
    endloop
  endfacet
  facet normal 0 -0.959484 0.281762
    outer loop
      vertex -13.425 24.2214 87.7788
      vertex 13.425 24.3914 88.3577
      vertex -13.425 24.3914 88.3577
    endloop
  endfacet
  facet normal 0 -0.959484 0.281762
    outer loop
      vertex 13.425 24.3914 88.3577
      vertex -13.425 24.2214 87.7788
      vertex 13.425 24.2214 87.7788
    endloop
  endfacet
  facet normal 0.707049 -0.678508 0.19927
    outer loop
      vertex -13.5 24.3189 88.3769
      vertex -13.5 24.15 87.8018
      vertex -13.425 24.2214 87.7788
    endloop
  endfacet
  facet normal 0.706977 -0.678582 0.199273
    outer loop
      vertex -13.425 24.3914 88.3577
      vertex -13.5 24.3189 88.3769
      vertex -13.425 24.2214 87.7788
    endloop
  endfacet
  facet normal 0.706985 0.688117 -0.1633
    outer loop
      vertex -13.425 24.2464 88.3961
      vertex -13.5 24.3189 88.3769
      vertex -13.425 24.3839 88.9755
    endloop
  endfacet
  facet normal 0.706977 0.688126 -0.1633
    outer loop
      vertex -13.425 24.3839 88.9755
      vertex -13.5 24.3189 88.3769
      vertex -13.5 24.4573 88.9601
    endloop
  endfacet
  facet normal 0 0.972977 -0.230902
    outer loop
      vertex 13.425 24.2464 88.3961
      vertex -13.425 24.3839 88.9755
      vertex 13.425 24.3839 88.9755
    endloop
  endfacet
  facet normal 0 0.972977 -0.230902
    outer loop
      vertex -13.425 24.3839 88.9755
      vertex 13.425 24.2464 88.3961
      vertex -13.425 24.2464 88.3961
    endloop
  endfacet
  facet normal -0.706985 0.688118 -0.163298
    outer loop
      vertex 13.5 24.3189 88.3769
      vertex 13.425 24.2464 88.3961
      vertex 13.5 24.4573 88.9601
    endloop
  endfacet
  facet normal -0.706977 0.688125 -0.163302
    outer loop
      vertex 13.5 24.4573 88.9601
      vertex 13.425 24.2464 88.3961
      vertex 13.425 24.3839 88.9755
    endloop
  endfacet
  facet normal -0.706985 -0.688118 0.163296
    outer loop
      vertex 13.425 24.5307 88.9447
      vertex 13.425 24.3914 88.3577
      vertex 13.5 24.3189 88.3769
    endloop
  endfacet
  facet normal -0.706977 -0.688126 0.1633
    outer loop
      vertex 13.5 24.4573 88.9601
      vertex 13.425 24.5307 88.9447
      vertex 13.5 24.3189 88.3769
    endloop
  endfacet
  facet normal 0 -0.972978 0.230896
    outer loop
      vertex -13.425 24.3914 88.3577
      vertex 13.425 24.5307 88.9447
      vertex -13.425 24.5307 88.9447
    endloop
  endfacet
  facet normal 0 -0.972978 0.230896
    outer loop
      vertex 13.425 24.5307 88.9447
      vertex -13.425 24.3914 88.3577
      vertex 13.425 24.3914 88.3577
    endloop
  endfacet
  facet normal 0.706985 -0.688118 0.163298
    outer loop
      vertex -13.5 24.4573 88.9601
      vertex -13.5 24.3189 88.3769
      vertex -13.425 24.3914 88.3577
    endloop
  endfacet
  facet normal 0.706977 -0.688126 0.163298
    outer loop
      vertex -13.425 24.5307 88.9447
      vertex -13.5 24.4573 88.9601
      vertex -13.425 24.3914 88.3577
    endloop
  endfacet
  facet normal 0.706974 0.695771 -0.126849
    outer loop
      vertex -13.425 24.3839 88.9755
      vertex -13.5 24.4573 88.9601
      vertex -13.425 24.4907 89.5613
    endloop
  endfacet
  facet normal 0.706923 0.695823 -0.126846
    outer loop
      vertex -13.425 24.4907 89.5613
      vertex -13.5 24.4573 88.9601
      vertex -13.5 24.5648 89.5498
    endloop
  endfacet
  facet normal 0 0.983784 -0.179358
    outer loop
      vertex 13.425 24.3839 88.9755
      vertex -13.425 24.4907 89.5613
      vertex 13.425 24.4907 89.5613
    endloop
  endfacet
  facet normal 0 0.983784 -0.179358
    outer loop
      vertex -13.425 24.4907 89.5613
      vertex 13.425 24.3839 88.9755
      vertex -13.425 24.3839 88.9755
    endloop
  endfacet
  facet normal -0.706974 0.695773 -0.126837
    outer loop
      vertex 13.5 24.4573 88.9601
      vertex 13.425 24.3839 88.9755
      vertex 13.5 24.5648 89.5498
    endloop
  endfacet
  facet normal -0.706923 0.695821 -0.126858
    outer loop
      vertex 13.5 24.5648 89.5498
      vertex 13.425 24.3839 88.9755
      vertex 13.425 24.4907 89.5613
    endloop
  endfacet
  facet normal -0.706975 -0.695753 0.126938
    outer loop
      vertex 13.425 24.639 89.5383
      vertex 13.425 24.5307 88.9447
      vertex 13.5 24.4573 88.9601
    endloop
  endfacet
  facet normal -0.707387 -0.695367 0.126763
    outer loop
      vertex 13.5 24.5648 89.5498
      vertex 13.425 24.639 89.5383
      vertex 13.5 24.4573 88.9601
    endloop
  endfacet
  facet normal 0 -0.983761 0.179483
    outer loop
      vertex -13.425 24.5307 88.9447
      vertex 13.425 24.639 89.5383
      vertex -13.425 24.639 89.5383
    endloop
  endfacet
  facet normal 0 -0.983761 0.179483
    outer loop
      vertex 13.425 24.639 89.5383
      vertex -13.425 24.5307 88.9447
      vertex 13.425 24.5307 88.9447
    endloop
  endfacet
  facet normal 0.706974 -0.695773 0.126837
    outer loop
      vertex -13.5 24.5648 89.5498
      vertex -13.5 24.4573 88.9601
      vertex -13.425 24.5307 88.9447
    endloop
  endfacet
  facet normal 0.707385 -0.69535 0.126864
    outer loop
      vertex -13.425 24.639 89.5383
      vertex -13.5 24.5648 89.5498
      vertex -13.425 24.5307 88.9447
    endloop
  endfacet
  facet normal 0.706926 0.701503 -0.0902713
    outer loop
      vertex -13.425 24.4907 89.5613
      vertex -13.5 24.5648 89.5498
      vertex -13.425 24.5667 90.1519
    endloop
  endfacet
  facet normal 0.706918 0.701512 -0.0902702
    outer loop
      vertex -13.425 24.5667 90.1519
      vertex -13.5 24.5648 89.5498
      vertex -13.5 24.6413 90.1443
    endloop
  endfacet
  facet normal 0 0.991822 -0.12763
    outer loop
      vertex 13.425 24.4907 89.5613
      vertex -13.425 24.5667 90.1519
      vertex 13.425 24.5667 90.1519
    endloop
  endfacet
  facet normal 0 0.991822 -0.12763
    outer loop
      vertex -13.425 24.5667 90.1519
      vertex 13.425 24.4907 89.5613
      vertex -13.425 24.4907 89.5613
    endloop
  endfacet
  facet normal -0.706926 0.701503 -0.0902691
    outer loop
      vertex 13.5 24.5648 89.5498
      vertex 13.425 24.4907 89.5613
      vertex 13.5 24.6413 90.1443
    endloop
  endfacet
  facet normal -0.706918 0.701511 -0.0902724
    outer loop
      vertex 13.5 24.6413 90.1443
      vertex 13.425 24.4907 89.5613
      vertex 13.425 24.5667 90.1519
    endloop
  endfacet
  facet normal -0.707392 -0.701056 0.0900923
    outer loop
      vertex 13.425 24.7159 90.1367
      vertex 13.425 24.639 89.5383
      vertex 13.5 24.5648 89.5498
    endloop
  endfacet
  facet normal -0.706918 -0.701512 0.0902702
    outer loop
      vertex 13.5 24.6413 90.1443
      vertex 13.425 24.7159 90.1367
      vertex 13.5 24.5648 89.5498
    endloop
  endfacet
  facet normal 0 -0.991844 0.127461
    outer loop
      vertex -13.425 24.639 89.5383
      vertex 13.425 24.7159 90.1367
      vertex -13.425 24.7159 90.1367
    endloop
  endfacet
  facet normal 0 -0.991844 0.127461
    outer loop
      vertex 13.425 24.7159 90.1367
      vertex -13.425 24.639 89.5383
      vertex 13.425 24.639 89.5383
    endloop
  endfacet
  facet normal 0.707394 -0.701039 0.0902094
    outer loop
      vertex -13.5 24.6413 90.1443
      vertex -13.5 24.5648 89.5498
      vertex -13.425 24.639 89.5383
    endloop
  endfacet
  facet normal 0.706919 -0.701525 0.0901526
    outer loop
      vertex -13.425 24.7159 90.1367
      vertex -13.5 24.6413 90.1443
      vertex -13.425 24.639 89.5383
    endloop
  endfacet
  facet normal 0.706918 0.7053 -0.0530935
    outer loop
      vertex -13.425 24.5667 90.1519
      vertex -13.5 24.6413 90.1443
      vertex -13.425 24.6114 90.7457
    endloop
  endfacet
  facet normal 0.706913 0.705305 -0.0530925
    outer loop
      vertex -13.425 24.6114 90.7457
      vertex -13.5 24.6413 90.1443
      vertex -13.5 24.6863 90.7421
    endloop
  endfacet
  facet normal 0 0.997179 -0.0750655
    outer loop
      vertex 13.425 24.5667 90.1519
      vertex -13.425 24.6114 90.7457
      vertex 13.425 24.6114 90.7457
    endloop
  endfacet
  facet normal 0 0.997179 -0.0750655
    outer loop
      vertex -13.425 24.6114 90.7457
      vertex 13.425 24.5667 90.1519
      vertex -13.425 24.5667 90.1519
    endloop
  endfacet
  facet normal -0.706918 0.7053 -0.0530922
    outer loop
      vertex 13.5 24.6413 90.1443
      vertex 13.425 24.5667 90.1519
      vertex 13.5 24.6863 90.7421
    endloop
  endfacet
  facet normal -0.706913 0.705305 -0.0530939
    outer loop
      vertex 13.5 24.6863 90.7421
      vertex 13.425 24.5667 90.1519
      vertex 13.425 24.6114 90.7457
    endloop
  endfacet
  facet normal -0.706918 -0.705299 0.0530996
    outer loop
      vertex 13.425 24.7612 90.7384
      vertex 13.425 24.7159 90.1367
      vertex 13.5 24.6413 90.1443
    endloop
  endfacet
  facet normal -0.706948 -0.70527 0.0530899
    outer loop
      vertex 13.5 24.6863 90.7421
      vertex 13.425 24.7612 90.7384
      vertex 13.5 24.6413 90.1443
    endloop
  endfacet
  facet normal 0 -0.997178 0.0750742
    outer loop
      vertex -13.425 24.7159 90.1367
      vertex 13.425 24.7612 90.7384
      vertex -13.425 24.7612 90.7384
    endloop
  endfacet
  facet normal 0 -0.997178 0.0750742
    outer loop
      vertex 13.425 24.7612 90.7384
      vertex -13.425 24.7159 90.1367
      vertex 13.425 24.7159 90.1367
    endloop
  endfacet
  facet normal 0.706918 -0.7053 0.0530922
    outer loop
      vertex -13.5 24.6863 90.7421
      vertex -13.5 24.6413 90.1443
      vertex -13.425 24.7159 90.1367
    endloop
  endfacet
  facet normal 0.706948 -0.705269 0.0530974
    outer loop
      vertex -13.425 24.7612 90.7384
      vertex -13.5 24.6863 90.7421
      vertex -13.425 24.7159 90.1367
    endloop
  endfacet
  facet normal 0.706929 0.707103 -0.0160327
    outer loop
      vertex -13.425 24.6114 90.7457
      vertex -13.5 24.6863 90.7421
      vertex -13.425 24.6249 91.3411
    endloop
  endfacet
  facet normal 0.706994 0.707037 -0.0160476
    outer loop
      vertex -13.425 24.6249 91.3411
      vertex -13.5 24.6863 90.7421
      vertex -13.5 24.6999 91.3413
    endloop
  endfacet
  facet normal 0 0.999743 -0.022668
    outer loop
      vertex 13.425 24.6114 90.7457
      vertex -13.425 24.6249 91.3411
      vertex 13.425 24.6249 91.3411
    endloop
  endfacet
  facet normal 0 0.999743 -0.022668
    outer loop
      vertex -13.425 24.6249 91.3411
      vertex 13.425 24.6114 90.7457
      vertex -13.425 24.6114 90.7457
    endloop
  endfacet
  facet normal -0.706929 0.707102 -0.016049
    outer loop
      vertex 13.5 24.6863 90.7421
      vertex 13.425 24.6114 90.7457
      vertex 13.5 24.6999 91.3413
    endloop
  endfacet
  facet normal -0.706995 0.707037 -0.0160312
    outer loop
      vertex 13.5 24.6999 91.3413
      vertex 13.425 24.6114 90.7457
      vertex 13.425 24.6249 91.3411
    endloop
  endfacet
  facet normal -0.70694 -0.707091 0.0160596
    outer loop
      vertex 13.425 24.7749 91.3416
      vertex 13.425 24.7612 90.7384
      vertex 13.5 24.6863 90.7421
    endloop
  endfacet
  facet normal -0.706984 -0.707048 0.0160478
    outer loop
      vertex 13.5 24.6999 91.3413
      vertex 13.425 24.7749 91.3416
      vertex 13.5 24.6863 90.7421
    endloop
  endfacet
  facet normal 0 -0.999742 0.0227063
    outer loop
      vertex -13.425 24.7612 90.7384
      vertex 13.425 24.7749 91.3416
      vertex -13.425 24.7749 91.3416
    endloop
  endfacet
  facet normal 0 -0.999742 0.0227063
    outer loop
      vertex 13.425 24.7749 91.3416
      vertex -13.425 24.7612 90.7384
      vertex 13.425 24.7612 90.7384
    endloop
  endfacet
  facet normal 0.70694 -0.707091 0.0160488
    outer loop
      vertex -13.5 24.6999 91.3413
      vertex -13.5 24.6863 90.7421
      vertex -13.425 24.7612 90.7384
    endloop
  endfacet
  facet normal 0.706983 -0.707048 0.0160586
    outer loop
      vertex -13.425 24.7749 91.3416
      vertex -13.5 24.6999 91.3413
      vertex -13.425 24.7612 90.7384
    endloop
  endfacet
  facet normal 0.706977 0.706921 0.0211411
    outer loop
      vertex -13.425 24.6249 91.3411
      vertex -13.5 24.6999 91.3413
      vertex -13.425 24.6071 91.9363
    endloop
  endfacet
  facet normal 0.707069 0.706829 0.0211152
    outer loop
      vertex -13.5 24.6999 91.3413
      vertex -13.5 24.682 91.9405
      vertex -13.425 24.6071 91.9363
    endloop
  endfacet
  facet normal 0 0.999553 0.0298925
    outer loop
      vertex 13.425 24.6249 91.3411
      vertex -13.425 24.6071 91.9363
      vertex 13.425 24.6071 91.9363
    endloop
  endfacet
  facet normal 0 0.999553 0.0298925
    outer loop
      vertex -13.425 24.6071 91.9363
      vertex 13.425 24.6249 91.3411
      vertex -13.425 24.6249 91.3411
    endloop
  endfacet
  facet normal -0.706977 0.706921 0.021118
    outer loop
      vertex 13.5 24.6999 91.3413
      vertex 13.425 24.6249 91.3411
      vertex 13.5 24.682 91.9405
    endloop
  endfacet
  facet normal -0.707069 0.706828 0.0211383
    outer loop
      vertex 13.425 24.6249 91.3411
      vertex 13.425 24.6071 91.9363
      vertex 13.5 24.682 91.9405
    endloop
  endfacet
  facet normal -0.706992 -0.706907 -0.0210982
    outer loop
      vertex 13.5 24.6999 91.3413
      vertex 13.425 24.7569 91.9447
      vertex 13.425 24.7749 91.3416
    endloop
  endfacet
  facet normal -0.707069 -0.706829 -0.0211152
    outer loop
      vertex 13.5 24.682 91.9405
      vertex 13.425 24.7569 91.9447
      vertex 13.5 24.6999 91.3413
    endloop
  endfacet
  facet normal 0 -0.999555 -0.0298325
    outer loop
      vertex -13.425 24.7749 91.3416
      vertex 13.425 24.7569 91.9447
      vertex -13.425 24.7569 91.9447
    endloop
  endfacet
  facet normal 0 -0.999555 -0.0298325
    outer loop
      vertex 13.425 24.7569 91.9447
      vertex -13.425 24.7749 91.3416
      vertex 13.425 24.7749 91.3416
    endloop
  endfacet
  facet normal 0.706991 -0.706907 -0.0211175
    outer loop
      vertex -13.425 24.7749 91.3416
      vertex -13.5 24.682 91.9405
      vertex -13.5 24.6999 91.3413
    endloop
  endfacet
  facet normal 0.707069 -0.70683 -0.0210959
    outer loop
      vertex -13.425 24.7569 91.9447
      vertex -13.5 24.682 91.9405
      vertex -13.425 24.7749 91.3416
    endloop
  endfacet
  facet normal 0.707066 0.70474 0.0583126
    outer loop
      vertex -13.425 24.6071 91.9363
      vertex -13.5 24.682 91.9405
      vertex -13.425 24.558 92.5297
    endloop
  endfacet
  facet normal 0.707211 0.704598 0.0582644
    outer loop
      vertex -13.5 24.682 91.9405
      vertex -13.5 24.6326 92.5379
      vertex -13.425 24.558 92.5297
    endloop
  endfacet
  facet normal 0 0.996594 0.0824617
    outer loop
      vertex 13.425 24.6071 91.9363
      vertex -13.425 24.558 92.5297
      vertex 13.425 24.558 92.5297
    endloop
  endfacet
  facet normal 0 0.996594 0.0824617
    outer loop
      vertex -13.425 24.558 92.5297
      vertex 13.425 24.6071 91.9363
      vertex -13.425 24.6071 91.9363
    endloop
  endfacet
  facet normal -0.707066 0.704742 0.0582763
    outer loop
      vertex 13.5 24.682 91.9405
      vertex 13.425 24.6071 91.9363
      vertex 13.5 24.6326 92.5379
    endloop
  endfacet
  facet normal -0.707211 0.704595 0.0583006
    outer loop
      vertex 13.425 24.6071 91.9363
      vertex 13.425 24.558 92.5297
      vertex 13.5 24.6326 92.5379
    endloop
  endfacet
  facet normal -0.707065 -0.704736 -0.0583666
    outer loop
      vertex 13.5 24.682 91.9405
      vertex 13.425 24.7071 92.546
      vertex 13.425 24.7569 91.9447
    endloop
  endfacet
  facet normal -0.706702 -0.705105 -0.0583063
    outer loop
      vertex 13.5 24.6326 92.5379
      vertex 13.425 24.7071 92.546
      vertex 13.5 24.682 91.9405
    endloop
  endfacet
  facet normal 0 -0.996588 -0.082538
    outer loop
      vertex -13.425 24.7569 91.9447
      vertex 13.425 24.7071 92.546
      vertex -13.425 24.7071 92.546
    endloop
  endfacet
  facet normal 0 -0.996588 -0.082538
    outer loop
      vertex 13.425 24.7071 92.546
      vertex -13.425 24.7569 91.9447
      vertex 13.425 24.7569 91.9447
    endloop
  endfacet
  facet normal 0.707066 -0.704742 -0.0582763
    outer loop
      vertex -13.425 24.7569 91.9447
      vertex -13.5 24.6326 92.5379
      vertex -13.5 24.682 91.9405
    endloop
  endfacet
  facet normal 0.706703 -0.705097 -0.0583965
    outer loop
      vertex -13.425 24.7071 92.546
      vertex -13.5 24.6326 92.5379
      vertex -13.425 24.7569 91.9447
    endloop
  endfacet
  facet normal 0.707223 0.70055 0.0952111
    outer loop
      vertex -13.425 24.558 92.5297
      vertex -13.5 24.6326 92.5379
      vertex -13.425 24.4778 93.1198
    endloop
  endfacet
  facet normal 0.7073 0.700477 0.0951818
    outer loop
      vertex -13.5 24.6326 92.5379
      vertex -13.5 24.5519 93.1318
      vertex -13.425 24.4778 93.1198
    endloop
  endfacet
  facet normal 0 0.99089 0.134671
    outer loop
      vertex 13.425 24.558 92.5297
      vertex -13.425 24.4778 93.1198
      vertex 13.425 24.4778 93.1198
    endloop
  endfacet
  facet normal 0 0.99089 0.134671
    outer loop
      vertex -13.425 24.4778 93.1198
      vertex 13.425 24.558 92.5297
      vertex -13.425 24.558 92.5297
    endloop
  endfacet
  facet normal -0.707224 0.700552 0.0951921
    outer loop
      vertex 13.5 24.6326 92.5379
      vertex 13.425 24.558 92.5297
      vertex 13.5 24.5519 93.1318
    endloop
  endfacet
  facet normal -0.7073 0.700474 0.0952008
    outer loop
      vertex 13.425 24.558 92.5297
      vertex 13.425 24.4778 93.1198
      vertex 13.5 24.5519 93.1318
    endloop
  endfacet
  facet normal -0.706693 -0.701084 -0.0952133
    outer loop
      vertex 13.5 24.6326 92.5379
      vertex 13.425 24.6259 93.1439
      vertex 13.425 24.7071 92.546
    endloop
  endfacet
  facet normal -0.706896 -0.700876 -0.0952361
    outer loop
      vertex 13.5 24.5519 93.1318
      vertex 13.425 24.6259 93.1439
      vertex 13.5 24.6326 92.5379
    endloop
  endfacet
  facet normal 0 -0.990904 -0.134573
    outer loop
      vertex -13.425 24.7071 92.546
      vertex 13.425 24.6259 93.1439
      vertex -13.425 24.6259 93.1439
    endloop
  endfacet
  facet normal 0 -0.990904 -0.134573
    outer loop
      vertex 13.425 24.6259 93.1439
      vertex -13.425 24.7071 92.546
      vertex 13.425 24.7071 92.546
    endloop
  endfacet
  facet normal 0.706693 -0.701078 -0.0952635
    outer loop
      vertex -13.425 24.7071 92.546
      vertex -13.5 24.5519 93.1318
      vertex -13.5 24.6326 92.5379
    endloop
  endfacet
  facet normal 0.706896 -0.700884 -0.0951861
    outer loop
      vertex -13.425 24.6259 93.1439
      vertex -13.5 24.5519 93.1318
      vertex -13.425 24.7071 92.546
    endloop
  endfacet
  facet normal 0.707285 0.694515 0.131899
    outer loop
      vertex -13.425 24.4778 93.1198
      vertex -13.5 24.5519 93.1318
      vertex -13.425 24.3667 93.7048
    endloop
  endfacet
  facet normal 0.707011 0.694771 0.132017
    outer loop
      vertex -13.5 24.5519 93.1318
      vertex -13.5 24.44 93.7207
      vertex -13.425 24.3667 93.7048
    endloop
  endfacet
  facet normal 0 0.98244 0.18658
    outer loop
      vertex 13.425 24.4778 93.1198
      vertex -13.425 24.3667 93.7048
      vertex 13.425 24.3667 93.7048
    endloop
  endfacet
  facet normal 0 0.98244 0.18658
    outer loop
      vertex -13.425 24.3667 93.7048
      vertex 13.425 24.4778 93.1198
      vertex -13.425 24.4778 93.1198
    endloop
  endfacet
  facet normal -0.707284 0.694503 0.131966
    outer loop
      vertex 13.5 24.5519 93.1318
      vertex 13.425 24.4778 93.1198
      vertex 13.5 24.44 93.7207
    endloop
  endfacet
  facet normal -0.70701 0.694785 0.13195
    outer loop
      vertex 13.425 24.4778 93.1198
      vertex 13.425 24.3667 93.7048
      vertex 13.5 24.44 93.7207
    endloop
  endfacet
  facet normal -0.706909 -0.694876 -0.132011
    outer loop
      vertex 13.5 24.5519 93.1318
      vertex 13.425 24.5133 93.7366
      vertex 13.425 24.6259 93.1439
    endloop
  endfacet
  facet normal -0.707011 -0.694771 -0.132017
    outer loop
      vertex 13.5 24.44 93.7207
      vertex 13.425 24.5133 93.7366
      vertex 13.5 24.5519 93.1318
    endloop
  endfacet
  facet normal 0 -0.982428 -0.18664
    outer loop
      vertex -13.425 24.6259 93.1439
      vertex 13.425 24.5133 93.7366
      vertex -13.425 24.5133 93.7366
    endloop
  endfacet
  facet normal 0 -0.982428 -0.18664
    outer loop
      vertex 13.425 24.5133 93.7366
      vertex -13.425 24.6259 93.1439
      vertex 13.425 24.6259 93.1439
    endloop
  endfacet
  facet normal 0.706909 -0.694872 -0.132036
    outer loop
      vertex -13.425 24.6259 93.1439
      vertex -13.5 24.44 93.7207
      vertex -13.5 24.5519 93.1318
    endloop
  endfacet
  facet normal 0.70701 -0.694776 -0.131992
    outer loop
      vertex -13.425 24.5133 93.7366
      vertex -13.5 24.44 93.7207
      vertex -13.425 24.6259 93.1439
    endloop
  endfacet
  facet normal 0.707003 0.686891 0.168308
    outer loop
      vertex -13.425 24.3667 93.7048
      vertex -13.5 24.44 93.7207
      vertex -13.425 24.225 94.2831
    endloop
  endfacet
  facet normal 0.707257 0.68666 0.168186
    outer loop
      vertex -13.5 24.44 93.7207
      vertex -13.5 24.2974 94.3029
      vertex -13.425 24.225 94.2831
    endloop
  endfacet
  facet normal 0 0.971268 0.237988
    outer loop
      vertex 13.425 24.3667 93.7048
      vertex -13.425 24.225 94.2831
      vertex 13.425 24.225 94.2831
    endloop
  endfacet
  facet normal 0 0.971268 0.237988
    outer loop
      vertex -13.425 24.225 94.2831
      vertex 13.425 24.3667 93.7048
      vertex -13.425 24.3667 93.7048
    endloop
  endfacet
  facet normal -0.707004 0.686905 0.168246
    outer loop
      vertex 13.5 24.44 93.7207
      vertex 13.425 24.3667 93.7048
      vertex 13.5 24.2974 94.3029
    endloop
  endfacet
  facet normal -0.707257 0.686644 0.168247
    outer loop
      vertex 13.425 24.3667 93.7048
      vertex 13.425 24.225 94.2831
      vertex 13.5 24.2974 94.3029
    endloop
  endfacet
  facet normal -0.707003 -0.686894 -0.168295
    outer loop
      vertex 13.5 24.44 93.7207
      vertex 13.425 24.3697 94.3227
      vertex 13.425 24.5133 93.7366
    endloop
  endfacet
  facet normal -0.706799 -0.687105 -0.168295
    outer loop
      vertex 13.5 24.2974 94.3029
      vertex 13.425 24.3697 94.3227
      vertex 13.5 24.44 93.7207
    endloop
  endfacet
  facet normal 0 -0.971272 -0.237971
    outer loop
      vertex -13.425 24.5133 93.7366
      vertex 13.425 24.3697 94.3227
      vertex -13.425 24.3697 94.3227
    endloop
  endfacet
  facet normal 0 -0.971272 -0.237971
    outer loop
      vertex 13.425 24.3697 94.3227
      vertex -13.425 24.5133 93.7366
      vertex 13.425 24.5133 93.7366
    endloop
  endfacet
  facet normal 0.707004 -0.686905 -0.168246
    outer loop
      vertex -13.425 24.5133 93.7366
      vertex -13.5 24.2974 94.3029
      vertex -13.5 24.44 93.7207
    endloop
  endfacet
  facet normal 0.706799 -0.687092 -0.168344
    outer loop
      vertex -13.425 24.3697 94.3227
      vertex -13.5 24.2974 94.3029
      vertex -13.425 24.5133 93.7366
    endloop
  endfacet
  facet normal 0.707265 0.676859 0.204055
    outer loop
      vertex -13.425 24.225 94.2831
      vertex -13.5 24.2974 94.3029
      vertex -13.425 24.0531 94.8533
    endloop
  endfacet
  facet normal 0.706885 0.677196 0.204256
    outer loop
      vertex -13.5 24.2974 94.3029
      vertex -13.5 24.1243 94.8768
      vertex -13.425 24.0531 94.8533
    endloop
  endfacet
  facet normal 0 0.957437 0.288642
    outer loop
      vertex 13.425 24.225 94.2831
      vertex -13.425 24.0531 94.8533
      vertex 13.425 24.0531 94.8533
    endloop
  endfacet
  facet normal 0 0.957437 0.288642
    outer loop
      vertex -13.425 24.0531 94.8533
      vertex 13.425 24.225 94.2831
      vertex -13.425 24.225 94.2831
    endloop
  endfacet
  facet normal -0.707264 0.676833 0.204147
    outer loop
      vertex 13.5 24.2974 94.3029
      vertex 13.425 24.225 94.2831
      vertex 13.5 24.1243 94.8768
    endloop
  endfacet
  facet normal -0.706883 0.677224 0.204165
    outer loop
      vertex 13.425 24.225 94.2831
      vertex 13.425 24.0531 94.8533
      vertex 13.5 24.1243 94.8768
    endloop
  endfacet
  facet normal -0.706814 -0.677301 -0.204152
    outer loop
      vertex 13.5 24.2974 94.3029
      vertex 13.425 24.1956 94.9003
      vertex 13.425 24.3697 94.3227
    endloop
  endfacet
  facet normal -0.707336 -0.676763 -0.204126
    outer loop
      vertex 13.5 24.1243 94.8768
      vertex 13.425 24.1956 94.9003
      vertex 13.5 24.2974 94.3029
    endloop
  endfacet
  facet normal 0 -0.957451 -0.288595
    outer loop
      vertex -13.425 24.3697 94.3227
      vertex 13.425 24.1956 94.9003
      vertex -13.425 24.1956 94.9003
    endloop
  endfacet
  facet normal 0 -0.957451 -0.288595
    outer loop
      vertex 13.425 24.1956 94.9003
      vertex -13.425 24.3697 94.3227
      vertex 13.425 24.3697 94.3227
    endloop
  endfacet
  facet normal 0.706812 -0.677265 -0.204277
    outer loop
      vertex -13.425 24.3697 94.3227
      vertex -13.5 24.1243 94.8768
      vertex -13.5 24.2974 94.3029
    endloop
  endfacet
  facet normal 0.707334 -0.676803 -0.204002
    outer loop
      vertex -13.425 24.1956 94.9003
      vertex -13.5 24.1243 94.8768
      vertex -13.425 24.3697 94.3227
    endloop
  endfacet
  facet normal 0.706878 0.665564 0.239475
    outer loop
      vertex -13.425 24.0531 94.8533
      vertex -13.5 24.1243 94.8768
      vertex -13.425 23.8515 95.4136
    endloop
  endfacet
  facet normal 0.707016 0.665446 0.239395
    outer loop
      vertex -13.5 24.1243 94.8768
      vertex -13.5 23.9214 95.4408
      vertex -13.425 23.8515 95.4136
    endloop
  endfacet
  facet normal 0 0.940945 0.338559
    outer loop
      vertex 13.425 24.0531 94.8533
      vertex -13.425 23.8515 95.4136
      vertex 13.425 23.8515 95.4136
    endloop
  endfacet
  facet normal 0 0.940945 0.338559
    outer loop
      vertex -13.425 23.8515 95.4136
      vertex 13.425 24.0531 94.8533
      vertex -13.425 24.0531 94.8533
    endloop
  endfacet
  facet normal -0.706878 0.665576 0.239442
    outer loop
      vertex 13.5 24.1243 94.8768
      vertex 13.425 24.0531 94.8533
      vertex 13.5 23.9214 95.4408
    endloop
  endfacet
  facet normal -0.707017 0.665434 0.239428
    outer loop
      vertex 13.425 24.0531 94.8533
      vertex 13.425 23.8515 95.4136
      vertex 13.5 23.9214 95.4408
    endloop
  endfacet
  facet normal -0.707319 -0.665097 -0.239468
    outer loop
      vertex 13.5 24.1243 94.8768
      vertex 13.425 23.9912 95.468
      vertex 13.425 24.1956 94.9003
    endloop
  endfacet
  facet normal -0.706572 -0.665863 -0.239546
    outer loop
      vertex 13.5 23.9214 95.4408
      vertex 13.425 23.9912 95.468
      vertex 13.5 24.1243 94.8768
    endloop
  endfacet
  facet normal 0 -0.940873 -0.338761
    outer loop
      vertex -13.425 24.1956 94.9003
      vertex 13.425 23.9912 95.468
      vertex -13.425 23.9912 95.468
    endloop
  endfacet
  facet normal 0 -0.940873 -0.338761
    outer loop
      vertex 13.425 23.9912 95.468
      vertex -13.425 24.1956 94.9003
      vertex 13.425 24.1956 94.9003
    endloop
  endfacet
  facet normal 0.707322 -0.665158 -0.239292
    outer loop
      vertex -13.425 24.1956 94.9003
      vertex -13.5 23.9214 95.4408
      vertex -13.5 24.1243 94.8768
    endloop
  endfacet
  facet normal 0.706574 -0.665798 -0.23972
    outer loop
      vertex -13.425 23.9912 95.468
      vertex -13.5 23.9214 95.4408
      vertex -13.425 24.1956 94.9003
    endloop
  endfacet
  facet normal 0.707005 0.651922 0.274119
    outer loop
      vertex -13.425 23.8515 95.4136
      vertex -13.5 23.9214 95.4408
      vertex -13.425 23.6207 95.9625
    endloop
  endfacet
  facet normal 0.706813 0.65208 0.274237
    outer loop
      vertex -13.5 23.9214 95.4408
      vertex -13.5 23.689 95.9934
      vertex -13.425 23.6207 95.9625
    endloop
  endfacet
  facet normal 0 0.921825 0.387606
    outer loop
      vertex 13.425 23.8515 95.4136
      vertex -13.425 23.6207 95.9625
      vertex 13.425 23.6207 95.9625
    endloop
  endfacet
  facet normal 0 0.921825 0.387606
    outer loop
      vertex -13.425 23.6207 95.9625
      vertex 13.425 23.8515 95.4136
      vertex -13.425 23.8515 95.4136
    endloop
  endfacet
  facet normal -0.707005 0.651904 0.274163
    outer loop
      vertex 13.5 23.9214 95.4408
      vertex 13.425 23.8515 95.4136
      vertex 13.5 23.689 95.9934
    endloop
  endfacet
  facet normal -0.706813 0.6521 0.274193
    outer loop
      vertex 13.425 23.8515 95.4136
      vertex 13.425 23.6207 95.9625
      vertex 13.5 23.689 95.9934
    endloop
  endfacet
  facet normal -0.706571 -0.652351 -0.274217
    outer loop
      vertex 13.5 23.9214 95.4408
      vertex 13.425 23.7574 96.0242
      vertex 13.425 23.9912 95.468
    endloop
  endfacet
  facet normal -0.707065 -0.651848 -0.27414
    outer loop
      vertex 13.5 23.689 95.9934
      vertex 13.425 23.7574 96.0242
      vertex 13.5 23.9214 95.4408
    endloop
  endfacet
  facet normal 0 -0.921866 -0.387509
    outer loop
      vertex -13.425 23.9912 95.468
      vertex 13.425 23.7574 96.0242
      vertex -13.425 23.7574 96.0242
    endloop
  endfacet
  facet normal 0 -0.921866 -0.387509
    outer loop
      vertex 13.425 23.7574 96.0242
      vertex -13.425 23.9912 95.468
      vertex 13.425 23.9912 95.468
    endloop
  endfacet
  facet normal 0.706569 -0.652305 -0.274332
    outer loop
      vertex -13.425 23.9912 95.468
      vertex -13.5 23.689 95.9934
      vertex -13.5 23.9214 95.4408
    endloop
  endfacet
  facet normal 0.707064 -0.651897 -0.274027
    outer loop
      vertex -13.425 23.7574 96.0242
      vertex -13.5 23.689 95.9934
      vertex -13.425 23.9912 95.468
    endloop
  endfacet
  facet normal 0.706823 0.636789 0.308059
    outer loop
      vertex -13.425 23.6207 95.9625
      vertex -13.5 23.689 95.9934
      vertex -13.425 23.3614 96.4985
    endloop
  endfacet
  facet normal 0.706999 0.63665 0.307942
    outer loop
      vertex -13.5 23.689 95.9934
      vertex -13.5 23.428 96.533
      vertex -13.425 23.3614 96.4985
    endloop
  endfacet
  facet normal 0 0.900195 0.435486
    outer loop
      vertex 13.425 23.6207 95.9625
      vertex -13.425 23.3614 96.4985
      vertex 13.425 23.3614 96.4985
    endloop
  endfacet
  facet normal 0 0.900195 0.435486
    outer loop
      vertex -13.425 23.3614 96.4985
      vertex 13.425 23.6207 95.9625
      vertex -13.425 23.6207 95.9625
    endloop
  endfacet
  facet normal -0.706824 0.636808 0.308019
    outer loop
      vertex 13.5 23.689 95.9934
      vertex 13.425 23.6207 95.9625
      vertex 13.5 23.428 96.533
    endloop
  endfacet
  facet normal -0.707 0.636631 0.307982
    outer loop
      vertex 13.425 23.6207 95.9625
      vertex 13.425 23.3614 96.4985
      vertex 13.5 23.428 96.533
    endloop
  endfacet
  facet normal -0.707042 -0.636585 -0.307979
    outer loop
      vertex 13.5 23.689 95.9934
      vertex 13.425 23.4946 96.5674
      vertex 13.425 23.7574 96.0242
    endloop
  endfacet
  facet normal -0.706794 -0.636835 -0.308032
    outer loop
      vertex 13.5 23.428 96.533
      vertex 13.425 23.4946 96.5674
      vertex 13.5 23.689 95.9934
    endloop
  endfacet
  facet normal 0 -0.900184 -0.435509
    outer loop
      vertex -13.425 23.7574 96.0242
      vertex 13.425 23.4946 96.5674
      vertex -13.425 23.4946 96.5674
    endloop
  endfacet
  facet normal 0 -0.900184 -0.435509
    outer loop
      vertex 13.425 23.4946 96.5674
      vertex -13.425 23.7574 96.0242
      vertex 13.425 23.7574 96.0242
    endloop
  endfacet
  facet normal 0.707043 -0.636611 -0.307923
    outer loop
      vertex -13.425 23.7574 96.0242
      vertex -13.5 23.428 96.533
      vertex -13.5 23.689 95.9934
    endloop
  endfacet
  facet normal 0.706794 -0.636808 -0.308087
    outer loop
      vertex -13.425 23.4946 96.5674
      vertex -13.5 23.428 96.533
      vertex -13.425 23.7574 96.0242
    endloop
  endfacet
  facet normal 0.707019 0.619522 0.341052
    outer loop
      vertex -13.425 23.3614 96.4985
      vertex -13.5 23.428 96.533
      vertex -13.425 23.0742 97.0202
    endloop
  endfacet
  facet normal 0.706903 0.61961 0.341133
    outer loop
      vertex -13.5 23.428 96.533
      vertex -13.5 23.1389 97.0581
      vertex -13.425 23.0742 97.0202
    endloop
  endfacet
  facet normal 0 0.876028 0.48226
    outer loop
      vertex 13.425 23.3614 96.4985
      vertex -13.425 23.0742 97.0202
      vertex 13.425 23.0742 97.0202
    endloop
  endfacet
  facet normal 0 0.876028 0.48226
    outer loop
      vertex -13.425 23.0742 97.0202
      vertex 13.425 23.3614 96.4985
      vertex -13.425 23.3614 96.4985
    endloop
  endfacet
  facet normal -0.707019 0.619508 0.341078
    outer loop
      vertex 13.5 23.428 96.533
      vertex 13.425 23.3614 96.4985
      vertex 13.5 23.1389 97.0581
    endloop
  endfacet
  facet normal -0.706902 0.619624 0.341108
    outer loop
      vertex 13.425 23.3614 96.4985
      vertex 13.425 23.0742 97.0202
      vertex 13.5 23.1389 97.0581
    endloop
  endfacet
  facet normal -0.706793 -0.619769 -0.341072
    outer loop
      vertex 13.5 23.428 96.533
      vertex 13.425 23.2037 97.096
      vertex 13.425 23.4946 96.5674
    endloop
  endfacet
  facet normal -0.707316 -0.619248 -0.340934
    outer loop
      vertex 13.5 23.1389 97.0581
      vertex 13.425 23.2037 97.096
      vertex 13.5 23.428 96.533
    endloop
  endfacet
  facet normal 0 -0.876097 -0.482135
    outer loop
      vertex -13.425 23.4946 96.5674
      vertex 13.425 23.2037 97.096
      vertex -13.425 23.2037 97.096
    endloop
  endfacet
  facet normal 0 -0.876097 -0.482135
    outer loop
      vertex 13.425 23.2037 97.096
      vertex -13.425 23.4946 96.5674
      vertex 13.425 23.4946 96.5674
    endloop
  endfacet
  facet normal 0.706791 -0.619707 -0.341187
    outer loop
      vertex -13.425 23.4946 96.5674
      vertex -13.5 23.1389 97.0581
      vertex -13.5 23.428 96.533
    endloop
  endfacet
  facet normal 0.707314 -0.619312 -0.340821
    outer loop
      vertex -13.425 23.2037 97.096
      vertex -13.5 23.1389 97.0581
      vertex -13.425 23.4946 96.5674
    endloop
  endfacet
  facet normal 0.706909 0.600818 0.373225
    outer loop
      vertex -13.425 23.0742 97.0202
      vertex -13.5 23.1389 97.0581
      vertex -13.425 22.76 97.526
    endloop
  endfacet
  facet normal 0.707356 0.600498 0.372894
    outer loop
      vertex -13.5 23.1389 97.0581
      vertex -13.5 22.8227 97.5673
      vertex -13.425 22.76 97.526
    endloop
  endfacet
  facet normal 0 0.849448 0.527672
    outer loop
      vertex 13.425 23.0742 97.0202
      vertex -13.425 22.76 97.526
      vertex 13.425 22.76 97.526
    endloop
  endfacet
  facet normal 0 0.849448 0.527672
    outer loop
      vertex -13.425 22.76 97.526
      vertex 13.425 23.0742 97.0202
      vertex -13.425 23.0742 97.0202
    endloop
  endfacet
  facet normal -0.70691 0.600876 0.373129
    outer loop
      vertex 13.5 23.1389 97.0581
      vertex 13.425 23.0742 97.0202
      vertex 13.5 22.8227 97.5673
    endloop
  endfacet
  facet normal -0.707358 0.600437 0.372988
    outer loop
      vertex 13.425 23.0742 97.0202
      vertex 13.425 22.76 97.526
      vertex 13.5 22.8227 97.5673
    endloop
  endfacet
  facet normal -0.707309 -0.600459 -0.373046
    outer loop
      vertex 13.5 23.1389 97.0581
      vertex 13.425 22.8853 97.6085
      vertex 13.425 23.2037 97.096
    endloop
  endfacet
  facet normal -0.706707 -0.601049 -0.373236
    outer loop
      vertex 13.5 22.8227 97.5673
      vertex 13.425 22.8853 97.6085
      vertex 13.5 23.1389 97.0581
    endloop
  endfacet
  facet normal 0 -0.84942 -0.527718
    outer loop
      vertex -13.425 23.2037 97.096
      vertex 13.425 22.8853 97.6085
      vertex -13.425 22.8853 97.6085
    endloop
  endfacet
  facet normal 0 -0.84942 -0.527718
    outer loop
      vertex 13.425 22.8853 97.6085
      vertex -13.425 23.2037 97.096
      vertex 13.425 23.2037 97.096
    endloop
  endfacet
  facet normal 0.707311 -0.600536 -0.372917
    outer loop
      vertex -13.425 23.2037 97.096
      vertex -13.5 22.8227 97.5673
      vertex -13.5 23.1389 97.0581
    endloop
  endfacet
  facet normal 0.706709 -0.600968 -0.373363
    outer loop
      vertex -13.425 22.8853 97.6085
      vertex -13.5 22.8227 97.5673
      vertex -13.425 23.2037 97.096
    endloop
  endfacet
  facet normal 0.707365 0.580069 0.403924
    outer loop
      vertex -13.425 22.76 97.526
      vertex -13.5 22.8227 97.5673
      vertex -13.425 22.4197 98.0147
    endloop
  endfacet
  facet normal 0.70682 0.580438 0.404348
    outer loop
      vertex -13.5 22.8227 97.5673
      vertex -13.5 22.4801 98.0591
      vertex -13.425 22.4197 98.0147
    endloop
  endfacet
  facet normal 0 0.820642 0.571443
    outer loop
      vertex 13.425 22.76 97.526
      vertex -13.425 22.4197 98.0147
      vertex 13.425 22.4197 98.0147
    endloop
  endfacet
  facet normal 0 0.820642 0.571443
    outer loop
      vertex -13.425 22.4197 98.0147
      vertex 13.425 22.76 97.526
      vertex -13.425 22.76 97.526
    endloop
  endfacet
  facet normal -0.707363 0.579992 0.404037
    outer loop
      vertex 13.5 22.8227 97.5673
      vertex 13.425 22.76 97.526
      vertex 13.5 22.4801 98.0591
    endloop
  endfacet
  facet normal -0.706818 0.580518 0.404236
    outer loop
      vertex 13.425 22.76 97.526
      vertex 13.425 22.4197 98.0147
      vertex 13.5 22.4801 98.0591
    endloop
  endfacet
  facet normal -0.706708 -0.580584 -0.404333
    outer loop
      vertex 13.5 22.8227 97.5673
      vertex 13.425 22.5405 98.1036
      vertex 13.425 22.8853 97.6085
    endloop
  endfacet
  facet normal -0.70709 -0.580217 -0.404194
    outer loop
      vertex 13.5 22.4801 98.0591
      vertex 13.425 22.5405 98.1036
      vertex 13.5 22.8227 97.5673
    endloop
  endfacet
  facet normal 0 -0.820608 -0.571492
    outer loop
      vertex -13.425 22.8853 97.6085
      vertex 13.425 22.5405 98.1036
      vertex -13.425 22.5405 98.1036
    endloop
  endfacet
  facet normal 0 -0.820608 -0.571492
    outer loop
      vertex 13.425 22.5405 98.1036
      vertex -13.425 22.8853 97.6085
      vertex 13.425 22.8853 97.6085
    endloop
  endfacet
  facet normal 0.706707 -0.580531 -0.404412
    outer loop
      vertex -13.425 22.8853 97.6085
      vertex -13.5 22.4801 98.0591
      vertex -13.5 22.8227 97.5673
    endloop
  endfacet
  facet normal 0.707088 -0.580272 -0.404116
    outer loop
      vertex -13.425 22.5405 98.1036
      vertex -13.5 22.4801 98.0591
      vertex -13.425 22.8853 97.6085
    endloop
  endfacet
  facet normal 0.706804 0.55837 0.434341
    outer loop
      vertex -13.425 22.4197 98.0147
      vertex -13.5 22.4801 98.0591
      vertex -13.425 22.0541 98.4847
    endloop
  endfacet
  facet normal 0.707135 0.55816 0.434072
    outer loop
      vertex -13.5 22.4801 98.0591
      vertex -13.5 22.1121 98.5323
      vertex -13.425 22.0541 98.4847
    endloop
  endfacet
  facet normal 0 0.789316 0.613987
    outer loop
      vertex 13.425 22.4197 98.0147
      vertex -13.425 22.0541 98.4847
      vertex 13.425 22.0541 98.4847
    endloop
  endfacet
  facet normal 0 0.789316 0.613987
    outer loop
      vertex -13.425 22.0541 98.4847
      vertex 13.425 22.4197 98.0147
      vertex -13.425 22.4197 98.0147
    endloop
  endfacet
  facet normal -0.706805 0.55842 0.434274
    outer loop
      vertex 13.5 22.4801 98.0591
      vertex 13.425 22.4197 98.0147
      vertex 13.5 22.1121 98.5323
    endloop
  endfacet
  facet normal -0.707136 0.558108 0.434137
    outer loop
      vertex 13.425 22.4197 98.0147
      vertex 13.425 22.0541 98.4847
      vertex 13.5 22.1121 98.5323
    endloop
  endfacet
  facet normal -0.707094 -0.558198 -0.434089
    outer loop
      vertex 13.5 22.4801 98.0591
      vertex 13.425 22.1701 98.5799
      vertex 13.425 22.5405 98.1036
    endloop
  endfacet
  facet normal -0.707135 -0.55816 -0.434072
    outer loop
      vertex 13.5 22.1121 98.5323
      vertex 13.425 22.1701 98.5799
      vertex 13.5 22.4801 98.0591
    endloop
  endfacet
  facet normal 0 -0.789397 -0.613883
    outer loop
      vertex -13.425 22.5405 98.1036
      vertex 13.425 22.1701 98.5799
      vertex -13.425 22.1701 98.5799
    endloop
  endfacet
  facet normal 0 -0.789397 -0.613883
    outer loop
      vertex 13.425 22.1701 98.5799
      vertex -13.425 22.5405 98.1036
      vertex 13.425 22.5405 98.1036
    endloop
  endfacet
  facet normal 0.707094 -0.558192 -0.434097
    outer loop
      vertex -13.425 22.5405 98.1036
      vertex -13.5 22.1121 98.5323
      vertex -13.5 22.4801 98.0591
    endloop
  endfacet
  facet normal 0.707134 -0.558166 -0.434064
    outer loop
      vertex -13.425 22.1701 98.5799
      vertex -13.5 22.1121 98.5323
      vertex -13.425 22.5405 98.1036
    endloop
  endfacet
  facet normal 0.707135 0.53466 0.462707
    outer loop
      vertex -13.425 22.0541 98.4847
      vertex -13.5 22.1121 98.5323
      vertex -13.425 21.6644 98.935
    endloop
  endfacet
  facet normal 0.706814 0.53485 0.462978
    outer loop
      vertex -13.5 22.1121 98.5323
      vertex -13.5 21.7198 98.9855
      vertex -13.425 21.6644 98.935
    endloop
  endfacet
  facet normal 0 0.756154 0.654393
    outer loop
      vertex 13.425 22.0541 98.4847
      vertex -13.425 21.6644 98.935
      vertex 13.425 21.6644 98.935
    endloop
  endfacet
  facet normal 0 0.756154 0.654393
    outer loop
      vertex -13.425 21.6644 98.935
      vertex 13.425 22.0541 98.4847
      vertex -13.425 22.0541 98.4847
    endloop
  endfacet
  facet normal -0.707134 0.534608 0.462769
    outer loop
      vertex 13.5 22.1121 98.5323
      vertex 13.425 22.0541 98.4847
      vertex 13.5 21.7198 98.9855
    endloop
  endfacet
  facet normal -0.706813 0.534904 0.462918
    outer loop
      vertex 13.425 22.0541 98.4847
      vertex 13.425 21.6644 98.935
      vertex 13.5 21.7198 98.9855
    endloop
  endfacet
  facet normal -0.707134 -0.534606 -0.462771
    outer loop
      vertex 13.5 22.1121 98.5323
      vertex 13.425 21.7752 99.0361
      vertex 13.425 22.1701 98.5799
    endloop
  endfacet
  facet normal -0.707123 -0.534617 -0.462776
    outer loop
      vertex 13.5 21.7198 98.9855
      vertex 13.425 21.7752 99.0361
      vertex 13.5 22.1121 98.5323
    endloop
  endfacet
  facet normal 0 -0.756077 -0.654482
    outer loop
      vertex -13.425 22.1701 98.5799
      vertex 13.425 21.7752 99.0361
      vertex -13.425 21.7752 99.0361
    endloop
  endfacet
  facet normal 0 -0.756077 -0.654482
    outer loop
      vertex 13.425 21.7752 99.0361
      vertex -13.425 22.1701 98.5799
      vertex 13.425 22.1701 98.5799
    endloop
  endfacet
  facet normal 0.707134 -0.534608 -0.462769
    outer loop
      vertex -13.425 22.1701 98.5799
      vertex -13.5 21.7198 98.9855
      vertex -13.5 22.1121 98.5323
    endloop
  endfacet
  facet normal 0.707123 -0.534615 -0.462778
    outer loop
      vertex -13.425 21.7752 99.0361
      vertex -13.5 21.7198 98.9855
      vertex -13.425 22.1701 98.5799
    endloop
  endfacet
  facet normal 0.706801 0.509689 0.490561
    outer loop
      vertex -13.425 21.6644 98.935
      vertex -13.5 21.7198 98.9855
      vertex -13.425 21.2515 99.364
    endloop
  endfacet
  facet normal 0.70711 0.50952 0.490291
    outer loop
      vertex -13.5 21.7198 98.9855
      vertex -13.5 21.3042 99.4174
      vertex -13.425 21.2515 99.364
    endloop
  endfacet
  facet normal 0 0.720497 0.693458
    outer loop
      vertex 13.425 21.6644 98.935
      vertex -13.425 21.2515 99.364
      vertex 13.425 21.2515 99.364
    endloop
  endfacet
  facet normal 0 0.720497 0.693458
    outer loop
      vertex -13.425 21.2515 99.364
      vertex 13.425 21.6644 98.935
      vertex -13.425 21.6644 98.935
    endloop
  endfacet
  facet normal -0.706802 0.509742 0.490504
    outer loop
      vertex 13.5 21.7198 98.9855
      vertex 13.425 21.6644 98.935
      vertex 13.5 21.3042 99.4174
    endloop
  endfacet
  facet normal -0.707111 0.509466 0.490346
    outer loop
      vertex 13.425 21.6644 98.935
      vertex 13.425 21.2515 99.364
      vertex 13.5 21.3042 99.4174
    endloop
  endfacet
  facet normal -0.707129 -0.509501 -0.490283
    outer loop
      vertex 13.5 21.7198 98.9855
      vertex 13.425 21.3568 99.4709
      vertex 13.425 21.7752 99.0361
    endloop
  endfacet
  facet normal -0.707097 -0.509529 -0.4903
    outer loop
      vertex 13.5 21.3042 99.4174
      vertex 13.425 21.3568 99.4709
      vertex 13.5 21.7198 98.9855
    endloop
  endfacet
  facet normal 0 -0.720566 -0.693387
    outer loop
      vertex -13.425 21.7752 99.0361
      vertex 13.425 21.3568 99.4709
      vertex -13.425 21.3568 99.4709
    endloop
  endfacet
  facet normal 0 -0.720566 -0.693387
    outer loop
      vertex 13.425 21.3568 99.4709
      vertex -13.425 21.7752 99.0361
      vertex 13.425 21.7752 99.0361
    endloop
  endfacet
  facet normal 0.707129 -0.509506 -0.490277
    outer loop
      vertex -13.425 21.7752 99.0361
      vertex -13.5 21.3042 99.4174
      vertex -13.5 21.7198 98.9855
    endloop
  endfacet
  facet normal 0.707097 -0.509524 -0.490305
    outer loop
      vertex -13.425 21.3568 99.4709
      vertex -13.5 21.3042 99.4174
      vertex -13.425 21.7752 99.0361
    endloop
  endfacet
  facet normal 0.707103 0.483163 0.516293
    outer loop
      vertex -13.425 21.2515 99.364
      vertex -13.5 21.3042 99.4174
      vertex -13.425 20.8167 99.7709
    endloop
  endfacet
  facet normal 0.706734 0.483348 0.516625
    outer loop
      vertex -13.5 21.3042 99.4174
      vertex -13.5 20.8664 99.827
      vertex -13.425 20.8167 99.7709
    endloop
  endfacet
  facet normal -0 0.683293 0.730144
    outer loop
      vertex -13.425 21.2515 99.364
      vertex 13.425 20.8167 99.7709
      vertex 13.425 21.2515 99.364
    endloop
  endfacet
  facet normal 0 0.683293 0.730144
    outer loop
      vertex 13.425 20.8167 99.7709
      vertex -13.425 21.2515 99.364
      vertex -13.425 20.8167 99.7709
    endloop
  endfacet
  facet normal -0.707102 0.483097 0.516357
    outer loop
      vertex 13.5 21.3042 99.4174
      vertex 13.425 21.2515 99.364
      vertex 13.5 20.8664 99.827
    endloop
  endfacet
  facet normal -0.706733 0.483416 0.516563
    outer loop
      vertex 13.425 21.2515 99.364
      vertex 13.425 20.8167 99.7709
      vertex 13.5 20.8664 99.827
    endloop
  endfacet
  facet normal -0.707123 -0.483008 -0.516411
    outer loop
      vertex 13.5 21.3042 99.4174
      vertex 13.425 20.9162 99.883
      vertex 13.425 21.3568 99.4709
    endloop
  endfacet
  facet normal -0.706712 -0.483363 -0.516641
    outer loop
      vertex 13.5 20.8664 99.827
      vertex 13.425 20.9162 99.883
      vertex 13.5 21.3042 99.4174
    endloop
  endfacet
  facet normal 0 -0.683092 -0.730333
    outer loop
      vertex -13.425 20.9162 99.883
      vertex 13.425 21.3568 99.4709
      vertex 13.425 20.9162 99.883
    endloop
  endfacet
  facet normal -0 -0.683092 -0.730333
    outer loop
      vertex 13.425 21.3568 99.4709
      vertex -13.425 20.9162 99.883
      vertex -13.425 21.3568 99.4709
    endloop
  endfacet
  facet normal 0.707124 -0.483082 -0.516341
    outer loop
      vertex -13.425 21.3568 99.4709
      vertex -13.5 20.8664 99.827
      vertex -13.5 21.3042 99.4174
    endloop
  endfacet
  facet normal 0.706713 -0.483287 -0.51671
    outer loop
      vertex -13.425 20.9162 99.883
      vertex -13.5 20.8664 99.827
      vertex -13.425 21.3568 99.4709
    endloop
  endfacet
  facet normal 0.706746 0.455255 0.541529
    outer loop
      vertex -13.425 20.8167 99.7709
      vertex -13.5 20.8664 99.827
      vertex -13.425 20.361 100.154
    endloop
  endfacet
  facet normal 0.708404 0.454505 0.53999
    outer loop
      vertex -13.5 20.8664 99.827
      vertex -13.5 20.4078 100.213
      vertex -13.425 20.361 100.154
    endloop
  endfacet
  facet normal -0 0.643499 0.765447
    outer loop
      vertex -13.425 20.8167 99.7709
      vertex 13.425 20.361 100.154
      vertex 13.425 20.8167 99.7709
    endloop
  endfacet
  facet normal 0 0.643499 0.765447
    outer loop
      vertex 13.425 20.361 100.154
      vertex -13.425 20.8167 99.7709
      vertex -13.425 20.361 100.154
    endloop
  endfacet
  facet normal -0.706751 0.455571 0.541256
    outer loop
      vertex 13.5 20.8664 99.827
      vertex 13.425 20.8167 99.7709
      vertex 13.5 20.4078 100.213
    endloop
  endfacet
  facet normal -0.70841 0.454183 0.540254
    outer loop
      vertex 13.425 20.8167 99.7709
      vertex 13.425 20.361 100.154
      vertex 13.5 20.4078 100.213
    endloop
  endfacet
  facet normal -0.706699 -0.455873 -0.54107
    outer loop
      vertex 13.5 20.8664 99.827
      vertex 13.425 20.4545 100.272
      vertex 13.425 20.9162 99.883
    endloop
  endfacet
  facet normal -0.708101 -0.454701 -0.540222
    outer loop
      vertex 13.5 20.4078 100.213
      vertex 13.425 20.4545 100.272
      vertex 13.5 20.8664 99.827
    endloop
  endfacet
  facet normal 0 -0.64433 -0.764748
    outer loop
      vertex -13.425 20.4545 100.272
      vertex 13.425 20.9162 99.883
      vertex 13.425 20.4545 100.272
    endloop
  endfacet
  facet normal -0 -0.64433 -0.764748
    outer loop
      vertex 13.425 20.9162 99.883
      vertex -13.425 20.4545 100.272
      vertex -13.425 20.9162 99.883
    endloop
  endfacet
  facet normal 0.706694 -0.455608 -0.5413
    outer loop
      vertex -13.425 20.9162 99.883
      vertex -13.5 20.4078 100.213
      vertex -13.5 20.8664 99.827
    endloop
  endfacet
  facet normal 0.708096 -0.454971 -0.540001
    outer loop
      vertex -13.425 20.4545 100.272
      vertex -13.5 20.4078 100.213
      vertex -13.425 20.9162 99.883
    endloop
  endfacet
  facet normal 0.708455 0.42548 0.563079
    outer loop
      vertex -13.425 20.361 100.154
      vertex -13.5 20.4078 100.213
      vertex -13.425 19.8859 100.513
    endloop
  endfacet
  facet normal 0.706892 0.42611 0.564566
    outer loop
      vertex -13.5 20.4078 100.213
      vertex -13.5 19.9295 100.574
      vertex -13.425 19.8859 100.513
    endloop
  endfacet
  facet normal -0 0.602871 0.797839
    outer loop
      vertex -13.425 20.361 100.154
      vertex 13.425 19.8859 100.513
      vertex 13.425 20.361 100.154
    endloop
  endfacet
  facet normal 0 0.602871 0.797839
    outer loop
      vertex 13.425 19.8859 100.513
      vertex -13.425 20.361 100.154
      vertex -13.425 19.8859 100.513
    endloop
  endfacet
  facet normal -0.70845 0.425169 0.56332
    outer loop
      vertex 13.5 20.4078 100.213
      vertex 13.425 20.361 100.154
      vertex 13.5 19.9295 100.574
    endloop
  endfacet
  facet normal -0.706887 0.426427 0.564333
    outer loop
      vertex 13.425 20.361 100.154
      vertex 13.425 19.8859 100.513
      vertex 13.5 19.9295 100.574
    endloop
  endfacet
  facet normal -0.708164 -0.425089 -0.56374
    outer loop
      vertex 13.5 20.4078 100.213
      vertex 13.425 19.9731 100.635
      vertex 13.425 20.4545 100.272
    endloop
  endfacet
  facet normal -0.706892 -0.42611 -0.564566
    outer loop
      vertex 13.5 19.9295 100.574
      vertex 13.425 19.9731 100.635
      vertex 13.5 20.4078 100.213
    endloop
  endfacet
  facet normal 0 -0.602068 -0.798445
    outer loop
      vertex -13.425 19.9731 100.635
      vertex 13.425 20.4545 100.272
      vertex 13.425 19.9731 100.635
    endloop
  endfacet
  facet normal -0 -0.602068 -0.798445
    outer loop
      vertex 13.425 20.4545 100.272
      vertex -13.425 19.9731 100.635
      vertex -13.425 20.4545 100.272
    endloop
  endfacet
  facet normal 0.708168 -0.42534 -0.563546
    outer loop
      vertex -13.425 20.4545 100.272
      vertex -13.5 19.9295 100.574
      vertex -13.5 20.4078 100.213
    endloop
  endfacet
  facet normal 0.706896 -0.425853 -0.564754
    outer loop
      vertex -13.425 19.9731 100.635
      vertex -13.5 19.9295 100.574
      vertex -13.425 20.4545 100.272
    endloop
  endfacet
  facet normal 0.706896 0.396503 0.585733
    outer loop
      vertex -13.425 19.8859 100.513
      vertex -13.5 19.9295 100.574
      vertex -13.425 19.3925 100.847
    endloop
  endfacet
  facet normal 0.705984 0.396824 0.586615
    outer loop
      vertex -13.5 19.9295 100.574
      vertex -13.5 19.4328 100.91
      vertex -13.425 19.3925 100.847
    endloop
  endfacet
  facet normal -0 0.560573 0.828105
    outer loop
      vertex -13.425 19.8859 100.513
      vertex 13.425 19.3925 100.847
      vertex 13.425 19.8859 100.513
    endloop
  endfacet
  facet normal 0 0.560573 0.828105
    outer loop
      vertex 13.425 19.3925 100.847
      vertex -13.425 19.8859 100.513
      vertex -13.425 19.3925 100.847
    endloop
  endfacet
  facet normal -0.706893 0.396316 0.585863
    outer loop
      vertex 13.5 19.9295 100.574
      vertex 13.425 19.8859 100.513
      vertex 13.5 19.4328 100.91
    endloop
  endfacet
  facet normal -0.705981 0.397016 0.586489
    outer loop
      vertex 13.425 19.8859 100.513
      vertex 13.425 19.3925 100.847
      vertex 13.5 19.4328 100.91
    endloop
  endfacet
  facet normal -0.706891 -0.396184 -0.585954
    outer loop
      vertex 13.5 19.9295 100.574
      vertex 13.425 19.4732 100.973
      vertex 13.425 19.9731 100.635
    endloop
  endfacet
  facet normal -0.706249 -0.396676 -0.586396
    outer loop
      vertex 13.5 19.4328 100.91
      vertex 13.425 19.4732 100.973
      vertex 13.5 19.9295 100.574
    endloop
  endfacet
  facet normal 0 -0.560119 -0.828412
    outer loop
      vertex -13.425 19.4732 100.973
      vertex 13.425 19.9731 100.635
      vertex 13.425 19.4732 100.973
    endloop
  endfacet
  facet normal -0 -0.560119 -0.828412
    outer loop
      vertex 13.425 19.9731 100.635
      vertex -13.425 19.4732 100.973
      vertex -13.425 19.9731 100.635
    endloop
  endfacet
  facet normal 0.706893 -0.396316 -0.585863
    outer loop
      vertex -13.425 19.9731 100.635
      vertex -13.5 19.4328 100.91
      vertex -13.5 19.9295 100.574
    endloop
  endfacet
  facet normal 0.706251 -0.396543 -0.586484
    outer loop
      vertex -13.425 19.4732 100.973
      vertex -13.5 19.4328 100.91
      vertex -13.425 19.9731 100.635
    endloop
  endfacet
  facet normal 0.705967 0.365158 0.606852
    outer loop
      vertex -13.425 19.3925 100.847
      vertex -13.5 19.4328 100.91
      vertex -13.425 18.8823 101.154
    endloop
  endfacet
  facet normal 0.706025 0.365141 0.606795
    outer loop
      vertex -13.5 19.4328 100.91
      vertex -13.5 18.9193 101.219
      vertex -13.425 18.8823 101.154
    endloop
  endfacet
  facet normal -0 0.515582 0.85684
    outer loop
      vertex -13.425 19.3925 100.847
      vertex 13.425 18.8823 101.154
      vertex 13.425 19.3925 100.847
    endloop
  endfacet
  facet normal 0 0.515582 0.85684
    outer loop
      vertex 13.425 18.8823 101.154
      vertex -13.425 19.3925 100.847
      vertex -13.425 18.8823 101.154
    endloop
  endfacet
  facet normal -0.705968 0.36517 0.606845
    outer loop
      vertex 13.5 19.4328 100.91
      vertex 13.425 19.3925 100.847
      vertex 13.5 18.9193 101.219
    endloop
  endfacet
  facet normal -0.706025 0.365128 0.606803
    outer loop
      vertex 13.425 19.3925 100.847
      vertex 13.425 18.8823 101.154
      vertex 13.5 18.9193 101.219
    endloop
  endfacet
  facet normal -0.70621 -0.364954 -0.606692
    outer loop
      vertex 13.5 19.4328 100.91
      vertex 13.425 18.9562 101.284
      vertex 13.425 19.4732 100.973
    endloop
  endfacet
  facet normal -0.705781 -0.365266 -0.607004
    outer loop
      vertex 13.5 18.9193 101.219
      vertex 13.425 18.9562 101.284
      vertex 13.5 19.4328 100.91
    endloop
  endfacet
  facet normal 0 -0.51547 -0.856907
    outer loop
      vertex -13.425 18.9562 101.284
      vertex 13.425 19.4732 100.973
      vertex 13.425 18.9562 101.284
    endloop
  endfacet
  facet normal -0 -0.51547 -0.856907
    outer loop
      vertex 13.425 19.4732 100.973
      vertex -13.425 18.9562 101.284
      vertex -13.425 19.4732 100.973
    endloop
  endfacet
  facet normal 0.706212 -0.365045 -0.606636
    outer loop
      vertex -13.425 19.4732 100.973
      vertex -13.5 18.9193 101.219
      vertex -13.5 19.4328 100.91
    endloop
  endfacet
  facet normal 0.705782 -0.365174 -0.607058
    outer loop
      vertex -13.425 18.9562 101.284
      vertex -13.5 18.9193 101.219
      vertex -13.425 19.4732 100.973
    endloop
  endfacet
  facet normal 0.705974 0.332015 0.625593
    outer loop
      vertex -13.425 18.8823 101.154
      vertex -13.5 18.9193 101.219
      vertex -13.425 18.3566 101.433
    endloop
  endfacet
  facet normal 0.710688 0.330843 0.620858
    outer loop
      vertex -13.5 18.9193 101.219
      vertex -13.5 18.3901 101.501
      vertex -13.425 18.3566 101.433
    endloop
  endfacet
  facet normal -0 0.468791 0.883309
    outer loop
      vertex -13.425 18.8823 101.154
      vertex 13.425 18.3566 101.433
      vertex 13.425 18.8823 101.154
    endloop
  endfacet
  facet normal 0 0.468791 0.883309
    outer loop
      vertex 13.425 18.3566 101.433
      vertex -13.425 18.8823 101.154
      vertex -13.425 18.3566 101.433
    endloop
  endfacet
  facet normal -0.705992 0.333059 0.625018
    outer loop
      vertex 13.5 18.9193 101.219
      vertex 13.425 18.8823 101.154
      vertex 13.5 18.3901 101.501
    endloop
  endfacet
  facet normal -0.710707 0.329789 0.621398
    outer loop
      vertex 13.425 18.8823 101.154
      vertex 13.425 18.3566 101.433
      vertex 13.5 18.3901 101.501
    endloop
  endfacet
  facet normal -0.705771 -0.333335 -0.62512
    outer loop
      vertex 13.5 18.9193 101.219
      vertex 13.425 18.4236 101.568
      vertex 13.425 18.9562 101.284
    endloop
  endfacet
  facet normal -0.706555 -0.332795 -0.624522
    outer loop
      vertex 13.5 18.3901 101.501
      vertex 13.425 18.4236 101.568
      vertex 13.5 18.9193 101.219
    endloop
  endfacet
  facet normal 0 -0.470519 -0.88239
    outer loop
      vertex -13.425 18.4236 101.568
      vertex 13.425 18.9562 101.284
      vertex 13.425 18.4236 101.568
    endloop
  endfacet
  facet normal -0 -0.470519 -0.88239
    outer loop
      vertex 13.425 18.9562 101.284
      vertex -13.425 18.4236 101.568
      vertex -13.425 18.9562 101.284
    endloop
  endfacet
  facet normal 0.705769 -0.333164 -0.625214
    outer loop
      vertex -13.425 18.9562 101.284
      vertex -13.5 18.3901 101.501
      vertex -13.5 18.9193 101.219
    endloop
  endfacet
  facet normal 0.706552 -0.332968 -0.624433
    outer loop
      vertex -13.425 18.4236 101.568
      vertex -13.5 18.3901 101.501
      vertex -13.425 18.9562 101.284
    endloop
  endfacet
  facet normal 0.71079 0.29764 0.637328
    outer loop
      vertex -13.425 18.3566 101.433
      vertex -13.5 18.3901 101.501
      vertex -13.425 17.817 101.685
    endloop
  endfacet
  facet normal 0.707918 0.298204 0.640255
    outer loop
      vertex -13.5 18.3901 101.501
      vertex -13.5 17.8469 101.754
      vertex -13.425 17.817 101.685
    endloop
  endfacet
  facet normal -0 0.423143 0.906063
    outer loop
      vertex -13.425 18.3566 101.433
      vertex 13.425 17.817 101.685
      vertex 13.425 18.3566 101.433
    endloop
  endfacet
  facet normal 0 0.423143 0.906063
    outer loop
      vertex 13.425 17.817 101.685
      vertex -13.425 18.3566 101.433
      vertex -13.425 17.817 101.685
    endloop
  endfacet
  facet normal -0.710783 0.296987 0.637642
    outer loop
      vertex 13.5 18.3901 101.501
      vertex 13.425 18.3566 101.433
      vertex 13.5 17.8469 101.754
    endloop
  endfacet
  facet normal -0.707908 0.298868 0.639956
    outer loop
      vertex 13.425 18.3566 101.433
      vertex 13.425 17.817 101.685
      vertex 13.5 17.8469 101.754
    endloop
  endfacet
  facet normal -0.706542 -0.299097 -0.641357
    outer loop
      vertex 13.5 18.3901 101.501
      vertex 13.425 17.8768 101.823
      vertex 13.425 18.4236 101.568
    endloop
  endfacet
  facet normal -0.707918 -0.298204 -0.640255
    outer loop
      vertex 13.5 17.8469 101.754
      vertex 13.425 17.8768 101.823
      vertex 13.5 18.3901 101.501
    endloop
  endfacet
  facet normal 0 -0.42265 -0.906293
    outer loop
      vertex -13.425 17.8768 101.823
      vertex 13.425 18.4236 101.568
      vertex 13.425 17.8768 101.823
    endloop
  endfacet
  facet normal -0 -0.42265 -0.906293
    outer loop
      vertex 13.425 18.4236 101.568
      vertex -13.425 17.8768 101.823
      vertex -13.425 18.4236 101.568
    endloop
  endfacet
  facet normal 0.706538 -0.298787 -0.641507
    outer loop
      vertex -13.425 18.4236 101.568
      vertex -13.5 17.8469 101.754
      vertex -13.5 18.3901 101.501
    endloop
  endfacet
  facet normal 0.707914 -0.298517 -0.640114
    outer loop
      vertex -13.425 17.8768 101.823
      vertex -13.5 17.8469 101.754
      vertex -13.425 18.4236 101.568
    endloop
  endfacet
  facet normal 0.707936 0.264512 0.654874
    outer loop
      vertex -13.425 17.817 101.685
      vertex -13.5 17.8469 101.754
      vertex -13.425 17.2649 101.908
    endloop
  endfacet
  facet normal 0.710293 0.264175 0.652453
    outer loop
      vertex -13.5 17.8469 101.754
      vertex -13.5 17.2912 101.979
      vertex -13.425 17.2649 101.908
    endloop
  endfacet
  facet normal -0 0.374516 0.927221
    outer loop
      vertex -13.425 17.817 101.685
      vertex 13.425 17.2649 101.908
      vertex 13.425 17.817 101.685
    endloop
  endfacet
  facet normal 0 0.374516 0.927221
    outer loop
      vertex 13.425 17.2649 101.908
      vertex -13.425 17.817 101.685
      vertex -13.425 17.2649 101.908
    endloop
  endfacet
  facet normal -0.707943 0.265062 0.654644
    outer loop
      vertex 13.5 17.8469 101.754
      vertex 13.425 17.817 101.685
      vertex 13.5 17.2912 101.979
    endloop
  endfacet
  facet normal -0.710302 0.263621 0.652668
    outer loop
      vertex 13.425 17.817 101.685
      vertex 13.425 17.2649 101.908
      vertex 13.5 17.2912 101.979
    endloop
  endfacet
  facet normal -0.707937 -0.264563 -0.654852
    outer loop
      vertex 13.5 17.8469 101.754
      vertex 13.425 17.3174 102.049
      vertex 13.425 17.8768 101.823
    endloop
  endfacet
  facet normal -0.705765 -0.265879 -0.656662
    outer loop
      vertex 13.5 17.2912 101.979
      vertex 13.425 17.3174 102.049
      vertex 13.5 17.8469 101.754
    endloop
  endfacet
  facet normal 0 -0.374589 -0.927191
    outer loop
      vertex -13.425 17.3174 102.049
      vertex 13.425 17.8768 101.823
      vertex 13.425 17.3174 102.049
    endloop
  endfacet
  facet normal -0 -0.374589 -0.927191
    outer loop
      vertex 13.425 17.8768 101.823
      vertex -13.425 17.3174 102.049
      vertex -13.425 17.8768 101.823
    endloop
  endfacet
  facet normal 0.707943 -0.265062 -0.654644
    outer loop
      vertex -13.425 17.8768 101.823
      vertex -13.5 17.2912 101.979
      vertex -13.5 17.8469 101.754
    endloop
  endfacet
  facet normal 0.705772 -0.265374 -0.656858
    outer loop
      vertex -13.425 17.3174 102.049
      vertex -13.5 17.2912 101.979
      vertex -13.425 17.8768 101.823
    endloop
  endfacet
  facet normal 0.710358 0.229263 0.665454
    outer loop
      vertex -13.425 17.2649 101.908
      vertex -13.5 17.2912 101.979
      vertex -13.425 16.7018 102.102
    endloop
  endfacet
  facet normal 0.709152 0.22937 0.666703
    outer loop
      vertex -13.5 17.2912 101.979
      vertex -13.5 16.7244 102.174
      vertex -13.425 16.7018 102.102
    endloop
  endfacet
  facet normal -0 0.325732 0.945462
    outer loop
      vertex -13.425 17.2649 101.908
      vertex 13.425 16.7018 102.102
      vertex 13.425 17.2649 101.908
    endloop
  endfacet
  facet normal 0 0.325732 0.945462
    outer loop
      vertex 13.425 16.7018 102.102
      vertex -13.425 17.2649 101.908
      vertex -13.425 16.7018 102.102
    endloop
  endfacet
  facet normal -0.710355 0.228976 0.665557
    outer loop
      vertex 13.5 17.2912 101.979
      vertex 13.425 17.2649 101.908
      vertex 13.5 16.7244 102.174
    endloop
  endfacet
  facet normal -0.709148 0.229661 0.666608
    outer loop
      vertex 13.425 17.2649 101.908
      vertex 13.425 16.7018 102.102
      vertex 13.5 16.7244 102.174
    endloop
  endfacet
  facet normal -0.705759 -0.230189 -0.670013
    outer loop
      vertex 13.5 17.2912 101.979
      vertex 13.425 16.7469 102.245
      vertex 13.425 17.3174 102.049
    endloop
  endfacet
  facet normal -0.704536 -0.230871 -0.671065
    outer loop
      vertex 13.5 16.7244 102.174
      vertex 13.425 16.7469 102.245
      vertex 13.5 17.2912 101.979
    endloop
  endfacet
  facet normal 0 -0.324918 -0.945742
    outer loop
      vertex -13.425 16.7469 102.245
      vertex 13.425 17.3174 102.049
      vertex 13.425 16.7469 102.245
    endloop
  endfacet
  facet normal -0 -0.324918 -0.945742
    outer loop
      vertex 13.425 17.3174 102.049
      vertex -13.425 16.7469 102.245
      vertex -13.425 17.3174 102.049
    endloop
  endfacet
  facet normal 0.705763 -0.230474 -0.669911
    outer loop
      vertex -13.425 17.3174 102.049
      vertex -13.5 16.7244 102.174
      vertex -13.5 17.2912 101.979
    endloop
  endfacet
  facet normal 0.70454 -0.230583 -0.67116
    outer loop
      vertex -13.425 16.7469 102.245
      vertex -13.5 16.7244 102.174
      vertex -13.425 17.3174 102.049
    endloop
  endfacet
  facet normal 0.709171 0.194158 0.677776
    outer loop
      vertex -13.425 16.7018 102.102
      vertex -13.5 16.7244 102.174
      vertex -13.425 16.1293 102.266
    endloop
  endfacet
  facet normal 0.704243 0.194321 0.682848
    outer loop
      vertex -13.5 16.7244 102.174
      vertex -13.5 16.1481 102.338
      vertex -13.425 16.1293 102.266
    endloop
  endfacet
  facet normal -0 0.275386 0.961334
    outer loop
      vertex -13.425 16.7018 102.102
      vertex 13.425 16.1293 102.266
      vertex 13.425 16.7018 102.102
    endloop
  endfacet
  facet normal 0 0.275386 0.961334
    outer loop
      vertex 13.425 16.1293 102.266
      vertex -13.425 16.7018 102.102
      vertex -13.425 16.1293 102.266
    endloop
  endfacet
  facet normal -0.709155 0.192978 0.678129
    outer loop
      vertex 13.5 16.7244 102.174
      vertex 13.425 16.7018 102.102
      vertex 13.5 16.1481 102.338
    endloop
  endfacet
  facet normal -0.704229 0.195517 0.682521
    outer loop
      vertex 13.425 16.7018 102.102
      vertex 13.425 16.1293 102.266
      vertex 13.5 16.1481 102.338
    endloop
  endfacet
  facet normal -0.704501 -0.19525 -0.682316
    outer loop
      vertex 13.5 16.7244 102.174
      vertex 13.425 16.1668 102.411
      vertex 13.425 16.7469 102.245
    endloop
  endfacet
  facet normal -0.70866 -0.193114 -0.678607
    outer loop
      vertex 13.5 16.1481 102.338
      vertex 13.425 16.1668 102.411
      vertex 13.5 16.7244 102.174
    endloop
  endfacet
  facet normal 0 -0.275115 -0.961411
    outer loop
      vertex -13.425 16.1668 102.411
      vertex 13.425 16.7469 102.245
      vertex 13.425 16.1668 102.411
    endloop
  endfacet
  facet normal -0 -0.275115 -0.961411
    outer loop
      vertex 13.425 16.7469 102.245
      vertex -13.425 16.1668 102.411
      vertex -13.425 16.7469 102.245
    endloop
  endfacet
  facet normal 0.704486 -0.194255 -0.682616
    outer loop
      vertex -13.425 16.7469 102.245
      vertex -13.5 16.1481 102.338
      vertex -13.5 16.7244 102.174
    endloop
  endfacet
  facet normal 0.708646 -0.194111 -0.678337
    outer loop
      vertex -13.425 16.1668 102.411
      vertex -13.5 16.1481 102.338
      vertex -13.425 16.7469 102.245
    endloop
  endfacet
  facet normal 0.704167 0.158621 0.69209
    outer loop
      vertex -13.425 16.1293 102.266
      vertex -13.5 16.1481 102.338
      vertex -13.425 15.549 102.399
    endloop
  endfacet
  facet normal 0.709241 0.158724 0.686866
    outer loop
      vertex -13.5 16.1481 102.338
      vertex -13.5 15.5639 102.473
      vertex -13.425 15.549 102.399
    endloop
  endfacet
  facet normal -0 0.223399 0.974727
    outer loop
      vertex -13.425 16.1293 102.266
      vertex 13.425 15.549 102.399
      vertex 13.425 16.1293 102.266
    endloop
  endfacet
  facet normal 0 0.223399 0.974727
    outer loop
      vertex 13.425 15.549 102.399
      vertex -13.425 16.1293 102.266
      vertex -13.425 15.549 102.399
    endloop
  endfacet
  facet normal -0.704186 0.159861 0.691785
    outer loop
      vertex 13.5 16.1481 102.338
      vertex 13.425 16.1293 102.266
      vertex 13.5 15.5639 102.473
    endloop
  endfacet
  facet normal -0.709258 0.157485 0.687133
    outer loop
      vertex 13.425 16.1293 102.266
      vertex 13.425 15.549 102.399
      vertex 13.5 15.5639 102.473
    endloop
  endfacet
  facet normal -0.708673 -0.157878 -0.687646
    outer loop
      vertex 13.5 16.1481 102.338
      vertex 13.425 15.5788 102.546
      vertex 13.425 16.1668 102.411
    endloop
  endfacet
  facet normal -0.704645 -0.159759 -0.691342
    outer loop
      vertex 13.5 15.5639 102.473
      vertex 13.425 15.5788 102.546
      vertex 13.5 16.1481 102.338
    endloop
  endfacet
  facet normal 0 -0.22377 -0.974642
    outer loop
      vertex -13.425 15.5788 102.546
      vertex 13.425 16.1668 102.411
      vertex 13.425 15.5788 102.546
    endloop
  endfacet
  facet normal -0 -0.22377 -0.974642
    outer loop
      vertex 13.425 16.1668 102.411
      vertex -13.425 15.5788 102.546
      vertex -13.425 16.1668 102.411
    endloop
  endfacet
  facet normal 0.708685 -0.15885 -0.68741
    outer loop
      vertex -13.425 16.1668 102.411
      vertex -13.5 15.5639 102.473
      vertex -13.5 16.1481 102.338
    endloop
  endfacet
  facet normal 0.704657 -0.158775 -0.691555
    outer loop
      vertex -13.425 15.5788 102.546
      vertex -13.5 15.5639 102.473
      vertex -13.425 16.1668 102.411
    endloop
  endfacet
  facet normal 0.709274 0.121933 0.694307
    outer loop
      vertex -13.425 15.549 102.399
      vertex -13.5 15.5639 102.473
      vertex -13.425 14.9625 102.502
    endloop
  endfacet
  facet normal 0.706112 0.121696 0.697564
    outer loop
      vertex -13.5 15.5639 102.473
      vertex -13.5 14.9735 102.576
      vertex -13.425 14.9625 102.502
    endloop
  endfacet
  facet normal -0 0.172971 0.984927
    outer loop
      vertex -13.425 15.549 102.399
      vertex 13.425 14.9625 102.502
      vertex 13.425 15.549 102.399
    endloop
  endfacet
  facet normal 0 0.172971 0.984927
    outer loop
      vertex 13.425 14.9625 102.502
      vertex -13.425 15.549 102.399
      vertex -13.425 14.9625 102.502
    endloop
  endfacet
  facet normal -0.709264 0.121153 0.694454
    outer loop
      vertex 13.5 15.5639 102.473
      vertex 13.425 15.549 102.399
      vertex 13.5 14.9735 102.576
    endloop
  endfacet
  facet normal -0.706102 0.122483 0.697437
    outer loop
      vertex 13.425 15.549 102.399
      vertex 13.425 14.9625 102.502
      vertex 13.5 14.9735 102.576
    endloop
  endfacet
  facet normal -0.704638 -0.123453 -0.698745
    outer loop
      vertex 13.5 15.5639 102.473
      vertex 13.425 14.9845 102.651
      vertex 13.425 15.5788 102.546
    endloop
  endfacet
  facet normal -0.71073 -0.120899 -0.692998
    outer loop
      vertex 13.5 14.9735 102.576
      vertex 13.425 14.9845 102.651
      vertex 13.5 15.5639 102.473
    endloop
  endfacet
  facet normal 0 -0.173984 -0.984749
    outer loop
      vertex -13.425 14.9845 102.651
      vertex 13.425 15.5788 102.546
      vertex 13.425 14.9845 102.651
    endloop
  endfacet
  facet normal -0 -0.173984 -0.984749
    outer loop
      vertex 13.425 15.5788 102.546
      vertex -13.425 14.9845 102.651
      vertex -13.425 15.5788 102.546
    endloop
  endfacet
  facet normal 0.704617 -0.121951 -0.69903
    outer loop
      vertex -13.425 15.5788 102.546
      vertex -13.5 14.9735 102.576
      vertex -13.5 15.5639 102.473
    endloop
  endfacet
  facet normal 0.710709 -0.122395 -0.692757
    outer loop
      vertex -13.425 14.9845 102.651
      vertex -13.5 14.9735 102.576
      vertex -13.425 15.5788 102.546
    endloop
  endfacet
  facet normal 0.706101 0.0856199 0.702916
    outer loop
      vertex -13.425 14.9625 102.502
      vertex -13.5 14.9735 102.576
      vertex -13.425 14.3714 102.574
    endloop
  endfacet
  facet normal 0.708547 0.0859329 0.700412
    outer loop
      vertex -13.5 14.9735 102.576
      vertex -13.5 14.3785 102.649
      vertex -13.425 14.3714 102.574
    endloop
  endfacet
  facet normal -0 0.120913 0.992663
    outer loop
      vertex -13.425 14.9625 102.502
      vertex 13.425 14.3714 102.574
      vertex 13.425 14.9625 102.502
    endloop
  endfacet
  facet normal 0 0.120913 0.992663
    outer loop
      vertex 13.425 14.3714 102.574
      vertex -13.425 14.9625 102.502
      vertex -13.425 14.3714 102.574
    endloop
  endfacet
  facet normal -0.706109 0.0862299 0.702833
    outer loop
      vertex 13.5 14.9735 102.576
      vertex 13.425 14.9625 102.502
      vertex 13.5 14.3785 102.649
    endloop
  endfacet
  facet normal -0.708555 0.085323 0.700478
    outer loop
      vertex 13.425 14.9625 102.502
      vertex 13.425 14.3714 102.574
      vertex 13.5 14.3785 102.649
    endloop
  endfacet
  facet normal -0.710755 -0.0851124 -0.698272
    outer loop
      vertex 13.5 14.9735 102.576
      vertex 13.425 14.3856 102.724
      vertex 13.425 14.9845 102.651
    endloop
  endfacet
  facet normal -0.708547 -0.0859329 -0.700412
    outer loop
      vertex 13.5 14.3785 102.649
      vertex 13.425 14.3856 102.724
      vertex 13.5 14.9735 102.576
    endloop
  endfacet
  facet normal 0 -0.120995 -0.992653
    outer loop
      vertex -13.425 14.3856 102.724
      vertex 13.425 14.9845 102.651
      vertex 13.425 14.3856 102.724
    endloop
  endfacet
  facet normal -0 -0.120995 -0.992653
    outer loop
      vertex 13.425 14.9845 102.651
      vertex -13.425 14.3856 102.724
      vertex -13.425 14.9845 102.651
    endloop
  endfacet
  facet normal 0.710762 -0.0856612 -0.698198
    outer loop
      vertex -13.425 14.9845 102.651
      vertex -13.5 14.3785 102.649
      vertex -13.5 14.9735 102.576
    endloop
  endfacet
  facet normal 0.708554 -0.0853806 -0.700472
    outer loop
      vertex -13.425 14.3856 102.724
      vertex -13.5 14.3785 102.649
      vertex -13.425 14.9845 102.651
    endloop
  endfacet
  facet normal 0.708568 0.0485822 0.703969
    outer loop
      vertex -13.425 14.3714 102.574
      vertex -13.5 14.3785 102.649
      vertex -13.425 13.7773 102.615
    endloop
  endfacet
  facet normal 0.70731 0.0483531 0.705247
    outer loop
      vertex -13.5 14.3785 102.649
      vertex -13.5 13.7805 102.69
      vertex -13.425 13.7773 102.615
    endloop
  endfacet
  facet normal -0 0.0688482 0.997627
    outer loop
      vertex -13.425 14.3714 102.574
      vertex 13.425 13.7773 102.615
      vertex 13.425 14.3714 102.574
    endloop
  endfacet
  facet normal 0 0.0688482 0.997627
    outer loop
      vertex 13.425 13.7773 102.615
      vertex -13.425 14.3714 102.574
      vertex -13.425 13.7773 102.615
    endloop
  endfacet
  facet normal -0.708564 0.0482672 0.703994
    outer loop
      vertex 13.5 14.3785 102.649
      vertex 13.425 14.3714 102.574
      vertex 13.5 13.7805 102.69
    endloop
  endfacet
  facet normal -0.707306 0.0486693 0.70523
    outer loop
      vertex 13.425 14.3714 102.574
      vertex 13.425 13.7773 102.615
      vertex 13.5 13.7805 102.69
    endloop
  endfacet
  facet normal -0.708559 -0.0479482 -0.70402
    outer loop
      vertex 13.5 14.3785 102.649
      vertex 13.425 13.7836 102.765
      vertex 13.425 14.3856 102.724
    endloop
  endfacet
  facet normal -0.707278 -0.0483553 -0.70528
    outer loop
      vertex 13.5 13.7805 102.69
      vertex 13.425 13.7836 102.765
      vertex 13.5 14.3785 102.649
    endloop
  endfacet
  facet normal 0 -0.0679489 -0.997689
    outer loop
      vertex -13.425 13.7836 102.765
      vertex 13.425 14.3856 102.724
      vertex 13.425 13.7836 102.765
    endloop
  endfacet
  facet normal -0 -0.0679489 -0.997689
    outer loop
      vertex 13.425 14.3856 102.724
      vertex -13.425 13.7836 102.765
      vertex -13.425 14.3856 102.724
    endloop
  endfacet
  facet normal 0.708564 -0.0482672 -0.703994
    outer loop
      vertex -13.425 14.3856 102.724
      vertex -13.5 13.7805 102.69
      vertex -13.5 14.3785 102.649
    endloop
  endfacet
  facet normal 0.707283 -0.0480352 -0.705297
    outer loop
      vertex -13.425 13.7836 102.765
      vertex -13.5 13.7805 102.69
      vertex -13.425 14.3856 102.724
    endloop
  endfacet
  facet normal 0.707294 0.0106845 0.706838
    outer loop
      vertex -13.425 13.7773 102.615
      vertex -13.5 13.7805 102.69
      vertex -13.425 13.1819 102.624
    endloop
  endfacet
  facet normal 0.70701 0.0106175 0.707124
    outer loop
      vertex -13.5 13.7805 102.69
      vertex -13.5 13.1811 102.699
      vertex -13.425 13.1819 102.624
    endloop
  endfacet
  facet normal -0 0.0151142 0.999886
    outer loop
      vertex -13.425 13.7773 102.615
      vertex 13.425 13.1819 102.624
      vertex 13.425 13.7773 102.615
    endloop
  endfacet
  facet normal 0 0.0151142 0.999886
    outer loop
      vertex 13.425 13.1819 102.624
      vertex -13.425 13.7773 102.615
      vertex -13.425 13.1819 102.624
    endloop
  endfacet
  facet normal -0.707293 0.0106132 0.706841
    outer loop
      vertex 13.5 13.7805 102.69
      vertex 13.425 13.7773 102.615
      vertex 13.5 13.1811 102.699
    endloop
  endfacet
  facet normal -0.707009 0.0106888 0.707123
    outer loop
      vertex 13.425 13.7773 102.615
      vertex 13.425 13.1819 102.624
      vertex 13.5 13.1811 102.699
    endloop
  endfacet
  facet normal -0.707285 -0.0105465 -0.706849
    outer loop
      vertex 13.5 13.7805 102.69
      vertex 13.425 13.1804 102.774
      vertex 13.425 13.7836 102.765
    endloop
  endfacet
  facet normal -0.707017 -0.0106174 -0.707116
    outer loop
      vertex 13.5 13.1811 102.699
      vertex 13.425 13.1804 102.774
      vertex 13.5 13.7805 102.69
    endloop
  endfacet
  facet normal 0 -0.0149188 -0.999889
    outer loop
      vertex -13.425 13.1804 102.774
      vertex 13.425 13.7836 102.765
      vertex 13.425 13.1804 102.774
    endloop
  endfacet
  facet normal -0 -0.0149188 -0.999889
    outer loop
      vertex 13.425 13.7836 102.765
      vertex -13.425 13.1804 102.774
      vertex -13.425 13.7836 102.765
    endloop
  endfacet
  facet normal 0.707286 -0.0106133 -0.706848
    outer loop
      vertex -13.425 13.7836 102.765
      vertex -13.5 13.1811 102.699
      vertex -13.5 13.7805 102.69
    endloop
  endfacet
  facet normal 0.707018 -0.0105505 -0.707117
    outer loop
      vertex -13.425 13.1804 102.774
      vertex -13.5 13.1811 102.699
      vertex -13.425 13.7836 102.765
    endloop
  endfacet
  facet normal 0.70702 -0.0249442 0.706754
    outer loop
      vertex -13.425 13.1819 102.624
      vertex -13.5 13.1811 102.699
      vertex -13.425 12.5869 102.603
    endloop
  endfacet
  facet normal 0.702952 -0.0261046 0.710758
    outer loop
      vertex -13.5 13.1811 102.699
      vertex -13.5 12.5821 102.677
      vertex -13.425 12.5869 102.603
    endloop
  endfacet
  facet normal 0 -0.0352722 0.999378
    outer loop
      vertex -13.425 13.1819 102.624
      vertex 13.425 12.5869 102.603
      vertex 13.425 13.1819 102.624
    endloop
  endfacet
  facet normal 0 -0.0352722 0.999378
    outer loop
      vertex 13.425 12.5869 102.603
      vertex -13.425 13.1819 102.624
      vertex -13.425 12.5869 102.603
    endloop
  endfacet
  facet normal -0.707007 -0.0259567 0.70673
    outer loop
      vertex 13.5 13.1811 102.699
      vertex 13.425 13.1819 102.624
      vertex 13.5 12.5821 102.677
    endloop
  endfacet
  facet normal -0.702937 -0.0250874 0.710809
    outer loop
      vertex 13.425 13.1819 102.624
      vertex 13.425 12.5869 102.603
      vertex 13.5 12.5821 102.677
    endloop
  endfacet
  facet normal -0.706992 0.0257853 -0.706751
    outer loop
      vertex 13.5 13.1811 102.699
      vertex 13.425 12.5774 102.752
      vertex 13.425 13.1804 102.774
    endloop
  endfacet
  facet normal -0.707681 0.0259319 -0.706056
    outer loop
      vertex 13.5 12.5821 102.677
      vertex 13.425 12.5774 102.752
      vertex 13.5 13.1811 102.699
    endloop
  endfacet
  facet normal 0 0.03646 -0.999335
    outer loop
      vertex -13.425 12.5774 102.752
      vertex 13.425 13.1804 102.774
      vertex 13.425 12.5774 102.752
    endloop
  endfacet
  facet normal 0 0.03646 -0.999335
    outer loop
      vertex 13.425 13.1804 102.774
      vertex -13.425 12.5774 102.752
      vertex -13.425 13.1804 102.774
    endloop
  endfacet
  facet normal 0.70699 0.0259573 -0.706747
    outer loop
      vertex -13.425 13.1804 102.774
      vertex -13.5 12.5821 102.677
      vertex -13.5 13.1811 102.699
    endloop
  endfacet
  facet normal 0.707679 0.0257602 -0.706065
    outer loop
      vertex -13.425 12.5774 102.752
      vertex -13.5 12.5821 102.677
      vertex -13.425 13.1804 102.774
    endloop
  endfacet
  facet normal 0.702972 -0.0644876 0.708288
    outer loop
      vertex -13.425 12.5869 102.603
      vertex -13.5 12.5821 102.677
      vertex -13.425 11.9938 102.549
    endloop
  endfacet
  facet normal 0.709338 -0.0623311 0.702107
    outer loop
      vertex -13.5 12.5821 102.677
      vertex -13.5 11.9851 102.624
      vertex -13.425 11.9938 102.549
    endloop
  endfacet
  facet normal 0 -0.090672 0.995881
    outer loop
      vertex -13.425 12.5869 102.603
      vertex 13.425 11.9938 102.549
      vertex 13.425 12.5869 102.603
    endloop
  endfacet
  facet normal 0 -0.090672 0.995881
    outer loop
      vertex 13.425 11.9938 102.549
      vertex -13.425 12.5869 102.603
      vertex -13.425 11.9938 102.549
    endloop
  endfacet
  facet normal -0.702992 -0.0628909 0.708412
    outer loop
      vertex 13.5 12.5821 102.677
      vertex 13.425 12.5869 102.603
      vertex 13.5 11.9851 102.624
    endloop
  endfacet
  facet normal -0.709358 -0.06391 0.701945
    outer loop
      vertex 13.425 12.5869 102.603
      vertex 13.425 11.9938 102.549
      vertex 13.5 11.9851 102.624
    endloop
  endfacet
  facet normal -0.70767 0.0632388 -0.703707
    outer loop
      vertex 13.5 12.5821 102.677
      vertex 13.425 11.9765 102.698
      vertex 13.425 12.5774 102.752
    endloop
  endfacet
  facet normal -0.704598 0.0627501 -0.706827
    outer loop
      vertex 13.5 11.9851 102.624
      vertex 13.425 11.9765 102.698
      vertex 13.5 12.5821 102.677
    endloop
  endfacet
  facet normal 0 0.0895045 -0.995986
    outer loop
      vertex -13.425 11.9765 102.698
      vertex 13.425 12.5774 102.752
      vertex 13.425 11.9765 102.698
    endloop
  endfacet
  facet normal 0 0.0895045 -0.995986
    outer loop
      vertex 13.425 12.5774 102.752
      vertex -13.425 11.9765 102.698
      vertex -13.425 12.5774 102.752
    endloop
  endfacet
  facet normal 0.70768 0.0624783 -0.703765
    outer loop
      vertex -13.425 12.5774 102.752
      vertex -13.5 11.9851 102.624
      vertex -13.5 12.5821 102.677
    endloop
  endfacet
  facet normal 0.704608 0.0635121 -0.706749
    outer loop
      vertex -13.425 11.9765 102.698
      vertex -13.5 11.9851 102.624
      vertex -13.425 12.5774 102.752
    endloop
  endfacet
  facet normal 0.709346 -0.0994337 0.697812
    outer loop
      vertex -13.425 11.9938 102.549
      vertex -13.5 11.9851 102.624
      vertex -13.425 11.4043 102.465
    endloop
  endfacet
  facet normal 0.70729 -0.100238 0.699781
    outer loop
      vertex -13.5 11.9851 102.624
      vertex -13.5 11.3917 102.539
      vertex -13.425 11.4043 102.465
    endloop
  endfacet
  facet normal 0 -0.141069 0.99
    outer loop
      vertex -13.425 11.9938 102.549
      vertex 13.425 11.4043 102.465
      vertex 13.425 11.9938 102.549
    endloop
  endfacet
  facet normal 0 -0.141069 0.99
    outer loop
      vertex 13.425 11.4043 102.465
      vertex -13.425 11.9938 102.549
      vertex -13.425 11.4043 102.465
    endloop
  endfacet
  facet normal -0.709339 -0.0999467 0.697745
    outer loop
      vertex 13.5 11.9851 102.624
      vertex 13.425 11.9938 102.549
      vertex 13.5 11.3917 102.539
    endloop
  endfacet
  facet normal -0.707283 -0.0997257 0.699861
    outer loop
      vertex 13.425 11.9938 102.549
      vertex 13.425 11.4043 102.465
      vertex 13.5 11.3917 102.539
    endloop
  endfacet
  facet normal -0.704612 0.0999729 -0.702515
    outer loop
      vertex 13.5 11.9851 102.624
      vertex 13.425 11.3792 102.613
      vertex 13.425 11.9765 102.698
    endloop
  endfacet
  facet normal -0.707223 0.100248 -0.699847
    outer loop
      vertex 13.5 11.3917 102.539
      vertex 13.425 11.3792 102.613
      vertex 13.5 11.9851 102.624
    endloop
  endfacet
  facet normal 0 0.140888 -0.990026
    outer loop
      vertex -13.425 11.3792 102.613
      vertex 13.425 11.9765 102.698
      vertex 13.425 11.3792 102.613
    endloop
  endfacet
  facet normal 0 0.140888 -0.990026
    outer loop
      vertex 13.425 11.9765 102.698
      vertex -13.425 11.3792 102.613
      vertex -13.425 11.9765 102.698
    endloop
  endfacet
  facet normal 0.704603 0.100618 -0.702432
    outer loop
      vertex -13.425 11.9765 102.698
      vertex -13.5 11.3917 102.539
      vertex -13.5 11.9851 102.624
    endloop
  endfacet
  facet normal 0.707215 0.0996073 -0.699947
    outer loop
      vertex -13.425 11.3792 102.613
      vertex -13.5 11.3917 102.539
      vertex -13.425 11.9765 102.698
    endloop
  endfacet
  facet normal 0.707297 -0.136514 0.69361
    outer loop
      vertex -13.425 11.4043 102.465
      vertex -13.5 11.3917 102.539
      vertex -13.425 10.82 102.35
    endloop
  endfacet
  facet normal 0.706133 -0.137025 0.694695
    outer loop
      vertex -13.5 11.3917 102.539
      vertex -13.5 10.8036 102.423
      vertex -13.425 10.82 102.35
    endloop
  endfacet
  facet normal 0 -0.193112 0.981177
    outer loop
      vertex -13.425 11.4043 102.465
      vertex 13.425 10.82 102.35
      vertex 13.425 11.4043 102.465
    endloop
  endfacet
  facet normal 0 -0.193112 0.981177
    outer loop
      vertex 13.425 10.82 102.35
      vertex -13.425 11.4043 102.465
      vertex -13.425 10.82 102.35
    endloop
  endfacet
  facet normal -0.707293 -0.136801 0.693558
    outer loop
      vertex 13.5 11.3917 102.539
      vertex 13.425 11.4043 102.465
      vertex 13.5 10.8036 102.423
    endloop
  endfacet
  facet normal -0.706129 -0.136739 0.694755
    outer loop
      vertex 13.425 11.4043 102.465
      vertex 13.425 10.82 102.35
      vertex 13.5 10.8036 102.423
    endloop
  endfacet
  facet normal -0.707198 0.13708 -0.693599
    outer loop
      vertex 13.5 11.3917 102.539
      vertex 13.425 10.7872 102.496
      vertex 13.425 11.3792 102.613
    endloop
  endfacet
  facet normal -0.706133 0.137025 -0.694695
    outer loop
      vertex 13.5 10.8036 102.423
      vertex 13.425 10.7872 102.496
      vertex 13.5 11.3917 102.539
    endloop
  endfacet
  facet normal 0 0.193885 -0.981024
    outer loop
      vertex -13.425 10.7872 102.496
      vertex 13.425 11.3792 102.613
      vertex 13.425 10.7872 102.496
    endloop
  endfacet
  facet normal 0 0.193885 -0.981024
    outer loop
      vertex 13.425 11.3792 102.613
      vertex -13.425 10.7872 102.496
      vertex -13.425 11.3792 102.613
    endloop
  endfacet
  facet normal 0.707202 0.136819 -0.693647
    outer loop
      vertex -13.425 11.3792 102.613
      vertex -13.5 10.8036 102.423
      vertex -13.5 11.3917 102.539
    endloop
  endfacet
  facet normal 0.706136 0.137285 -0.69464
    outer loop
      vertex -13.425 10.7872 102.496
      vertex -13.5 10.8036 102.423
      vertex -13.425 11.3792 102.613
    endloop
  endfacet
  facet normal 0.706128 -0.173581 0.686478
    outer loop
      vertex -13.425 10.82 102.35
      vertex -13.5 10.8036 102.423
      vertex -13.425 10.2426 102.204
    endloop
  endfacet
  facet normal 0.710485 -0.171449 0.682508
    outer loop
      vertex -13.5 10.8036 102.423
      vertex -13.5 10.2224 102.277
      vertex -13.425 10.2426 102.204
    endloop
  endfacet
  facet normal 0 -0.245142 0.969487
    outer loop
      vertex -13.425 10.82 102.35
      vertex 13.425 10.2426 102.204
      vertex 13.425 10.82 102.35
    endloop
  endfacet
  facet normal 0 -0.245142 0.969487
    outer loop
      vertex 13.425 10.2426 102.204
      vertex -13.425 10.82 102.35
      vertex -13.425 10.2426 102.204
    endloop
  endfacet
  facet normal -0.706143 -0.17251 0.686733
    outer loop
      vertex 13.5 10.8036 102.423
      vertex 13.425 10.82 102.35
      vertex 13.5 10.2224 102.277
    endloop
  endfacet
  facet normal -0.710497 -0.172507 0.682228
    outer loop
      vertex 13.425 10.82 102.35
      vertex 13.425 10.2426 102.204
      vertex 13.5 10.2224 102.277
    endloop
  endfacet
  facet normal -0.706142 0.172533 -0.686728
    outer loop
      vertex 13.5 10.8036 102.423
      vertex 13.425 10.2021 102.349
      vertex 13.425 10.7872 102.496
    endloop
  endfacet
  facet normal -0.706049 0.172533 -0.686823
    outer loop
      vertex 13.5 10.2224 102.277
      vertex 13.425 10.2021 102.349
      vertex 13.5 10.8036 102.423
    endloop
  endfacet
  facet normal 0 0.243667 -0.969859
    outer loop
      vertex -13.425 10.2021 102.349
      vertex 13.425 10.7872 102.496
      vertex 13.425 10.2021 102.349
    endloop
  endfacet
  facet normal 0 0.243667 -0.969859
    outer loop
      vertex 13.425 10.7872 102.496
      vertex -13.425 10.2021 102.349
      vertex -13.425 10.7872 102.496
    endloop
  endfacet
  facet normal 0.706143 0.17251 -0.686733
    outer loop
      vertex -13.425 10.7872 102.496
      vertex -13.5 10.2224 102.277
      vertex -13.5 10.8036 102.423
    endloop
  endfacet
  facet normal 0.70605 0.172555 -0.686818
    outer loop
      vertex -13.425 10.2021 102.349
      vertex -13.5 10.2224 102.277
      vertex -13.425 10.7872 102.496
    endloop
  endfacet
  facet normal 0.710442 -0.206908 0.672652
    outer loop
      vertex -13.425 10.2426 102.204
      vertex -13.5 10.2224 102.277
      vertex -13.425 9.67368 102.029
    endloop
  endfacet
  facet normal 0.706747 -0.208892 0.675923
    outer loop
      vertex -13.5 10.2224 102.277
      vertex -13.5 9.64967 102.1
      vertex -13.425 9.67368 102.029
    endloop
  endfacet
  facet normal 0 -0.294006 0.955804
    outer loop
      vertex -13.425 10.2426 102.204
      vertex 13.425 9.67368 102.029
      vertex 13.425 10.2426 102.204
    endloop
  endfacet
  facet normal 0 -0.294006 0.955804
    outer loop
      vertex 13.425 9.67368 102.029
      vertex -13.425 10.2426 102.204
      vertex -13.425 9.67368 102.029
    endloop
  endfacet
  facet normal -0.710429 -0.2078 0.672392
    outer loop
      vertex 13.5 10.2224 102.277
      vertex 13.425 10.2426 102.204
      vertex 13.5 9.64967 102.1
    endloop
  endfacet
  facet normal -0.706735 -0.208003 0.676211
    outer loop
      vertex 13.425 10.2426 102.204
      vertex 13.425 9.67368 102.029
      vertex 13.5 9.64967 102.1
    endloop
  endfacet
  facet normal -0.706087 0.208926 -0.676602
    outer loop
      vertex 13.5 10.2224 102.277
      vertex 13.425 9.62565 102.171
      vertex 13.425 10.2021 102.349
    endloop
  endfacet
  facet normal -0.706761 0.208887 -0.67591
    outer loop
      vertex 13.5 9.64967 102.1
      vertex 13.425 9.62565 102.171
      vertex 13.5 10.2224 102.277
    endloop
  endfacet
  facet normal 0 0.295041 -0.955485
    outer loop
      vertex -13.425 9.62565 102.171
      vertex 13.425 10.2021 102.349
      vertex 13.425 9.62565 102.171
    endloop
  endfacet
  facet normal 0 0.295041 -0.955485
    outer loop
      vertex 13.425 10.2021 102.349
      vertex -13.425 9.62565 102.171
      vertex -13.425 10.2021 102.349
    endloop
  endfacet
  facet normal 0.706085 0.209087 -0.676555
    outer loop
      vertex -13.425 10.2021 102.349
      vertex -13.5 9.64967 102.1
      vertex -13.5 10.2224 102.277
    endloop
  endfacet
  facet normal 0.706759 0.208728 -0.675962
    outer loop
      vertex -13.425 9.62565 102.171
      vertex -13.5 9.64967 102.1
      vertex -13.425 10.2021 102.349
    endloop
  endfacet
  facet normal 0.706741 -0.244667 0.663819
    outer loop
      vertex -13.425 9.67368 102.029
      vertex -13.5 9.64967 102.1
      vertex -13.425 9.11477 101.823
    endloop
  endfacet
  facet normal 0.708358 -0.243726 0.66244
    outer loop
      vertex -13.5 9.64967 102.1
      vertex -13.5 9.08705 101.893
      vertex -13.425 9.11477 101.823
    endloop
  endfacet
  facet normal 0 -0.345832 0.938296
    outer loop
      vertex -13.425 9.67368 102.029
      vertex 13.425 9.11477 101.823
      vertex 13.425 9.67368 102.029
    endloop
  endfacet
  facet normal 0 -0.345832 0.938296
    outer loop
      vertex 13.425 9.11477 101.823
      vertex -13.425 9.67368 102.029
      vertex -13.425 9.11477 101.823
    endloop
  endfacet
  facet normal -0.706746 -0.244283 0.663954
    outer loop
      vertex 13.5 9.64967 102.1
      vertex 13.425 9.67368 102.029
      vertex 13.5 9.08705 101.893
    endloop
  endfacet
  facet normal -0.708363 -0.244105 0.662295
    outer loop
      vertex 13.425 9.67368 102.029
      vertex 13.425 9.11477 101.823
      vertex 13.5 9.08705 101.893
    endloop
  endfacet
  facet normal -0.706768 0.243906 -0.66407
    outer loop
      vertex 13.5 9.64967 102.1
      vertex 13.425 9.05934 101.963
      vertex 13.425 9.62565 102.171
    endloop
  endfacet
  facet normal -0.708342 0.243731 -0.662455
    outer loop
      vertex 13.5 9.08705 101.893
      vertex 13.425 9.05934 101.963
      vertex 13.5 9.64967 102.1
    endloop
  endfacet
  facet normal 0 0.34477 -0.938687
    outer loop
      vertex -13.425 9.05934 101.963
      vertex 13.425 9.62565 102.171
      vertex 13.425 9.05934 101.963
    endloop
  endfacet
  facet normal 0 0.34477 -0.938687
    outer loop
      vertex 13.425 9.62565 102.171
      vertex -13.425 9.05934 101.963
      vertex -13.425 9.62565 102.171
    endloop
  endfacet
  facet normal 0.706763 0.244277 -0.663939
    outer loop
      vertex -13.425 9.62565 102.171
      vertex -13.5 9.08705 101.893
      vertex -13.5 9.64967 102.1
    endloop
  endfacet
  facet normal 0.708337 0.243365 -0.662595
    outer loop
      vertex -13.425 9.05934 101.963
      vertex -13.5 9.08705 101.893
      vertex -13.425 9.62565 102.171
    endloop
  endfacet
  facet normal 0.708336 -0.277483 0.649048
    outer loop
      vertex -13.425 9.11477 101.823
      vertex -13.5 9.08705 101.893
      vertex -13.425 8.56743 101.589
    endloop
  endfacet
  facet normal 0.706384 -0.278702 0.650651
    outer loop
      vertex -13.5 9.08705 101.893
      vertex -13.5 8.53609 101.657
      vertex -13.425 8.56743 101.589
    endloop
  endfacet
  facet normal 0 -0.393104 0.919494
    outer loop
      vertex -13.425 9.11477 101.823
      vertex 13.425 8.56743 101.589
      vertex 13.425 9.11477 101.823
    endloop
  endfacet
  facet normal 0 -0.393104 0.919494
    outer loop
      vertex 13.425 8.56743 101.589
      vertex -13.425 9.11477 101.823
      vertex -13.425 8.56743 101.589
    endloop
  endfacet
  facet normal -0.708329 -0.277936 0.648862
    outer loop
      vertex 13.5 9.08705 101.893
      vertex 13.425 9.11477 101.823
      vertex 13.5 8.53609 101.657
    endloop
  endfacet
  facet normal -0.706377 -0.278253 0.650851
    outer loop
      vertex 13.425 9.11477 101.823
      vertex 13.425 8.56743 101.589
      vertex 13.5 8.53609 101.657
    endloop
  endfacet
  facet normal -0.708304 0.278385 -0.648696
    outer loop
      vertex 13.5 9.08705 101.893
      vertex 13.425 8.50475 101.725
      vertex 13.425 9.05934 101.963
    endloop
  endfacet
  facet normal -0.706384 0.278702 -0.650651
    outer loop
      vertex 13.5 8.53609 101.657
      vertex 13.425 8.50475 101.725
      vertex 13.5 9.08705 101.893
    endloop
  endfacet
  facet normal 0 0.394365 -0.918954
    outer loop
      vertex -13.425 8.50475 101.725
      vertex 13.425 9.05934 101.963
      vertex 13.425 8.50475 101.725
    endloop
  endfacet
  facet normal 0 0.394365 -0.918954
    outer loop
      vertex 13.425 9.05934 101.963
      vertex -13.425 8.50475 101.725
      vertex -13.425 9.05934 101.963
    endloop
  endfacet
  facet normal 0.708311 0.277943 -0.648879
    outer loop
      vertex -13.425 9.05934 101.963
      vertex -13.5 8.53609 101.657
      vertex -13.5 9.08705 101.893
    endloop
  endfacet
  facet normal 0.70639 0.279141 -0.650456
    outer loop
      vertex -13.425 8.50475 101.725
      vertex -13.5 8.53609 101.657
      vertex -13.425 9.05934 101.963
    endloop
  endfacet
  facet normal 0.706399 -0.312611 0.63504
    outer loop
      vertex -13.425 8.56743 101.589
      vertex -13.5 8.53609 101.657
      vertex -13.425 8.03317 101.326
    endloop
  endfacet
  facet normal 0.705308 -0.313336 0.635894
    outer loop
      vertex -13.5 8.53609 101.657
      vertex -13.5 7.99829 101.392
      vertex -13.425 8.03317 101.326
    endloop
  endfacet
  facet normal 0 -0.441657 0.897184
    outer loop
      vertex -13.425 8.56743 101.589
      vertex 13.425 8.03317 101.326
      vertex 13.425 8.56743 101.589
    endloop
  endfacet
  facet normal 0 -0.441657 0.897184
    outer loop
      vertex 13.425 8.03317 101.326
      vertex -13.425 8.56743 101.589
      vertex -13.425 8.03317 101.326
    endloop
  endfacet
  facet normal -0.706395 -0.312857 0.634922
    outer loop
      vertex 13.5 8.53609 101.657
      vertex 13.425 8.56743 101.589
      vertex 13.5 7.99829 101.392
    endloop
  endfacet
  facet normal -0.705305 -0.313092 0.636018
    outer loop
      vertex 13.425 8.56743 101.589
      vertex 13.425 8.03317 101.326
      vertex 13.5 7.99829 101.392
    endloop
  endfacet
  facet normal -0.706405 0.312149 -0.635259
    outer loop
      vertex 13.5 8.53609 101.657
      vertex 13.425 7.96341 101.459
      vertex 13.425 8.50475 101.725
    endloop
  endfacet
  facet normal -0.709531 0.311467 -0.632102
    outer loop
      vertex 13.5 7.99829 101.392
      vertex 13.425 7.96341 101.459
      vertex 13.5 8.53609 101.657
    endloop
  endfacet
  facet normal 0 0.441009 -0.897503
    outer loop
      vertex -13.425 7.96341 101.459
      vertex 13.425 8.50475 101.725
      vertex 13.425 7.96341 101.459
    endloop
  endfacet
  facet normal 0 0.441009 -0.897503
    outer loop
      vertex 13.425 8.50475 101.725
      vertex -13.425 7.96341 101.459
      vertex -13.425 8.50475 101.725
    endloop
  endfacet
  facet normal 0.706395 0.312857 -0.634922
    outer loop
      vertex -13.425 8.50475 101.725
      vertex -13.5 7.99829 101.392
      vertex -13.5 8.53609 101.657
    endloop
  endfacet
  facet normal 0.709522 0.310771 -0.632455
    outer loop
      vertex -13.425 7.96341 101.459
      vertex -13.5 7.99829 101.392
      vertex -13.425 8.50475 101.725
    endloop
  endfacet
  facet normal 0.705346 -0.346324 0.618503
    outer loop
      vertex -13.425 8.03317 101.326
      vertex -13.5 7.99829 101.392
      vertex -13.425 7.51347 101.035
    endloop
  endfacet
  facet normal 0.709143 -0.343638 0.615654
    outer loop
      vertex -13.5 7.99829 101.392
      vertex -13.5 7.47515 101.1
      vertex -13.425 7.51347 101.035
    endloop
  endfacet
  facet normal 0 -0.488562 0.872529
    outer loop
      vertex -13.425 8.03317 101.326
      vertex 13.425 7.51347 101.035
      vertex 13.425 8.03317 101.326
    endloop
  endfacet
  facet normal 0 -0.488562 0.872529
    outer loop
      vertex 13.425 7.51347 101.035
      vertex -13.425 8.03317 101.326
      vertex -13.425 7.51347 101.035
    endloop
  endfacet
  facet normal -0.705358 -0.345484 0.61896
    outer loop
      vertex 13.5 7.99829 101.392
      vertex 13.425 8.03317 101.326
      vertex 13.5 7.47515 101.1
    endloop
  endfacet
  facet normal -0.709154 -0.344463 0.61518
    outer loop
      vertex 13.425 8.03317 101.326
      vertex 13.425 7.51347 101.035
      vertex 13.5 7.47515 101.1
    endloop
  endfacet
  facet normal -0.709452 0.344447 -0.614844
    outer loop
      vertex 13.5 7.99829 101.392
      vertex 13.425 7.43683 101.164
      vertex 13.425 7.96341 101.459
    endloop
  endfacet
  facet normal -0.705026 0.345644 -0.619248
    outer loop
      vertex 13.5 7.47515 101.1
      vertex 13.425 7.43683 101.164
      vertex 13.5 7.99829 101.392
    endloop
  endfacet
  facet normal 0 0.488749 -0.872425
    outer loop
      vertex -13.425 7.43683 101.164
      vertex 13.425 7.96341 101.459
      vertex 13.425 7.43683 101.164
    endloop
  endfacet
  facet normal 0 0.488749 -0.872425
    outer loop
      vertex 13.425 7.96341 101.459
      vertex -13.425 7.43683 101.164
      vertex -13.425 7.96341 101.459
    endloop
  endfacet
  facet normal 0.709469 0.343478 -0.615367
    outer loop
      vertex -13.425 7.96341 101.459
      vertex -13.5 7.47515 101.1
      vertex -13.5 7.99829 101.392
    endloop
  endfacet
  facet normal 0.705043 0.346603 -0.618693
    outer loop
      vertex -13.425 7.43683 101.164
      vertex -13.5 7.47515 101.1
      vertex -13.425 7.96341 101.459
    endloop
  endfacet
  facet normal 0.709077 -0.376428 0.596248
    outer loop
      vertex -13.425 7.51347 101.035
      vertex -13.5 7.47515 101.1
      vertex -13.425 7.00977 100.717
    endloop
  endfacet
  facet normal 0.709481 -0.376125 0.595959
    outer loop
      vertex -13.5 7.47515 101.1
      vertex -13.5 6.96812 100.78
      vertex -13.425 7.00977 100.717
    endloop
  endfacet
  facet normal 0 -0.533841 0.845585
    outer loop
      vertex -13.425 7.51347 101.035
      vertex 13.425 7.00977 100.717
      vertex 13.425 7.51347 101.035
    endloop
  endfacet
  facet normal 0 -0.533841 0.845585
    outer loop
      vertex 13.425 7.00977 100.717
      vertex -13.425 7.51347 101.035
      vertex -13.425 7.00977 100.717
    endloop
  endfacet
  facet normal -0.709079 -0.376341 0.596301
    outer loop
      vertex 13.5 7.47515 101.1
      vertex 13.425 7.51347 101.035
      vertex 13.5 6.96812 100.78
    endloop
  endfacet
  facet normal -0.709482 -0.376211 0.595904
    outer loop
      vertex 13.425 7.51347 101.035
      vertex 13.425 7.00977 100.717
      vertex 13.5 6.96812 100.78
    endloop
  endfacet
  facet normal -0.705094 0.378377 -0.599728
    outer loop
      vertex 13.5 7.47515 101.1
      vertex 13.425 6.92646 100.842
      vertex 13.425 7.43683 101.164
    endloop
  endfacet
  facet normal -0.705526 0.378238 -0.599307
    outer loop
      vertex 13.5 6.96812 100.78
      vertex 13.425 6.92646 100.842
      vertex 13.5 7.47515 101.1
    endloop
  endfacet
  facet normal 0 0.533591 -0.845742
    outer loop
      vertex -13.425 6.92646 100.842
      vertex 13.425 7.43683 101.164
      vertex 13.425 6.92646 100.842
    endloop
  endfacet
  facet normal 0 0.533591 -0.845742
    outer loop
      vertex 13.425 7.43683 101.164
      vertex -13.425 6.92646 100.842
      vertex -13.425 7.43683 101.164
    endloop
  endfacet
  facet normal 0.705092 0.378469 -0.599672
    outer loop
      vertex -13.425 7.43683 101.164
      vertex -13.5 6.96812 100.78
      vertex -13.5 7.47515 101.1
    endloop
  endfacet
  facet normal 0.705524 0.378149 -0.599365
    outer loop
      vertex -13.425 6.92646 100.842
      vertex -13.5 6.96812 100.78
      vertex -13.425 7.43683 101.164
    endloop
  endfacet
  facet normal 0.709399 -0.406231 0.575959
    outer loop
      vertex -13.425 7.00977 100.717
      vertex -13.5 6.96812 100.78
      vertex -13.425 6.52346 100.374
    endloop
  endfacet
  facet normal 0.706612 -0.408416 0.577838
    outer loop
      vertex -13.5 6.96812 100.78
      vertex -13.5 6.47859 100.434
      vertex -13.425 6.52346 100.374
    endloop
  endfacet
  facet normal 0 -0.576372 0.817188
    outer loop
      vertex -13.425 7.00977 100.717
      vertex 13.425 6.52346 100.374
      vertex 13.425 7.00977 100.717
    endloop
  endfacet
  facet normal 0 -0.576372 0.817188
    outer loop
      vertex 13.425 6.52346 100.374
      vertex -13.425 7.00977 100.717
      vertex -13.425 6.52346 100.374
    endloop
  endfacet
  facet normal -0.709389 -0.406809 0.575564
    outer loop
      vertex 13.5 6.96812 100.78
      vertex 13.425 7.00977 100.717
      vertex 13.5 6.47859 100.434
    endloop
  endfacet
  facet normal -0.706602 -0.407847 0.578251
    outer loop
      vertex 13.425 7.00977 100.717
      vertex 13.425 6.52346 100.374
      vertex 13.5 6.47859 100.434
    endloop
  endfacet
  facet normal -0.705575 0.408796 -0.578834
    outer loop
      vertex 13.5 6.96812 100.78
      vertex 13.425 6.43371 100.494
      vertex 13.425 6.92646 100.842
    endloop
  endfacet
  facet normal -0.706639 0.4084 -0.577815
    outer loop
      vertex 13.5 6.47859 100.434
      vertex 13.425 6.43371 100.494
      vertex 13.5 6.96812 100.78
    endloop
  endfacet
  facet normal 0 0.576878 -0.81683
    outer loop
      vertex -13.425 6.43371 100.494
      vertex 13.425 6.92646 100.842
      vertex 13.425 6.43371 100.494
    endloop
  endfacet
  facet normal 0 0.576878 -0.81683
    outer loop
      vertex 13.425 6.92646 100.842
      vertex -13.425 6.43371 100.494
      vertex -13.425 6.92646 100.842
    endloop
  endfacet
  facet normal 0.705572 0.409014 -0.578684
    outer loop
      vertex -13.425 6.92646 100.842
      vertex -13.5 6.47859 100.434
      vertex -13.5 6.96812 100.78
    endloop
  endfacet
  facet normal 0.706635 0.408186 -0.577971
    outer loop
      vertex -13.425 6.43371 100.494
      vertex -13.5 6.47859 100.434
      vertex -13.425 6.92646 100.842
    endloop
  endfacet
  facet normal 0.70662 -0.438358 0.555456
    outer loop
      vertex -13.425 6.52346 100.374
      vertex -13.5 6.47859 100.434
      vertex -13.425 6.05589 100.005
    endloop
  endfacet
  facet normal 0.708265 -0.437014 0.554419
    outer loop
      vertex -13.5 6.47859 100.434
      vertex -13.5 6.00792 100.063
      vertex -13.425 6.05589 100.005
    endloop
  endfacet
  facet normal 0 -0.619505 0.784992
    outer loop
      vertex -13.425 6.52346 100.374
      vertex 13.425 6.05589 100.005
      vertex 13.425 6.52346 100.374
    endloop
  endfacet
  facet normal 0 -0.619505 0.784992
    outer loop
      vertex 13.425 6.05589 100.005
      vertex -13.425 6.52346 100.374
      vertex -13.425 6.05589 100.005
    endloop
  endfacet
  facet normal -0.706625 -0.43803 0.555708
    outer loop
      vertex 13.5 6.47859 100.434
      vertex 13.425 6.52346 100.374
      vertex 13.5 6.00792 100.063
    endloop
  endfacet
  facet normal -0.708269 -0.437335 0.554159
    outer loop
      vertex 13.425 6.52346 100.374
      vertex 13.425 6.05589 100.005
      vertex 13.5 6.00792 100.063
    endloop
  endfacet
  facet normal -0.706648 0.438418 -0.555373
    outer loop
      vertex 13.5 6.47859 100.434
      vertex 13.425 5.95994 100.12
      vertex 13.425 6.43371 100.494
    endloop
  endfacet
  facet normal -0.704581 0.43929 -0.557306
    outer loop
      vertex 13.5 6.00792 100.063
      vertex 13.425 5.95994 100.12
      vertex 13.5 6.47859 100.434
    endloop
  endfacet
  facet normal 0 0.619615 -0.784906
    outer loop
      vertex -13.425 5.95994 100.12
      vertex 13.425 6.43371 100.494
      vertex 13.425 5.95994 100.12
    endloop
  endfacet
  facet normal 0 0.619615 -0.784906
    outer loop
      vertex 13.425 6.43371 100.494
      vertex -13.425 5.95994 100.12
      vertex -13.425 6.43371 100.494
    endloop
  endfacet
  facet normal 0.706654 0.438012 -0.555685
    outer loop
      vertex -13.425 6.43371 100.494
      vertex -13.5 6.00792 100.063
      vertex -13.5 6.47859 100.434
    endloop
  endfacet
  facet normal 0.704589 0.439688 -0.556982
    outer loop
      vertex -13.425 5.95994 100.12
      vertex -13.5 6.00792 100.063
      vertex -13.425 6.43371 100.494
    endloop
  endfacet
  facet normal 0.708212 -0.465638 0.530676
    outer loop
      vertex -13.425 6.05589 100.005
      vertex -13.5 6.00792 100.063
      vertex -13.425 5.60834 99.6123
    endloop
  endfacet
  facet normal 0.706792 -0.466844 0.531509
    outer loop
      vertex -13.5 6.00792 100.063
      vertex -13.5 5.55741 99.6673
      vertex -13.425 5.60834 99.6123
    endloop
  endfacet
  facet normal 0 -0.659544 0.751666
    outer loop
      vertex -13.425 6.05589 100.005
      vertex 13.425 5.60834 99.6123
      vertex 13.425 6.05589 100.005
    endloop
  endfacet
  facet normal 0 -0.659544 0.751666
    outer loop
      vertex 13.425 5.60834 99.6123
      vertex -13.425 6.05589 100.005
      vertex -13.425 5.60834 99.6123
    endloop
  endfacet
  facet normal -0.708207 -0.46591 0.530445
    outer loop
      vertex 13.5 6.00792 100.063
      vertex 13.425 6.05589 100.005
      vertex 13.5 5.55741 99.6673
    endloop
  endfacet
  facet normal -0.706787 -0.466579 0.531748
    outer loop
      vertex 13.425 6.05589 100.005
      vertex 13.425 5.60834 99.6123
      vertex 13.5 5.55741 99.6673
    endloop
  endfacet
  facet normal -0.704692 0.46776 -0.533488
    outer loop
      vertex 13.5 6.00792 100.063
      vertex 13.425 5.50647 99.7224
      vertex 13.425 5.95994 100.12
    endloop
  endfacet
  facet normal -0.707177 0.46659 -0.531219
    outer loop
      vertex 13.5 5.55741 99.6673
      vertex 13.425 5.50647 99.7224
      vertex 13.5 6.00792 100.063
    endloop
  endfacet
  facet normal 0 0.659268 -0.751908
    outer loop
      vertex -13.425 5.50647 99.7224
      vertex 13.425 5.95994 100.12
      vertex 13.425 5.50647 99.7224
    endloop
  endfacet
  facet normal 0 0.659268 -0.751908
    outer loop
      vertex 13.425 5.95994 100.12
      vertex -13.425 5.50647 99.7224
      vertex -13.425 5.95994 100.12
    endloop
  endfacet
  facet normal 0.704686 0.468229 -0.533085
    outer loop
      vertex -13.425 5.95994 100.12
      vertex -13.5 5.55741 99.6673
      vertex -13.5 6.00792 100.063
    endloop
  endfacet
  facet normal 0.707169 0.466132 -0.531632
    outer loop
      vertex -13.425 5.50647 99.7224
      vertex -13.5 5.55741 99.6673
      vertex -13.425 5.95994 100.12
    endloop
  endfacet
  facet normal 0.706795 -0.493957 0.506407
    outer loop
      vertex -13.425 5.60834 99.6123
      vertex -13.5 5.55741 99.6673
      vertex -13.425 5.18206 99.1965
    endloop
  endfacet
  facet normal 0.706998 -0.493778 0.506297
    outer loop
      vertex -13.5 5.55741 99.6673
      vertex -13.5 5.1283 99.2488
      vertex -13.425 5.18206 99.1965
    endloop
  endfacet
  facet normal 0 -0.698253 0.715852
    outer loop
      vertex -13.425 5.60834 99.6123
      vertex 13.425 5.18206 99.1965
      vertex 13.425 5.60834 99.6123
    endloop
  endfacet
  facet normal 0 -0.698253 0.715852
    outer loop
      vertex 13.425 5.18206 99.1965
      vertex -13.425 5.60834 99.6123
      vertex -13.425 5.18206 99.1965
    endloop
  endfacet
  facet normal -0.706795 -0.49392 0.506442
    outer loop
      vertex 13.5 5.55741 99.6673
      vertex 13.425 5.60834 99.6123
      vertex 13.5 5.1283 99.2488
    endloop
  endfacet
  facet normal -0.706999 -0.493814 0.506261
    outer loop
      vertex 13.425 5.60834 99.6123
      vertex 13.425 5.18206 99.1965
      vertex 13.5 5.1283 99.2488
    endloop
  endfacet
  facet normal -0.707165 0.493697 -0.506142
    outer loop
      vertex 13.5 5.55741 99.6673
      vertex 13.425 5.07455 99.3011
      vertex 13.425 5.50647 99.7224
    endloop
  endfacet
  facet normal -0.706965 0.493801 -0.50632
    outer loop
      vertex 13.5 5.1283 99.2488
      vertex 13.425 5.07455 99.3011
      vertex 13.5 5.55741 99.6673
    endloop
  endfacet
  facet normal 0 0.698251 -0.715853
    outer loop
      vertex -13.425 5.07455 99.3011
      vertex 13.425 5.50647 99.7224
      vertex 13.425 5.07455 99.3011
    endloop
  endfacet
  facet normal 0 0.698251 -0.715853
    outer loop
      vertex 13.425 5.50647 99.7224
      vertex -13.425 5.07455 99.3011
      vertex -13.425 5.50647 99.7224
    endloop
  endfacet
  facet normal 0.707166 0.493661 -0.506177
    outer loop
      vertex -13.425 5.50647 99.7224
      vertex -13.5 5.1283 99.2488
      vertex -13.5 5.55741 99.6673
    endloop
  endfacet
  facet normal 0.706966 0.493837 -0.506285
    outer loop
      vertex -13.425 5.07455 99.3011
      vertex -13.5 5.1283 99.2488
      vertex -13.425 5.50647 99.7224
    endloop
  endfacet
  facet normal 0.706997 -0.519729 0.479621
    outer loop
      vertex -13.425 5.18206 99.1965
      vertex -13.5 5.1283 99.2488
      vertex -13.425 4.77823 98.7589
    endloop
  endfacet
  facet normal 0.707011 -0.519717 0.479615
    outer loop
      vertex -13.5 5.1283 99.2488
      vertex -13.5 4.72179 98.8083
      vertex -13.425 4.77823 98.7589
    endloop
  endfacet
  facet normal 0 -0.734894 0.678182
    outer loop
      vertex -13.425 4.77823 98.7589
      vertex 13.425 5.18206 99.1965
      vertex -13.425 5.18206 99.1965
    endloop
  endfacet
  facet normal 0 -0.734894 0.678182
    outer loop
      vertex 13.425 5.18206 99.1965
      vertex -13.425 4.77823 98.7589
      vertex 13.425 4.77823 98.7589
    endloop
  endfacet
  facet normal -0.706998 -0.519727 0.479623
    outer loop
      vertex 13.5 5.1283 99.2488
      vertex 13.425 5.18206 99.1965
      vertex 13.5 4.72179 98.8083
    endloop
  endfacet
  facet normal -0.707011 -0.519719 0.479612
    outer loop
      vertex 13.425 5.18206 99.1965
      vertex 13.425 4.77823 98.7589
      vertex 13.5 4.72179 98.8083
    endloop
  endfacet
  facet normal -0.706963 0.51975 -0.479649
    outer loop
      vertex 13.5 5.1283 99.2488
      vertex 13.425 4.66536 98.8577
      vertex 13.425 5.07455 99.3011
    endloop
  endfacet
  facet normal -0.706976 0.519743 -0.479638
    outer loop
      vertex 13.5 4.72179 98.8083
      vertex 13.425 4.66536 98.8577
      vertex 13.5 5.1283 99.2488
    endloop
  endfacet
  facet normal 0 0.734888 -0.678189
    outer loop
      vertex 13.425 4.66536 98.8577
      vertex -13.425 5.07455 99.3011
      vertex 13.425 5.07455 99.3011
    endloop
  endfacet
  facet normal 0 0.734888 -0.678189
    outer loop
      vertex -13.425 5.07455 99.3011
      vertex 13.425 4.66536 98.8577
      vertex -13.425 4.66536 98.8577
    endloop
  endfacet
  facet normal 0.706963 0.519752 -0.479647
    outer loop
      vertex -13.425 5.07455 99.3011
      vertex -13.5 4.72179 98.8083
      vertex -13.5 5.1283 99.2488
    endloop
  endfacet
  facet normal 0.706976 0.51974 -0.47964
    outer loop
      vertex -13.425 4.66536 98.8577
      vertex -13.5 4.72179 98.8083
      vertex -13.425 5.07455 99.3011
    endloop
  endfacet
  facet normal 0.707011 -0.544194 0.45165
    outer loop
      vertex -13.425 4.77823 98.7589
      vertex -13.5 4.72179 98.8083
      vertex -13.425 4.39795 98.3007
    endloop
  endfacet
  facet normal 0.706784 -0.544405 0.451751
    outer loop
      vertex -13.5 4.72179 98.8083
      vertex -13.5 4.339 98.347
      vertex -13.425 4.39795 98.3007
    endloop
  endfacet
  facet normal 0 -0.769503 0.638644
    outer loop
      vertex -13.425 4.39795 98.3007
      vertex 13.425 4.77823 98.7589
      vertex -13.425 4.77823 98.7589
    endloop
  endfacet
  facet normal 0 -0.769503 0.638644
    outer loop
      vertex 13.425 4.77823 98.7589
      vertex -13.425 4.39795 98.3007
      vertex 13.425 4.39795 98.3007
    endloop
  endfacet
  facet normal -0.70701 -0.544231 0.451607
    outer loop
      vertex 13.5 4.72179 98.8083
      vertex 13.425 4.77823 98.7589
      vertex 13.5 4.339 98.347
    endloop
  endfacet
  facet normal -0.706783 -0.54437 0.451796
    outer loop
      vertex 13.425 4.77823 98.7589
      vertex 13.425 4.39795 98.3007
      vertex 13.5 4.339 98.347
    endloop
  endfacet
  facet normal -0.706975 0.544241 -0.451651
    outer loop
      vertex 13.5 4.72179 98.8083
      vertex 13.425 4.28005 98.3934
      vertex 13.425 4.66536 98.8577
    endloop
  endfacet
  facet normal -0.707085 0.544174 -0.451559
    outer loop
      vertex 13.5 4.339 98.347
      vertex 13.425 4.28005 98.3934
      vertex 13.5 4.72179 98.8083
    endloop
  endfacet
  facet normal 0 0.769529 -0.638612
    outer loop
      vertex 13.425 4.28005 98.3934
      vertex -13.425 4.66536 98.8577
      vertex 13.425 4.66536 98.8577
    endloop
  endfacet
  facet normal 0 0.769529 -0.638612
    outer loop
      vertex -13.425 4.66536 98.8577
      vertex 13.425 4.28005 98.3934
      vertex -13.425 4.28005 98.3934
    endloop
  endfacet
  facet normal 0.706974 0.544259 -0.45163
    outer loop
      vertex -13.425 4.66536 98.8577
      vertex -13.5 4.339 98.347
      vertex -13.5 4.72179 98.8083
    endloop
  endfacet
  facet normal 0.707085 0.544156 -0.451581
    outer loop
      vertex -13.425 4.28005 98.3934
      vertex -13.5 4.339 98.347
      vertex -13.425 4.66536 98.8577
    endloop
  endfacet
  facet normal 0.706795 -0.567374 0.422525
    outer loop
      vertex -13.425 4.39795 98.3007
      vertex -13.5 4.339 98.347
      vertex -13.425 4.04228 97.8231
    endloop
  endfacet
  facet normal 0.706951 -0.567226 0.422463
    outer loop
      vertex -13.5 4.339 98.347
      vertex -13.5 3.98098 97.8663
      vertex -13.425 4.04228 97.8231
    endloop
  endfacet
  facet normal 0 -0.802035 0.597277
    outer loop
      vertex -13.425 4.04228 97.8231
      vertex 13.425 4.39795 98.3007
      vertex -13.425 4.39795 98.3007
    endloop
  endfacet
  facet normal 0 -0.802035 0.597277
    outer loop
      vertex 13.425 4.39795 98.3007
      vertex -13.425 4.04228 97.8231
      vertex 13.425 4.04228 97.8231
    endloop
  endfacet
  facet normal -0.706795 -0.56735 0.422556
    outer loop
      vertex 13.5 4.339 98.347
      vertex 13.425 4.39795 98.3007
      vertex 13.5 3.98098 97.8663
    endloop
  endfacet
  facet normal -0.706952 -0.567249 0.422432
    outer loop
      vertex 13.425 4.39795 98.3007
      vertex 13.425 4.04228 97.8231
      vertex 13.5 3.98098 97.8663
    endloop
  endfacet
  facet normal -0.707077 0.567138 -0.422371
    outer loop
      vertex 13.5 4.339 98.347
      vertex 13.425 3.91967 97.9095
      vertex 13.425 4.28005 98.3934
    endloop
  endfacet
  facet normal -0.706989 0.567195 -0.422441
    outer loop
      vertex 13.5 3.98098 97.8663
      vertex 13.425 3.91967 97.9095
      vertex 13.5 4.339 98.347
    endloop
  endfacet
  facet normal 0 0.80202 -0.597297
    outer loop
      vertex 13.425 3.91967 97.9095
      vertex -13.425 4.28005 98.3934
      vertex 13.425 4.28005 98.3934
    endloop
  endfacet
  facet normal 0 0.80202 -0.597297
    outer loop
      vertex -13.425 4.28005 98.3934
      vertex 13.425 3.91967 97.9095
      vertex -13.425 3.91967 97.9095
    endloop
  endfacet
  facet normal 0.707077 0.567124 -0.422388
    outer loop
      vertex -13.425 4.28005 98.3934
      vertex -13.5 3.98098 97.8663
      vertex -13.5 4.339 98.347
    endloop
  endfacet
  facet normal 0.706989 0.567208 -0.422423
    outer loop
      vertex -13.425 3.91967 97.9095
      vertex -13.5 3.98098 97.8663
      vertex -13.425 4.28005 98.3934
    endloop
  endfacet
  facet normal 0.706949 -0.588702 0.391985
    outer loop
      vertex -13.425 4.04228 97.8231
      vertex -13.5 3.98098 97.8663
      vertex -13.425 3.71222 97.3274
    endloop
  endfacet
  facet normal 0.70722 -0.588439 0.391892
    outer loop
      vertex -13.5 3.98098 97.8663
      vertex -13.5 3.64872 97.3674
      vertex -13.425 3.71222 97.3274
    endloop
  endfacet
  facet normal 0 -0.832365 0.554227
    outer loop
      vertex -13.425 3.71222 97.3274
      vertex 13.425 4.04228 97.8231
      vertex -13.425 4.04228 97.8231
    endloop
  endfacet
  facet normal 0 -0.832365 0.554227
    outer loop
      vertex 13.425 4.04228 97.8231
      vertex -13.425 3.71222 97.3274
      vertex 13.425 3.71222 97.3274
    endloop
  endfacet
  facet normal -0.70695 -0.588664 0.392041
    outer loop
      vertex 13.5 3.98098 97.8663
      vertex 13.425 4.04228 97.8231
      vertex 13.5 3.64872 97.3674
    endloop
  endfacet
  facet normal -0.707221 -0.588476 0.391834
    outer loop
      vertex 13.425 4.04228 97.8231
      vertex 13.425 3.71222 97.3274
      vertex 13.5 3.64872 97.3674
    endloop
  endfacet
  facet normal -0.706989 0.588641 -0.392005
    outer loop
      vertex 13.5 3.98098 97.8663
      vertex 13.425 3.58523 97.4073
      vertex 13.425 3.91967 97.9095
    endloop
  endfacet
  facet normal -0.70692 0.588689 -0.392058
    outer loop
      vertex 13.5 3.64872 97.3674
      vertex 13.425 3.58523 97.4073
      vertex 13.5 3.98098 97.8663
    endloop
  endfacet
  facet normal 0 0.832326 -0.554287
    outer loop
      vertex 13.425 3.58523 97.4073
      vertex -13.425 3.91967 97.9095
      vertex 13.425 3.91967 97.9095
    endloop
  endfacet
  facet normal 0 0.832326 -0.554287
    outer loop
      vertex -13.425 3.91967 97.9095
      vertex 13.425 3.58523 97.4073
      vertex -13.425 3.58523 97.4073
    endloop
  endfacet
  facet normal 0.70699 0.588631 -0.39202
    outer loop
      vertex -13.425 3.91967 97.9095
      vertex -13.5 3.64872 97.3674
      vertex -13.5 3.98098 97.8663
    endloop
  endfacet
  facet normal 0.70692 0.588698 -0.392044
    outer loop
      vertex -13.425 3.58523 97.4073
      vertex -13.5 3.64872 97.3674
      vertex -13.425 3.91967 97.9095
    endloop
  endfacet
  facet normal 0.707204 -0.608242 0.360422
    outer loop
      vertex -13.425 3.71222 97.3274
      vertex -13.5 3.64872 97.3674
      vertex -13.425 3.40865 96.8151
    endloop
  endfacet
  facet normal 0.707144 -0.608301 0.360439
    outer loop
      vertex -13.5 3.64872 97.3674
      vertex -13.5 3.34315 96.8517
      vertex -13.425 3.40865 96.8151
    endloop
  endfacet
  facet normal 0 -0.860303 0.509784
    outer loop
      vertex -13.425 3.40865 96.8151
      vertex 13.425 3.71222 97.3274
      vertex -13.425 3.71222 97.3274
    endloop
  endfacet
  facet normal 0 -0.860303 0.509784
    outer loop
      vertex 13.425 3.71222 97.3274
      vertex -13.425 3.40865 96.8151
      vertex 13.425 3.40865 96.8151
    endloop
  endfacet
  facet normal -0.707203 -0.60825 0.360409
    outer loop
      vertex 13.5 3.64872 97.3674
      vertex 13.425 3.71222 97.3274
      vertex 13.5 3.34315 96.8517
    endloop
  endfacet
  facet normal -0.707144 -0.608294 0.360452
    outer loop
      vertex 13.425 3.71222 97.3274
      vertex 13.425 3.40865 96.8151
      vertex 13.5 3.34315 96.8517
    endloop
  endfacet
  facet normal -0.706923 0.608494 -0.360548
    outer loop
      vertex 13.5 3.64872 97.3674
      vertex 13.425 3.27765 96.8882
      vertex 13.425 3.58523 97.4073
    endloop
  endfacet
  facet normal -0.706904 0.608508 -0.360562
    outer loop
      vertex 13.5 3.34315 96.8517
      vertex 13.425 3.27765 96.8882
      vertex 13.5 3.64872 97.3674
    endloop
  endfacet
  facet normal 0 0.860317 -0.50976
    outer loop
      vertex 13.425 3.27765 96.8882
      vertex -13.425 3.58523 97.4073
      vertex 13.425 3.58523 97.4073
    endloop
  endfacet
  facet normal 0 0.860317 -0.50976
    outer loop
      vertex -13.425 3.58523 97.4073
      vertex 13.425 3.27765 96.8882
      vertex -13.425 3.27765 96.8882
    endloop
  endfacet
  facet normal 0.706923 0.608492 -0.360552
    outer loop
      vertex -13.425 3.58523 97.4073
      vertex -13.5 3.34315 96.8517
      vertex -13.5 3.64872 97.3674
    endloop
  endfacet
  facet normal 0.706904 0.60851 -0.360558
    outer loop
      vertex -13.425 3.27765 96.8882
      vertex -13.5 3.34315 96.8517
      vertex -13.425 3.58523 97.4073
    endloop
  endfacet
  facet normal 0.707127 -0.626408 0.328
    outer loop
      vertex -13.425 3.40865 96.8151
      vertex -13.5 3.34315 96.8517
      vertex -13.425 3.13244 96.2876
    endloop
  endfacet
  facet normal 0.706898 -0.626638 0.328056
    outer loop
      vertex -13.5 3.34315 96.8517
      vertex -13.5 3.06511 96.3206
      vertex -13.425 3.13244 96.2876
    endloop
  endfacet
  facet normal 0 -0.8859 0.463876
    outer loop
      vertex -13.425 3.13244 96.2876
      vertex 13.425 3.40865 96.8151
      vertex -13.425 3.40865 96.8151
    endloop
  endfacet
  facet normal 0 -0.8859 0.463876
    outer loop
      vertex 13.425 3.40865 96.8151
      vertex -13.425 3.13244 96.2876
      vertex 13.425 3.13244 96.2876
    endloop
  endfacet
  facet normal -0.707126 -0.626435 0.32795
    outer loop
      vertex 13.5 3.34315 96.8517
      vertex 13.425 3.40865 96.8151
      vertex 13.5 3.06511 96.3206
    endloop
  endfacet
  facet normal -0.706897 -0.626612 0.328107
    outer loop
      vertex 13.425 3.40865 96.8151
      vertex 13.425 3.13244 96.2876
      vertex 13.5 3.06511 96.3206
    endloop
  endfacet
  facet normal -0.706908 0.626599 -0.328106
    outer loop
      vertex 13.5 3.34315 96.8517
      vertex 13.425 2.99777 96.3537
      vertex 13.425 3.27765 96.8882
    endloop
  endfacet
  facet normal -0.707158 0.626407 -0.327935
    outer loop
      vertex 13.5 3.06511 96.3206
      vertex 13.425 2.99777 96.3537
      vertex 13.5 3.34315 96.8517
    endloop
  endfacet
  facet normal 0 0.885897 -0.463882
    outer loop
      vertex 13.425 2.99777 96.3537
      vertex -13.425 3.27765 96.8882
      vertex 13.425 3.27765 96.8882
    endloop
  endfacet
  facet normal 0 0.885897 -0.463882
    outer loop
      vertex -13.425 3.27765 96.8882
      vertex 13.425 2.99777 96.3537
      vertex -13.425 2.99777 96.3537
    endloop
  endfacet
  facet normal 0.706908 0.626629 -0.328051
    outer loop
      vertex -13.425 3.27765 96.8882
      vertex -13.5 3.06511 96.3206
      vertex -13.5 3.34315 96.8517
    endloop
  endfacet
  facet normal 0.707158 0.626379 -0.32799
    outer loop
      vertex -13.425 2.99777 96.3537
      vertex -13.5 3.06511 96.3206
      vertex -13.425 3.27765 96.8882
    endloop
  endfacet
  facet normal 0.706904 -0.642984 0.294718
    outer loop
      vertex -13.425 3.13244 96.2876
      vertex -13.5 3.06511 96.3206
      vertex -13.425 2.88433 95.7463
    endloop
  endfacet
  facet normal 0.706861 -0.643028 0.294726
    outer loop
      vertex -13.5 3.06511 96.3206
      vertex -13.5 2.81536 95.7757
      vertex -13.425 2.88433 95.7463
    endloop
  endfacet
  facet normal 0 -0.909056 0.416674
    outer loop
      vertex -13.425 2.88433 95.7463
      vertex 13.425 3.13244 96.2876
      vertex -13.425 3.13244 96.2876
    endloop
  endfacet
  facet normal 0 -0.909056 0.416674
    outer loop
      vertex 13.425 3.13244 96.2876
      vertex -13.425 2.88433 95.7463
      vertex 13.425 2.88433 95.7463
    endloop
  endfacet
  facet normal -0.706904 -0.642989 0.294708
    outer loop
      vertex 13.5 3.06511 96.3206
      vertex 13.425 3.13244 96.2876
      vertex 13.5 2.81536 95.7757
    endloop
  endfacet
  facet normal -0.706861 -0.643023 0.294736
    outer loop
      vertex 13.425 3.13244 96.2876
      vertex 13.425 2.88433 95.7463
      vertex 13.5 2.81536 95.7757
    endloop
  endfacet
  facet normal -0.707143 0.642776 -0.294599
    outer loop
      vertex 13.5 3.06511 96.3206
      vertex 13.425 2.74638 95.8052
      vertex 13.425 2.99777 96.3537
    endloop
  endfacet
  facet normal -0.7071 0.64281 -0.294626
    outer loop
      vertex 13.5 2.81536 95.7757
      vertex 13.425 2.74638 95.8052
      vertex 13.5 3.06511 96.3206
    endloop
  endfacet
  facet normal 0 0.909068 -0.416647
    outer loop
      vertex 13.425 2.74638 95.8052
      vertex -13.425 2.99777 96.3537
      vertex 13.425 2.99777 96.3537
    endloop
  endfacet
  facet normal 0 0.909068 -0.416647
    outer loop
      vertex -13.425 2.99777 96.3537
      vertex 13.425 2.74638 95.8052
      vertex -13.425 2.74638 95.8052
    endloop
  endfacet
  facet normal 0.707143 0.642771 -0.294608
    outer loop
      vertex -13.425 2.99777 96.3537
      vertex -13.5 2.81536 95.7757
      vertex -13.5 3.06511 96.3206
    endloop
  endfacet
  facet normal 0.7071 0.642814 -0.294616
    outer loop
      vertex -13.425 2.74638 95.8052
      vertex -13.5 2.81536 95.7757
      vertex -13.425 2.99777 96.3537
    endloop
  endfacet
  facet normal 0.706871 -0.65762 0.260518
    outer loop
      vertex -13.425 2.88433 95.7463
      vertex -13.5 2.81536 95.7757
      vertex -13.425 2.66502 95.1927
    endloop
  endfacet
  facet normal 0.706845 -0.657646 0.260521
    outer loop
      vertex -13.5 2.81536 95.7757
      vertex -13.5 2.59459 95.2184
      vertex -13.425 2.66502 95.1927
    endloop
  endfacet
  facet normal 0 -0.929705 0.368305
    outer loop
      vertex -13.425 2.66502 95.1927
      vertex 13.425 2.88433 95.7463
      vertex -13.425 2.88433 95.7463
    endloop
  endfacet
  facet normal 0 -0.929705 0.368305
    outer loop
      vertex 13.425 2.88433 95.7463
      vertex -13.425 2.66502 95.1927
      vertex 13.425 2.66502 95.1927
    endloop
  endfacet
  facet normal -0.706871 -0.657623 0.260512
    outer loop
      vertex 13.5 2.81536 95.7757
      vertex 13.425 2.88433 95.7463
      vertex 13.5 2.59459 95.2184
    endloop
  endfacet
  facet normal -0.706845 -0.657644 0.260527
    outer loop
      vertex 13.425 2.88433 95.7463
      vertex 13.425 2.66502 95.1927
      vertex 13.5 2.59459 95.2184
    endloop
  endfacet
  facet normal -0.707088 0.657431 -0.260406
    outer loop
      vertex 13.5 2.81536 95.7757
      vertex 13.425 2.52417 95.2442
      vertex 13.425 2.74638 95.8052
    endloop
  endfacet
  facet normal -0.706975 0.657525 -0.260473
    outer loop
      vertex 13.5 2.59459 95.2184
      vertex 13.425 2.52417 95.2442
      vertex 13.5 2.81536 95.7757
    endloop
  endfacet
  facet normal 0 0.929723 -0.36826
    outer loop
      vertex 13.425 2.52417 95.2442
      vertex -13.425 2.74638 95.8052
      vertex 13.425 2.74638 95.8052
    endloop
  endfacet
  facet normal 0 0.929723 -0.36826
    outer loop
      vertex -13.425 2.74638 95.8052
      vertex 13.425 2.52417 95.2442
      vertex -13.425 2.52417 95.2442
    endloop
  endfacet
  facet normal 0.707088 0.65742 -0.260432
    outer loop
      vertex -13.425 2.74638 95.8052
      vertex -13.5 2.59459 95.2184
      vertex -13.5 2.81536 95.7757
    endloop
  endfacet
  facet normal 0.706976 0.657535 -0.260447
    outer loop
      vertex -13.425 2.52417 95.2442
      vertex -13.5 2.59459 95.2184
      vertex -13.425 2.74638 95.8052
    endloop
  endfacet
  facet normal 0.706864 -0.670419 0.225571
    outer loop
      vertex -13.425 2.66502 95.1927
      vertex -13.5 2.59459 95.2184
      vertex -13.425 2.47512 94.6283
    endloop
  endfacet
  facet normal 0.706931 -0.67035 0.225566
    outer loop
      vertex -13.5 2.59459 95.2184
      vertex -13.5 2.40343 94.6503
      vertex -13.425 2.47512 94.6283
    endloop
  endfacet
  facet normal 0 -0.94779 0.318897
    outer loop
      vertex -13.425 2.47512 94.6283
      vertex 13.425 2.66502 95.1927
      vertex -13.425 2.66502 95.1927
    endloop
  endfacet
  facet normal 0 -0.94779 0.318897
    outer loop
      vertex 13.425 2.66502 95.1927
      vertex -13.425 2.47512 94.6283
      vertex 13.425 2.47512 94.6283
    endloop
  endfacet
  facet normal -0.706864 -0.670413 0.225587
    outer loop
      vertex 13.5 2.59459 95.2184
      vertex 13.425 2.66502 95.1927
      vertex 13.5 2.40343 94.6503
    endloop
  endfacet
  facet normal -0.706931 -0.670355 0.22555
    outer loop
      vertex 13.425 2.66502 95.1927
      vertex 13.425 2.47512 94.6283
      vertex 13.5 2.40343 94.6503
    endloop
  endfacet
  facet normal -0.70697 0.670307 -0.225569
    outer loop
      vertex 13.5 2.59459 95.2184
      vertex 13.425 2.33175 94.6724
      vertex 13.425 2.52417 95.2442
    endloop
  endfacet
  facet normal -0.707037 0.670249 -0.225532
    outer loop
      vertex 13.5 2.40343 94.6503
      vertex 13.425 2.33175 94.6724
      vertex 13.5 2.59459 95.2184
    endloop
  endfacet
  facet normal 0 0.947774 -0.318942
    outer loop
      vertex 13.425 2.33175 94.6724
      vertex -13.425 2.52417 95.2442
      vertex 13.425 2.52417 95.2442
    endloop
  endfacet
  facet normal 0 0.947774 -0.318942
    outer loop
      vertex -13.425 2.52417 95.2442
      vertex 13.425 2.33175 94.6724
      vertex -13.425 2.33175 94.6724
    endloop
  endfacet
  facet normal 0.70697 0.670313 -0.225554
    outer loop
      vertex -13.425 2.52417 95.2442
      vertex -13.5 2.40343 94.6503
      vertex -13.5 2.59459 95.2184
    endloop
  endfacet
  facet normal 0.707036 0.670244 -0.225548
    outer loop
      vertex -13.425 2.33175 94.6724
      vertex -13.5 2.40343 94.6503
      vertex -13.425 2.52417 95.2442
    endloop
  endfacet
  facet normal 0.706941 -0.681271 0.19001
    outer loop
      vertex -13.425 2.47512 94.6283
      vertex -13.5 2.40343 94.6503
      vertex -13.425 2.31514 94.0547
    endloop
  endfacet
  facet normal 0.707068 -0.681141 0.190007
    outer loop
      vertex -13.5 2.40343 94.6503
      vertex -13.5 2.24239 94.073
      vertex -13.425 2.31514 94.0547
    endloop
  endfacet
  facet normal 0 -0.963237 0.268652
    outer loop
      vertex -13.425 2.31514 94.0547
      vertex 13.425 2.47512 94.6283
      vertex -13.425 2.47512 94.6283
    endloop
  endfacet
  facet normal 0 -0.963237 0.268652
    outer loop
      vertex 13.425 2.47512 94.6283
      vertex -13.425 2.31514 94.0547
      vertex 13.425 2.31514 94.0547
    endloop
  endfacet
  facet normal -0.706941 -0.681262 0.190041
    outer loop
      vertex 13.5 2.40343 94.6503
      vertex 13.425 2.47512 94.6283
      vertex 13.5 2.24239 94.073
    endloop
  endfacet
  facet normal -0.707068 -0.681149 0.189976
    outer loop
      vertex 13.425 2.47512 94.6283
      vertex 13.425 2.31514 94.0547
      vertex 13.5 2.24239 94.073
    endloop
  endfacet
  facet normal -0.707022 0.681193 -0.189989
    outer loop
      vertex 13.5 2.40343 94.6503
      vertex 13.425 2.16965 94.0912
      vertex 13.425 2.33175 94.6724
    endloop
  endfacet
  facet normal -0.706896 0.681306 -0.190053
    outer loop
      vertex 13.5 2.24239 94.073
      vertex 13.425 2.16965 94.0912
      vertex 13.5 2.40343 94.6503
    endloop
  endfacet
  facet normal 0 0.963237 -0.268652
    outer loop
      vertex 13.425 2.16965 94.0912
      vertex -13.425 2.33175 94.6724
      vertex 13.425 2.33175 94.6724
    endloop
  endfacet
  facet normal 0 0.963237 -0.268652
    outer loop
      vertex -13.425 2.33175 94.6724
      vertex 13.425 2.16965 94.0912
      vertex -13.425 2.16965 94.0912
    endloop
  endfacet
  facet normal 0.707023 0.681184 -0.190019
    outer loop
      vertex -13.425 2.33175 94.6724
      vertex -13.5 2.24239 94.073
      vertex -13.5 2.40343 94.6503
    endloop
  endfacet
  facet normal 0.706896 0.681314 -0.190022
    outer loop
      vertex -13.425 2.16965 94.0912
      vertex -13.5 2.24239 94.073
      vertex -13.425 2.33175 94.6724
    endloop
  endfacet
  facet normal 0.707055 -0.690205 0.153919
    outer loop
      vertex -13.425 2.31514 94.0547
      vertex -13.5 2.24239 94.073
      vertex -13.425 2.18553 93.4735
    endloop
  endfacet
  facet normal 0.706964 -0.690298 0.153916
    outer loop
      vertex -13.5 2.24239 94.073
      vertex -13.5 2.11193 93.4879
      vertex -13.425 2.18553 93.4735
    endloop
  endfacet
  facet normal 0 -0.976025 0.217658
    outer loop
      vertex -13.425 2.18553 93.4735
      vertex 13.425 2.31514 94.0547
      vertex -13.425 2.31514 94.0547
    endloop
  endfacet
  facet normal 0 -0.976025 0.217658
    outer loop
      vertex 13.425 2.31514 94.0547
      vertex -13.425 2.18553 93.4735
      vertex 13.425 2.18553 93.4735
    endloop
  endfacet
  facet normal -0.707054 -0.69021 0.153896
    outer loop
      vertex 13.5 2.24239 94.073
      vertex 13.425 2.31514 94.0547
      vertex 13.5 2.11193 93.4879
    endloop
  endfacet
  facet normal -0.706964 -0.690293 0.153938
    outer loop
      vertex 13.425 2.31514 94.0547
      vertex 13.425 2.18553 93.4735
      vertex 13.5 2.11193 93.4879
    endloop
  endfacet
  facet normal -0.706906 0.690349 -0.153954
    outer loop
      vertex 13.5 2.24239 94.073
      vertex 13.425 2.03832 93.5023
      vertex 13.425 2.16965 94.0912
    endloop
  endfacet
  facet normal -0.70701 0.690253 -0.153906
    outer loop
      vertex 13.5 2.11193 93.4879
      vertex 13.425 2.03832 93.5023
      vertex 13.5 2.24239 94.073
    endloop
  endfacet
  facet normal 0 0.976024 -0.217662
    outer loop
      vertex 13.425 2.03832 93.5023
      vertex -13.425 2.16965 94.0912
      vertex 13.425 2.16965 94.0912
    endloop
  endfacet
  facet normal 0 0.976024 -0.217662
    outer loop
      vertex -13.425 2.16965 94.0912
      vertex 13.425 2.03832 93.5023
      vertex -13.425 2.03832 93.5023
    endloop
  endfacet
  facet normal 0.706906 0.690355 -0.153929
    outer loop
      vertex -13.425 2.16965 94.0912
      vertex -13.5 2.11193 93.4879
      vertex -13.5 2.24239 94.073
    endloop
  endfacet
  facet normal 0.70701 0.690248 -0.153931
    outer loop
      vertex -13.425 2.03832 93.5023
      vertex -13.5 2.11193 93.4879
      vertex -13.425 2.16965 94.0912
    endloop
  endfacet
  facet normal 0.706962 -0.697432 0.117442
    outer loop
      vertex -13.425 2.18553 93.4735
      vertex -13.5 2.11193 93.4879
      vertex -13.425 2.08665 92.8863
    endloop
  endfacet
  facet normal 0.706977 -0.697417 0.117443
    outer loop
      vertex -13.5 2.11193 93.4879
      vertex -13.5 2.01239 92.8968
      vertex -13.425 2.08665 92.8863
    endloop
  endfacet
  facet normal 0 -0.986117 0.166055
    outer loop
      vertex -13.425 2.08665 92.8863
      vertex 13.425 2.18553 93.4735
      vertex -13.425 2.18553 93.4735
    endloop
  endfacet
  facet normal 0 -0.986117 0.166055
    outer loop
      vertex 13.425 2.18553 93.4735
      vertex -13.425 2.08665 92.8863
      vertex 13.425 2.08665 92.8863
    endloop
  endfacet
  facet normal -0.706962 -0.697431 0.117446
    outer loop
      vertex 13.5 2.11193 93.4879
      vertex 13.425 2.18553 93.4735
      vertex 13.5 2.01239 92.8968
    endloop
  endfacet
  facet normal -0.706978 -0.697417 0.11744
    outer loop
      vertex 13.425 2.18553 93.4735
      vertex 13.425 2.08665 92.8863
      vertex 13.5 2.01239 92.8968
    endloop
  endfacet
  facet normal -0.707009 0.697387 -0.117431
    outer loop
      vertex 13.5 2.11193 93.4879
      vertex 13.425 1.93813 92.9073
      vertex 13.425 2.03832 93.5023
    endloop
  endfacet
  facet normal -0.706977 0.697417 -0.117443
    outer loop
      vertex 13.5 2.01239 92.8968
      vertex 13.425 1.93813 92.9073
      vertex 13.5 2.11193 93.4879
    endloop
  endfacet
  facet normal 0 0.986118 -0.166049
    outer loop
      vertex 13.425 1.93813 92.9073
      vertex -13.425 2.03832 93.5023
      vertex 13.425 2.03832 93.5023
    endloop
  endfacet
  facet normal 0 0.986118 -0.166049
    outer loop
      vertex -13.425 2.03832 93.5023
      vertex 13.425 1.93813 92.9073
      vertex -13.425 1.93813 92.9073
    endloop
  endfacet
  facet normal 0.707009 0.697386 -0.117438
    outer loop
      vertex -13.425 2.03832 93.5023
      vertex -13.5 2.01239 92.8968
      vertex -13.5 2.11193 93.4879
    endloop
  endfacet
  facet normal 0.706978 0.697418 -0.117436
    outer loop
      vertex -13.425 1.93813 92.9073
      vertex -13.5 2.01239 92.8968
      vertex -13.425 2.03832 93.5023
    endloop
  endfacet
  facet normal 0.706979 -0.702625 0.0806189
    outer loop
      vertex -13.425 2.08665 92.8863
      vertex -13.5 2.01239 92.8968
      vertex -13.425 2.01877 92.2947
    endloop
  endfacet
  facet normal 0.706991 -0.702613 0.0806205
    outer loop
      vertex -13.5 2.01239 92.8968
      vertex -13.5 1.94406 92.3013
      vertex -13.425 2.01877 92.2947
    endloop
  endfacet
  facet normal 0 -0.993482 0.113992
    outer loop
      vertex -13.425 2.01877 92.2947
      vertex 13.425 2.08665 92.8863
      vertex -13.425 2.08665 92.8863
    endloop
  endfacet
  facet normal 0 -0.993482 0.113992
    outer loop
      vertex 13.425 2.08665 92.8863
      vertex -13.425 2.01877 92.2947
      vertex 13.425 2.01877 92.2947
    endloop
  endfacet
  facet normal -0.706979 -0.702624 0.0806219
    outer loop
      vertex 13.5 2.01239 92.8968
      vertex 13.425 2.08665 92.8863
      vertex 13.5 1.94406 92.3013
    endloop
  endfacet
  facet normal -0.706991 -0.702613 0.0806176
    outer loop
      vertex 13.425 2.08665 92.8863
      vertex 13.425 2.01877 92.2947
      vertex 13.5 1.94406 92.3013
    endloop
  endfacet
  facet normal -0.706979 0.702624 -0.0806248
    outer loop
      vertex 13.5 2.01239 92.8968
      vertex 13.425 1.86935 92.3079
      vertex 13.425 1.93813 92.9073
    endloop
  endfacet
  facet normal -0.706991 0.702613 -0.0806205
    outer loop
      vertex 13.5 1.94406 92.3013
      vertex 13.425 1.86935 92.3079
      vertex 13.5 2.01239 92.8968
    endloop
  endfacet
  facet normal 0 0.993481 -0.114
    outer loop
      vertex 13.425 1.86935 92.3079
      vertex -13.425 1.93813 92.9073
      vertex 13.425 1.93813 92.9073
    endloop
  endfacet
  facet normal 0 0.993481 -0.114
    outer loop
      vertex -13.425 1.93813 92.9073
      vertex 13.425 1.86935 92.3079
      vertex -13.425 1.86935 92.3079
    endloop
  endfacet
  facet normal 0.706979 0.702624 -0.0806219
    outer loop
      vertex -13.425 1.93813 92.9073
      vertex -13.5 1.94406 92.3013
      vertex -13.5 2.01239 92.8968
    endloop
  endfacet
  facet normal 0.706991 0.702612 -0.0806234
    outer loop
      vertex -13.425 1.86935 92.3079
      vertex -13.5 1.94406 92.3013
      vertex -13.425 1.93813 92.9073
    endloop
  endfacet
  facet normal 0.706988 -0.705882 0.0435787
    outer loop
      vertex -13.425 2.01877 92.2947
      vertex -13.5 1.94406 92.3013
      vertex -13.425 1.98208 91.7004
    endloop
  endfacet
  facet normal 0.706955 -0.705915 0.0435725
    outer loop
      vertex -13.5 1.94406 92.3013
      vertex -13.5 1.90713 91.703
      vertex -13.425 1.98208 91.7004
    endloop
  endfacet
  facet normal 0 -0.9981 0.0616192
    outer loop
      vertex -13.425 1.98208 91.7004
      vertex 13.425 2.01877 92.2947
      vertex -13.425 2.01877 92.2947
    endloop
  endfacet
  facet normal 0 -0.9981 0.0616192
    outer loop
      vertex 13.425 2.01877 92.2947
      vertex -13.425 1.98208 91.7004
      vertex 13.425 1.98208 91.7004
    endloop
  endfacet
  facet normal -0.706987 -0.705883 0.0435705
    outer loop
      vertex 13.5 1.94406 92.3013
      vertex 13.425 2.01877 92.2947
      vertex 13.5 1.90713 91.703
    endloop
  endfacet
  facet normal -0.706955 -0.705915 0.0435807
    outer loop
      vertex 13.425 2.01877 92.2947
      vertex 13.425 1.98208 91.7004
      vertex 13.5 1.90713 91.703
    endloop
  endfacet
  facet normal -0.706987 0.705883 -0.0435697
    outer loop
      vertex 13.5 1.94406 92.3013
      vertex 13.425 1.83218 91.7057
      vertex 13.425 1.86935 92.3079
    endloop
  endfacet
  facet normal -0.706984 0.705886 -0.0435707
    outer loop
      vertex 13.5 1.90713 91.703
      vertex 13.425 1.83218 91.7057
      vertex 13.5 1.94406 92.3013
    endloop
  endfacet
  facet normal 0 0.998101 -0.0616064
    outer loop
      vertex 13.425 1.83218 91.7057
      vertex -13.425 1.86935 92.3079
      vertex 13.425 1.86935 92.3079
    endloop
  endfacet
  facet normal 0 0.998101 -0.0616064
    outer loop
      vertex -13.425 1.86935 92.3079
      vertex 13.425 1.83218 91.7057
      vertex -13.425 1.83218 91.7057
    endloop
  endfacet
  facet normal 0.706987 0.705883 -0.0435705
    outer loop
      vertex -13.425 1.86935 92.3079
      vertex -13.5 1.90713 91.703
      vertex -13.5 1.94406 92.3013
    endloop
  endfacet
  facet normal 0.706984 0.705886 -0.0435699
    outer loop
      vertex -13.425 1.83218 91.7057
      vertex -13.5 1.90713 91.703
      vertex -13.425 1.86935 92.3079
    endloop
  endfacet
  facet normal 0.706968 -0.707217 0.00641305
    outer loop
      vertex -13.425 1.98208 91.7004
      vertex -13.5 1.90713 91.703
      vertex -13.425 1.97668 91.1049
    endloop
  endfacet
  facet normal 0.706989 -0.707195 0.00641832
    outer loop
      vertex -13.5 1.90713 91.703
      vertex -13.5 1.90169 91.1036
      vertex -13.425 1.97668 91.1049
    endloop
  endfacet
  facet normal 0 -0.999959 0.00906764
    outer loop
      vertex -13.425 1.97668 91.1049
      vertex 13.425 1.98208 91.7004
      vertex -13.425 1.98208 91.7004
    endloop
  endfacet
  facet normal 0 -0.999959 0.00906764
    outer loop
      vertex 13.425 1.98208 91.7004
      vertex -13.425 1.97668 91.1049
      vertex 13.425 1.97668 91.1049
    endloop
  endfacet
  facet normal -0.706968 -0.707217 0.00641852
    outer loop
      vertex 13.5 1.90713 91.703
      vertex 13.425 1.98208 91.7004
      vertex 13.5 1.90169 91.1036
    endloop
  endfacet
  facet normal -0.70699 -0.707195 0.00641285
    outer loop
      vertex 13.425 1.98208 91.7004
      vertex 13.425 1.97668 91.1049
      vertex 13.5 1.90169 91.1036
    endloop
  endfacet
  facet normal -0.706972 0.707212 -0.00645267
    outer loop
      vertex 13.4497 1.85317 91.3
      vertex 13.425 1.83218 91.7057
      vertex 13.5 1.90713 91.703
    endloop
  endfacet
  facet normal -0.706662 0.707522 -0.00641775
    outer loop
      vertex 13.425 1.83218 91.7057
      vertex 13.4497 1.85317 91.3
      vertex 13.425 1.8285 91.3
    endloop
  endfacet
  facet normal -0.715763 0.698315 -0.00633773
    outer loop
      vertex 13.5 1.90169 91.1036
      vertex 13.4983 1.90173 91.3
      vertex 13.5 1.90713 91.703
    endloop
  endfacet
  facet normal -0.686611 0.727 -0.00609123
    outer loop
      vertex 13.4983 1.90173 91.3
      vertex 13.5 1.90169 91.1036
      vertex 13.4991 1.90084 91.1036
    endloop
  endfacet
  facet normal -0.706801 0.707383 -0.00649704
    outer loop
      vertex 13.5 1.90713 91.703
      vertex 13.4983 1.90173 91.3
      vertex 13.4497 1.85317 91.3
    endloop
  endfacet
  facet normal 0 0.999959 -0.00907037
    outer loop
      vertex 13.425 1.8285 91.3
      vertex -13.425 1.83218 91.7057
      vertex 13.425 1.83218 91.7057
    endloop
  endfacet
  facet normal 0 0.999959 -0.00907037
    outer loop
      vertex -13.425 1.83218 91.7057
      vertex 13.425 1.8285 91.3
      vertex -13.425 1.8285 91.3
    endloop
  endfacet
  facet normal 0.706971 0.707214 -0.00634986
    outer loop
      vertex -13.4755 1.87902 91.3
      vertex -13.5 1.90713 91.703
      vertex -13.425 1.83218 91.7057
    endloop
  endfacet
  facet normal 0.705692 0.708489 -0.00651653
    outer loop
      vertex -13.4983 1.90173 91.3
      vertex -13.5 1.90713 91.703
      vertex -13.4755 1.87902 91.3
    endloop
  endfacet
  facet normal 0.695387 0.718609 -0.00616549
    outer loop
      vertex -13.5 1.90169 91.1036
      vertex -13.4983 1.90173 91.3
      vertex -13.4991 1.90088 91.1107
    endloop
  endfacet
  facet normal 0.715763 0.698315 -0.00633773
    outer loop
      vertex -13.4983 1.90173 91.3
      vertex -13.5 1.90169 91.1036
      vertex -13.5 1.90713 91.703
    endloop
  endfacet
  facet normal 0.707232 0.706952 -0.00641258
    outer loop
      vertex -13.425 1.8285 91.3
      vertex -13.4755 1.87902 91.3
      vertex -13.425 1.83218 91.7057
    endloop
  endfacet
  facet normal 0.686618 0.727007 -0.00409581
    outer loop
      vertex -13.4991 1.90084 91.1036
      vertex -13.5 1.90169 91.1036
      vertex -13.4991 1.90088 91.1107
    endloop
  endfacet
  facet normal 0.706991 -0.706552 -0.0307729
    outer loop
      vertex -13.425 1.97668 91.1049
      vertex -13.5 1.90169 91.1036
      vertex -13.425 2.00259 90.51
    endloop
  endfacet
  facet normal 0.706991 -0.706553 -0.030773
    outer loop
      vertex -13.425 2.00259 90.51
      vertex -13.5 1.90169 91.1036
      vertex -13.5 1.92777 90.5048
    endloop
  endfacet
  facet normal 0 -0.999053 -0.0435123
    outer loop
      vertex -13.425 2.00259 90.51
      vertex 13.425 1.97668 91.1049
      vertex -13.425 1.97668 91.1049
    endloop
  endfacet
  facet normal 0 -0.999053 -0.0435123
    outer loop
      vertex 13.425 1.97668 91.1049
      vertex -13.425 2.00259 90.51
      vertex 13.425 2.00259 90.51
    endloop
  endfacet
  facet normal -0.706991 -0.706552 -0.030773
    outer loop
      vertex 13.5 1.90169 91.1036
      vertex 13.425 1.97668 91.1049
      vertex 13.5 1.92777 90.5048
    endloop
  endfacet
  facet normal -0.706991 -0.706553 -0.0307729
    outer loop
      vertex 13.5 1.92777 90.5048
      vertex 13.425 1.97668 91.1049
      vertex 13.425 2.00259 90.51
    endloop
  endfacet
  facet normal -0.686425 0.726803 0.0240322
    outer loop
      vertex 13.5 1.90169 91.1036
      vertex 13.499 1.90102 91.0953
      vertex 13.4991 1.90084 91.1036
    endloop
  endfacet
  facet normal -0.707117 0.706425 0.030804
    outer loop
      vertex 13.499 1.90102 91.0953
      vertex 13.5 1.92777 90.5048
      vertex 13.4861 1.9139 90.5038
    endloop
  endfacet
  facet normal -0.717654 0.695741 0.0303021
    outer loop
      vertex 13.5 1.92777 90.5048
      vertex 13.499 1.90102 91.0953
      vertex 13.5 1.90169 91.1036
    endloop
  endfacet
  facet normal 0.707755 0.705789 0.0307398
    outer loop
      vertex -13.5 1.90169 91.1036
      vertex -13.4882 1.91183 90.5991
      vertex -13.5 1.92777 90.5048
    endloop
  endfacet
  facet normal 0.686301 0.726671 0.0306577
    outer loop
      vertex -13.4882 1.91183 90.5991
      vertex -13.5 1.90169 91.1036
      vertex -13.4991 1.90084 91.1036
    endloop
  endfacet
  facet normal 0.707119 0.706418 0.0309259
    outer loop
      vertex -13.4861 1.9139 90.5038
      vertex -13.5 1.92777 90.5048
      vertex -13.4882 1.91183 90.5991
    endloop
  endfacet
endsolid OpenSCAD_Model
