solid OpenSCAD_Model
  facet normal 0 -0.707107 -0.707107
    outer loop
      vertex 14.9 27.8112 82.7888
      vertex 14.9 27.8258 82.7742
      vertex 14.901 27.8112 82.7888
    endloop
  endfacet
  facet normal 1.09994e-13 -0.707107 -0.707107
    outer loop
      vertex 15.4002 27.4532 83.1468
      vertex 15.5 27.4016 83.1984
      vertex 15.4954 27.3842 83.2158
    endloop
  endfacet
  facet normal 2.36736e-13 -0.707107 -0.707107
    outer loop
      vertex 15.1936 27.6028 82.9972
      vertex 15.5 27.4016 83.1984
      vertex 15.4002 27.4532 83.1468
    endloop
  endfacet
  facet normal 2.70167e-14 -0.707107 -0.707107
    outer loop
      vertex 14.9 27.8258 82.7742
      vertex 15.1936 27.6028 82.9972
      vertex 14.901 27.8112 82.7888
    endloop
  endfacet
  facet normal -1.63818e-13 -0.707107 -0.707107
    outer loop
      vertex 15.1936 27.6028 82.9972
      vertex 14.9 27.8258 82.7742
      vertex 15.5 27.4016 83.1984
    endloop
  endfacet
  facet normal -0 -0.707107 -0.707107
    outer loop
      vertex 14.901 25.1504 85.4496
      vertex 14.9 25.1388 85.4612
      vertex 14.9 25.1504 85.4496
    endloop
  endfacet
  facet normal -1.07105e-12 -0.707107 -0.707107
    outer loop
      vertex 14.9 25.1388 85.4612
      vertex 14.901 25.1504 85.4496
      vertex 14.9035 25.1522 85.4478
    endloop
  endfacet
  facet normal 1.7522e-13 -0.707107 -0.707107
    outer loop
      vertex 15.1936 25.3588 85.2412
      vertex 14.9 25.1388 85.4612
      vertex 14.9035 25.1522 85.4478
    endloop
  endfacet
  facet normal 3.78564e-14 -0.707107 -0.707107
    outer loop
      vertex 15.5 25.5631 85.0369
      vertex 15.1936 25.3588 85.2412
      vertex 15.4002 25.5084 85.0916
    endloop
  endfacet
  facet normal -7.46667e-14 -0.707107 -0.707107
    outer loop
      vertex 15.1936 25.3588 85.2412
      vertex 15.5 25.5631 85.0369
      vertex 14.9 25.1388 85.4612
    endloop
  endfacet
  facet normal 0 -0.707107 -0.707107
    outer loop
      vertex 15.5 25.5631 85.0369
      vertex 15.4002 25.5084 85.0916
      vertex 15.5 25.5807 85.0193
    endloop
  endfacet
  facet normal -3.71971e-13 -0.707107 -0.707107
    outer loop
      vertex 15.5 27.4016 83.1984
      vertex 15.5 27.3809 83.2191
      vertex 15.4954 27.3842 83.2158
    endloop
  endfacet
  facet normal 0 -0.707107 -0.707107
    outer loop
      vertex -14.9 27.8112 82.7888
      vertex 14.9 27.8258 82.7742
      vertex 14.9 27.8112 82.7888
    endloop
  endfacet
  facet normal 0 -0.707107 -0.707107
    outer loop
      vertex -14.9 27.8112 82.7888
      vertex -14.9 27.8258 82.7742
      vertex 14.9 27.8258 82.7742
    endloop
  endfacet
  facet normal 0 -0.707107 -0.707107
    outer loop
      vertex -14.9 25.1388 85.4612
      vertex -14.9 25.1504 85.4496
      vertex 14.9 25.1388 85.4612
    endloop
  endfacet
  facet normal 0 -0.707107 -0.707107
    outer loop
      vertex 14.9 25.1388 85.4612
      vertex -14.9 25.1504 85.4496
      vertex 14.9 25.1504 85.4496
    endloop
  endfacet
  facet normal -1.09761e-13 -0.707107 -0.707107
    outer loop
      vertex -15.5 27.4016 83.1984
      vertex -15.4 27.4532 83.1468
      vertex -15.4954 27.3842 83.2158
    endloop
  endfacet
  facet normal -2.35938e-13 -0.707107 -0.707107
    outer loop
      vertex -15.5 27.4016 83.1984
      vertex -15.1931 27.6028 82.9972
      vertex -15.4 27.4532 83.1468
    endloop
  endfacet
  facet normal 1.5963e-13 -0.707107 -0.707107
    outer loop
      vertex -14.9 27.8258 82.7742
      vertex -15.1931 27.6028 82.9972
      vertex -15.5 27.4016 83.1984
    endloop
  endfacet
  facet normal -2.63715e-14 -0.707107 -0.707107
    outer loop
      vertex -15.1931 27.6028 82.9972
      vertex -14.9 27.8258 82.7742
      vertex -14.9 27.8112 82.7888
    endloop
  endfacet
  facet normal 1.32213e-12 -0.707107 -0.707107
    outer loop
      vertex -14.9 25.1504 85.4496
      vertex -14.9 25.1388 85.4612
      vertex -14.9038 25.1531 85.4469
    endloop
  endfacet
  facet normal -3.29477e-13 -0.707107 -0.707107
    outer loop
      vertex -14.9 25.1388 85.4612
      vertex -15.1931 25.3588 85.2412
      vertex -14.9038 25.1531 85.4469
    endloop
  endfacet
  facet normal 7.19503e-14 -0.707107 -0.707107
    outer loop
      vertex -15.5 25.5631 85.0369
      vertex -15.1931 25.3588 85.2412
      vertex -14.9 25.1388 85.4612
    endloop
  endfacet
  facet normal -3.7716e-14 -0.707107 -0.707107
    outer loop
      vertex -15.1931 25.3588 85.2412
      vertex -15.5 25.5631 85.0369
      vertex -15.4 25.5084 85.0916
    endloop
  endfacet
  facet normal 0 -0.707107 -0.707107
    outer loop
      vertex -15.4 25.5084 85.0916
      vertex -15.5 25.5631 85.0369
      vertex -15.5 25.5807 85.0193
    endloop
  endfacet
  facet normal 3.71971e-13 -0.707107 -0.707107
    outer loop
      vertex -15.5 27.4016 83.1984
      vertex -15.4954 27.3842 83.2158
      vertex -15.5 27.3809 83.2191
    endloop
  endfacet
  facet normal 0 0 -1
    outer loop
      vertex 15.4002 0.500156 94.3
      vertex 15.5 3.20001 94.3
      vertex 15.5 0.600002 94.3
    endloop
  endfacet
  facet normal -0 0 -1
    outer loop
      vertex 15.5 3.20001 94.3
      vertex 15.4002 0.500156 94.3
      vertex 15.4002 3.29985 94.3
    endloop
  endfacet
  facet normal 0 0 -1
    outer loop
      vertex -15.4 0.499989 94.3
      vertex -15.5 0.600002 94.3
      vertex -15.4 3.3 94.3
    endloop
  endfacet
  facet normal 0 0 1
    outer loop
      vertex -15.5 0.600002 94.3
      vertex -15.4 0.499989 94.3
      vertex -15.1571 0.257145 94.3
    endloop
  endfacet
  facet normal 0 0 -1
    outer loop
      vertex -14.9 3.79999 94.3
      vertex 14.9 3.8 94.3
      vertex 14.9 3.79999 94.3
    endloop
  endfacet
  facet normal 0 0 -1
    outer loop
      vertex -14.9 3.79999 94.3
      vertex -14.9 3.8 94.3
      vertex 14.9 3.8 94.3
    endloop
  endfacet
  facet normal 0 0 -1
    outer loop
      vertex -15.4 3.3 94.3
      vertex -14.9 3.8 94.3
      vertex -14.9 3.79999 94.3
    endloop
  endfacet
  facet normal -0 0 -1
    outer loop
      vertex -15.4 3.3 94.3
      vertex -15.5 3.20001 94.3
      vertex -14.9 3.8 94.3
    endloop
  endfacet
  facet normal 0 0 -1
    outer loop
      vertex -15.5 3.20001 94.3
      vertex -15.4 3.3 94.3
      vertex -15.5 0.600002 94.3
    endloop
  endfacet
  facet normal -0.707016 -0.512969 0.486818
    outer loop
      vertex -14.9 25.1388 85.4612
      vertex -14.9 25.5893 85.9359
      vertex -15.5 25.5631 85.0369
    endloop
  endfacet
  facet normal -0.707 -0.513 0.486808
    outer loop
      vertex -14.9 25.5893 85.9359
      vertex -15.5 26.0352 85.5344
      vertex -15.5 25.5631 85.0369
    endloop
  endfacet
  facet normal 0 -0.725354 0.688376
    outer loop
      vertex -14.9 25.1388 85.4612
      vertex 14.9 25.5893 85.9359
      vertex -14.9 25.5893 85.9359
    endloop
  endfacet
  facet normal 0 -0.725354 0.688376
    outer loop
      vertex 14.9 25.5893 85.9359
      vertex -14.9 25.1388 85.4612
      vertex 14.9 25.1388 85.4612
    endloop
  endfacet
  facet normal 0.707015 -0.512988 0.486798
    outer loop
      vertex 15.5 25.5631 85.0369
      vertex 15.5 26.0352 85.5344
      vertex 14.9 25.1388 85.4612
    endloop
  endfacet
  facet normal 0.707 -0.51298 0.486829
    outer loop
      vertex 15.5 26.0352 85.5344
      vertex 14.9 25.5893 85.9359
      vertex 14.9 25.1388 85.4612
    endloop
  endfacet
  facet normal 0.708195 0.511997 -0.486127
    outer loop
      vertex 14.9008 27.9298 82.8849
      vertex 14.9 27.8258 82.7742
      vertex 14.9 27.9517 82.9068
    endloop
  endfacet
  facet normal 0.666542 0.5409 -0.51298
    outer loop
      vertex 14.901 27.9287 82.884
      vertex 14.9 27.8258 82.7742
      vertex 14.9008 27.9298 82.8849
    endloop
  endfacet
  facet normal 0.710607 0.510142 -0.484555
    outer loop
      vertex 14.9075 27.9243 82.8889
      vertex 14.9 27.8258 82.7742
      vertex 14.901 27.9287 82.884
    endloop
  endfacet
  facet normal 0.706948 0.513059 -0.486822
    outer loop
      vertex 15.3759 27.6108 83.2387
      vertex 14.9 27.8258 82.7742
      vertex 14.9075 27.9243 82.8889
    endloop
  endfacet
  facet normal 0.706931 0.513131 -0.486771
    outer loop
      vertex 14.9 27.8258 82.7742
      vertex 15.3759 27.6108 83.2387
      vertex 15.5 27.4016 83.1984
    endloop
  endfacet
  facet normal 0.706967 0.513057 -0.486795
    outer loop
      vertex 14.9 28.4132 83.3932
      vertex 15.1598 27.9145 83.2449
      vertex 14.901 28.1138 83.0791
    endloop
  endfacet
  facet normal 0.707387 0.513086 -0.486156
    outer loop
      vertex 15.1598 27.9145 83.2449
      vertex 14.9 28.4132 83.3932
      vertex 15.226 27.8635 83.2874
    endloop
  endfacet
  facet normal 0.70949 0.511229 -0.485045
    outer loop
      vertex 14.9 28.4132 83.3932
      vertex 14.901 28.1138 83.0791
      vertex 14.9 28.1057 83.0691
    endloop
  endfacet
  facet normal 0.706951 0.513136 -0.486737
    outer loop
      vertex 15.4749 27.5446 83.3127
      vertex 15.5 27.4016 83.1984
      vertex 15.3759 27.6108 83.2387
    endloop
  endfacet
  facet normal 0.706417 0.513421 -0.48721
    outer loop
      vertex 15.5 27.4016 83.1984
      vertex 15.4749 27.5446 83.3127
      vertex 15.5 27.528 83.3316
    endloop
  endfacet
  facet normal 0.706915 0.512963 -0.486971
    outer loop
      vertex 15.5 27.9674 83.7946
      vertex 15.226 27.8635 83.2874
      vertex 14.9 28.4132 83.3932
    endloop
  endfacet
  facet normal 0.706832 0.513095 -0.486953
    outer loop
      vertex 15.226 27.8635 83.2874
      vertex 15.5 27.9674 83.7946
      vertex 15.5 27.6526 83.4629
    endloop
  endfacet
  facet normal 0 0.725191 -0.688548
    outer loop
      vertex 14.9 27.9517 82.9068
      vertex 14.9 27.8258 82.7742
      vertex -14.9 27.9517 82.9068
    endloop
  endfacet
  facet normal -1 -0 0
    outer loop
      vertex -14.9 27.9517 82.9068
      vertex -14.9 27.8258 82.7742
      vertex -14.9 27.9519 82.9071
    endloop
  endfacet
  facet normal 0 0.725191 -0.688548
    outer loop
      vertex -14.9 27.8258 82.7742
      vertex -14.9 27.9517 82.9068
      vertex 14.9 27.8258 82.7742
    endloop
  endfacet
  facet normal 0 0.725441 -0.688285
    outer loop
      vertex 14.9 28.1057 83.0691
      vertex -14.9 28.4132 83.3932
      vertex 14.9 28.4132 83.3932
    endloop
  endfacet
  facet normal 0 0.725441 -0.688285
    outer loop
      vertex -14.9 28.1057 83.0691
      vertex -14.9 28.4132 83.3932
      vertex 14.9 28.1057 83.0691
    endloop
  endfacet
  facet normal -1 0 0
    outer loop
      vertex -14.9 28.4132 83.3932
      vertex -14.9 28.1057 83.0691
      vertex -14.9 28.1056 83.069
    endloop
  endfacet
  facet normal -0.706935 0.512895 -0.487013
    outer loop
      vertex -15.5 27.4016 83.1984
      vertex -15.0338 27.8574 83.0017
      vertex -14.9 27.8258 82.7742
    endloop
  endfacet
  facet normal -0.706975 0.513017 -0.486827
    outer loop
      vertex -15.0338 27.8574 83.0017
      vertex -15.5 27.4016 83.1984
      vertex -15.5 27.528 83.3316
    endloop
  endfacet
  facet normal -0.706958 0.513003 -0.486866
    outer loop
      vertex -15.5 27.9674 83.7946
      vertex -15.1824 27.8924 83.2544
      vertex -15.5 27.6526 83.4629
    endloop
  endfacet
  facet normal -0.706752 0.513208 -0.486949
    outer loop
      vertex -14.9 27.9519 82.9071
      vertex -14.9 27.8258 82.7742
      vertex -15.0338 27.8574 83.0017
    endloop
  endfacet
  facet normal -0.706934 0.513085 -0.486814
    outer loop
      vertex -15.1292 27.9326 83.2195
      vertex -14.9 28.4132 83.3932
      vertex -14.9 28.1056 83.069
    endloop
  endfacet
  facet normal -0.707001 0.513083 -0.486719
    outer loop
      vertex -15.1824 27.8924 83.2544
      vertex -14.9 28.4132 83.3932
      vertex -15.1292 27.9326 83.2195
    endloop
  endfacet
  facet normal -0.706917 0.513073 -0.486852
    outer loop
      vertex -14.9 28.4132 83.3932
      vertex -15.1824 27.8924 83.2544
      vertex -15.5 27.9674 83.7946
    endloop
  endfacet
  facet normal -0.707 -0.537764 0.459304
    outer loop
      vertex -14.9 25.5893 85.9359
      vertex -14.9 26.0143 86.4335
      vertex -15.5 26.0352 85.5344
    endloop
  endfacet
  facet normal -0.706994 -0.537775 0.4593
    outer loop
      vertex -14.9 26.0143 86.4335
      vertex -15.5 26.4806 86.0559
      vertex -15.5 26.0352 85.5344
    endloop
  endfacet
  facet normal 0 -0.760399 0.649456
    outer loop
      vertex -14.9 25.5893 85.9359
      vertex 14.9 26.0143 86.4335
      vertex -14.9 26.0143 86.4335
    endloop
  endfacet
  facet normal 0 -0.760399 0.649456
    outer loop
      vertex 14.9 26.0143 86.4335
      vertex -14.9 25.5893 85.9359
      vertex 14.9 25.5893 85.9359
    endloop
  endfacet
  facet normal 0.707 -0.537771 0.459297
    outer loop
      vertex 15.5 26.0352 85.5344
      vertex 15.5 26.4806 86.0559
      vertex 14.9 25.5893 85.9359
    endloop
  endfacet
  facet normal 0.706994 -0.537769 0.459308
    outer loop
      vertex 15.5 26.4806 86.0559
      vertex 14.9 26.0143 86.4335
      vertex 14.9 25.5893 85.9359
    endloop
  endfacet
  facet normal 0.706917 0.537797 -0.459394
    outer loop
      vertex 14.9 28.9675 84.0421
      vertex 15.5 27.9674 83.7946
      vertex 14.9 28.4132 83.3932
    endloop
  endfacet
  facet normal 0.706995 0.53781 -0.459259
    outer loop
      vertex 15.5 28.5012 84.4197
      vertex 15.5 27.9674 83.7946
      vertex 14.9 28.9675 84.0421
    endloop
  endfacet
  facet normal 0 0.760356 -0.649507
    outer loop
      vertex 14.9 28.4132 83.3932
      vertex -14.9 28.9675 84.0421
      vertex 14.9 28.9675 84.0421
    endloop
  endfacet
  facet normal 0 0.760356 -0.649507
    outer loop
      vertex -14.9 28.9675 84.0421
      vertex 14.9 28.4132 83.3932
      vertex -14.9 28.4132 83.3932
    endloop
  endfacet
  facet normal -0.706916 0.53787 -0.45931
    outer loop
      vertex -15.5 28.5012 84.4197
      vertex -14.9 28.4132 83.3932
      vertex -15.5 27.9674 83.7946
    endloop
  endfacet
  facet normal -0.706993 0.537739 -0.459344
    outer loop
      vertex -14.9 28.9675 84.0421
      vertex -14.9 28.4132 83.3932
      vertex -15.5 28.5012 84.4197
    endloop
  endfacet
  facet normal -0.706994 -0.561073 0.43053
    outer loop
      vertex -14.9 26.0143 86.4335
      vertex -14.9 26.4127 86.9527
      vertex -15.5 26.4806 86.0559
    endloop
  endfacet
  facet normal -0.706991 -0.561079 0.430528
    outer loop
      vertex -14.9 26.4127 86.9527
      vertex -15.5 26.8981 86.6
      vertex -15.5 26.4806 86.0559
    endloop
  endfacet
  facet normal 0 -0.793351 0.608765
    outer loop
      vertex -14.9 26.0143 86.4335
      vertex 14.9 26.4127 86.9527
      vertex -14.9 26.4127 86.9527
    endloop
  endfacet
  facet normal 0 -0.793351 0.608765
    outer loop
      vertex 14.9 26.4127 86.9527
      vertex -14.9 26.0143 86.4335
      vertex 14.9 26.0143 86.4335
    endloop
  endfacet
  facet normal 0.706994 -0.561076 0.430526
    outer loop
      vertex 15.5 26.4806 86.0559
      vertex 15.5 26.8981 86.6
      vertex 14.9 26.0143 86.4335
    endloop
  endfacet
  facet normal 0.706991 -0.561075 0.430532
    outer loop
      vertex 15.5 26.8981 86.6
      vertex 14.9 26.4127 86.9527
      vertex 14.9 26.0143 86.4335
    endloop
  endfacet
  facet normal 0.706994 0.561067 -0.430538
    outer loop
      vertex 14.9 29.487 84.7191
      vertex 15.5 28.5012 84.4197
      vertex 14.9 28.9675 84.0421
    endloop
  endfacet
  facet normal 0.706991 0.561067 -0.430544
    outer loop
      vertex 15.5 29.0016 85.0718
      vertex 15.5 28.5012 84.4197
      vertex 14.9 29.487 84.7191
    endloop
  endfacet
  facet normal 0 0.793342 -0.608776
    outer loop
      vertex 14.9 28.9675 84.0421
      vertex -14.9 29.487 84.7191
      vertex 14.9 29.487 84.7191
    endloop
  endfacet
  facet normal 0 0.793342 -0.608776
    outer loop
      vertex -14.9 29.487 84.7191
      vertex 14.9 28.9675 84.0421
      vertex -14.9 28.9675 84.0421
    endloop
  endfacet
  facet normal -0.706994 0.561064 -0.430542
    outer loop
      vertex -15.5 29.0016 85.0718
      vertex -14.9 28.9675 84.0421
      vertex -15.5 28.5012 84.4197
    endloop
  endfacet
  facet normal -0.706991 0.56107 -0.43054
    outer loop
      vertex -14.9 29.487 84.7191
      vertex -14.9 28.9675 84.0421
      vertex -15.5 29.0016 85.0718
    endloop
  endfacet
  facet normal -0.706991 -0.582816 0.400612
    outer loop
      vertex -14.9 26.4127 86.9527
      vertex -14.9 26.7834 87.492
      vertex -15.5 26.8981 86.6
    endloop
  endfacet
  facet normal -0.706989 -0.582818 0.40061
    outer loop
      vertex -14.9 26.7834 87.492
      vertex -15.5 27.2866 87.1652
      vertex -15.5 26.8981 86.6
    endloop
  endfacet
  facet normal 0 -0.824091 0.566457
    outer loop
      vertex -14.9 26.4127 86.9527
      vertex 14.9 26.7834 87.492
      vertex -14.9 26.7834 87.492
    endloop
  endfacet
  facet normal 0 -0.824091 0.566457
    outer loop
      vertex 14.9 26.7834 87.492
      vertex -14.9 26.4127 86.9527
      vertex 14.9 26.4127 86.9527
    endloop
  endfacet
  facet normal 0.706991 -0.582817 0.40061
    outer loop
      vertex 15.5 26.8981 86.6
      vertex 15.5 27.2866 87.1652
      vertex 14.9 26.4127 86.9527
    endloop
  endfacet
  facet normal 0.706989 -0.582817 0.400612
    outer loop
      vertex 15.5 27.2866 87.1652
      vertex 14.9 26.7834 87.492
      vertex 14.9 26.4127 86.9527
    endloop
  endfacet
  facet normal 0.70699 0.582867 -0.40054
    outer loop
      vertex 14.9 29.9703 85.4224
      vertex 15.5 29.0016 85.0718
      vertex 14.9 29.487 84.7191
    endloop
  endfacet
  facet normal 0.706991 0.582867 -0.400538
    outer loop
      vertex 15.5 29.4671 85.7492
      vertex 15.5 29.0016 85.0718
      vertex 14.9 29.9703 85.4224
    endloop
  endfacet
  facet normal 0 0.824162 -0.566355
    outer loop
      vertex 14.9 29.487 84.7191
      vertex -14.9 29.9703 85.4224
      vertex 14.9 29.9703 85.4224
    endloop
  endfacet
  facet normal 0 0.824162 -0.566355
    outer loop
      vertex -14.9 29.9703 85.4224
      vertex 14.9 29.487 84.7191
      vertex -14.9 29.487 84.7191
    endloop
  endfacet
  facet normal -0.70699 0.582867 -0.400539
    outer loop
      vertex -15.5 29.4671 85.7492
      vertex -14.9 29.487 84.7191
      vertex -15.5 29.0016 85.0718
    endloop
  endfacet
  facet normal -0.706991 0.582866 -0.400539
    outer loop
      vertex -14.9 29.9703 85.4224
      vertex -14.9 29.487 84.7191
      vertex -15.5 29.4671 85.7492
    endloop
  endfacet
  facet normal -0.706989 -0.603029 0.36949
    outer loop
      vertex -14.9 26.7834 87.492
      vertex -14.9 27.1253 88.05
      vertex -15.5 27.2866 87.1652
    endloop
  endfacet
  facet normal -0.706979 -0.603047 0.36948
    outer loop
      vertex -14.9 27.1253 88.05
      vertex -15.5 27.6449 87.75
      vertex -15.5 27.2866 87.1652
    endloop
  endfacet
  facet normal 0 -0.852669 0.522451
    outer loop
      vertex -14.9 26.7834 87.492
      vertex 14.9 27.1253 88.05
      vertex -14.9 27.1253 88.05
    endloop
  endfacet
  facet normal 0 -0.852669 0.522451
    outer loop
      vertex 14.9 27.1253 88.05
      vertex -14.9 26.7834 87.492
      vertex 14.9 26.7834 87.492
    endloop
  endfacet
  facet normal 0.706989 -0.603039 0.369475
    outer loop
      vertex 15.5 27.2866 87.1652
      vertex 15.5 27.6449 87.75
      vertex 14.9 26.7834 87.492
    endloop
  endfacet
  facet normal 0.706978 -0.603038 0.369496
    outer loop
      vertex 15.5 27.6449 87.75
      vertex 14.9 27.1253 88.05
      vertex 14.9 26.7834 87.492
    endloop
  endfacet
  facet normal 0.70699 0.602998 -0.369539
    outer loop
      vertex 14.9 30.4162 86.15
      vertex 15.5 29.4671 85.7492
      vertex 14.9 29.9703 85.4224
    endloop
  endfacet
  facet normal 0.706977 0.602999 -0.369561
    outer loop
      vertex 15.5 29.8966 86.45
      vertex 15.5 29.4671 85.7492
      vertex 14.9 30.4162 86.15
    endloop
  endfacet
  facet normal 0 0.852627 -0.522521
    outer loop
      vertex 14.9 29.9703 85.4224
      vertex -14.9 30.4162 86.15
      vertex 14.9 30.4162 86.15
    endloop
  endfacet
  facet normal 0 0.852627 -0.522521
    outer loop
      vertex -14.9 30.4162 86.15
      vertex 14.9 29.9703 85.4224
      vertex -14.9 29.9703 85.4224
    endloop
  endfacet
  facet normal -0.70699 0.602988 -0.369554
    outer loop
      vertex -15.5 29.8966 86.45
      vertex -14.9 29.9703 85.4224
      vertex -15.5 29.4671 85.7492
    endloop
  endfacet
  facet normal -0.706978 0.603008 -0.369545
    outer loop
      vertex -14.9 30.4162 86.15
      vertex -14.9 29.9703 85.4224
      vertex -15.5 29.8966 86.45
    endloop
  endfacet
  facet normal -0.706978 -0.62151 0.337502
    outer loop
      vertex -14.9 27.1253 88.05
      vertex -14.9 27.4376 88.6251
      vertex -15.5 27.6449 87.75
    endloop
  endfacet
  facet normal -0.706984 -0.621499 0.337509
    outer loop
      vertex -14.9 27.4376 88.6251
      vertex -15.5 27.9722 88.3527
      vertex -15.5 27.6449 87.75
    endloop
  endfacet
  facet normal 0 -0.878788 0.477213
    outer loop
      vertex -14.9 27.1253 88.05
      vertex 14.9 27.4376 88.6251
      vertex -14.9 27.4376 88.6251
    endloop
  endfacet
  facet normal 0 -0.878788 0.477213
    outer loop
      vertex 14.9 27.4376 88.6251
      vertex -14.9 27.1253 88.05
      vertex 14.9 27.1253 88.05
    endloop
  endfacet
  facet normal 0.706978 -0.621504 0.337512
    outer loop
      vertex 15.5 27.6449 87.75
      vertex 15.5 27.9722 88.3527
      vertex 14.9 27.1253 88.05
    endloop
  endfacet
  facet normal 0.706985 -0.621504 0.337499
    outer loop
      vertex 15.5 27.9722 88.3527
      vertex 14.9 27.4376 88.6251
      vertex 14.9 27.1253 88.05
    endloop
  endfacet
  facet normal 0.706978 0.621537 -0.337453
    outer loop
      vertex 14.9 30.8234 86.9
      vertex 15.5 29.8966 86.45
      vertex 14.9 30.4162 86.15
    endloop
  endfacet
  facet normal 0.706957 0.621541 -0.337489
    outer loop
      vertex 15.5 30.2888 87.1723
      vertex 15.5 29.8966 86.45
      vertex 14.9 30.8234 86.9
    endloop
  endfacet
  facet normal 0 0.878825 -0.477144
    outer loop
      vertex 14.9 30.4162 86.15
      vertex -14.9 30.8234 86.9
      vertex 14.9 30.8234 86.9
    endloop
  endfacet
  facet normal 0 0.878825 -0.477144
    outer loop
      vertex -14.9 30.8234 86.9
      vertex 14.9 30.4162 86.15
      vertex -14.9 30.4162 86.15
    endloop
  endfacet
  facet normal -0.706978 0.621522 -0.337479
    outer loop
      vertex -15.5 30.2888 87.1723
      vertex -14.9 30.4162 86.15
      vertex -15.5 29.8966 86.45
    endloop
  endfacet
  facet normal -0.706957 0.621555 -0.337463
    outer loop
      vertex -14.9 30.8234 86.9
      vertex -14.9 30.4162 86.15
      vertex -15.5 30.2888 87.1723
    endloop
  endfacet
  facet normal -0.706984 -0.638355 0.304426
    outer loop
      vertex -14.9 27.4376 88.6251
      vertex -14.9 27.7193 89.2158
      vertex -15.5 27.9722 88.3527
    endloop
  endfacet
  facet normal -0.706962 -0.638393 0.3044
    outer loop
      vertex -14.9 27.7193 89.2158
      vertex -15.5 28.2674 88.9718
      vertex -15.5 27.9722 88.3527
    endloop
  endfacet
  facet normal 0 -0.902615 0.43045
    outer loop
      vertex -14.9 27.4376 88.6251
      vertex 14.9 27.7193 89.2158
      vertex -14.9 27.7193 89.2158
    endloop
  endfacet
  facet normal 0 -0.902615 0.43045
    outer loop
      vertex 14.9 27.7193 89.2158
      vertex -14.9 27.4376 88.6251
      vertex 14.9 27.4376 88.6251
    endloop
  endfacet
  facet normal 0.706984 -0.638373 0.30439
    outer loop
      vertex 15.5 27.9722 88.3527
      vertex 15.5 28.2674 88.9718
      vertex 14.9 27.4376 88.6251
    endloop
  endfacet
  facet normal 0.706961 -0.638376 0.304437
    outer loop
      vertex 15.5 28.2674 88.9718
      vertex 14.9 27.7193 89.2158
      vertex 14.9 27.4376 88.6251
    endloop
  endfacet
  facet normal 0.70696 0.638346 -0.304503
    outer loop
      vertex 14.9 31.1908 87.6702
      vertex 15.5 30.2888 87.1723
      vertex 14.9 30.8234 86.9
    endloop
  endfacet
  facet normal 0.70696 0.638346 -0.304503
    outer loop
      vertex 15.5 30.6427 87.9142
      vertex 15.5 30.2888 87.1723
      vertex 14.9 31.1908 87.6702
    endloop
  endfacet
  facet normal 0 0.90257 -0.430543
    outer loop
      vertex 14.9 30.8234 86.9
      vertex -14.9 31.1908 87.6702
      vertex 14.9 31.1908 87.6702
    endloop
  endfacet
  facet normal 0 0.90257 -0.430543
    outer loop
      vertex -14.9 31.1908 87.6702
      vertex 14.9 30.8234 86.9
      vertex -14.9 30.8234 86.9
    endloop
  endfacet
  facet normal -0.70696 0.638346 -0.304503
    outer loop
      vertex -15.5 30.6427 87.9142
      vertex -14.9 30.8234 86.9
      vertex -15.5 30.2888 87.1723
    endloop
  endfacet
  facet normal -0.70696 0.638346 -0.304503
    outer loop
      vertex -14.9 31.1908 87.6702
      vertex -14.9 30.8234 86.9
      vertex -15.5 30.6427 87.9142
    endloop
  endfacet
  facet normal -0.706962 -0.65339 0.270715
    outer loop
      vertex -14.9 27.7193 89.2158
      vertex -14.9 27.9698 89.8204
      vertex -15.5 28.2674 88.9718
    endloop
  endfacet
  facet normal -0.706954 -0.653403 0.270704
    outer loop
      vertex -14.9 27.9698 89.8204
      vertex -15.5 28.5299 89.6054
      vertex -15.5 28.2674 88.9718
    endloop
  endfacet
  facet normal 0 -0.923844 0.38277
    outer loop
      vertex -14.9 27.7193 89.2158
      vertex 14.9 27.9698 89.8204
      vertex -14.9 27.9698 89.8204
    endloop
  endfacet
  facet normal 0 -0.923844 0.38277
    outer loop
      vertex 14.9 27.9698 89.8204
      vertex -14.9 27.7193 89.2158
      vertex 14.9 27.7193 89.2158
    endloop
  endfacet
  facet normal 0.706962 -0.653395 0.270701
    outer loop
      vertex 15.5 28.2674 88.9718
      vertex 15.5 28.5299 89.6054
      vertex 14.9 27.7193 89.2158
    endloop
  endfacet
  facet normal 0.706954 -0.653397 0.270718
    outer loop
      vertex 15.5 28.5299 89.6054
      vertex 14.9 27.9698 89.8204
      vertex 14.9 27.7193 89.2158
    endloop
  endfacet
  facet normal 0.706961 0.653436 -0.270607
    outer loop
      vertex 14.9 31.5173 88.4586
      vertex 15.5 30.6427 87.9142
      vertex 14.9 31.1908 87.6702
    endloop
  endfacet
  facet normal 0.706955 0.653438 -0.270617
    outer loop
      vertex 15.5 30.9572 88.6736
      vertex 15.5 30.6427 87.9142
      vertex 14.9 31.5173 88.4586
    endloop
  endfacet
  facet normal 0 0.923907 -0.382617
    outer loop
      vertex 14.9 31.1908 87.6702
      vertex -14.9 31.5173 88.4586
      vertex 14.9 31.5173 88.4586
    endloop
  endfacet
  facet normal 0 0.923907 -0.382617
    outer loop
      vertex -14.9 31.5173 88.4586
      vertex 14.9 31.1908 87.6702
      vertex -14.9 31.1908 87.6702
    endloop
  endfacet
  facet normal -0.706961 0.653433 -0.270614
    outer loop
      vertex -15.5 30.9572 88.6736
      vertex -14.9 31.1908 87.6702
      vertex -15.5 30.6427 87.9142
    endloop
  endfacet
  facet normal -0.706955 0.653441 -0.270609
    outer loop
      vertex -14.9 31.5173 88.4586
      vertex -14.9 31.1908 87.6702
      vertex -15.5 30.9572 88.6736
    endloop
  endfacet
  facet normal -0.706954 -0.666711 0.236035
    outer loop
      vertex -14.9 27.9698 89.8204
      vertex -14.9 28.1882 90.4373
      vertex -15.5 28.5299 89.6054
    endloop
  endfacet
  facet normal -0.706965 -0.666694 0.23605
    outer loop
      vertex -14.9 28.1882 90.4373
      vertex -15.5 28.7588 90.2519
      vertex -15.5 28.5299 89.6054
    endloop
  endfacet
  facet normal 0 -0.942668 0.333731
    outer loop
      vertex -14.9 27.9698 89.8204
      vertex 14.9 28.1882 90.4373
      vertex -14.9 28.1882 90.4373
    endloop
  endfacet
  facet normal 0 -0.942668 0.333731
    outer loop
      vertex 14.9 28.1882 90.4373
      vertex -14.9 27.9698 89.8204
      vertex 14.9 27.9698 89.8204
    endloop
  endfacet
  facet normal 0.706954 -0.666704 0.236054
    outer loop
      vertex 15.5 28.5299 89.6054
      vertex 15.5 28.7588 90.2519
      vertex 14.9 27.9698 89.8204
    endloop
  endfacet
  facet normal 0.706965 -0.6667 0.236031
    outer loop
      vertex 15.5 28.7588 90.2519
      vertex 14.9 28.1882 90.4373
      vertex 14.9 27.9698 89.8204
    endloop
  endfacet
  facet normal 0.706955 0.666679 -0.236122
    outer loop
      vertex 14.9 31.8022 89.263
      vertex 15.5 30.9572 88.6736
      vertex 14.9 31.5173 88.4586
    endloop
  endfacet
  facet normal 0.706964 0.666675 -0.236107
    outer loop
      vertex 15.5 31.2316 89.4484
      vertex 15.5 30.9572 88.6736
      vertex 14.9 31.8022 89.263
    endloop
  endfacet
  facet normal 0 0.942624 -0.333856
    outer loop
      vertex 14.9 31.5173 88.4586
      vertex -14.9 31.8022 89.263
      vertex 14.9 31.8022 89.263
    endloop
  endfacet
  facet normal 0 0.942624 -0.333856
    outer loop
      vertex -14.9 31.8022 89.263
      vertex 14.9 31.5173 88.4586
      vertex -14.9 31.5173 88.4586
    endloop
  endfacet
  facet normal -0.706955 0.666683 -0.23611
    outer loop
      vertex -15.5 31.2316 89.4484
      vertex -14.9 31.5173 88.4586
      vertex -15.5 30.9572 88.6736
    endloop
  endfacet
  facet normal -0.706964 0.66667 -0.236119
    outer loop
      vertex -14.9 31.8022 89.263
      vertex -14.9 31.5173 88.4586
      vertex -15.5 31.2316 89.4484
    endloop
  endfacet
  facet normal -0.706965 -0.678116 0.200895
    outer loop
      vertex -14.9 28.1882 90.4373
      vertex -14.9 28.3741 91.0648
      vertex -15.5 28.7588 90.2519
    endloop
  endfacet
  facet normal -0.706956 -0.67813 0.200882
    outer loop
      vertex -14.9 28.3741 91.0648
      vertex -15.5 28.9536 90.9095
      vertex -15.5 28.7588 90.2519
    endloop
  endfacet
  facet normal 0 -0.958809 0.284052
    outer loop
      vertex -14.9 28.1882 90.4373
      vertex 14.9 28.3741 91.0648
      vertex -14.9 28.3741 91.0648
    endloop
  endfacet
  facet normal 0 -0.958809 0.284052
    outer loop
      vertex 14.9 28.3741 91.0648
      vertex -14.9 28.1882 90.4373
      vertex 14.9 28.1882 90.4373
    endloop
  endfacet
  facet normal 0.706965 -0.678121 0.200879
    outer loop
      vertex 15.5 28.7588 90.2519
      vertex 15.5 28.9536 90.9095
      vertex 14.9 28.1882 90.4373
    endloop
  endfacet
  facet normal 0.706955 -0.678125 0.200898
    outer loop
      vertex 15.5 28.9536 90.9095
      vertex 14.9 28.3741 91.0648
      vertex 14.9 28.1882 90.4373
    endloop
  endfacet
  facet normal 0.706965 0.678122 -0.200876
    outer loop
      vertex 14.9 32.0446 90.0813
      vertex 15.5 31.2316 89.4484
      vertex 14.9 31.8022 89.263
    endloop
  endfacet
  facet normal 0.706996 0.678105 -0.200824
    outer loop
      vertex 15.5 31.465 90.2365
      vertex 15.5 31.2316 89.4484
      vertex 14.9 32.0446 90.0813
    endloop
  endfacet
  facet normal 0 0.958817 -0.284024
    outer loop
      vertex 14.9 31.8022 89.263
      vertex -14.9 32.0446 90.0813
      vertex 14.9 32.0446 90.0813
    endloop
  endfacet
  facet normal 0 0.958817 -0.284024
    outer loop
      vertex -14.9 32.0446 90.0813
      vertex 14.9 31.8022 89.263
      vertex -14.9 31.8022 89.263
    endloop
  endfacet
  facet normal -0.706964 0.678135 -0.200833
    outer loop
      vertex -15.5 31.465 90.2365
      vertex -14.9 31.8022 89.263
      vertex -15.5 31.2316 89.4484
    endloop
  endfacet
  facet normal -0.706995 0.678093 -0.200867
    outer loop
      vertex -14.9 32.0446 90.0813
      vertex -14.9 31.8022 89.263
      vertex -15.5 31.465 90.2365
    endloop
  endfacet
  facet normal -0.706954 -0.687733 0.165043
    outer loop
      vertex -14.9 28.3741 91.0648
      vertex -14.9 28.5268 91.7011
      vertex -15.5 28.9536 90.9095
    endloop
  endfacet
  facet normal -0.706986 -0.687689 0.165091
    outer loop
      vertex -14.9 28.5268 91.7011
      vertex -15.5 29.1137 91.5764
      vertex -15.5 28.9536 90.9095
    endloop
  endfacet
  facet normal 0 -0.972391 0.233356
    outer loop
      vertex -14.9 28.3741 91.0648
      vertex 14.9 28.5268 91.7011
      vertex -14.9 28.5268 91.7011
    endloop
  endfacet
  facet normal 0 -0.972391 0.233356
    outer loop
      vertex 14.9 28.5268 91.7011
      vertex -14.9 28.3741 91.0648
      vertex 14.9 28.3741 91.0648
    endloop
  endfacet
  facet normal 0.706955 -0.687719 0.165098
    outer loop
      vertex 15.5 28.9536 90.9095
      vertex 15.5 29.1137 91.5764
      vertex 14.9 28.3741 91.0648
    endloop
  endfacet
  facet normal 0.706987 -0.687702 0.165035
    outer loop
      vertex 15.5 29.1137 91.5764
      vertex 14.9 28.5268 91.7011
      vertex 14.9 28.3741 91.0648
    endloop
  endfacet
  facet normal 0.706999 0.687673 -0.165101
    outer loop
      vertex 14.9 32.2438 90.911
      vertex 15.5 31.465 90.2365
      vertex 14.9 32.0446 90.0813
    endloop
  endfacet
  facet normal 0.706999 0.687673 -0.1651
    outer loop
      vertex 15.5 31.6569 91.0358
      vertex 15.5 31.465 90.2365
      vertex 14.9 32.2438 90.911
    endloop
  endfacet
  facet normal 0 0.972368 -0.233453
    outer loop
      vertex 14.9 32.0446 90.0813
      vertex -14.9 32.2438 90.911
      vertex 14.9 32.2438 90.911
    endloop
  endfacet
  facet normal 0 0.972368 -0.233453
    outer loop
      vertex -14.9 32.2438 90.911
      vertex 14.9 32.0446 90.0813
      vertex -14.9 32.0446 90.0813
    endloop
  endfacet
  facet normal -0.706999 0.687674 -0.1651
    outer loop
      vertex -15.5 31.6569 91.0358
      vertex -14.9 32.0446 90.0813
      vertex -15.5 31.465 90.2365
    endloop
  endfacet
  facet normal -0.706999 0.687673 -0.165101
    outer loop
      vertex -14.9 32.2438 90.911
      vertex -14.9 32.0446 90.0813
      vertex -15.5 31.6569 91.0358
    endloop
  endfacet
  facet normal -0.706988 -0.695377 0.128918
    outer loop
      vertex -14.9 28.5268 91.7011
      vertex -14.9 28.6461 92.3446
      vertex -15.5 29.1137 91.5764
    endloop
  endfacet
  facet normal -0.706982 -0.695384 0.128909
    outer loop
      vertex -14.9 28.6461 92.3446
      vertex -15.5 29.2387 92.2507
      vertex -15.5 29.1137 91.5764
    endloop
  endfacet
  facet normal 0 -0.983246 0.182286
    outer loop
      vertex -14.9 28.5268 91.7011
      vertex 14.9 28.6461 92.3446
      vertex -14.9 28.6461 92.3446
    endloop
  endfacet
  facet normal 0 -0.983246 0.182286
    outer loop
      vertex 14.9 28.6461 92.3446
      vertex -14.9 28.5268 91.7011
      vertex 14.9 28.5268 91.7011
    endloop
  endfacet
  facet normal 0.706988 -0.695379 0.128908
    outer loop
      vertex 15.5 29.1137 91.5764
      vertex 15.5 29.2387 92.2507
      vertex 14.9 28.5268 91.7011
    endloop
  endfacet
  facet normal 0.706982 -0.695382 0.128919
    outer loop
      vertex 15.5 29.2387 92.2507
      vertex 14.9 28.6461 92.3446
      vertex 14.9 28.5268 91.7011
    endloop
  endfacet
  facet normal 0.706998 0.695376 -0.128865
    outer loop
      vertex 14.9 32.3993 91.7501
      vertex 15.5 31.6569 91.0358
      vertex 14.9 32.2438 90.911
    endloop
  endfacet
  facet normal 0.706982 0.695387 -0.12889
    outer loop
      vertex 15.5 31.8067 91.844
      vertex 15.5 31.6569 91.0358
      vertex 14.9 32.3993 91.7501
    endloop
  endfacet
  facet normal 0 0.983259 -0.182215
    outer loop
      vertex 14.9 32.2438 90.911
      vertex -14.9 32.3993 91.7501
      vertex 14.9 32.3993 91.7501
    endloop
  endfacet
  facet normal 0 0.983259 -0.182215
    outer loop
      vertex -14.9 32.3993 91.7501
      vertex 14.9 32.2438 90.911
      vertex -14.9 32.2438 90.911
    endloop
  endfacet
  facet normal -0.706998 0.695372 -0.128887
    outer loop
      vertex -15.5 31.8067 91.844
      vertex -14.9 32.2438 90.911
      vertex -15.5 31.6569 91.0358
    endloop
  endfacet
  facet normal -0.706982 0.695391 -0.128868
    outer loop
      vertex -14.9 32.3993 91.7501
      vertex -14.9 32.2438 90.911
      vertex -15.5 31.8067 91.844
    endloop
  endfacet
  facet normal -0.706981 -0.701185 0.0922953
    outer loop
      vertex -14.9 28.6461 92.3446
      vertex -14.9 28.7315 92.9934
      vertex -15.5 29.2387 92.2507
    endloop
  endfacet
  facet normal -0.706977 -0.701189 0.0922889
    outer loop
      vertex -14.9 28.7315 92.9934
      vertex -15.5 29.3282 92.9307
      vertex -15.5 29.2387 92.2507
    endloop
  endfacet
  facet normal 0 -0.991448 0.130502
    outer loop
      vertex -14.9 28.6461 92.3446
      vertex 14.9 28.7315 92.9934
      vertex -14.9 28.7315 92.9934
    endloop
  endfacet
  facet normal 0 -0.991448 0.130502
    outer loop
      vertex 14.9 28.7315 92.9934
      vertex -14.9 28.6461 92.3446
      vertex 14.9 28.6461 92.3446
    endloop
  endfacet
  facet normal 0.706981 -0.701186 0.0922884
    outer loop
      vertex 15.5 29.2387 92.2507
      vertex 15.5 29.3282 92.9307
      vertex 14.9 28.6461 92.3446
    endloop
  endfacet
  facet normal 0.706977 -0.701188 0.0922958
    outer loop
      vertex 15.5 29.3282 92.9307
      vertex 14.9 28.7315 92.9934
      vertex 14.9 28.6461 92.3446
    endloop
  endfacet
  facet normal 0.706981 0.701181 -0.0923195
    outer loop
      vertex 14.9 32.5107 92.5962
      vertex 15.5 31.8067 91.844
      vertex 14.9 32.3993 91.7501
    endloop
  endfacet
  facet normal 0.706976 0.701185 -0.0923268
    outer loop
      vertex 15.5 31.914 92.6589
      vertex 15.5 31.8067 91.844
      vertex 14.9 32.5107 92.5962
    endloop
  endfacet
  facet normal 0 0.991444 -0.130536
    outer loop
      vertex 14.9 32.3993 91.7501
      vertex -14.9 32.5107 92.5962
      vertex 14.9 32.5107 92.5962
    endloop
  endfacet
  facet normal 0 0.991444 -0.130536
    outer loop
      vertex -14.9 32.5107 92.5962
      vertex 14.9 32.3993 91.7501
      vertex -14.9 32.3993 91.7501
    endloop
  endfacet
  facet normal -0.706981 0.70118 -0.0923262
    outer loop
      vertex -15.5 31.914 92.6589
      vertex -14.9 32.3993 91.7501
      vertex -15.5 31.8067 91.844
    endloop
  endfacet
  facet normal -0.706977 0.701186 -0.0923201
    outer loop
      vertex -14.9 32.5107 92.5962
      vertex -14.9 32.3993 91.7501
      vertex -15.5 31.914 92.6589
    endloop
  endfacet
  facet normal -0.706978 -0.705051 0.0555482
    outer loop
      vertex -14.9 28.7315 92.9934
      vertex -14.9 28.7829 93.6458
      vertex -15.5 29.3282 92.9307
    endloop
  endfacet
  facet normal -0.70694 -0.705094 0.0554835
    outer loop
      vertex -14.9 28.7829 93.6458
      vertex -15.5 29.382 93.6144
      vertex -15.5 29.3282 92.9307
    endloop
  endfacet
  facet normal 0 -0.996911 0.0785426
    outer loop
      vertex -14.9 28.7315 92.9934
      vertex 14.9 28.7829 93.6458
      vertex -14.9 28.7829 93.6458
    endloop
  endfacet
  facet normal 0 -0.996911 0.0785426
    outer loop
      vertex 14.9 28.7829 93.6458
      vertex -14.9 28.7315 92.9934
      vertex 14.9 28.7315 92.9934
    endloop
  endfacet
  facet normal 0.706977 -0.705057 0.0554806
    outer loop
      vertex 15.5 29.3282 92.9307
      vertex 15.5 29.382 93.6144
      vertex 14.9 28.7315 92.9934
    endloop
  endfacet
  facet normal 0.706939 -0.70509 0.0555512
    outer loop
      vertex 15.5 29.382 93.6144
      vertex 14.9 28.7829 93.6458
      vertex 14.9 28.7315 92.9934
    endloop
  endfacet
  facet normal 0.706977 0.70506 -0.0554467
    outer loop
      vertex 14.9 32.5776 93.4469
      vertex 15.5 31.914 92.6589
      vertex 14.9 32.5107 92.5962
    endloop
  endfacet
  facet normal 0.70694 0.705093 -0.0555022
    outer loop
      vertex 15.5 31.9785 93.4783
      vertex 15.5 31.914 92.6589
      vertex 14.9 32.5776 93.4469
    endloop
  endfacet
  facet normal 0 0.996922 -0.0783991
    outer loop
      vertex 14.9 32.5107 92.5962
      vertex -14.9 32.5776 93.4469
      vertex 14.9 32.5776 93.4469
    endloop
  endfacet
  facet normal 0 0.996922 -0.0783991
    outer loop
      vertex -14.9 32.5776 93.4469
      vertex 14.9 32.5107 92.5962
      vertex -14.9 32.5107 92.5962
    endloop
  endfacet
  facet normal -0.706977 0.705055 -0.0554992
    outer loop
      vertex -15.5 31.9785 93.4783
      vertex -14.9 32.5107 92.5962
      vertex -15.5 31.914 92.6589
    endloop
  endfacet
  facet normal -0.70694 0.705096 -0.0554496
    outer loop
      vertex -14.9 32.5776 93.4469
      vertex -14.9 32.5107 92.5962
      vertex -15.5 31.9785 93.4783
    endloop
  endfacet
  facet normal -0.706939 -0.707033 0.018481
    outer loop
      vertex -14.9 28.7829 93.6458
      vertex -14.9 28.8 94.3
      vertex -15.5 29.382 93.6144
    endloop
  endfacet
  facet normal -0.706985 -0.706985 0.0185614
    outer loop
      vertex -14.9 28.8 94.3
      vertex -15.5 29.4 94.3
      vertex -15.5 29.382 93.6144
    endloop
  endfacet
  facet normal 0 -0.999659 0.0261299
    outer loop
      vertex -14.9 28.7829 93.6458
      vertex 14.9 28.8 94.3
      vertex -14.9 28.8 94.3
    endloop
  endfacet
  facet normal 0 -0.999659 0.0261299
    outer loop
      vertex 14.9 28.8 94.3
      vertex -14.9 28.7829 93.6458
      vertex 14.9 28.7829 93.6458
    endloop
  endfacet
  facet normal 0.70694 -0.707029 0.0185626
    outer loop
      vertex 15.5 29.382 93.6144
      vertex 15.5 29.4 94.3
      vertex 14.9 28.7829 93.6458
    endloop
  endfacet
  facet normal 0.706986 -0.706986 0.0184798
    outer loop
      vertex 15.5 29.4 94.3
      vertex 14.9 28.8 94.3
      vertex 14.9 28.7829 93.6458
    endloop
  endfacet
  facet normal 0.70694 0.707029 -0.0185646
    outer loop
      vertex 14.9 32.6 94.3
      vertex 15.5 31.9785 93.4783
      vertex 14.9 32.5776 93.4469
    endloop
  endfacet
  facet normal 0.706986 0.706986 -0.0184985
    outer loop
      vertex 15.5 32 94.3
      vertex 15.5 31.9785 93.4783
      vertex 14.9 32.6 94.3
    endloop
  endfacet
  facet normal 0 0.999655 -0.0262481
    outer loop
      vertex 14.9 32.5776 93.4469
      vertex -14.9 32.6 94.3
      vertex 14.9 32.6 94.3
    endloop
  endfacet
  facet normal 0 0.999655 -0.0262481
    outer loop
      vertex -14.9 32.6 94.3
      vertex 14.9 32.5776 93.4469
      vertex -14.9 32.5776 93.4469
    endloop
  endfacet
  facet normal -0.70694 0.707032 -0.0184997
    outer loop
      vertex -15.5 32 94.3
      vertex -14.9 32.5776 93.4469
      vertex -15.5 31.9785 93.4783
    endloop
  endfacet
  facet normal -0.706985 0.706985 -0.0185634
    outer loop
      vertex -14.9 32.6 94.3
      vertex -14.9 32.5776 93.4469
      vertex -15.5 32 94.3
    endloop
  endfacet
  facet normal -0.706986 -0.706986 -0.0184798
    outer loop
      vertex -14.9 28.8 94.3
      vertex -14.9 28.7829 94.9542
      vertex -15.5 29.4 94.3
    endloop
  endfacet
  facet normal -0.70694 -0.707029 -0.0185626
    outer loop
      vertex -15.5 29.4 94.3
      vertex -14.9 28.7829 94.9542
      vertex -15.5 29.382 94.9856
    endloop
  endfacet
  facet normal 0 -0.999659 -0.0261299
    outer loop
      vertex -14.9 28.8 94.3
      vertex 14.9 28.7829 94.9542
      vertex -14.9 28.7829 94.9542
    endloop
  endfacet
  facet normal 0 -0.999659 -0.0261299
    outer loop
      vertex 14.9 28.7829 94.9542
      vertex -14.9 28.8 94.3
      vertex 14.9 28.8 94.3
    endloop
  endfacet
  facet normal 0.706985 -0.706985 -0.0185614
    outer loop
      vertex 15.5 29.4 94.3
      vertex 15.5 29.382 94.9856
      vertex 14.9 28.8 94.3
    endloop
  endfacet
  facet normal 0.706939 -0.707033 -0.018481
    outer loop
      vertex 14.9 28.8 94.3
      vertex 15.5 29.382 94.9856
      vertex 14.9 28.7829 94.9542
    endloop
  endfacet
  facet normal 0.706985 0.706985 0.0185634
    outer loop
      vertex 15.5 32 94.3
      vertex 14.9 32.6 94.3
      vertex 14.9 32.5776 95.1531
    endloop
  endfacet
  facet normal 0.70694 0.707032 0.0184997
    outer loop
      vertex 15.5 31.9785 95.1217
      vertex 15.5 32 94.3
      vertex 14.9 32.5776 95.1531
    endloop
  endfacet
  facet normal 0 0.999655 0.0262481
    outer loop
      vertex 14.9 32.6 94.3
      vertex -14.9 32.5776 95.1531
      vertex 14.9 32.5776 95.1531
    endloop
  endfacet
  facet normal 0 0.999655 0.0262481
    outer loop
      vertex -14.9 32.5776 95.1531
      vertex 14.9 32.6 94.3
      vertex -14.9 32.6 94.3
    endloop
  endfacet
  facet normal -0.706986 0.706986 0.0184985
    outer loop
      vertex -14.9 32.6 94.3
      vertex -15.5 32 94.3
      vertex -15.5 31.9785 95.1217
    endloop
  endfacet
  facet normal -0.70694 0.707029 0.0185646
    outer loop
      vertex -14.9 32.5776 95.1531
      vertex -14.9 32.6 94.3
      vertex -15.5 31.9785 95.1217
    endloop
  endfacet
  facet normal -0.706939 -0.70509 -0.0555512
    outer loop
      vertex -14.9 28.7829 94.9542
      vertex -14.9 28.7315 95.6066
      vertex -15.5 29.382 94.9856
    endloop
  endfacet
  facet normal -0.706977 -0.705057 -0.0554806
    outer loop
      vertex -15.5 29.382 94.9856
      vertex -14.9 28.7315 95.6066
      vertex -15.5 29.3282 95.6693
    endloop
  endfacet
  facet normal 0 -0.996911 -0.0785426
    outer loop
      vertex -14.9 28.7829 94.9542
      vertex 14.9 28.7315 95.6066
      vertex -14.9 28.7315 95.6066
    endloop
  endfacet
  facet normal 0 -0.996911 -0.0785426
    outer loop
      vertex 14.9 28.7315 95.6066
      vertex -14.9 28.7829 94.9542
      vertex 14.9 28.7829 94.9542
    endloop
  endfacet
  facet normal 0.70694 -0.705094 -0.0554835
    outer loop
      vertex 15.5 29.382 94.9856
      vertex 15.5 29.3282 95.6693
      vertex 14.9 28.7829 94.9542
    endloop
  endfacet
  facet normal 0.706978 -0.705051 -0.0555482
    outer loop
      vertex 14.9 28.7829 94.9542
      vertex 15.5 29.3282 95.6693
      vertex 14.9 28.7315 95.6066
    endloop
  endfacet
  facet normal 0.70694 0.705096 0.0554496
    outer loop
      vertex 15.5 31.9785 95.1217
      vertex 14.9 32.5776 95.1531
      vertex 14.9 32.5107 96.0038
    endloop
  endfacet
  facet normal 0.706977 0.705055 0.0554992
    outer loop
      vertex 15.5 31.914 95.9411
      vertex 15.5 31.9785 95.1217
      vertex 14.9 32.5107 96.0038
    endloop
  endfacet
  facet normal 0 0.996922 0.0783991
    outer loop
      vertex 14.9 32.5776 95.1531
      vertex -14.9 32.5107 96.0038
      vertex 14.9 32.5107 96.0038
    endloop
  endfacet
  facet normal 0 0.996922 0.0783991
    outer loop
      vertex -14.9 32.5107 96.0038
      vertex 14.9 32.5776 95.1531
      vertex -14.9 32.5776 95.1531
    endloop
  endfacet
  facet normal -0.70694 0.705093 0.0555022
    outer loop
      vertex -14.9 32.5776 95.1531
      vertex -15.5 31.9785 95.1217
      vertex -15.5 31.914 95.9411
    endloop
  endfacet
  facet normal -0.706977 0.70506 0.0554467
    outer loop
      vertex -14.9 32.5107 96.0038
      vertex -14.9 32.5776 95.1531
      vertex -15.5 31.914 95.9411
    endloop
  endfacet
  facet normal -0.706977 -0.701188 -0.0922958
    outer loop
      vertex -14.9 28.7315 95.6066
      vertex -14.9 28.6461 96.2554
      vertex -15.5 29.3282 95.6693
    endloop
  endfacet
  facet normal -0.706981 -0.701186 -0.0922884
    outer loop
      vertex -15.5 29.3282 95.6693
      vertex -14.9 28.6461 96.2554
      vertex -15.5 29.2387 96.3493
    endloop
  endfacet
  facet normal 0 -0.991448 -0.130502
    outer loop
      vertex -14.9 28.7315 95.6066
      vertex 14.9 28.6461 96.2554
      vertex -14.9 28.6461 96.2554
    endloop
  endfacet
  facet normal 0 -0.991448 -0.130502
    outer loop
      vertex 14.9 28.6461 96.2554
      vertex -14.9 28.7315 95.6066
      vertex 14.9 28.7315 95.6066
    endloop
  endfacet
  facet normal 0.706977 -0.701189 -0.0922889
    outer loop
      vertex 15.5 29.3282 95.6693
      vertex 15.5 29.2387 96.3493
      vertex 14.9 28.7315 95.6066
    endloop
  endfacet
  facet normal 0.706981 -0.701185 -0.0922953
    outer loop
      vertex 14.9 28.7315 95.6066
      vertex 15.5 29.2387 96.3493
      vertex 14.9 28.6461 96.2554
    endloop
  endfacet
  facet normal 0.706977 0.701186 0.0923201
    outer loop
      vertex 15.5 31.914 95.9411
      vertex 14.9 32.5107 96.0038
      vertex 14.9 32.3993 96.8499
    endloop
  endfacet
  facet normal 0.706981 0.70118 0.0923262
    outer loop
      vertex 15.5 31.8067 96.756
      vertex 15.5 31.914 95.9411
      vertex 14.9 32.3993 96.8499
    endloop
  endfacet
  facet normal 0 0.991444 0.130536
    outer loop
      vertex 14.9 32.5107 96.0038
      vertex -14.9 32.3993 96.8499
      vertex 14.9 32.3993 96.8499
    endloop
  endfacet
  facet normal 0 0.991444 0.130536
    outer loop
      vertex -14.9 32.3993 96.8499
      vertex 14.9 32.5107 96.0038
      vertex -14.9 32.5107 96.0038
    endloop
  endfacet
  facet normal -0.706976 0.701185 0.0923268
    outer loop
      vertex -14.9 32.5107 96.0038
      vertex -15.5 31.914 95.9411
      vertex -15.5 31.8067 96.756
    endloop
  endfacet
  facet normal -0.706981 0.701181 0.0923195
    outer loop
      vertex -14.9 32.3993 96.8499
      vertex -14.9 32.5107 96.0038
      vertex -15.5 31.8067 96.756
    endloop
  endfacet
  facet normal -0.706982 -0.695382 -0.128919
    outer loop
      vertex -14.9 28.6461 96.2554
      vertex -14.9 28.5268 96.8989
      vertex -15.5 29.2387 96.3493
    endloop
  endfacet
  facet normal -0.706988 -0.695379 -0.128908
    outer loop
      vertex -15.5 29.2387 96.3493
      vertex -14.9 28.5268 96.8989
      vertex -15.5 29.1137 97.0236
    endloop
  endfacet
  facet normal 0 -0.983246 -0.182286
    outer loop
      vertex -14.9 28.6461 96.2554
      vertex 14.9 28.5268 96.8989
      vertex -14.9 28.5268 96.8989
    endloop
  endfacet
  facet normal 0 -0.983246 -0.182286
    outer loop
      vertex 14.9 28.5268 96.8989
      vertex -14.9 28.6461 96.2554
      vertex 14.9 28.6461 96.2554
    endloop
  endfacet
  facet normal 0.706982 -0.695384 -0.128909
    outer loop
      vertex 15.5 29.2387 96.3493
      vertex 15.5 29.1137 97.0236
      vertex 14.9 28.6461 96.2554
    endloop
  endfacet
  facet normal 0.706988 -0.695377 -0.128918
    outer loop
      vertex 14.9 28.6461 96.2554
      vertex 15.5 29.1137 97.0236
      vertex 14.9 28.5268 96.8989
    endloop
  endfacet
  facet normal 0.706982 0.695391 0.128868
    outer loop
      vertex 15.5 31.8067 96.756
      vertex 14.9 32.3993 96.8499
      vertex 14.9 32.2438 97.689
    endloop
  endfacet
  facet normal 0.706998 0.695372 0.128887
    outer loop
      vertex 15.5 31.6569 97.5642
      vertex 15.5 31.8067 96.756
      vertex 14.9 32.2438 97.689
    endloop
  endfacet
  facet normal 0 0.983259 0.182215
    outer loop
      vertex 14.9 32.3993 96.8499
      vertex -14.9 32.2438 97.689
      vertex 14.9 32.2438 97.689
    endloop
  endfacet
  facet normal 0 0.983259 0.182215
    outer loop
      vertex -14.9 32.2438 97.689
      vertex 14.9 32.3993 96.8499
      vertex -14.9 32.3993 96.8499
    endloop
  endfacet
  facet normal -0.706982 0.695387 0.12889
    outer loop
      vertex -14.9 32.3993 96.8499
      vertex -15.5 31.8067 96.756
      vertex -15.5 31.6569 97.5642
    endloop
  endfacet
  facet normal -0.706998 0.695376 0.128865
    outer loop
      vertex -14.9 32.2438 97.689
      vertex -14.9 32.3993 96.8499
      vertex -15.5 31.6569 97.5642
    endloop
  endfacet
  facet normal -0.706987 -0.687702 -0.165035
    outer loop
      vertex -14.9 28.5268 96.8989
      vertex -14.9 28.3741 97.5352
      vertex -15.5 29.1137 97.0236
    endloop
  endfacet
  facet normal -0.706955 -0.687719 -0.165098
    outer loop
      vertex -15.5 29.1137 97.0236
      vertex -14.9 28.3741 97.5352
      vertex -15.5 28.9536 97.6905
    endloop
  endfacet
  facet normal 0 -0.972391 -0.233356
    outer loop
      vertex -14.9 28.5268 96.8989
      vertex 14.9 28.3741 97.5352
      vertex -14.9 28.3741 97.5352
    endloop
  endfacet
  facet normal 0 -0.972391 -0.233356
    outer loop
      vertex 14.9 28.3741 97.5352
      vertex -14.9 28.5268 96.8989
      vertex 14.9 28.5268 96.8989
    endloop
  endfacet
  facet normal 0.706986 -0.687689 -0.165091
    outer loop
      vertex 15.5 29.1137 97.0236
      vertex 15.5 28.9536 97.6905
      vertex 14.9 28.5268 96.8989
    endloop
  endfacet
  facet normal 0.706954 -0.687733 -0.165043
    outer loop
      vertex 14.9 28.5268 96.8989
      vertex 15.5 28.9536 97.6905
      vertex 14.9 28.3741 97.5352
    endloop
  endfacet
  facet normal 0.706999 0.687673 0.165101
    outer loop
      vertex 15.5 31.6569 97.5642
      vertex 14.9 32.2438 97.689
      vertex 14.9 32.0446 98.5187
    endloop
  endfacet
  facet normal 0.706999 0.687674 0.1651
    outer loop
      vertex 15.5 31.465 98.3635
      vertex 15.5 31.6569 97.5642
      vertex 14.9 32.0446 98.5187
    endloop
  endfacet
  facet normal 0 0.972368 0.233453
    outer loop
      vertex 14.9 32.2438 97.689
      vertex -14.9 32.0446 98.5187
      vertex 14.9 32.0446 98.5187
    endloop
  endfacet
  facet normal 0 0.972368 0.233453
    outer loop
      vertex -14.9 32.0446 98.5187
      vertex 14.9 32.2438 97.689
      vertex -14.9 32.2438 97.689
    endloop
  endfacet
  facet normal -0.706999 0.687673 0.1651
    outer loop
      vertex -14.9 32.2438 97.689
      vertex -15.5 31.6569 97.5642
      vertex -15.5 31.465 98.3635
    endloop
  endfacet
  facet normal -0.706999 0.687673 0.165101
    outer loop
      vertex -14.9 32.0446 98.5187
      vertex -14.9 32.2438 97.689
      vertex -15.5 31.465 98.3635
    endloop
  endfacet
  facet normal -0.706955 -0.678125 -0.200898
    outer loop
      vertex -14.9 28.3741 97.5352
      vertex -14.9 28.1882 98.1627
      vertex -15.5 28.9536 97.6905
    endloop
  endfacet
  facet normal -0.706965 -0.678121 -0.200879
    outer loop
      vertex -15.5 28.9536 97.6905
      vertex -14.9 28.1882 98.1627
      vertex -15.5 28.7588 98.3481
    endloop
  endfacet
  facet normal 0 -0.958809 -0.284052
    outer loop
      vertex -14.9 28.3741 97.5352
      vertex 14.9 28.1882 98.1627
      vertex -14.9 28.1882 98.1627
    endloop
  endfacet
  facet normal 0 -0.958809 -0.284052
    outer loop
      vertex 14.9 28.1882 98.1627
      vertex -14.9 28.3741 97.5352
      vertex 14.9 28.3741 97.5352
    endloop
  endfacet
  facet normal 0.706956 -0.67813 -0.200882
    outer loop
      vertex 15.5 28.9536 97.6905
      vertex 15.5 28.7588 98.3481
      vertex 14.9 28.3741 97.5352
    endloop
  endfacet
  facet normal 0.706965 -0.678116 -0.200895
    outer loop
      vertex 14.9 28.3741 97.5352
      vertex 15.5 28.7588 98.3481
      vertex 14.9 28.1882 98.1627
    endloop
  endfacet
  facet normal 0.706995 0.678093 0.200867
    outer loop
      vertex 15.5 31.465 98.3635
      vertex 14.9 32.0446 98.5187
      vertex 14.9 31.8022 99.337
    endloop
  endfacet
  facet normal 0.706964 0.678135 0.200833
    outer loop
      vertex 15.5 31.2316 99.1516
      vertex 15.5 31.465 98.3635
      vertex 14.9 31.8022 99.337
    endloop
  endfacet
  facet normal 0 0.958817 0.284024
    outer loop
      vertex 14.9 32.0446 98.5187
      vertex -14.9 31.8022 99.337
      vertex 14.9 31.8022 99.337
    endloop
  endfacet
  facet normal 0 0.958817 0.284024
    outer loop
      vertex -14.9 31.8022 99.337
      vertex 14.9 32.0446 98.5187
      vertex -14.9 32.0446 98.5187
    endloop
  endfacet
  facet normal -0.706996 0.678105 0.200824
    outer loop
      vertex -14.9 32.0446 98.5187
      vertex -15.5 31.465 98.3635
      vertex -15.5 31.2316 99.1516
    endloop
  endfacet
  facet normal -0.706965 0.678122 0.200876
    outer loop
      vertex -14.9 31.8022 99.337
      vertex -14.9 32.0446 98.5187
      vertex -15.5 31.2316 99.1516
    endloop
  endfacet
  facet normal -0.706965 -0.6667 -0.236031
    outer loop
      vertex -14.9 28.1882 98.1627
      vertex -14.9 27.9698 98.7796
      vertex -15.5 28.7588 98.3481
    endloop
  endfacet
  facet normal -0.706954 -0.666704 -0.236054
    outer loop
      vertex -15.5 28.7588 98.3481
      vertex -14.9 27.9698 98.7796
      vertex -15.5 28.5299 98.9946
    endloop
  endfacet
  facet normal 0 -0.942668 -0.333731
    outer loop
      vertex -14.9 28.1882 98.1627
      vertex 14.9 27.9698 98.7796
      vertex -14.9 27.9698 98.7796
    endloop
  endfacet
  facet normal 0 -0.942668 -0.333731
    outer loop
      vertex 14.9 27.9698 98.7796
      vertex -14.9 28.1882 98.1627
      vertex 14.9 28.1882 98.1627
    endloop
  endfacet
  facet normal 0.706965 -0.666694 -0.23605
    outer loop
      vertex 15.5 28.7588 98.3481
      vertex 15.5 28.5299 98.9946
      vertex 14.9 28.1882 98.1627
    endloop
  endfacet
  facet normal 0.706954 -0.666711 -0.236035
    outer loop
      vertex 14.9 28.1882 98.1627
      vertex 15.5 28.5299 98.9946
      vertex 14.9 27.9698 98.7796
    endloop
  endfacet
  facet normal 0.706963 0.666635 0.236224
    outer loop
      vertex 15.5 31.2316 99.1516
      vertex 14.9 31.8022 99.337
      vertex 14.9 31.5173 100.141
    endloop
  endfacet
  facet normal 0.706876 0.666758 0.236136
    outer loop
      vertex 15.5 30.9572 99.9264
      vertex 15.5 31.2316 99.1516
      vertex 14.9 31.5173 100.141
    endloop
  endfacet
  facet normal 0 0.942572 0.334003
    outer loop
      vertex 14.9 31.8022 99.337
      vertex -14.9 31.5173 100.141
      vertex 14.9 31.5173 100.141
    endloop
  endfacet
  facet normal 0 0.942572 0.334003
    outer loop
      vertex -14.9 31.5173 100.141
      vertex 14.9 31.8022 99.337
      vertex -14.9 31.8022 99.337
    endloop
  endfacet
  facet normal -0.706964 0.666675 0.236107
    outer loop
      vertex -14.9 31.8022 99.337
      vertex -15.5 31.2316 99.1516
      vertex -15.5 30.9572 99.9264
    endloop
  endfacet
  facet normal -0.706878 0.666715 0.236253
    outer loop
      vertex -14.9 31.5173 100.141
      vertex -14.9 31.8022 99.337
      vertex -15.5 30.9572 99.9264
    endloop
  endfacet
  facet normal -0.706954 -0.653397 -0.270718
    outer loop
      vertex -14.9 27.9698 98.7796
      vertex -14.9 27.7193 99.3842
      vertex -15.5 28.5299 98.9946
    endloop
  endfacet
  facet normal -0.706962 -0.653395 -0.270701
    outer loop
      vertex -15.5 28.5299 98.9946
      vertex -14.9 27.7193 99.3842
      vertex -15.5 28.2674 99.6282
    endloop
  endfacet
  facet normal 0 -0.923844 -0.38277
    outer loop
      vertex -14.9 27.9698 98.7796
      vertex 14.9 27.7193 99.3842
      vertex -14.9 27.7193 99.3842
    endloop
  endfacet
  facet normal 0 -0.923844 -0.38277
    outer loop
      vertex 14.9 27.7193 99.3842
      vertex -14.9 27.9698 98.7796
      vertex 14.9 27.9698 98.7796
    endloop
  endfacet
  facet normal 0.706954 -0.653403 -0.270704
    outer loop
      vertex 15.5 28.5299 98.9946
      vertex 15.5 28.2674 99.6282
      vertex 14.9 27.9698 98.7796
    endloop
  endfacet
  facet normal 0.706962 -0.65339 -0.270715
    outer loop
      vertex 14.9 27.9698 98.7796
      vertex 15.5 28.2674 99.6282
      vertex 14.9 27.7193 99.3842
    endloop
  endfacet
  facet normal 0.706868 0.653594 0.270467
    outer loop
      vertex 15.5 30.9572 99.9264
      vertex 14.9 31.5173 100.141
      vertex 14.9 31.1908 100.93
    endloop
  endfacet
  facet normal 0.70696 0.653459 0.270554
    outer loop
      vertex 15.5 30.6427 100.686
      vertex 15.5 30.9572 99.9264
      vertex 14.9 31.1908 100.93
    endloop
  endfacet
  facet normal 0 0.92401 0.382369
    outer loop
      vertex 14.9 31.5173 100.141
      vertex -14.9 31.1908 100.93
      vertex 14.9 31.1908 100.93
    endloop
  endfacet
  facet normal 0 0.92401 0.382369
    outer loop
      vertex -14.9 31.1908 100.93
      vertex 14.9 31.5173 100.141
      vertex -14.9 31.5173 100.141
    endloop
  endfacet
  facet normal -0.706866 0.653546 0.27059
    outer loop
      vertex -14.9 31.5173 100.141
      vertex -15.5 30.9572 99.9264
      vertex -15.5 30.6427 100.686
    endloop
  endfacet
  facet normal -0.706958 0.653511 0.270433
    outer loop
      vertex -14.9 31.1908 100.93
      vertex -14.9 31.5173 100.141
      vertex -15.5 30.6427 100.686
    endloop
  endfacet
  facet normal -0.706961 -0.638376 -0.304437
    outer loop
      vertex -14.9 27.7193 99.3842
      vertex -14.9 27.4376 99.9749
      vertex -15.5 28.2674 99.6282
    endloop
  endfacet
  facet normal -0.706909 -0.638383 -0.304542
    outer loop
      vertex -15.5 28.2674 99.6282
      vertex -14.9 27.4376 99.9749
      vertex -15.5 27.9722 100.247
    endloop
  endfacet
  facet normal 0 -0.902615 -0.43045
    outer loop
      vertex -14.9 27.7193 99.3842
      vertex 14.9 27.4376 99.9749
      vertex -14.9 27.4376 99.9749
    endloop
  endfacet
  facet normal 0 -0.902615 -0.43045
    outer loop
      vertex 14.9 27.4376 99.9749
      vertex -14.9 27.7193 99.3842
      vertex 14.9 27.7193 99.3842
    endloop
  endfacet
  facet normal 0.70696 -0.638338 -0.304521
    outer loop
      vertex 15.5 28.2674 99.6282
      vertex 15.5 27.9722 100.247
      vertex 14.9 27.7193 99.3842
    endloop
  endfacet
  facet normal 0.706908 -0.638424 -0.304459
    outer loop
      vertex 14.9 27.7193 99.3842
      vertex 15.5 27.9722 100.247
      vertex 14.9 27.4376 99.9749
    endloop
  endfacet
  facet normal 0.706959 0.638316 0.304568
    outer loop
      vertex 15.5 30.6427 100.686
      vertex 14.9 31.1908 100.93
      vertex 14.9 30.8234 101.7
    endloop
  endfacet
  facet normal 0.706883 0.638431 0.304502
    outer loop
      vertex 15.5 30.2888 101.428
      vertex 15.5 30.6427 100.686
      vertex 14.9 30.8234 101.7
    endloop
  endfacet
  facet normal 0 0.902527 0.430634
    outer loop
      vertex 14.9 31.1908 100.93
      vertex -14.9 30.8234 101.7
      vertex 14.9 30.8234 101.7
    endloop
  endfacet
  facet normal 0 0.902527 0.430634
    outer loop
      vertex -14.9 30.8234 101.7
      vertex 14.9 31.1908 100.93
      vertex -14.9 31.1908 100.93
    endloop
  endfacet
  facet normal -0.706961 0.638361 0.304469
    outer loop
      vertex -14.9 31.1908 100.93
      vertex -15.5 30.6427 100.686
      vertex -15.5 30.2888 101.428
    endloop
  endfacet
  facet normal -0.706885 0.638383 0.3046
    outer loop
      vertex -14.9 30.8234 101.7
      vertex -14.9 31.1908 100.93
      vertex -15.5 30.2888 101.428
    endloop
  endfacet
  facet normal -0.7069 -0.621578 -0.337539
    outer loop
      vertex -14.9 27.4376 99.9749
      vertex -14.9 27.1253 100.55
      vertex -15.5 27.9722 100.247
    endloop
  endfacet
  facet normal -0.706976 -0.621576 -0.337383
    outer loop
      vertex -15.5 27.9722 100.247
      vertex -14.9 27.1253 100.55
      vertex -15.5 27.6449 100.85
    endloop
  endfacet
  facet normal 0 -0.878788 -0.477213
    outer loop
      vertex -14.9 27.4376 99.9749
      vertex 14.9 27.1253 100.55
      vertex -14.9 27.1253 100.55
    endloop
  endfacet
  facet normal 0 -0.878788 -0.477213
    outer loop
      vertex 14.9 27.1253 100.55
      vertex -14.9 27.4376 99.9749
      vertex 14.9 27.4376 99.9749
    endloop
  endfacet
  facet normal 0.706902 -0.621642 -0.337418
    outer loop
      vertex 15.5 27.9722 100.247
      vertex 15.5 27.6449 100.85
      vertex 14.9 27.4376 99.9749
    endloop
  endfacet
  facet normal 0.706978 -0.62151 -0.337502
    outer loop
      vertex 14.9 27.4376 99.9749
      vertex 15.5 27.6449 100.85
      vertex 14.9 27.1253 100.55
    endloop
  endfacet
  facet normal 0.706873 0.621629 0.337503
    outer loop
      vertex 15.5 30.2888 101.428
      vertex 14.9 30.8234 101.7
      vertex 14.9 30.4162 102.45
    endloop
  endfacet
  facet normal 0.70698 0.621462 0.337587
    outer loop
      vertex 15.5 29.8966 102.15
      vertex 15.5 30.2888 101.428
      vertex 14.9 30.4162 102.45
    endloop
  endfacet
  facet normal 0 0.878825 0.477144
    outer loop
      vertex 14.9 30.8234 101.7
      vertex -14.9 30.4162 102.45
      vertex 14.9 30.4162 102.45
    endloop
  endfacet
  facet normal 0 0.878825 0.477144
    outer loop
      vertex -14.9 30.4162 102.45
      vertex 14.9 30.8234 101.7
      vertex -14.9 30.8234 101.7
    endloop
  endfacet
  facet normal -0.706871 0.621558 0.337638
    outer loop
      vertex -14.9 30.8234 101.7
      vertex -15.5 30.2888 101.428
      vertex -15.5 29.8966 102.15
    endloop
  endfacet
  facet normal -0.706978 0.621537 0.337453
    outer loop
      vertex -14.9 30.4162 102.45
      vertex -14.9 30.8234 101.7
      vertex -15.5 29.8966 102.15
    endloop
  endfacet
  facet normal -0.706978 -0.603038 -0.369496
    outer loop
      vertex -14.9 27.1253 100.55
      vertex -14.9 26.7834 101.108
      vertex -15.5 27.6449 100.85
    endloop
  endfacet
  facet normal -0.707049 -0.603044 -0.369351
    outer loop
      vertex -15.5 27.6449 100.85
      vertex -14.9 26.7834 101.108
      vertex -15.5 27.2866 101.435
    endloop
  endfacet
  facet normal 0 -0.852669 -0.522451
    outer loop
      vertex -14.9 27.1253 100.55
      vertex 14.9 26.7834 101.108
      vertex -14.9 26.7834 101.108
    endloop
  endfacet
  facet normal 0 -0.852669 -0.522451
    outer loop
      vertex 14.9 26.7834 101.108
      vertex -14.9 27.1253 100.55
      vertex 14.9 27.1253 100.55
    endloop
  endfacet
  facet normal 0.70698 -0.603102 -0.369387
    outer loop
      vertex 15.5 27.6449 100.85
      vertex 15.5 27.2866 101.435
      vertex 14.9 27.1253 100.55
    endloop
  endfacet
  facet normal 0.707051 -0.602976 -0.369458
    outer loop
      vertex 14.9 27.1253 100.55
      vertex 15.5 27.2866 101.435
      vertex 14.9 26.7834 101.108
    endloop
  endfacet
  facet normal 0.70698 0.603097 0.369397
    outer loop
      vertex 15.5 29.8966 102.15
      vertex 14.9 30.4162 102.45
      vertex 14.9 29.9703 103.178
    endloop
  endfacet
  facet normal 0.70705 0.602984 0.369446
    outer loop
      vertex 15.5 29.4671 102.851
      vertex 15.5 29.8966 102.15
      vertex 14.9 29.9703 103.178
    endloop
  endfacet
  facet normal 0 0.852754 0.522312
    outer loop
      vertex 14.9 30.4162 102.45
      vertex -14.9 29.9703 103.178
      vertex 14.9 29.9703 103.178
    endloop
  endfacet
  facet normal 0 0.852754 0.522312
    outer loop
      vertex -14.9 29.9703 103.178
      vertex 14.9 30.4162 102.45
      vertex -14.9 30.4162 102.45
    endloop
  endfacet
  facet normal -0.706979 0.603045 0.369483
    outer loop
      vertex -14.9 30.4162 102.45
      vertex -15.5 29.8966 102.15
      vertex -15.5 29.4671 102.851
    endloop
  endfacet
  facet normal -0.707049 0.603038 0.369361
    outer loop
      vertex -14.9 29.9703 103.178
      vertex -14.9 30.4162 102.45
      vertex -15.5 29.4671 102.851
    endloop
  endfacet
  facet normal -0.707054 -0.58266 -0.400727
    outer loop
      vertex -14.9 26.7834 101.108
      vertex -14.9 26.4127 101.647
      vertex -15.5 27.2866 101.435
    endloop
  endfacet
  facet normal -0.707093 -0.582667 -0.400648
    outer loop
      vertex -15.5 27.2866 101.435
      vertex -14.9 26.4127 101.647
      vertex -15.5 26.8981 102
    endloop
  endfacet
  facet normal 0 -0.823944 -0.566672
    outer loop
      vertex -14.9 26.7834 101.108
      vertex 14.9 26.4127 101.647
      vertex -14.9 26.4127 101.647
    endloop
  endfacet
  facet normal 0 -0.823944 -0.566672
    outer loop
      vertex 14.9 26.4127 101.647
      vertex -14.9 26.7834 101.108
      vertex 14.9 26.7834 101.108
    endloop
  endfacet
  facet normal 0.707055 -0.582698 -0.40067
    outer loop
      vertex 15.5 27.2866 101.435
      vertex 15.5 26.8981 102
      vertex 14.9 26.7834 101.108
    endloop
  endfacet
  facet normal 0.707093 -0.582627 -0.400705
    outer loop
      vertex 14.9 26.7834 101.108
      vertex 15.5 26.8981 102
      vertex 14.9 26.4127 101.647
    endloop
  endfacet
  facet normal 0.707056 0.582733 0.400618
    outer loop
      vertex 15.5 29.4671 102.851
      vertex 14.9 29.9703 103.178
      vertex 14.9 29.487 103.881
    endloop
  endfacet
  facet normal 0.707092 0.582672 0.400641
    outer loop
      vertex 15.5 29.0016 103.528
      vertex 15.5 29.4671 102.851
      vertex 14.9 29.487 103.881
    endloop
  endfacet
  facet normal 0 0.824049 0.566519
    outer loop
      vertex 14.9 29.9703 103.178
      vertex -14.9 29.487 103.881
      vertex 14.9 29.487 103.881
    endloop
  endfacet
  facet normal 0 0.824049 0.566519
    outer loop
      vertex -14.9 29.487 103.881
      vertex 14.9 29.9703 103.178
      vertex -14.9 29.9703 103.178
    endloop
  endfacet
  facet normal -0.707055 0.582703 0.400662
    outer loop
      vertex -14.9 29.9703 103.178
      vertex -15.5 29.4671 102.851
      vertex -15.5 29.0016 103.528
    endloop
  endfacet
  facet normal -0.707092 0.582703 0.400598
    outer loop
      vertex -14.9 29.487 103.881
      vertex -14.9 29.9703 103.178
      vertex -15.5 29.0016 103.528
    endloop
  endfacet
  facet normal -0.707105 -0.561304 -0.430046
    outer loop
      vertex -14.9 26.4127 101.647
      vertex -14.9 26.0143 102.167
      vertex -15.5 26.8981 102
    endloop
  endfacet
  facet normal -0.70678 -0.561208 -0.430707
    outer loop
      vertex -15.5 26.8981 102
      vertex -14.9 26.0143 102.167
      vertex -15.5 26.4806 102.544
    endloop
  endfacet
  facet normal 0 -0.793803 -0.608175
    outer loop
      vertex -14.9 26.4127 101.647
      vertex 14.9 26.0143 102.167
      vertex -14.9 26.0143 102.167
    endloop
  endfacet
  facet normal 0 -0.793803 -0.608175
    outer loop
      vertex 14.9 26.0143 102.167
      vertex -14.9 26.4127 101.647
      vertex 14.9 26.4127 101.647
    endloop
  endfacet
  facet normal 0.707098 -0.560956 -0.430513
    outer loop
      vertex 15.5 26.8981 102
      vertex 15.5 26.4806 102.544
      vertex 14.9 26.4127 101.647
    endloop
  endfacet
  facet normal 0.706772 -0.561569 -0.430248
    outer loop
      vertex 14.9 26.4127 101.647
      vertex 15.5 26.4806 102.544
      vertex 14.9 26.0143 102.167
    endloop
  endfacet
  facet normal 0.707099 0.560984 0.430475
    outer loop
      vertex 15.5 29.0016 103.528
      vertex 14.9 29.487 103.881
      vertex 14.9 28.9675 104.558
    endloop
  endfacet
  facet normal 0.707139 0.560918 0.430496
    outer loop
      vertex 15.5 28.5012 104.18
      vertex 15.5 29.0016 103.528
      vertex 14.9 28.9675 104.558
    endloop
  endfacet
  facet normal 0 0.793342 0.608776
    outer loop
      vertex 14.9 29.487 103.881
      vertex -14.9 28.9675 104.558
      vertex 14.9 28.9675 104.558
    endloop
  endfacet
  facet normal 0 0.793342 0.608776
    outer loop
      vertex -14.9 28.9675 104.558
      vertex 14.9 29.487 103.881
      vertex -14.9 29.487 103.881
    endloop
  endfacet
  facet normal -0.707098 0.56095 0.43052
    outer loop
      vertex -14.9 29.487 103.881
      vertex -15.5 29.0016 103.528
      vertex -15.5 28.5012 104.18
    endloop
  endfacet
  facet normal -0.707138 0.560953 0.430451
    outer loop
      vertex -14.9 28.9675 104.558
      vertex -14.9 29.487 103.881
      vertex -15.5 28.5012 104.18
    endloop
  endfacet
  facet normal -0.706758 -0.537674 -0.459782
    outer loop
      vertex -14.9 26.0143 102.167
      vertex -14.9 25.5893 102.664
      vertex -15.5 26.4806 102.544
    endloop
  endfacet
  facet normal -0.707187 -0.537846 -0.458921
    outer loop
      vertex -15.5 26.4806 102.544
      vertex -14.9 25.5893 102.664
      vertex -15.5 26.0352 103.066
    endloop
  endfacet
  facet normal 0 -0.760012 -0.649909
    outer loop
      vertex -14.9 26.0143 102.167
      vertex 14.9 25.5893 102.664
      vertex -14.9 25.5893 102.664
    endloop
  endfacet
  facet normal 0 -0.760012 -0.649909
    outer loop
      vertex 14.9 25.5893 102.664
      vertex -14.9 26.0143 102.167
      vertex 14.9 26.0143 102.167
    endloop
  endfacet
  facet normal 0.706769 -0.538164 -0.459192
    outer loop
      vertex 15.5 26.4806 102.544
      vertex 15.5 26.0352 103.066
      vertex 14.9 26.0143 102.167
    endloop
  endfacet
  facet normal 0.707197 -0.537341 -0.459497
    outer loop
      vertex 14.9 26.0143 102.167
      vertex 15.5 26.0352 103.066
      vertex 14.9 25.5893 102.664
    endloop
  endfacet
  facet normal 0.707147 0.537657 0.459204
    outer loop
      vertex 15.5 28.5012 104.18
      vertex 14.9 28.9675 104.558
      vertex 14.9 28.4132 105.207
    endloop
  endfacet
  facet normal 0.707146 0.537658 0.459203
    outer loop
      vertex 15.5 27.9674 104.805
      vertex 15.5 28.5012 104.18
      vertex 14.9 28.4132 105.207
    endloop
  endfacet
  facet normal 0 0.760405 0.649449
    outer loop
      vertex 14.9 28.9675 104.558
      vertex -14.9 28.4132 105.207
      vertex 14.9 28.4132 105.207
    endloop
  endfacet
  facet normal 0 0.760405 0.649449
    outer loop
      vertex -14.9 28.4132 105.207
      vertex 14.9 28.9675 104.558
      vertex -14.9 28.9675 104.558
    endloop
  endfacet
  facet normal -0.707147 0.537658 0.459203
    outer loop
      vertex -14.9 28.9675 104.558
      vertex -15.5 28.5012 104.18
      vertex -15.5 27.9674 104.805
    endloop
  endfacet
  facet normal -0.707146 0.537657 0.459204
    outer loop
      vertex -14.9 28.4132 105.207
      vertex -14.9 28.9675 104.558
      vertex -15.5 27.9674 104.805
    endloop
  endfacet
  facet normal -0.707205 -0.512985 -0.486526
    outer loop
      vertex -14.9 25.5893 102.664
      vertex -14.9 25.1388 103.139
      vertex -15.5 26.0352 103.066
    endloop
  endfacet
  facet normal -0.706898 -0.512829 -0.487136
    outer loop
      vertex -15.5 26.0352 103.066
      vertex -14.9 25.1388 103.139
      vertex -15.5 25.5631 103.563
    endloop
  endfacet
  facet normal 0 -0.725571 -0.688147
    outer loop
      vertex -14.9 25.5893 102.664
      vertex 14.9 25.1388 103.139
      vertex -14.9 25.1388 103.139
    endloop
  endfacet
  facet normal 0 -0.725571 -0.688147
    outer loop
      vertex 14.9 25.1388 103.139
      vertex -14.9 25.5893 102.664
      vertex 14.9 25.5893 102.664
    endloop
  endfacet
  facet normal 0.707198 -0.512611 -0.486929
    outer loop
      vertex 15.5 26.0352 103.066
      vertex 15.5 25.5631 103.563
      vertex 14.9 25.5893 102.664
    endloop
  endfacet
  facet normal 0.706891 -0.513213 -0.486742
    outer loop
      vertex 14.9 25.5893 102.664
      vertex 15.5 25.5631 103.563
      vertex 14.9 25.1388 103.139
    endloop
  endfacet
  facet normal 0.70716 0.512882 0.4867
    outer loop
      vertex 15.5 27.9674 104.805
      vertex 14.9 28.4132 105.207
      vertex 14.9 27.8258 105.826
    endloop
  endfacet
  facet normal 0.706845 0.513421 0.486589
    outer loop
      vertex 15.5 27.4016 105.402
      vertex 15.5 27.9674 104.805
      vertex 14.9 27.8258 105.826
    endloop
  endfacet
  facet normal 0 0.72538 0.688349
    outer loop
      vertex 14.9 28.4132 105.207
      vertex -14.9 27.8258 105.826
      vertex 14.9 27.8258 105.826
    endloop
  endfacet
  facet normal 0 0.72538 0.688349
    outer loop
      vertex -14.9 27.8258 105.826
      vertex 14.9 28.4132 105.207
      vertex -14.9 28.4132 105.207
    endloop
  endfacet
  facet normal -0.707166 0.513188 0.486368
    outer loop
      vertex -14.9 28.4132 105.207
      vertex -15.5 27.9674 104.805
      vertex -15.5 27.4016 105.402
    endloop
  endfacet
  facet normal -0.706851 0.513106 0.486912
    outer loop
      vertex -14.9 27.8258 105.826
      vertex -14.9 28.4132 105.207
      vertex -15.5 27.4016 105.402
    endloop
  endfacet
  facet normal -0.706882 -0.486625 -0.513336
    outer loop
      vertex -14.9 25.1388 103.139
      vertex -14.9 24.6641 103.589
      vertex -15.5 25.5631 103.563
    endloop
  endfacet
  facet normal -0.707044 -0.486724 -0.513019
    outer loop
      vertex -15.5 25.5631 103.563
      vertex -14.9 24.6641 103.589
      vertex -15.5 25.0656 104.035
    endloop
  endfacet
  facet normal 0 -0.687974 -0.725736
    outer loop
      vertex -14.9 24.6641 103.589
      vertex 14.9 25.1388 103.139
      vertex 14.9 24.6641 103.589
    endloop
  endfacet
  facet normal -0 -0.687974 -0.725736
    outer loop
      vertex 14.9 25.1388 103.139
      vertex -14.9 24.6641 103.589
      vertex -14.9 25.1388 103.139
    endloop
  endfacet
  facet normal 0.706886 -0.486832 -0.513134
    outer loop
      vertex 15.5 25.5631 103.563
      vertex 15.5 25.0656 104.035
      vertex 14.9 25.1388 103.139
    endloop
  endfacet
  facet normal 0.707048 -0.486512 -0.513216
    outer loop
      vertex 14.9 25.1388 103.139
      vertex 15.5 25.0656 104.035
      vertex 14.9 24.6641 103.589
    endloop
  endfacet
  facet normal 0.706843 0.486743 0.513277
    outer loop
      vertex 15.5 27.4016 105.402
      vertex 14.9 27.8258 105.826
      vertex 14.9 27.2068 106.413
    endloop
  endfacet
  facet normal 0.70705 0.486386 0.513331
    outer loop
      vertex 15.5 26.8053 105.967
      vertex 15.5 27.4016 105.402
      vertex 14.9 27.2068 106.413
    endloop
  endfacet
  facet normal -0 0.688102 0.725614
    outer loop
      vertex -14.9 27.8258 105.826
      vertex 14.9 27.2068 106.413
      vertex 14.9 27.8258 105.826
    endloop
  endfacet
  facet normal 0 0.688102 0.725614
    outer loop
      vertex 14.9 27.2068 106.413
      vertex -14.9 27.8258 105.826
      vertex -14.9 27.2068 106.413
    endloop
  endfacet
  facet normal -0.706839 0.486531 0.513484
    outer loop
      vertex -14.9 27.8258 105.826
      vertex -15.5 27.4016 105.402
      vertex -15.5 26.8053 105.967
    endloop
  endfacet
  facet normal -0.707046 0.486604 0.513131
    outer loop
      vertex -14.9 27.2068 106.413
      vertex -14.9 27.8258 105.826
      vertex -15.5 26.8053 105.967
    endloop
  endfacet
  facet normal -0.707045 -0.459275 -0.53773
    outer loop
      vertex -14.9 24.6641 103.589
      vertex -14.9 24.1665 104.014
      vertex -15.5 25.0656 104.035
    endloop
  endfacet
  facet normal -0.707301 -0.459458 -0.537236
    outer loop
      vertex -15.5 25.0656 104.035
      vertex -14.9 24.1665 104.014
      vertex -15.5 24.5441 104.481
    endloop
  endfacet
  facet normal 0 -0.649456 -0.760399
    outer loop
      vertex -14.9 24.1665 104.014
      vertex 14.9 24.6641 103.589
      vertex 14.9 24.1665 104.014
    endloop
  endfacet
  facet normal -0 -0.649456 -0.760399
    outer loop
      vertex 14.9 24.6641 103.589
      vertex -14.9 24.1665 104.014
      vertex -14.9 24.6641 103.589
    endloop
  endfacet
  facet normal 0.707051 -0.459621 -0.537427
    outer loop
      vertex 15.5 25.0656 104.035
      vertex 15.5 24.5441 104.481
      vertex 14.9 24.6641 103.589
    endloop
  endfacet
  facet normal 0.707308 -0.459105 -0.53753
    outer loop
      vertex 14.9 24.6641 103.589
      vertex 15.5 24.5441 104.481
      vertex 14.9 24.1665 104.014
    endloop
  endfacet
  facet normal 0.707043 0.459169 0.537824
    outer loop
      vertex 15.5 26.8053 105.967
      vertex 14.9 27.2068 106.413
      vertex 14.9 26.5579 106.967
    endloop
  endfacet
  facet normal 0.706858 0.45949 0.537793
    outer loop
      vertex 15.5 26.1803 106.501
      vertex 15.5 26.8053 105.967
      vertex 14.9 26.5579 106.967
    endloop
  endfacet
  facet normal -0 0.649304 0.760529
    outer loop
      vertex -14.9 27.2068 106.413
      vertex 14.9 26.5579 106.967
      vertex 14.9 27.2068 106.413
    endloop
  endfacet
  facet normal 0 0.649304 0.760529
    outer loop
      vertex 14.9 26.5579 106.967
      vertex -14.9 27.2068 106.413
      vertex -14.9 26.5579 106.967
    endloop
  endfacet
  facet normal -0.707046 0.459368 0.537649
    outer loop
      vertex -14.9 27.2068 106.413
      vertex -15.5 26.8053 105.967
      vertex -15.5 26.1803 106.501
    endloop
  endfacet
  facet normal -0.706861 0.459286 0.537962
    outer loop
      vertex -14.9 26.5579 106.967
      vertex -14.9 27.2068 106.413
      vertex -15.5 26.1803 106.501
    endloop
  endfacet
  facet normal -0.707328 -0.430735 -0.560495
    outer loop
      vertex -14.9 24.1665 104.014
      vertex -14.9 23.6473 104.413
      vertex -15.5 24.5441 104.481
    endloop
  endfacet
  facet normal -0.706809 -0.430314 -0.561472
    outer loop
      vertex -15.5 24.5441 104.481
      vertex -14.9 23.6473 104.413
      vertex -15.5 24 104.898
    endloop
  endfacet
  facet normal 0 -0.609342 -0.792908
    outer loop
      vertex -14.9 23.6473 104.413
      vertex 14.9 24.1665 104.014
      vertex 14.9 23.6473 104.413
    endloop
  endfacet
  facet normal -0 -0.609342 -0.792908
    outer loop
      vertex 14.9 24.1665 104.014
      vertex -14.9 23.6473 104.413
      vertex -14.9 24.1665 104.014
    endloop
  endfacet
  facet normal 0.707316 -0.430006 -0.56107
    outer loop
      vertex 15.5 24.5441 104.481
      vertex 15.5 24 104.898
      vertex 14.9 24.1665 104.014
    endloop
  endfacet
  facet normal 0.706797 -0.431058 -0.560916
    outer loop
      vertex 14.9 24.1665 104.014
      vertex 15.5 24 104.898
      vertex 14.9 23.6473 104.413
    endloop
  endfacet
  facet normal 0.706858 0.430881 0.560975
    outer loop
      vertex 15.5 26.1803 106.501
      vertex 14.9 26.5579 106.967
      vertex 14.9 25.8809 107.487
    endloop
  endfacet
  facet normal 0.706798 0.430986 0.56097
    outer loop
      vertex 15.5 25.5282 107.002
      vertex 15.5 26.1803 106.501
      vertex 14.9 25.8809 107.487
    endloop
  endfacet
  facet normal -0 0.609144 0.793059
    outer loop
      vertex -14.9 26.5579 106.967
      vertex 14.9 25.8809 107.487
      vertex 14.9 26.5579 106.967
    endloop
  endfacet
  facet normal 0 0.609144 0.793059
    outer loop
      vertex 14.9 25.8809 107.487
      vertex -14.9 26.5579 106.967
      vertex -14.9 25.8809 107.487
    endloop
  endfacet
  facet normal -0.706859 0.430949 0.560921
    outer loop
      vertex -14.9 26.5579 106.967
      vertex -15.5 26.1803 106.501
      vertex -15.5 25.5282 107.002
    endloop
  endfacet
  facet normal -0.7068 0.430917 0.561021
    outer loop
      vertex -14.9 25.8809 107.487
      vertex -14.9 26.5579 106.967
      vertex -15.5 25.5282 107.002
    endloop
  endfacet
  facet normal -0.706788 -0.400212 -0.583336
    outer loop
      vertex -14.9 23.6473 104.413
      vertex -14.9 23.108 104.783
      vertex -15.5 24 104.898
    endloop
  endfacet
  facet normal -0.707372 -0.400743 -0.582263
    outer loop
      vertex -15.5 24 104.898
      vertex -14.9 23.108 104.783
      vertex -15.5 23.4348 105.287
    endloop
  endfacet
  facet normal 0 -0.56573 -0.82459
    outer loop
      vertex -14.9 23.108 104.783
      vertex 14.9 23.6473 104.413
      vertex 14.9 23.108 104.783
    endloop
  endfacet
  facet normal -0 -0.56573 -0.82459
    outer loop
      vertex 14.9 23.6473 104.413
      vertex -14.9 23.108 104.783
      vertex -14.9 23.6473 104.413
    endloop
  endfacet
  facet normal 0.706802 -0.401066 -0.582732
    outer loop
      vertex 15.5 24 104.898
      vertex 15.5 23.4348 105.287
      vertex 14.9 23.6473 104.413
    endloop
  endfacet
  facet normal 0.707386 -0.399874 -0.582843
    outer loop
      vertex 14.9 23.6473 104.413
      vertex 15.5 23.4348 105.287
      vertex 14.9 23.108 104.783
    endloop
  endfacet
  facet normal 0.706793 0.400482 0.583145
    outer loop
      vertex 15.5 25.5282 107.002
      vertex 14.9 25.8809 107.487
      vertex 14.9 25.1776 107.97
    endloop
  endfacet
  facet normal 0.706898 0.400298 0.583144
    outer loop
      vertex 15.5 24.8508 107.467
      vertex 15.5 25.5282 107.002
      vertex 14.9 25.1776 107.97
    endloop
  endfacet
  facet normal -0 0.566116 0.824326
    outer loop
      vertex -14.9 25.8809 107.487
      vertex 14.9 25.1776 107.97
      vertex 14.9 25.8809 107.487
    endloop
  endfacet
  facet normal 0 0.566116 0.824326
    outer loop
      vertex 14.9 25.1776 107.97
      vertex -14.9 25.8809 107.487
      vertex -14.9 25.1776 107.97
    endloop
  endfacet
  facet normal -0.70679 0.400359 0.583232
    outer loop
      vertex -14.9 25.8809 107.487
      vertex -15.5 25.5282 107.002
      vertex -15.5 24.8508 107.467
    endloop
  endfacet
  facet normal -0.706896 0.400424 0.58306
    outer loop
      vertex -14.9 25.1776 107.97
      vertex -14.9 25.8809 107.487
      vertex -15.5 24.8508 107.467
    endloop
  endfacet
  facet normal -0.707392 -0.369358 -0.602637
    outer loop
      vertex -14.9 23.108 104.783
      vertex -14.9 22.55 105.125
      vertex -15.5 23.4348 105.287
    endloop
  endfacet
  facet normal -0.707183 -0.369148 -0.603011
    outer loop
      vertex -15.5 23.4348 105.287
      vertex -14.9 22.55 105.125
      vertex -15.5 22.85 105.645
    endloop
  endfacet
  facet normal 0 -0.522562 -0.852601
    outer loop
      vertex -14.9 22.55 105.125
      vertex 14.9 23.108 104.783
      vertex 14.9 22.55 105.125
    endloop
  endfacet
  facet normal -0 -0.522562 -0.852601
    outer loop
      vertex 14.9 23.108 104.783
      vertex -14.9 22.55 105.125
      vertex -14.9 23.108 104.783
    endloop
  endfacet
  facet normal 0.707387 -0.369041 -0.602836
    outer loop
      vertex 15.5 23.4348 105.287
      vertex 15.5 22.85 105.645
      vertex 14.9 23.108 104.783
    endloop
  endfacet
  facet normal 0.707178 -0.36947 -0.602819
    outer loop
      vertex 14.9 23.108 104.783
      vertex 15.5 22.85 105.645
      vertex 14.9 22.55 105.125
    endloop
  endfacet
  facet normal 0.70689 0.369651 0.603046
    outer loop
      vertex 15.5 24.8508 107.467
      vertex 14.9 25.1776 107.97
      vertex 14.9 24.45 108.416
    endloop
  endfacet
  facet normal 0.706671 0.370033 0.603068
    outer loop
      vertex 15.5 24.15 107.897
      vertex 15.5 24.8508 107.467
      vertex 14.9 24.45 108.416
    endloop
  endfacet
  facet normal -0 0.522606 0.852574
    outer loop
      vertex -14.9 25.1776 107.97
      vertex 14.9 24.45 108.416
      vertex 14.9 25.1776 107.97
    endloop
  endfacet
  facet normal 0 0.522606 0.852574
    outer loop
      vertex 14.9 24.45 108.416
      vertex -14.9 25.1776 107.97
      vertex -14.9 24.45 108.416
    endloop
  endfacet
  facet normal -0.706894 0.369917 0.602878
    outer loop
      vertex -14.9 25.1776 107.97
      vertex -15.5 24.8508 107.467
      vertex -15.5 24.15 107.897
    endloop
  endfacet
  facet normal -0.706675 0.369764 0.603229
    outer loop
      vertex -14.9 24.45 108.416
      vertex -14.9 25.1776 107.97
      vertex -15.5 24.15 107.897
    endloop
  endfacet
  facet normal -0.707194 -0.337983 -0.621003
    outer loop
      vertex -14.9 22.55 105.125
      vertex -14.9 21.9749 105.438
      vertex -15.5 22.85 105.645
    endloop
  endfacet
  facet normal -0.706677 -0.337416 -0.621899
    outer loop
      vertex -15.5 22.85 105.645
      vertex -14.9 21.9749 105.438
      vertex -15.5 22.2473 105.972
    endloop
  endfacet
  facet normal 0 -0.478039 -0.878339
    outer loop
      vertex -14.9 21.9749 105.438
      vertex 14.9 22.55 105.125
      vertex 14.9 21.9749 105.438
    endloop
  endfacet
  facet normal -0 -0.478039 -0.878339
    outer loop
      vertex 14.9 22.55 105.125
      vertex -14.9 21.9749 105.438
      vertex -14.9 22.55 105.125
    endloop
  endfacet
  facet normal 0.707182 -0.337176 -0.621455
    outer loop
      vertex 15.5 22.85 105.645
      vertex 15.5 22.2473 105.972
      vertex 14.9 22.55 105.125
    endloop
  endfacet
  facet normal 0.706665 -0.338236 -0.621467
    outer loop
      vertex 14.9 22.55 105.125
      vertex 15.5 22.2473 105.972
      vertex 14.9 21.9749 105.438
    endloop
  endfacet
  facet normal 0.706664 0.337474 0.621881
    outer loop
      vertex 15.5 24.15 107.897
      vertex 14.9 24.45 108.416
      vertex 14.9 23.7 108.823
    endloop
  endfacet
  facet normal 0.706676 0.337454 0.621879
    outer loop
      vertex 15.5 23.4276 108.289
      vertex 15.5 24.15 107.897
      vertex 14.9 23.7 108.823
    endloop
  endfacet
  facet normal -0 0.476963 0.878924
    outer loop
      vertex -14.9 24.45 108.416
      vertex 14.9 23.7 108.823
      vertex 14.9 24.45 108.416
    endloop
  endfacet
  facet normal 0 0.476963 0.878924
    outer loop
      vertex 14.9 23.7 108.823
      vertex -14.9 24.45 108.416
      vertex -14.9 23.7 108.823
    endloop
  endfacet
  facet normal -0.706664 0.337459 0.62189
    outer loop
      vertex -14.9 24.45 108.416
      vertex -15.5 24.15 107.897
      vertex -15.5 23.4276 108.289
    endloop
  endfacet
  facet normal -0.706676 0.337469 0.621871
    outer loop
      vertex -14.9 23.7 108.823
      vertex -14.9 24.45 108.416
      vertex -15.5 23.4276 108.289
    endloop
  endfacet
  facet normal -0.706656 -0.303951 -0.638946
    outer loop
      vertex -14.9 21.9749 105.438
      vertex -14.9 21.3842 105.719
      vertex -15.5 22.2473 105.972
    endloop
  endfacet
  facet normal -0.706911 -0.304253 -0.638519
    outer loop
      vertex -15.5 22.2473 105.972
      vertex -14.9 21.3842 105.719
      vertex -15.5 21.6282 106.267
    endloop
  endfacet
  facet normal 0 -0.429577 -0.90303
    outer loop
      vertex -14.9 21.3842 105.719
      vertex 14.9 21.9749 105.438
      vertex 14.9 21.3842 105.719
    endloop
  endfacet
  facet normal -0 -0.429577 -0.90303
    outer loop
      vertex 14.9 21.9749 105.438
      vertex -14.9 21.3842 105.719
      vertex -14.9 21.9749 105.438
    endloop
  endfacet
  facet normal 0.706662 -0.30436 -0.638744
    outer loop
      vertex 15.5 22.2473 105.972
      vertex 15.5 21.6282 106.267
      vertex 14.9 21.9749 105.438
    endloop
  endfacet
  facet normal 0.706917 -0.303839 -0.63871
    outer loop
      vertex 14.9 21.9749 105.438
      vertex 15.5 21.6282 106.267
      vertex 14.9 21.3842 105.719
    endloop
  endfacet
  facet normal 0.706672 0.305032 0.638412
    outer loop
      vertex 15.5 23.4276 108.289
      vertex 14.9 23.7 108.823
      vertex 14.9 22.9298 109.191
    endloop
  endfacet
  facet normal 0.706905 0.30463 0.638346
    outer loop
      vertex 15.5 22.6858 108.643
      vertex 15.5 23.4276 108.289
      vertex 14.9 22.9298 109.191
    endloop
  endfacet
  facet normal -0 0.431116 0.902297
    outer loop
      vertex -14.9 23.7 108.823
      vertex 14.9 22.9298 109.191
      vertex 14.9 23.7 108.823
    endloop
  endfacet
  facet normal 0 0.431116 0.902297
    outer loop
      vertex 14.9 22.9298 109.191
      vertex -14.9 23.7 108.823
      vertex -14.9 22.9298 109.191
    endloop
  endfacet
  facet normal -0.706667 0.304732 0.638561
    outer loop
      vertex -14.9 23.7 108.823
      vertex -15.5 23.4276 108.289
      vertex -15.5 22.6858 108.643
    endloop
  endfacet
  facet normal -0.706901 0.304933 0.638206
    outer loop
      vertex -14.9 22.9298 109.191
      vertex -14.9 23.7 108.823
      vertex -15.5 22.6858 108.643
    endloop
  endfacet
  facet normal -0.706914 -0.271194 -0.653243
    outer loop
      vertex -14.9 21.3842 105.719
      vertex -14.9 20.7796 105.97
      vertex -15.5 21.6282 106.267
    endloop
  endfacet
  facet normal -0.706893 -0.271168 -0.653277
    outer loop
      vertex -15.5 21.6282 106.267
      vertex -14.9 20.7796 105.97
      vertex -15.5 20.9946 106.53
    endloop
  endfacet
  facet normal 0 -0.383422 -0.923573
    outer loop
      vertex -14.9 20.7796 105.97
      vertex 14.9 21.3842 105.719
      vertex 14.9 20.7796 105.97
    endloop
  endfacet
  facet normal -0 -0.383422 -0.923573
    outer loop
      vertex 14.9 21.3842 105.719
      vertex -14.9 20.7796 105.97
      vertex -14.9 21.3842 105.719
    endloop
  endfacet
  facet normal 0.706914 -0.27116 -0.653258
    outer loop
      vertex 15.5 21.6282 106.267
      vertex 15.5 20.9946 106.53
      vertex 14.9 21.3842 105.719
    endloop
  endfacet
  facet normal 0.706893 -0.271202 -0.653263
    outer loop
      vertex 14.9 21.3842 105.719
      vertex 15.5 20.9946 106.53
      vertex 14.9 20.7796 105.97
    endloop
  endfacet
  facet normal 0.706901 0.270276 0.653637
    outer loop
      vertex 15.5 22.6858 108.643
      vertex 14.9 22.9298 109.191
      vertex 14.9 22.1414 109.517
    endloop
  endfacet
  facet normal 0.706906 0.270268 0.653635
    outer loop
      vertex 15.5 21.9264 108.957
      vertex 15.5 22.6858 108.643
      vertex 14.9 22.1414 109.517
    endloop
  endfacet
  facet normal -0 0.382117 0.924114
    outer loop
      vertex -14.9 22.9298 109.191
      vertex 14.9 22.1414 109.517
      vertex 14.9 22.9298 109.191
    endloop
  endfacet
  facet normal 0 0.382117 0.924114
    outer loop
      vertex 14.9 22.1414 109.517
      vertex -14.9 22.9298 109.191
      vertex -14.9 22.1414 109.517
    endloop
  endfacet
  facet normal -0.706901 0.27027 0.65364
    outer loop
      vertex -14.9 22.9298 109.191
      vertex -15.5 22.6858 108.643
      vertex -15.5 21.9264 108.957
    endloop
  endfacet
  facet normal -0.706906 0.270274 0.653633
    outer loop
      vertex -14.9 22.1414 109.517
      vertex -14.9 22.9298 109.191
      vertex -15.5 21.9264 108.957
    endloop
  endfacet
  facet normal -0.706893 -0.235671 -0.666905
    outer loop
      vertex -14.9 20.7796 105.97
      vertex -14.9 20.1627 106.188
      vertex -15.5 20.9946 106.53
    endloop
  endfacet
  facet normal -0.707186 -0.236068 -0.666453
    outer loop
      vertex -15.5 20.9946 106.53
      vertex -14.9 20.1627 106.188
      vertex -15.5 20.3481 106.759
    endloop
  endfacet
  facet normal 0 -0.333188 -0.94286
    outer loop
      vertex -14.9 20.1627 106.188
      vertex 14.9 20.7796 105.97
      vertex 14.9 20.1627 106.188
    endloop
  endfacet
  facet normal -0 -0.333188 -0.94286
    outer loop
      vertex 14.9 20.7796 105.97
      vertex -14.9 20.1627 106.188
      vertex -14.9 20.7796 105.97
    endloop
  endfacet
  facet normal 0.7069 -0.236163 -0.666723
    outer loop
      vertex 15.5 20.9946 106.53
      vertex 15.5 20.3481 106.759
      vertex 14.9 20.7796 105.97
    endloop
  endfacet
  facet normal 0.707193 -0.235571 -0.666622
    outer loop
      vertex 14.9 20.7796 105.97
      vertex 15.5 20.3481 106.759
      vertex 14.9 20.1627 106.188
    endloop
  endfacet
  facet normal 0.706901 0.236214 0.666704
    outer loop
      vertex 15.5 21.9264 108.957
      vertex 14.9 22.1414 109.517
      vertex 14.9 21.337 109.802
    endloop
  endfacet
  facet normal 0.706624 0.236679 0.666832
    outer loop
      vertex 15.5 21.1516 109.232
      vertex 15.5 21.9264 108.957
      vertex 14.9 21.337 109.802
    endloop
  endfacet
  facet normal -0 0.33396 0.942587
    outer loop
      vertex -14.9 22.1414 109.517
      vertex 14.9 21.337 109.802
      vertex 14.9 22.1414 109.517
    endloop
  endfacet
  facet normal 0 0.33396 0.942587
    outer loop
      vertex 14.9 21.337 109.802
      vertex -14.9 22.1414 109.517
      vertex -14.9 21.337 109.802
    endloop
  endfacet
  facet normal -0.706906 0.236585 0.666567
    outer loop
      vertex -14.9 22.1414 109.517
      vertex -15.5 21.9264 108.957
      vertex -15.5 21.1516 109.232
    endloop
  endfacet
  facet normal -0.70663 0.236305 0.666959
    outer loop
      vertex -14.9 21.337 109.802
      vertex -14.9 22.1414 109.517
      vertex -15.5 21.1516 109.232
    endloop
  endfacet
  facet normal -0.707192 -0.20093 -0.677869
    outer loop
      vertex -14.9 20.1627 106.188
      vertex -14.9 19.5352 106.374
      vertex -15.5 20.3481 106.759
    endloop
  endfacet
  facet normal -0.707235 -0.200992 -0.677806
    outer loop
      vertex -15.5 20.3481 106.759
      vertex -14.9 19.5352 106.374
      vertex -15.5 19.6905 106.954
    endloop
  endfacet
  facet normal 0 -0.284192 -0.958767
    outer loop
      vertex -14.9 19.5352 106.374
      vertex 14.9 20.1627 106.188
      vertex 14.9 19.5352 106.374
    endloop
  endfacet
  facet normal -0 -0.284192 -0.958767
    outer loop
      vertex 14.9 20.1627 106.188
      vertex -14.9 19.5352 106.374
      vertex -14.9 20.1627 106.188
    endloop
  endfacet
  facet normal 0.707193 -0.201004 -0.677846
    outer loop
      vertex 15.5 20.3481 106.759
      vertex 15.5 19.6905 106.954
      vertex 14.9 20.1627 106.188
    endloop
  endfacet
  facet normal 0.707236 -0.200917 -0.677827
    outer loop
      vertex 14.9 20.1627 106.188
      vertex 15.5 19.6905 106.954
      vertex 14.9 19.5352 106.374
    endloop
  endfacet
  facet normal 0.706632 0.201428 0.678306
    outer loop
      vertex 15.5 21.1516 109.232
      vertex 14.9 21.337 109.802
      vertex 14.9 20.5187 110.045
    endloop
  endfacet
  facet normal 0.707226 0.200443 0.677978
    outer loop
      vertex 15.5 20.3635 109.465
      vertex 15.5 21.1516 109.232
      vertex 14.9 20.5187 110.045
    endloop
  endfacet
  facet normal -0 0.284671 0.958625
    outer loop
      vertex -14.9 21.337 109.802
      vertex 14.9 20.5187 110.045
      vertex 14.9 21.337 109.802
    endloop
  endfacet
  facet normal 0 0.284671 0.958625
    outer loop
      vertex 14.9 20.5187 110.045
      vertex -14.9 21.337 109.802
      vertex -14.9 20.5187 110.045
    endloop
  endfacet
  facet normal -0.70662 0.200614 0.678558
    outer loop
      vertex -14.9 21.337 109.802
      vertex -15.5 21.1516 109.232
      vertex -15.5 20.3635 109.465
    endloop
  endfacet
  facet normal -0.707215 0.201262 0.677747
    outer loop
      vertex -14.9 20.5187 110.045
      vertex -14.9 21.337 109.802
      vertex -15.5 20.3635 109.465
    endloop
  endfacet
  facet normal -0.707245 -0.165282 -0.687377
    outer loop
      vertex -14.9 19.5352 106.374
      vertex -14.9 18.8989 106.527
      vertex -15.5 19.6905 106.954
    endloop
  endfacet
  facet normal -0.707044 -0.16498 -0.687655
    outer loop
      vertex -15.5 19.6905 106.954
      vertex -14.9 18.8989 106.527
      vertex -15.5 19.0236 107.114
    endloop
  endfacet
  facet normal 0 -0.233789 -0.972287
    outer loop
      vertex -14.9 18.8989 106.527
      vertex 14.9 19.5352 106.374
      vertex 14.9 18.8989 106.527
    endloop
  endfacet
  facet normal -0 -0.233789 -0.972287
    outer loop
      vertex 14.9 19.5352 106.374
      vertex -14.9 18.8989 106.527
      vertex -14.9 19.5352 106.374
    endloop
  endfacet
  facet normal 0.70724 -0.164934 -0.687465
    outer loop
      vertex 15.5 19.6905 106.954
      vertex 15.5 19.0236 107.114
      vertex 14.9 19.5352 106.374
    endloop
  endfacet
  facet normal 0.70704 -0.165329 -0.687576
    outer loop
      vertex 14.9 19.5352 106.374
      vertex 15.5 19.0236 107.114
      vertex 14.9 18.8989 106.527
    endloop
  endfacet
  facet normal 0.707226 0.164892 0.68749
    outer loop
      vertex 15.5 20.3635 109.465
      vertex 14.9 20.5187 110.045
      vertex 14.9 19.689 110.244
    endloop
  endfacet
  facet normal 0.707056 0.165168 0.687599
    outer loop
      vertex 15.5 19.5642 109.657
      vertex 15.5 20.3635 109.465
      vertex 14.9 19.689 110.244
    endloop
  endfacet
  facet normal -0 0.233231 0.972421
    outer loop
      vertex -14.9 20.5187 110.045
      vertex 14.9 19.689 110.244
      vertex 14.9 20.5187 110.045
    endloop
  endfacet
  facet normal 0 0.233231 0.972421
    outer loop
      vertex 14.9 19.689 110.244
      vertex -14.9 20.5187 110.045
      vertex -14.9 19.689 110.244
    endloop
  endfacet
  facet normal -0.707229 0.165128 0.68743
    outer loop
      vertex -14.9 20.5187 110.045
      vertex -15.5 20.3635 109.465
      vertex -15.5 19.5642 109.657
    endloop
  endfacet
  facet normal -0.707059 0.16493 0.687652
    outer loop
      vertex -14.9 19.689 110.244
      vertex -14.9 20.5187 110.045
      vertex -15.5 19.5642 109.657
    endloop
  endfacet
  facet normal -0.707041 -0.128594 -0.695382
    outer loop
      vertex -14.9 18.8989 106.527
      vertex -14.9 18.2554 106.646
      vertex -15.5 19.0236 107.114
    endloop
  endfacet
  facet normal -0.707214 -0.128866 -0.695156
    outer loop
      vertex -15.5 19.0236 107.114
      vertex -14.9 18.2554 106.646
      vertex -15.5 18.3493 107.239
    endloop
  endfacet
  facet normal 0 -0.181843 -0.983328
    outer loop
      vertex -14.9 18.2554 106.646
      vertex 14.9 18.8989 106.527
      vertex 14.9 18.2554 106.646
    endloop
  endfacet
  facet normal -0 -0.181843 -0.983328
    outer loop
      vertex 14.9 18.8989 106.527
      vertex -14.9 18.2554 106.646
      vertex -14.9 18.8989 106.527
    endloop
  endfacet
  facet normal 0.707045 -0.128897 -0.695322
    outer loop
      vertex 15.5 19.0236 107.114
      vertex 15.5 18.3493 107.239
      vertex 14.9 18.8989 106.527
    endloop
  endfacet
  facet normal 0.707218 -0.128562 -0.695208
    outer loop
      vertex 14.9 18.8989 106.527
      vertex 15.5 18.3493 107.239
      vertex 14.9 18.2554 106.646
    endloop
  endfacet
  facet normal 0.70705 0.128455 0.695399
    outer loop
      vertex 15.5 19.5642 109.657
      vertex 14.9 19.689 110.244
      vertex 14.9 18.8499 110.399
    endloop
  endfacet
  facet normal 0.706632 0.12912 0.695701
    outer loop
      vertex 15.5 18.756 109.807
      vertex 15.5 19.5642 109.657
      vertex 14.9 18.8499 110.399
    endloop
  endfacet
  facet normal -0 0.181649 0.983364
    outer loop
      vertex -14.9 19.689 110.244
      vertex 14.9 18.8499 110.399
      vertex 14.9 19.689 110.244
    endloop
  endfacet
  facet normal 0 0.181649 0.983364
    outer loop
      vertex 14.9 18.8499 110.399
      vertex -14.9 19.689 110.244
      vertex -14.9 18.8499 110.399
    endloop
  endfacet
  facet normal -0.707058 0.129043 0.695282
    outer loop
      vertex -14.9 19.689 110.244
      vertex -15.5 19.5642 109.657
      vertex -15.5 18.756 109.807
    endloop
  endfacet
  facet normal -0.70664 0.12853 0.695802
    outer loop
      vertex -14.9 18.8499 110.399
      vertex -14.9 19.689 110.244
      vertex -15.5 18.756 109.807
    endloop
  endfacet
  facet normal -0.707223 -0.0929007 -0.70086
    outer loop
      vertex -14.9 18.2554 106.646
      vertex -14.9 17.6066 106.732
      vertex -15.5 18.3493 107.239
    endloop
  endfacet
  facet normal -0.706574 -0.0918343 -0.701655
    outer loop
      vertex -15.5 18.3493 107.239
      vertex -14.9 17.6066 106.732
      vertex -15.5 17.6693 107.328
    endloop
  endfacet
  facet normal 0 -0.131403 -0.991329
    outer loop
      vertex -14.9 17.6066 106.732
      vertex 14.9 18.2554 106.646
      vertex 14.9 17.6066 106.732
    endloop
  endfacet
  facet normal -0 -0.131403 -0.991329
    outer loop
      vertex 14.9 18.2554 106.646
      vertex -14.9 17.6066 106.732
      vertex -14.9 18.2554 106.646
    endloop
  endfacet
  facet normal 0.707208 -0.0917521 -0.701027
    outer loop
      vertex 15.5 18.3493 107.239
      vertex 15.5 17.6693 107.328
      vertex 14.9 18.2554 106.646
    endloop
  endfacet
  facet normal 0.706559 -0.0929879 -0.701518
    outer loop
      vertex 14.9 18.2554 106.646
      vertex 15.5 17.6693 107.328
      vertex 14.9 17.6066 106.732
    endloop
  endfacet
  facet normal 0.706637 0.0928534 0.701458
    outer loop
      vertex 15.5 18.756 109.807
      vertex 14.9 18.8499 110.399
      vertex 14.9 18.0038 110.511
    endloop
  endfacet
  facet normal 0.707155 0.0920498 0.701041
    outer loop
      vertex 15.5 17.9411 109.914
      vertex 15.5 18.756 109.807
      vertex 14.9 18.0038 110.511
    endloop
  endfacet
  facet normal -0 0.131227 0.991352
    outer loop
      vertex -14.9 18.8499 110.399
      vertex 14.9 18.0038 110.511
      vertex 14.9 18.8499 110.399
    endloop
  endfacet
  facet normal 0 0.131227 0.991352
    outer loop
      vertex 14.9 18.0038 110.511
      vertex -14.9 18.8499 110.399
      vertex -14.9 18.0038 110.511
    endloop
  endfacet
  facet normal -0.706627 0.0921185 0.701564
    outer loop
      vertex -14.9 18.8499 110.399
      vertex -15.5 18.756 109.807
      vertex -15.5 17.9411 109.914
    endloop
  endfacet
  facet normal -0.707145 0.0927867 0.700954
    outer loop
      vertex -14.9 18.0038 110.511
      vertex -14.9 18.8499 110.399
      vertex -15.5 17.9411 109.914
    endloop
  endfacet
  facet normal -0.70656 -0.055151 -0.7055
    outer loop
      vertex -14.9 17.6066 106.732
      vertex -14.9 16.9542 106.783
      vertex -15.5 17.6693 107.328
    endloop
  endfacet
  facet normal -0.706878 -0.0556933 -0.705139
    outer loop
      vertex -15.5 17.6693 107.328
      vertex -14.9 16.9542 106.783
      vertex -15.5 16.9856 107.382
    endloop
  endfacet
  facet normal 0 -0.0779351 -0.996958
    outer loop
      vertex -14.9 16.9542 106.783
      vertex 14.9 17.6066 106.732
      vertex 14.9 16.9542 106.783
    endloop
  endfacet
  facet normal -0 -0.0779351 -0.996958
    outer loop
      vertex 14.9 17.6066 106.732
      vertex -14.9 16.9542 106.783
      vertex -14.9 17.6066 106.732
    endloop
  endfacet
  facet normal 0.706568 -0.0557177 -0.705448
    outer loop
      vertex 15.5 17.6693 107.328
      vertex 15.5 16.9856 107.382
      vertex 14.9 17.6066 106.732
    endloop
  endfacet
  facet normal 0.706886 -0.0551257 -0.705176
    outer loop
      vertex 14.9 17.6066 106.732
      vertex 15.5 16.9856 107.382
      vertex 14.9 16.9542 106.783
    endloop
  endfacet
  facet normal 0.707154 0.0555152 0.704877
    outer loop
      vertex 15.5 17.9411 109.914
      vertex 14.9 18.0038 110.511
      vertex 14.9 17.1531 110.578
    endloop
  endfacet
  facet normal 0.707474 0.0550329 0.704594
    outer loop
      vertex 15.5 17.1217 109.978
      vertex 15.5 17.9411 109.914
      vertex 14.9 17.1531 110.578
    endloop
  endfacet
  facet normal -0 0.0785155 0.996913
    outer loop
      vertex -14.9 18.0038 110.511
      vertex 14.9 17.1531 110.578
      vertex 14.9 18.0038 110.511
    endloop
  endfacet
  facet normal 0 0.0785155 0.996913
    outer loop
      vertex 14.9 17.1531 110.578
      vertex -14.9 18.0038 110.511
      vertex -14.9 17.1531 110.578
    endloop
  endfacet
  facet normal -0.707148 0.0550583 0.704919
    outer loop
      vertex -14.9 18.0038 110.511
      vertex -15.5 17.9411 109.914
      vertex -15.5 17.1217 109.978
    endloop
  endfacet
  facet normal -0.707468 0.0554905 0.704564
    outer loop
      vertex -14.9 17.1531 110.578
      vertex -14.9 18.0038 110.511
      vertex -15.5 17.1217 109.978
    endloop
  endfacet
  facet normal -0.706879 -0.0183745 -0.707096
    outer loop
      vertex -14.9 16.9542 106.783
      vertex -14.9 16.3 106.8
      vertex -15.5 16.9856 107.382
    endloop
  endfacet
  facet normal -0.706985 -0.0185614 -0.706985
    outer loop
      vertex -15.5 16.9856 107.382
      vertex -14.9 16.3 106.8
      vertex -15.5 16.3 107.4
    endloop
  endfacet
  facet normal 0 -0.0259772 -0.999663
    outer loop
      vertex -14.9 16.3 106.8
      vertex 14.9 16.9542 106.783
      vertex 14.9 16.3 106.8
    endloop
  endfacet
  facet normal -0 -0.0259772 -0.999663
    outer loop
      vertex 14.9 16.9542 106.783
      vertex -14.9 16.3 106.8
      vertex -14.9 16.9542 106.783
    endloop
  endfacet
  facet normal 0.706881 -0.0185642 -0.707088
    outer loop
      vertex 15.5 16.9856 107.382
      vertex 15.5 16.3 107.4
      vertex 14.9 16.9542 106.783
    endloop
  endfacet
  facet normal 0.706987 -0.0183717 -0.706987
    outer loop
      vertex 14.9 16.9542 106.783
      vertex 15.5 16.3 107.4
      vertex 14.9 16.3 106.8
    endloop
  endfacet
  facet normal 0.707466 0.0182198 0.706512
    outer loop
      vertex 15.5 17.1217 109.978
      vertex 14.9 17.1531 110.578
      vertex 14.9 16.3 110.6
    endloop
  endfacet
  facet normal 0.70698 0.0189285 0.70698
    outer loop
      vertex 15.5 16.3 110
      vertex 15.5 17.1217 109.978
      vertex 14.9 16.3 110.6
    endloop
  endfacet
  facet normal -0 0.0257797 0.999668
    outer loop
      vertex -14.9 17.1531 110.578
      vertex 14.9 16.3 110.6
      vertex 14.9 17.1531 110.578
    endloop
  endfacet
  facet normal 0 0.0257797 0.999668
    outer loop
      vertex 14.9 16.3 110.6
      vertex -14.9 17.1531 110.578
      vertex -14.9 16.3 110.6
    endloop
  endfacet
  facet normal -0.707475 0.0189153 0.706485
    outer loop
      vertex -14.9 17.1531 110.578
      vertex -15.5 17.1217 109.978
      vertex -15.5 16.3 110
    endloop
  endfacet
  facet normal -0.706989 0.0182321 0.706989
    outer loop
      vertex -14.9 16.3 110.6
      vertex -14.9 17.1531 110.578
      vertex -15.5 16.3 110
    endloop
  endfacet
  facet normal -0.706987 0.0183717 -0.706987
    outer loop
      vertex -14.9 16.3 106.8
      vertex -14.9 15.6458 106.783
      vertex -15.5 16.3 107.4
    endloop
  endfacet
  facet normal -0.706881 0.0185642 -0.707088
    outer loop
      vertex -15.5 16.3 107.4
      vertex -14.9 15.6458 106.783
      vertex -15.5 15.6144 107.382
    endloop
  endfacet
  facet normal 0 0.0259772 -0.999663
    outer loop
      vertex -14.9 15.6458 106.783
      vertex 14.9 16.3 106.8
      vertex 14.9 15.6458 106.783
    endloop
  endfacet
  facet normal 0 0.0259772 -0.999663
    outer loop
      vertex 14.9 16.3 106.8
      vertex -14.9 15.6458 106.783
      vertex -14.9 16.3 106.8
    endloop
  endfacet
  facet normal 0.706985 0.0185614 -0.706985
    outer loop
      vertex 15.5 16.3 107.4
      vertex 15.5 15.6144 107.382
      vertex 14.9 16.3 106.8
    endloop
  endfacet
  facet normal 0.706879 0.0183745 -0.707096
    outer loop
      vertex 14.9 16.3 106.8
      vertex 15.5 15.6144 107.382
      vertex 14.9 15.6458 106.783
    endloop
  endfacet
  facet normal 0.706989 -0.0182321 0.706989
    outer loop
      vertex 15.5 16.3 110
      vertex 14.9 16.3 110.6
      vertex 14.9 15.4469 110.578
    endloop
  endfacet
  facet normal 0.707475 -0.0189153 0.706485
    outer loop
      vertex 15.5 15.4783 109.978
      vertex 15.5 16.3 110
      vertex 14.9 15.4469 110.578
    endloop
  endfacet
  facet normal 0 -0.0257797 0.999668
    outer loop
      vertex -14.9 16.3 110.6
      vertex 14.9 15.4469 110.578
      vertex 14.9 16.3 110.6
    endloop
  endfacet
  facet normal 0 -0.0257797 0.999668
    outer loop
      vertex 14.9 15.4469 110.578
      vertex -14.9 16.3 110.6
      vertex -14.9 15.4469 110.578
    endloop
  endfacet
  facet normal -0.70698 -0.0189285 0.70698
    outer loop
      vertex -14.9 16.3 110.6
      vertex -15.5 16.3 110
      vertex -15.5 15.4783 109.978
    endloop
  endfacet
  facet normal -0.707466 -0.0182198 0.706512
    outer loop
      vertex -14.9 15.4469 110.578
      vertex -14.9 16.3 110.6
      vertex -15.5 15.4783 109.978
    endloop
  endfacet
  facet normal -0.706886 0.0551257 -0.705176
    outer loop
      vertex -14.9 15.6458 106.783
      vertex -14.9 14.9934 106.732
      vertex -15.5 15.6144 107.382
    endloop
  endfacet
  facet normal -0.706568 0.0557177 -0.705448
    outer loop
      vertex -15.5 15.6144 107.382
      vertex -14.9 14.9934 106.732
      vertex -15.5 14.9307 107.328
    endloop
  endfacet
  facet normal 0 0.0779351 -0.996958
    outer loop
      vertex -14.9 14.9934 106.732
      vertex 14.9 15.6458 106.783
      vertex 14.9 14.9934 106.732
    endloop
  endfacet
  facet normal 0 0.0779351 -0.996958
    outer loop
      vertex 14.9 15.6458 106.783
      vertex -14.9 14.9934 106.732
      vertex -14.9 15.6458 106.783
    endloop
  endfacet
  facet normal 0.706878 0.0556933 -0.705139
    outer loop
      vertex 15.5 15.6144 107.382
      vertex 15.5 14.9307 107.328
      vertex 14.9 15.6458 106.783
    endloop
  endfacet
  facet normal 0.70656 0.055151 -0.7055
    outer loop
      vertex 14.9 15.6458 106.783
      vertex 15.5 14.9307 107.328
      vertex 14.9 14.9934 106.732
    endloop
  endfacet
  facet normal 0.707468 -0.0554905 0.704564
    outer loop
      vertex 15.5 15.4783 109.978
      vertex 14.9 15.4469 110.578
      vertex 14.9 14.5962 110.511
    endloop
  endfacet
  facet normal 0.707148 -0.0550583 0.704919
    outer loop
      vertex 15.5 14.6589 109.914
      vertex 15.5 15.4783 109.978
      vertex 14.9 14.5962 110.511
    endloop
  endfacet
  facet normal 0 -0.0785155 0.996913
    outer loop
      vertex -14.9 15.4469 110.578
      vertex 14.9 14.5962 110.511
      vertex 14.9 15.4469 110.578
    endloop
  endfacet
  facet normal 0 -0.0785155 0.996913
    outer loop
      vertex 14.9 14.5962 110.511
      vertex -14.9 15.4469 110.578
      vertex -14.9 14.5962 110.511
    endloop
  endfacet
  facet normal -0.707474 -0.0550329 0.704594
    outer loop
      vertex -14.9 15.4469 110.578
      vertex -15.5 15.4783 109.978
      vertex -15.5 14.6589 109.914
    endloop
  endfacet
  facet normal -0.707154 -0.0555152 0.704877
    outer loop
      vertex -14.9 14.5962 110.511
      vertex -14.9 15.4469 110.578
      vertex -15.5 14.6589 109.914
    endloop
  endfacet
  facet normal -0.706559 0.0929879 -0.701518
    outer loop
      vertex -14.9 14.9934 106.732
      vertex -14.9 14.3446 106.646
      vertex -15.5 14.9307 107.328
    endloop
  endfacet
  facet normal -0.707208 0.0917521 -0.701027
    outer loop
      vertex -15.5 14.9307 107.328
      vertex -14.9 14.3446 106.646
      vertex -15.5 14.2507 107.239
    endloop
  endfacet
  facet normal 0 0.131403 -0.991329
    outer loop
      vertex -14.9 14.3446 106.646
      vertex 14.9 14.9934 106.732
      vertex 14.9 14.3446 106.646
    endloop
  endfacet
  facet normal 0 0.131403 -0.991329
    outer loop
      vertex 14.9 14.9934 106.732
      vertex -14.9 14.3446 106.646
      vertex -14.9 14.9934 106.732
    endloop
  endfacet
  facet normal 0.706574 0.0918343 -0.701655
    outer loop
      vertex 15.5 14.9307 107.328
      vertex 15.5 14.2507 107.239
      vertex 14.9 14.9934 106.732
    endloop
  endfacet
  facet normal 0.707223 0.0929007 -0.70086
    outer loop
      vertex 14.9 14.9934 106.732
      vertex 15.5 14.2507 107.239
      vertex 14.9 14.3446 106.646
    endloop
  endfacet
  facet normal 0.707145 -0.0927867 0.700954
    outer loop
      vertex 15.5 14.6589 109.914
      vertex 14.9 14.5962 110.511
      vertex 14.9 13.7501 110.399
    endloop
  endfacet
  facet normal 0.706627 -0.0921185 0.701564
    outer loop
      vertex 15.5 13.844 109.807
      vertex 15.5 14.6589 109.914
      vertex 14.9 13.7501 110.399
    endloop
  endfacet
  facet normal 0 -0.131227 0.991352
    outer loop
      vertex -14.9 14.5962 110.511
      vertex 14.9 13.7501 110.399
      vertex 14.9 14.5962 110.511
    endloop
  endfacet
  facet normal 0 -0.131227 0.991352
    outer loop
      vertex 14.9 13.7501 110.399
      vertex -14.9 14.5962 110.511
      vertex -14.9 13.7501 110.399
    endloop
  endfacet
  facet normal -0.707155 -0.0920498 0.701041
    outer loop
      vertex -14.9 14.5962 110.511
      vertex -15.5 14.6589 109.914
      vertex -15.5 13.844 109.807
    endloop
  endfacet
  facet normal -0.706637 -0.0928534 0.701458
    outer loop
      vertex -14.9 13.7501 110.399
      vertex -14.9 14.5962 110.511
      vertex -15.5 13.844 109.807
    endloop
  endfacet
  facet normal -0.707218 0.128562 -0.695208
    outer loop
      vertex -14.9 14.3446 106.646
      vertex -14.9 13.7011 106.527
      vertex -15.5 14.2507 107.239
    endloop
  endfacet
  facet normal -0.707045 0.128897 -0.695322
    outer loop
      vertex -15.5 14.2507 107.239
      vertex -14.9 13.7011 106.527
      vertex -15.5 13.5764 107.114
    endloop
  endfacet
  facet normal 0 0.181843 -0.983328
    outer loop
      vertex -14.9 13.7011 106.527
      vertex 14.9 14.3446 106.646
      vertex 14.9 13.7011 106.527
    endloop
  endfacet
  facet normal 0 0.181843 -0.983328
    outer loop
      vertex 14.9 14.3446 106.646
      vertex -14.9 13.7011 106.527
      vertex -14.9 14.3446 106.646
    endloop
  endfacet
  facet normal 0.707214 0.128866 -0.695156
    outer loop
      vertex 15.5 14.2507 107.239
      vertex 15.5 13.5764 107.114
      vertex 14.9 14.3446 106.646
    endloop
  endfacet
  facet normal 0.707041 0.128594 -0.695382
    outer loop
      vertex 14.9 14.3446 106.646
      vertex 15.5 13.5764 107.114
      vertex 14.9 13.7011 106.527
    endloop
  endfacet
  facet normal 0.70664 -0.12853 0.695802
    outer loop
      vertex 15.5 13.844 109.807
      vertex 14.9 13.7501 110.399
      vertex 14.9 12.911 110.244
    endloop
  endfacet
  facet normal 0.707058 -0.129043 0.695282
    outer loop
      vertex 15.5 13.0358 109.657
      vertex 15.5 13.844 109.807
      vertex 14.9 12.911 110.244
    endloop
  endfacet
  facet normal 0 -0.181649 0.983364
    outer loop
      vertex -14.9 13.7501 110.399
      vertex 14.9 12.911 110.244
      vertex 14.9 13.7501 110.399
    endloop
  endfacet
  facet normal 0 -0.181649 0.983364
    outer loop
      vertex 14.9 12.911 110.244
      vertex -14.9 13.7501 110.399
      vertex -14.9 12.911 110.244
    endloop
  endfacet
  facet normal -0.706632 -0.12912 0.695701
    outer loop
      vertex -14.9 13.7501 110.399
      vertex -15.5 13.844 109.807
      vertex -15.5 13.0358 109.657
    endloop
  endfacet
  facet normal -0.70705 -0.128455 0.695399
    outer loop
      vertex -14.9 12.911 110.244
      vertex -14.9 13.7501 110.399
      vertex -15.5 13.0358 109.657
    endloop
  endfacet
  facet normal -0.70704 0.165329 -0.687576
    outer loop
      vertex -14.9 13.7011 106.527
      vertex -14.9 13.0648 106.374
      vertex -15.5 13.5764 107.114
    endloop
  endfacet
  facet normal -0.70724 0.164934 -0.687465
    outer loop
      vertex -15.5 13.5764 107.114
      vertex -14.9 13.0648 106.374
      vertex -15.5 12.9095 106.954
    endloop
  endfacet
  facet normal 0 0.233789 -0.972287
    outer loop
      vertex -14.9 13.0648 106.374
      vertex 14.9 13.7011 106.527
      vertex 14.9 13.0648 106.374
    endloop
  endfacet
  facet normal 0 0.233789 -0.972287
    outer loop
      vertex 14.9 13.7011 106.527
      vertex -14.9 13.0648 106.374
      vertex -14.9 13.7011 106.527
    endloop
  endfacet
  facet normal 0.707044 0.16498 -0.687655
    outer loop
      vertex 15.5 13.5764 107.114
      vertex 15.5 12.9095 106.954
      vertex 14.9 13.7011 106.527
    endloop
  endfacet
  facet normal 0.707245 0.165282 -0.687377
    outer loop
      vertex 14.9 13.7011 106.527
      vertex 15.5 12.9095 106.954
      vertex 14.9 13.0648 106.374
    endloop
  endfacet
  facet normal 0.707059 -0.16493 0.687652
    outer loop
      vertex 15.5 13.0358 109.657
      vertex 14.9 12.911 110.244
      vertex 14.9 12.0813 110.045
    endloop
  endfacet
  facet normal 0.707229 -0.165128 0.68743
    outer loop
      vertex 15.5 12.2365 109.465
      vertex 15.5 13.0358 109.657
      vertex 14.9 12.0813 110.045
    endloop
  endfacet
  facet normal 0 -0.233231 0.972421
    outer loop
      vertex -14.9 12.911 110.244
      vertex 14.9 12.0813 110.045
      vertex 14.9 12.911 110.244
    endloop
  endfacet
  facet normal 0 -0.233231 0.972421
    outer loop
      vertex 14.9 12.0813 110.045
      vertex -14.9 12.911 110.244
      vertex -14.9 12.0813 110.045
    endloop
  endfacet
  facet normal -0.707056 -0.165168 0.687599
    outer loop
      vertex -14.9 12.911 110.244
      vertex -15.5 13.0358 109.657
      vertex -15.5 12.2365 109.465
    endloop
  endfacet
  facet normal -0.707226 -0.164892 0.68749
    outer loop
      vertex -14.9 12.0813 110.045
      vertex -14.9 12.911 110.244
      vertex -15.5 12.2365 109.465
    endloop
  endfacet
  facet normal -0.707236 0.200917 -0.677827
    outer loop
      vertex -14.9 13.0648 106.374
      vertex -14.9 12.4373 106.188
      vertex -15.5 12.9095 106.954
    endloop
  endfacet
  facet normal -0.707193 0.201004 -0.677846
    outer loop
      vertex -15.5 12.9095 106.954
      vertex -14.9 12.4373 106.188
      vertex -15.5 12.2519 106.759
    endloop
  endfacet
  facet normal 0 0.284192 -0.958767
    outer loop
      vertex -14.9 12.4373 106.188
      vertex 14.9 13.0648 106.374
      vertex 14.9 12.4373 106.188
    endloop
  endfacet
  facet normal 0 0.284192 -0.958767
    outer loop
      vertex 14.9 13.0648 106.374
      vertex -14.9 12.4373 106.188
      vertex -14.9 13.0648 106.374
    endloop
  endfacet
  facet normal 0.707235 0.200992 -0.677806
    outer loop
      vertex 15.5 12.9095 106.954
      vertex 15.5 12.2519 106.759
      vertex 14.9 13.0648 106.374
    endloop
  endfacet
  facet normal 0.707192 0.20093 -0.677869
    outer loop
      vertex 14.9 13.0648 106.374
      vertex 15.5 12.2519 106.759
      vertex 14.9 12.4373 106.188
    endloop
  endfacet
  facet normal 0.707215 -0.201262 0.677747
    outer loop
      vertex 15.5 12.2365 109.465
      vertex 14.9 12.0813 110.045
      vertex 14.9 11.263 109.802
    endloop
  endfacet
  facet normal 0.70662 -0.200614 0.678558
    outer loop
      vertex 15.5 11.4484 109.232
      vertex 15.5 12.2365 109.465
      vertex 14.9 11.263 109.802
    endloop
  endfacet
  facet normal 0 -0.284671 0.958625
    outer loop
      vertex -14.9 12.0813 110.045
      vertex 14.9 11.263 109.802
      vertex 14.9 12.0813 110.045
    endloop
  endfacet
  facet normal 0 -0.284671 0.958625
    outer loop
      vertex 14.9 11.263 109.802
      vertex -14.9 12.0813 110.045
      vertex -14.9 11.263 109.802
    endloop
  endfacet
  facet normal -0.707226 -0.200443 0.677978
    outer loop
      vertex -14.9 12.0813 110.045
      vertex -15.5 12.2365 109.465
      vertex -15.5 11.4484 109.232
    endloop
  endfacet
  facet normal -0.706632 -0.201428 0.678306
    outer loop
      vertex -14.9 11.263 109.802
      vertex -14.9 12.0813 110.045
      vertex -15.5 11.4484 109.232
    endloop
  endfacet
  facet normal -0.707193 0.235571 -0.666622
    outer loop
      vertex -14.9 12.4373 106.188
      vertex -14.9 11.8204 105.97
      vertex -15.5 12.2519 106.759
    endloop
  endfacet
  facet normal -0.7069 0.236163 -0.666723
    outer loop
      vertex -15.5 12.2519 106.759
      vertex -14.9 11.8204 105.97
      vertex -15.5 11.6054 106.53
    endloop
  endfacet
  facet normal 0 0.333188 -0.94286
    outer loop
      vertex -14.9 11.8204 105.97
      vertex 14.9 12.4373 106.188
      vertex 14.9 11.8204 105.97
    endloop
  endfacet
  facet normal 0 0.333188 -0.94286
    outer loop
      vertex 14.9 12.4373 106.188
      vertex -14.9 11.8204 105.97
      vertex -14.9 12.4373 106.188
    endloop
  endfacet
  facet normal 0.707186 0.236068 -0.666453
    outer loop
      vertex 15.5 12.2519 106.759
      vertex 15.5 11.6054 106.53
      vertex 14.9 12.4373 106.188
    endloop
  endfacet
  facet normal 0.706893 0.235671 -0.666905
    outer loop
      vertex 14.9 12.4373 106.188
      vertex 15.5 11.6054 106.53
      vertex 14.9 11.8204 105.97
    endloop
  endfacet
  facet normal 0.70663 -0.236305 0.666959
    outer loop
      vertex 15.5 11.4484 109.232
      vertex 14.9 11.263 109.802
      vertex 14.9 10.4586 109.517
    endloop
  endfacet
  facet normal 0.706906 -0.236585 0.666567
    outer loop
      vertex 15.5 10.6736 108.957
      vertex 15.5 11.4484 109.232
      vertex 14.9 10.4586 109.517
    endloop
  endfacet
  facet normal 0 -0.33396 0.942587
    outer loop
      vertex -14.9 11.263 109.802
      vertex 14.9 10.4586 109.517
      vertex 14.9 11.263 109.802
    endloop
  endfacet
  facet normal 0 -0.33396 0.942587
    outer loop
      vertex 14.9 10.4586 109.517
      vertex -14.9 11.263 109.802
      vertex -14.9 10.4586 109.517
    endloop
  endfacet
  facet normal -0.706624 -0.236679 0.666832
    outer loop
      vertex -14.9 11.263 109.802
      vertex -15.5 11.4484 109.232
      vertex -15.5 10.6736 108.957
    endloop
  endfacet
  facet normal -0.706901 -0.236214 0.666704
    outer loop
      vertex -14.9 10.4586 109.517
      vertex -14.9 11.263 109.802
      vertex -15.5 10.6736 108.957
    endloop
  endfacet
  facet normal -0.706893 0.271202 -0.653263
    outer loop
      vertex -14.9 11.8204 105.97
      vertex -14.9 11.2158 105.719
      vertex -15.5 11.6054 106.53
    endloop
  endfacet
  facet normal -0.706914 0.27116 -0.653258
    outer loop
      vertex -15.5 11.6054 106.53
      vertex -14.9 11.2158 105.719
      vertex -15.5 10.9718 106.267
    endloop
  endfacet
  facet normal 0 0.383422 -0.923573
    outer loop
      vertex -14.9 11.2158 105.719
      vertex 14.9 11.8204 105.97
      vertex 14.9 11.2158 105.719
    endloop
  endfacet
  facet normal 0 0.383422 -0.923573
    outer loop
      vertex 14.9 11.8204 105.97
      vertex -14.9 11.2158 105.719
      vertex -14.9 11.8204 105.97
    endloop
  endfacet
  facet normal 0.706893 0.271168 -0.653277
    outer loop
      vertex 15.5 11.6054 106.53
      vertex 15.5 10.9718 106.267
      vertex 14.9 11.8204 105.97
    endloop
  endfacet
  facet normal 0.706914 0.271194 -0.653243
    outer loop
      vertex 14.9 11.8204 105.97
      vertex 15.5 10.9718 106.267
      vertex 14.9 11.2158 105.719
    endloop
  endfacet
  facet normal 0.706906 -0.270274 0.653633
    outer loop
      vertex 15.5 10.6736 108.957
      vertex 14.9 10.4586 109.517
      vertex 14.9 9.6702 109.191
    endloop
  endfacet
  facet normal 0.70691 -0.270279 0.653626
    outer loop
      vertex 15.5 9.91424 108.643
      vertex 15.5 10.6736 108.957
      vertex 14.9 9.6702 109.191
    endloop
  endfacet
  facet normal 0 -0.382117 0.924114
    outer loop
      vertex -14.9 10.4586 109.517
      vertex 14.9 9.6702 109.191
      vertex 14.9 10.4586 109.517
    endloop
  endfacet
  facet normal 0 -0.382117 0.924114
    outer loop
      vertex 14.9 9.6702 109.191
      vertex -14.9 10.4586 109.517
      vertex -14.9 9.6702 109.191
    endloop
  endfacet
  facet normal -0.706906 -0.27028 0.653631
    outer loop
      vertex -14.9 10.4586 109.517
      vertex -15.5 10.6736 108.957
      vertex -15.5 9.91424 108.643
    endloop
  endfacet
  facet normal -0.70691 -0.270273 0.653629
    outer loop
      vertex -14.9 9.6702 109.191
      vertex -14.9 10.4586 109.517
      vertex -15.5 9.91424 108.643
    endloop
  endfacet
  facet normal -0.706917 0.303839 -0.63871
    outer loop
      vertex -14.9 11.2158 105.719
      vertex -14.9 10.6251 105.438
      vertex -15.5 10.9718 106.267
    endloop
  endfacet
  facet normal -0.706662 0.30436 -0.638744
    outer loop
      vertex -15.5 10.9718 106.267
      vertex -14.9 10.6251 105.438
      vertex -15.5 10.3527 105.972
    endloop
  endfacet
  facet normal 0 0.429577 -0.90303
    outer loop
      vertex -14.9 10.6251 105.438
      vertex 14.9 11.2158 105.719
      vertex 14.9 10.6251 105.438
    endloop
  endfacet
  facet normal 0 0.429577 -0.90303
    outer loop
      vertex 14.9 11.2158 105.719
      vertex -14.9 10.6251 105.438
      vertex -14.9 11.2158 105.719
    endloop
  endfacet
  facet normal 0.706911 0.304253 -0.638519
    outer loop
      vertex 15.5 10.9718 106.267
      vertex 15.5 10.3527 105.972
      vertex 14.9 11.2158 105.719
    endloop
  endfacet
  facet normal 0.706656 0.303951 -0.638946
    outer loop
      vertex 14.9 11.2158 105.719
      vertex 15.5 10.3527 105.972
      vertex 14.9 10.6251 105.438
    endloop
  endfacet
  facet normal 0.706911 -0.304916 0.638203
    outer loop
      vertex 15.5 9.91424 108.643
      vertex 14.9 9.6702 109.191
      vertex 14.9 8.89996 108.823
    endloop
  endfacet
  facet normal 0.706664 -0.304703 0.638578
    outer loop
      vertex 15.5 9.17235 108.289
      vertex 15.5 9.91424 108.643
      vertex 14.9 8.89996 108.823
    endloop
  endfacet
  facet normal 0 -0.431097 0.902305
    outer loop
      vertex -14.9 9.6702 109.191
      vertex 14.9 8.89996 108.823
      vertex 14.9 9.6702 109.191
    endloop
  endfacet
  facet normal 0 -0.431097 0.902305
    outer loop
      vertex 14.9 8.89996 108.823
      vertex -14.9 9.6702 109.191
      vertex -14.9 8.89996 108.823
    endloop
  endfacet
  facet normal -0.706916 -0.304595 0.638351
    outer loop
      vertex -14.9 9.6702 109.191
      vertex -15.5 9.91424 108.643
      vertex -15.5 9.17235 108.289
    endloop
  endfacet
  facet normal -0.706669 -0.30502 0.638421
    outer loop
      vertex -14.9 8.89996 108.823
      vertex -14.9 9.6702 109.191
      vertex -15.5 9.17235 108.289
    endloop
  endfacet
  facet normal -0.706665 0.338236 -0.621467
    outer loop
      vertex -14.9 10.6251 105.438
      vertex -14.9 10.05 105.125
      vertex -15.5 10.3527 105.972
    endloop
  endfacet
  facet normal -0.707182 0.337176 -0.621455
    outer loop
      vertex -15.5 10.3527 105.972
      vertex -14.9 10.05 105.125
      vertex -15.5 9.75 105.645
    endloop
  endfacet
  facet normal 0 0.478039 -0.878339
    outer loop
      vertex -14.9 10.05 105.125
      vertex 14.9 10.6251 105.438
      vertex 14.9 10.05 105.125
    endloop
  endfacet
  facet normal 0 0.478039 -0.878339
    outer loop
      vertex 14.9 10.6251 105.438
      vertex -14.9 10.05 105.125
      vertex -14.9 10.6251 105.438
    endloop
  endfacet
  facet normal 0.706677 0.337416 -0.621899
    outer loop
      vertex 15.5 10.3527 105.972
      vertex 15.5 9.75 105.645
      vertex 14.9 10.6251 105.438
    endloop
  endfacet
  facet normal 0.707194 0.337983 -0.621003
    outer loop
      vertex 14.9 10.6251 105.438
      vertex 15.5 9.75 105.645
      vertex 14.9 10.05 105.125
    endloop
  endfacet
  facet normal 0.706673 -0.337488 0.621864
    outer loop
      vertex 15.5 9.17235 108.289
      vertex 14.9 8.89996 108.823
      vertex 14.9 8.15001 108.416
    endloop
  endfacet
  facet normal 0.706662 -0.337479 0.621882
    outer loop
      vertex 15.5 8.45 107.897
      vertex 15.5 9.17235 108.289
      vertex 14.9 8.15001 108.416
    endloop
  endfacet
  facet normal 0 -0.476987 0.87891
    outer loop
      vertex -14.9 8.89996 108.823
      vertex 14.9 8.15001 108.416
      vertex 14.9 8.89996 108.823
    endloop
  endfacet
  facet normal 0 -0.476987 0.87891
    outer loop
      vertex 14.9 8.15001 108.416
      vertex -14.9 8.89996 108.823
      vertex -14.9 8.15001 108.416
    endloop
  endfacet
  facet normal -0.706673 -0.337473 0.621872
    outer loop
      vertex -14.9 8.89996 108.823
      vertex -15.5 9.17235 108.289
      vertex -15.5 8.45 107.897
    endloop
  endfacet
  facet normal -0.706662 -0.337493 0.621874
    outer loop
      vertex -14.9 8.15001 108.416
      vertex -14.9 8.89996 108.823
      vertex -15.5 8.45 107.897
    endloop
  endfacet
  facet normal -0.707178 0.369475 -0.602816
    outer loop
      vertex -14.9 10.05 105.125
      vertex -14.9 9.49201 104.783
      vertex -15.5 9.75 105.645
    endloop
  endfacet
  facet normal -0.707381 0.369058 -0.602833
    outer loop
      vertex -15.5 9.75 105.645
      vertex -14.9 9.49201 104.783
      vertex -15.5 9.16523 105.287
    endloop
  endfacet
  facet normal 0 0.522569 -0.852597
    outer loop
      vertex -14.9 9.49201 104.783
      vertex 14.9 10.05 105.125
      vertex 14.9 9.49201 104.783
    endloop
  endfacet
  facet normal 0 0.522569 -0.852597
    outer loop
      vertex 14.9 10.05 105.125
      vertex -14.9 9.49201 104.783
      vertex -14.9 10.05 105.125
    endloop
  endfacet
  facet normal 0.707183 0.369162 -0.603002
    outer loop
      vertex 15.5 9.75 105.645
      vertex 15.5 9.16523 105.287
      vertex 14.9 10.05 105.125
    endloop
  endfacet
  facet normal 0.707386 0.369366 -0.602639
    outer loop
      vertex 14.9 10.05 105.125
      vertex 15.5 9.16523 105.287
      vertex 14.9 9.49201 104.783
    endloop
  endfacet
  facet normal 0.706672 -0.369758 0.603236
    outer loop
      vertex 15.5 8.45 107.897
      vertex 14.9 8.15001 108.416
      vertex 14.9 7.42239 107.97
    endloop
  endfacet
  facet normal 0.706888 -0.369909 0.602891
    outer loop
      vertex 15.5 7.74917 107.467
      vertex 15.5 8.45 107.897
      vertex 14.9 7.42239 107.97
    endloop
  endfacet
  facet normal 0 -0.522596 0.852581
    outer loop
      vertex -14.9 8.15001 108.416
      vertex 14.9 7.42239 107.97
      vertex 14.9 8.15001 108.416
    endloop
  endfacet
  facet normal 0 -0.522596 0.852581
    outer loop
      vertex 14.9 7.42239 107.97
      vertex -14.9 8.15001 108.416
      vertex -14.9 7.42239 107.97
    endloop
  endfacet
  facet normal -0.706668 -0.370023 0.603078
    outer loop
      vertex -14.9 8.15001 108.416
      vertex -15.5 8.45 107.897
      vertex -15.5 7.74917 107.467
    endloop
  endfacet
  facet normal -0.706884 -0.369647 0.603056
    outer loop
      vertex -14.9 7.42239 107.97
      vertex -14.9 8.15001 108.416
      vertex -15.5 7.74917 107.467
    endloop
  endfacet
  facet normal -0.70738 0.399862 -0.582859
    outer loop
      vertex -14.9 9.49201 104.783
      vertex -14.9 8.95268 104.413
      vertex -15.5 9.16523 105.287
    endloop
  endfacet
  facet normal -0.706789 0.401069 -0.582746
    outer loop
      vertex -15.5 9.16523 105.287
      vertex -14.9 8.95268 104.413
      vertex -15.5 8.60002 104.898
    endloop
  endfacet
  facet normal 0 0.565709 -0.824605
    outer loop
      vertex -14.9 8.95268 104.413
      vertex 14.9 9.49201 104.783
      vertex 14.9 8.95268 104.413
    endloop
  endfacet
  facet normal 0 0.565709 -0.824605
    outer loop
      vertex 14.9 9.49201 104.783
      vertex -14.9 8.95268 104.413
      vertex -14.9 9.49201 104.783
    endloop
  endfacet
  facet normal 0.707365 0.400742 -0.582271
    outer loop
      vertex 15.5 9.16523 105.287
      vertex 15.5 8.60002 104.898
      vertex 14.9 9.49201 104.783
    endloop
  endfacet
  facet normal 0.706774 0.400205 -0.583358
    outer loop
      vertex 14.9 9.49201 104.783
      vertex 15.5 8.60002 104.898
      vertex 14.9 8.95268 104.413
    endloop
  endfacet
  facet normal 0.706889 -0.400435 0.58306
    outer loop
      vertex 15.5 7.74917 107.467
      vertex 14.9 7.42239 107.97
      vertex 14.9 6.71911 107.487
    endloop
  endfacet
  facet normal 0.706777 -0.400366 0.583243
    outer loop
      vertex 15.5 7.07177 107.002
      vertex 15.5 7.74917 107.467
      vertex 14.9 6.71911 107.487
    endloop
  endfacet
  facet normal 0 -0.566127 0.824318
    outer loop
      vertex -14.9 7.42239 107.97
      vertex 14.9 6.71911 107.487
      vertex 14.9 7.42239 107.97
    endloop
  endfacet
  facet normal 0 -0.566127 0.824318
    outer loop
      vertex 14.9 6.71911 107.487
      vertex -14.9 7.42239 107.97
      vertex -14.9 6.71911 107.487
    endloop
  endfacet
  facet normal -0.706891 -0.400302 0.583149
    outer loop
      vertex -14.9 7.42239 107.97
      vertex -15.5 7.74917 107.467
      vertex -15.5 7.07177 107.002
    endloop
  endfacet
  facet normal -0.706779 -0.400497 0.583151
    outer loop
      vertex -14.9 6.71911 107.487
      vertex -14.9 7.42239 107.97
      vertex -15.5 7.07177 107.002
    endloop
  endfacet
  facet normal -0.706783 0.431072 -0.560923
    outer loop
      vertex -14.9 8.95268 104.413
      vertex -14.9 8.43349 104.014
      vertex -15.5 8.60002 104.898
    endloop
  endfacet
  facet normal -0.707309 0.430005 -0.561079
    outer loop
      vertex -15.5 8.60002 104.898
      vertex -14.9 8.43349 104.014
      vertex -15.5 8.05591 104.481
    endloop
  endfacet
  facet normal 0 0.609349 -0.792902
    outer loop
      vertex -14.9 8.43349 104.014
      vertex 14.9 8.95268 104.413
      vertex 14.9 8.43349 104.014
    endloop
  endfacet
  facet normal 0 0.609349 -0.792902
    outer loop
      vertex 14.9 8.95268 104.413
      vertex -14.9 8.43349 104.014
      vertex -14.9 8.95268 104.413
    endloop
  endfacet
  facet normal 0.706795 0.430318 -0.561487
    outer loop
      vertex 15.5 8.60002 104.898
      vertex 15.5 8.05591 104.481
      vertex 14.9 8.95268 104.413
    endloop
  endfacet
  facet normal 0.707321 0.430744 -0.560497
    outer loop
      vertex 14.9 8.95268 104.413
      vertex 15.5 8.05591 104.481
      vertex 14.9 8.43349 104.014
    endloop
  endfacet
  facet normal 0.706785 -0.430914 0.561042
    outer loop
      vertex 15.5 7.07177 107.002
      vertex 14.9 6.71911 107.487
      vertex 14.9 6.04208 106.967
    endloop
  endfacet
  facet normal 0.706856 -0.430951 0.560924
    outer loop
      vertex 15.5 6.41967 106.501
      vertex 15.5 7.07177 107.002
      vertex 14.9 6.04208 106.967
    endloop
  endfacet
  facet normal 0 -0.609128 0.793072
    outer loop
      vertex -14.9 6.71911 107.487
      vertex 14.9 6.04208 106.967
      vertex 14.9 6.71911 107.487
    endloop
  endfacet
  facet normal 0 -0.609128 0.793072
    outer loop
      vertex 14.9 6.04208 106.967
      vertex -14.9 6.71911 107.487
      vertex -14.9 6.04208 106.967
    endloop
  endfacet
  facet normal -0.706784 -0.430995 0.560981
    outer loop
      vertex -14.9 6.71911 107.487
      vertex -15.5 7.07177 107.002
      vertex -15.5 6.41967 106.501
    endloop
  endfacet
  facet normal -0.706855 -0.430872 0.560987
    outer loop
      vertex -14.9 6.04208 106.967
      vertex -14.9 6.71911 107.487
      vertex -15.5 6.41967 106.501
    endloop
  endfacet
  facet normal -0.7073 0.459099 -0.537545
    outer loop
      vertex -14.9 8.43349 104.014
      vertex -14.9 7.93587 103.589
      vertex -15.5 8.05591 104.481
    endloop
  endfacet
  facet normal -0.707043 0.459616 -0.537442
    outer loop
      vertex -15.5 8.05591 104.481
      vertex -14.9 7.93587 103.589
      vertex -15.5 7.53439 104.035
    endloop
  endfacet
  facet normal 0 0.649441 -0.760412
    outer loop
      vertex -14.9 7.93587 103.589
      vertex 14.9 8.43349 104.014
      vertex 14.9 7.93587 103.589
    endloop
  endfacet
  facet normal 0 0.649441 -0.760412
    outer loop
      vertex 14.9 8.43349 104.014
      vertex -14.9 7.93587 103.589
      vertex -14.9 8.43349 104.014
    endloop
  endfacet
  facet normal 0.707294 0.459453 -0.537251
    outer loop
      vertex 15.5 8.05591 104.481
      vertex 15.5 7.53439 104.035
      vertex 14.9 8.43349 104.014
    endloop
  endfacet
  facet normal 0.707037 0.45927 -0.537745
    outer loop
      vertex 14.9 8.43349 104.014
      vertex 15.5 7.53439 104.035
      vertex 14.9 7.93587 103.589
    endloop
  endfacet
  facet normal 0.706858 -0.459289 0.537965
    outer loop
      vertex 15.5 6.41967 106.501
      vertex 14.9 6.04208 106.967
      vertex 14.9 5.39318 106.413
    endloop
  endfacet
  facet normal 0.707035 -0.459367 0.537666
    outer loop
      vertex 15.5 5.79465 105.967
      vertex 15.5 6.41967 106.501
      vertex 14.9 5.39318 106.413
    endloop
  endfacet
  facet normal 0 -0.649304 0.760529
    outer loop
      vertex -14.9 6.04208 106.967
      vertex 14.9 5.39318 106.413
      vertex 14.9 6.04208 106.967
    endloop
  endfacet
  facet normal 0 -0.649304 0.760529
    outer loop
      vertex 14.9 5.39318 106.413
      vertex -14.9 6.04208 106.967
      vertex -14.9 5.39318 106.413
    endloop
  endfacet
  facet normal -0.706854 -0.459484 0.537803
    outer loop
      vertex -14.9 6.04208 106.967
      vertex -15.5 6.41967 106.501
      vertex -15.5 5.79465 105.967
    endloop
  endfacet
  facet normal -0.707031 -0.459176 0.537833
    outer loop
      vertex -14.9 5.39318 106.413
      vertex -14.9 6.04208 106.967
      vertex -15.5 5.79465 105.967
    endloop
  endfacet
  facet normal -0.70704 0.486512 -0.513227
    outer loop
      vertex -14.9 7.93587 103.589
      vertex -14.9 7.46116 103.139
      vertex -15.5 7.53439 104.035
    endloop
  endfacet
  facet normal -0.706866 0.486857 -0.513139
    outer loop
      vertex -15.5 7.53439 104.035
      vertex -14.9 7.46116 103.139
      vertex -15.5 7.03691 103.563
    endloop
  endfacet
  facet normal 0 0.687966 -0.725743
    outer loop
      vertex -14.9 7.46116 103.139
      vertex 14.9 7.93587 103.589
      vertex 14.9 7.46116 103.139
    endloop
  endfacet
  facet normal 0 0.687966 -0.725743
    outer loop
      vertex 14.9 7.93587 103.589
      vertex -14.9 7.46116 103.139
      vertex -14.9 7.93587 103.589
    endloop
  endfacet
  facet normal 0.707036 0.48674 -0.513016
    outer loop
      vertex 15.5 7.53439 104.035
      vertex 15.5 7.03691 103.563
      vertex 14.9 7.93587 103.589
    endloop
  endfacet
  facet normal 0.706862 0.486634 -0.513355
    outer loop
      vertex 14.9 7.93587 103.589
      vertex 15.5 7.03691 103.563
      vertex 14.9 7.46116 103.139
    endloop
  endfacet
  facet normal 0.707034 -0.486608 0.513143
    outer loop
      vertex 15.5 5.79465 105.967
      vertex 14.9 5.39318 106.413
      vertex 14.9 4.77417 105.826
    endloop
  endfacet
  facet normal 0.706864 -0.486548 0.513433
    outer loop
      vertex 15.5 5.19843 105.402
      vertex 15.5 5.79465 105.967
      vertex 14.9 4.77417 105.826
    endloop
  endfacet
  facet normal 0 -0.688096 0.725619
    outer loop
      vertex -14.9 5.39318 106.413
      vertex 14.9 4.77417 105.826
      vertex 14.9 5.39318 106.413
    endloop
  endfacet
  facet normal 0 -0.688096 0.725619
    outer loop
      vertex 14.9 4.77417 105.826
      vertex -14.9 5.39318 106.413
      vertex -14.9 4.77417 105.826
    endloop
  endfacet
  facet normal -0.707037 -0.486429 0.513308
    outer loop
      vertex -14.9 5.39318 106.413
      vertex -15.5 5.79465 105.967
      vertex -15.5 5.19843 105.402
    endloop
  endfacet
  facet normal -0.706868 -0.486722 0.513264
    outer loop
      vertex -14.9 4.77417 105.826
      vertex -14.9 5.39318 106.413
      vertex -15.5 5.19843 105.402
    endloop
  endfacet
  facet normal -0.706869 0.513245 -0.48674
    outer loop
      vertex -14.9 7.46116 103.139
      vertex -14.9 7.01069 102.664
      vertex -15.5 7.03691 103.563
    endloop
  endfacet
  facet normal -0.70719 0.512618 -0.486935
    outer loop
      vertex -15.5 7.03691 103.563
      vertex -14.9 7.01069 102.664
      vertex -15.5 6.56481 103.066
    endloop
  endfacet
  facet normal 0 0.725594 -0.688123
    outer loop
      vertex 14.9 7.01069 102.664
      vertex -14.9 7.46116 103.139
      vertex 14.9 7.46116 103.139
    endloop
  endfacet
  facet normal 0 0.725594 -0.688123
    outer loop
      vertex -14.9 7.46116 103.139
      vertex 14.9 7.01069 102.664
      vertex -14.9 7.01069 102.664
    endloop
  endfacet
  facet normal 0.706877 0.512844 -0.487151
    outer loop
      vertex 15.5 7.03691 103.563
      vertex 15.5 6.56481 103.066
      vertex 14.9 7.46116 103.139
    endloop
  endfacet
  facet normal 0.707197 0.513007 -0.486514
    outer loop
      vertex 14.9 7.46116 103.139
      vertex 15.5 6.56481 103.066
      vertex 14.9 7.01069 102.664
    endloop
  endfacet
  facet normal 0.706877 -0.513079 0.486903
    outer loop
      vertex 15.5 5.19843 105.402
      vertex 14.9 4.77417 105.826
      vertex 14.9 4.18675 105.207
    endloop
  endfacet
  facet normal 0.7072 -0.513164 0.486345
    outer loop
      vertex 15.5 4.63263 104.805
      vertex 15.5 5.19843 105.402
      vertex 14.9 4.18675 105.207
    endloop
  endfacet
  facet normal 0 -0.725368 0.688361
    outer loop
      vertex -14.9 4.18675 105.207
      vertex 14.9 4.77417 105.826
      vertex -14.9 4.77417 105.826
    endloop
  endfacet
  facet normal 0 -0.725368 0.688361
    outer loop
      vertex 14.9 4.77417 105.826
      vertex -14.9 4.18675 105.207
      vertex 14.9 4.18675 105.207
    endloop
  endfacet
  facet normal -0.706871 -0.513402 0.486571
    outer loop
      vertex -14.9 4.77417 105.826
      vertex -15.5 5.19843 105.402
      vertex -15.5 4.63263 104.805
    endloop
  endfacet
  facet normal -0.707194 -0.512849 0.486685
    outer loop
      vertex -14.9 4.18675 105.207
      vertex -14.9 4.77417 105.826
      vertex -15.5 4.63263 104.805
    endloop
  endfacet
  facet normal -0.707188 0.537342 -0.459509
    outer loop
      vertex -14.9 7.01069 102.664
      vertex -14.9 6.58568 102.167
      vertex -15.5 6.56481 103.066
    endloop
  endfacet
  facet normal -0.706764 0.538157 -0.459207
    outer loop
      vertex -15.5 6.56481 103.066
      vertex -14.9 6.58568 102.167
      vertex -15.5 6.11939 102.544
    endloop
  endfacet
  facet normal 0 0.760004 -0.649918
    outer loop
      vertex 14.9 6.58568 102.167
      vertex -14.9 7.01069 102.664
      vertex 14.9 7.01069 102.664
    endloop
  endfacet
  facet normal 0 0.760004 -0.649918
    outer loop
      vertex -14.9 7.01069 102.664
      vertex 14.9 6.58568 102.167
      vertex -14.9 6.58568 102.167
    endloop
  endfacet
  facet normal 0.707178 0.537843 -0.458939
    outer loop
      vertex 15.5 6.56481 103.066
      vertex 15.5 6.11939 102.544
      vertex 14.9 7.01069 102.664
    endloop
  endfacet
  facet normal 0.706754 0.537672 -0.459791
    outer loop
      vertex 14.9 7.01069 102.664
      vertex 15.5 6.11939 102.544
      vertex 14.9 6.58568 102.167
    endloop
  endfacet
  facet normal 0.707181 -0.537663 0.459143
    outer loop
      vertex 15.5 4.63263 104.805
      vertex 14.9 4.18675 105.207
      vertex 14.9 3.63253 104.558
    endloop
  endfacet
  facet normal 0.707138 -0.537656 0.459219
    outer loop
      vertex 15.5 4.09881 104.18
      vertex 15.5 4.63263 104.805
      vertex 14.9 3.63253 104.558
    endloop
  endfacet
  facet normal 0 -0.760451 0.649395
    outer loop
      vertex -14.9 3.63253 104.558
      vertex 14.9 4.18675 105.207
      vertex -14.9 4.18675 105.207
    endloop
  endfacet
  facet normal 0 -0.760451 0.649395
    outer loop
      vertex 14.9 4.18675 105.207
      vertex -14.9 3.63253 104.558
      vertex 14.9 3.63253 104.558
    endloop
  endfacet
  facet normal -0.707182 -0.537622 0.45919
    outer loop
      vertex -14.9 4.18675 105.207
      vertex -15.5 4.63263 104.805
      vertex -15.5 4.09881 104.18
    endloop
  endfacet
  facet normal -0.707139 -0.537696 0.459171
    outer loop
      vertex -14.9 3.63253 104.558
      vertex -14.9 4.18675 105.207
      vertex -15.5 4.09881 104.18
    endloop
  endfacet
  facet normal -0.706767 0.561578 -0.430244
    outer loop
      vertex -14.9 6.58568 102.167
      vertex -14.9 6.18729 101.647
      vertex -15.5 6.11939 102.544
    endloop
  endfacet
  facet normal -0.707103 0.560947 -0.430516
    outer loop
      vertex -15.5 6.11939 102.544
      vertex -14.9 6.18729 101.647
      vertex -15.5 5.70188 102
    endloop
  endfacet
  facet normal 0 0.79381 -0.608166
    outer loop
      vertex 14.9 6.18729 101.647
      vertex -14.9 6.58568 102.167
      vertex 14.9 6.58568 102.167
    endloop
  endfacet
  facet normal 0 0.79381 -0.608166
    outer loop
      vertex -14.9 6.58568 102.167
      vertex 14.9 6.18729 101.647
      vertex -14.9 6.18729 101.647
    endloop
  endfacet
  facet normal 0.706775 0.561207 -0.430716
    outer loop
      vertex 15.5 6.11939 102.544
      vertex 15.5 5.70188 102
      vertex 14.9 6.58568 102.167
    endloop
  endfacet
  facet normal 0.70711 0.561306 -0.430036
    outer loop
      vertex 14.9 6.58568 102.167
      vertex 15.5 5.70188 102
      vertex 14.9 6.18729 101.647
    endloop
  endfacet
  facet normal 0.707129 -0.56096 0.430456
    outer loop
      vertex 15.5 4.09881 104.18
      vertex 14.9 3.63253 104.558
      vertex 14.9 3.11303 103.881
    endloop
  endfacet
  facet normal 0.707103 -0.560958 0.430501
    outer loop
      vertex 15.5 3.59844 103.528
      vertex 15.5 4.09881 104.18
      vertex 14.9 3.11303 103.881
    endloop
  endfacet
  facet normal 0 -0.793342 0.608776
    outer loop
      vertex -14.9 3.11303 103.881
      vertex 14.9 3.63253 104.558
      vertex -14.9 3.63253 104.558
    endloop
  endfacet
  facet normal 0 -0.793342 0.608776
    outer loop
      vertex 14.9 3.63253 104.558
      vertex -14.9 3.11303 103.881
      vertex 14.9 3.11303 103.881
    endloop
  endfacet
  facet normal -0.707129 -0.560938 0.430485
    outer loop
      vertex -14.9 3.63253 104.558
      vertex -15.5 4.09881 104.18
      vertex -15.5 3.59844 103.528
    endloop
  endfacet
  facet normal -0.707103 -0.56098 0.430472
    outer loop
      vertex -14.9 3.11303 103.881
      vertex -14.9 3.63253 104.558
      vertex -15.5 3.59844 103.528
    endloop
  endfacet
  facet normal -0.707098 0.582639 -0.40068
    outer loop
      vertex -14.9 6.18729 101.647
      vertex -14.9 5.81662 101.108
      vertex -15.5 5.70188 102
    endloop
  endfacet
  facet normal -0.707055 0.582717 -0.400641
    outer loop
      vertex -15.5 5.70188 102
      vertex -14.9 5.81662 101.108
      vertex -15.5 5.31342 101.435
    endloop
  endfacet
  facet normal 0 0.823965 -0.56664
    outer loop
      vertex 14.9 5.81662 101.108
      vertex -14.9 6.18729 101.647
      vertex 14.9 6.18729 101.647
    endloop
  endfacet
  facet normal 0 0.823965 -0.56664
    outer loop
      vertex -14.9 6.18729 101.647
      vertex 14.9 5.81662 101.108
      vertex -14.9 5.81662 101.108
    endloop
  endfacet
  facet normal 0.707097 0.582683 -0.400618
    outer loop
      vertex 15.5 5.70188 102
      vertex 15.5 5.31342 101.435
      vertex 14.9 6.18729 101.647
    endloop
  endfacet
  facet normal 0.707054 0.582675 -0.400705
    outer loop
      vertex 14.9 6.18729 101.647
      vertex 15.5 5.31342 101.435
      vertex 14.9 5.81662 101.108
    endloop
  endfacet
  facet normal 0.707097 -0.582679 0.400623
    outer loop
      vertex 15.5 3.59844 103.528
      vertex 14.9 3.11303 103.881
      vertex 14.9 2.62968 103.178
    endloop
  endfacet
  facet normal 0.707049 -0.58268 0.400706
    outer loop
      vertex 15.5 3.13287 102.851
      vertex 15.5 3.59844 103.528
      vertex 14.9 2.62968 103.178
    endloop
  endfacet
  facet normal 0 -0.824021 0.566559
    outer loop
      vertex -14.9 2.62968 103.178
      vertex 14.9 3.11303 103.881
      vertex -14.9 3.11303 103.881
    endloop
  endfacet
  facet normal 0 -0.824021 0.566559
    outer loop
      vertex 14.9 3.11303 103.881
      vertex -14.9 2.62968 103.178
      vertex 14.9 2.62968 103.178
    endloop
  endfacet
  facet normal -0.707098 -0.58264 0.400679
    outer loop
      vertex -14.9 3.11303 103.881
      vertex -15.5 3.59844 103.528
      vertex -15.5 3.13287 102.851
    endloop
  endfacet
  facet normal -0.70705 -0.582718 0.40065
    outer loop
      vertex -14.9 2.62968 103.178
      vertex -14.9 3.11303 103.881
      vertex -15.5 3.13287 102.851
    endloop
  endfacet
  facet normal -0.707051 0.602956 -0.369489
    outer loop
      vertex -14.9 5.81662 101.108
      vertex -14.9 5.47468 100.55
      vertex -15.5 5.31342 101.435
    endloop
  endfacet
  facet normal -0.706985 0.603075 -0.369422
    outer loop
      vertex -15.5 5.31342 101.435
      vertex -14.9 5.47468 100.55
      vertex -15.5 4.95507 100.85
    endloop
  endfacet
  facet normal 0 0.852642 -0.522495
    outer loop
      vertex 14.9 5.47468 100.55
      vertex -14.9 5.81662 101.108
      vertex 14.9 5.81662 101.108
    endloop
  endfacet
  facet normal 0 0.852642 -0.522495
    outer loop
      vertex -14.9 5.81662 101.108
      vertex 14.9 5.47468 100.55
      vertex -14.9 5.47468 100.55
    endloop
  endfacet
  facet normal 0.70705 0.60302 -0.369388
    outer loop
      vertex 15.5 5.31342 101.435
      vertex 15.5 4.95507 100.85
      vertex 14.9 5.81662 101.108
    endloop
  endfacet
  facet normal 0.706983 0.603015 -0.369525
    outer loop
      vertex 14.9 5.81662 101.108
      vertex 15.5 4.95507 100.85
      vertex 14.9 5.47468 100.55
    endloop
  endfacet
  facet normal 0.707044 -0.603049 0.369351
    outer loop
      vertex 15.5 3.13287 102.851
      vertex 14.9 2.62968 103.178
      vertex 14.9 2.1838 102.45
    endloop
  endfacet
  facet normal 0.706979 -0.603056 0.369464
    outer loop
      vertex 15.5 2.7034 102.15
      vertex 15.5 3.13287 102.851
      vertex 14.9 2.1838 102.45
    endloop
  endfacet
  facet normal 0 -0.852765 0.522295
    outer loop
      vertex -14.9 2.1838 102.45
      vertex 14.9 2.62968 103.178
      vertex -14.9 2.62968 103.178
    endloop
  endfacet
  facet normal 0 -0.852765 0.522295
    outer loop
      vertex 14.9 2.62968 103.178
      vertex -14.9 2.1838 102.45
      vertex 14.9 2.1838 102.45
    endloop
  endfacet
  facet normal -0.707045 -0.603 0.36943
    outer loop
      vertex -14.9 2.62968 103.178
      vertex -15.5 3.13287 102.851
      vertex -15.5 2.7034 102.15
    endloop
  endfacet
  facet normal -0.70698 -0.603104 0.369385
    outer loop
      vertex -14.9 2.1838 102.45
      vertex -14.9 2.62968 103.178
      vertex -15.5 2.7034 102.15
    endloop
  endfacet
  facet normal -0.706983 0.621524 -0.337466
    outer loop
      vertex -14.9 5.47468 100.55
      vertex -14.9 5.16242 99.9749
      vertex -15.5 4.95507 100.85
    endloop
  endfacet
  facet normal -0.706903 0.621663 -0.337378
    outer loop
      vertex -15.5 4.95507 100.85
      vertex -14.9 5.16242 99.9749
      vertex -15.5 4.62782 100.247
    endloop
  endfacet
  facet normal 0 0.878813 -0.477166
    outer loop
      vertex 14.9 5.16242 99.9749
      vertex -14.9 5.47468 100.55
      vertex 14.9 5.47468 100.55
    endloop
  endfacet
  facet normal 0 0.878813 -0.477166
    outer loop
      vertex -14.9 5.47468 100.55
      vertex 14.9 5.16242 99.9749
      vertex -14.9 5.16242 99.9749
    endloop
  endfacet
  facet normal 0.706981 0.621594 -0.337341
    outer loop
      vertex 15.5 4.95507 100.85
      vertex 15.5 4.62782 100.247
      vertex 14.9 5.47468 100.55
    endloop
  endfacet
  facet normal 0.706901 0.621596 -0.337506
    outer loop
      vertex 14.9 5.47468 100.55
      vertex 15.5 4.62782 100.247
      vertex 14.9 5.16242 99.9749
    endloop
  endfacet
  facet normal 0.706978 -0.621537 0.337453
    outer loop
      vertex 15.5 2.7034 102.15
      vertex 14.9 2.1838 102.45
      vertex 14.9 1.7766 101.7
    endloop
  endfacet
  facet normal 0.706871 -0.621558 0.337638
    outer loop
      vertex 15.5 2.3112 101.428
      vertex 15.5 2.7034 102.15
      vertex 14.9 1.7766 101.7
    endloop
  endfacet
  facet normal 0 -0.878825 0.477144
    outer loop
      vertex -14.9 1.7766 101.7
      vertex 14.9 2.1838 102.45
      vertex -14.9 2.1838 102.45
    endloop
  endfacet
  facet normal 0 -0.878825 0.477144
    outer loop
      vertex 14.9 2.1838 102.45
      vertex -14.9 1.7766 101.7
      vertex 14.9 1.7766 101.7
    endloop
  endfacet
  facet normal -0.70698 -0.621462 0.337587
    outer loop
      vertex -14.9 2.1838 102.45
      vertex -15.5 2.7034 102.15
      vertex -15.5 2.3112 101.428
    endloop
  endfacet
  facet normal -0.706873 -0.621629 0.337503
    outer loop
      vertex -14.9 1.7766 101.7
      vertex -14.9 2.1838 102.45
      vertex -15.5 2.3112 101.428
    endloop
  endfacet
  facet normal -0.706909 0.638407 -0.304494
    outer loop
      vertex -14.9 5.16242 99.9749
      vertex -14.9 4.88068 99.3842
      vertex -15.5 4.62782 100.247
    endloop
  endfacet
  facet normal -0.70697 0.638305 -0.304567
    outer loop
      vertex -15.5 4.62782 100.247
      vertex -14.9 4.88068 99.3842
      vertex -15.5 4.33256 99.6282
    endloop
  endfacet
  facet normal 0 0.902591 -0.430499
    outer loop
      vertex 14.9 4.88068 99.3842
      vertex -14.9 5.16242 99.9749
      vertex 14.9 5.16242 99.9749
    endloop
  endfacet
  facet normal 0 0.902591 -0.430499
    outer loop
      vertex -14.9 5.16242 99.9749
      vertex 14.9 4.88068 99.3842
      vertex -14.9 4.88068 99.3842
    endloop
  endfacet
  facet normal 0.70691 0.638359 -0.304592
    outer loop
      vertex 15.5 4.62782 100.247
      vertex 15.5 4.33256 99.6282
      vertex 14.9 5.16242 99.9749
    endloop
  endfacet
  facet normal 0.706971 0.638351 -0.304467
    outer loop
      vertex 14.9 5.16242 99.9749
      vertex 15.5 4.33256 99.6282
      vertex 14.9 4.88068 99.3842
    endloop
  endfacet
  facet normal 0.706884 -0.63839 0.304587
    outer loop
      vertex 15.5 2.3112 101.428
      vertex 14.9 1.7766 101.7
      vertex 14.9 1.40922 100.93
    endloop
  endfacet
  facet normal 0.706972 -0.638365 0.304436
    outer loop
      vertex 15.5 1.95734 100.686
      vertex 15.5 2.3112 101.428
      vertex 14.9 1.40922 100.93
    endloop
  endfacet
  facet normal 0 -0.902536 0.430615
    outer loop
      vertex -14.9 1.40922 100.93
      vertex 14.9 1.7766 101.7
      vertex -14.9 1.7766 101.7
    endloop
  endfacet
  facet normal 0 -0.902536 0.430615
    outer loop
      vertex 14.9 1.7766 101.7
      vertex -14.9 1.40922 100.93
      vertex 14.9 1.40922 100.93
    endloop
  endfacet
  facet normal -0.706883 -0.638445 0.304475
    outer loop
      vertex -14.9 1.7766 101.7
      vertex -15.5 2.3112 101.428
      vertex -15.5 1.95734 100.686
    endloop
  endfacet
  facet normal -0.70697 -0.638313 0.30455
    outer loop
      vertex -14.9 1.40922 100.93
      vertex -14.9 1.7766 101.7
      vertex -15.5 1.95734 100.686
    endloop
  endfacet
  facet normal -0.706972 0.653403 -0.270656
    outer loop
      vertex -14.9 4.88068 99.3842
      vertex -14.9 4.63024 98.7796
      vertex -15.5 4.33256 99.6282
    endloop
  endfacet
  facet normal -0.706976 0.653397 -0.270661
    outer loop
      vertex -15.5 4.33256 99.6282
      vertex -14.9 4.63024 98.7796
      vertex -15.5 4.0701 98.9946
    endloop
  endfacet
  facet normal 0 0.923876 -0.382692
    outer loop
      vertex 14.9 4.63024 98.7796
      vertex -14.9 4.88068 99.3842
      vertex 14.9 4.88068 99.3842
    endloop
  endfacet
  facet normal 0 0.923876 -0.382692
    outer loop
      vertex -14.9 4.88068 99.3842
      vertex 14.9 4.63024 98.7796
      vertex -14.9 4.63024 98.7796
    endloop
  endfacet
  facet normal 0.706972 0.6534 -0.270662
    outer loop
      vertex 15.5 4.33256 99.6282
      vertex 15.5 4.0701 98.9946
      vertex 14.9 4.88068 99.3842
    endloop
  endfacet
  facet normal 0.706976 0.6534 -0.270654
    outer loop
      vertex 14.9 4.88068 99.3842
      vertex 15.5 4.0701 98.9946
      vertex 14.9 4.63024 98.7796
    endloop
  endfacet
  facet normal 0.70697 -0.65348 0.270478
    outer loop
      vertex 15.5 1.95734 100.686
      vertex 14.9 1.40922 100.93
      vertex 14.9 1.08265 100.141
    endloop
  endfacet
  facet normal 0.706887 -0.653511 0.270618
    outer loop
      vertex 15.5 1.64279 99.9264
      vertex 15.5 1.95734 100.686
      vertex 14.9 1.08265 100.141
    endloop
  endfacet
  facet normal 0 -0.923981 0.382439
    outer loop
      vertex -14.9 1.08265 100.141
      vertex 14.9 1.40922 100.93
      vertex -14.9 1.40922 100.93
    endloop
  endfacet
  facet normal 0 -0.923981 0.382439
    outer loop
      vertex 14.9 1.40922 100.93
      vertex -14.9 1.08265 100.141
      vertex 14.9 1.08265 100.141
    endloop
  endfacet
  facet normal -0.706971 -0.653433 0.270586
    outer loop
      vertex -14.9 1.40922 100.93
      vertex -15.5 1.95734 100.686
      vertex -15.5 1.64279 99.9264
    endloop
  endfacet
  facet normal -0.706889 -0.653555 0.270509
    outer loop
      vertex -14.9 1.08265 100.141
      vertex -14.9 1.40922 100.93
      vertex -15.5 1.64279 99.9264
    endloop
  endfacet
  facet normal -0.706977 0.666673 -0.236075
    outer loop
      vertex -14.9 4.63024 98.7796
      vertex -14.9 4.41179 98.1627
      vertex -15.5 4.0701 98.9946
    endloop
  endfacet
  facet normal -0.706976 0.666674 -0.236074
    outer loop
      vertex -15.5 4.0701 98.9946
      vertex -14.9 4.41179 98.1627
      vertex -15.5 3.84117 98.3481
    endloop
  endfacet
  facet normal 0 0.942644 -0.333799
    outer loop
      vertex 14.9 4.41179 98.1627
      vertex -14.9 4.63024 98.7796
      vertex 14.9 4.63024 98.7796
    endloop
  endfacet
  facet normal 0 0.942644 -0.333799
    outer loop
      vertex -14.9 4.63024 98.7796
      vertex 14.9 4.41179 98.1627
      vertex -14.9 4.41179 98.1627
    endloop
  endfacet
  facet normal 0.706977 0.666673 -0.236073
    outer loop
      vertex 15.5 4.0701 98.9946
      vertex 15.5 3.84117 98.3481
      vertex 14.9 4.63024 98.7796
    endloop
  endfacet
  facet normal 0.706976 0.666673 -0.236075
    outer loop
      vertex 14.9 4.63024 98.7796
      vertex 15.5 3.84117 98.3481
      vertex 14.9 4.41179 98.1627
    endloop
  endfacet
  facet normal 0.7069 -0.666705 0.236216
    outer loop
      vertex 15.5 1.64279 99.9264
      vertex 14.9 1.08265 100.141
      vertex 14.9 0.79779 99.337
    endloop
  endfacet
  facet normal 0.706976 -0.666669 0.236088
    outer loop
      vertex 15.5 1.36841 99.1516
      vertex 15.5 1.64279 99.9264
      vertex 14.9 0.79779 99.337
    endloop
  endfacet
  facet normal 0 -0.942587 0.333962
    outer loop
      vertex -14.9 0.79779 99.337
      vertex 14.9 1.08265 100.141
      vertex -14.9 1.08265 100.141
    endloop
  endfacet
  facet normal 0 -0.942587 0.333962
    outer loop
      vertex 14.9 1.08265 100.141
      vertex -14.9 0.79779 99.337
      vertex 14.9 0.79779 99.337
    endloop
  endfacet
  facet normal -0.706898 -0.666742 0.236114
    outer loop
      vertex -14.9 1.08265 100.141
      vertex -15.5 1.64279 99.9264
      vertex -15.5 1.36841 99.1516
    endloop
  endfacet
  facet normal -0.706974 -0.666634 0.236191
    outer loop
      vertex -14.9 0.79779 99.337
      vertex -14.9 1.08265 100.141
      vertex -15.5 1.36841 99.1516
    endloop
  endfacet
  facet normal -0.706976 0.678118 -0.200852
    outer loop
      vertex -14.9 4.41179 98.1627
      vertex -14.9 4.22593 97.5352
      vertex -15.5 3.84117 98.3481
    endloop
  endfacet
  facet normal -0.706984 0.678106 -0.200864
    outer loop
      vertex -15.5 3.84117 98.3481
      vertex -14.9 4.22593 97.5352
      vertex -15.5 3.64638 97.6905
    endloop
  endfacet
  facet normal 0 0.958826 -0.283996
    outer loop
      vertex 14.9 4.22593 97.5352
      vertex -14.9 4.41179 98.1627
      vertex 14.9 4.41179 98.1627
    endloop
  endfacet
  facet normal 0 0.958826 -0.283996
    outer loop
      vertex -14.9 4.41179 98.1627
      vertex 14.9 4.22593 97.5352
      vertex -14.9 4.22593 97.5352
    endloop
  endfacet
  facet normal 0.706976 0.678113 -0.200866
    outer loop
      vertex 15.5 3.84117 98.3481
      vertex 15.5 3.64638 97.6905
      vertex 14.9 4.41179 98.1627
    endloop
  endfacet
  facet normal 0.706984 0.67811 -0.20085
    outer loop
      vertex 14.9 4.41179 98.1627
      vertex 15.5 3.64638 97.6905
      vertex 14.9 4.22593 97.5352
    endloop
  endfacet
  facet normal 0.706976 -0.678118 0.20085
    outer loop
      vertex 15.5 1.36841 99.1516
      vertex 14.9 0.79779 99.337
      vertex 14.9 0.55542 98.5187
    endloop
  endfacet
  facet normal 0.706967 -0.678123 0.200864
    outer loop
      vertex 15.5 1.13497 98.3635
      vertex 15.5 1.36841 99.1516
      vertex 14.9 0.55542 98.5187
    endloop
  endfacet
  facet normal 0 -0.958827 0.283992
    outer loop
      vertex -14.9 0.55542 98.5187
      vertex 14.9 0.79779 99.337
      vertex -14.9 0.79779 99.337
    endloop
  endfacet
  facet normal 0 -0.958827 0.283992
    outer loop
      vertex 14.9 0.79779 99.337
      vertex -14.9 0.55542 98.5187
      vertex 14.9 0.55542 98.5187
    endloop
  endfacet
  facet normal -0.706976 -0.678115 0.200862
    outer loop
      vertex -14.9 0.79779 99.337
      vertex -15.5 1.36841 99.1516
      vertex -15.5 1.13497 98.3635
    endloop
  endfacet
  facet normal -0.706967 -0.678126 0.200852
    outer loop
      vertex -14.9 0.55542 98.5187
      vertex -14.9 0.79779 99.337
      vertex -15.5 1.13497 98.3635
    endloop
  endfacet
  facet normal -0.706984 0.687684 -0.165118
    outer loop
      vertex -14.9 4.22593 97.5352
      vertex -14.9 4.07315 96.8989
      vertex -15.5 3.64638 97.6905
    endloop
  endfacet
  facet normal -0.706974 0.687698 -0.165103
    outer loop
      vertex -15.5 3.64638 97.6905
      vertex -14.9 4.07315 96.8989
      vertex -15.5 3.48627 97.0236
    endloop
  endfacet
  facet normal 0 0.972364 -0.233471
    outer loop
      vertex 14.9 4.07315 96.8989
      vertex -14.9 4.22593 97.5352
      vertex 14.9 4.22593 97.5352
    endloop
  endfacet
  facet normal 0 0.972364 -0.233471
    outer loop
      vertex -14.9 4.22593 97.5352
      vertex 14.9 4.07315 96.8989
      vertex -14.9 4.07315 96.8989
    endloop
  endfacet
  facet normal 0.706984 0.687689 -0.165101
    outer loop
      vertex 15.5 3.64638 97.6905
      vertex 15.5 3.48627 97.0236
      vertex 14.9 4.22593 97.5352
    endloop
  endfacet
  facet normal 0.706974 0.687694 -0.16512
    outer loop
      vertex 14.9 4.22593 97.5352
      vertex 15.5 3.48627 97.0236
      vertex 14.9 4.07315 96.8989
    endloop
  endfacet
  facet normal 0.70697 -0.687698 0.165119
    outer loop
      vertex 15.5 1.13497 98.3635
      vertex 14.9 0.55542 98.5187
      vertex 14.9 0.356206 97.689
    endloop
  endfacet
  facet normal 0.706988 -0.687687 0.165091
    outer loop
      vertex 15.5 0.943085 97.5642
      vertex 15.5 1.13497 98.3635
      vertex 14.9 0.356206 97.689
    endloop
  endfacet
  facet normal 0 -0.972364 0.233468
    outer loop
      vertex -14.9 0.356206 97.689
      vertex 14.9 0.55542 98.5187
      vertex -14.9 0.55542 98.5187
    endloop
  endfacet
  facet normal 0 -0.972364 0.233468
    outer loop
      vertex 14.9 0.55542 98.5187
      vertex -14.9 0.356206 97.689
      vertex 14.9 0.356206 97.689
    endloop
  endfacet
  facet normal -0.70697 -0.687705 0.165095
    outer loop
      vertex -14.9 0.55542 98.5187
      vertex -15.5 1.13497 98.3635
      vertex -15.5 0.943085 97.5642
    endloop
  endfacet
  facet normal -0.706987 -0.687682 0.165115
    outer loop
      vertex -14.9 0.356206 97.689
      vertex -14.9 0.55542 98.5187
      vertex -15.5 0.943085 97.5642
    endloop
  endfacet
  facet normal -0.706975 0.695398 -0.128868
    outer loop
      vertex -14.9 4.07315 96.8989
      vertex -14.9 3.9539 96.2554
      vertex -15.5 3.48627 97.0236
    endloop
  endfacet
  facet normal -0.706988 0.695382 -0.128887
    outer loop
      vertex -15.5 3.48627 97.0236
      vertex -14.9 3.9539 96.2554
      vertex -15.5 3.36129 96.3493
    endloop
  endfacet
  facet normal 0 0.983259 -0.182212
    outer loop
      vertex 14.9 3.9539 96.2554
      vertex -14.9 4.07315 96.8989
      vertex 14.9 4.07315 96.8989
    endloop
  endfacet
  facet normal 0 0.983259 -0.182212
    outer loop
      vertex -14.9 4.07315 96.8989
      vertex 14.9 3.9539 96.2554
      vertex -14.9 3.9539 96.2554
    endloop
  endfacet
  facet normal 0.706976 0.695394 -0.12889
    outer loop
      vertex 15.5 3.48627 97.0236
      vertex 15.5 3.36129 96.3493
      vertex 14.9 4.07315 96.8989
    endloop
  endfacet
  facet normal 0.706988 0.695386 -0.128865
    outer loop
      vertex 14.9 4.07315 96.8989
      vertex 15.5 3.36129 96.3493
      vertex 14.9 3.9539 96.2554
    endloop
  endfacet
  facet normal 0.706986 -0.695386 0.12888
    outer loop
      vertex 15.5 0.943085 97.5642
      vertex 14.9 0.356206 97.689
      vertex 14.9 0.200691 96.8499
    endloop
  endfacet
  facet normal 0.706985 -0.695386 0.12888
    outer loop
      vertex 15.5 0.793296 96.756
      vertex 15.5 0.943085 97.5642
      vertex 14.9 0.200691 96.8499
    endloop
  endfacet
  facet normal 0 -0.983256 0.182232
    outer loop
      vertex -14.9 0.200691 96.8499
      vertex 14.9 0.356206 97.689
      vertex -14.9 0.356206 97.689
    endloop
  endfacet
  facet normal 0 -0.983256 0.182232
    outer loop
      vertex 14.9 0.356206 97.689
      vertex -14.9 0.200691 96.8499
      vertex 14.9 0.200691 96.8499
    endloop
  endfacet
  facet normal -0.706986 -0.695386 0.12888
    outer loop
      vertex -14.9 0.356206 97.689
      vertex -15.5 0.943085 97.5642
      vertex -15.5 0.793296 96.756
    endloop
  endfacet
  facet normal -0.706985 -0.695386 0.12888
    outer loop
      vertex -14.9 0.200691 96.8499
      vertex -14.9 0.356206 97.689
      vertex -15.5 0.793296 96.756
    endloop
  endfacet
  facet normal -0.706987 0.701176 -0.0923157
    outer loop
      vertex -14.9 3.9539 96.2554
      vertex -14.9 3.86848 95.6066
      vertex -15.5 3.36129 96.3493
    endloop
  endfacet
  facet normal -0.706982 0.701181 -0.0923084
    outer loop
      vertex -15.5 3.36129 96.3493
      vertex -14.9 3.86848 95.6066
      vertex -15.5 3.27177 95.6693
    endloop
  endfacet
  facet normal 0 0.991444 -0.130532
    outer loop
      vertex 14.9 3.86848 95.6066
      vertex -14.9 3.9539 96.2554
      vertex 14.9 3.9539 96.2554
    endloop
  endfacet
  facet normal 0 0.991444 -0.130532
    outer loop
      vertex -14.9 3.9539 96.2554
      vertex 14.9 3.86848 95.6066
      vertex -14.9 3.86848 95.6066
    endloop
  endfacet
  facet normal 0.706987 0.701177 -0.0923079
    outer loop
      vertex 15.5 3.36129 96.3493
      vertex 15.5 3.27177 95.6693
      vertex 14.9 3.9539 96.2554
    endloop
  endfacet
  facet normal 0.706982 0.70118 -0.0923163
    outer loop
      vertex 14.9 3.9539 96.2554
      vertex 15.5 3.27177 95.6693
      vertex 14.9 3.86848 95.6066
    endloop
  endfacet
  facet normal 0.706984 -0.70118 0.0923079
    outer loop
      vertex 15.5 0.793296 96.756
      vertex 14.9 0.200691 96.8499
      vertex 14.9 0.0893049 96.0038
    endloop
  endfacet
  facet normal 0.706978 -0.701184 0.0923164
    outer loop
      vertex 15.5 0.686008 95.9411
      vertex 15.5 0.793296 96.756
      vertex 14.9 0.0893049 96.0038
    endloop
  endfacet
  facet normal 0 -0.991446 0.13052
    outer loop
      vertex -14.9 0.0893049 96.0038
      vertex 14.9 0.200691 96.8499
      vertex -14.9 0.200691 96.8499
    endloop
  endfacet
  facet normal 0 -0.991446 0.13052
    outer loop
      vertex 14.9 0.200691 96.8499
      vertex -14.9 0.0893049 96.0038
      vertex 14.9 0.0893049 96.0038
    endloop
  endfacet
  facet normal -0.706984 -0.701179 0.0923157
    outer loop
      vertex -14.9 0.200691 96.8499
      vertex -15.5 0.793296 96.756
      vertex -15.5 0.686008 95.9411
    endloop
  endfacet
  facet normal -0.706978 -0.701185 0.0923086
    outer loop
      vertex -14.9 0.0893049 96.0038
      vertex -14.9 0.200691 96.8499
      vertex -15.5 0.686008 95.9411
    endloop
  endfacet
  facet normal -0.706983 0.70505 -0.055494
    outer loop
      vertex -14.9 3.86848 95.6066
      vertex -14.9 3.81713 94.9542
      vertex -15.5 3.27177 95.6693
    endloop
  endfacet
  facet normal -0.706981 0.705052 -0.0554905
    outer loop
      vertex -15.5 3.27177 95.6693
      vertex -14.9 3.81713 94.9542
      vertex -15.5 3.21796 94.9856
    endloop
  endfacet
  facet normal 0 0.996917 -0.0784667
    outer loop
      vertex 14.9 3.81713 94.9542
      vertex -14.9 3.86848 95.6066
      vertex 14.9 3.86848 95.6066
    endloop
  endfacet
  facet normal 0 0.996917 -0.0784667
    outer loop
      vertex -14.9 3.86848 95.6066
      vertex 14.9 3.81713 94.9542
      vertex -14.9 3.81713 94.9542
    endloop
  endfacet
  facet normal 0.706983 0.70505 -0.0554904
    outer loop
      vertex 15.5 3.27177 95.6693
      vertex 15.5 3.21796 94.9856
      vertex 14.9 3.86848 95.6066
    endloop
  endfacet
  facet normal 0.706981 0.705052 -0.0554942
    outer loop
      vertex 14.9 3.86848 95.6066
      vertex 15.5 3.21796 94.9856
      vertex 14.9 3.81713 94.9542
    endloop
  endfacet
  facet normal 1 0 0
    outer loop
      vertex 15.5 29.4 94.3
      vertex 15.5 32 94.3
      vertex 15.5 31.9785 95.1217
    endloop
  endfacet
  facet normal 1 0 0
    outer loop
      vertex 15.5 29.382 94.9856
      vertex 15.5 31.9785 95.1217
      vertex 15.5 31.914 95.9411
    endloop
  endfacet
  facet normal 1 0 0
    outer loop
      vertex 15.5 32 94.3
      vertex 15.5 29.4 94.3
      vertex 15.5 31.9785 93.4783
    endloop
  endfacet
  facet normal 1 0 0
    outer loop
      vertex 15.5 29.3282 95.6693
      vertex 15.5 31.914 95.9411
      vertex 15.5 31.8067 96.756
    endloop
  endfacet
  facet normal 1 -0 0
    outer loop
      vertex 15.5 29.382 93.6144
      vertex 15.5 31.9785 93.4783
      vertex 15.5 29.4 94.3
    endloop
  endfacet
  facet normal 1 0 0
    outer loop
      vertex 15.5 29.2387 96.3493
      vertex 15.5 31.8067 96.756
      vertex 15.5 31.6569 97.5642
    endloop
  endfacet
  facet normal 1 0 0
    outer loop
      vertex 15.5 31.9785 93.4783
      vertex 15.5 29.382 93.6144
      vertex 15.5 31.914 92.6589
    endloop
  endfacet
  facet normal 1 0 0
    outer loop
      vertex 15.5 29.1137 97.0236
      vertex 15.5 31.6569 97.5642
      vertex 15.5 31.465 98.3635
    endloop
  endfacet
  facet normal 1 -0 0
    outer loop
      vertex 15.5 29.3282 92.9307
      vertex 15.5 31.914 92.6589
      vertex 15.5 29.382 93.6144
    endloop
  endfacet
  facet normal 1 0 0
    outer loop
      vertex 15.5 28.9536 97.6905
      vertex 15.5 31.465 98.3635
      vertex 15.5 31.2316 99.1516
    endloop
  endfacet
  facet normal 1 0 0
    outer loop
      vertex 15.5 31.914 92.6589
      vertex 15.5 29.3282 92.9307
      vertex 15.5 31.8067 91.844
    endloop
  endfacet
  facet normal 1 0 0
    outer loop
      vertex 15.5 28.7588 98.3481
      vertex 15.5 31.2316 99.1516
      vertex 15.5 30.9572 99.9264
    endloop
  endfacet
  facet normal 1 -0 0
    outer loop
      vertex 15.5 29.2387 92.2507
      vertex 15.5 31.8067 91.844
      vertex 15.5 29.3282 92.9307
    endloop
  endfacet
  facet normal 1 0 0
    outer loop
      vertex 15.5 28.5299 98.9946
      vertex 15.5 30.9572 99.9264
      vertex 15.5 30.6427 100.686
    endloop
  endfacet
  facet normal 1 0 0
    outer loop
      vertex 15.5 31.8067 91.844
      vertex 15.5 29.2387 92.2507
      vertex 15.5 31.6569 91.0358
    endloop
  endfacet
  facet normal 1 0 0
    outer loop
      vertex 15.5 28.2674 99.6282
      vertex 15.5 30.6427 100.686
      vertex 15.5 30.2888 101.428
    endloop
  endfacet
  facet normal 1 -0 0
    outer loop
      vertex 15.5 29.1137 91.5764
      vertex 15.5 31.6569 91.0358
      vertex 15.5 29.2387 92.2507
    endloop
  endfacet
  facet normal 1 0 0
    outer loop
      vertex 15.5 27.9722 100.247
      vertex 15.5 30.2888 101.428
      vertex 15.5 29.8966 102.15
    endloop
  endfacet
  facet normal 1 0 0
    outer loop
      vertex 15.5 31.6569 91.0358
      vertex 15.5 29.1137 91.5764
      vertex 15.5 31.465 90.2365
    endloop
  endfacet
  facet normal 1 0 0
    outer loop
      vertex 15.5 27.6449 100.85
      vertex 15.5 29.8966 102.15
      vertex 15.5 29.4671 102.851
    endloop
  endfacet
  facet normal 1 -0 0
    outer loop
      vertex 15.5 28.9536 90.9095
      vertex 15.5 31.465 90.2365
      vertex 15.5 29.1137 91.5764
    endloop
  endfacet
  facet normal 1 0 0
    outer loop
      vertex 15.5 31.465 90.2365
      vertex 15.5 28.9536 90.9095
      vertex 15.5 31.2316 89.4484
    endloop
  endfacet
  facet normal 1 0 0
    outer loop
      vertex 15.5 31.9785 95.1217
      vertex 15.5 29.382 94.9856
      vertex 15.5 29.4 94.3
    endloop
  endfacet
  facet normal 1 0 0
    outer loop
      vertex 15.5 31.914 95.9411
      vertex 15.5 29.3282 95.6693
      vertex 15.5 29.382 94.9856
    endloop
  endfacet
  facet normal 1 0 0
    outer loop
      vertex 15.5 31.8067 96.756
      vertex 15.5 29.2387 96.3493
      vertex 15.5 29.3282 95.6693
    endloop
  endfacet
  facet normal 1 0 0
    outer loop
      vertex 15.5 31.6569 97.5642
      vertex 15.5 29.1137 97.0236
      vertex 15.5 29.2387 96.3493
    endloop
  endfacet
  facet normal 1 0 0
    outer loop
      vertex 15.5 27.2866 101.435
      vertex 15.5 29.4671 102.851
      vertex 15.5 29.0016 103.528
    endloop
  endfacet
  facet normal 1 0 0
    outer loop
      vertex 15.5 31.465 98.3635
      vertex 15.5 28.9536 97.6905
      vertex 15.5 29.1137 97.0236
    endloop
  endfacet
  facet normal 1 0 0
    outer loop
      vertex 15.5 31.2316 99.1516
      vertex 15.5 28.7588 98.3481
      vertex 15.5 28.9536 97.6905
    endloop
  endfacet
  facet normal 1 0 0
    outer loop
      vertex 15.5 30.9572 99.9264
      vertex 15.5 28.5299 98.9946
      vertex 15.5 28.7588 98.3481
    endloop
  endfacet
  facet normal 1 0 0
    outer loop
      vertex 15.5 26.8981 102
      vertex 15.5 29.0016 103.528
      vertex 15.5 28.5012 104.18
    endloop
  endfacet
  facet normal 1 0 0
    outer loop
      vertex 15.5 30.6427 100.686
      vertex 15.5 28.2674 99.6282
      vertex 15.5 28.5299 98.9946
    endloop
  endfacet
  facet normal 1 0 0
    outer loop
      vertex 15.5 30.2888 101.428
      vertex 15.5 27.9722 100.247
      vertex 15.5 28.2674 99.6282
    endloop
  endfacet
  facet normal 1 0 0
    outer loop
      vertex 15.5 26.4806 102.544
      vertex 15.5 28.5012 104.18
      vertex 15.5 27.9674 104.805
    endloop
  endfacet
  facet normal 1 0 0
    outer loop
      vertex 15.5 29.8966 102.15
      vertex 15.5 27.6449 100.85
      vertex 15.5 27.9722 100.247
    endloop
  endfacet
  facet normal 1 0 0
    outer loop
      vertex 15.5 26.0352 103.066
      vertex 15.5 27.9674 104.805
      vertex 15.5 27.4016 105.402
    endloop
  endfacet
  facet normal 1 0 0
    outer loop
      vertex 15.5 29.4671 102.851
      vertex 15.5 27.2866 101.435
      vertex 15.5 27.6449 100.85
    endloop
  endfacet
  facet normal 1 0 0
    outer loop
      vertex 15.5 29.0016 103.528
      vertex 15.5 26.8981 102
      vertex 15.5 27.2866 101.435
    endloop
  endfacet
  facet normal 1 0 0
    outer loop
      vertex 15.5 25.5631 103.563
      vertex 15.5 27.4016 105.402
      vertex 15.5 26.8053 105.967
    endloop
  endfacet
  facet normal 1 0 0
    outer loop
      vertex 15.5 28.5012 104.18
      vertex 15.5 26.4806 102.544
      vertex 15.5 26.8981 102
    endloop
  endfacet
  facet normal 1 0 0
    outer loop
      vertex 15.5 25.0656 104.035
      vertex 15.5 26.8053 105.967
      vertex 15.5 26.1803 106.501
    endloop
  endfacet
  facet normal 1 0 0
    outer loop
      vertex 15.5 27.9674 104.805
      vertex 15.5 26.0352 103.066
      vertex 15.5 26.4806 102.544
    endloop
  endfacet
  facet normal 1 0 0
    outer loop
      vertex 15.5 27.4016 105.402
      vertex 15.5 25.5631 103.563
      vertex 15.5 26.0352 103.066
    endloop
  endfacet
  facet normal 1 0 0
    outer loop
      vertex 15.5 24.5441 104.481
      vertex 15.5 26.1803 106.501
      vertex 15.5 25.5282 107.002
    endloop
  endfacet
  facet normal 1 0 0
    outer loop
      vertex 15.5 26.8053 105.967
      vertex 15.5 25.0656 104.035
      vertex 15.5 25.5631 103.563
    endloop
  endfacet
  facet normal 1 0 0
    outer loop
      vertex 15.5 24 104.898
      vertex 15.5 25.5282 107.002
      vertex 15.5 24.8508 107.467
    endloop
  endfacet
  facet normal 1 0 0
    outer loop
      vertex 15.5 26.1803 106.501
      vertex 15.5 24.5441 104.481
      vertex 15.5 25.0656 104.035
    endloop
  endfacet
  facet normal 1 0 0
    outer loop
      vertex 15.5 23.4348 105.287
      vertex 15.5 24.8508 107.467
      vertex 15.5 24.15 107.897
    endloop
  endfacet
  facet normal 1 0 0
    outer loop
      vertex 15.5 25.5282 107.002
      vertex 15.5 24 104.898
      vertex 15.5 24.5441 104.481
    endloop
  endfacet
  facet normal 1 0 0
    outer loop
      vertex 15.5 24.8508 107.467
      vertex 15.5 23.4348 105.287
      vertex 15.5 24 104.898
    endloop
  endfacet
  facet normal 1 0 0
    outer loop
      vertex 15.5 22.85 105.645
      vertex 15.5 24.15 107.897
      vertex 15.5 23.4276 108.289
    endloop
  endfacet
  facet normal 1 0 0
    outer loop
      vertex 15.5 24.15 107.897
      vertex 15.5 22.85 105.645
      vertex 15.5 23.4348 105.287
    endloop
  endfacet
  facet normal 1 0 0
    outer loop
      vertex 15.5 22.2473 105.972
      vertex 15.5 23.4276 108.289
      vertex 15.5 22.6858 108.643
    endloop
  endfacet
  facet normal 1 0 0
    outer loop
      vertex 15.5 23.4276 108.289
      vertex 15.5 22.2473 105.972
      vertex 15.5 22.85 105.645
    endloop
  endfacet
  facet normal 1 0 0
    outer loop
      vertex 15.5 21.6282 106.267
      vertex 15.5 22.6858 108.643
      vertex 15.5 21.9264 108.957
    endloop
  endfacet
  facet normal 1 0 0
    outer loop
      vertex 15.5 22.6858 108.643
      vertex 15.5 21.6282 106.267
      vertex 15.5 22.2473 105.972
    endloop
  endfacet
  facet normal 1 0 0
    outer loop
      vertex 15.5 20.9946 106.53
      vertex 15.5 21.9264 108.957
      vertex 15.5 21.1516 109.232
    endloop
  endfacet
  facet normal 1 0 0
    outer loop
      vertex 15.5 21.9264 108.957
      vertex 15.5 20.9946 106.53
      vertex 15.5 21.6282 106.267
    endloop
  endfacet
  facet normal 1 0 0
    outer loop
      vertex 15.5 20.3481 106.759
      vertex 15.5 21.1516 109.232
      vertex 15.5 20.3635 109.465
    endloop
  endfacet
  facet normal 1 0 0
    outer loop
      vertex 15.5 21.1516 109.232
      vertex 15.5 20.3481 106.759
      vertex 15.5 20.9946 106.53
    endloop
  endfacet
  facet normal 1 0 0
    outer loop
      vertex 15.5 20.3635 109.465
      vertex 15.5 19.6905 106.954
      vertex 15.5 20.3481 106.759
    endloop
  endfacet
  facet normal 1 0 0
    outer loop
      vertex 15.5 19.5642 109.657
      vertex 15.5 19.6905 106.954
      vertex 15.5 20.3635 109.465
    endloop
  endfacet
  facet normal 1 0 0
    outer loop
      vertex 15.5 19.5642 109.657
      vertex 15.5 19.0236 107.114
      vertex 15.5 19.6905 106.954
    endloop
  endfacet
  facet normal 1 0 0
    outer loop
      vertex 15.5 18.756 109.807
      vertex 15.5 19.0236 107.114
      vertex 15.5 19.5642 109.657
    endloop
  endfacet
  facet normal 1 0 0
    outer loop
      vertex 15.5 18.756 109.807
      vertex 15.5 18.3493 107.239
      vertex 15.5 19.0236 107.114
    endloop
  endfacet
  facet normal 1 0 0
    outer loop
      vertex 15.5 17.9411 109.914
      vertex 15.5 18.3493 107.239
      vertex 15.5 18.756 109.807
    endloop
  endfacet
  facet normal 1 0 0
    outer loop
      vertex 15.5 17.9411 109.914
      vertex 15.5 17.6693 107.328
      vertex 15.5 18.3493 107.239
    endloop
  endfacet
  facet normal 1 0 0
    outer loop
      vertex 15.5 17.1217 109.978
      vertex 15.5 17.6693 107.328
      vertex 15.5 17.9411 109.914
    endloop
  endfacet
  facet normal 1 0 0
    outer loop
      vertex 15.5 17.1217 109.978
      vertex 15.5 16.9856 107.382
      vertex 15.5 17.6693 107.328
    endloop
  endfacet
  facet normal 1 0 0
    outer loop
      vertex 15.5 16.3 110
      vertex 15.5 16.9856 107.382
      vertex 15.5 17.1217 109.978
    endloop
  endfacet
  facet normal 1 0 0
    outer loop
      vertex 15.5 16.3 110
      vertex 15.5 16.3 107.4
      vertex 15.5 16.9856 107.382
    endloop
  endfacet
  facet normal 1 0 0
    outer loop
      vertex 15.5 16.3 110
      vertex 15.5 15.6144 107.382
      vertex 15.5 16.3 107.4
    endloop
  endfacet
  facet normal 1 -0 0
    outer loop
      vertex 15.5 15.4783 109.978
      vertex 15.5 15.6144 107.382
      vertex 15.5 16.3 110
    endloop
  endfacet
  facet normal 1 0 0
    outer loop
      vertex 15.5 15.4783 109.978
      vertex 15.5 14.9307 107.328
      vertex 15.5 15.6144 107.382
    endloop
  endfacet
  facet normal 1 -0 0
    outer loop
      vertex 15.5 14.6589 109.914
      vertex 15.5 14.9307 107.328
      vertex 15.5 15.4783 109.978
    endloop
  endfacet
  facet normal 1 0 0
    outer loop
      vertex 15.5 14.6589 109.914
      vertex 15.5 14.2507 107.239
      vertex 15.5 14.9307 107.328
    endloop
  endfacet
  facet normal 1 -0 0
    outer loop
      vertex 15.5 13.844 109.807
      vertex 15.5 14.2507 107.239
      vertex 15.5 14.6589 109.914
    endloop
  endfacet
  facet normal 1 0 0
    outer loop
      vertex 15.5 13.844 109.807
      vertex 15.5 13.5764 107.114
      vertex 15.5 14.2507 107.239
    endloop
  endfacet
  facet normal 1 -0 0
    outer loop
      vertex 15.5 13.0358 109.657
      vertex 15.5 13.5764 107.114
      vertex 15.5 13.844 109.807
    endloop
  endfacet
  facet normal 1 0 0
    outer loop
      vertex 15.5 13.0358 109.657
      vertex 15.5 12.9095 106.954
      vertex 15.5 13.5764 107.114
    endloop
  endfacet
  facet normal 1 -0 0
    outer loop
      vertex 15.5 12.2365 109.465
      vertex 15.5 12.9095 106.954
      vertex 15.5 13.0358 109.657
    endloop
  endfacet
  facet normal 1 0 0
    outer loop
      vertex 15.5 12.9095 106.954
      vertex 15.5 12.2365 109.465
      vertex 15.5 12.2519 106.759
    endloop
  endfacet
  facet normal 1 -0 0
    outer loop
      vertex 15.5 11.4484 109.232
      vertex 15.5 12.2519 106.759
      vertex 15.5 12.2365 109.465
    endloop
  endfacet
  facet normal 1 0 0
    outer loop
      vertex 15.5 12.2519 106.759
      vertex 15.5 11.4484 109.232
      vertex 15.5 11.6054 106.53
    endloop
  endfacet
  facet normal 1 -0 0
    outer loop
      vertex 15.5 10.6736 108.957
      vertex 15.5 11.6054 106.53
      vertex 15.5 11.4484 109.232
    endloop
  endfacet
  facet normal 1 0 0
    outer loop
      vertex 15.5 11.6054 106.53
      vertex 15.5 10.6736 108.957
      vertex 15.5 10.9718 106.267
    endloop
  endfacet
  facet normal 1 -0 0
    outer loop
      vertex 15.5 9.91424 108.643
      vertex 15.5 10.9718 106.267
      vertex 15.5 10.6736 108.957
    endloop
  endfacet
  facet normal 1 0 0
    outer loop
      vertex 15.5 10.9718 106.267
      vertex 15.5 9.91424 108.643
      vertex 15.5 10.3527 105.972
    endloop
  endfacet
  facet normal 1 -0 0
    outer loop
      vertex 15.5 9.17235 108.289
      vertex 15.5 10.3527 105.972
      vertex 15.5 9.91424 108.643
    endloop
  endfacet
  facet normal 1 0 0
    outer loop
      vertex 15.5 10.3527 105.972
      vertex 15.5 9.17235 108.289
      vertex 15.5 9.75 105.645
    endloop
  endfacet
  facet normal 1 -0 0
    outer loop
      vertex 15.5 8.45 107.897
      vertex 15.5 9.75 105.645
      vertex 15.5 9.17235 108.289
    endloop
  endfacet
  facet normal 1 0 0
    outer loop
      vertex 15.5 9.75 105.645
      vertex 15.5 8.45 107.897
      vertex 15.5 9.16523 105.287
    endloop
  endfacet
  facet normal 1 -0 0
    outer loop
      vertex 15.5 7.74917 107.467
      vertex 15.5 9.16523 105.287
      vertex 15.5 8.45 107.897
    endloop
  endfacet
  facet normal 1 0 0
    outer loop
      vertex 15.5 9.16523 105.287
      vertex 15.5 7.74917 107.467
      vertex 15.5 8.60002 104.898
    endloop
  endfacet
  facet normal 1 -0 0
    outer loop
      vertex 15.5 7.07177 107.002
      vertex 15.5 8.60002 104.898
      vertex 15.5 7.74917 107.467
    endloop
  endfacet
  facet normal 1 0 0
    outer loop
      vertex 15.5 8.60002 104.898
      vertex 15.5 7.07177 107.002
      vertex 15.5 8.05591 104.481
    endloop
  endfacet
  facet normal 1 -0 0
    outer loop
      vertex 15.5 6.41967 106.501
      vertex 15.5 8.05591 104.481
      vertex 15.5 7.07177 107.002
    endloop
  endfacet
  facet normal 1 0 0
    outer loop
      vertex 15.5 8.05591 104.481
      vertex 15.5 6.41967 106.501
      vertex 15.5 7.53439 104.035
    endloop
  endfacet
  facet normal 1 -0 0
    outer loop
      vertex 15.5 5.79465 105.967
      vertex 15.5 7.53439 104.035
      vertex 15.5 6.41967 106.501
    endloop
  endfacet
  facet normal 1 0 0
    outer loop
      vertex 15.5 7.53439 104.035
      vertex 15.5 5.79465 105.967
      vertex 15.5 7.03691 103.563
    endloop
  endfacet
  facet normal 1 -0 0
    outer loop
      vertex 15.5 5.19843 105.402
      vertex 15.5 7.03691 103.563
      vertex 15.5 5.79465 105.967
    endloop
  endfacet
  facet normal 1 0 0
    outer loop
      vertex 15.5 7.03691 103.563
      vertex 15.5 5.19843 105.402
      vertex 15.5 6.56481 103.066
    endloop
  endfacet
  facet normal 1 -0 0
    outer loop
      vertex 15.5 4.63263 104.805
      vertex 15.5 6.56481 103.066
      vertex 15.5 5.19843 105.402
    endloop
  endfacet
  facet normal 1 0 0
    outer loop
      vertex 15.5 6.56481 103.066
      vertex 15.5 4.63263 104.805
      vertex 15.5 6.11939 102.544
    endloop
  endfacet
  facet normal 1 -0 0
    outer loop
      vertex 15.5 4.09881 104.18
      vertex 15.5 6.11939 102.544
      vertex 15.5 4.63263 104.805
    endloop
  endfacet
  facet normal 1 0 0
    outer loop
      vertex 15.5 6.11939 102.544
      vertex 15.5 4.09881 104.18
      vertex 15.5 5.70188 102
    endloop
  endfacet
  facet normal 1 -0 0
    outer loop
      vertex 15.5 3.59844 103.528
      vertex 15.5 5.70188 102
      vertex 15.5 4.09881 104.18
    endloop
  endfacet
  facet normal 1 0 0
    outer loop
      vertex 15.5 5.70188 102
      vertex 15.5 3.59844 103.528
      vertex 15.5 5.31342 101.435
    endloop
  endfacet
  facet normal 1 -0 0
    outer loop
      vertex 15.5 3.13287 102.851
      vertex 15.5 5.31342 101.435
      vertex 15.5 3.59844 103.528
    endloop
  endfacet
  facet normal 1 0 0
    outer loop
      vertex 15.5 5.31342 101.435
      vertex 15.5 3.13287 102.851
      vertex 15.5 4.95507 100.85
    endloop
  endfacet
  facet normal 1 -0 0
    outer loop
      vertex 15.5 2.7034 102.15
      vertex 15.5 4.95507 100.85
      vertex 15.5 3.13287 102.851
    endloop
  endfacet
  facet normal 1 0 0
    outer loop
      vertex 15.5 4.95507 100.85
      vertex 15.5 2.7034 102.15
      vertex 15.5 4.62782 100.247
    endloop
  endfacet
  facet normal 1 -0 0
    outer loop
      vertex 15.5 2.3112 101.428
      vertex 15.5 4.62782 100.247
      vertex 15.5 2.7034 102.15
    endloop
  endfacet
  facet normal 1 0 0
    outer loop
      vertex 15.5 4.62782 100.247
      vertex 15.5 2.3112 101.428
      vertex 15.5 4.33256 99.6282
    endloop
  endfacet
  facet normal 1 -0 0
    outer loop
      vertex 15.5 1.95734 100.686
      vertex 15.5 4.33256 99.6282
      vertex 15.5 2.3112 101.428
    endloop
  endfacet
  facet normal 1 0 0
    outer loop
      vertex 15.5 4.33256 99.6282
      vertex 15.5 1.95734 100.686
      vertex 15.5 4.0701 98.9946
    endloop
  endfacet
  facet normal 1 -0 0
    outer loop
      vertex 15.5 1.64279 99.9264
      vertex 15.5 4.0701 98.9946
      vertex 15.5 1.95734 100.686
    endloop
  endfacet
  facet normal 1 0 0
    outer loop
      vertex 15.5 4.0701 98.9946
      vertex 15.5 1.64279 99.9264
      vertex 15.5 3.84117 98.3481
    endloop
  endfacet
  facet normal 1 -0 0
    outer loop
      vertex 15.5 1.36841 99.1516
      vertex 15.5 3.84117 98.3481
      vertex 15.5 1.64279 99.9264
    endloop
  endfacet
  facet normal 1 0 0
    outer loop
      vertex 15.5 3.84117 98.3481
      vertex 15.5 1.36841 99.1516
      vertex 15.5 3.64638 97.6905
    endloop
  endfacet
  facet normal 1 -0 0
    outer loop
      vertex 15.5 1.13497 98.3635
      vertex 15.5 3.64638 97.6905
      vertex 15.5 1.36841 99.1516
    endloop
  endfacet
  facet normal 1 0 0
    outer loop
      vertex 15.5 3.64638 97.6905
      vertex 15.5 1.13497 98.3635
      vertex 15.5 3.48627 97.0236
    endloop
  endfacet
  facet normal 1 -0 0
    outer loop
      vertex 15.5 0.943085 97.5642
      vertex 15.5 3.48627 97.0236
      vertex 15.5 1.13497 98.3635
    endloop
  endfacet
  facet normal 1 0 0
    outer loop
      vertex 15.5 3.48627 97.0236
      vertex 15.5 0.943085 97.5642
      vertex 15.5 3.36129 96.3493
    endloop
  endfacet
  facet normal 1 -0 0
    outer loop
      vertex 15.5 0.793296 96.756
      vertex 15.5 3.36129 96.3493
      vertex 15.5 0.943085 97.5642
    endloop
  endfacet
  facet normal 1 0 0
    outer loop
      vertex 15.5 3.36129 96.3493
      vertex 15.5 0.793296 96.756
      vertex 15.5 3.27177 95.6693
    endloop
  endfacet
  facet normal 1 -0 0
    outer loop
      vertex 15.5 0.686008 95.9411
      vertex 15.5 3.27177 95.6693
      vertex 15.5 0.793296 96.756
    endloop
  endfacet
  facet normal 1 0 0
    outer loop
      vertex 15.5 3.27177 95.6693
      vertex 15.5 0.686008 95.9411
      vertex 15.5 3.21796 94.9856
    endloop
  endfacet
  facet normal 1 0 0
    outer loop
      vertex 15.5 3.21796 94.9856
      vertex 15.5 0.686008 95.9411
      vertex 15.5 0.621519 95.1217
    endloop
  endfacet
  facet normal 1 -0 0
    outer loop
      vertex 15.5 28.7588 90.2519
      vertex 15.5 31.2316 89.4484
      vertex 15.5 28.9536 90.9095
    endloop
  endfacet
  facet normal 1 0 0
    outer loop
      vertex 15.5 31.2316 89.4484
      vertex 15.5 28.7588 90.2519
      vertex 15.5 30.9572 88.6736
    endloop
  endfacet
  facet normal 1 -0 0
    outer loop
      vertex 15.5 28.5299 89.6054
      vertex 15.5 30.9572 88.6736
      vertex 15.5 28.7588 90.2519
    endloop
  endfacet
  facet normal 1 0 0
    outer loop
      vertex 15.5 30.9572 88.6736
      vertex 15.5 28.5299 89.6054
      vertex 15.5 30.6427 87.9142
    endloop
  endfacet
  facet normal 1 -0 0
    outer loop
      vertex 15.5 28.2674 88.9718
      vertex 15.5 30.6427 87.9142
      vertex 15.5 28.5299 89.6054
    endloop
  endfacet
  facet normal 1 0 0
    outer loop
      vertex 15.5 30.6427 87.9142
      vertex 15.5 28.2674 88.9718
      vertex 15.5 30.2888 87.1723
    endloop
  endfacet
  facet normal 1 -0 0
    outer loop
      vertex 15.5 27.9722 88.3527
      vertex 15.5 30.2888 87.1723
      vertex 15.5 28.2674 88.9718
    endloop
  endfacet
  facet normal 1 0 0
    outer loop
      vertex 15.5 30.2888 87.1723
      vertex 15.5 27.9722 88.3527
      vertex 15.5 29.8966 86.45
    endloop
  endfacet
  facet normal 1 -0 0
    outer loop
      vertex 15.5 27.6449 87.75
      vertex 15.5 29.8966 86.45
      vertex 15.5 27.9722 88.3527
    endloop
  endfacet
  facet normal 1 0 0
    outer loop
      vertex 15.5 29.8966 86.45
      vertex 15.5 27.6449 87.75
      vertex 15.5 29.4671 85.7492
    endloop
  endfacet
  facet normal 1 -0 0
    outer loop
      vertex 15.5 27.2866 87.1652
      vertex 15.5 29.4671 85.7492
      vertex 15.5 27.6449 87.75
    endloop
  endfacet
  facet normal 1 0 0
    outer loop
      vertex 15.5 29.4671 85.7492
      vertex 15.5 27.2866 87.1652
      vertex 15.5 29.0016 85.0718
    endloop
  endfacet
  facet normal 1 -0 0
    outer loop
      vertex 15.5 26.8981 86.6
      vertex 15.5 29.0016 85.0718
      vertex 15.5 27.2866 87.1652
    endloop
  endfacet
  facet normal 1 0 0
    outer loop
      vertex 15.5 29.0016 85.0718
      vertex 15.5 26.8981 86.6
      vertex 15.5 28.5012 84.4197
    endloop
  endfacet
  facet normal 1 -0 0
    outer loop
      vertex 15.5 26.4806 86.0559
      vertex 15.5 28.5012 84.4197
      vertex 15.5 26.8981 86.6
    endloop
  endfacet
  facet normal 1 0 0
    outer loop
      vertex 15.5 28.5012 84.4197
      vertex 15.5 26.4806 86.0559
      vertex 15.5 27.9674 83.7946
    endloop
  endfacet
  facet normal 1 -0 0
    outer loop
      vertex 15.5 26.0352 85.5344
      vertex 15.5 27.9674 83.7946
      vertex 15.5 26.4806 86.0559
    endloop
  endfacet
  facet normal 1 0 0
    outer loop
      vertex 15.5 27.9674 83.7946
      vertex 15.5 26.0352 85.5344
      vertex 15.5 27.6526 83.4629
    endloop
  endfacet
  facet normal 1 -0 0
    outer loop
      vertex 15.5 25.5807 85.0193
      vertex 15.5 27.6526 83.4629
      vertex 15.5 26.0352 85.5344
    endloop
  endfacet
  facet normal 1 0 0
    outer loop
      vertex 15.5 27.528 83.3316
      vertex 15.5 27.3809 83.2191
      vertex 15.5 27.4016 83.1984
    endloop
  endfacet
  facet normal 1 0 -0
    outer loop
      vertex 15.5 27.3809 83.2191
      vertex 15.5 27.6526 83.4629
      vertex 15.5 25.5807 85.0193
    endloop
  endfacet
  facet normal 1 0 0
    outer loop
      vertex 15.5 27.6526 83.4629
      vertex 15.5 27.528 83.3316
      vertex 15.5 27.624 83.4277
    endloop
  endfacet
  facet normal 1 0 0
    outer loop
      vertex 15.5 27.6526 83.4629
      vertex 15.5 27.3809 83.2191
      vertex 15.5 27.528 83.3316
    endloop
  endfacet
  facet normal 1 0 -0
    outer loop
      vertex 15.5 27.187 83.1101
      vertex 15.5 27.3809 83.2191
      vertex 15.5 25.5807 85.0193
    endloop
  endfacet
  facet normal 1 0 0
    outer loop
      vertex 15.5 27.3809 83.2191
      vertex 15.5 27.187 83.1101
      vertex 15.5 27.3081 83.1718
    endloop
  endfacet
  facet normal 1 0 0
    outer loop
      vertex 15.5 27.187 83.1101
      vertex 15.5 25.5807 85.0193
      vertex 15.5 27.0599 83.0613
    endloop
  endfacet
  facet normal 1 0 0
    outer loop
      vertex 15.5 27.0599 83.0613
      vertex 15.5 25.5807 85.0193
      vertex 15.5 26.9286 83.0261
    endloop
  endfacet
  facet normal 1 0 0
    outer loop
      vertex 15.5 26.9286 83.0261
      vertex 15.5 25.5807 85.0193
      vertex 15.5 26.7944 83.0049
    endloop
  endfacet
  facet normal 1 0 0
    outer loop
      vertex 15.5 26.7944 83.0049
      vertex 15.5 25.5807 85.0193
      vertex 15.5 26.6585 82.9978
    endloop
  endfacet
  facet normal 1 0 0
    outer loop
      vertex 15.5 26.6585 82.9978
      vertex 15.5 25.5807 85.0193
      vertex 15.5 26.5226 83.0049
    endloop
  endfacet
  facet normal 1 0 0
    outer loop
      vertex 15.5 26.5226 83.0049
      vertex 15.5 25.5807 85.0193
      vertex 15.5 26.3884 83.0261
    endloop
  endfacet
  facet normal 1 0 0
    outer loop
      vertex 15.5 26.3884 83.0261
      vertex 15.5 25.5807 85.0193
      vertex 15.5 26.2571 83.0613
    endloop
  endfacet
  facet normal 1 0 0
    outer loop
      vertex 15.5 26.2571 83.0613
      vertex 15.5 25.5807 85.0193
      vertex 15.5 26.13 83.1101
    endloop
  endfacet
  facet normal 1 0 0
    outer loop
      vertex 15.5 26.13 83.1101
      vertex 15.5 25.5807 85.0193
      vertex 15.5 26.0089 83.1718
    endloop
  endfacet
  facet normal 1 0 0
    outer loop
      vertex 15.5 26.0089 83.1718
      vertex 15.5 25.5807 85.0193
      vertex 15.5 25.8949 83.2459
    endloop
  endfacet
  facet normal 1 0 0
    outer loop
      vertex 15.5 25.8949 83.2459
      vertex 15.5 25.5807 85.0193
      vertex 15.5 25.7893 83.3314
    endloop
  endfacet
  facet normal 1 0 0
    outer loop
      vertex 15.5 25.7893 83.3314
      vertex 15.5 25.5807 85.0193
      vertex 15.5 25.6929 83.4277
    endloop
  endfacet
  facet normal 1 0 0
    outer loop
      vertex 15.5 25.6929 83.4277
      vertex 15.5 25.5807 85.0193
      vertex 15.5 25.6074 83.5333
    endloop
  endfacet
  facet normal 1 0 -0
    outer loop
      vertex 15.5 25.5807 85.0193
      vertex 15.5 26.0352 85.5344
      vertex 15.5 25.5631 85.0369
    endloop
  endfacet
  facet normal 1 0 0
    outer loop
      vertex 15.5 25.4717 84.8254
      vertex 15.5 25.5807 85.0193
      vertex 15.5 25.5334 84.9465
    endloop
  endfacet
  facet normal 1 0 0
    outer loop
      vertex 15.5 25.5807 85.0193
      vertex 15.5 25.5334 83.6473
      vertex 15.5 25.6074 83.5333
    endloop
  endfacet
  facet normal 1 0 0
    outer loop
      vertex 15.5 25.5807 85.0193
      vertex 15.5 25.4717 84.8254
      vertex 15.5 25.5334 83.6473
    endloop
  endfacet
  facet normal 1 0 0
    outer loop
      vertex 15.5 25.4717 84.8254
      vertex 15.5 25.4717 83.7684
      vertex 15.5 25.5334 83.6473
    endloop
  endfacet
  facet normal 1 -0 0
    outer loop
      vertex 15.5 25.4229 84.6983
      vertex 15.5 25.4717 83.7684
      vertex 15.5 25.4717 84.8254
    endloop
  endfacet
  facet normal 1 0 0
    outer loop
      vertex 15.5 25.4229 84.6983
      vertex 15.5 25.4229 83.8955
      vertex 15.5 25.4717 83.7684
    endloop
  endfacet
  facet normal 1 -0 0
    outer loop
      vertex 15.5 25.3877 84.567
      vertex 15.5 25.4229 83.8955
      vertex 15.5 25.4229 84.6983
    endloop
  endfacet
  facet normal 1 0 0
    outer loop
      vertex 15.5 25.3877 84.567
      vertex 15.5 25.3877 84.0269
      vertex 15.5 25.4229 83.8955
    endloop
  endfacet
  facet normal 1 -0 0
    outer loop
      vertex 15.5 25.3664 84.4328
      vertex 15.5 25.3877 84.0269
      vertex 15.5 25.3877 84.567
    endloop
  endfacet
  facet normal 1 0 0
    outer loop
      vertex 15.5 25.3664 84.4328
      vertex 15.5 25.3664 84.161
      vertex 15.5 25.3877 84.0269
    endloop
  endfacet
  facet normal 1 0 -0
    outer loop
      vertex 15.5 25.3664 84.161
      vertex 15.5 25.3664 84.4328
      vertex 15.5 25.3593 84.2969
    endloop
  endfacet
  facet normal 0.706979 -0.705054 0.0554915
    outer loop
      vertex 15.5 0.686008 95.9411
      vertex 14.9 0.0893049 96.0038
      vertex 14.9 0.0223503 95.1531
    endloop
  endfacet
  facet normal 0.70698 -0.705053 0.0554896
    outer loop
      vertex 15.5 0.621519 95.1217
      vertex 15.5 0.686008 95.9411
      vertex 14.9 0.0223503 95.1531
    endloop
  endfacet
  facet normal 0 -0.996917 0.0784627
    outer loop
      vertex -14.9 0.0223503 95.1531
      vertex 14.9 0.0893049 96.0038
      vertex -14.9 0.0893049 96.0038
    endloop
  endfacet
  facet normal 0 -0.996917 0.0784627
    outer loop
      vertex 14.9 0.0893049 96.0038
      vertex -14.9 0.0223503 95.1531
      vertex 14.9 0.0223503 95.1531
    endloop
  endfacet
  facet normal -0.706979 -0.705054 0.0554897
    outer loop
      vertex -14.9 0.0893049 96.0038
      vertex -15.5 0.686008 95.9411
      vertex -15.5 0.621519 95.1217
    endloop
  endfacet
  facet normal -0.70698 -0.705053 0.0554914
    outer loop
      vertex -14.9 0.0223503 95.1531
      vertex -14.9 0.0893049 96.0038
      vertex -15.5 0.621519 95.1217
    endloop
  endfacet
  facet normal -1 0 0
    outer loop
      vertex -15.5 25.5334 83.6473
      vertex -15.5 25.5807 85.0193
      vertex -15.5 25.6074 83.5333
    endloop
  endfacet
  facet normal -1 0 0
    outer loop
      vertex -15.5 25.4717 83.7684
      vertex -15.5 25.5807 85.0193
      vertex -15.5 25.5334 83.6473
    endloop
  endfacet
  facet normal -1 0 0
    outer loop
      vertex -15.5 25.4717 84.8254
      vertex -15.5 25.5807 85.0193
      vertex -15.5 25.4717 83.7684
    endloop
  endfacet
  facet normal -1 0 0
    outer loop
      vertex -15.5 25.5807 85.0193
      vertex -15.5 25.4717 84.8254
      vertex -15.5 25.5334 84.9465
    endloop
  endfacet
  facet normal -1 0 0
    outer loop
      vertex -15.5 25.4229 83.8955
      vertex -15.5 25.4717 84.8254
      vertex -15.5 25.4717 83.7684
    endloop
  endfacet
  facet normal -1 0 0
    outer loop
      vertex -15.5 25.4229 83.8955
      vertex -15.5 25.4229 84.6983
      vertex -15.5 25.4717 84.8254
    endloop
  endfacet
  facet normal -1 0 0
    outer loop
      vertex -15.5 25.3877 84.0269
      vertex -15.5 25.4229 84.6983
      vertex -15.5 25.4229 83.8955
    endloop
  endfacet
  facet normal -1 0 0
    outer loop
      vertex -15.5 25.3877 84.0269
      vertex -15.5 25.3877 84.567
      vertex -15.5 25.4229 84.6983
    endloop
  endfacet
  facet normal -1 0 0
    outer loop
      vertex -15.5 25.3664 84.161
      vertex -15.5 25.3877 84.567
      vertex -15.5 25.3877 84.0269
    endloop
  endfacet
  facet normal -1 0 0
    outer loop
      vertex -15.5 25.3664 84.161
      vertex -15.5 25.3664 84.4328
      vertex -15.5 25.3877 84.567
    endloop
  endfacet
  facet normal -1 0 -0
    outer loop
      vertex -15.5 25.3664 84.4328
      vertex -15.5 25.3664 84.161
      vertex -15.5 25.3593 84.2969
    endloop
  endfacet
  facet normal -1 0 0
    outer loop
      vertex -15.5 29.4 94.3
      vertex -15.5 32 94.3
      vertex -15.5 31.9785 93.4783
    endloop
  endfacet
  facet normal -1 0 0
    outer loop
      vertex -15.5 29.382 93.6144
      vertex -15.5 31.9785 93.4783
      vertex -15.5 31.914 92.6589
    endloop
  endfacet
  facet normal -1 0 0
    outer loop
      vertex -15.5 32 94.3
      vertex -15.5 29.4 94.3
      vertex -15.5 31.9785 95.1217
    endloop
  endfacet
  facet normal -1 0 0
    outer loop
      vertex -15.5 29.3282 92.9307
      vertex -15.5 31.914 92.6589
      vertex -15.5 31.8067 91.844
    endloop
  endfacet
  facet normal -1 0 0
    outer loop
      vertex -15.5 29.382 94.9856
      vertex -15.5 31.9785 95.1217
      vertex -15.5 29.4 94.3
    endloop
  endfacet
  facet normal -1 0 0
    outer loop
      vertex -15.5 29.2387 92.2507
      vertex -15.5 31.8067 91.844
      vertex -15.5 31.6569 91.0358
    endloop
  endfacet
  facet normal -1 -0 0
    outer loop
      vertex -15.5 31.9785 95.1217
      vertex -15.5 29.382 94.9856
      vertex -15.5 31.914 95.9411
    endloop
  endfacet
  facet normal -1 0 0
    outer loop
      vertex -15.5 29.1137 91.5764
      vertex -15.5 31.6569 91.0358
      vertex -15.5 31.465 90.2365
    endloop
  endfacet
  facet normal -1 0 0
    outer loop
      vertex -15.5 29.3282 95.6693
      vertex -15.5 31.914 95.9411
      vertex -15.5 29.382 94.9856
    endloop
  endfacet
  facet normal -1 0 0
    outer loop
      vertex -15.5 28.9536 90.9095
      vertex -15.5 31.465 90.2365
      vertex -15.5 31.2316 89.4484
    endloop
  endfacet
  facet normal -1 -0 0
    outer loop
      vertex -15.5 31.914 95.9411
      vertex -15.5 29.3282 95.6693
      vertex -15.5 31.8067 96.756
    endloop
  endfacet
  facet normal -1 0 0
    outer loop
      vertex -15.5 28.7588 90.2519
      vertex -15.5 31.2316 89.4484
      vertex -15.5 30.9572 88.6736
    endloop
  endfacet
  facet normal -1 0 0
    outer loop
      vertex -15.5 29.2387 96.3493
      vertex -15.5 31.8067 96.756
      vertex -15.5 29.3282 95.6693
    endloop
  endfacet
  facet normal -1 0 0
    outer loop
      vertex -15.5 28.5299 89.6054
      vertex -15.5 30.9572 88.6736
      vertex -15.5 30.6427 87.9142
    endloop
  endfacet
  facet normal -1 -0 0
    outer loop
      vertex -15.5 31.8067 96.756
      vertex -15.5 29.2387 96.3493
      vertex -15.5 31.6569 97.5642
    endloop
  endfacet
  facet normal -1 0 0
    outer loop
      vertex -15.5 28.2674 88.9718
      vertex -15.5 30.6427 87.9142
      vertex -15.5 30.2888 87.1723
    endloop
  endfacet
  facet normal -1 0 0
    outer loop
      vertex -15.5 29.1137 97.0236
      vertex -15.5 31.6569 97.5642
      vertex -15.5 29.2387 96.3493
    endloop
  endfacet
  facet normal -1 0 0
    outer loop
      vertex -15.5 27.9722 88.3527
      vertex -15.5 30.2888 87.1723
      vertex -15.5 29.8966 86.45
    endloop
  endfacet
  facet normal -1 -0 0
    outer loop
      vertex -15.5 31.6569 97.5642
      vertex -15.5 29.1137 97.0236
      vertex -15.5 31.465 98.3635
    endloop
  endfacet
  facet normal -1 0 0
    outer loop
      vertex -15.5 27.6449 87.75
      vertex -15.5 29.8966 86.45
      vertex -15.5 29.4671 85.7492
    endloop
  endfacet
  facet normal -1 0 0
    outer loop
      vertex -15.5 28.9536 97.6905
      vertex -15.5 31.465 98.3635
      vertex -15.5 29.1137 97.0236
    endloop
  endfacet
  facet normal -1 -0 0
    outer loop
      vertex -15.5 31.465 98.3635
      vertex -15.5 28.9536 97.6905
      vertex -15.5 31.2316 99.1516
    endloop
  endfacet
  facet normal -1 0 0
    outer loop
      vertex -15.5 31.9785 93.4783
      vertex -15.5 29.382 93.6144
      vertex -15.5 29.4 94.3
    endloop
  endfacet
  facet normal -1 0 0
    outer loop
      vertex -15.5 31.914 92.6589
      vertex -15.5 29.3282 92.9307
      vertex -15.5 29.382 93.6144
    endloop
  endfacet
  facet normal -1 0 0
    outer loop
      vertex -15.5 31.8067 91.844
      vertex -15.5 29.2387 92.2507
      vertex -15.5 29.3282 92.9307
    endloop
  endfacet
  facet normal -1 0 0
    outer loop
      vertex -15.5 31.6569 91.0358
      vertex -15.5 29.1137 91.5764
      vertex -15.5 29.2387 92.2507
    endloop
  endfacet
  facet normal -1 0 0
    outer loop
      vertex -15.5 27.2866 87.1652
      vertex -15.5 29.4671 85.7492
      vertex -15.5 29.0016 85.0718
    endloop
  endfacet
  facet normal -1 0 0
    outer loop
      vertex -15.5 31.465 90.2365
      vertex -15.5 28.9536 90.9095
      vertex -15.5 29.1137 91.5764
    endloop
  endfacet
  facet normal -1 0 0
    outer loop
      vertex -15.5 31.2316 89.4484
      vertex -15.5 28.7588 90.2519
      vertex -15.5 28.9536 90.9095
    endloop
  endfacet
  facet normal -1 0 0
    outer loop
      vertex -15.5 30.9572 88.6736
      vertex -15.5 28.5299 89.6054
      vertex -15.5 28.7588 90.2519
    endloop
  endfacet
  facet normal -1 0 0
    outer loop
      vertex -15.5 26.8981 86.6
      vertex -15.5 29.0016 85.0718
      vertex -15.5 28.5012 84.4197
    endloop
  endfacet
  facet normal -1 0 0
    outer loop
      vertex -15.5 30.6427 87.9142
      vertex -15.5 28.2674 88.9718
      vertex -15.5 28.5299 89.6054
    endloop
  endfacet
  facet normal -1 0 0
    outer loop
      vertex -15.5 30.2888 87.1723
      vertex -15.5 27.9722 88.3527
      vertex -15.5 28.2674 88.9718
    endloop
  endfacet
  facet normal -1 0 0
    outer loop
      vertex -15.5 26.4806 86.0559
      vertex -15.5 28.5012 84.4197
      vertex -15.5 27.9674 83.7946
    endloop
  endfacet
  facet normal -1 0 0
    outer loop
      vertex -15.5 26.0352 85.5344
      vertex -15.5 27.9674 83.7946
      vertex -15.5 27.6526 83.4629
    endloop
  endfacet
  facet normal -1 0 0
    outer loop
      vertex -15.5 29.8966 86.45
      vertex -15.5 27.6449 87.75
      vertex -15.5 27.9722 88.3527
    endloop
  endfacet
  facet normal -1 0 0
    outer loop
      vertex -15.5 27.528 83.3316
      vertex -15.5 27.6526 83.4629
      vertex -15.5 27.624 83.4277
    endloop
  endfacet
  facet normal -1 0 0
    outer loop
      vertex -15.5 27.3809 83.2191
      vertex -15.5 27.6526 83.4629
      vertex -15.5 27.528 83.3316
    endloop
  endfacet
  facet normal -1 0 0
    outer loop
      vertex -15.5 27.3809 83.2191
      vertex -15.5 27.528 83.3316
      vertex -15.5 27.4016 83.1984
    endloop
  endfacet
  facet normal -1 -0 0
    outer loop
      vertex -15.5 27.6526 83.4629
      vertex -15.5 27.3809 83.2191
      vertex -15.5 25.5807 85.0193
    endloop
  endfacet
  facet normal -1 0 0
    outer loop
      vertex -15.5 27.187 83.1101
      vertex -15.5 27.3809 83.2191
      vertex -15.5 27.3081 83.1718
    endloop
  endfacet
  facet normal -1 0 0
    outer loop
      vertex -15.5 29.4671 85.7492
      vertex -15.5 27.2866 87.1652
      vertex -15.5 27.6449 87.75
    endloop
  endfacet
  facet normal -1 -0 0
    outer loop
      vertex -15.5 27.3809 83.2191
      vertex -15.5 27.187 83.1101
      vertex -15.5 25.5807 85.0193
    endloop
  endfacet
  facet normal -1 0 0
    outer loop
      vertex -15.5 25.5807 85.0193
      vertex -15.5 27.187 83.1101
      vertex -15.5 27.0599 83.0613
    endloop
  endfacet
  facet normal -1 0 0
    outer loop
      vertex -15.5 25.5807 85.0193
      vertex -15.5 27.0599 83.0613
      vertex -15.5 26.9286 83.0261
    endloop
  endfacet
  facet normal -1 0 0
    outer loop
      vertex -15.5 29.0016 85.0718
      vertex -15.5 26.8981 86.6
      vertex -15.5 27.2866 87.1652
    endloop
  endfacet
  facet normal -1 0 0
    outer loop
      vertex -15.5 25.5807 85.0193
      vertex -15.5 26.9286 83.0261
      vertex -15.5 26.7944 83.0049
    endloop
  endfacet
  facet normal -1 0 0
    outer loop
      vertex -15.5 25.5807 85.0193
      vertex -15.5 26.7944 83.0049
      vertex -15.5 26.6585 82.9978
    endloop
  endfacet
  facet normal -1 0 0
    outer loop
      vertex -15.5 25.5807 85.0193
      vertex -15.5 26.6585 82.9978
      vertex -15.5 26.5226 83.0049
    endloop
  endfacet
  facet normal -1 0 0
    outer loop
      vertex -15.5 28.5012 84.4197
      vertex -15.5 26.4806 86.0559
      vertex -15.5 26.8981 86.6
    endloop
  endfacet
  facet normal -1 0 0
    outer loop
      vertex -15.5 25.5807 85.0193
      vertex -15.5 26.5226 83.0049
      vertex -15.5 26.3884 83.0261
    endloop
  endfacet
  facet normal -1 0 0
    outer loop
      vertex -15.5 25.5807 85.0193
      vertex -15.5 26.3884 83.0261
      vertex -15.5 26.2571 83.0613
    endloop
  endfacet
  facet normal -1 0 0
    outer loop
      vertex -15.5 25.5807 85.0193
      vertex -15.5 26.2571 83.0613
      vertex -15.5 26.13 83.1101
    endloop
  endfacet
  facet normal -1 0 0
    outer loop
      vertex -15.5 27.9674 83.7946
      vertex -15.5 26.0352 85.5344
      vertex -15.5 26.4806 86.0559
    endloop
  endfacet
  facet normal -1 0 0
    outer loop
      vertex -15.5 25.5807 85.0193
      vertex -15.5 26.13 83.1101
      vertex -15.5 26.0089 83.1718
    endloop
  endfacet
  facet normal -1 0 0
    outer loop
      vertex -15.5 25.5807 85.0193
      vertex -15.5 26.0089 83.1718
      vertex -15.5 25.8949 83.2459
    endloop
  endfacet
  facet normal -1 0 0
    outer loop
      vertex -15.5 25.5807 85.0193
      vertex -15.5 25.8949 83.2459
      vertex -15.5 25.7893 83.3314
    endloop
  endfacet
  facet normal -1 0 0
    outer loop
      vertex -15.5 25.5807 85.0193
      vertex -15.5 25.7893 83.3314
      vertex -15.5 25.6929 83.4277
    endloop
  endfacet
  facet normal -1 0 0
    outer loop
      vertex -15.5 25.5807 85.0193
      vertex -15.5 25.6929 83.4277
      vertex -15.5 25.6074 83.5333
    endloop
  endfacet
  facet normal -1 0 0
    outer loop
      vertex -15.5 27.6526 83.4629
      vertex -15.5 25.5807 85.0193
      vertex -15.5 26.0352 85.5344
    endloop
  endfacet
  facet normal -1 0 0
    outer loop
      vertex -15.5 26.0352 85.5344
      vertex -15.5 25.5807 85.0193
      vertex -15.5 25.5631 85.0369
    endloop
  endfacet
  facet normal -1 0 0
    outer loop
      vertex -15.5 28.7588 98.3481
      vertex -15.5 31.2316 99.1516
      vertex -15.5 28.9536 97.6905
    endloop
  endfacet
  facet normal -1 -0 0
    outer loop
      vertex -15.5 31.2316 99.1516
      vertex -15.5 28.7588 98.3481
      vertex -15.5 30.9572 99.9264
    endloop
  endfacet
  facet normal -1 0 0
    outer loop
      vertex -15.5 28.5299 98.9946
      vertex -15.5 30.9572 99.9264
      vertex -15.5 28.7588 98.3481
    endloop
  endfacet
  facet normal -1 -0 0
    outer loop
      vertex -15.5 30.9572 99.9264
      vertex -15.5 28.5299 98.9946
      vertex -15.5 30.6427 100.686
    endloop
  endfacet
  facet normal -1 0 0
    outer loop
      vertex -15.5 28.2674 99.6282
      vertex -15.5 30.6427 100.686
      vertex -15.5 28.5299 98.9946
    endloop
  endfacet
  facet normal -1 -0 0
    outer loop
      vertex -15.5 30.6427 100.686
      vertex -15.5 28.2674 99.6282
      vertex -15.5 30.2888 101.428
    endloop
  endfacet
  facet normal -1 0 0
    outer loop
      vertex -15.5 27.9722 100.247
      vertex -15.5 30.2888 101.428
      vertex -15.5 28.2674 99.6282
    endloop
  endfacet
  facet normal -1 -0 0
    outer loop
      vertex -15.5 30.2888 101.428
      vertex -15.5 27.9722 100.247
      vertex -15.5 29.8966 102.15
    endloop
  endfacet
  facet normal -1 0 0
    outer loop
      vertex -15.5 27.6449 100.85
      vertex -15.5 29.8966 102.15
      vertex -15.5 27.9722 100.247
    endloop
  endfacet
  facet normal -1 -0 0
    outer loop
      vertex -15.5 29.8966 102.15
      vertex -15.5 27.6449 100.85
      vertex -15.5 29.4671 102.851
    endloop
  endfacet
  facet normal -1 0 0
    outer loop
      vertex -15.5 27.2866 101.435
      vertex -15.5 29.4671 102.851
      vertex -15.5 27.6449 100.85
    endloop
  endfacet
  facet normal -1 -0 0
    outer loop
      vertex -15.5 29.4671 102.851
      vertex -15.5 27.2866 101.435
      vertex -15.5 29.0016 103.528
    endloop
  endfacet
  facet normal -1 0 0
    outer loop
      vertex -15.5 26.8981 102
      vertex -15.5 29.0016 103.528
      vertex -15.5 27.2866 101.435
    endloop
  endfacet
  facet normal -1 -0 0
    outer loop
      vertex -15.5 29.0016 103.528
      vertex -15.5 26.8981 102
      vertex -15.5 28.5012 104.18
    endloop
  endfacet
  facet normal -1 0 0
    outer loop
      vertex -15.5 26.4806 102.544
      vertex -15.5 28.5012 104.18
      vertex -15.5 26.8981 102
    endloop
  endfacet
  facet normal -1 -0 0
    outer loop
      vertex -15.5 28.5012 104.18
      vertex -15.5 26.4806 102.544
      vertex -15.5 27.9674 104.805
    endloop
  endfacet
  facet normal -1 0 0
    outer loop
      vertex -15.5 26.0352 103.066
      vertex -15.5 27.9674 104.805
      vertex -15.5 26.4806 102.544
    endloop
  endfacet
  facet normal -1 -0 0
    outer loop
      vertex -15.5 27.9674 104.805
      vertex -15.5 26.0352 103.066
      vertex -15.5 27.4016 105.402
    endloop
  endfacet
  facet normal -1 0 0
    outer loop
      vertex -15.5 25.5631 103.563
      vertex -15.5 27.4016 105.402
      vertex -15.5 26.0352 103.066
    endloop
  endfacet
  facet normal -1 -0 0
    outer loop
      vertex -15.5 27.4016 105.402
      vertex -15.5 25.5631 103.563
      vertex -15.5 26.8053 105.967
    endloop
  endfacet
  facet normal -1 0 0
    outer loop
      vertex -15.5 25.0656 104.035
      vertex -15.5 26.8053 105.967
      vertex -15.5 25.5631 103.563
    endloop
  endfacet
  facet normal -1 -0 0
    outer loop
      vertex -15.5 26.8053 105.967
      vertex -15.5 25.0656 104.035
      vertex -15.5 26.1803 106.501
    endloop
  endfacet
  facet normal -1 0 0
    outer loop
      vertex -15.5 24.5441 104.481
      vertex -15.5 26.1803 106.501
      vertex -15.5 25.0656 104.035
    endloop
  endfacet
  facet normal -1 -0 0
    outer loop
      vertex -15.5 26.1803 106.501
      vertex -15.5 24.5441 104.481
      vertex -15.5 25.5282 107.002
    endloop
  endfacet
  facet normal -1 0 0
    outer loop
      vertex -15.5 24 104.898
      vertex -15.5 25.5282 107.002
      vertex -15.5 24.5441 104.481
    endloop
  endfacet
  facet normal -1 -0 0
    outer loop
      vertex -15.5 25.5282 107.002
      vertex -15.5 24 104.898
      vertex -15.5 24.8508 107.467
    endloop
  endfacet
  facet normal -1 0 0
    outer loop
      vertex -15.5 23.4348 105.287
      vertex -15.5 24.8508 107.467
      vertex -15.5 24 104.898
    endloop
  endfacet
  facet normal -1 -0 0
    outer loop
      vertex -15.5 24.8508 107.467
      vertex -15.5 23.4348 105.287
      vertex -15.5 24.15 107.897
    endloop
  endfacet
  facet normal -1 0 0
    outer loop
      vertex -15.5 22.85 105.645
      vertex -15.5 24.15 107.897
      vertex -15.5 23.4348 105.287
    endloop
  endfacet
  facet normal -1 -0 0
    outer loop
      vertex -15.5 24.15 107.897
      vertex -15.5 22.85 105.645
      vertex -15.5 23.4276 108.289
    endloop
  endfacet
  facet normal -1 0 0
    outer loop
      vertex -15.5 22.2473 105.972
      vertex -15.5 23.4276 108.289
      vertex -15.5 22.85 105.645
    endloop
  endfacet
  facet normal -1 -0 0
    outer loop
      vertex -15.5 23.4276 108.289
      vertex -15.5 22.2473 105.972
      vertex -15.5 22.6858 108.643
    endloop
  endfacet
  facet normal -1 0 0
    outer loop
      vertex -15.5 21.6282 106.267
      vertex -15.5 22.6858 108.643
      vertex -15.5 22.2473 105.972
    endloop
  endfacet
  facet normal -1 -0 0
    outer loop
      vertex -15.5 22.6858 108.643
      vertex -15.5 21.6282 106.267
      vertex -15.5 21.9264 108.957
    endloop
  endfacet
  facet normal -1 0 0
    outer loop
      vertex -15.5 20.9946 106.53
      vertex -15.5 21.9264 108.957
      vertex -15.5 21.6282 106.267
    endloop
  endfacet
  facet normal -1 -0 0
    outer loop
      vertex -15.5 21.9264 108.957
      vertex -15.5 20.9946 106.53
      vertex -15.5 21.1516 109.232
    endloop
  endfacet
  facet normal -1 0 0
    outer loop
      vertex -15.5 20.3481 106.759
      vertex -15.5 21.1516 109.232
      vertex -15.5 20.9946 106.53
    endloop
  endfacet
  facet normal -1 -0 0
    outer loop
      vertex -15.5 21.1516 109.232
      vertex -15.5 20.3481 106.759
      vertex -15.5 20.3635 109.465
    endloop
  endfacet
  facet normal -1 0 0
    outer loop
      vertex -15.5 19.6905 106.954
      vertex -15.5 20.3635 109.465
      vertex -15.5 20.3481 106.759
    endloop
  endfacet
  facet normal -1 0 0
    outer loop
      vertex -15.5 19.6905 106.954
      vertex -15.5 19.5642 109.657
      vertex -15.5 20.3635 109.465
    endloop
  endfacet
  facet normal -1 0 0
    outer loop
      vertex -15.5 19.0236 107.114
      vertex -15.5 19.5642 109.657
      vertex -15.5 19.6905 106.954
    endloop
  endfacet
  facet normal -1 0 0
    outer loop
      vertex -15.5 19.0236 107.114
      vertex -15.5 18.756 109.807
      vertex -15.5 19.5642 109.657
    endloop
  endfacet
  facet normal -1 0 0
    outer loop
      vertex -15.5 18.3493 107.239
      vertex -15.5 18.756 109.807
      vertex -15.5 19.0236 107.114
    endloop
  endfacet
  facet normal -1 0 0
    outer loop
      vertex -15.5 18.3493 107.239
      vertex -15.5 17.9411 109.914
      vertex -15.5 18.756 109.807
    endloop
  endfacet
  facet normal -1 0 0
    outer loop
      vertex -15.5 17.6693 107.328
      vertex -15.5 17.9411 109.914
      vertex -15.5 18.3493 107.239
    endloop
  endfacet
  facet normal -1 0 0
    outer loop
      vertex -15.5 17.6693 107.328
      vertex -15.5 17.1217 109.978
      vertex -15.5 17.9411 109.914
    endloop
  endfacet
  facet normal -1 0 0
    outer loop
      vertex -15.5 16.9856 107.382
      vertex -15.5 17.1217 109.978
      vertex -15.5 17.6693 107.328
    endloop
  endfacet
  facet normal -1 0 0
    outer loop
      vertex -15.5 16.3 107.4
      vertex -15.5 17.1217 109.978
      vertex -15.5 16.9856 107.382
    endloop
  endfacet
  facet normal -1 0 0
    outer loop
      vertex -15.5 16.3 107.4
      vertex -15.5 16.3 110
      vertex -15.5 17.1217 109.978
    endloop
  endfacet
  facet normal -1 0 0
    outer loop
      vertex -15.5 15.6144 107.382
      vertex -15.5 16.3 110
      vertex -15.5 16.3 107.4
    endloop
  endfacet
  facet normal -1 0 0
    outer loop
      vertex -15.5 15.6144 107.382
      vertex -15.5 15.4783 109.978
      vertex -15.5 16.3 110
    endloop
  endfacet
  facet normal -1 0 0
    outer loop
      vertex -15.5 14.9307 107.328
      vertex -15.5 15.4783 109.978
      vertex -15.5 15.6144 107.382
    endloop
  endfacet
  facet normal -1 0 0
    outer loop
      vertex -15.5 14.9307 107.328
      vertex -15.5 14.6589 109.914
      vertex -15.5 15.4783 109.978
    endloop
  endfacet
  facet normal -1 0 0
    outer loop
      vertex -15.5 14.2507 107.239
      vertex -15.5 14.6589 109.914
      vertex -15.5 14.9307 107.328
    endloop
  endfacet
  facet normal -1 0 0
    outer loop
      vertex -15.5 14.2507 107.239
      vertex -15.5 13.844 109.807
      vertex -15.5 14.6589 109.914
    endloop
  endfacet
  facet normal -1 0 0
    outer loop
      vertex -15.5 13.5764 107.114
      vertex -15.5 13.844 109.807
      vertex -15.5 14.2507 107.239
    endloop
  endfacet
  facet normal -1 0 0
    outer loop
      vertex -15.5 13.5764 107.114
      vertex -15.5 13.0358 109.657
      vertex -15.5 13.844 109.807
    endloop
  endfacet
  facet normal -1 0 0
    outer loop
      vertex -15.5 12.9095 106.954
      vertex -15.5 13.0358 109.657
      vertex -15.5 13.5764 107.114
    endloop
  endfacet
  facet normal -1 0 0
    outer loop
      vertex -15.5 12.2365 109.465
      vertex -15.5 12.9095 106.954
      vertex -15.5 12.2519 106.759
    endloop
  endfacet
  facet normal -1 0 0
    outer loop
      vertex -15.5 12.9095 106.954
      vertex -15.5 12.2365 109.465
      vertex -15.5 13.0358 109.657
    endloop
  endfacet
  facet normal -1 0 0
    outer loop
      vertex -15.5 11.4484 109.232
      vertex -15.5 12.2519 106.759
      vertex -15.5 11.6054 106.53
    endloop
  endfacet
  facet normal -1 0 0
    outer loop
      vertex -15.5 12.2519 106.759
      vertex -15.5 11.4484 109.232
      vertex -15.5 12.2365 109.465
    endloop
  endfacet
  facet normal -1 0 0
    outer loop
      vertex -15.5 10.6736 108.957
      vertex -15.5 11.6054 106.53
      vertex -15.5 10.9718 106.267
    endloop
  endfacet
  facet normal -1 0 0
    outer loop
      vertex -15.5 11.6054 106.53
      vertex -15.5 10.6736 108.957
      vertex -15.5 11.4484 109.232
    endloop
  endfacet
  facet normal -1 0 0
    outer loop
      vertex -15.5 9.91424 108.643
      vertex -15.5 10.9718 106.267
      vertex -15.5 10.3527 105.972
    endloop
  endfacet
  facet normal -1 0 0
    outer loop
      vertex -15.5 10.9718 106.267
      vertex -15.5 9.91424 108.643
      vertex -15.5 10.6736 108.957
    endloop
  endfacet
  facet normal -1 0 0
    outer loop
      vertex -15.5 9.17235 108.289
      vertex -15.5 10.3527 105.972
      vertex -15.5 9.75 105.645
    endloop
  endfacet
  facet normal -1 0 0
    outer loop
      vertex -15.5 10.3527 105.972
      vertex -15.5 9.17235 108.289
      vertex -15.5 9.91424 108.643
    endloop
  endfacet
  facet normal -1 0 0
    outer loop
      vertex -15.5 8.45 107.897
      vertex -15.5 9.75 105.645
      vertex -15.5 9.16523 105.287
    endloop
  endfacet
  facet normal -1 0 0
    outer loop
      vertex -15.5 7.74917 107.467
      vertex -15.5 9.16523 105.287
      vertex -15.5 8.60002 104.898
    endloop
  endfacet
  facet normal -1 0 0
    outer loop
      vertex -15.5 9.75 105.645
      vertex -15.5 8.45 107.897
      vertex -15.5 9.17235 108.289
    endloop
  endfacet
  facet normal -1 0 0
    outer loop
      vertex -15.5 7.07177 107.002
      vertex -15.5 8.60002 104.898
      vertex -15.5 8.05591 104.481
    endloop
  endfacet
  facet normal -1 0 0
    outer loop
      vertex -15.5 9.16523 105.287
      vertex -15.5 7.74917 107.467
      vertex -15.5 8.45 107.897
    endloop
  endfacet
  facet normal -1 0 0
    outer loop
      vertex -15.5 6.41967 106.501
      vertex -15.5 8.05591 104.481
      vertex -15.5 7.53439 104.035
    endloop
  endfacet
  facet normal -1 0 0
    outer loop
      vertex -15.5 8.60002 104.898
      vertex -15.5 7.07177 107.002
      vertex -15.5 7.74917 107.467
    endloop
  endfacet
  facet normal -1 0 0
    outer loop
      vertex -15.5 5.79465 105.967
      vertex -15.5 7.53439 104.035
      vertex -15.5 7.03691 103.563
    endloop
  endfacet
  facet normal -1 0 0
    outer loop
      vertex -15.5 5.19843 105.402
      vertex -15.5 7.03691 103.563
      vertex -15.5 6.56481 103.066
    endloop
  endfacet
  facet normal -1 0 0
    outer loop
      vertex -15.5 8.05591 104.481
      vertex -15.5 6.41967 106.501
      vertex -15.5 7.07177 107.002
    endloop
  endfacet
  facet normal -1 0 0
    outer loop
      vertex -15.5 4.63263 104.805
      vertex -15.5 6.56481 103.066
      vertex -15.5 6.11939 102.544
    endloop
  endfacet
  facet normal -1 0 0
    outer loop
      vertex -15.5 7.53439 104.035
      vertex -15.5 5.79465 105.967
      vertex -15.5 6.41967 106.501
    endloop
  endfacet
  facet normal -1 0 0
    outer loop
      vertex -15.5 4.09881 104.18
      vertex -15.5 6.11939 102.544
      vertex -15.5 5.70188 102
    endloop
  endfacet
  facet normal -1 0 0
    outer loop
      vertex -15.5 3.59844 103.528
      vertex -15.5 5.70188 102
      vertex -15.5 5.31342 101.435
    endloop
  endfacet
  facet normal -1 0 0
    outer loop
      vertex -15.5 7.03691 103.563
      vertex -15.5 5.19843 105.402
      vertex -15.5 5.79465 105.967
    endloop
  endfacet
  facet normal -1 0 0
    outer loop
      vertex -15.5 3.13287 102.851
      vertex -15.5 5.31342 101.435
      vertex -15.5 4.95507 100.85
    endloop
  endfacet
  facet normal -1 0 0
    outer loop
      vertex -15.5 6.56481 103.066
      vertex -15.5 4.63263 104.805
      vertex -15.5 5.19843 105.402
    endloop
  endfacet
  facet normal -1 0 0
    outer loop
      vertex -15.5 2.7034 102.15
      vertex -15.5 4.95507 100.85
      vertex -15.5 4.62782 100.247
    endloop
  endfacet
  facet normal -1 0 0
    outer loop
      vertex -15.5 2.3112 101.428
      vertex -15.5 4.62782 100.247
      vertex -15.5 4.33256 99.6282
    endloop
  endfacet
  facet normal -1 0 0
    outer loop
      vertex -15.5 6.11939 102.544
      vertex -15.5 4.09881 104.18
      vertex -15.5 4.63263 104.805
    endloop
  endfacet
  facet normal -1 0 0
    outer loop
      vertex -15.5 1.95734 100.686
      vertex -15.5 4.33256 99.6282
      vertex -15.5 4.0701 98.9946
    endloop
  endfacet
  facet normal -1 0 0
    outer loop
      vertex -15.5 1.64279 99.9264
      vertex -15.5 4.0701 98.9946
      vertex -15.5 3.84117 98.3481
    endloop
  endfacet
  facet normal -1 0 0
    outer loop
      vertex -15.5 1.36841 99.1516
      vertex -15.5 3.84117 98.3481
      vertex -15.5 3.64638 97.6905
    endloop
  endfacet
  facet normal -1 0 0
    outer loop
      vertex -15.5 5.70188 102
      vertex -15.5 3.59844 103.528
      vertex -15.5 4.09881 104.18
    endloop
  endfacet
  facet normal -1 0 0
    outer loop
      vertex -15.5 1.13497 98.3635
      vertex -15.5 3.64638 97.6905
      vertex -15.5 3.48627 97.0236
    endloop
  endfacet
  facet normal -1 0 0
    outer loop
      vertex -15.5 0.943085 97.5642
      vertex -15.5 3.48627 97.0236
      vertex -15.5 3.36129 96.3493
    endloop
  endfacet
  facet normal -1 0 0
    outer loop
      vertex -15.5 0.793296 96.756
      vertex -15.5 3.36129 96.3493
      vertex -15.5 3.27177 95.6693
    endloop
  endfacet
  facet normal -1 0 0
    outer loop
      vertex -15.5 0.686008 95.9411
      vertex -15.5 3.27177 95.6693
      vertex -15.5 3.21796 94.9856
    endloop
  endfacet
  facet normal -1 0 0
    outer loop
      vertex -15.5 5.31342 101.435
      vertex -15.5 3.13287 102.851
      vertex -15.5 3.59844 103.528
    endloop
  endfacet
  facet normal -1 0 0
    outer loop
      vertex -15.5 0.621519 95.1217
      vertex -15.5 3.21796 94.9856
      vertex -15.5 3.20001 94.3
    endloop
  endfacet
  facet normal -1 0 0
    outer loop
      vertex -15.5 4.95507 100.85
      vertex -15.5 2.7034 102.15
      vertex -15.5 3.13287 102.851
    endloop
  endfacet
  facet normal -1 0 0
    outer loop
      vertex -15.5 4.62782 100.247
      vertex -15.5 2.3112 101.428
      vertex -15.5 2.7034 102.15
    endloop
  endfacet
  facet normal -1 0 0
    outer loop
      vertex -15.5 4.33256 99.6282
      vertex -15.5 1.95734 100.686
      vertex -15.5 2.3112 101.428
    endloop
  endfacet
  facet normal -1 0 0
    outer loop
      vertex -15.5 4.0701 98.9946
      vertex -15.5 1.64279 99.9264
      vertex -15.5 1.95734 100.686
    endloop
  endfacet
  facet normal -1 0 0
    outer loop
      vertex -15.5 3.84117 98.3481
      vertex -15.5 1.36841 99.1516
      vertex -15.5 1.64279 99.9264
    endloop
  endfacet
  facet normal -1 0 0
    outer loop
      vertex -15.5 3.64638 97.6905
      vertex -15.5 1.13497 98.3635
      vertex -15.5 1.36841 99.1516
    endloop
  endfacet
  facet normal -1 0 0
    outer loop
      vertex -15.5 3.48627 97.0236
      vertex -15.5 0.943085 97.5642
      vertex -15.5 1.13497 98.3635
    endloop
  endfacet
  facet normal -1 0 0
    outer loop
      vertex -15.5 3.36129 96.3493
      vertex -15.5 0.793296 96.756
      vertex -15.5 0.943085 97.5642
    endloop
  endfacet
  facet normal -1 0 0
    outer loop
      vertex -15.5 3.27177 95.6693
      vertex -15.5 0.686008 95.9411
      vertex -15.5 0.793296 96.756
    endloop
  endfacet
  facet normal -1 0 0
    outer loop
      vertex -15.5 3.21796 94.9856
      vertex -15.5 0.621519 95.1217
      vertex -15.5 0.686008 95.9411
    endloop
  endfacet
  facet normal -1 0 -0
    outer loop
      vertex -15.5 0.621519 95.1217
      vertex -15.5 3.20001 94.3
      vertex -15.5 0.600002 94.3
    endloop
  endfacet
  facet normal -0.706981 0.70699 -0.0185123
    outer loop
      vertex -14.9 3.81713 94.9542
      vertex -14.9 3.8 94.3
      vertex -15.5 3.21796 94.9856
    endloop
  endfacet
  facet normal -0.70698 0.706992 -0.0185101
    outer loop
      vertex -15.5 3.21796 94.9856
      vertex -14.9 3.8 94.3
      vertex -15.5 3.20001 94.3
    endloop
  endfacet
  facet normal 0 0.999657 -0.0261757
    outer loop
      vertex 14.9 3.8 94.3
      vertex -14.9 3.81713 94.9542
      vertex 14.9 3.81713 94.9542
    endloop
  endfacet
  facet normal 0 0.999657 -0.0261757
    outer loop
      vertex -14.9 3.81713 94.9542
      vertex 14.9 3.8 94.3
      vertex -14.9 3.8 94.3
    endloop
  endfacet
  facet normal 0.706981 0.70699 -0.01851
    outer loop
      vertex 15.5 3.21796 94.9856
      vertex 15.5 3.20001 94.3
      vertex 14.9 3.81713 94.9542
    endloop
  endfacet
  facet normal 0.706956 0.707015 -0.0185188
    outer loop
      vertex 14.9 3.81713 94.9542
      vertex 15.3943 3.30589 94.3059
      vertex 14.901 3.79999 94.338
    endloop
  endfacet
  facet normal 0.707078 0.706898 -0.0183336
    outer loop
      vertex 15.5 3.20001 94.3
      vertex 15.3943 3.30589 94.3059
      vertex 14.9 3.81713 94.9542
    endloop
  endfacet
  facet normal 0.707152 0.706869 -0.0164898
    outer loop
      vertex 15.3943 3.30589 94.3059
      vertex 15.5 3.20001 94.3
      vertex 15.4002 3.29985 94.3
    endloop
  endfacet
  facet normal 0.999654 0 -0.0263067
    outer loop
      vertex 14.9 3.8 94.3
      vertex 14.901 3.79999 94.338
      vertex 14.9 3.79999 94.3
    endloop
  endfacet
  facet normal 0.708753 0.705215 -0.0184658
    outer loop
      vertex 14.901 3.79999 94.338
      vertex 14.9 3.8 94.3
      vertex 14.9 3.81713 94.9542
    endloop
  endfacet
  facet normal 1 0 0
    outer loop
      vertex 15.5 3.21796 94.9856
      vertex 15.5 0.621519 95.1217
      vertex 15.5 0.600002 94.3
    endloop
  endfacet
  facet normal 1 0 -0
    outer loop
      vertex 15.5 3.20001 94.3
      vertex 15.5 3.21796 94.9856
      vertex 15.5 0.600002 94.3
    endloop
  endfacet
  facet normal 0.708922 -0.705045 0.0184617
    outer loop
      vertex 14.901 0.0141098 94.8
      vertex 14.9 0.0223503 95.1531
      vertex 14.9 0.0131043 94.8
    endloop
  endfacet
  facet normal 0.70698 -0.706991 0.0185017
    outer loop
      vertex 14.9 0.0223503 95.1531
      vertex 14.901 0.0141098 94.8
      vertex 15.5 0.621519 95.1217
    endloop
  endfacet
  facet normal 0.706969 -0.707002 0.0185424
    outer loop
      vertex 15.5 0.621519 95.1217
      vertex 14.901 0.0141098 94.8
      vertex 15.1113 0.218874 94.5893
    endloop
  endfacet
  facet normal 0.707143 -0.706817 0.0189376
    outer loop
      vertex 15.5 0.600002 94.3
      vertex 15.1113 0.218874 94.5893
      vertex 15.4002 0.500156 94.3
    endloop
  endfacet
  facet normal 0.706989 -0.706982 0.018513
    outer loop
      vertex 15.1113 0.218874 94.5893
      vertex 15.5 0.600002 94.3
      vertex 15.5 0.621519 95.1217
    endloop
  endfacet
  facet normal 0 -0.999657 0.0261762
    outer loop
      vertex -14.9 0.0223503 95.1531
      vertex -14.9 0.0131043 94.8
      vertex 14.9 0.0223503 95.1531
    endloop
  endfacet
  facet normal 1 0 -0
    outer loop
      vertex -14.9 0.0131043 94.8
      vertex -14.9 0.0223503 95.1531
      vertex -14.9 0.013104 94.8
    endloop
  endfacet
  facet normal 0 -0.999657 0.0261762
    outer loop
      vertex 14.9 0.0223503 95.1531
      vertex -14.9 0.0131043 94.8
      vertex 14.9 0.0131043 94.8
    endloop
  endfacet
  facet normal -0.70698 -0.706991 0.0185132
    outer loop
      vertex -14.9 0.0223503 95.1531
      vertex -15.5 0.621519 95.1217
      vertex -15.5 0.600002 94.3
    endloop
  endfacet
  facet normal -0.692111 -0.692197 -0.204563
    outer loop
      vertex -15.5 0.600002 94.3
      vertex -15.1571 0.257145 94.3
      vertex -15.3999 0.499885 94.3001
    endloop
  endfacet
  facet normal -0.707053 -0.706914 0.0186904
    outer loop
      vertex -14.9 0.013104 94.8
      vertex -15.5 0.600002 94.3
      vertex -15.3999 0.499885 94.3001
    endloop
  endfacet
  facet normal -0.70698 -0.706991 0.0185133
    outer loop
      vertex -15.5 0.600002 94.3
      vertex -14.9 0.013104 94.8
      vertex -14.9 0.0223503 95.1531
    endloop
  endfacet
  facet normal -0.707071 0.44436 -0.550086
    outer loop
      vertex -14.9 27.8112 82.7888
      vertex -14.9 27.7753 82.7598
      vertex -15.1931 27.6028 82.9972
    endloop
  endfacet
  facet normal -0.707104 -0.630165 -0.320773
    outer loop
      vertex -14.9 24.9228 83.5241
      vertex -15.5 25.4717 83.7684
      vertex -14.9 25.013 83.3469
    endloop
  endfacet
  facet normal -0.707141 -0.444776 -0.54966
    outer loop
      vertex -14.9 25.3871 82.8849
      vertex -15.5 25.8949 83.2459
      vertex -14.9 25.5417 82.7598
    endloop
  endfacet
  facet normal 0 -0.156402 -0.987694
    outer loop
      vertex -14.9 26.2635 82.4384
      vertex 14.901 26.4599 82.4073
      vertex 14.901 26.2635 82.4384
    endloop
  endfacet
  facet normal -0 -0.156402 -0.987694
    outer loop
      vertex 14.901 26.4599 82.4073
      vertex -14.9 26.2635 82.4384
      vertex -14.9 26.4599 82.4073
    endloop
  endfacet
  facet normal 0 -0.35844 -0.933553
    outer loop
      vertex -14.9 25.8857 82.5612
      vertex 14.901 26.0714 82.4899
      vertex 14.901 25.8857 82.5612
    endloop
  endfacet
  facet normal -0 -0.35844 -0.933553
    outer loop
      vertex 14.901 26.0714 82.4899
      vertex -14.9 25.8857 82.5612
      vertex -14.9 26.0714 82.4899
    endloop
  endfacet
  facet normal -0.707188 -0.499683 -0.500202
    outer loop
      vertex -14.9 25.3871 82.8849
      vertex -15.5 25.6929 83.4277
      vertex -15.5 25.7893 83.3314
    endloop
  endfacet
  facet normal -0.707102 -0.500181 -0.499826
    outer loop
      vertex -15.5 25.6929 83.4277
      vertex -14.9 25.3871 82.8849
      vertex -14.9 25.2465 83.0256
    endloop
  endfacet
  facet normal -0.707137 0.110588 -0.698375
    outer loop
      vertex -14.9 26.8571 82.4073
      vertex -15.5 26.7944 83.0049
      vertex -14.9 27.0535 82.4384
    endloop
  endfacet
  facet normal 0 -0.83849 -0.544918
    outer loop
      vertex -14.9 25.1214 83.1801
      vertex 14.901 25.013 83.3469
      vertex -14.9 25.013 83.3469
    endloop
  endfacet
  facet normal 0 -0.83849 -0.544918
    outer loop
      vertex 14.901 25.013 83.3469
      vertex -14.9 25.1214 83.1801
      vertex 14.901 25.1214 83.1801
    endloop
  endfacet
  facet normal 0.707691 -0.682459 -0.18282
    outer loop
      vertex 15.5 25.3877 84.0269
      vertex 14.901 24.8515 83.7098
      vertex 15.5 25.4229 83.8955
    endloop
  endfacet
  facet normal -0.707104 -0.660125 0.253455
    outer loop
      vertex -15.5 25.4717 84.8254
      vertex -15.5 25.4229 84.6983
      vertex -14.9 24.8515 84.884
    endloop
  endfacet
  facet normal 0 0.156402 -0.987694
    outer loop
      vertex -14.9 26.8571 82.4073
      vertex 14.901 27.0535 82.4384
      vertex 14.901 26.8571 82.4073
    endloop
  endfacet
  facet normal 0 0.156402 -0.987694
    outer loop
      vertex 14.901 27.0535 82.4384
      vertex -14.9 26.8571 82.4073
      vertex -14.9 27.0535 82.4384
    endloop
  endfacet
  facet normal -0.707104 -0.660125 -0.253455
    outer loop
      vertex -14.9 24.8515 83.7098
      vertex -15.5 25.4229 83.8955
      vertex -15.5 25.4717 83.7684
    endloop
  endfacet
  facet normal -0.707105 -0.68299 0.183103
    outer loop
      vertex -14.9 24.8515 84.884
      vertex -15.5 25.3877 84.567
      vertex -14.9 24.8 84.6919
    endloop
  endfacet
  facet normal -0.707103 -0.253457 -0.660125
    outer loop
      vertex -14.9 25.8857 82.5612
      vertex -15.5 26.13 83.1101
      vertex -14.9 26.0714 82.4899
    endloop
  endfacet
  facet normal -0.707104 -0.630165 0.320773
    outer loop
      vertex -14.9 25.013 85.2469
      vertex -15.5 25.4717 84.8254
      vertex -14.9 24.9228 85.0697
    endloop
  endfacet
  facet normal -0.707141 -0.630014 -0.32099
    outer loop
      vertex -14.9 25.013 83.3469
      vertex -15.5 25.4717 83.7684
      vertex -15.5 25.5334 83.6473
    endloop
  endfacet
  facet normal -0.707096 -0.321059 -0.630029
    outer loop
      vertex -14.9 25.7085 82.6515
      vertex -15.5 26.13 83.1101
      vertex -14.9 25.8857 82.5612
    endloop
  endfacet
  facet normal 0 -0.258946 -0.965892
    outer loop
      vertex -14.9 26.0714 82.4899
      vertex 14.901 26.2635 82.4384
      vertex 14.901 26.0714 82.4899
    endloop
  endfacet
  facet normal -0 -0.258946 -0.965892
    outer loop
      vertex 14.901 26.2635 82.4384
      vertex -14.9 26.0714 82.4899
      vertex -14.9 26.2635 82.4384
    endloop
  endfacet
  facet normal -0.70712 -0.682976 -0.183099
    outer loop
      vertex -14.9 24.8 83.9019
      vertex -15.5 25.3877 84.0269
      vertex -14.9 24.8515 83.7098
    endloop
  endfacet
  facet normal -0.707096 -0.706154 0.0368925
    outer loop
      vertex -15.5 25.3664 84.4328
      vertex -15.5 25.3593 84.2969
      vertex -14.9 24.7585 84.2969
    endloop
  endfacet
  facet normal -0.70709 -0.592916 -0.385324
    outer loop
      vertex -14.9 25.013 83.3469
      vertex -15.5 25.6074 83.5333
      vertex -14.9 25.1214 83.1801
    endloop
  endfacet
  facet normal 0 -0.998632 -0.0522949
    outer loop
      vertex -14.9 24.7689 84.0983
      vertex 14.901 24.7585 84.2969
      vertex -14.9 24.7585 84.2969
    endloop
  endfacet
  facet normal 0 -0.998632 -0.0522949
    outer loop
      vertex 14.901 24.7585 84.2969
      vertex -14.9 24.7689 84.0983
      vertex 14.901 24.7689 84.0983
    endloop
  endfacet
  facet normal -1 0 0
    outer loop
      vertex -14.9 28.0705 83.0256
      vertex -14.9 27.9517 82.9068
      vertex -14.9 27.9519 82.9071
    endloop
  endfacet
  facet normal -0.706879 0.49995 -0.500372
    outer loop
      vertex -15.0338 27.8574 83.0017
      vertex -14.9 28.0705 83.0256
      vertex -14.9 27.9519 82.9071
    endloop
  endfacet
  facet normal -0.70714 0.50006 -0.499893
    outer loop
      vertex -15.0338 27.8574 83.0017
      vertex -15.5 27.624 83.4277
      vertex -14.9 28.0705 83.0256
    endloop
  endfacet
  facet normal -0.707103 0.500263 -0.499742
    outer loop
      vertex -15.5 27.624 83.4277
      vertex -15.0338 27.8574 83.0017
      vertex -15.5 27.528 83.3316
    endloop
  endfacet
  facet normal -0.707143 0.0369762 -0.706103
    outer loop
      vertex -14.9 26.6585 82.3969
      vertex -15.5 26.7944 83.0049
      vertex -14.9 26.8571 82.4073
    endloop
  endfacet
  facet normal 0.707732 0.0369453 -0.705514
    outer loop
      vertex 15.5 26.7944 83.0049
      vertex 14.901 26.6585 82.3969
      vertex 14.901 26.8571 82.4073
    endloop
  endfacet
  facet normal 0.707693 -0.659574 -0.253243
    outer loop
      vertex 15.5 25.4229 83.8955
      vertex 14.901 24.8515 83.7098
      vertex 15.5 25.4717 83.7684
    endloop
  endfacet
  facet normal 0 -0.891185 0.453639
    outer loop
      vertex -14.9 24.9228 85.0697
      vertex 14.901 25.013 85.2469
      vertex -14.9 25.013 85.2469
    endloop
  endfacet
  facet normal 0 -0.891185 0.453639
    outer loop
      vertex 14.901 25.013 85.2469
      vertex -14.9 24.9228 85.0697
      vertex 14.901 24.9228 85.0697
    endloop
  endfacet
  facet normal 0 -0.987694 0.156402
    outer loop
      vertex -14.9 24.7689 84.4955
      vertex 14.901 24.8 84.6919
      vertex -14.9 24.8 84.6919
    endloop
  endfacet
  facet normal 0 -0.987694 0.156402
    outer loop
      vertex 14.901 24.8 84.6919
      vertex -14.9 24.7689 84.4955
      vertex 14.901 24.7689 84.4955
    endloop
  endfacet
  facet normal -0.707169 -0.444916 -0.54951
    outer loop
      vertex -14.9 25.3871 82.8849
      vertex -15.5 25.7893 83.3314
      vertex -15.5 25.8949 83.2459
    endloop
  endfacet
  facet normal -0.707103 -0.660125 -0.253457
    outer loop
      vertex -14.9 24.8515 83.7098
      vertex -15.5 25.4717 83.7684
      vertex -14.9 24.9228 83.5241
    endloop
  endfacet
  facet normal 0.707679 -0.592421 -0.385003
    outer loop
      vertex 15.5 25.6074 83.5333
      vertex 14.901 25.013 83.3469
      vertex 14.901 25.1214 83.1801
    endloop
  endfacet
  facet normal 0 0.258946 -0.965892
    outer loop
      vertex -14.9 27.0535 82.4384
      vertex 14.901 27.2456 82.4899
      vertex 14.901 27.0535 82.4384
    endloop
  endfacet
  facet normal 0 0.258946 -0.965892
    outer loop
      vertex 14.901 27.2456 82.4899
      vertex -14.9 27.0535 82.4384
      vertex -14.9 27.2456 82.4899
    endloop
  endfacet
  facet normal -0.707143 0.549291 -0.445229
    outer loop
      vertex -14.9 28.0705 83.0256
      vertex -15.1824 27.8924 83.2544
      vertex -15.1292 27.9326 83.2195
    endloop
  endfacet
  facet normal -0.707142 0.549295 -0.445225
    outer loop
      vertex -15.5 27.624 83.4277
      vertex -15.1824 27.8924 83.2544
      vertex -14.9 28.0705 83.0256
    endloop
  endfacet
  facet normal -0.707096 0.548804 -0.445903
    outer loop
      vertex -15.1824 27.8924 83.2544
      vertex -15.5 27.624 83.4277
      vertex -15.5 27.6526 83.4629
    endloop
  endfacet
  facet normal -0.707155 -0.0368895 -0.706096
    outer loop
      vertex -14.9 26.6585 82.3969
      vertex -15.5 26.5226 83.0049
      vertex -15.5 26.6585 82.9978
    endloop
  endfacet
  facet normal 0 0.0522949 -0.998632
    outer loop
      vertex -14.9 26.6585 82.3969
      vertex 14.901 26.8571 82.4073
      vertex 14.901 26.6585 82.3969
    endloop
  endfacet
  facet normal 0 0.0522949 -0.998632
    outer loop
      vertex 14.901 26.8571 82.4073
      vertex -14.9 26.6585 82.3969
      vertex -14.9 26.8571 82.4073
    endloop
  endfacet
  facet normal -0.707105 -0.682991 0.183102
    outer loop
      vertex -15.5 25.4229 84.6983
      vertex -15.5 25.3877 84.567
      vertex -14.9 24.8515 84.884
    endloop
  endfacet
  facet normal 0.707694 -0.682421 0.182949
    outer loop
      vertex 15.5 25.4229 84.6983
      vertex 14.901 24.8515 84.884
      vertex 15.5 25.3877 84.567
    endloop
  endfacet
  facet normal 0 -0.965892 0.258946
    outer loop
      vertex -14.9 24.8 84.6919
      vertex 14.901 24.8515 84.884
      vertex -14.9 24.8515 84.884
    endloop
  endfacet
  facet normal 0 -0.965892 0.258946
    outer loop
      vertex 14.901 24.8515 84.884
      vertex -14.9 24.8 84.6919
      vertex 14.901 24.8 84.6919
    endloop
  endfacet
  facet normal 0 -0.998632 0.0522949
    outer loop
      vertex -14.9 24.7585 84.2969
      vertex 14.901 24.7689 84.4955
      vertex -14.9 24.7689 84.4955
    endloop
  endfacet
  facet normal 0 -0.998632 0.0522949
    outer loop
      vertex 14.901 24.7689 84.4955
      vertex -14.9 24.7585 84.2969
      vertex 14.901 24.7585 84.2969
    endloop
  endfacet
  facet normal -0.707101 0.110337 -0.698451
    outer loop
      vertex -14.9 27.0535 82.4384
      vertex -15.5 26.7944 83.0049
      vertex -15.5 26.9286 83.0261
    endloop
  endfacet
  facet normal 0.707693 -0.253245 -0.659574
    outer loop
      vertex 15.5 26.13 83.1101
      vertex 14.901 25.8857 82.5612
      vertex 14.901 26.0714 82.4899
    endloop
  endfacet
  facet normal -0.707171 -0.59289 0.385216
    outer loop
      vertex -15.5 25.5334 84.9465
      vertex -15.4 25.5084 85.0916
      vertex -15.5 25.5807 85.0193
    endloop
  endfacet
  facet normal -0.707136 -0.592954 0.385181
    outer loop
      vertex -15.4 25.5084 85.0916
      vertex -15.5 25.5334 84.9465
      vertex -14.9 25.013 85.2469
    endloop
  endfacet
  facet normal -0.707079 -0.698432 0.110597
    outer loop
      vertex -14.9 24.8 84.6919
      vertex -15.5 25.3664 84.4328
      vertex -14.9 24.7689 84.4955
    endloop
  endfacet
  facet normal 0 0.544564 -0.838719
    outer loop
      vertex -14.9 27.6085 82.6515
      vertex 14.901 27.7753 82.7598
      vertex 14.901 27.6085 82.6515
    endloop
  endfacet
  facet normal 0 0.544564 -0.838719
    outer loop
      vertex 14.901 27.7753 82.7598
      vertex -14.9 27.6085 82.6515
      vertex -14.9 27.7753 82.7598
    endloop
  endfacet
  facet normal 0 0.454039 -0.890982
    outer loop
      vertex -14.9 27.4313 82.5612
      vertex 14.901 27.6085 82.6515
      vertex 14.901 27.4313 82.5612
    endloop
  endfacet
  facet normal 0 0.454039 -0.890982
    outer loop
      vertex 14.901 27.6085 82.6515
      vertex -14.9 27.4313 82.5612
      vertex -14.9 27.6085 82.6515
    endloop
  endfacet
  facet normal 0 -0.933553 0.35844
    outer loop
      vertex -14.9 24.8515 84.884
      vertex 14.901 24.9228 85.0697
      vertex -14.9 24.9228 85.0697
    endloop
  endfacet
  facet normal 0 -0.933553 0.35844
    outer loop
      vertex 14.901 24.9228 85.0697
      vertex -14.9 24.8515 84.884
      vertex 14.901 24.8515 84.884
    endloop
  endfacet
  facet normal 0 -0.965892 -0.258946
    outer loop
      vertex -14.9 24.8515 83.7098
      vertex 14.901 24.8 83.9019
      vertex -14.9 24.8 83.9019
    endloop
  endfacet
  facet normal 0 -0.965892 -0.258946
    outer loop
      vertex 14.901 24.8 83.9019
      vertex -14.9 24.8515 83.7098
      vertex 14.901 24.8515 83.7098
    endloop
  endfacet
  facet normal 0 -0.777175 -0.629285
    outer loop
      vertex -14.9 25.2465 83.0256
      vertex 14.901 25.1214 83.1801
      vertex -14.9 25.1214 83.1801
    endloop
  endfacet
  facet normal 0 -0.777175 -0.629285
    outer loop
      vertex 14.901 25.1214 83.1801
      vertex -14.9 25.2465 83.0256
      vertex 14.901 25.2465 83.0256
    endloop
  endfacet
  facet normal -0.707079 -0.698432 -0.110597
    outer loop
      vertex -14.9 24.7689 84.0983
      vertex -15.5 25.3664 84.161
      vertex -14.9 24.8 83.9019
    endloop
  endfacet
  facet normal -0.707086 -0.549575 -0.444968
    outer loop
      vertex -14.9 25.2465 83.0256
      vertex -15.5 25.6074 83.5333
      vertex -15.5 25.6929 83.4277
    endloop
  endfacet
  facet normal 0 -0.83849 0.544918
    outer loop
      vertex -14.9 25.013 85.2469
      vertex 14.901 25.1214 85.4137
      vertex -14.9 25.1214 85.4137
    endloop
  endfacet
  facet normal 0 -0.83849 0.544918
    outer loop
      vertex 14.901 25.1214 85.4137
      vertex -14.9 25.013 85.2469
      vertex 14.901 25.013 85.2469
    endloop
  endfacet
  facet normal -0.707105 0.183102 -0.682991
    outer loop
      vertex -14.9 27.2456 82.4899
      vertex -15.5 26.9286 83.0261
      vertex -15.5 27.0599 83.0613
    endloop
  endfacet
  facet normal -0.707126 -0.698333 -0.110921
    outer loop
      vertex -14.9 24.8 83.9019
      vertex -15.5 25.3664 84.161
      vertex -15.5 25.3877 84.0269
    endloop
  endfacet
  facet normal -0.707101 -0.110337 -0.698451
    outer loop
      vertex -14.9 26.2635 82.4384
      vertex -15.5 26.3884 83.0261
      vertex -15.5 26.5226 83.0049
    endloop
  endfacet
  facet normal -0.707084 -0.706162 0.0369793
    outer loop
      vertex -14.9 24.7689 84.4955
      vertex -15.5 25.3664 84.4328
      vertex -14.9 24.7585 84.2969
    endloop
  endfacet
  facet normal -0.707096 0.321059 -0.630029
    outer loop
      vertex -14.9 27.4313 82.5612
      vertex -15.5 27.187 83.1101
      vertex -14.9 27.6085 82.6515
    endloop
  endfacet
  facet normal 0 0.628388 -0.7779
    outer loop
      vertex 14.901 27.7753 82.7598
      vertex 14.9 27.8112 82.7888
      vertex 14.901 27.8112 82.7888
    endloop
  endfacet
  facet normal 0 0.628388 -0.7779
    outer loop
      vertex -14.9 27.7753 82.7598
      vertex 14.9 27.8112 82.7888
      vertex 14.901 27.7753 82.7598
    endloop
  endfacet
  facet normal 0 0.628388 -0.7779
    outer loop
      vertex 14.9 27.8112 82.7888
      vertex -14.9 27.7753 82.7598
      vertex -14.9 27.8112 82.7888
    endloop
  endfacet
  facet normal 0 0.633238 -0.773957
    outer loop
      vertex 14.901 27.9287 82.884
      vertex 14.9008 27.9298 82.8849
      vertex 14.901 27.9298 82.8849
    endloop
  endfacet
  facet normal 0.708085 0.547068 -0.446466
    outer loop
      vertex 15.226 27.8635 83.2874
      vertex 14.901 28.0705 83.0256
      vertex 15.1598 27.9145 83.2449
    endloop
  endfacet
  facet normal 0.70756 0.548444 -0.44561
    outer loop
      vertex 15.5 27.624 83.4277
      vertex 15.226 27.8635 83.2874
      vertex 15.5 27.6526 83.4629
    endloop
  endfacet
  facet normal 0.707704 0.549521 -0.444052
    outer loop
      vertex 15.226 27.8635 83.2874
      vertex 15.5 27.624 83.4277
      vertex 14.901 28.0705 83.0256
    endloop
  endfacet
  facet normal 0 -0.987694 -0.156402
    outer loop
      vertex -14.9 24.8 83.9019
      vertex 14.901 24.7689 84.0983
      vertex -14.9 24.7689 84.0983
    endloop
  endfacet
  facet normal 0 -0.987694 -0.156402
    outer loop
      vertex 14.901 24.7689 84.0983
      vertex -14.9 24.8 83.9019
      vertex 14.901 24.8 83.9019
    endloop
  endfacet
  facet normal 0.707676 -0.549116 -0.444597
    outer loop
      vertex 15.5 25.6074 83.5333
      vertex 14.901 25.2465 83.0256
      vertex 15.5 25.6929 83.4277
    endloop
  endfacet
  facet normal -0.707101 -0.683029 -0.182973
    outer loop
      vertex -14.9 24.8515 83.7098
      vertex -15.5 25.3877 84.0269
      vertex -15.5 25.4229 83.8955
    endloop
  endfacet
  facet normal 0.707691 -0.110244 -0.697868
    outer loop
      vertex 15.5 26.3884 83.0261
      vertex 14.901 26.2635 82.4384
      vertex 15.5 26.5226 83.0049
    endloop
  endfacet
  facet normal 0 -0.0522949 -0.998632
    outer loop
      vertex -14.9 26.4599 82.4073
      vertex 14.901 26.6585 82.3969
      vertex 14.901 26.4599 82.4073
    endloop
  endfacet
  facet normal -0 -0.0522949 -0.998632
    outer loop
      vertex 14.901 26.6585 82.3969
      vertex -14.9 26.4599 82.4073
      vertex -14.9 26.6585 82.3969
    endloop
  endfacet
  facet normal -0.707142 -0.593077 -0.38498
    outer loop
      vertex -14.9 25.013 83.3469
      vertex -15.5 25.5334 83.6473
      vertex -15.5 25.6074 83.5333
    endloop
  endfacet
  facet normal 0 -0.933553 -0.35844
    outer loop
      vertex -14.9 24.9228 83.5241
      vertex 14.901 24.8515 83.7098
      vertex -14.9 24.8515 83.7098
    endloop
  endfacet
  facet normal 0 -0.933553 -0.35844
    outer loop
      vertex 14.901 24.8515 83.7098
      vertex -14.9 24.9228 83.5241
      vertex 14.901 24.9228 83.5241
    endloop
  endfacet
  facet normal -0.707105 -0.183103 -0.68299
    outer loop
      vertex -14.9 26.0714 82.4899
      vertex -15.5 26.3884 83.0261
      vertex -14.9 26.2635 82.4384
    endloop
  endfacet
  facet normal 0 -0.629039 -0.777374
    outer loop
      vertex -14.9 25.3871 82.8849
      vertex 14.901 25.5417 82.7598
      vertex 14.901 25.3871 82.8849
    endloop
  endfacet
  facet normal -0 -0.629039 -0.777374
    outer loop
      vertex 14.901 25.5417 82.7598
      vertex -14.9 25.3871 82.8849
      vertex -14.9 25.5417 82.7598
    endloop
  endfacet
  facet normal -0.707089 -0.549559 -0.444983
    outer loop
      vertex -14.9 25.1214 83.1801
      vertex -15.5 25.6074 83.5333
      vertex -14.9 25.2465 83.0256
    endloop
  endfacet
  facet normal -0.707115 -0.698357 0.110842
    outer loop
      vertex -15.5 25.3877 84.567
      vertex -15.5 25.3664 84.4328
      vertex -14.9 24.8 84.6919
    endloop
  endfacet
  facet normal -0.707096 -0.706154 -0.0368925
    outer loop
      vertex -14.9 24.7585 84.2969
      vertex -15.5 25.3593 84.2969
      vertex -15.5 25.3664 84.161
    endloop
  endfacet
  facet normal -0.707084 -0.706162 -0.0369793
    outer loop
      vertex -14.9 24.7585 84.2969
      vertex -15.5 25.3664 84.161
      vertex -14.9 24.7689 84.0983
    endloop
  endfacet
  facet normal -0.707167 -0.593049 0.384978
    outer loop
      vertex -14.9 25.013 85.2469
      vertex -15.1931 25.3588 85.2412
      vertex -15.4 25.5084 85.0916
    endloop
  endfacet
  facet normal -0.707053 -0.592946 0.385344
    outer loop
      vertex -15.1931 25.3588 85.2412
      vertex -14.9 25.013 85.2469
      vertex -14.9 25.1214 85.4137
    endloop
  endfacet
  facet normal -0.707103 -0.660125 0.253457
    outer loop
      vertex -14.9 24.9228 85.0697
      vertex -15.5 25.4717 84.8254
      vertex -14.9 24.8515 84.884
    endloop
  endfacet
  facet normal 0 -0.454039 -0.890982
    outer loop
      vertex -14.9 25.7085 82.6515
      vertex 14.901 25.8857 82.5612
      vertex 14.901 25.7085 82.6515
    endloop
  endfacet
  facet normal -0 -0.454039 -0.890982
    outer loop
      vertex 14.901 25.8857 82.5612
      vertex -14.9 25.7085 82.6515
      vertex -14.9 25.8857 82.5612
    endloop
  endfacet
  facet normal 0.707693 0.253245 -0.659574
    outer loop
      vertex 15.5 27.187 83.1101
      vertex 14.901 27.2456 82.4899
      vertex 14.901 27.4313 82.5612
    endloop
  endfacet
  facet normal -0.707137 -0.110588 -0.698375
    outer loop
      vertex -14.9 26.2635 82.4384
      vertex -15.5 26.5226 83.0049
      vertex -14.9 26.4599 82.4073
    endloop
  endfacet
  facet normal -0.00508516 0.777302 -0.629106
    outer loop
      vertex 14.901 28.0705 83.0256
      vertex 14.9 28.1057 83.0691
      vertex 14.901 28.1138 83.0791
    endloop
  endfacet
  facet normal 0 0.77737 -0.629044
    outer loop
      vertex -14.9 28.0705 83.0256
      vertex 14.9 28.1057 83.0691
      vertex 14.901 28.0705 83.0256
    endloop
  endfacet
  facet normal 0 0.77737 -0.629044
    outer loop
      vertex 14.9 28.1057 83.0691
      vertex -14.9 28.0705 83.0256
      vertex -14.9 28.1057 83.0691
    endloop
  endfacet
  facet normal 0 -0.891185 -0.453639
    outer loop
      vertex -14.9 25.013 83.3469
      vertex 14.901 24.9228 83.5241
      vertex -14.9 24.9228 83.5241
    endloop
  endfacet
  facet normal 0 -0.891185 -0.453639
    outer loop
      vertex 14.901 24.9228 83.5241
      vertex -14.9 25.013 83.3469
      vertex 14.901 25.013 83.3469
    endloop
  endfacet
  facet normal 0.707685 -0.320791 -0.629503
    outer loop
      vertex 15.5 26.13 83.1101
      vertex 14.901 25.7085 82.6515
      vertex 14.901 25.8857 82.5612
    endloop
  endfacet
  facet normal -0.707088 -0.321014 -0.630061
    outer loop
      vertex -14.9 25.7085 82.6515
      vertex -15.5 26.0089 83.1718
      vertex -15.5 26.13 83.1101
    endloop
  endfacet
  facet normal -0.707081 -0.385379 -0.592891
    outer loop
      vertex -14.9 25.7085 82.6515
      vertex -15.5 25.8949 83.2459
      vertex -15.5 26.0089 83.1718
    endloop
  endfacet
  facet normal -0.707155 0.0368895 -0.706096
    outer loop
      vertex -14.9 26.6585 82.3969
      vertex -15.5 26.6585 82.9978
      vertex -15.5 26.7944 83.0049
    endloop
  endfacet
  facet normal -0.707105 0.183103 -0.68299
    outer loop
      vertex -14.9 27.0535 82.4384
      vertex -15.5 26.9286 83.0261
      vertex -14.9 27.2456 82.4899
    endloop
  endfacet
  facet normal 0 0.707107 -0.707107
    outer loop
      vertex 14.901 28.0705 83.0256
      vertex 14.9 27.9517 82.9068
      vertex -14.9 28.0705 83.0256
    endloop
  endfacet
  facet normal -2.90312e-12 0.707107 -0.707107
    outer loop
      vertex 14.901 27.9298 82.8849
      vertex 14.9 27.9517 82.9068
      vertex 14.901 28.0705 83.0256
    endloop
  endfacet
  facet normal 0 0.707107 -0.707107
    outer loop
      vertex 14.9 27.9517 82.9068
      vertex 14.901 27.9298 82.8849
      vertex 14.9008 27.9298 82.8849
    endloop
  endfacet
  facet normal 0 0.707107 -0.707107
    outer loop
      vertex -14.9 28.0705 83.0256
      vertex 14.9 27.9517 82.9068
      vertex -14.9 27.9517 82.9068
    endloop
  endfacet
  facet normal 0 -0.707358 -0.706855
    outer loop
      vertex -14.9 25.3871 82.8849
      vertex 14.901 25.2465 83.0256
      vertex -14.9 25.2465 83.0256
    endloop
  endfacet
  facet normal 0 -0.707358 -0.706855
    outer loop
      vertex 14.901 25.2465 83.0256
      vertex -14.9 25.3871 82.8849
      vertex 14.901 25.3871 82.8849
    endloop
  endfacet
  facet normal -0.707131 -0.385052 -0.593044
    outer loop
      vertex -14.9 25.5417 82.7598
      vertex -15.5 25.8949 83.2459
      vertex -14.9 25.7085 82.6515
    endloop
  endfacet
  facet normal 0 -0.544564 -0.838719
    outer loop
      vertex -14.9 25.5417 82.7598
      vertex 14.901 25.7085 82.6515
      vertex 14.901 25.5417 82.7598
    endloop
  endfacet
  facet normal -0 -0.544564 -0.838719
    outer loop
      vertex 14.901 25.7085 82.6515
      vertex -14.9 25.5417 82.7598
      vertex -14.9 25.7085 82.6515
    endloop
  endfacet
  facet normal -0.706825 -0.550277 0.444514
    outer loop
      vertex -14.9 25.1214 85.4137
      vertex -14.9 25.1504 85.4496
      vertex -14.9038 25.1531 85.4469
    endloop
  endfacet
  facet normal -0.707072 -0.550111 0.444327
    outer loop
      vertex -14.9 25.1214 85.4137
      vertex -14.9038 25.1531 85.4469
      vertex -15.1931 25.3588 85.2412
    endloop
  endfacet
  facet normal -0.707046 0.385098 -0.593115
    outer loop
      vertex -14.9 27.6085 82.6515
      vertex -15.1931 27.6028 82.9972
      vertex -14.9 27.7753 82.7598
    endloop
  endfacet
  facet normal -0.707141 0.38479 -0.593202
    outer loop
      vertex -15.1931 27.6028 82.9972
      vertex -14.9 27.6085 82.6515
      vertex -15.4 27.4532 83.1468
    endloop
  endfacet
  facet normal -0.707104 -0.253455 -0.660125
    outer loop
      vertex -14.9 26.0714 82.4899
      vertex -15.5 26.13 83.1101
      vertex -15.5 26.2571 83.0613
    endloop
  endfacet
  facet normal 0.707679 -0.5491 -0.444611
    outer loop
      vertex 15.5 25.6074 83.5333
      vertex 14.901 25.1214 83.1801
      vertex 14.901 25.2465 83.0256
    endloop
  endfacet
  facet normal -1 0 0
    outer loop
      vertex -14.9 28.0705 83.0256
      vertex -14.9 28.1056 83.069
      vertex -14.9 28.1057 83.0691
    endloop
  endfacet
  facet normal -0.707036 0.549857 -0.4447
    outer loop
      vertex -14.9 28.1056 83.069
      vertex -14.9 28.0705 83.0256
      vertex -15.1292 27.9326 83.2195
    endloop
  endfacet
  facet normal 0 0.35844 -0.933553
    outer loop
      vertex -14.9 27.2456 82.4899
      vertex 14.901 27.4313 82.5612
      vertex 14.901 27.2456 82.4899
    endloop
  endfacet
  facet normal 0 0.35844 -0.933553
    outer loop
      vertex 14.901 27.4313 82.5612
      vertex -14.9 27.2456 82.4899
      vertex -14.9 27.4313 82.5612
    endloop
  endfacet
  facet normal -0.707104 0.253455 -0.660125
    outer loop
      vertex -14.9 27.2456 82.4899
      vertex -15.5 27.0599 83.0613
      vertex -15.5 27.187 83.1101
    endloop
  endfacet
  facet normal 0.707704 -0.697775 0.11075
    outer loop
      vertex 15.5 25.3877 84.567
      vertex 14.901 24.8 84.6919
      vertex 15.5 25.3664 84.4328
    endloop
  endfacet
  facet normal -0.707141 -0.630014 0.32099
    outer loop
      vertex -15.5 25.5334 84.9465
      vertex -15.5 25.4717 84.8254
      vertex -14.9 25.013 85.2469
    endloop
  endfacet
  facet normal 0 -0.7779 0.628388
    outer loop
      vertex -14.9 25.1214 85.4137
      vertex 14.9 25.1504 85.4496
      vertex -14.9 25.1504 85.4496
    endloop
  endfacet
  facet normal 0 -0.7779 0.628388
    outer loop
      vertex 14.901 25.1214 85.4137
      vertex 14.9 25.1504 85.4496
      vertex -14.9 25.1214 85.4137
    endloop
  endfacet
  facet normal 0 -0.7779 0.628388
    outer loop
      vertex 14.9 25.1504 85.4496
      vertex 14.901 25.1214 85.4137
      vertex 14.901 25.1504 85.4496
    endloop
  endfacet
  facet normal -0.707143 -0.0369762 -0.706103
    outer loop
      vertex -14.9 26.4599 82.4073
      vertex -15.5 26.5226 83.0049
      vertex -14.9 26.6585 82.3969
    endloop
  endfacet
  facet normal -0.707105 -0.183102 -0.682991
    outer loop
      vertex -14.9 26.0714 82.4899
      vertex -15.5 26.2571 83.0613
      vertex -15.5 26.3884 83.0261
    endloop
  endfacet
  facet normal 0.707744 0.0368587 -0.705506
    outer loop
      vertex 15.5 26.6585 82.9978
      vertex 14.901 26.6585 82.3969
      vertex 15.5 26.7944 83.0049
    endloop
  endfacet
  facet normal 0.708085 0.385038 -0.591914
    outer loop
      vertex 15.5 27.3081 83.1718
      vertex 15.4002 27.4532 83.1468
      vertex 15.4954 27.3842 83.2158
    endloop
  endfacet
  facet normal 0.704412 0.386713 -0.595195
    outer loop
      vertex 15.5 27.3081 83.1718
      vertex 15.4954 27.3842 83.2158
      vertex 15.5 27.3809 83.2191
    endloop
  endfacet
  facet normal 0.707684 0.384635 -0.592655
    outer loop
      vertex 15.4002 27.4532 83.1468
      vertex 15.5 27.3081 83.1718
      vertex 14.901 27.6085 82.6515
    endloop
  endfacet
  facet normal -0.707103 0.253457 -0.660125
    outer loop
      vertex -14.9 27.2456 82.4899
      vertex -15.5 27.187 83.1101
      vertex -14.9 27.4313 82.5612
    endloop
  endfacet
  facet normal -0.707088 0.321014 -0.630061
    outer loop
      vertex -14.9 27.6085 82.6515
      vertex -15.5 27.187 83.1101
      vertex -15.5 27.3081 83.1718
    endloop
  endfacet
  facet normal -0.707089 0.385133 -0.593041
    outer loop
      vertex -15.5 27.3081 83.1718
      vertex -15.4 27.4532 83.1468
      vertex -14.9 27.6085 82.6515
    endloop
  endfacet
  facet normal -0.707335 0.385381 -0.592586
    outer loop
      vertex -15.4 27.4532 83.1468
      vertex -15.5 27.3081 83.1718
      vertex -15.4954 27.3842 83.2158
    endloop
  endfacet
  facet normal -0.704412 0.386713 -0.595195
    outer loop
      vertex -15.4954 27.3842 83.2158
      vertex -15.5 27.3081 83.1718
      vertex -15.5 27.3809 83.2191
    endloop
  endfacet
  facet normal 0.707732 -0.0369453 -0.705514
    outer loop
      vertex 15.5 26.5226 83.0049
      vertex 14.901 26.4599 82.4073
      vertex 14.901 26.6585 82.3969
    endloop
  endfacet
  facet normal 0.707669 -0.697849 -0.110505
    outer loop
      vertex 15.5 25.3664 84.161
      vertex 14.901 24.7689 84.0983
      vertex 14.901 24.8 83.9019
    endloop
  endfacet
  facet normal 0.707695 -0.682421 0.18295
    outer loop
      vertex 14.901 24.8515 84.884
      vertex 14.901 24.8 84.6919
      vertex 15.5 25.3877 84.567
    endloop
  endfacet
  facet normal 0.707695 -0.18295 -0.682421
    outer loop
      vertex 15.5 26.3884 83.0261
      vertex 14.901 26.0714 82.4899
      vertex 14.901 26.2635 82.4384
    endloop
  endfacet
  facet normal 0.707759 -0.444545 -0.549052
    outer loop
      vertex 15.5 25.7893 83.3314
      vertex 14.901 25.3871 82.8849
      vertex 15.5 25.8949 83.2459
    endloop
  endfacet
  facet normal 0.707727 -0.110496 -0.697792
    outer loop
      vertex 15.5 26.5226 83.0049
      vertex 14.901 26.2635 82.4384
      vertex 14.901 26.4599 82.4073
    endloop
  endfacet
  facet normal 0.707727 0.110496 -0.697792
    outer loop
      vertex 15.5 26.7944 83.0049
      vertex 14.901 26.8571 82.4073
      vertex 14.901 27.0535 82.4384
    endloop
  endfacet
  facet normal 0.707671 -0.385057 -0.592396
    outer loop
      vertex 15.5 25.8949 83.2459
      vertex 14.901 25.7085 82.6515
      vertex 15.5 26.0089 83.1718
    endloop
  endfacet
  facet normal 0.70771 -0.682406 -0.182946
    outer loop
      vertex 15.5 25.3877 84.0269
      vertex 14.901 24.8 83.9019
      vertex 14.901 24.8515 83.7098
    endloop
  endfacet
  facet normal 0.707685 0.320791 -0.629503
    outer loop
      vertex 15.5 27.187 83.1101
      vertex 14.901 27.4313 82.5612
      vertex 14.901 27.6085 82.6515
    endloop
  endfacet
  facet normal 0.706618 0.42203 -0.567963
    outer loop
      vertex 14.901 27.9298 82.8849
      vertex 15.3759 27.6108 83.2387
      vertex 14.9075 27.9243 82.8889
    endloop
  endfacet
  facet normal 0.707776 0.446677 -0.547295
    outer loop
      vertex 15.3759 27.6108 83.2387
      vertex 14.901 27.9298 82.8849
      vertex 15.4749 27.5446 83.3127
    endloop
  endfacet
  facet normal 0.707657 -0.59244 0.385015
    outer loop
      vertex 14.901 25.013 85.2469
      vertex 15.1936 25.3588 85.2412
      vertex 14.901 25.1214 85.4137
    endloop
  endfacet
  facet normal 0.707703 -0.592481 0.384867
    outer loop
      vertex 15.1936 25.3588 85.2412
      vertex 14.901 25.013 85.2469
      vertex 15.4002 25.5084 85.0916
    endloop
  endfacet
  facet normal 0.707744 -0.0368587 -0.705506
    outer loop
      vertex 15.5 26.5226 83.0049
      vertex 14.901 26.6585 82.3969
      vertex 15.5 26.6585 82.9978
    endloop
  endfacet
  facet normal 0.707669 -0.697849 0.110505
    outer loop
      vertex 14.901 24.8 84.6919
      vertex 14.901 24.7689 84.4955
      vertex 15.5 25.3664 84.4328
    endloop
  endfacet
  facet normal 0.707678 -0.320746 -0.629535
    outer loop
      vertex 15.5 26.0089 83.1718
      vertex 14.901 25.7085 82.6515
      vertex 15.5 26.13 83.1101
    endloop
  endfacet
  facet normal 0.707777 -0.499266 -0.499785
    outer loop
      vertex 15.5 25.6929 83.4277
      vertex 14.901 25.3871 82.8849
      vertex 15.5 25.7893 83.3314
    endloop
  endfacet
  facet normal 0.707691 -0.499764 -0.499409
    outer loop
      vertex 14.901 25.3871 82.8849
      vertex 15.5 25.6929 83.4277
      vertex 14.901 25.2465 83.0256
    endloop
  endfacet
  facet normal 0.707687 0.549191 -0.444486
    outer loop
      vertex 15.1598 27.9145 83.2449
      vertex 14.901 28.0705 83.0256
      vertex 14.901 28.1138 83.0791
    endloop
  endfacet
  facet normal 0.707664 -0.54936 0.444315
    outer loop
      vertex 14.9035 25.1522 85.4478
      vertex 14.901 25.1214 85.4137
      vertex 15.1936 25.3588 85.2412
    endloop
  endfacet
  facet normal 0.711495 -0.546624 0.441563
    outer loop
      vertex 14.901 25.1214 85.4137
      vertex 14.9035 25.1522 85.4478
      vertex 14.901 25.1504 85.4496
    endloop
  endfacet
  facet normal 0.707693 0.253243 -0.659574
    outer loop
      vertex 15.5 27.0599 83.0613
      vertex 14.901 27.2456 82.4899
      vertex 15.5 27.187 83.1101
    endloop
  endfacet
  facet normal 0.70773 -0.629488 0.320722
    outer loop
      vertex 15.5 25.5334 84.9465
      vertex 14.901 25.013 85.2469
      vertex 15.5 25.4717 84.8254
    endloop
  endfacet
  facet normal 0.707693 -0.253243 -0.659574
    outer loop
      vertex 15.5 26.13 83.1101
      vertex 14.901 26.0714 82.4899
      vertex 15.5 26.2571 83.0613
    endloop
  endfacet
  facet normal 0.70773 -0.444405 -0.549201
    outer loop
      vertex 15.5 25.8949 83.2459
      vertex 14.901 25.3871 82.8849
      vertex 14.901 25.5417 82.7598
    endloop
  endfacet
  facet normal 0.707721 -0.38473 -0.592549
    outer loop
      vertex 15.5 25.8949 83.2459
      vertex 14.901 25.5417 82.7598
      vertex 14.901 25.7085 82.6515
    endloop
  endfacet
  facet normal 0.707674 -0.705573 0.0369484
    outer loop
      vertex 14.901 24.7689 84.4955
      vertex 14.901 24.7585 84.2969
      vertex 15.5 25.3664 84.4328
    endloop
  endfacet
  facet normal 0.707732 -0.592582 -0.384659
    outer loop
      vertex 15.5 25.5334 83.6473
      vertex 14.901 25.013 83.3469
      vertex 15.5 25.6074 83.5333
    endloop
  endfacet
  facet normal 0.70773 0.499663 -0.499455
    outer loop
      vertex 15.4749 27.5446 83.3127
      vertex 14.901 28.0705 83.0256
      vertex 15.5 27.624 83.4277
    endloop
  endfacet
  facet normal 0.707708 0.499574 -0.499574
    outer loop
      vertex 14.901 28.0705 83.0256
      vertex 15.4749 27.5446 83.3127
      vertex 14.901 27.9298 82.8849
    endloop
  endfacet
  facet normal 0.707127 0.500246 -0.499725
    outer loop
      vertex 15.4749 27.5446 83.3127
      vertex 15.5 27.624 83.4277
      vertex 15.5 27.528 83.3316
    endloop
  endfacet
  facet normal 0.707649 0.384769 -0.592609
    outer loop
      vertex 15.1936 27.6028 82.9972
      vertex 14.901 27.6085 82.6515
      vertex 14.901 27.7753 82.7598
    endloop
  endfacet
  facet normal 0.707677 0.384679 -0.592634
    outer loop
      vertex 14.901 27.6085 82.6515
      vertex 15.1936 27.6028 82.9972
      vertex 15.4002 27.4532 83.1468
    endloop
  endfacet
  facet normal 0.711345 0.445066 -0.54397
    outer loop
      vertex 14.9075 27.9243 82.8889
      vertex 14.901 27.9287 82.884
      vertex 14.901 27.9298 82.8849
    endloop
  endfacet
  facet normal 0.707675 0.44398 -0.549617
    outer loop
      vertex 15.1936 27.6028 82.9972
      vertex 14.901 27.7753 82.7598
      vertex 14.901 27.8112 82.7888
    endloop
  endfacet
  facet normal 0.707694 0.182949 -0.682421
    outer loop
      vertex 15.5 26.9286 83.0261
      vertex 14.901 27.2456 82.4899
      vertex 15.5 27.0599 83.0613
    endloop
  endfacet
  facet normal 0.707694 -0.182949 -0.682421
    outer loop
      vertex 15.5 26.2571 83.0613
      vertex 14.901 26.0714 82.4899
      vertex 15.5 26.3884 83.0261
    endloop
  endfacet
  facet normal 0.707686 -0.705565 -0.0368618
    outer loop
      vertex 15.5 25.3593 84.2969
      vertex 14.901 24.7585 84.2969
      vertex 15.5 25.3664 84.161
    endloop
  endfacet
  facet normal 0.707674 -0.705573 -0.0369484
    outer loop
      vertex 15.5 25.3664 84.161
      vertex 14.901 24.7585 84.2969
      vertex 14.901 24.7689 84.0983
    endloop
  endfacet
  facet normal 0.707694 -0.62964 0.320505
    outer loop
      vertex 14.901 25.013 85.2469
      vertex 14.901 24.9228 85.0697
      vertex 15.5 25.4717 84.8254
    endloop
  endfacet
  facet normal 0.707693 -0.659574 0.253245
    outer loop
      vertex 14.901 24.9228 85.0697
      vertex 14.901 24.8515 84.884
      vertex 15.5 25.4717 84.8254
    endloop
  endfacet
  facet normal 0.707678 0.320746 -0.629535
    outer loop
      vertex 15.5 27.187 83.1101
      vertex 14.901 27.6085 82.6515
      vertex 15.5 27.3081 83.1718
    endloop
  endfacet
  facet normal 0.707691 0.110244 -0.697868
    outer loop
      vertex 15.5 26.7944 83.0049
      vertex 14.901 27.0535 82.4384
      vertex 15.5 26.9286 83.0261
    endloop
  endfacet
  facet normal 0.707695 0.18295 -0.682421
    outer loop
      vertex 15.5 26.9286 83.0261
      vertex 14.901 27.0535 82.4384
      vertex 14.901 27.2456 82.4899
    endloop
  endfacet
  facet normal 0.707878 -0.592296 0.38483
    outer loop
      vertex 15.4002 25.5084 85.0916
      vertex 15.5 25.5334 84.9465
      vertex 15.5 25.5807 85.0193
    endloop
  endfacet
  facet normal 0.707731 -0.592568 0.384682
    outer loop
      vertex 15.5 25.5334 84.9465
      vertex 15.4002 25.5084 85.0916
      vertex 14.901 25.013 85.2469
    endloop
  endfacet
  facet normal 0.707715 -0.697751 -0.110828
    outer loop
      vertex 15.5 25.3664 84.161
      vertex 14.901 24.8 83.9019
      vertex 15.5 25.3877 84.0269
    endloop
  endfacet
  facet normal 0.707686 -0.705565 0.0368618
    outer loop
      vertex 15.5 25.3664 84.4328
      vertex 14.901 24.7585 84.2969
      vertex 15.5 25.3593 84.2969
    endloop
  endfacet
  facet normal 0.707693 -0.659574 0.253243
    outer loop
      vertex 15.5 25.4717 84.8254
      vertex 14.901 24.8515 84.884
      vertex 15.5 25.4229 84.6983
    endloop
  endfacet
  facet normal 0.707693 -0.659574 -0.253245
    outer loop
      vertex 15.5 25.4717 83.7684
      vertex 14.901 24.8515 83.7098
      vertex 14.901 24.9228 83.5241
    endloop
  endfacet
  facet normal 0.707694 -0.62964 -0.320505
    outer loop
      vertex 15.5 25.4717 83.7684
      vertex 14.901 24.9228 83.5241
      vertex 14.901 25.013 83.3469
    endloop
  endfacet
  facet normal 0.70773 -0.629488 -0.320722
    outer loop
      vertex 15.5 25.4717 83.7684
      vertex 14.901 25.013 83.3469
      vertex 15.5 25.5334 83.6473
    endloop
  endfacet
  facet normal -0.707113 0 -0.707101
    outer loop
      vertex -14.9 3.79999 -4
      vertex -15.5 0.600006 -3.39999
      vertex -15.5 3.19998 -3.39999
    endloop
  endfacet
  facet normal -0.707113 0 -0.707101
    outer loop
      vertex -15.5 0.600006 -3.39999
      vertex -14.9 3.79999 -4
      vertex -14.9 0 -4
    endloop
  endfacet
  facet normal 0.73532 0.0587579 0.675168
    outer loop
      vertex 15.4002 3.29985 94.3
      vertex 15.5 3.19998 94.2
      vertex 15.3943 3.30589 94.3059
    endloop
  endfacet
  facet normal 0.707814 0 0.706399
    outer loop
      vertex 15.4002 3.29985 94.3
      vertex 15.5 0.600006 94.2
      vertex 15.5 3.19998 94.2
    endloop
  endfacet
  facet normal 0.707814 -0 0.706399
    outer loop
      vertex 15.4002 0.500156 94.3
      vertex 15.5 0.600006 94.2
      vertex 15.4002 3.29985 94.3
    endloop
  endfacet
  facet normal 0.777707 -0.171679 0.60473
    outer loop
      vertex 15.4002 0.500156 94.3
      vertex 14.901 0 94.8
      vertex 15.5 0.600006 94.2
    endloop
  endfacet
  facet normal 0.704923 0.00546671 0.709263
    outer loop
      vertex 15.1113 0.218874 94.5893
      vertex 14.901 0 94.8
      vertex 15.4002 0.500156 94.3
    endloop
  endfacet
  facet normal 0.707778 -0 0.706435
    outer loop
      vertex 14.901 0 94.8
      vertex 15.1113 0.218874 94.5893
      vertex 14.901 0.0141098 94.8
    endloop
  endfacet
  facet normal 0 0 -1
    outer loop
      vertex -14.9 0 -4
      vertex 14.901 3.79999 -4
      vertex 14.901 0 -4
    endloop
  endfacet
  facet normal -0 0 -1
    outer loop
      vertex 14.901 3.79999 -4
      vertex -14.9 0 -4
      vertex -14.9 3.79999 -4
    endloop
  endfacet
  facet normal -0.707107 0 0.707107
    outer loop
      vertex -15.5 0.600006 94.2
      vertex -15.4 3.3 94.3
      vertex -15.5 3.19998 94.2
    endloop
  endfacet
  facet normal -0.707107 0 0.707107
    outer loop
      vertex -15.4 3.3 94.3
      vertex -15.5 0.600006 94.2
      vertex -15.4 0.499989 94.3
    endloop
  endfacet
  facet normal 0 0 0
    outer loop
      vertex -14.9 0.0131043 94.8
      vertex -14.9 0.013104 94.8
      vertex -14.9 0 94.8
    endloop
  endfacet
  facet normal -0.707107 0 0.707107
    outer loop
      vertex -15.3999 0.499885 94.3001
      vertex -14.9 0 94.8
      vertex -14.9 0.013104 94.8
    endloop
  endfacet
  facet normal 0.70767 0.706543 -0.000275298
    outer loop
      vertex 15.5 3.19998 94.2
      vertex 14.901 3.79999 94.338
      vertex 15.3943 3.30589 94.3059
    endloop
  endfacet
  facet normal 0.707702 0.706511 -0
    outer loop
      vertex 15.5 3.19998 -3.39999
      vertex 14.901 3.79999 94.338
      vertex 15.5 3.19998 94.2
    endloop
  endfacet
  facet normal 0.707702 0.706511 0
    outer loop
      vertex 14.901 3.79999 94.338
      vertex 15.5 3.19998 -3.39999
      vertex 14.901 3.79999 -4
    endloop
  endfacet
  facet normal 1 -0 0
    outer loop
      vertex 15.5 0.600006 94.2
      vertex 15.5 3.19998 -3.39999
      vertex 15.5 3.19998 94.2
    endloop
  endfacet
  facet normal 1 0 0
    outer loop
      vertex 15.5 3.19998 -3.39999
      vertex 15.5 0.600006 94.2
      vertex 15.5 0.600006 -3.39999
    endloop
  endfacet
  facet normal 0 1 -0
    outer loop
      vertex 14.901 3.79999 -4
      vertex 14.9 3.79999 94.3
      vertex 14.901 3.79999 94.338
    endloop
  endfacet
  facet normal 0 1 0
    outer loop
      vertex 14.901 3.79999 -4
      vertex -14.9 3.79999 94.3
      vertex 14.9 3.79999 94.3
    endloop
  endfacet
  facet normal 0 1 0
    outer loop
      vertex -14.9 3.79999 94.3
      vertex 14.901 3.79999 -4
      vertex -14.9 3.79999 -4
    endloop
  endfacet
  facet normal -1 0 0
    outer loop
      vertex -15.5 0.600006 -3.39999
      vertex -15.5 3.19998 94.2
      vertex -15.5 3.19998 -3.39999
    endloop
  endfacet
  facet normal -1 -0 0
    outer loop
      vertex -15.5 3.19998 94.2
      vertex -15.5 0.600006 -3.39999
      vertex -15.5 0.600006 94.2
    endloop
  endfacet
  facet normal -0.707067 -0.707147 0
    outer loop
      vertex -15.1571 0.257145 94.3
      vertex -15.5 0.600006 94.2
      vertex -15.5 0.600006 -3.39999
    endloop
  endfacet
  facet normal -0.707025 -0.707188 -0.000283263
    outer loop
      vertex -15.5 0.600006 94.2
      vertex -15.1571 0.257145 94.3
      vertex -15.4 0.499989 94.3
    endloop
  endfacet
  facet normal -0.70711 -0.707103 3.06006e-07
    outer loop
      vertex -15.1571 0.257145 94.3
      vertex -15.5 0.600006 -3.39999
      vertex -14.9 0 -4
    endloop
  endfacet
  facet normal -0.707019 -0.707194 -0.000153476
    outer loop
      vertex -15.1571 0.257145 94.3
      vertex -14.9 0 94.8
      vertex -15.3999 0.499885 94.3001
    endloop
  endfacet
  facet normal -0.707169 -0.707045 -0
    outer loop
      vertex -14.9 0 94.8
      vertex -15.1571 0.257145 94.3
      vertex -14.9 0 -4
    endloop
  endfacet
  facet normal -0.707113 0.707101 0
    outer loop
      vertex -15.5 3.19998 -3.39999
      vertex -14.9 3.79999 94.3
      vertex -14.9 3.79999 -4
    endloop
  endfacet
  facet normal -0.707113 0.707101 0
    outer loop
      vertex -15.5 3.19998 94.2
      vertex -14.9 3.79999 94.3
      vertex -15.5 3.19998 -3.39999
    endloop
  endfacet
  facet normal -0.7071 0.707114 -0.000155565
    outer loop
      vertex -14.9 3.79999 94.3
      vertex -15.5 3.19998 94.2
      vertex -15.4 3.3 94.3
    endloop
  endfacet
  facet normal -0 0 1
    outer loop
      vertex 14.9 0.0131043 94.8
      vertex 14.901 0 94.8
      vertex 14.901 0.0141098 94.8
    endloop
  endfacet
  facet normal 0 0 1
    outer loop
      vertex -14.9 0 94.8
      vertex 14.9 0.0131043 94.8
      vertex -14.9 0.0131043 94.8
    endloop
  endfacet
  facet normal 0 0 1
    outer loop
      vertex 14.9 0.0131043 94.8
      vertex -14.9 0 94.8
      vertex 14.901 0 94.8
    endloop
  endfacet
  facet normal 0 -1 0
    outer loop
      vertex -14.9 0 94.8
      vertex -13.0172 0 48
      vertex 14.901 0 94.8
    endloop
  endfacet
  facet normal 0 -1 0
    outer loop
      vertex -14.9 0 -4
      vertex -13.0172 0 48
      vertex -14.9 0 94.8
    endloop
  endfacet
  facet normal 0 -1 -0
    outer loop
      vertex -13.0172 0 0
      vertex -14.9 0 -4
      vertex 13.0172 0 0
    endloop
  endfacet
  facet normal 0 -1 -0
    outer loop
      vertex -13.0172 0 48
      vertex -14.9 0 -4
      vertex -13.0172 0 0
    endloop
  endfacet
  facet normal 0 -1 0
    outer loop
      vertex 13.0172 0 48
      vertex 14.901 0 94.8
      vertex -13.0172 0 48
    endloop
  endfacet
  facet normal 0 -1 0
    outer loop
      vertex 14.901 0 -4
      vertex 13.0172 0 48
      vertex 13.0172 0 0
    endloop
  endfacet
  facet normal 0 -1 0
    outer loop
      vertex 13.0172 0 48
      vertex 14.901 0 -4
      vertex 14.901 0 94.8
    endloop
  endfacet
  facet normal 0 -1 0
    outer loop
      vertex 14.901 0 -4
      vertex 13.0172 0 0
      vertex -14.9 0 -4
    endloop
  endfacet
  facet normal 0.7077 -0.706513 0
    outer loop
      vertex 14.901 0 94.8
      vertex 15.5 0.600006 -3.39999
      vertex 15.5 0.600006 94.2
    endloop
  endfacet
  facet normal 0.7077 -0.706513 0
    outer loop
      vertex 15.5 0.600006 -3.39999
      vertex 14.901 0 94.8
      vertex 14.901 0 -4
    endloop
  endfacet
  facet normal 0.707702 0 -0.706511
    outer loop
      vertex 15.5 0.600006 -3.39999
      vertex 14.901 3.79999 -4
      vertex 15.5 3.19998 -3.39999
    endloop
  endfacet
  facet normal 0.707702 0 -0.706511
    outer loop
      vertex 14.901 3.79999 -4
      vertex 15.5 0.600006 -3.39999
      vertex 14.901 0 -4
    endloop
  endfacet
  facet normal 0 0 -1
    outer loop
      vertex 15.5 -4 0
      vertex 13.0172 0 0
      vertex 15.5 -2.48283 0
    endloop
  endfacet
  facet normal 0 0 -1
    outer loop
      vertex 15.5 -4 0
      vertex -13.0172 0 0
      vertex 13.0172 0 0
    endloop
  endfacet
  facet normal 0 0 -1
    outer loop
      vertex -15.5 -4 0
      vertex -13.0172 0 0
      vertex 15.5 -4 0
    endloop
  endfacet
  facet normal 0 0 -1
    outer loop
      vertex -13.0172 0 0
      vertex -15.5 -4 0
      vertex -15.5 -2.48283 0
    endloop
  endfacet
  facet normal 0.707111 0.707103 0
    outer loop
      vertex 13.0172 0 0
      vertex 15.5 -2.48283 45.5172
      vertex 15.5 -2.48283 0
    endloop
  endfacet
  facet normal 0.707111 0.707103 0
    outer loop
      vertex 15.5 -2.48283 45.5172
      vertex 13.0172 0 0
      vertex 13.0172 0 48
    endloop
  endfacet
  facet normal -0.707111 0.707103 0
    outer loop
      vertex -13.0172 0 0
      vertex -15.5 -2.48283 45.5172
      vertex -13.0172 0 48
    endloop
  endfacet
  facet normal -0.707111 0.707103 0
    outer loop
      vertex -15.5 -2.48283 45.5172
      vertex -13.0172 0 0
      vertex -15.5 -2.48283 0
    endloop
  endfacet
  facet normal -1 0 0
    outer loop
      vertex -15.5 -4 44
      vertex -15.5 -2.48283 0
      vertex -15.5 -4 0
    endloop
  endfacet
  facet normal -1 0 0
    outer loop
      vertex -15.5 -2.48283 0
      vertex -15.5 -4 44
      vertex -15.5 -2.48283 45.5172
    endloop
  endfacet
  facet normal 0 -1 0
    outer loop
      vertex -15.5 -4 44
      vertex 0 -4 18.65
      vertex 15.5 -4 44
    endloop
  endfacet
  facet normal 0 -1 0
    outer loop
      vertex -15.5 -4 44
      vertex -0.198884 -4 18.638
      vertex 0 -4 18.65
    endloop
  endfacet
  facet normal 0 -1 0
    outer loop
      vertex -15.5 -4 44
      vertex -0.394869 -4 18.602
      vertex -0.198884 -4 18.638
    endloop
  endfacet
  facet normal 0 -1 0
    outer loop
      vertex -15.5 -4 44
      vertex -0.585095 -4 18.5428
      vertex -0.394869 -4 18.602
    endloop
  endfacet
  facet normal 0 -1 0
    outer loop
      vertex -15.5 -4 44
      vertex -0.76679 -4 18.461
      vertex -0.585095 -4 18.5428
    endloop
  endfacet
  facet normal 0 -1 0
    outer loop
      vertex -15.5 -4 44
      vertex -0.937303 -4 18.3579
      vertex -0.76679 -4 18.461
    endloop
  endfacet
  facet normal 0 -1 0
    outer loop
      vertex -15.5 -4 44
      vertex -1.09415 -4 18.235
      vertex -0.937303 -4 18.3579
    endloop
  endfacet
  facet normal 0 -1 0
    outer loop
      vertex -15.5 -4 44
      vertex -1.23504 -4 18.0941
      vertex -1.09415 -4 18.235
    endloop
  endfacet
  facet normal 0 -1 0
    outer loop
      vertex -15.5 -4 44
      vertex -1.35792 -4 17.9373
      vertex -1.23504 -4 18.0941
    endloop
  endfacet
  facet normal 0 -1 0
    outer loop
      vertex -15.5 -4 44
      vertex -1.461 -4 17.7668
      vertex -1.35792 -4 17.9373
    endloop
  endfacet
  facet normal 0 -1 0
    outer loop
      vertex -15.5 -4 44
      vertex -1.54277 -4 17.5851
      vertex -1.461 -4 17.7668
    endloop
  endfacet
  facet normal 0 -1 0
    outer loop
      vertex -15.5 -4 44
      vertex -1.60205 -4 17.3949
      vertex -1.54277 -4 17.5851
    endloop
  endfacet
  facet normal 0 -1 0
    outer loop
      vertex -15.5 -4 0
      vertex -1.60205 -4 17.3949
      vertex -15.5 -4 44
    endloop
  endfacet
  facet normal 0 -1 0
    outer loop
      vertex -1.60205 -4 17.3949
      vertex -15.5 -4 0
      vertex -1.63796 -4 17.1989
    endloop
  endfacet
  facet normal 0 -1 0
    outer loop
      vertex -1.63796 -4 17.1989
      vertex -15.5 -4 0
      vertex -1.64999 -4 17
    endloop
  endfacet
  facet normal 0 -1 -0
    outer loop
      vertex -1.64999 -4 17
      vertex -15.5 -4 0
      vertex -1.63796 -4 16.8011
    endloop
  endfacet
  facet normal 0 -1 -0
    outer loop
      vertex -1.63796 -4 16.8011
      vertex -15.5 -4 0
      vertex -1.60205 -4 16.6051
    endloop
  endfacet
  facet normal 0 -1 -0
    outer loop
      vertex -1.60205 -4 16.6051
      vertex -15.5 -4 0
      vertex -1.54277 -4 16.4149
    endloop
  endfacet
  facet normal 0 -1 -0
    outer loop
      vertex -0.198884 -4 15.362
      vertex -15.5 -4 0
      vertex 0 -4 15.35
    endloop
  endfacet
  facet normal 0 -1 -0
    outer loop
      vertex -0.394869 -4 15.398
      vertex -15.5 -4 0
      vertex -0.198884 -4 15.362
    endloop
  endfacet
  facet normal 0 -1 -0
    outer loop
      vertex -0.585095 -4 15.4572
      vertex -15.5 -4 0
      vertex -0.394869 -4 15.398
    endloop
  endfacet
  facet normal 0 -1 -0
    outer loop
      vertex -0.76679 -4 15.539
      vertex -15.5 -4 0
      vertex -0.585095 -4 15.4572
    endloop
  endfacet
  facet normal 0 -1 -0
    outer loop
      vertex -0.937303 -4 15.6421
      vertex -15.5 -4 0
      vertex -0.76679 -4 15.539
    endloop
  endfacet
  facet normal 0 -1 -0
    outer loop
      vertex -1.09415 -4 15.765
      vertex -15.5 -4 0
      vertex -0.937303 -4 15.6421
    endloop
  endfacet
  facet normal 0 -1 -0
    outer loop
      vertex -1.23504 -4 15.9059
      vertex -15.5 -4 0
      vertex -1.09415 -4 15.765
    endloop
  endfacet
  facet normal 0 -1 -0
    outer loop
      vertex -1.35792 -4 16.0627
      vertex -15.5 -4 0
      vertex -1.23504 -4 15.9059
    endloop
  endfacet
  facet normal 0 -1 -0
    outer loop
      vertex -1.461 -4 16.2332
      vertex -15.5 -4 0
      vertex -1.35792 -4 16.0627
    endloop
  endfacet
  facet normal 0 -1 -0
    outer loop
      vertex -1.54277 -4 16.4149
      vertex -15.5 -4 0
      vertex -1.461 -4 16.2332
    endloop
  endfacet
  facet normal 0 -1 0
    outer loop
      vertex 0.198884 -4 18.638
      vertex 15.5 -4 44
      vertex 0 -4 18.65
    endloop
  endfacet
  facet normal 0 -1 0
    outer loop
      vertex 0.394869 -4 18.602
      vertex 15.5 -4 44
      vertex 0.198884 -4 18.638
    endloop
  endfacet
  facet normal 0 -1 0
    outer loop
      vertex 0.585095 -4 18.5428
      vertex 15.5 -4 44
      vertex 0.394869 -4 18.602
    endloop
  endfacet
  facet normal 0 -1 0
    outer loop
      vertex 0.76679 -4 18.461
      vertex 15.5 -4 44
      vertex 0.585095 -4 18.5428
    endloop
  endfacet
  facet normal 0 -1 0
    outer loop
      vertex 0.937303 -4 18.3579
      vertex 15.5 -4 44
      vertex 0.76679 -4 18.461
    endloop
  endfacet
  facet normal 0 -1 0
    outer loop
      vertex 1.09415 -4 18.235
      vertex 15.5 -4 44
      vertex 0.937303 -4 18.3579
    endloop
  endfacet
  facet normal 0 -1 0
    outer loop
      vertex 1.23504 -4 18.0941
      vertex 15.5 -4 44
      vertex 1.09415 -4 18.235
    endloop
  endfacet
  facet normal 0 -1 0
    outer loop
      vertex 1.35792 -4 17.9373
      vertex 15.5 -4 44
      vertex 1.23504 -4 18.0941
    endloop
  endfacet
  facet normal 0 -1 0
    outer loop
      vertex 1.461 -4 17.7668
      vertex 15.5 -4 44
      vertex 1.35792 -4 17.9373
    endloop
  endfacet
  facet normal 0 -1 0
    outer loop
      vertex 1.54277 -4 17.5851
      vertex 15.5 -4 44
      vertex 1.461 -4 17.7668
    endloop
  endfacet
  facet normal 0 -1 0
    outer loop
      vertex 1.60205 -4 17.3949
      vertex 15.5 -4 44
      vertex 1.54277 -4 17.5851
    endloop
  endfacet
  facet normal 0 -1 0
    outer loop
      vertex 15.5 -4 0
      vertex 1.60205 -4 17.3949
      vertex 1.63796 -4 17.1989
    endloop
  endfacet
  facet normal 0 -1 0
    outer loop
      vertex 15.5 -4 0
      vertex 1.63796 -4 17.1989
      vertex 1.64999 -4 17
    endloop
  endfacet
  facet normal 0 -1 0
    outer loop
      vertex 15.5 -4 0
      vertex 1.64999 -4 17
      vertex 1.63796 -4 16.8011
    endloop
  endfacet
  facet normal 0 -1 0
    outer loop
      vertex 15.5 -4 0
      vertex 1.63796 -4 16.8011
      vertex 1.60205 -4 16.6051
    endloop
  endfacet
  facet normal 0 -1 0
    outer loop
      vertex 15.5 -4 0
      vertex 1.60205 -4 16.6051
      vertex 1.54277 -4 16.4149
    endloop
  endfacet
  facet normal 0 -1 0
    outer loop
      vertex 15.5 -4 0
      vertex 1.54277 -4 16.4149
      vertex 1.461 -4 16.2332
    endloop
  endfacet
  facet normal 0 -1 0
    outer loop
      vertex 15.5 -4 0
      vertex 0 -4 15.35
      vertex -15.5 -4 0
    endloop
  endfacet
  facet normal 0 -1 0
    outer loop
      vertex 0 -4 15.35
      vertex 15.5 -4 0
      vertex 0.198884 -4 15.362
    endloop
  endfacet
  facet normal 0 -1 0
    outer loop
      vertex 0.198884 -4 15.362
      vertex 15.5 -4 0
      vertex 0.394869 -4 15.398
    endloop
  endfacet
  facet normal 0 -1 0
    outer loop
      vertex 0.394869 -4 15.398
      vertex 15.5 -4 0
      vertex 0.585095 -4 15.4572
    endloop
  endfacet
  facet normal 0 -1 0
    outer loop
      vertex 0.585095 -4 15.4572
      vertex 15.5 -4 0
      vertex 0.76679 -4 15.539
    endloop
  endfacet
  facet normal 0 -1 0
    outer loop
      vertex 0.76679 -4 15.539
      vertex 15.5 -4 0
      vertex 0.937303 -4 15.6421
    endloop
  endfacet
  facet normal 0 -1 0
    outer loop
      vertex 1.60205 -4 17.3949
      vertex 15.5 -4 0
      vertex 15.5 -4 44
    endloop
  endfacet
  facet normal 0 -1 0
    outer loop
      vertex 1.35792 -4 16.0627
      vertex 15.5 -4 0
      vertex 1.461 -4 16.2332
    endloop
  endfacet
  facet normal 0 -1 0
    outer loop
      vertex 1.23504 -4 15.9059
      vertex 15.5 -4 0
      vertex 1.35792 -4 16.0627
    endloop
  endfacet
  facet normal 0 -1 0
    outer loop
      vertex 1.09415 -4 15.765
      vertex 15.5 -4 0
      vertex 1.23504 -4 15.9059
    endloop
  endfacet
  facet normal 0 -1 0
    outer loop
      vertex 0.937303 -4 15.6421
      vertex 15.5 -4 0
      vertex 1.09415 -4 15.765
    endloop
  endfacet
  facet normal 1 -0 0
    outer loop
      vertex 15.5 -4 44
      vertex 15.5 -2.48283 0
      vertex 15.5 -2.48283 45.5172
    endloop
  endfacet
  facet normal 1 0 0
    outer loop
      vertex 15.5 -2.48283 0
      vertex 15.5 -4 44
      vertex 15.5 -4 0
    endloop
  endfacet
  facet normal 2.25261e-05 -0.707114 0.7071
    outer loop
      vertex -15.5 -4 44
      vertex -13.0172 0 48
      vertex -15.5 -2.48283 45.5172
    endloop
  endfacet
  facet normal 0 -0.707107 0.707107
    outer loop
      vertex -13.0172 0 48
      vertex -15.5 -4 44
      vertex 13.0172 0 48
    endloop
  endfacet
  facet normal 0 -0.707107 0.707107
    outer loop
      vertex 15.5 -4 44
      vertex 13.0172 0 48
      vertex -15.5 -4 44
    endloop
  endfacet
  facet normal -2.25261e-05 -0.707114 0.7071
    outer loop
      vertex 13.0172 0 48
      vertex 15.5 -4 44
      vertex 15.5 -2.48283 45.5172
    endloop
  endfacet
  facet normal 0.0700944 -0.921382 0.382285
    outer loop
      vertex 0.198884 -4 18.638
      vertex 0.0271196 -4.59999 17.2234
      vertex 0.0538435 -4.59999 17.2185
    endloop
  endfacet
  facet normal -0.371049 -0.921384 0.115646
    outer loop
      vertex -1.54277 -4 17.5851
      vertex -1.60205 -4 17.3949
      vertex -0.21037 -4.59999 17.0798
    endloop
  endfacet
  facet normal -0.332592 -0.921385 0.201077
    outer loop
      vertex -1.35792 -4 17.9373
      vertex -1.461 -4 17.7668
      vertex -0.185163 -4.59999 17.1278
    endloop
  endfacet
  facet normal -0.387945 -0.921384 -0.0234639
    outer loop
      vertex -0.224991 -4.59999 17
      vertex -1.64999 -4 17
      vertex -1.63796 -4 16.8011
    endloop
  endfacet
  facet normal 0.0228882 -0.921396 -0.38795
    outer loop
      vertex 0.0271196 -4.59999 16.7766
      vertex 0 -4.59999 16.775
      vertex 0 -4 15.35
    endloop
  endfacet
  facet normal -0.159551 -0.921383 0.354396
    outer loop
      vertex -0.585095 -4 18.5428
      vertex -0.76679 -4 18.461
      vertex -0.0797825 -4.59999 17.2104
    endloop
  endfacet
  facet normal 0.115858 -0.92137 -0.371017
    outer loop
      vertex 0.0797825 -4.59999 16.7896
      vertex 0.0538435 -4.59999 16.7815
      vertex 0.394869 -4 15.398
    endloop
  endfacet
  facet normal 0.239719 -0.921379 -0.305933
    outer loop
      vertex 1.09415 -4 15.765
      vertex 0.127809 -4.59999 16.8148
      vertex 0.937303 -4 15.6421
    endloop
  endfacet
  facet normal -0.354478 -0.92138 0.159386
    outer loop
      vertex -0.199219 -4.59999 17.1046
      vertex -1.461 -4 17.7668
      vertex -0.21037 -4.59999 17.0798
    endloop
  endfacet
  facet normal 0.0234078 -0.921382 -0.387954
    outer loop
      vertex 0.0271196 -4.59999 16.7766
      vertex 0 -4 15.35
      vertex 0.198884 -4 15.362
    endloop
  endfacet
  facet normal 0.0702184 -0.921379 -0.382271
    outer loop
      vertex 0.394869 -4 15.398
      vertex 0.0538435 -4.59999 16.7815
      vertex 0.198884 -4 15.362
    endloop
  endfacet
  facet normal -0.354418 -0.921384 0.159498
    outer loop
      vertex -1.461 -4 17.7668
      vertex -1.54277 -4 17.5851
      vertex -0.21037 -4.59999 17.0798
    endloop
  endfacet
  facet normal 0.387945 -0.921384 -0.0234639
    outer loop
      vertex 1.64999 -4 17
      vertex 0.224991 -4.59999 17
      vertex 1.63796 -4 16.8011
    endloop
  endfacet
  facet normal -0.2011 -0.92138 0.332591
    outer loop
      vertex -0.76679 -4 18.461
      vertex -0.937303 -4 18.3579
      vertex -0.127809 -4.59999 17.1852
    endloop
  endfacet
  facet normal -0.382277 -0.921383 0.0701271
    outer loop
      vertex -0.218452 -4.59999 17.0538
      vertex -1.63796 -4 17.1989
      vertex -0.22335 -4.59999 17.0271
    endloop
  endfacet
  facet normal 0.159551 -0.921383 0.354396
    outer loop
      vertex 0.585095 -4 18.5428
      vertex 0.0797825 -4.59999 17.2104
      vertex 0.76679 -4 18.461
    endloop
  endfacet
  facet normal 0.0702184 -0.921379 0.382271
    outer loop
      vertex 0.198884 -4 18.638
      vertex 0.0538435 -4.59999 17.2185
      vertex 0.394869 -4 18.602
    endloop
  endfacet
  facet normal -0.371117 -0.921392 0.11536
    outer loop
      vertex -0.21037 -4.59999 17.0798
      vertex -1.60205 -4 17.3949
      vertex -0.218452 -4.59999 17.0538
    endloop
  endfacet
  facet normal -0.2011 -0.92138 -0.332591
    outer loop
      vertex -0.127809 -4.59999 16.8148
      vertex -0.937303 -4 15.6421
      vertex -0.76679 -4 15.539
    endloop
  endfacet
  facet normal -0.382287 -0.921385 -0.0700404
    outer loop
      vertex -0.218452 -4.59999 16.9462
      vertex -1.63796 -4 16.8011
      vertex -1.60205 -4 16.6051
    endloop
  endfacet
  facet normal 0.382277 -0.921383 -0.0701271
    outer loop
      vertex 0.22335 -4.59999 16.9729
      vertex 0.218452 -4.59999 16.9462
      vertex 1.63796 -4 16.8011
    endloop
  endfacet
  facet normal 0.332592 -0.921385 -0.201077
    outer loop
      vertex 1.461 -4 16.2332
      vertex 0.185163 -4.59999 16.8722
      vertex 1.35792 -4 16.0627
    endloop
  endfacet
  facet normal -0.159551 -0.921383 -0.354396
    outer loop
      vertex -0.0797825 -4.59999 16.7896
      vertex -0.76679 -4 15.539
      vertex -0.585095 -4 15.4572
    endloop
  endfacet
  facet normal -0.382287 -0.921385 0.0700404
    outer loop
      vertex -1.60205 -4 17.3949
      vertex -1.63796 -4 17.1989
      vertex -0.218452 -4.59999 17.0538
    endloop
  endfacet
  facet normal -0.306019 -0.921379 0.23961
    outer loop
      vertex -0.168407 -4.59999 17.1492
      vertex -1.23504 -4 18.0941
      vertex -0.185163 -4.59999 17.1278
    endloop
  endfacet
  facet normal 0.0700944 -0.921382 -0.382285
    outer loop
      vertex 0.0538435 -4.59999 16.7815
      vertex 0.0271196 -4.59999 16.7766
      vertex 0.198884 -4 15.362
    endloop
  endfacet
  facet normal -0.115858 -0.92137 0.371017
    outer loop
      vertex -0.0538435 -4.59999 17.2185
      vertex -0.394869 -4 18.602
      vertex -0.0797825 -4.59999 17.2104
    endloop
  endfacet
  facet normal 0.0228919 -0.92137 0.388011
    outer loop
      vertex 0.198884 -4 18.638
      vertex 0 -4.59999 17.225
      vertex 0.0271196 -4.59999 17.2234
    endloop
  endfacet
  facet normal -0.387941 -0.921385 -0.0234912
    outer loop
      vertex -0.224991 -4.59999 17
      vertex -1.63796 -4 16.8011
      vertex -0.22335 -4.59999 16.9729
    endloop
  endfacet
  facet normal -0.387945 -0.921384 0.0234639
    outer loop
      vertex -1.63796 -4 17.1989
      vertex -1.64999 -4 17
      vertex -0.224991 -4.59999 17
    endloop
  endfacet
  facet normal -0.387941 -0.921385 0.0234912
    outer loop
      vertex -0.22335 -4.59999 17.0271
      vertex -1.63796 -4 17.1989
      vertex -0.224991 -4.59999 17
    endloop
  endfacet
  facet normal -0.0234073 -0.921385 0.387945
    outer loop
      vertex 0 -4 18.65
      vertex -0.198884 -4 18.638
      vertex 0 -4.59999 17.225
    endloop
  endfacet
  facet normal -0.24007 -0.921393 -0.305617
    outer loop
      vertex -0.149196 -4.59999 16.8316
      vertex -1.09415 -4 15.765
      vertex -0.127809 -4.59999 16.8148
    endloop
  endfacet
  facet normal 0.354478 -0.92138 -0.159386
    outer loop
      vertex 0.21037 -4.59999 16.9202
      vertex 0.199219 -4.59999 16.8954
      vertex 1.461 -4 16.2332
    endloop
  endfacet
  facet normal 0.387941 -0.921385 -0.0234912
    outer loop
      vertex 0.224991 -4.59999 17
      vertex 0.22335 -4.59999 16.9729
      vertex 1.63796 -4 16.8011
    endloop
  endfacet
  facet normal -0.0234078 -0.921382 -0.387954
    outer loop
      vertex -0.0271196 -4.59999 16.7766
      vertex -0.198884 -4 15.362
      vertex 0 -4 15.35
    endloop
  endfacet
  facet normal 0.305909 -0.921384 -0.239733
    outer loop
      vertex 1.35792 -4 16.0627
      vertex 0.185163 -4.59999 16.8722
      vertex 1.23504 -4 15.9059
    endloop
  endfacet
  facet normal 0.305909 -0.921384 0.239733
    outer loop
      vertex 1.23504 -4 18.0941
      vertex 0.185163 -4.59999 17.1278
      vertex 1.35792 -4 17.9373
    endloop
  endfacet
  facet normal -0.239719 -0.921379 0.305933
    outer loop
      vertex -0.937303 -4 18.3579
      vertex -1.09415 -4 18.235
      vertex -0.127809 -4.59999 17.1852
    endloop
  endfacet
  facet normal 0.27475 -0.921378 -0.274908
    outer loop
      vertex 0.149196 -4.59999 16.8316
      vertex 1.23504 -4 15.9059
      vertex 0.168407 -4.59999 16.8508
    endloop
  endfacet
  facet normal 0.274833 -0.921382 -0.274813
    outer loop
      vertex 1.23504 -4 15.9059
      vertex 0.149196 -4.59999 16.8316
      vertex 1.09415 -4 15.765
    endloop
  endfacet
  facet normal -0.306019 -0.921379 -0.23961
    outer loop
      vertex -0.185163 -4.59999 16.8722
      vertex -1.23504 -4 15.9059
      vertex -0.168407 -4.59999 16.8508
    endloop
  endfacet
  facet normal -0.0702184 -0.921379 0.382271
    outer loop
      vertex -0.198884 -4 18.638
      vertex -0.394869 -4 18.602
      vertex -0.0538435 -4.59999 17.2185
    endloop
  endfacet
  facet normal 0.332592 -0.921385 0.201077
    outer loop
      vertex 1.35792 -4 17.9373
      vertex 0.185163 -4.59999 17.1278
      vertex 1.461 -4 17.7668
    endloop
  endfacet
  facet normal -0.115491 -0.921381 0.371105
    outer loop
      vertex -0.394869 -4 18.602
      vertex -0.585095 -4 18.5428
      vertex -0.0797825 -4.59999 17.2104
    endloop
  endfacet
  facet normal 0.115491 -0.921381 -0.371105
    outer loop
      vertex 0.585095 -4 15.4572
      vertex 0.0797825 -4.59999 16.7896
      vertex 0.394869 -4 15.398
    endloop
  endfacet
  facet normal -0.115491 -0.921381 -0.371105
    outer loop
      vertex -0.0797825 -4.59999 16.7896
      vertex -0.585095 -4 15.4572
      vertex -0.394869 -4 15.398
    endloop
  endfacet
  facet normal -0.239719 -0.921379 -0.305933
    outer loop
      vertex -0.127809 -4.59999 16.8148
      vertex -1.09415 -4 15.765
      vertex -0.937303 -4 15.6421
    endloop
  endfacet
  facet normal -0.16008 -0.9214 0.354114
    outer loop
      vertex -0.0797825 -4.59999 17.2104
      vertex -0.76679 -4 18.461
      vertex -0.104558 -4.59999 17.1992
    endloop
  endfacet
  facet normal -0.20046 -0.921401 0.332921
    outer loop
      vertex -0.104558 -4.59999 17.1992
      vertex -0.76679 -4 18.461
      vertex -0.127809 -4.59999 17.1852
    endloop
  endfacet
  facet normal -0.0702184 -0.921379 -0.382271
    outer loop
      vertex -0.0538435 -4.59999 16.7815
      vertex -0.394869 -4 15.398
      vertex -0.198884 -4 15.362
    endloop
  endfacet
  facet normal 0.16008 -0.9214 -0.354114
    outer loop
      vertex 0.104558 -4.59999 16.8008
      vertex 0.0797825 -4.59999 16.7896
      vertex 0.76679 -4 15.539
    endloop
  endfacet
  facet normal -0.305909 -0.921384 0.239733
    outer loop
      vertex -1.23504 -4 18.0941
      vertex -1.35792 -4 17.9373
      vertex -0.185163 -4.59999 17.1278
    endloop
  endfacet
  facet normal -0.305909 -0.921384 -0.239733
    outer loop
      vertex -0.185163 -4.59999 16.8722
      vertex -1.35792 -4 16.0627
      vertex -1.23504 -4 15.9059
    endloop
  endfacet
  facet normal -0.115858 -0.92137 -0.371017
    outer loop
      vertex -0.0797825 -4.59999 16.7896
      vertex -0.394869 -4 15.398
      vertex -0.0538435 -4.59999 16.7815
    endloop
  endfacet
  facet normal -0.24007 -0.921393 0.305617
    outer loop
      vertex -0.127809 -4.59999 17.1852
      vertex -1.09415 -4 18.235
      vertex -0.149196 -4.59999 17.1684
    endloop
  endfacet
  facet normal -0.274833 -0.921382 0.274813
    outer loop
      vertex -1.23504 -4 18.0941
      vertex -0.149196 -4.59999 17.1684
      vertex -1.09415 -4 18.235
    endloop
  endfacet
  facet normal -0.27475 -0.921378 0.274908
    outer loop
      vertex -0.149196 -4.59999 17.1684
      vertex -1.23504 -4 18.0941
      vertex -0.168407 -4.59999 17.1492
    endloop
  endfacet
  facet normal 0.0234073 -0.921385 0.387945
    outer loop
      vertex 0 -4 18.65
      vertex 0 -4.59999 17.225
      vertex 0.198884 -4 18.638
    endloop
  endfacet
  facet normal 0.371049 -0.921384 -0.115646
    outer loop
      vertex 1.60205 -4 16.6051
      vertex 0.21037 -4.59999 16.9202
      vertex 1.54277 -4 16.4149
    endloop
  endfacet
  facet normal 0.354478 -0.92138 0.159386
    outer loop
      vertex 1.461 -4 17.7668
      vertex 0.199219 -4.59999 17.1046
      vertex 0.21037 -4.59999 17.0798
    endloop
  endfacet
  facet normal -0.0700944 -0.921382 -0.382285
    outer loop
      vertex -0.0538435 -4.59999 16.7815
      vertex -0.198884 -4 15.362
      vertex -0.0271196 -4.59999 16.7766
    endloop
  endfacet
  facet normal 0.2011 -0.92138 -0.332591
    outer loop
      vertex 0.937303 -4 15.6421
      vertex 0.127809 -4.59999 16.8148
      vertex 0.76679 -4 15.539
    endloop
  endfacet
  facet normal -0.354478 -0.92138 -0.159386
    outer loop
      vertex -0.21037 -4.59999 16.9202
      vertex -1.461 -4 16.2332
      vertex -0.199219 -4.59999 16.8954
    endloop
  endfacet
  facet normal -0.20046 -0.921401 -0.332921
    outer loop
      vertex -0.127809 -4.59999 16.8148
      vertex -0.76679 -4 15.539
      vertex -0.104558 -4.59999 16.8008
    endloop
  endfacet
  facet normal 0.159551 -0.921383 -0.354396
    outer loop
      vertex 0.76679 -4 15.539
      vertex 0.0797825 -4.59999 16.7896
      vertex 0.585095 -4 15.4572
    endloop
  endfacet
  facet normal -0.354418 -0.921384 -0.159498
    outer loop
      vertex -0.21037 -4.59999 16.9202
      vertex -1.54277 -4 16.4149
      vertex -1.461 -4 16.2332
    endloop
  endfacet
  facet normal -0.371049 -0.921384 -0.115646
    outer loop
      vertex -0.21037 -4.59999 16.9202
      vertex -1.60205 -4 16.6051
      vertex -1.54277 -4 16.4149
    endloop
  endfacet
  facet normal 0.371117 -0.921392 -0.11536
    outer loop
      vertex 0.218452 -4.59999 16.9462
      vertex 0.21037 -4.59999 16.9202
      vertex 1.60205 -4 16.6051
    endloop
  endfacet
  facet normal -0.382277 -0.921383 -0.0701271
    outer loop
      vertex -0.22335 -4.59999 16.9729
      vertex -1.63796 -4 16.8011
      vertex -0.218452 -4.59999 16.9462
    endloop
  endfacet
  facet normal -0.371117 -0.921392 -0.11536
    outer loop
      vertex -0.218452 -4.59999 16.9462
      vertex -1.60205 -4 16.6051
      vertex -0.21037 -4.59999 16.9202
    endloop
  endfacet
  facet normal -0.332424 -0.921375 0.201403
    outer loop
      vertex -0.185163 -4.59999 17.1278
      vertex -1.461 -4 17.7668
      vertex -0.199219 -4.59999 17.1046
    endloop
  endfacet
  facet normal 0 -1 0
    outer loop
      vertex -0.0271196 -4.59999 17.2234
      vertex 0.0271196 -4.59999 17.2234
      vertex 0 -4.59999 17.225
    endloop
  endfacet
  facet normal 0 -1 0
    outer loop
      vertex -0.0538435 -4.59999 17.2185
      vertex 0.0271196 -4.59999 17.2234
      vertex -0.0271196 -4.59999 17.2234
    endloop
  endfacet
  facet normal 0 -1 0
    outer loop
      vertex -0.0538435 -4.59999 17.2185
      vertex 0.0538435 -4.59999 17.2185
      vertex 0.0271196 -4.59999 17.2234
    endloop
  endfacet
  facet normal 0 -1 0
    outer loop
      vertex -0.0797825 -4.59999 17.2104
      vertex 0.0538435 -4.59999 17.2185
      vertex -0.0538435 -4.59999 17.2185
    endloop
  endfacet
  facet normal 0 -1 0
    outer loop
      vertex -0.0797825 -4.59999 17.2104
      vertex 0.0797825 -4.59999 17.2104
      vertex 0.0538435 -4.59999 17.2185
    endloop
  endfacet
  facet normal 0 -1 0
    outer loop
      vertex -0.104558 -4.59999 17.1992
      vertex 0.0797825 -4.59999 17.2104
      vertex -0.0797825 -4.59999 17.2104
    endloop
  endfacet
  facet normal 0 -1 0
    outer loop
      vertex -0.104558 -4.59999 17.1992
      vertex 0.104558 -4.59999 17.1992
      vertex 0.0797825 -4.59999 17.2104
    endloop
  endfacet
  facet normal 0 -1 0
    outer loop
      vertex -0.127809 -4.59999 17.1852
      vertex 0.104558 -4.59999 17.1992
      vertex -0.104558 -4.59999 17.1992
    endloop
  endfacet
  facet normal 0 -1 0
    outer loop
      vertex -0.127809 -4.59999 17.1852
      vertex 0.127809 -4.59999 17.1852
      vertex 0.104558 -4.59999 17.1992
    endloop
  endfacet
  facet normal 0 -1 0
    outer loop
      vertex -0.149196 -4.59999 17.1684
      vertex 0.127809 -4.59999 17.1852
      vertex -0.127809 -4.59999 17.1852
    endloop
  endfacet
  facet normal 0 -1 0
    outer loop
      vertex -0.149196 -4.59999 17.1684
      vertex 0.149196 -4.59999 17.1684
      vertex 0.127809 -4.59999 17.1852
    endloop
  endfacet
  facet normal 0 -1 0
    outer loop
      vertex -0.168407 -4.59999 17.1492
      vertex 0.149196 -4.59999 17.1684
      vertex -0.149196 -4.59999 17.1684
    endloop
  endfacet
  facet normal 0 -1 0
    outer loop
      vertex -0.168407 -4.59999 17.1492
      vertex 0.168407 -4.59999 17.1492
      vertex 0.149196 -4.59999 17.1684
    endloop
  endfacet
  facet normal 0 -1 0
    outer loop
      vertex -0.185163 -4.59999 17.1278
      vertex 0.168407 -4.59999 17.1492
      vertex -0.168407 -4.59999 17.1492
    endloop
  endfacet
  facet normal 0 -1 0
    outer loop
      vertex -0.185163 -4.59999 17.1278
      vertex 0.185163 -4.59999 17.1278
      vertex 0.168407 -4.59999 17.1492
    endloop
  endfacet
  facet normal 0 -1 0
    outer loop
      vertex -0.199219 -4.59999 17.1046
      vertex 0.185163 -4.59999 17.1278
      vertex -0.185163 -4.59999 17.1278
    endloop
  endfacet
  facet normal 0 -1 0
    outer loop
      vertex -0.199219 -4.59999 17.1046
      vertex 0.199219 -4.59999 17.1046
      vertex 0.185163 -4.59999 17.1278
    endloop
  endfacet
  facet normal 0 -1 0
    outer loop
      vertex -0.21037 -4.59999 17.0798
      vertex 0.199219 -4.59999 17.1046
      vertex -0.199219 -4.59999 17.1046
    endloop
  endfacet
  facet normal 0 -1 0
    outer loop
      vertex -0.21037 -4.59999 17.0798
      vertex 0.21037 -4.59999 17.0798
      vertex 0.199219 -4.59999 17.1046
    endloop
  endfacet
  facet normal 0 -1 0
    outer loop
      vertex -0.218452 -4.59999 17.0538
      vertex 0.21037 -4.59999 17.0798
      vertex -0.21037 -4.59999 17.0798
    endloop
  endfacet
  facet normal 0 -1 0
    outer loop
      vertex -0.218452 -4.59999 17.0538
      vertex 0.218452 -4.59999 17.0538
      vertex 0.21037 -4.59999 17.0798
    endloop
  endfacet
  facet normal 0 -1 0
    outer loop
      vertex -0.22335 -4.59999 17.0271
      vertex 0.218452 -4.59999 17.0538
      vertex -0.218452 -4.59999 17.0538
    endloop
  endfacet
  facet normal 0 -1 0
    outer loop
      vertex -0.22335 -4.59999 17.0271
      vertex 0.22335 -4.59999 17.0271
      vertex 0.218452 -4.59999 17.0538
    endloop
  endfacet
  facet normal 0 -1 0
    outer loop
      vertex -0.224991 -4.59999 17
      vertex 0.22335 -4.59999 17.0271
      vertex -0.22335 -4.59999 17.0271
    endloop
  endfacet
  facet normal 0 -1 0
    outer loop
      vertex -0.224991 -4.59999 17
      vertex 0.224991 -4.59999 17
      vertex 0.22335 -4.59999 17.0271
    endloop
  endfacet
  facet normal 0 -1 0
    outer loop
      vertex -0.22335 -4.59999 16.9729
      vertex 0.224991 -4.59999 17
      vertex -0.224991 -4.59999 17
    endloop
  endfacet
  facet normal 0 -1 0
    outer loop
      vertex -0.22335 -4.59999 16.9729
      vertex 0.22335 -4.59999 16.9729
      vertex 0.224991 -4.59999 17
    endloop
  endfacet
  facet normal 0 -1 0
    outer loop
      vertex -0.218452 -4.59999 16.9462
      vertex 0.22335 -4.59999 16.9729
      vertex -0.22335 -4.59999 16.9729
    endloop
  endfacet
  facet normal 0 -1 0
    outer loop
      vertex -0.218452 -4.59999 16.9462
      vertex 0.218452 -4.59999 16.9462
      vertex 0.22335 -4.59999 16.9729
    endloop
  endfacet
  facet normal 0 -1 0
    outer loop
      vertex -0.21037 -4.59999 16.9202
      vertex 0.218452 -4.59999 16.9462
      vertex -0.218452 -4.59999 16.9462
    endloop
  endfacet
  facet normal 0 -1 0
    outer loop
      vertex -0.21037 -4.59999 16.9202
      vertex 0.21037 -4.59999 16.9202
      vertex 0.218452 -4.59999 16.9462
    endloop
  endfacet
  facet normal 0 -1 0
    outer loop
      vertex -0.199219 -4.59999 16.8954
      vertex 0.21037 -4.59999 16.9202
      vertex -0.21037 -4.59999 16.9202
    endloop
  endfacet
  facet normal 0 -1 0
    outer loop
      vertex -0.199219 -4.59999 16.8954
      vertex 0.199219 -4.59999 16.8954
      vertex 0.21037 -4.59999 16.9202
    endloop
  endfacet
  facet normal 0 -1 0
    outer loop
      vertex -0.185163 -4.59999 16.8722
      vertex 0.199219 -4.59999 16.8954
      vertex -0.199219 -4.59999 16.8954
    endloop
  endfacet
  facet normal 0 -1 0
    outer loop
      vertex -0.185163 -4.59999 16.8722
      vertex 0.185163 -4.59999 16.8722
      vertex 0.199219 -4.59999 16.8954
    endloop
  endfacet
  facet normal 0 -1 0
    outer loop
      vertex -0.168407 -4.59999 16.8508
      vertex 0.185163 -4.59999 16.8722
      vertex -0.185163 -4.59999 16.8722
    endloop
  endfacet
  facet normal 0 -1 0
    outer loop
      vertex -0.168407 -4.59999 16.8508
      vertex 0.168407 -4.59999 16.8508
      vertex 0.185163 -4.59999 16.8722
    endloop
  endfacet
  facet normal 0 -1 0
    outer loop
      vertex -0.149196 -4.59999 16.8316
      vertex 0.168407 -4.59999 16.8508
      vertex -0.168407 -4.59999 16.8508
    endloop
  endfacet
  facet normal 0 -1 0
    outer loop
      vertex -0.149196 -4.59999 16.8316
      vertex 0.149196 -4.59999 16.8316
      vertex 0.168407 -4.59999 16.8508
    endloop
  endfacet
  facet normal 0 -1 0
    outer loop
      vertex -0.127809 -4.59999 16.8148
      vertex 0.149196 -4.59999 16.8316
      vertex -0.149196 -4.59999 16.8316
    endloop
  endfacet
  facet normal 0 -1 0
    outer loop
      vertex -0.127809 -4.59999 16.8148
      vertex 0.127809 -4.59999 16.8148
      vertex 0.149196 -4.59999 16.8316
    endloop
  endfacet
  facet normal 0 -1 0
    outer loop
      vertex -0.104558 -4.59999 16.8008
      vertex 0.127809 -4.59999 16.8148
      vertex -0.127809 -4.59999 16.8148
    endloop
  endfacet
  facet normal 0 -1 0
    outer loop
      vertex -0.104558 -4.59999 16.8008
      vertex 0.104558 -4.59999 16.8008
      vertex 0.127809 -4.59999 16.8148
    endloop
  endfacet
  facet normal 0 -1 0
    outer loop
      vertex -0.0797825 -4.59999 16.7896
      vertex 0.104558 -4.59999 16.8008
      vertex -0.104558 -4.59999 16.8008
    endloop
  endfacet
  facet normal 0 -1 0
    outer loop
      vertex -0.0797825 -4.59999 16.7896
      vertex 0.0797825 -4.59999 16.7896
      vertex 0.104558 -4.59999 16.8008
    endloop
  endfacet
  facet normal 0 -1 0
    outer loop
      vertex -0.0538435 -4.59999 16.7815
      vertex 0.0797825 -4.59999 16.7896
      vertex -0.0797825 -4.59999 16.7896
    endloop
  endfacet
  facet normal 0 -1 0
    outer loop
      vertex -0.0538435 -4.59999 16.7815
      vertex 0.0538435 -4.59999 16.7815
      vertex 0.0797825 -4.59999 16.7896
    endloop
  endfacet
  facet normal 0 -1 0
    outer loop
      vertex -0.0271196 -4.59999 16.7766
      vertex 0.0538435 -4.59999 16.7815
      vertex -0.0538435 -4.59999 16.7815
    endloop
  endfacet
  facet normal 0 -1 0
    outer loop
      vertex -0.0271196 -4.59999 16.7766
      vertex 0.0271196 -4.59999 16.7766
      vertex 0.0538435 -4.59999 16.7815
    endloop
  endfacet
  facet normal -0 -1 0
    outer loop
      vertex 0.0271196 -4.59999 16.7766
      vertex -0.0271196 -4.59999 16.7766
      vertex 0 -4.59999 16.775
    endloop
  endfacet
  facet normal 0.382287 -0.921385 0.0700404
    outer loop
      vertex 1.60205 -4 17.3949
      vertex 0.218452 -4.59999 17.0538
      vertex 1.63796 -4 17.1989
    endloop
  endfacet
  facet normal -0.27475 -0.921378 -0.274908
    outer loop
      vertex -1.23504 -4 15.9059
      vertex -0.149196 -4.59999 16.8316
      vertex -0.168407 -4.59999 16.8508
    endloop
  endfacet
  facet normal -0.274833 -0.921382 -0.274813
    outer loop
      vertex -0.149196 -4.59999 16.8316
      vertex -1.23504 -4 15.9059
      vertex -1.09415 -4 15.765
    endloop
  endfacet
  facet normal 0.306019 -0.921379 -0.23961
    outer loop
      vertex 0.185163 -4.59999 16.8722
      vertex 0.168407 -4.59999 16.8508
      vertex 1.23504 -4 15.9059
    endloop
  endfacet
  facet normal -0.0228882 -0.921396 -0.38795
    outer loop
      vertex 0 -4.59999 16.775
      vertex -0.0271196 -4.59999 16.7766
      vertex 0 -4 15.35
    endloop
  endfacet
  facet normal 0.387941 -0.921385 0.0234912
    outer loop
      vertex 1.63796 -4 17.1989
      vertex 0.22335 -4.59999 17.0271
      vertex 0.224991 -4.59999 17
    endloop
  endfacet
  facet normal -0.0228919 -0.92137 0.388011
    outer loop
      vertex 0 -4.59999 17.225
      vertex -0.198884 -4 18.638
      vertex -0.0271196 -4.59999 17.2234
    endloop
  endfacet
  facet normal -0.0700944 -0.921382 0.382285
    outer loop
      vertex -0.0271196 -4.59999 17.2234
      vertex -0.198884 -4 18.638
      vertex -0.0538435 -4.59999 17.2185
    endloop
  endfacet
  facet normal -0.332592 -0.921385 -0.201077
    outer loop
      vertex -0.185163 -4.59999 16.8722
      vertex -1.461 -4 16.2332
      vertex -1.35792 -4 16.0627
    endloop
  endfacet
  facet normal -0.16008 -0.9214 -0.354114
    outer loop
      vertex -0.104558 -4.59999 16.8008
      vertex -0.76679 -4 15.539
      vertex -0.0797825 -4.59999 16.7896
    endloop
  endfacet
  facet normal 0.24007 -0.921393 0.305617
    outer loop
      vertex 1.09415 -4 18.235
      vertex 0.127809 -4.59999 17.1852
      vertex 0.149196 -4.59999 17.1684
    endloop
  endfacet
  facet normal 0.371117 -0.921392 0.11536
    outer loop
      vertex 1.60205 -4 17.3949
      vertex 0.21037 -4.59999 17.0798
      vertex 0.218452 -4.59999 17.0538
    endloop
  endfacet
  facet normal -0.332424 -0.921375 -0.201403
    outer loop
      vertex -0.199219 -4.59999 16.8954
      vertex -1.461 -4 16.2332
      vertex -0.185163 -4.59999 16.8722
    endloop
  endfacet
  facet normal 0.239719 -0.921379 0.305933
    outer loop
      vertex 0.937303 -4 18.3579
      vertex 0.127809 -4.59999 17.1852
      vertex 1.09415 -4 18.235
    endloop
  endfacet
  facet normal 0.2011 -0.92138 0.332591
    outer loop
      vertex 0.76679 -4 18.461
      vertex 0.127809 -4.59999 17.1852
      vertex 0.937303 -4 18.3579
    endloop
  endfacet
  facet normal 0.382287 -0.921385 -0.0700404
    outer loop
      vertex 1.63796 -4 16.8011
      vertex 0.218452 -4.59999 16.9462
      vertex 1.60205 -4 16.6051
    endloop
  endfacet
  facet normal 0.274833 -0.921382 0.274813
    outer loop
      vertex 0.149196 -4.59999 17.1684
      vertex 1.23504 -4 18.0941
      vertex 1.09415 -4 18.235
    endloop
  endfacet
  facet normal 0.27475 -0.921378 0.274908
    outer loop
      vertex 1.23504 -4 18.0941
      vertex 0.149196 -4.59999 17.1684
      vertex 0.168407 -4.59999 17.1492
    endloop
  endfacet
  facet normal 0.332424 -0.921375 0.201403
    outer loop
      vertex 1.461 -4 17.7668
      vertex 0.185163 -4.59999 17.1278
      vertex 0.199219 -4.59999 17.1046
    endloop
  endfacet
  facet normal 0.371049 -0.921384 0.115646
    outer loop
      vertex 1.54277 -4 17.5851
      vertex 0.21037 -4.59999 17.0798
      vertex 1.60205 -4 17.3949
    endloop
  endfacet
  facet normal 0.332424 -0.921375 -0.201403
    outer loop
      vertex 0.199219 -4.59999 16.8954
      vertex 0.185163 -4.59999 16.8722
      vertex 1.461 -4 16.2332
    endloop
  endfacet
  facet normal 0.382277 -0.921383 0.0701271
    outer loop
      vertex 1.63796 -4 17.1989
      vertex 0.218452 -4.59999 17.0538
      vertex 0.22335 -4.59999 17.0271
    endloop
  endfacet
  facet normal 0.387945 -0.921384 0.0234639
    outer loop
      vertex 1.63796 -4 17.1989
      vertex 0.224991 -4.59999 17
      vertex 1.64999 -4 17
    endloop
  endfacet
  facet normal 0.306019 -0.921379 0.23961
    outer loop
      vertex 1.23504 -4 18.0941
      vertex 0.168407 -4.59999 17.1492
      vertex 0.185163 -4.59999 17.1278
    endloop
  endfacet
  facet normal 0.354418 -0.921384 -0.159498
    outer loop
      vertex 1.54277 -4 16.4149
      vertex 0.21037 -4.59999 16.9202
      vertex 1.461 -4 16.2332
    endloop
  endfacet
  facet normal 0.16008 -0.9214 0.354114
    outer loop
      vertex 0.76679 -4 18.461
      vertex 0.0797825 -4.59999 17.2104
      vertex 0.104558 -4.59999 17.1992
    endloop
  endfacet
  facet normal 0.24007 -0.921393 -0.305617
    outer loop
      vertex 0.149196 -4.59999 16.8316
      vertex 0.127809 -4.59999 16.8148
      vertex 1.09415 -4 15.765
    endloop
  endfacet
  facet normal 0.20046 -0.921401 -0.332921
    outer loop
      vertex 0.127809 -4.59999 16.8148
      vertex 0.104558 -4.59999 16.8008
      vertex 0.76679 -4 15.539
    endloop
  endfacet
  facet normal 0.354418 -0.921384 0.159498
    outer loop
      vertex 1.461 -4 17.7668
      vertex 0.21037 -4.59999 17.0798
      vertex 1.54277 -4 17.5851
    endloop
  endfacet
  facet normal 0.115491 -0.921381 0.371105
    outer loop
      vertex 0.394869 -4 18.602
      vertex 0.0797825 -4.59999 17.2104
      vertex 0.585095 -4 18.5428
    endloop
  endfacet
  facet normal 0.115858 -0.92137 0.371017
    outer loop
      vertex 0.394869 -4 18.602
      vertex 0.0538435 -4.59999 17.2185
      vertex 0.0797825 -4.59999 17.2104
    endloop
  endfacet
  facet normal 0.20046 -0.921401 0.332921
    outer loop
      vertex 0.76679 -4 18.461
      vertex 0.104558 -4.59999 17.1992
      vertex 0.127809 -4.59999 17.1852
    endloop
  endfacet
  facet normal 0.965147 0 -0.261709
    outer loop
      vertex -12.8681 -3.09999 26.8797
      vertex -12.92 -1.7 26.6883
      vertex -12.8681 -1.7 26.8797
    endloop
  endfacet
  facet normal 0.965147 0 -0.261709
    outer loop
      vertex -12.92 -1.7 26.6883
      vertex -12.8681 -3.09999 26.8797
      vertex -12.92 -3.09999 26.6883
    endloop
  endfacet
  facet normal 0.922194 0 -0.386727
    outer loop
      vertex -12.727 -3.09999 27.2503
      vertex -12.8037 -1.7 27.0674
      vertex -12.727 -1.7 27.2503
    endloop
  endfacet
  facet normal 0.922194 0 -0.386727
    outer loop
      vertex -12.8037 -1.7 27.0674
      vertex -12.727 -3.09999 27.2503
      vertex -12.8037 -3.09999 27.0674
    endloop
  endfacet
  facet normal 0.997784 -0 0.0665357
    outer loop
      vertex -12.9984 -3.09999 7.90081
      vertex -12.9852 -1.7 7.70286
      vertex -12.9984 -1.7 7.90081
    endloop
  endfacet
  facet normal 0.997784 0 0.0665357
    outer loop
      vertex -12.9852 -1.7 7.70286
      vertex -12.9984 -3.09999 7.90081
      vertex -12.9852 -3.09999 7.70286
    endloop
  endfacet
  facet normal 0.789013 -0 0.614377
    outer loop
      vertex -12.4271 -3.09999 6.23664
      vertex -12.3052 -1.7 6.08009
      vertex -12.4271 -1.7 6.23664
    endloop
  endfacet
  facet normal 0.789013 0 0.614377
    outer loop
      vertex -12.3052 -1.7 6.08009
      vertex -12.4271 -3.09999 6.23664
      vertex -12.3052 -3.09999 6.08009
    endloop
  endfacet
  facet normal 1 -0 0
    outer loop
      vertex -12.9984 -3.09999 26.0992
      vertex -12.9984 -1.7 7.90081
      vertex -12.9984 -1.7 26.0992
    endloop
  endfacet
  facet normal 1 0 0
    outer loop
      vertex -12.9984 -1.7 7.90081
      vertex -12.9984 -3.09999 26.0992
      vertex -12.9984 -3.09999 7.90081
    endloop
  endfacet
  facet normal 0.0496107 0 0.998769
    outer loop
      vertex -10.2477 -1.7 5.01025
      vertex -10.0496 -3.09999 5.00041
      vertex -10.0496 -1.7 5.00041
    endloop
  endfacet
  facet normal 0.0496107 0 0.998769
    outer loop
      vertex -10.0496 -3.09999 5.00041
      vertex -10.2477 -1.7 5.01025
      vertex -10.2477 -3.09999 5.01025
    endloop
  endfacet
  facet normal 0.991306 -0 0.131576
    outer loop
      vertex -12.9852 -3.09999 7.70286
      vertex -12.9591 -1.7 7.50622
      vertex -12.9852 -1.7 7.70286
    endloop
  endfacet
  facet normal 0.991306 0 0.131576
    outer loop
      vertex -12.9591 -1.7 7.50622
      vertex -12.9852 -3.09999 7.70286
      vertex -12.9591 -3.09999 7.50622
    endloop
  endfacet
  facet normal 0 0 -1
    outer loop
      vertex 12.99 -2.41731 29
      vertex 12.5958 -1.7 29
      vertex 12.99 -2.38267 29
    endloop
  endfacet
  facet normal 0 0 -1
    outer loop
      vertex 12.5958 -3.09999 29
      vertex 12.5958 -1.7 29
      vertex 12.99 -2.41731 29
    endloop
  endfacet
  facet normal 1.76636e-05 0 -1
    outer loop
      vertex -10.0496 -3.09999 28.9996
      vertex 12.5958 -1.7 29
      vertex 12.5958 -3.09999 29
    endloop
  endfacet
  facet normal 1.76636e-05 0 -1
    outer loop
      vertex 12.5958 -1.7 29
      vertex -10.0496 -3.09999 28.9996
      vertex -10.0496 -1.7 28.9996
    endloop
  endfacet
  facet normal 0.945838 -0 0.324639
    outer loop
      vertex -12.8681 -3.09999 7.12025
      vertex -12.8037 -1.7 6.93262
      vertex -12.8681 -1.7 7.12025
    endloop
  endfacet
  facet normal 0.945838 0 0.324639
    outer loop
      vertex -12.8037 -1.7 6.93262
      vertex -12.8681 -3.09999 7.12025
      vertex -12.8037 -3.09999 6.93262
    endloop
  endfacet
  facet normal 0.997783 0 -0.0665525
    outer loop
      vertex -12.9852 -3.09999 26.2971
      vertex -12.9984 -1.7 26.0992
      vertex -12.9852 -1.7 26.2971
    endloop
  endfacet
  facet normal 0.997783 0 -0.0665525
    outer loop
      vertex -12.9984 -1.7 26.0992
      vertex -12.9852 -3.09999 26.2971
      vertex -12.9984 -3.09999 26.0992
    endloop
  endfacet
  facet normal 0.371217 0 0.928546
    outer loop
      vertex -11.2051 -1.7 5.25268
      vertex -11.0209 -3.09999 5.17904
      vertex -11.0209 -1.7 5.17904
    endloop
  endfacet
  facet normal 0.371217 0 0.928546
    outer loop
      vertex -11.0209 -3.09999 5.17904
      vertex -11.2051 -1.7 5.25268
      vertex -11.2051 -3.09999 5.25268
    endloop
  endfacet
  facet normal 0.863395 0 -0.504529
    outer loop
      vertex -12.5383 -3.09999 27.5991
      vertex -12.6384 -1.7 27.4278
      vertex -12.5383 -1.7 27.5991
    endloop
  endfacet
  facet normal 0.863395 0 -0.504529
    outer loop
      vertex -12.6384 -1.7 27.4278
      vertex -12.5383 -3.09999 27.5991
      vertex -12.6384 -3.09999 27.4278
    endloop
  endfacet
  facet normal 0.0494095 0 -0.998779
    outer loop
      vertex -10.2477 -3.09999 28.9898
      vertex -10.0496 -1.7 28.9996
      vertex -10.0496 -3.09999 28.9996
    endloop
  endfacet
  facet normal 0.0494095 0 -0.998779
    outer loop
      vertex -10.0496 -1.7 28.9996
      vertex -10.2477 -3.09999 28.9898
      vertex -10.2477 -1.7 28.9898
    endloop
  endfacet
  facet normal 0.701059 0 0.713103
    outer loop
      vertex -12.1733 -1.7 5.93194
      vertex -12.0318 -3.09999 5.79283
      vertex -12.0318 -1.7 5.79283
    endloop
  endfacet
  facet normal 0.701059 0 0.713103
    outer loop
      vertex -12.0318 -3.09999 5.79283
      vertex -12.1733 -1.7 5.93194
      vertex -12.1733 -3.09999 5.93194
    endloop
  endfacet
  facet normal 0.894729 0 -0.446609
    outer loop
      vertex -12.6384 -3.09999 27.4278
      vertex -12.727 -1.7 27.2503
      vertex -12.6384 -1.7 27.4278
    endloop
  endfacet
  facet normal 0.894729 0 -0.446609
    outer loop
      vertex -12.727 -1.7 27.2503
      vertex -12.6384 -3.09999 27.4278
      vertex -12.727 -3.09999 27.2503
    endloop
  endfacet
  facet normal 0 0 1
    outer loop
      vertex 13 -2.39999 5
      vertex 12.99 -2.38267 5
      vertex 12.99 -2.41731 5
    endloop
  endfacet
  facet normal 0.601209 0 0.799092
    outer loop
      vertex -11.8815 -1.7 5.66337
      vertex -11.723 -3.09999 5.54412
      vertex -11.723 -1.7 5.54412
    endloop
  endfacet
  facet normal 0.601209 0 0.799092
    outer loop
      vertex -11.723 -3.09999 5.54412
      vertex -11.8815 -1.7 5.66337
      vertex -11.8815 -3.09999 5.66337
    endloop
  endfacet
  facet normal 0.991311 0 -0.131536
    outer loop
      vertex -12.9591 -3.09999 26.4938
      vertex -12.9852 -1.7 26.2971
      vertex -12.9591 -1.7 26.4938
    endloop
  endfacet
  facet normal 0.991311 0 -0.131536
    outer loop
      vertex -12.9852 -1.7 26.2971
      vertex -12.9591 -3.09999 26.4938
      vertex -12.9852 -3.09999 26.2971
    endloop
  endfacet
  facet normal 2.53678e-05 0 1
    outer loop
      vertex 12.5958 -1.7 5.00001
      vertex 12.99 -2.41731 5
      vertex 12.99 -2.38267 5
    endloop
  endfacet
  facet normal 2.53678e-05 0 1
    outer loop
      vertex 12.5958 -1.7 5.00001
      vertex 12.5958 -3.09999 5.00001
      vertex 12.99 -2.41731 5
    endloop
  endfacet
  facet normal 1.76636e-05 0 1
    outer loop
      vertex -10.0496 -1.7 5.00041
      vertex 12.5958 -3.09999 5.00001
      vertex 12.5958 -1.7 5.00001
    endloop
  endfacet
  facet normal 1.76636e-05 0 1
    outer loop
      vertex 12.5958 -3.09999 5.00001
      vertex -10.0496 -1.7 5.00041
      vertex -10.0496 -3.09999 5.00041
    endloop
  endfacet
  facet normal 0.945875 0 -0.32453
    outer loop
      vertex -12.8037 -3.09999 27.0674
      vertex -12.8681 -1.7 26.8797
      vertex -12.8037 -1.7 27.0674
    endloop
  endfacet
  facet normal 0.945875 0 -0.32453
    outer loop
      vertex -12.8681 -1.7 26.8797
      vertex -12.8037 -3.09999 27.0674
      vertex -12.8681 -3.09999 26.8797
    endloop
  endfacet
  facet normal 0.115906 0 -0.99326
    outer loop
      vertex -10.4448 -3.09999 28.9668
      vertex -10.2477 -1.7 28.9898
      vertex -10.2477 -3.09999 28.9898
    endloop
  endfacet
  facet normal 0.115906 0 -0.99326
    outer loop
      vertex -10.2477 -1.7 28.9898
      vertex -10.4448 -3.09999 28.9668
      vertex -10.4448 -1.7 28.9668
    endloop
  endfacet
  facet normal 0.788918 0 -0.614499
    outer loop
      vertex -12.3052 -3.09999 27.9199
      vertex -12.4271 -1.7 27.7634
      vertex -12.3052 -1.7 27.9199
    endloop
  endfacet
  facet normal 0.788918 0 -0.614499
    outer loop
      vertex -12.4271 -1.7 27.7634
      vertex -12.3052 -3.09999 27.9199
      vertex -12.4271 -3.09999 27.7634
    endloop
  endfacet
  facet normal 0.652624 0 0.757682
    outer loop
      vertex -12.0318 -1.7 5.79283
      vertex -11.8815 -3.09999 5.66337
      vertex -11.8815 -1.7 5.66337
    endloop
  endfacet
  facet normal 0.652624 0 0.757682
    outer loop
      vertex -11.8815 -3.09999 5.66337
      vertex -12.0318 -1.7 5.79283
      vertex -12.0318 -3.09999 5.79283
    endloop
  endfacet
  facet normal 0.180872 0 0.983507
    outer loop
      vertex -10.6399 -1.7 5.06904
      vertex -10.4448 -3.09999 5.03316
      vertex -10.4448 -1.7 5.03316
    endloop
  endfacet
  facet normal 0.180872 0 0.983507
    outer loop
      vertex -10.4448 -3.09999 5.03316
      vertex -10.6399 -1.7 5.06904
      vertex -10.6399 -3.09999 5.06904
    endloop
  endfacet
  facet normal 0.828153 0 -0.560503
    outer loop
      vertex -12.4271 -3.09999 27.7634
      vertex -12.5383 -1.7 27.5991
      vertex -12.4271 -1.7 27.7634
    endloop
  endfacet
  facet normal 0.828153 0 -0.560503
    outer loop
      vertex -12.5383 -1.7 27.5991
      vertex -12.4271 -3.09999 27.7634
      vertex -12.5383 -3.09999 27.5991
    endloop
  endfacet
  facet normal 0.980384 -0 0.197095
    outer loop
      vertex -12.9591 -3.09999 7.50622
      vertex -12.92 -1.7 7.31173
      vertex -12.9591 -1.7 7.50622
    endloop
  endfacet
  facet normal 0.980384 0 0.197095
    outer loop
      vertex -12.92 -1.7 7.31173
      vertex -12.9591 -3.09999 7.50622
      vertex -12.92 -3.09999 7.31173
    endloop
  endfacet
  facet normal 0.746881 -0 0.664958
    outer loop
      vertex -12.3052 -3.09999 6.08009
      vertex -12.1733 -1.7 5.93194
      vertex -12.3052 -1.7 6.08009
    endloop
  endfacet
  facet normal 0.746881 0 0.664958
    outer loop
      vertex -12.1733 -1.7 5.93194
      vertex -12.3052 -3.09999 6.08009
      vertex -12.1733 -3.09999 5.93194
    endloop
  endfacet
  facet normal 0.431616 0 -0.902057
    outer loop
      vertex -11.384 -3.09999 28.6617
      vertex -11.2051 -1.7 28.7473
      vertex -11.2051 -3.09999 28.7473
    endloop
  endfacet
  facet normal 0.431616 0 -0.902057
    outer loop
      vertex -11.2051 -1.7 28.7473
      vertex -11.384 -3.09999 28.6617
      vertex -11.384 -1.7 28.6617
    endloop
  endfacet
  facet normal 0.828089 -0 0.560596
    outer loop
      vertex -12.5383 -3.09999 6.4009
      vertex -12.4271 -1.7 6.23664
      vertex -12.5383 -1.7 6.4009
    endloop
  endfacet
  facet normal 0.828089 0 0.560596
    outer loop
      vertex -12.4271 -1.7 6.23664
      vertex -12.5383 -3.09999 6.4009
      vertex -12.4271 -3.09999 6.23664
    endloop
  endfacet
  facet normal 0 0 -1
    outer loop
      vertex 12.99 -2.38267 29
      vertex 13 -2.39999 29
      vertex 12.99 -2.41731 29
    endloop
  endfacet
  facet normal 0.746992 0 -0.664833
    outer loop
      vertex -12.1733 -3.09999 28.0681
      vertex -12.3052 -1.7 27.9199
      vertex -12.1733 -1.7 28.0681
    endloop
  endfacet
  facet normal 0.746992 0 -0.664833
    outer loop
      vertex -12.3052 -1.7 27.9199
      vertex -12.1733 -3.09999 28.0681
      vertex -12.3052 -3.09999 27.9199
    endloop
  endfacet
  facet normal 0.546883 0 -0.837209
    outer loop
      vertex -11.723 -3.09999 28.4559
      vertex -11.5569 -1.7 28.5644
      vertex -11.5569 -3.09999 28.5644
    endloop
  endfacet
  facet normal 0.546883 0 -0.837209
    outer loop
      vertex -11.5569 -1.7 28.5644
      vertex -11.723 -3.09999 28.4559
      vertex -11.723 -1.7 28.4559
    endloop
  endfacet
  facet normal 0.863343 -0 0.504617
    outer loop
      vertex -12.6384 -3.09999 6.57216
      vertex -12.5383 -1.7 6.4009
      vertex -12.6384 -1.7 6.57216
    endloop
  endfacet
  facet normal 0.863343 0 0.504617
    outer loop
      vertex -12.5383 -1.7 6.4009
      vertex -12.6384 -3.09999 6.57216
      vertex -12.5383 -3.09999 6.4009
    endloop
  endfacet
  facet normal 0.2455 0 -0.969397
    outer loop
      vertex -10.8322 -3.09999 28.8823
      vertex -10.6399 -1.7 28.931
      vertex -10.6399 -3.09999 28.931
    endloop
  endfacet
  facet normal 0.2455 0 -0.969397
    outer loop
      vertex -10.6399 -1.7 28.931
      vertex -10.8322 -3.09999 28.8823
      vertex -10.8322 -1.7 28.8823
    endloop
  endfacet
  facet normal 0.965174 -0 0.261607
    outer loop
      vertex -12.92 -3.09999 7.31173
      vertex -12.8681 -1.7 7.12025
      vertex -12.92 -1.7 7.31173
    endloop
  endfacet
  facet normal 0.965174 0 0.261607
    outer loop
      vertex -12.8681 -1.7 7.12025
      vertex -12.92 -3.09999 7.31173
      vertex -12.8681 -3.09999 7.12025
    endloop
  endfacet
  facet normal 0.180482 0 -0.983578
    outer loop
      vertex -10.6399 -3.09999 28.931
      vertex -10.4448 -1.7 28.9668
      vertex -10.4448 -3.09999 28.9668
    endloop
  endfacet
  facet normal 0.180482 0 -0.983578
    outer loop
      vertex -10.4448 -1.7 28.9668
      vertex -10.6399 -3.09999 28.931
      vertex -10.6399 -1.7 28.931
    endloop
  endfacet
  facet normal 0.490429 0 -0.871481
    outer loop
      vertex -11.5569 -3.09999 28.5644
      vertex -11.384 -1.7 28.6617
      vertex -11.384 -3.09999 28.6617
    endloop
  endfacet
  facet normal 0.490429 0 -0.871481
    outer loop
      vertex -11.384 -1.7 28.6617
      vertex -11.5569 -3.09999 28.5644
      vertex -11.5569 -1.7 28.5644
    endloop
  endfacet
  facet normal 0.60137 0 -0.79897
    outer loop
      vertex -11.8815 -3.09999 28.3366
      vertex -11.723 -1.7 28.4559
      vertex -11.723 -3.09999 28.4559
    endloop
  endfacet
  facet normal 0.60137 0 -0.79897
    outer loop
      vertex -11.723 -1.7 28.4559
      vertex -11.8815 -3.09999 28.3366
      vertex -11.8815 -1.7 28.3366
    endloop
  endfacet
  facet normal 0.980386 0 -0.197085
    outer loop
      vertex -12.92 -3.09999 26.6883
      vertex -12.9591 -1.7 26.4938
      vertex -12.92 -1.7 26.6883
    endloop
  endfacet
  facet normal 0.980386 0 -0.197085
    outer loop
      vertex -12.9591 -1.7 26.4938
      vertex -12.92 -3.09999 26.6883
      vertex -12.9591 -3.09999 26.4938
    endloop
  endfacet
  facet normal 0.308961 0 0.951075
    outer loop
      vertex -11.0209 -1.7 5.17904
      vertex -10.8322 -3.09999 5.11774
      vertex -10.8322 -1.7 5.11774
    endloop
  endfacet
  facet normal 0.308961 0 0.951075
    outer loop
      vertex -10.8322 -3.09999 5.11774
      vertex -11.0209 -1.7 5.17904
      vertex -11.0209 -3.09999 5.17904
    endloop
  endfacet
  facet normal 0.115458 0 0.993312
    outer loop
      vertex -10.4448 -1.7 5.03316
      vertex -10.2477 -3.09999 5.01025
      vertex -10.2477 -1.7 5.01025
    endloop
  endfacet
  facet normal 0.115458 0 0.993312
    outer loop
      vertex -10.2477 -3.09999 5.01025
      vertex -10.4448 -1.7 5.03316
      vertex -10.4448 -3.09999 5.03316
    endloop
  endfacet
  facet normal 0.371478 0 -0.928442
    outer loop
      vertex -11.2051 -3.09999 28.7473
      vertex -11.0209 -1.7 28.821
      vertex -11.0209 -3.09999 28.821
    endloop
  endfacet
  facet normal 0.371478 0 -0.928442
    outer loop
      vertex -11.0209 -1.7 28.821
      vertex -11.2051 -3.09999 28.7473
      vertex -11.2051 -1.7 28.7473
    endloop
  endfacet
  facet normal 0.431821 0 0.901959
    outer loop
      vertex -11.384 -1.7 5.33833
      vertex -11.2051 -3.09999 5.25268
      vertex -11.2051 -1.7 5.25268
    endloop
  endfacet
  facet normal 0.431821 0 0.901959
    outer loop
      vertex -11.2051 -3.09999 5.25268
      vertex -11.384 -1.7 5.33833
      vertex -11.384 -3.09999 5.33833
    endloop
  endfacet
  facet normal 0.308961 0 -0.951075
    outer loop
      vertex -11.0209 -3.09999 28.821
      vertex -10.8322 -1.7 28.8823
      vertex -10.8322 -3.09999 28.8823
    endloop
  endfacet
  facet normal 0.308961 0 -0.951075
    outer loop
      vertex -10.8322 -1.7 28.8823
      vertex -11.0209 -3.09999 28.821
      vertex -11.0209 -1.7 28.821
    endloop
  endfacet
  facet normal 0.546883 0 0.837209
    outer loop
      vertex -11.723 -1.7 5.54412
      vertex -11.5569 -3.09999 5.43562
      vertex -11.5569 -1.7 5.43562
    endloop
  endfacet
  facet normal 0.546883 0 0.837209
    outer loop
      vertex -11.5569 -3.09999 5.43562
      vertex -11.723 -1.7 5.54412
      vertex -11.723 -3.09999 5.54412
    endloop
  endfacet
  facet normal 0 -1 0
    outer loop
      vertex -12.9984 -1.7 26.0992
      vertex -10.0496 -1.7 28.9996
      vertex -10.2477 -1.7 28.9898
    endloop
  endfacet
  facet normal 0 -1 0
    outer loop
      vertex -12.9984 -1.7 26.0992
      vertex -10.2477 -1.7 28.9898
      vertex -10.4448 -1.7 28.9668
    endloop
  endfacet
  facet normal 0 -1 0
    outer loop
      vertex -12.9984 -1.7 26.0992
      vertex -10.4448 -1.7 28.9668
      vertex -10.6399 -1.7 28.931
    endloop
  endfacet
  facet normal 0 -1 0
    outer loop
      vertex -12.9984 -1.7 26.0992
      vertex -10.6399 -1.7 28.931
      vertex -10.8322 -1.7 28.8823
    endloop
  endfacet
  facet normal 0 -1 0
    outer loop
      vertex -12.9984 -1.7 26.0992
      vertex -10.8322 -1.7 28.8823
      vertex -11.0209 -1.7 28.821
    endloop
  endfacet
  facet normal 0 -1 0
    outer loop
      vertex -12.9984 -1.7 26.0992
      vertex -11.0209 -1.7 28.821
      vertex -11.2051 -1.7 28.7473
    endloop
  endfacet
  facet normal 0 -1 0
    outer loop
      vertex -12.9984 -1.7 26.0992
      vertex -11.2051 -1.7 28.7473
      vertex -11.384 -1.7 28.6617
    endloop
  endfacet
  facet normal 0 -1 0
    outer loop
      vertex -12.9984 -1.7 26.0992
      vertex -11.384 -1.7 28.6617
      vertex -11.5569 -1.7 28.5644
    endloop
  endfacet
  facet normal 0 -1 0
    outer loop
      vertex -12.9984 -1.7 26.0992
      vertex -11.5569 -1.7 28.5644
      vertex -11.723 -1.7 28.4559
    endloop
  endfacet
  facet normal 0 -1 0
    outer loop
      vertex -12.9984 -1.7 26.0992
      vertex -11.723 -1.7 28.4559
      vertex -11.8815 -1.7 28.3366
    endloop
  endfacet
  facet normal 0 -1 0
    outer loop
      vertex -12.9984 -1.7 26.0992
      vertex -11.8815 -1.7 28.3366
      vertex -12.0318 -1.7 28.2072
    endloop
  endfacet
  facet normal 0 -1 0
    outer loop
      vertex -12.9984 -1.7 26.0992
      vertex -12.0318 -1.7 28.2072
      vertex -12.1733 -1.7 28.0681
    endloop
  endfacet
  facet normal 0 -1 0
    outer loop
      vertex -12.9984 -1.7 26.0992
      vertex -12.1733 -1.7 28.0681
      vertex -12.3052 -1.7 27.9199
    endloop
  endfacet
  facet normal 0 -1 0
    outer loop
      vertex -12.9984 -1.7 26.0992
      vertex -12.3052 -1.7 27.9199
      vertex -12.4271 -1.7 27.7634
    endloop
  endfacet
  facet normal 0 -1 0
    outer loop
      vertex -12.9984 -1.7 26.0992
      vertex -12.4271 -1.7 27.7634
      vertex -12.5383 -1.7 27.5991
    endloop
  endfacet
  facet normal 0 -1 0
    outer loop
      vertex -12.9984 -1.7 26.0992
      vertex -12.5383 -1.7 27.5991
      vertex -12.6384 -1.7 27.4278
    endloop
  endfacet
  facet normal 0 -1 0
    outer loop
      vertex -12.9984 -1.7 26.0992
      vertex -12.6384 -1.7 27.4278
      vertex -12.727 -1.7 27.2503
    endloop
  endfacet
  facet normal 0 -1 0
    outer loop
      vertex -12.9984 -1.7 26.0992
      vertex -12.727 -1.7 27.2503
      vertex -12.8037 -1.7 27.0674
    endloop
  endfacet
  facet normal 0 -1 0
    outer loop
      vertex -12.9984 -1.7 26.0992
      vertex -12.8037 -1.7 27.0674
      vertex -12.8681 -1.7 26.8797
    endloop
  endfacet
  facet normal 0 -1 0
    outer loop
      vertex -12.9984 -1.7 26.0992
      vertex -12.8681 -1.7 26.8797
      vertex -12.92 -1.7 26.6883
    endloop
  endfacet
  facet normal 0 -1 0
    outer loop
      vertex -12.9984 -1.7 26.0992
      vertex -12.92 -1.7 26.6883
      vertex -12.9591 -1.7 26.4938
    endloop
  endfacet
  facet normal 0 -1 0
    outer loop
      vertex -12.9984 -1.7 26.0992
      vertex -12.9591 -1.7 26.4938
      vertex -12.9852 -1.7 26.2971
    endloop
  endfacet
  facet normal 0 -1 -0
    outer loop
      vertex -10.0496 -1.7 28.9996
      vertex -12.9984 -1.7 26.0992
      vertex -10.0496 -1.7 5.00041
    endloop
  endfacet
  facet normal 0 -1 0
    outer loop
      vertex -10.0496 -1.7 5.00041
      vertex -12.9984 -1.7 26.0992
      vertex -12.9984 -1.7 7.90081
    endloop
  endfacet
  facet normal 0 -1 0
    outer loop
      vertex -10.0496 -1.7 5.00041
      vertex -12.9984 -1.7 7.90081
      vertex -12.9852 -1.7 7.70286
    endloop
  endfacet
  facet normal 0 -1 0
    outer loop
      vertex -10.0496 -1.7 5.00041
      vertex -12.9852 -1.7 7.70286
      vertex -12.9591 -1.7 7.50622
    endloop
  endfacet
  facet normal 0 -1 0
    outer loop
      vertex -10.0496 -1.7 5.00041
      vertex -12.9591 -1.7 7.50622
      vertex -12.92 -1.7 7.31173
    endloop
  endfacet
  facet normal 0 -1 0
    outer loop
      vertex -10.0496 -1.7 5.00041
      vertex -12.92 -1.7 7.31173
      vertex -12.8681 -1.7 7.12025
    endloop
  endfacet
  facet normal 0 -1 0
    outer loop
      vertex -10.0496 -1.7 5.00041
      vertex -12.8681 -1.7 7.12025
      vertex -12.8037 -1.7 6.93262
    endloop
  endfacet
  facet normal 0 -1 0
    outer loop
      vertex -10.0496 -1.7 5.00041
      vertex -12.8037 -1.7 6.93262
      vertex -12.727 -1.7 6.74965
    endloop
  endfacet
  facet normal 0 -1 0
    outer loop
      vertex -10.0496 -1.7 5.00041
      vertex -12.727 -1.7 6.74965
      vertex -12.6384 -1.7 6.57216
    endloop
  endfacet
  facet normal 0 -1 0
    outer loop
      vertex -10.0496 -1.7 5.00041
      vertex -12.6384 -1.7 6.57216
      vertex -12.5383 -1.7 6.4009
    endloop
  endfacet
  facet normal 0 -1 0
    outer loop
      vertex -10.0496 -1.7 5.00041
      vertex -12.5383 -1.7 6.4009
      vertex -12.4271 -1.7 6.23664
    endloop
  endfacet
  facet normal 0 -1 0
    outer loop
      vertex -10.0496 -1.7 5.00041
      vertex -12.4271 -1.7 6.23664
      vertex -12.3052 -1.7 6.08009
    endloop
  endfacet
  facet normal 0 -1 0
    outer loop
      vertex -10.0496 -1.7 5.00041
      vertex -12.3052 -1.7 6.08009
      vertex -12.1733 -1.7 5.93194
    endloop
  endfacet
  facet normal 0 -1 0
    outer loop
      vertex -10.0496 -1.7 5.00041
      vertex -12.1733 -1.7 5.93194
      vertex -12.0318 -1.7 5.79283
    endloop
  endfacet
  facet normal 0 -1 0
    outer loop
      vertex -10.0496 -1.7 5.00041
      vertex -12.0318 -1.7 5.79283
      vertex -11.8815 -1.7 5.66337
    endloop
  endfacet
  facet normal 0 -1 0
    outer loop
      vertex -10.0496 -1.7 5.00041
      vertex -11.8815 -1.7 5.66337
      vertex -11.723 -1.7 5.54412
    endloop
  endfacet
  facet normal 0 -1 0
    outer loop
      vertex -10.0496 -1.7 5.00041
      vertex -11.723 -1.7 5.54412
      vertex -11.5569 -1.7 5.43562
    endloop
  endfacet
  facet normal 0 -1 0
    outer loop
      vertex -10.0496 -1.7 5.00041
      vertex -11.5569 -1.7 5.43562
      vertex -11.384 -1.7 5.33833
    endloop
  endfacet
  facet normal 0 -1 0
    outer loop
      vertex -10.0496 -1.7 5.00041
      vertex -11.384 -1.7 5.33833
      vertex -11.2051 -1.7 5.25268
    endloop
  endfacet
  facet normal 0 -1 0
    outer loop
      vertex -10.0496 -1.7 5.00041
      vertex -11.2051 -1.7 5.25268
      vertex -11.0209 -1.7 5.17904
    endloop
  endfacet
  facet normal 0 -1 0
    outer loop
      vertex -10.0496 -1.7 5.00041
      vertex -11.0209 -1.7 5.17904
      vertex -10.8322 -1.7 5.11774
    endloop
  endfacet
  facet normal 0 -1 0
    outer loop
      vertex -10.0496 -1.7 5.00041
      vertex -10.8322 -1.7 5.11774
      vertex -10.6399 -1.7 5.06904
    endloop
  endfacet
  facet normal 0 -1 0
    outer loop
      vertex -10.0496 -1.7 5.00041
      vertex -10.6399 -1.7 5.06904
      vertex -10.4448 -1.7 5.03316
    endloop
  endfacet
  facet normal 0 -1 0
    outer loop
      vertex -10.0496 -1.7 5.00041
      vertex -10.4448 -1.7 5.03316
      vertex -10.2477 -1.7 5.01025
    endloop
  endfacet
  facet normal 0 -1 0
    outer loop
      vertex -10.0496 -1.7 28.9996
      vertex -10.0496 -1.7 5.00041
      vertex 12.5958 -1.7 29
    endloop
  endfacet
  facet normal 0 -1 -0
    outer loop
      vertex 12.5958 -1.7 29
      vertex -10.0496 -1.7 5.00041
      vertex 12.5958 -1.7 5.00001
    endloop
  endfacet
  facet normal 0.922247 -0 0.386601
    outer loop
      vertex -12.8037 -3.09999 6.93262
      vertex -12.727 -1.7 6.74965
      vertex -12.8037 -1.7 6.93262
    endloop
  endfacet
  facet normal 0.922247 0 0.386601
    outer loop
      vertex -12.727 -1.7 6.74965
      vertex -12.8037 -3.09999 6.93262
      vertex -12.727 -3.09999 6.74965
    endloop
  endfacet
  facet normal 0.2455 0 0.969397
    outer loop
      vertex -10.8322 -1.7 5.11774
      vertex -10.6399 -3.09999 5.06904
      vertex -10.6399 -1.7 5.06904
    endloop
  endfacet
  facet normal 0.2455 0 0.969397
    outer loop
      vertex -10.6399 -3.09999 5.06904
      vertex -10.8322 -1.7 5.11774
      vertex -10.8322 -3.09999 5.11774
    endloop
  endfacet
  facet normal 0.49039 0 0.871503
    outer loop
      vertex -11.5569 -1.7 5.43562
      vertex -11.384 -3.09999 5.33833
      vertex -11.384 -1.7 5.33833
    endloop
  endfacet
  facet normal 0.49039 0 0.871503
    outer loop
      vertex -11.384 -3.09999 5.33833
      vertex -11.5569 -1.7 5.43562
      vertex -11.5569 -3.09999 5.43562
    endloop
  endfacet
  facet normal 0.652451 0 -0.757831
    outer loop
      vertex -12.0318 -3.09999 28.2072
      vertex -11.8815 -1.7 28.3366
      vertex -11.8815 -3.09999 28.3366
    endloop
  endfacet
  facet normal 0.652451 0 -0.757831
    outer loop
      vertex -11.8815 -1.7 28.3366
      vertex -12.0318 -3.09999 28.2072
      vertex -12.0318 -1.7 28.2072
    endloop
  endfacet
  facet normal 0.701033 0 -0.713129
    outer loop
      vertex -12.1733 -3.09999 28.0681
      vertex -12.0318 -1.7 28.2072
      vertex -12.0318 -3.09999 28.2072
    endloop
  endfacet
  facet normal 0.701033 0 -0.713129
    outer loop
      vertex -12.0318 -1.7 28.2072
      vertex -12.1733 -3.09999 28.0681
      vertex -12.1733 -1.7 28.0681
    endloop
  endfacet
  facet normal 0.894719 -0 0.446629
    outer loop
      vertex -12.727 -3.09999 6.74965
      vertex -12.6384 -1.7 6.57216
      vertex -12.727 -1.7 6.74965
    endloop
  endfacet
  facet normal 0.894719 0 0.446629
    outer loop
      vertex -12.6384 -1.7 6.57216
      vertex -12.727 -3.09999 6.74965
      vertex -12.6384 -3.09999 6.57216
    endloop
  endfacet
  facet normal -0.866019 0.500011 0
    outer loop
      vertex 12.99 -2.41731 5
      vertex 13 -2.39999 29
      vertex 13 -2.39999 5
    endloop
  endfacet
  facet normal -0.866019 0.500011 0
    outer loop
      vertex 12.99 -2.41731 5
      vertex 12.99 -2.41731 29
      vertex 13 -2.39999 29
    endloop
  endfacet
  facet normal -0.865995 0.500052 0
    outer loop
      vertex 12.5958 -3.09999 5.00001
      vertex 12.99 -2.41731 29
      vertex 12.99 -2.41731 5
    endloop
  endfacet
  facet normal -0.865995 0.500052 0
    outer loop
      vertex 12.99 -2.41731 29
      vertex 12.5958 -3.09999 5.00001
      vertex 12.5958 -3.09999 29
    endloop
  endfacet
  facet normal 0 1 0
    outer loop
      vertex -10.0496 -3.09999 5.00041
      vertex -10.0496 -3.09999 28.9996
      vertex 12.5958 -3.09999 29
    endloop
  endfacet
  facet normal -0 1 0
    outer loop
      vertex -12.9984 -3.09999 26.0992
      vertex -10.0496 -3.09999 28.9996
      vertex -10.0496 -3.09999 5.00041
    endloop
  endfacet
  facet normal 0 1 0
    outer loop
      vertex -10.0496 -3.09999 28.9996
      vertex -12.9984 -3.09999 26.0992
      vertex -10.2477 -3.09999 28.9898
    endloop
  endfacet
  facet normal 0 1 0
    outer loop
      vertex -10.2477 -3.09999 28.9898
      vertex -12.9984 -3.09999 26.0992
      vertex -10.4448 -3.09999 28.9668
    endloop
  endfacet
  facet normal 0 1 0
    outer loop
      vertex -10.6399 -3.09999 28.931
      vertex -12.9984 -3.09999 26.0992
      vertex -10.8322 -3.09999 28.8823
    endloop
  endfacet
  facet normal 0 1 0
    outer loop
      vertex -10.8322 -3.09999 28.8823
      vertex -12.9984 -3.09999 26.0992
      vertex -11.0209 -3.09999 28.821
    endloop
  endfacet
  facet normal 0 1 0
    outer loop
      vertex -11.0209 -3.09999 28.821
      vertex -12.9984 -3.09999 26.0992
      vertex -11.2051 -3.09999 28.7473
    endloop
  endfacet
  facet normal 0 1 0
    outer loop
      vertex -11.2051 -3.09999 28.7473
      vertex -12.9984 -3.09999 26.0992
      vertex -11.384 -3.09999 28.6617
    endloop
  endfacet
  facet normal 0 1 0
    outer loop
      vertex -11.384 -3.09999 28.6617
      vertex -12.9984 -3.09999 26.0992
      vertex -11.5569 -3.09999 28.5644
    endloop
  endfacet
  facet normal 0 1 0
    outer loop
      vertex -11.5569 -3.09999 28.5644
      vertex -12.9984 -3.09999 26.0992
      vertex -11.723 -3.09999 28.4559
    endloop
  endfacet
  facet normal 0 1 0
    outer loop
      vertex -11.723 -3.09999 28.4559
      vertex -12.9984 -3.09999 26.0992
      vertex -11.8815 -3.09999 28.3366
    endloop
  endfacet
  facet normal 0 1 0
    outer loop
      vertex -11.8815 -3.09999 28.3366
      vertex -12.9984 -3.09999 26.0992
      vertex -12.0318 -3.09999 28.2072
    endloop
  endfacet
  facet normal 0 1 0
    outer loop
      vertex -12.0318 -3.09999 28.2072
      vertex -12.9984 -3.09999 26.0992
      vertex -12.1733 -3.09999 28.0681
    endloop
  endfacet
  facet normal 0 1 0
    outer loop
      vertex -12.1733 -3.09999 28.0681
      vertex -12.9984 -3.09999 26.0992
      vertex -12.3052 -3.09999 27.9199
    endloop
  endfacet
  facet normal 0 1 0
    outer loop
      vertex -12.3052 -3.09999 27.9199
      vertex -12.9984 -3.09999 26.0992
      vertex -12.4271 -3.09999 27.7634
    endloop
  endfacet
  facet normal 0 1 0
    outer loop
      vertex -12.4271 -3.09999 27.7634
      vertex -12.9984 -3.09999 26.0992
      vertex -12.5383 -3.09999 27.5991
    endloop
  endfacet
  facet normal 0 1 0
    outer loop
      vertex -12.5383 -3.09999 27.5991
      vertex -12.9984 -3.09999 26.0992
      vertex -12.6384 -3.09999 27.4278
    endloop
  endfacet
  facet normal 0 1 0
    outer loop
      vertex -12.6384 -3.09999 27.4278
      vertex -12.9984 -3.09999 26.0992
      vertex -12.727 -3.09999 27.2503
    endloop
  endfacet
  facet normal 0 1 0
    outer loop
      vertex -12.727 -3.09999 27.2503
      vertex -12.9984 -3.09999 26.0992
      vertex -12.8037 -3.09999 27.0674
    endloop
  endfacet
  facet normal 0 1 0
    outer loop
      vertex -12.8037 -3.09999 27.0674
      vertex -12.9984 -3.09999 26.0992
      vertex -12.8681 -3.09999 26.8797
    endloop
  endfacet
  facet normal 0 1 0
    outer loop
      vertex -12.8681 -3.09999 26.8797
      vertex -12.9984 -3.09999 26.0992
      vertex -12.92 -3.09999 26.6883
    endloop
  endfacet
  facet normal 0 1 0
    outer loop
      vertex -12.92 -3.09999 26.6883
      vertex -12.9984 -3.09999 26.0992
      vertex -12.9591 -3.09999 26.4938
    endloop
  endfacet
  facet normal 0 1 0
    outer loop
      vertex -12.9591 -3.09999 26.4938
      vertex -12.9984 -3.09999 26.0992
      vertex -12.9852 -3.09999 26.2971
    endloop
  endfacet
  facet normal 0 1 0
    outer loop
      vertex -10.4448 -3.09999 28.9668
      vertex -12.9984 -3.09999 26.0992
      vertex -10.6399 -3.09999 28.931
    endloop
  endfacet
  facet normal 0 1 0
    outer loop
      vertex -12.9984 -3.09999 26.0992
      vertex -10.0496 -3.09999 5.00041
      vertex -12.9984 -3.09999 7.90081
    endloop
  endfacet
  facet normal 0 1 0
    outer loop
      vertex -12.9984 -3.09999 7.90081
      vertex -10.0496 -3.09999 5.00041
      vertex -12.9852 -3.09999 7.70286
    endloop
  endfacet
  facet normal 0 1 0
    outer loop
      vertex -12.9852 -3.09999 7.70286
      vertex -10.0496 -3.09999 5.00041
      vertex -12.9591 -3.09999 7.50622
    endloop
  endfacet
  facet normal 0 1 0
    outer loop
      vertex -12.9591 -3.09999 7.50622
      vertex -10.0496 -3.09999 5.00041
      vertex -12.92 -3.09999 7.31173
    endloop
  endfacet
  facet normal 0 1 0
    outer loop
      vertex -12.92 -3.09999 7.31173
      vertex -10.0496 -3.09999 5.00041
      vertex -12.8681 -3.09999 7.12025
    endloop
  endfacet
  facet normal 0 1 0
    outer loop
      vertex -12.8681 -3.09999 7.12025
      vertex -10.0496 -3.09999 5.00041
      vertex -12.8037 -3.09999 6.93262
    endloop
  endfacet
  facet normal 0 1 0
    outer loop
      vertex -12.8037 -3.09999 6.93262
      vertex -10.0496 -3.09999 5.00041
      vertex -12.727 -3.09999 6.74965
    endloop
  endfacet
  facet normal 0 1 0
    outer loop
      vertex -12.727 -3.09999 6.74965
      vertex -10.0496 -3.09999 5.00041
      vertex -12.6384 -3.09999 6.57216
    endloop
  endfacet
  facet normal 0 1 0
    outer loop
      vertex -12.6384 -3.09999 6.57216
      vertex -10.0496 -3.09999 5.00041
      vertex -12.5383 -3.09999 6.4009
    endloop
  endfacet
  facet normal 0 1 0
    outer loop
      vertex -12.5383 -3.09999 6.4009
      vertex -10.0496 -3.09999 5.00041
      vertex -12.4271 -3.09999 6.23664
    endloop
  endfacet
  facet normal 0 1 0
    outer loop
      vertex -12.4271 -3.09999 6.23664
      vertex -10.0496 -3.09999 5.00041
      vertex -12.3052 -3.09999 6.08009
    endloop
  endfacet
  facet normal 0 1 0
    outer loop
      vertex -12.3052 -3.09999 6.08009
      vertex -10.0496 -3.09999 5.00041
      vertex -12.1733 -3.09999 5.93194
    endloop
  endfacet
  facet normal 0 1 0
    outer loop
      vertex -12.1733 -3.09999 5.93194
      vertex -10.0496 -3.09999 5.00041
      vertex -12.0318 -3.09999 5.79283
    endloop
  endfacet
  facet normal 0 1 0
    outer loop
      vertex -12.0318 -3.09999 5.79283
      vertex -10.0496 -3.09999 5.00041
      vertex -11.8815 -3.09999 5.66337
    endloop
  endfacet
  facet normal 0 1 0
    outer loop
      vertex -11.8815 -3.09999 5.66337
      vertex -10.0496 -3.09999 5.00041
      vertex -11.723 -3.09999 5.54412
    endloop
  endfacet
  facet normal 0 1 0
    outer loop
      vertex -11.723 -3.09999 5.54412
      vertex -10.0496 -3.09999 5.00041
      vertex -11.5569 -3.09999 5.43562
    endloop
  endfacet
  facet normal 0 1 0
    outer loop
      vertex -11.5569 -3.09999 5.43562
      vertex -10.0496 -3.09999 5.00041
      vertex -11.384 -3.09999 5.33833
    endloop
  endfacet
  facet normal 0 1 0
    outer loop
      vertex -11.384 -3.09999 5.33833
      vertex -10.0496 -3.09999 5.00041
      vertex -11.2051 -3.09999 5.25268
    endloop
  endfacet
  facet normal 0 1 0
    outer loop
      vertex -11.2051 -3.09999 5.25268
      vertex -10.0496 -3.09999 5.00041
      vertex -11.0209 -3.09999 5.17904
    endloop
  endfacet
  facet normal 0 1 0
    outer loop
      vertex -11.0209 -3.09999 5.17904
      vertex -10.0496 -3.09999 5.00041
      vertex -10.8322 -3.09999 5.11774
    endloop
  endfacet
  facet normal 0 1 0
    outer loop
      vertex -10.8322 -3.09999 5.11774
      vertex -10.0496 -3.09999 5.00041
      vertex -10.6399 -3.09999 5.06904
    endloop
  endfacet
  facet normal 0 1 0
    outer loop
      vertex -10.6399 -3.09999 5.06904
      vertex -10.0496 -3.09999 5.00041
      vertex -10.4448 -3.09999 5.03316
    endloop
  endfacet
  facet normal 0 1 0
    outer loop
      vertex -10.4448 -3.09999 5.03316
      vertex -10.0496 -3.09999 5.00041
      vertex -10.2477 -3.09999 5.01025
    endloop
  endfacet
  facet normal -0 1 0
    outer loop
      vertex -10.0496 -3.09999 5.00041
      vertex 12.5958 -3.09999 29
      vertex 12.5958 -3.09999 5.00001
    endloop
  endfacet
  facet normal -0.865992 -0.500057 0
    outer loop
      vertex 12.99 -2.38267 5
      vertex 12.5958 -1.7 29
      vertex 12.5958 -1.7 5.00001
    endloop
  endfacet
  facet normal -0.865992 -0.500057 0
    outer loop
      vertex 12.99 -2.38267 5
      vertex 12.99 -2.38267 29
      vertex 12.5958 -1.7 29
    endloop
  endfacet
  facet normal -0.866019 -0.500011 0
    outer loop
      vertex 13 -2.39999 5
      vertex 12.99 -2.38267 29
      vertex 12.99 -2.38267 5
    endloop
  endfacet
  facet normal -0.866019 -0.500011 0
    outer loop
      vertex 12.99 -2.38267 29
      vertex 13 -2.39999 5
      vertex 13 -2.39999 29
    endloop
  endfacet
  facet normal 0.707107 -0.707107 -5.98736e-05
    outer loop
      vertex -13.5 1.89999 94.3
      vertex -13.4989 1.90111 94.0638
      vertex -13.4978 1.90219 94.3
    endloop
  endfacet
  facet normal 0.890757 -0.454475 0.00199331
    outer loop
      vertex -13.5 1.89999 94.3
      vertex -13.4989 1.90106 94.0524
      vertex -13.4989 1.90111 94.0638
    endloop
  endfacet
  facet normal -0.00707086 0.999742 0.0216054
    outer loop
      vertex -13.4989 1.90106 94.0524
      vertex -13.4824 1.91756 93.2943
      vertex -13.4856 1.91438 93.4404
    endloop
  endfacet
  facet normal 0.707102 -0.707112 -2.23057e-07
    outer loop
      vertex -13.4989 1.90106 94.0524
      vertex -13.5 1.89999 -1
      vertex -13.4824 1.91756 93.2943
    endloop
  endfacet
  facet normal 0.697264 -0.716814 0
    outer loop
      vertex -13.5 1.89999 -1
      vertex -13.4989 1.90106 94.0524
      vertex -13.5 1.89999 94.3
    endloop
  endfacet
  facet normal 0.0695178 0 -0.997581
    outer loop
      vertex -13.4824 1.91756 93.2943
      vertex -13.425 1.97499 93.2983
      vertex -13.425 1.97498 93.2983
    endloop
  endfacet
  facet normal 0.707107 -0.707107 -2.24968e-07
    outer loop
      vertex -13.425 1.97499 -1
      vertex -13.4824 1.91756 93.2943
      vertex -13.5 1.89999 -1
    endloop
  endfacet
  facet normal 0.707291 -0.706922 0
    outer loop
      vertex -13.4824 1.91756 93.2943
      vertex -13.425 1.97499 -1
      vertex -13.425 1.97499 93.2983
    endloop
  endfacet
  facet normal 0 0 1
    outer loop
      vertex 13.425 1.97499 -1
      vertex 13.425 1.825 -1
      vertex 13.5 1.89999 -1
    endloop
  endfacet
  facet normal -0 0 1
    outer loop
      vertex -13.425 1.97499 -1
      vertex 13.425 1.825 -1
      vertex 13.425 1.97499 -1
    endloop
  endfacet
  facet normal 0 0 1
    outer loop
      vertex -13.425 1.97499 -1
      vertex -13.425 1.825 -1
      vertex 13.425 1.825 -1
    endloop
  endfacet
  facet normal 0 -0 1
    outer loop
      vertex -13.425 1.825 -1
      vertex -13.425 1.97499 -1
      vertex -13.5 1.89999 -1
    endloop
  endfacet
  facet normal -0.70706 0.707154 0
    outer loop
      vertex 13.5 1.89999 -1
      vertex 13.425 1.825 94.3
      vertex 13.5 1.89999 94.3
    endloop
  endfacet
  facet normal -0.70706 0.707154 0
    outer loop
      vertex 13.425 1.825 94.3
      vertex 13.5 1.89999 -1
      vertex 13.425 1.825 -1
    endloop
  endfacet
  facet normal -0 0 -1
    outer loop
      vertex 13.5 1.89999 94.3
      vertex 13.4496 1.854 94.3
      vertex 13.4978 1.90219 94.3
    endloop
  endfacet
  facet normal 0 0 -1
    outer loop
      vertex 13.425 1.825 94.3
      vertex 13.4496 1.854 94.3
      vertex 13.5 1.89999 94.3
    endloop
  endfacet
  facet normal 0 0 -1
    outer loop
      vertex 13.425 1.825 94.3
      vertex 13.425 1.82941 94.3
      vertex 13.4496 1.854 94.3
    endloop
  endfacet
  facet normal 0 0 -1
    outer loop
      vertex -13.425 1.825 94.3
      vertex 13.425 1.82941 94.3
      vertex 13.425 1.825 94.3
    endloop
  endfacet
  facet normal 0 0 -1
    outer loop
      vertex -13.425 1.825 94.3
      vertex -13.425 1.82941 94.3
      vertex 13.425 1.82941 94.3
    endloop
  endfacet
  facet normal 0 0 -1
    outer loop
      vertex -13.425 1.825 94.3
      vertex -13.4756 1.87997 94.3
      vertex -13.425 1.82941 94.3
    endloop
  endfacet
  facet normal 0 0 -1
    outer loop
      vertex -13.5 1.89999 94.3
      vertex -13.4756 1.87997 94.3
      vertex -13.425 1.825 94.3
    endloop
  endfacet
  facet normal 0 0 -1
    outer loop
      vertex -13.4756 1.87997 94.3
      vertex -13.5 1.89999 94.3
      vertex -13.4978 1.90219 94.3
    endloop
  endfacet
  facet normal 0 -1 0
    outer loop
      vertex -13.425 1.97499 -1
      vertex 13.425 1.97499 93.2983
      vertex -13.425 1.97499 93.2983
    endloop
  endfacet
  facet normal 0 -1 -0
    outer loop
      vertex 13.425 1.97499 93.2983
      vertex -13.425 1.97499 -1
      vertex 13.425 1.97499 -1
    endloop
  endfacet
  facet normal 0.70706 0.707154 -0
    outer loop
      vertex -13.425 1.825 -1
      vertex -13.5 1.89999 94.3
      vertex -13.425 1.825 94.3
    endloop
  endfacet
  facet normal 0.70706 0.707154 0
    outer loop
      vertex -13.5 1.89999 94.3
      vertex -13.425 1.825 -1
      vertex -13.5 1.89999 -1
    endloop
  endfacet
  facet normal 0 1 -0
    outer loop
      vertex 13.425 1.825 -1
      vertex -13.425 1.825 94.3
      vertex 13.425 1.825 94.3
    endloop
  endfacet
  facet normal 0 1 0
    outer loop
      vertex -13.425 1.825 94.3
      vertex 13.425 1.825 -1
      vertex -13.425 1.825 -1
    endloop
  endfacet
  facet normal -0.707291 -0.706922 -0
    outer loop
      vertex 13.425 1.97499 93.2983
      vertex 13.425 1.97499 -1
      vertex 13.4824 1.91756 93.2943
    endloop
  endfacet
  facet normal -0.707107 -0.707107 8.56753e-05
    outer loop
      vertex 13.4989 1.90106 94.0524
      vertex 13.5 1.89999 94.3
      vertex 13.4978 1.90219 94.3
    endloop
  endfacet
  facet normal -0.707107 -0.707107 -2.24968e-07
    outer loop
      vertex 13.5 1.89999 -1
      vertex 13.4824 1.91756 93.2943
      vertex 13.425 1.97499 -1
    endloop
  endfacet
  facet normal -0.706885 -0.707328 -1.42323e-07
    outer loop
      vertex 13.4824 1.91756 93.2943
      vertex 13.5 1.89999 -1
      vertex 13.4986 1.90137 94.0385
    endloop
  endfacet
  facet normal -0.718591 -0.695433 -4.87493e-07
    outer loop
      vertex 13.4986 1.90137 94.0385
      vertex 13.5 1.89999 -1
      vertex 13.4989 1.90106 94.0524
    endloop
  endfacet
  facet normal -0.697264 -0.716814 0
    outer loop
      vertex 13.4989 1.90106 94.0524
      vertex 13.5 1.89999 -1
      vertex 13.5 1.89999 94.3
    endloop
  endfacet
  facet normal -0 0.545902 0.837849
    outer loop
      vertex -13.425 28.431 86.4029
      vertex 13.425 28.3053 86.4848
      vertex 13.425 28.431 86.4029
    endloop
  endfacet
  facet normal 0 0.545902 0.837849
    outer loop
      vertex 13.425 28.3053 86.4848
      vertex -13.425 28.431 86.4029
      vertex -13.425 28.3053 86.4848
    endloop
  endfacet
  facet normal 0.000194632 0.545902 0.837849
    outer loop
      vertex 13.425 28.431 86.4029
      vertex 13.425 28.3053 86.4848
      vertex 13.5 28.3682 86.4438
    endloop
  endfacet
  facet normal -0.000194632 0.545902 0.837849
    outer loop
      vertex -13.425 28.431 86.4029
      vertex -13.5 28.3682 86.4438
      vertex -13.425 28.3053 86.4848
    endloop
  endfacet
  facet normal 0 -0.0686059 0.997644
    outer loop
      vertex 13.425 2.00989 93.3007
      vertex -13.425 1.97499 93.2983
      vertex 13.425 1.97499 93.2983
    endloop
  endfacet
  facet normal 0 -0.0686059 0.997644
    outer loop
      vertex -13.425 2.00989 93.3007
      vertex -13.425 1.97499 93.2983
      vertex 13.425 2.00989 93.3007
    endloop
  endfacet
  facet normal 1 0 -0
    outer loop
      vertex -13.425 1.97499 93.2983
      vertex -13.425 2.00989 93.3007
      vertex -13.425 1.97498 93.2983
    endloop
  endfacet
  facet normal 0.000737894 -0.0686059 0.997644
    outer loop
      vertex 13.425 1.97499 93.2983
      vertex 13.5 1.93508 93.2955
      vertex 13.425 2.00989 93.3007
    endloop
  endfacet
  facet normal 0.00057589 -0.0689088 0.997623
    outer loop
      vertex 13.5 1.93508 93.2955
      vertex 13.425 1.97499 93.2983
      vertex 13.4824 1.91756 93.2943
    endloop
  endfacet
  facet normal -0.000757498 -0.0685863 0.997645
    outer loop
      vertex -13.5 1.93508 93.2955
      vertex -13.425 1.97498 93.2983
      vertex -13.425 2.00989 93.3007
    endloop
  endfacet
  facet normal -0.000581877 -0.0689148 0.997622
    outer loop
      vertex -13.425 1.97498 93.2983
      vertex -13.5 1.93508 93.2955
      vertex -13.4824 1.91756 93.2943
    endloop
  endfacet
  facet normal 0.707368 0.602325 -0.369911
    outer loop
      vertex -13.425 28.3053 86.4848
      vertex -13.5 28.3682 86.4438
      vertex -13.425 28.6997 87.127
    endloop
  endfacet
  facet normal 0.707016 0.602663 -0.370036
    outer loop
      vertex -13.425 28.6997 87.127
      vertex -13.5 28.3682 86.4438
      vertex -13.5 28.7646 87.0894
    endloop
  endfacet
  facet normal 0 0.852132 -0.523327
    outer loop
      vertex 13.425 28.3053 86.4848
      vertex -13.425 28.6997 87.127
      vertex 13.425 28.6997 87.127
    endloop
  endfacet
  facet normal 0 0.852132 -0.523327
    outer loop
      vertex -13.425 28.6997 87.127
      vertex 13.425 28.3053 86.4848
      vertex -13.425 28.3053 86.4848
    endloop
  endfacet
  facet normal -0.707367 0.602363 -0.369852
    outer loop
      vertex 13.5 28.3682 86.4438
      vertex 13.425 28.3053 86.4848
      vertex 13.5 28.7646 87.0894
    endloop
  endfacet
  facet normal -0.707015 0.602627 -0.370096
    outer loop
      vertex 13.5 28.7646 87.0894
      vertex 13.425 28.3053 86.4848
      vertex 13.425 28.6997 87.127
    endloop
  endfacet
  facet normal -0.70672 -0.602868 0.370267
    outer loop
      vertex 13.425 28.8296 87.0519
      vertex 13.425 28.431 86.4029
      vertex 13.5 28.3682 86.4438
    endloop
  endfacet
  facet normal -0.707171 -0.60253 0.369955
    outer loop
      vertex 13.5 28.7646 87.0894
      vertex 13.425 28.8296 87.0519
      vertex 13.5 28.3682 86.4438
    endloop
  endfacet
  facet normal 0 -0.852118 0.52335
    outer loop
      vertex -13.425 28.431 86.4029
      vertex 13.425 28.8296 87.0519
      vertex -13.425 28.8296 87.0519
    endloop
  endfacet
  facet normal 0 -0.852118 0.52335
    outer loop
      vertex 13.425 28.8296 87.0519
      vertex -13.425 28.431 86.4029
      vertex 13.425 28.431 86.4029
    endloop
  endfacet
  facet normal 0.706719 -0.602915 0.370191
    outer loop
      vertex -13.5 28.7646 87.0894
      vertex -13.5 28.3682 86.4438
      vertex -13.425 28.431 86.4029
    endloop
  endfacet
  facet normal 0.707169 -0.602485 0.370032
    outer loop
      vertex -13.425 28.8296 87.0519
      vertex -13.5 28.7646 87.0894
      vertex -13.425 28.431 86.4029
    endloop
  endfacet
  facet normal 0.707003 0.621248 -0.337932
    outer loop
      vertex -13.425 28.6997 87.127
      vertex -13.5 28.7646 87.0894
      vertex -13.425 29.0598 87.789
    endloop
  endfacet
  facet normal 0.706762 0.621482 -0.338005
    outer loop
      vertex -13.425 29.0598 87.789
      vertex -13.5 28.7646 87.0894
      vertex -13.5 29.1266 87.755
    endloop
  endfacet
  facet normal 0 0.878448 -0.477838
    outer loop
      vertex 13.425 28.6997 87.127
      vertex -13.425 29.0598 87.789
      vertex 13.425 29.0598 87.789
    endloop
  endfacet
  facet normal 0 0.878448 -0.477838
    outer loop
      vertex -13.425 29.0598 87.789
      vertex 13.425 28.6997 87.127
      vertex -13.425 28.6997 87.127
    endloop
  endfacet
  facet normal -0.707002 0.621271 -0.337891
    outer loop
      vertex 13.5 28.7646 87.0894
      vertex 13.425 28.6997 87.127
      vertex 13.5 29.1266 87.755
    endloop
  endfacet
  facet normal -0.706762 0.621459 -0.338048
    outer loop
      vertex 13.5 29.1266 87.755
      vertex 13.425 28.6997 87.127
      vertex 13.425 29.0598 87.789
    endloop
  endfacet
  facet normal -0.707191 -0.621125 0.337766
    outer loop
      vertex 13.425 29.1934 87.7209
      vertex 13.425 28.8296 87.0519
      vertex 13.5 28.7646 87.0894
    endloop
  endfacet
  facet normal -0.706988 -0.621284 0.337898
    outer loop
      vertex 13.5 29.1266 87.755
      vertex 13.425 29.1934 87.7209
      vertex 13.5 28.7646 87.0894
    endloop
  endfacet
  facet normal 0 -0.878507 0.477729
    outer loop
      vertex -13.425 28.8296 87.0519
      vertex 13.425 29.1934 87.7209
      vertex -13.425 29.1934 87.7209
    endloop
  endfacet
  facet normal 0 -0.878507 0.477729
    outer loop
      vertex 13.425 29.1934 87.7209
      vertex -13.425 28.8296 87.0519
      vertex 13.425 28.8296 87.0519
    endloop
  endfacet
  facet normal 0.707191 -0.621105 0.3378
    outer loop
      vertex -13.5 29.1266 87.755
      vertex -13.5 28.7646 87.0894
      vertex -13.425 28.8296 87.0519
    endloop
  endfacet
  facet normal 0.706988 -0.621303 0.337862
    outer loop
      vertex -13.425 29.1934 87.7209
      vertex -13.5 29.1266 87.755
      vertex -13.425 28.8296 87.0519
    endloop
  endfacet
  facet normal 0.706781 0.638369 -0.30487
    outer loop
      vertex -13.425 29.0598 87.789
      vertex -13.5 29.1266 87.755
      vertex -13.425 29.3846 88.4691
    endloop
  endfacet
  facet normal 0.706902 0.638249 -0.30484
    outer loop
      vertex -13.425 29.3846 88.4691
      vertex -13.5 29.1266 87.755
      vertex -13.5 29.4531 88.4386
    endloop
  endfacet
  facet normal 0 0.902374 -0.430953
    outer loop
      vertex 13.425 29.0598 87.789
      vertex -13.425 29.3846 88.4691
      vertex 13.425 29.3846 88.4691
    endloop
  endfacet
  facet normal 0 0.902374 -0.430953
    outer loop
      vertex -13.425 29.3846 88.4691
      vertex 13.425 29.0598 87.789
      vertex -13.425 29.0598 87.789
    endloop
  endfacet
  facet normal -0.706782 0.638358 -0.304892
    outer loop
      vertex 13.5 29.1266 87.755
      vertex 13.425 29.0598 87.789
      vertex 13.5 29.4531 88.4386
    endloop
  endfacet
  facet normal -0.706903 0.638259 -0.304818
    outer loop
      vertex 13.5 29.4531 88.4386
      vertex 13.425 29.0598 87.789
      vertex 13.425 29.3846 88.4691
    endloop
  endfacet
  facet normal -0.706985 -0.638182 0.304789
    outer loop
      vertex 13.425 29.5216 88.4081
      vertex 13.425 29.1934 87.7209
      vertex 13.5 29.1266 87.755
    endloop
  endfacet
  facet normal -0.706902 -0.638249 0.30484
    outer loop
      vertex 13.5 29.4531 88.4386
      vertex 13.425 29.5216 88.4081
      vertex 13.5 29.1266 87.755
    endloop
  endfacet
  facet normal 0 -0.90237 0.430963
    outer loop
      vertex -13.425 29.1934 87.7209
      vertex 13.425 29.5216 88.4081
      vertex -13.425 29.5216 88.4081
    endloop
  endfacet
  facet normal 0 -0.90237 0.430963
    outer loop
      vertex 13.425 29.5216 88.4081
      vertex -13.425 29.1934 87.7209
      vertex 13.425 29.1934 87.7209
    endloop
  endfacet
  facet normal 0.706985 -0.638175 0.304804
    outer loop
      vertex -13.5 29.4531 88.4386
      vertex -13.5 29.1266 87.755
      vertex -13.425 29.1934 87.7209
    endloop
  endfacet
  facet normal 0.706903 -0.638256 0.304825
    outer loop
      vertex -13.425 29.5216 88.4081
      vertex -13.5 29.4531 88.4386
      vertex -13.425 29.1934 87.7209
    endloop
  endfacet
  facet normal 0.706909 0.653404 -0.27082
    outer loop
      vertex -13.425 29.3846 88.4691
      vertex -13.5 29.4531 88.4386
      vertex -13.425 29.6732 89.1654
    endloop
  endfacet
  facet normal 0.706943 0.653369 -0.270814
    outer loop
      vertex -13.425 29.6732 89.1654
      vertex -13.5 29.4531 88.4386
      vertex -13.5 29.7432 89.1385
    endloop
  endfacet
  facet normal 0 0.923794 -0.382891
    outer loop
      vertex 13.425 29.3846 88.4691
      vertex -13.425 29.6732 89.1654
      vertex 13.425 29.6732 89.1654
    endloop
  endfacet
  facet normal 0 0.923794 -0.382891
    outer loop
      vertex -13.425 29.6732 89.1654
      vertex 13.425 29.3846 88.4691
      vertex -13.425 29.3846 88.4691
    endloop
  endfacet
  facet normal -0.706909 0.653401 -0.270827
    outer loop
      vertex 13.5 29.4531 88.4386
      vertex 13.425 29.3846 88.4691
      vertex 13.5 29.7432 89.1385
    endloop
  endfacet
  facet normal -0.706943 0.653372 -0.270807
    outer loop
      vertex 13.5 29.7432 89.1385
      vertex 13.425 29.3846 88.4691
      vertex 13.425 29.6732 89.1654
    endloop
  endfacet
  facet normal -0.706909 -0.653398 0.270833
    outer loop
      vertex 13.425 29.8132 89.1116
      vertex 13.425 29.5216 88.4081
      vertex 13.5 29.4531 88.4386
    endloop
  endfacet
  facet normal -0.706943 -0.653369 0.270814
    outer loop
      vertex 13.5 29.7432 89.1385
      vertex 13.425 29.8132 89.1116
      vertex 13.5 29.4531 88.4386
    endloop
  endfacet
  facet normal 0 -0.923786 0.382908
    outer loop
      vertex -13.425 29.5216 88.4081
      vertex 13.425 29.8132 89.1116
      vertex -13.425 29.8132 89.1116
    endloop
  endfacet
  facet normal 0 -0.923786 0.382908
    outer loop
      vertex 13.425 29.8132 89.1116
      vertex -13.425 29.5216 88.4081
      vertex 13.425 29.5216 88.4081
    endloop
  endfacet
  facet normal 0.706909 -0.653401 0.270827
    outer loop
      vertex -13.5 29.7432 89.1385
      vertex -13.5 29.4531 88.4386
      vertex -13.425 29.5216 88.4081
    endloop
  endfacet
  facet normal 0.706943 -0.653367 0.27082
    outer loop
      vertex -13.425 29.8132 89.1116
      vertex -13.5 29.7432 89.1385
      vertex -13.425 29.5216 88.4081
    endloop
  endfacet
  facet normal 0.706938 0.666727 -0.236039
    outer loop
      vertex -13.425 29.6732 89.1654
      vertex -13.5 29.7432 89.1385
      vertex -13.425 29.9247 89.8758
    endloop
  endfacet
  facet normal 0.706737 0.66693 -0.236068
    outer loop
      vertex -13.425 29.9247 89.8758
      vertex -13.5 29.7432 89.1385
      vertex -13.5 29.996 89.8527
    endloop
  endfacet
  facet normal 0 0.942669 -0.333729
    outer loop
      vertex 13.425 29.6732 89.1654
      vertex -13.425 29.9247 89.8758
      vertex 13.425 29.9247 89.8758
    endloop
  endfacet
  facet normal 0 0.942669 -0.333729
    outer loop
      vertex -13.425 29.9247 89.8758
      vertex 13.425 29.6732 89.1654
      vertex -13.425 29.6732 89.1654
    endloop
  endfacet
  facet normal -0.706937 0.666741 -0.236001
    outer loop
      vertex 13.5 29.7432 89.1385
      vertex 13.425 29.6732 89.1654
      vertex 13.5 29.996 89.8527
    endloop
  endfacet
  facet normal -0.706736 0.666917 -0.236106
    outer loop
      vertex 13.5 29.996 89.8527
      vertex 13.425 29.6732 89.1654
      vertex 13.425 29.9247 89.8758
    endloop
  endfacet
  facet normal -0.706938 -0.666713 0.236075
    outer loop
      vertex 13.425 30.0674 89.8295
      vertex 13.425 29.8132 89.1116
      vertex 13.5 29.7432 89.1385
    endloop
  endfacet
  facet normal -0.707339 -0.666362 0.235867
    outer loop
      vertex 13.5 29.996 89.8527
      vertex 13.425 30.0674 89.8295
      vertex 13.5 29.7432 89.1385
    endloop
  endfacet
  facet normal 0 -0.94265 0.333782
    outer loop
      vertex -13.425 29.8132 89.1116
      vertex 13.425 30.0674 89.8295
      vertex -13.425 30.0674 89.8295
    endloop
  endfacet
  facet normal 0 -0.94265 0.333782
    outer loop
      vertex 13.425 30.0674 89.8295
      vertex -13.425 29.8132 89.1116
      vertex 13.425 29.8132 89.1116
    endloop
  endfacet
  facet normal 0.706937 -0.666741 0.236001
    outer loop
      vertex -13.5 29.996 89.8527
      vertex -13.5 29.7432 89.1385
      vertex -13.425 29.8132 89.1116
    endloop
  endfacet
  facet normal 0.707338 -0.666337 0.235942
    outer loop
      vertex -13.425 30.0674 89.8295
      vertex -13.5 29.996 89.8527
      vertex -13.425 29.8132 89.1116
    endloop
  endfacet
  facet normal 0.706748 0.678402 -0.200695
    outer loop
      vertex -13.425 29.9247 89.8758
      vertex -13.5 29.996 89.8527
      vertex -13.425 30.1385 90.5985
    endloop
  endfacet
  facet normal 0.707223 0.677919 -0.200651
    outer loop
      vertex -13.425 30.1385 90.5985
      vertex -13.5 29.996 89.8527
      vertex -13.5 30.211 90.5791
    endloop
  endfacet
  facet normal 0 0.958918 -0.283682
    outer loop
      vertex 13.425 29.9247 89.8758
      vertex -13.425 30.1385 90.5985
      vertex 13.425 30.1385 90.5985
    endloop
  endfacet
  facet normal 0 0.958918 -0.283682
    outer loop
      vertex -13.425 30.1385 90.5985
      vertex 13.425 29.9247 89.8758
      vertex -13.425 29.9247 89.8758
    endloop
  endfacet
  facet normal -0.706749 0.678374 -0.200785
    outer loop
      vertex 13.5 29.996 89.8527
      vertex 13.425 29.9247 89.8758
      vertex 13.5 30.211 90.5791
    endloop
  endfacet
  facet normal -0.707225 0.677945 -0.20056
    outer loop
      vertex 13.5 30.211 90.5791
      vertex 13.425 29.9247 89.8758
      vertex 13.425 30.1385 90.5985
    endloop
  endfacet
  facet normal -0.707333 -0.677853 0.200488
    outer loop
      vertex 13.425 30.2834 90.5598
      vertex 13.425 30.0674 89.8295
      vertex 13.5 29.996 89.8527
    endloop
  endfacet
  facet normal -0.706637 -0.678481 0.200817
    outer loop
      vertex 13.5 30.211 90.5791
      vertex 13.425 30.2834 90.5598
      vertex 13.5 29.996 89.8527
    endloop
  endfacet
  facet normal 0 -0.958936 0.283623
    outer loop
      vertex -13.425 30.0674 89.8295
      vertex 13.425 30.2834 90.5598
      vertex -13.425 30.2834 90.5598
    endloop
  endfacet
  facet normal 0 -0.958936 0.283623
    outer loop
      vertex 13.425 30.2834 90.5598
      vertex -13.425 30.0674 89.8295
      vertex 13.425 30.0674 89.8295
    endloop
  endfacet
  facet normal 0.707335 -0.677812 0.200619
    outer loop
      vertex -13.5 30.211 90.5791
      vertex -13.5 29.996 89.8527
      vertex -13.425 30.0674 89.8295
    endloop
  endfacet
  facet normal 0.706639 -0.678518 0.200685
    outer loop
      vertex -13.425 30.2834 90.5598
      vertex -13.5 30.211 90.5791
      vertex -13.425 30.0674 89.8295
    endloop
  endfacet
  facet normal 0.707222 0.687559 -0.16462
    outer loop
      vertex -13.425 30.1385 90.5985
      vertex -13.5 30.211 90.5791
      vertex -13.425 30.314 91.3315
    endloop
  endfacet
  facet normal 0.707177 0.687605 -0.164622
    outer loop
      vertex -13.425 30.314 91.3315
      vertex -13.5 30.211 90.5791
      vertex -13.5 30.3874 91.3159
    endloop
  endfacet
  facet normal 0 0.972514 -0.232846
    outer loop
      vertex 13.425 30.1385 90.5985
      vertex -13.425 30.314 91.3315
      vertex 13.425 30.314 91.3315
    endloop
  endfacet
  facet normal 0 0.972514 -0.232846
    outer loop
      vertex -13.425 30.314 91.3315
      vertex 13.425 30.1385 90.5985
      vertex -13.425 30.1385 90.5985
    endloop
  endfacet
  facet normal -0.707222 0.687561 -0.164612
    outer loop
      vertex 13.5 30.211 90.5791
      vertex 13.425 30.1385 90.5985
      vertex 13.5 30.3874 91.3159
    endloop
  endfacet
  facet normal -0.707177 0.687603 -0.164631
    outer loop
      vertex 13.5 30.3874 91.3159
      vertex 13.425 30.1385 90.5985
      vertex 13.425 30.314 91.3315
    endloop
  endfacet
  facet normal -0.706654 -0.688094 0.164823
    outer loop
      vertex 13.425 30.4608 91.3004
      vertex 13.425 30.2834 90.5598
      vertex 13.5 30.211 90.5791
    endloop
  endfacet
  facet normal -0.707067 -0.687711 0.164648
    outer loop
      vertex 13.5 30.3874 91.3159
      vertex 13.425 30.4608 91.3004
      vertex 13.5 30.211 90.5791
    endloop
  endfacet
  facet normal 0 -0.97249 0.232946
    outer loop
      vertex -13.425 30.2834 90.5598
      vertex 13.425 30.4608 91.3004
      vertex -13.425 30.4608 91.3004
    endloop
  endfacet
  facet normal 0 -0.97249 0.232946
    outer loop
      vertex 13.425 30.4608 91.3004
      vertex -13.425 30.2834 90.5598
      vertex 13.425 30.2834 90.5598
    endloop
  endfacet
  facet normal 0.706653 -0.688114 0.164744
    outer loop
      vertex -13.5 30.3874 91.3159
      vertex -13.5 30.211 90.5791
      vertex -13.425 30.2834 90.5598
    endloop
  endfacet
  facet normal 0.707066 -0.687693 0.164727
    outer loop
      vertex -13.425 30.4608 91.3004
      vertex -13.5 30.3874 91.3159
      vertex -13.425 30.2834 90.5598
    endloop
  endfacet
  facet normal 0.707165 0.695302 -0.128346
    outer loop
      vertex -13.425 30.314 91.3315
      vertex -13.5 30.3874 91.3159
      vertex -13.425 30.4508 92.0726
    endloop
  endfacet
  facet normal 0.707073 0.695396 -0.128345
    outer loop
      vertex -13.425 30.4508 92.0726
      vertex -13.5 30.3874 91.3159
      vertex -13.5 30.5249 92.0609
    endloop
  endfacet
  facet normal 0 0.983387 -0.181524
    outer loop
      vertex 13.425 30.314 91.3315
      vertex -13.425 30.4508 92.0726
      vertex 13.425 30.4508 92.0726
    endloop
  endfacet
  facet normal 0 0.983387 -0.181524
    outer loop
      vertex -13.425 30.4508 92.0726
      vertex 13.425 30.314 91.3315
      vertex -13.425 30.314 91.3315
    endloop
  endfacet
  facet normal -0.707165 0.695306 -0.128328
    outer loop
      vertex 13.5 30.3874 91.3159
      vertex 13.425 30.314 91.3315
      vertex 13.5 30.5249 92.0609
    endloop
  endfacet
  facet normal -0.707073 0.695393 -0.128363
    outer loop
      vertex 13.5 30.5249 92.0609
      vertex 13.425 30.314 91.3315
      vertex 13.425 30.4508 92.0726
    endloop
  endfacet
  facet normal -0.707078 -0.695411 0.128236
    outer loop
      vertex 13.425 30.5989 92.0493
      vertex 13.425 30.4608 91.3004
      vertex 13.5 30.3874 91.3159
    endloop
  endfacet
  facet normal -0.706523 -0.695936 0.128445
    outer loop
      vertex 13.5 30.5249 92.0609
      vertex 13.425 30.5989 92.0493
      vertex 13.5 30.3874 91.3159
    endloop
  endfacet
  facet normal 0 -0.983419 0.181346
    outer loop
      vertex -13.425 30.4608 91.3004
      vertex 13.425 30.5989 92.0493
      vertex -13.425 30.5989 92.0493
    endloop
  endfacet
  facet normal 0 -0.983419 0.181346
    outer loop
      vertex 13.425 30.5989 92.0493
      vertex -13.425 30.4608 91.3004
      vertex 13.425 30.4608 91.3004
    endloop
  endfacet
  facet normal 0.707079 -0.69539 0.128344
    outer loop
      vertex -13.5 30.5249 92.0609
      vertex -13.5 30.3874 91.3159
      vertex -13.425 30.4608 91.3004
    endloop
  endfacet
  facet normal 0.706525 -0.695955 0.128337
    outer loop
      vertex -13.425 30.5989 92.0493
      vertex -13.5 30.5249 92.0609
      vertex -13.425 30.4608 91.3004
    endloop
  endfacet
  facet normal 0.707064 0.701207 -0.0914862
    outer loop
      vertex -13.425 30.4508 92.0726
      vertex -13.5 30.5249 92.0609
      vertex -13.425 30.5483 92.8199
    endloop
  endfacet
  facet normal 0.706962 0.70131 -0.0914793
    outer loop
      vertex -13.425 30.5483 92.8199
      vertex -13.5 30.5249 92.0609
      vertex -13.5 30.6229 92.8122
    endloop
  endfacet
  facet normal 0 0.991596 -0.129373
    outer loop
      vertex 13.425 30.4508 92.0726
      vertex -13.425 30.5483 92.8199
      vertex 13.425 30.5483 92.8199
    endloop
  endfacet
  facet normal 0 0.991596 -0.129373
    outer loop
      vertex -13.425 30.5483 92.8199
      vertex 13.425 30.4508 92.0726
      vertex -13.425 30.4508 92.0726
    endloop
  endfacet
  facet normal -0.707064 0.70121 -0.0914662
    outer loop
      vertex 13.5 30.5249 92.0609
      vertex 13.425 30.4508 92.0726
      vertex 13.5 30.6229 92.8122
    endloop
  endfacet
  facet normal -0.706962 0.701308 -0.0914994
    outer loop
      vertex 13.5 30.6229 92.8122
      vertex 13.425 30.4508 92.0726
      vertex 13.425 30.5483 92.8199
    endloop
  endfacet
  facet normal -0.706536 -0.70172 0.0916297
    outer loop
      vertex 13.425 30.6975 92.8044
      vertex 13.425 30.5989 92.0493
      vertex 13.5 30.5249 92.0609
    endloop
  endfacet
  facet normal -0.707023 -0.70125 0.0914714
    outer loop
      vertex 13.5 30.6229 92.8122
      vertex 13.425 30.6975 92.8044
      vertex 13.5 30.5249 92.0609
    endloop
  endfacet
  facet normal 0 -0.991582 0.12948
    outer loop
      vertex -13.425 30.5989 92.0493
      vertex 13.425 30.6975 92.8044
      vertex -13.425 30.6975 92.8044
    endloop
  endfacet
  facet normal 0 -0.991582 0.12948
    outer loop
      vertex 13.425 30.6975 92.8044
      vertex -13.425 30.5989 92.0493
      vertex 13.425 30.5989 92.0493
    endloop
  endfacet
  facet normal 0.706535 -0.701734 0.0915345
    outer loop
      vertex -13.5 30.6229 92.8122
      vertex -13.5 30.5249 92.0609
      vertex -13.425 30.5989 92.0493
    endloop
  endfacet
  facet normal 0.707022 -0.701239 0.0915669
    outer loop
      vertex -13.425 30.6975 92.8044
      vertex -13.5 30.6229 92.8122
      vertex -13.425 30.5989 92.0493
    endloop
  endfacet
  facet normal 0.706974 0.705127 -0.0546159
    outer loop
      vertex -13.425 30.5483 92.8199
      vertex -13.5 30.6229 92.8122
      vertex -13.425 30.6065 93.5713
    endloop
  endfacet
  facet normal 0.706964 0.705137 -0.0546148
    outer loop
      vertex -13.425 30.6065 93.5713
      vertex -13.5 30.6229 92.8122
      vertex -13.5 30.6814 93.5675
    endloop
  endfacet
  facet normal 0 0.997014 -0.0772241
    outer loop
      vertex 13.425 30.5483 92.8199
      vertex -13.425 30.6065 93.5713
      vertex 13.425 30.6065 93.5713
    endloop
  endfacet
  facet normal 0 0.997014 -0.0772241
    outer loop
      vertex -13.425 30.6065 93.5713
      vertex 13.425 30.5483 92.8199
      vertex -13.425 30.5483 92.8199
    endloop
  endfacet
  facet normal -0.706974 0.705128 -0.054614
    outer loop
      vertex 13.5 30.6229 92.8122
      vertex 13.425 30.5483 92.8199
      vertex 13.5 30.6814 93.5675
    endloop
  endfacet
  facet normal -0.706964 0.705137 -0.0546167
    outer loop
      vertex 13.5 30.6814 93.5675
      vertex 13.425 30.5483 92.8199
      vertex 13.425 30.6065 93.5713
    endloop
  endfacet
  facet normal -0.70701 -0.705092 0.0546022
    outer loop
      vertex 13.425 30.7563 93.5637
      vertex 13.425 30.6975 92.8044
      vertex 13.5 30.6229 92.8122
    endloop
  endfacet
  facet normal -0.706964 -0.705137 0.0546148
    outer loop
      vertex 13.5 30.6814 93.5675
      vertex 13.425 30.7563 93.5637
      vertex 13.5 30.6229 92.8122
    endloop
  endfacet
  facet normal 0 -0.997015 0.0772086
    outer loop
      vertex -13.425 30.6975 92.8044
      vertex 13.425 30.7563 93.5637
      vertex -13.425 30.7563 93.5637
    endloop
  endfacet
  facet normal 0 -0.997015 0.0772086
    outer loop
      vertex 13.425 30.7563 93.5637
      vertex -13.425 30.6975 92.8044
      vertex 13.425 30.6975 92.8044
    endloop
  endfacet
  facet normal 0.70701 -0.705091 0.0546112
    outer loop
      vertex -13.5 30.6814 93.5675
      vertex -13.5 30.6229 92.8122
      vertex -13.425 30.6975 92.8044
    endloop
  endfacet
  facet normal 0.706964 -0.705138 0.0546057
    outer loop
      vertex -13.425 30.7563 93.5637
      vertex -13.5 30.6814 93.5675
      vertex -13.425 30.6975 92.8044
    endloop
  endfacet
  facet normal 0.706969 0.707032 -0.0173591
    outer loop
      vertex -13.425 30.6065 93.5713
      vertex -13.5 30.6814 93.5675
      vertex -13.425 30.625 94.3248
    endloop
  endfacet
  facet normal 0.706989 0.707012 -0.0173626
    outer loop
      vertex -13.425 30.625 94.3248
      vertex -13.5 30.6814 93.5675
      vertex -13.5 30.7 94.3249
    endloop
  endfacet
  facet normal 0 0.999699 -0.0245447
    outer loop
      vertex 13.425 30.6065 93.5713
      vertex -13.425 30.625 94.3248
      vertex 13.425 30.625 94.3248
    endloop
  endfacet
  facet normal 0 0.999699 -0.0245447
    outer loop
      vertex -13.425 30.625 94.3248
      vertex 13.425 30.6065 93.5713
      vertex -13.425 30.6065 93.5713
    endloop
  endfacet
  facet normal -0.706969 0.707032 -0.0173631
    outer loop
      vertex 13.5 30.6814 93.5675
      vertex 13.425 30.6065 93.5713
      vertex 13.5 30.7 94.3249
    endloop
  endfacet
  facet normal -0.706989 0.707012 -0.0173586
    outer loop
      vertex 13.5 30.7 94.3249
      vertex 13.425 30.6065 93.5713
      vertex 13.425 30.625 94.3248
    endloop
  endfacet
  facet normal -0.706969 -0.707032 0.017367
    outer loop
      vertex 13.425 30.775 94.325
      vertex 13.425 30.7563 93.5637
      vertex 13.5 30.6814 93.5675
    endloop
  endfacet
  facet normal -0.706989 -0.707012 0.0173626
    outer loop
      vertex 13.5 30.7 94.3249
      vertex 13.425 30.775 94.325
      vertex 13.5 30.6814 93.5675
    endloop
  endfacet
  facet normal 0 -0.999698 0.0245558
    outer loop
      vertex -13.425 30.7563 93.5637
      vertex 13.425 30.775 94.325
      vertex -13.425 30.775 94.325
    endloop
  endfacet
  facet normal 0 -0.999698 0.0245558
    outer loop
      vertex 13.425 30.775 94.325
      vertex -13.425 30.7563 93.5637
      vertex 13.425 30.7563 93.5637
    endloop
  endfacet
  facet normal 0.706969 -0.707032 0.0173631
    outer loop
      vertex -13.5 30.7 94.3249
      vertex -13.5 30.6814 93.5675
      vertex -13.425 30.7563 93.5637
    endloop
  endfacet
  facet normal 0.706989 -0.707012 0.0173665
    outer loop
      vertex -13.425 30.775 94.325
      vertex -13.5 30.7 94.3249
      vertex -13.425 30.7563 93.5637
    endloop
  endfacet
  facet normal 0.70698 0.706954 0.0198957
    outer loop
      vertex -13.425 30.625 94.3248
      vertex -13.5 30.7 94.3249
      vertex -13.425 30.6038 95.0781
    endloop
  endfacet
  facet normal 0.707039 0.706895 0.0198823
    outer loop
      vertex -13.5 30.7 94.3249
      vertex -13.5 30.6787 95.0822
      vertex -13.425 30.6038 95.0781
    endloop
  endfacet
  facet normal 0 0.999604 0.0281317
    outer loop
      vertex 13.425 30.625 94.3248
      vertex -13.425 30.6038 95.0781
      vertex 13.425 30.6038 95.0781
    endloop
  endfacet
  facet normal 0 0.999604 0.0281317
    outer loop
      vertex -13.425 30.6038 95.0781
      vertex 13.425 30.625 94.3248
      vertex -13.425 30.625 94.3248
    endloop
  endfacet
  facet normal -0.70698 0.706954 0.0198839
    outer loop
      vertex 13.5 30.7 94.3249
      vertex 13.425 30.625 94.3248
      vertex 13.5 30.6787 95.0822
    endloop
  endfacet
  facet normal -0.707039 0.706894 0.019894
    outer loop
      vertex 13.425 30.625 94.3248
      vertex 13.425 30.6038 95.0781
      vertex 13.5 30.6787 95.0822
    endloop
  endfacet
  facet normal -0.70698 -0.706954 -0.0198723
    outer loop
      vertex 13.5 30.7 94.3249
      vertex 13.425 30.7536 95.0863
      vertex 13.425 30.775 94.325
    endloop
  endfacet
  facet normal -0.707039 -0.706895 -0.0198823
    outer loop
      vertex 13.5 30.6787 95.0822
      vertex 13.425 30.7536 95.0863
      vertex 13.5 30.7 94.3249
    endloop
  endfacet
  facet normal 0 -0.999605 -0.0280987
    outer loop
      vertex -13.425 30.775 94.325
      vertex 13.425 30.7536 95.0863
      vertex -13.425 30.7536 95.0863
    endloop
  endfacet
  facet normal 0 -0.999605 -0.0280987
    outer loop
      vertex 13.425 30.7536 95.0863
      vertex -13.425 30.775 94.325
      vertex 13.425 30.775 94.325
    endloop
  endfacet
  facet normal 0.70698 -0.706954 -0.0198839
    outer loop
      vertex -13.425 30.775 94.325
      vertex -13.5 30.6787 95.0822
      vertex -13.5 30.7 94.3249
    endloop
  endfacet
  facet normal 0.707039 -0.706895 -0.0198707
    outer loop
      vertex -13.425 30.7536 95.0863
      vertex -13.5 30.6787 95.0822
      vertex -13.425 30.775 94.325
    endloop
  endfacet
  facet normal 0.707045 0.704871 0.0569564
    outer loop
      vertex -13.425 30.6038 95.0781
      vertex -13.5 30.6787 95.0822
      vertex -13.425 30.5431 95.8293
    endloop
  endfacet
  facet normal 0.707154 0.704764 0.0569262
    outer loop
      vertex -13.5 30.6787 95.0822
      vertex -13.5 30.6177 95.8374
      vertex -13.425 30.5431 95.8293
    endloop
  endfacet
  facet normal 0 0.996751 0.0805415
    outer loop
      vertex 13.425 30.6038 95.0781
      vertex -13.425 30.5431 95.8293
      vertex 13.425 30.5431 95.8293
    endloop
  endfacet
  facet normal 0 0.996751 0.0805415
    outer loop
      vertex -13.425 30.5431 95.8293
      vertex 13.425 30.6038 95.0781
      vertex -13.425 30.6038 95.0781
    endloop
  endfacet
  facet normal -0.707045 0.704873 0.0569349
    outer loop
      vertex 13.5 30.6787 95.0822
      vertex 13.425 30.6038 95.0781
      vertex 13.5 30.6177 95.8374
    endloop
  endfacet
  facet normal -0.707154 0.704762 0.0569477
    outer loop
      vertex 13.425 30.6038 95.0781
      vertex 13.425 30.5431 95.8293
      vertex 13.5 30.6177 95.8374
    endloop
  endfacet
  facet normal -0.707045 -0.704874 -0.056921
    outer loop
      vertex 13.5 30.6787 95.0822
      vertex 13.425 30.6923 95.8454
      vertex 13.425 30.7536 95.0863
    endloop
  endfacet
  facet normal -0.707116 -0.704802 -0.0569292
    outer loop
      vertex 13.5 30.6177 95.8374
      vertex 13.425 30.6923 95.8454
      vertex 13.5 30.6787 95.0822
    endloop
  endfacet
  facet normal 0 -0.996755 -0.0804915
    outer loop
      vertex -13.425 30.7536 95.0863
      vertex 13.425 30.6923 95.8454
      vertex -13.425 30.6923 95.8454
    endloop
  endfacet
  facet normal 0 -0.996755 -0.0804915
    outer loop
      vertex 13.425 30.6923 95.8454
      vertex -13.425 30.7536 95.0863
      vertex 13.425 30.7536 95.0863
    endloop
  endfacet
  facet normal 0.707045 -0.704873 -0.0569349
    outer loop
      vertex -13.425 30.7536 95.0863
      vertex -13.5 30.6177 95.8374
      vertex -13.5 30.6787 95.0822
    endloop
  endfacet
  facet normal 0.707116 -0.704804 -0.0569154
    outer loop
      vertex -13.425 30.6923 95.8454
      vertex -13.5 30.6177 95.8374
      vertex -13.425 30.7536 95.0863
    endloop
  endfacet
  facet normal 0.707177 0.700773 0.0939054
    outer loop
      vertex -13.425 30.5431 95.8293
      vertex -13.5 30.6177 95.8374
      vertex -13.425 30.443 96.5763
    endloop
  endfacet
  facet normal 0.706754 0.701181 0.0940449
    outer loop
      vertex -13.5 30.6177 95.8374
      vertex -13.5 30.517 96.5882
      vertex -13.425 30.443 96.5763
    endloop
  endfacet
  facet normal 0 0.991141 0.132816
    outer loop
      vertex 13.425 30.5431 95.8293
      vertex -13.425 30.443 96.5763
      vertex 13.425 30.443 96.5763
    endloop
  endfacet
  facet normal 0 0.991141 0.132816
    outer loop
      vertex -13.425 30.443 96.5763
      vertex 13.425 30.5431 95.8293
      vertex -13.425 30.5431 95.8293
    endloop
  endfacet
  facet normal -0.707176 0.700763 0.0939888
    outer loop
      vertex 13.5 30.6177 95.8374
      vertex 13.425 30.5431 95.8293
      vertex 13.5 30.517 96.5882
    endloop
  endfacet
  facet normal -0.706753 0.701193 0.0939618
    outer loop
      vertex 13.425 30.5431 95.8293
      vertex 13.425 30.443 96.5763
      vertex 13.5 30.517 96.5882
    endloop
  endfacet
  facet normal -0.707114 -0.700829 -0.0939638
    outer loop
      vertex 13.5 30.6177 95.8374
      vertex 13.425 30.5911 96.6002
      vertex 13.425 30.6923 95.8454
    endloop
  endfacet
  facet normal -0.707284 -0.700656 -0.0939745
    outer loop
      vertex 13.5 30.517 96.5882
      vertex 13.425 30.5911 96.6002
      vertex 13.5 30.6177 95.8374
    endloop
  endfacet
  facet normal 0 -0.991131 -0.132886
    outer loop
      vertex -13.425 30.6923 95.8454
      vertex 13.425 30.5911 96.6002
      vertex -13.425 30.5911 96.6002
    endloop
  endfacet
  facet normal 0 -0.991131 -0.132886
    outer loop
      vertex 13.425 30.5911 96.6002
      vertex -13.425 30.6923 95.8454
      vertex 13.425 30.6923 95.8454
    endloop
  endfacet
  facet normal 0.707113 -0.700825 -0.0939971
    outer loop
      vertex -13.425 30.6923 95.8454
      vertex -13.5 30.517 96.5882
      vertex -13.5 30.6177 95.8374
    endloop
  endfacet
  facet normal 0.707283 -0.700661 -0.0939413
    outer loop
      vertex -13.425 30.5911 96.6002
      vertex -13.5 30.517 96.5882
      vertex -13.425 30.6923 95.8454
    endloop
  endfacet
  facet normal 0.706751 0.695274 0.130757
    outer loop
      vertex -13.425 30.443 96.5763
      vertex -13.5 30.517 96.5882
      vertex -13.425 30.3037 97.317
    endloop
  endfacet
  facet normal 0.706905 0.695128 0.130698
    outer loop
      vertex -13.5 30.517 96.5882
      vertex -13.5 30.377 97.3328
      vertex -13.425 30.3037 97.317
    endloop
  endfacet
  facet normal 0 0.982771 0.184825
    outer loop
      vertex 13.425 30.443 96.5763
      vertex -13.425 30.3037 97.317
      vertex 13.425 30.3037 97.317
    endloop
  endfacet
  facet normal 0 0.982771 0.184825
    outer loop
      vertex -13.425 30.3037 97.317
      vertex 13.425 30.443 96.5763
      vertex -13.425 30.443 96.5763
    endloop
  endfacet
  facet normal -0.706751 0.695279 0.130727
    outer loop
      vertex 13.5 30.517 96.5882
      vertex 13.425 30.443 96.5763
      vertex 13.5 30.377 97.3328
    endloop
  endfacet
  facet normal -0.706906 0.695122 0.130728
    outer loop
      vertex 13.425 30.443 96.5763
      vertex 13.425 30.3037 97.317
      vertex 13.5 30.377 97.3328
    endloop
  endfacet
  facet normal -0.707301 -0.694725 -0.130702
    outer loop
      vertex 13.5 30.517 96.5882
      vertex 13.425 30.4503 97.3486
      vertex 13.425 30.5911 96.6002
    endloop
  endfacet
  facet normal -0.706905 -0.695128 -0.130698
    outer loop
      vertex 13.5 30.377 97.3328
      vertex 13.425 30.4503 97.3486
      vertex 13.5 30.517 96.5882
    endloop
  endfacet
  facet normal 0 -0.982759 -0.184891
    outer loop
      vertex -13.425 30.5911 96.6002
      vertex 13.425 30.4503 97.3486
      vertex -13.425 30.4503 97.3486
    endloop
  endfacet
  facet normal 0 -0.982759 -0.184891
    outer loop
      vertex 13.425 30.4503 97.3486
      vertex -13.425 30.5911 96.6002
      vertex 13.425 30.5911 96.6002
    endloop
  endfacet
  facet normal 0.707302 -0.694738 -0.130625
    outer loop
      vertex -13.425 30.5911 96.6002
      vertex -13.5 30.377 97.3328
      vertex -13.5 30.517 96.5882
    endloop
  endfacet
  facet normal 0.706906 -0.695112 -0.130775
    outer loop
      vertex -13.425 30.4503 97.3486
      vertex -13.5 30.377 97.3328
      vertex -13.425 30.5911 96.6002
    endloop
  endfacet
  facet normal 0.706907 0.687273 0.167149
    outer loop
      vertex -13.425 30.3037 97.317
      vertex -13.5 30.377 97.3328
      vertex -13.425 30.1256 98.0493
    endloop
  endfacet
  facet normal 0.707129 0.687068 0.167054
    outer loop
      vertex -13.5 30.377 97.3328
      vertex -13.5 30.198 98.069
      vertex -13.425 30.1256 98.0493
    endloop
  endfacet
  facet normal 0 0.971676 0.236318
    outer loop
      vertex 13.425 30.3037 97.317
      vertex -13.425 30.1256 98.0493
      vertex 13.425 30.1256 98.0493
    endloop
  endfacet
  facet normal 0 0.971676 0.236318
    outer loop
      vertex -13.425 30.1256 98.0493
      vertex 13.425 30.3037 97.317
      vertex -13.425 30.3037 97.317
    endloop
  endfacet
  facet normal -0.706908 0.687282 0.167106
    outer loop
      vertex 13.5 30.377 97.3328
      vertex 13.425 30.3037 97.317
      vertex 13.5 30.198 98.069
    endloop
  endfacet
  facet normal -0.707129 0.687057 0.167097
    outer loop
      vertex 13.425 30.3037 97.317
      vertex 13.425 30.1256 98.0493
      vertex 13.5 30.198 98.069
    endloop
  endfacet
  facet normal -0.706908 -0.687287 -0.167085
    outer loop
      vertex 13.5 30.377 97.3328
      vertex 13.425 30.2704 98.0886
      vertex 13.425 30.4503 97.3486
    endloop
  endfacet
  facet normal -0.707017 -0.687176 -0.16708
    outer loop
      vertex 13.5 30.198 98.069
      vertex 13.425 30.2704 98.0886
      vertex 13.5 30.377 97.3328
    endloop
  endfacet
  facet normal 0 -0.971698 -0.236228
    outer loop
      vertex -13.425 30.4503 97.3486
      vertex 13.425 30.2704 98.0886
      vertex -13.425 30.2704 98.0886
    endloop
  endfacet
  facet normal 0 -0.971698 -0.236228
    outer loop
      vertex 13.425 30.2704 98.0886
      vertex -13.425 30.4503 97.3486
      vertex 13.425 30.4503 97.3486
    endloop
  endfacet
  facet normal 0.706908 -0.687282 -0.167106
    outer loop
      vertex -13.425 30.4503 97.3486
      vertex -13.5 30.198 98.069
      vertex -13.5 30.377 97.3328
    endloop
  endfacet
  facet normal 0.707017 -0.687181 -0.167059
    outer loop
      vertex -13.425 30.2704 98.0886
      vertex -13.5 30.198 98.069
      vertex -13.425 30.4503 97.3486
    endloop
  endfacet
  facet normal 0.707145 0.677326 0.202916
    outer loop
      vertex -13.425 30.1256 98.0493
      vertex -13.5 30.198 98.069
      vertex -13.425 29.9093 98.7713
    endloop
  endfacet
  facet normal 0.707183 0.677292 0.202898
    outer loop
      vertex -13.5 30.198 98.069
      vertex -13.5 29.9806 98.7947
      vertex -13.425 29.9093 98.7713
    endloop
  endfacet
  facet normal 0 0.957936 0.286983
    outer loop
      vertex 13.425 30.1256 98.0493
      vertex -13.425 29.9093 98.7713
      vertex 13.425 29.9093 98.7713
    endloop
  endfacet
  facet normal 0 0.957936 0.286983
    outer loop
      vertex -13.425 29.9093 98.7713
      vertex 13.425 30.1256 98.0493
      vertex -13.425 30.1256 98.0493
    endloop
  endfacet
  facet normal -0.707145 0.677328 0.202909
    outer loop
      vertex 13.5 30.198 98.069
      vertex 13.425 30.1256 98.0493
      vertex 13.5 29.9806 98.7947
    endloop
  endfacet
  facet normal -0.707183 0.67729 0.202905
    outer loop
      vertex 13.425 30.1256 98.0493
      vertex 13.425 29.9093 98.7713
      vertex 13.5 29.9806 98.7947
    endloop
  endfacet
  facet normal -0.707009 -0.677443 -0.203001
    outer loop
      vertex 13.5 30.198 98.069
      vertex 13.425 30.0518 98.8181
      vertex 13.425 30.2704 98.0886
    endloop
  endfacet
  facet normal -0.706731 -0.677725 -0.203028
    outer loop
      vertex 13.5 29.9806 98.7947
      vertex 13.425 30.0518 98.8181
      vertex 13.5 30.198 98.069
    endloop
  endfacet
  facet normal 0 -0.957917 -0.287047
    outer loop
      vertex -13.425 30.2704 98.0886
      vertex 13.425 30.0518 98.8181
      vertex -13.425 30.0518 98.8181
    endloop
  endfacet
  facet normal 0 -0.957917 -0.287047
    outer loop
      vertex 13.425 30.0518 98.8181
      vertex -13.425 30.2704 98.0886
      vertex 13.425 30.2704 98.0886
    endloop
  endfacet
  facet normal 0.70701 -0.677458 -0.202948
    outer loop
      vertex -13.425 30.2704 98.0886
      vertex -13.5 29.9806 98.7947
      vertex -13.5 30.198 98.069
    endloop
  endfacet
  facet normal 0.706732 -0.677708 -0.20308
    outer loop
      vertex -13.425 30.0518 98.8181
      vertex -13.5 29.9806 98.7947
      vertex -13.425 30.2704 98.0886
    endloop
  endfacet
  facet normal 0.707178 0.665675 0.238277
    outer loop
      vertex -13.425 29.9093 98.7713
      vertex -13.5 29.9806 98.7947
      vertex -13.425 29.6553 99.4809
    endloop
  endfacet
  facet normal 0.706843 0.665968 0.238453
    outer loop
      vertex -13.5 29.9806 98.7947
      vertex -13.5 29.7252 99.508
      vertex -13.425 29.6553 99.4809
    endloop
  endfacet
  facet normal 0 0.941502 0.337009
    outer loop
      vertex 13.425 29.9093 98.7713
      vertex -13.425 29.6553 99.4809
      vertex 13.425 29.6553 99.4809
    endloop
  endfacet
  facet normal 0 0.941502 0.337009
    outer loop
      vertex -13.425 29.6553 99.4809
      vertex 13.425 29.9093 98.7713
      vertex -13.425 29.9093 98.7713
    endloop
  endfacet
  facet normal -0.707177 0.665654 0.23834
    outer loop
      vertex 13.5 29.9806 98.7947
      vertex 13.425 29.9093 98.7713
      vertex 13.5 29.7252 99.508
    endloop
  endfacet
  facet normal -0.706842 0.665991 0.23839
    outer loop
      vertex 13.425 29.9093 98.7713
      vertex 13.425 29.6553 99.4809
      vertex 13.5 29.7252 99.508
    endloop
  endfacet
  facet normal -0.706734 -0.666107 -0.238386
    outer loop
      vertex 13.5 29.9806 98.7947
      vertex 13.425 29.7952 99.5351
      vertex 13.425 30.0518 98.8181
    endloop
  endfacet
  facet normal -0.707287 -0.66555 -0.238303
    outer loop
      vertex 13.5 29.7252 99.508
      vertex 13.425 29.7952 99.5351
      vertex 13.5 29.9806 98.7947
    endloop
  endfacet
  facet normal 0 -0.941522 -0.336952
    outer loop
      vertex -13.425 30.0518 98.8181
      vertex 13.425 29.7952 99.5351
      vertex -13.425 29.7952 99.5351
    endloop
  endfacet
  facet normal 0 -0.941522 -0.336952
    outer loop
      vertex 13.425 29.7952 99.5351
      vertex -13.425 30.0518 98.8181
      vertex 13.425 30.0518 98.8181
    endloop
  endfacet
  facet normal 0.706733 -0.666072 -0.23849
    outer loop
      vertex -13.425 30.0518 98.8181
      vertex -13.5 29.7252 99.508
      vertex -13.5 29.9806 98.7947
    endloop
  endfacet
  facet normal 0.707286 -0.665588 -0.238201
    outer loop
      vertex -13.425 29.7952 99.5351
      vertex -13.5 29.7252 99.508
      vertex -13.425 30.0518 98.8181
    endloop
  endfacet
  facet normal 0.706839 0.652536 0.273087
    outer loop
      vertex -13.425 29.6553 99.4809
      vertex -13.5 29.7252 99.508
      vertex -13.425 29.3644 100.176
    endloop
  endfacet
  facet normal 0.707412 0.652051 0.272761
    outer loop
      vertex -13.5 29.7252 99.508
      vertex -13.5 29.4328 100.207
      vertex -13.425 29.3644 100.176
    endloop
  endfacet
  facet normal 0 0.922475 0.386057
    outer loop
      vertex 13.425 29.6553 99.4809
      vertex -13.425 29.3644 100.176
      vertex 13.425 29.3644 100.176
    endloop
  endfacet
  facet normal 0 0.922475 0.386057
    outer loop
      vertex -13.425 29.3644 100.176
      vertex 13.425 29.6553 99.4809
      vertex -13.425 29.6553 99.4809
    endloop
  endfacet
  facet normal -0.70684 0.652578 0.272981
    outer loop
      vertex 13.5 29.7252 99.508
      vertex 13.425 29.6553 99.4809
      vertex 13.5 29.4328 100.207
    endloop
  endfacet
  facet normal -0.707413 0.652006 0.272865
    outer loop
      vertex 13.425 29.6553 99.4809
      vertex 13.425 29.3644 100.176
      vertex 13.5 29.4328 100.207
    endloop
  endfacet
  facet normal -0.707274 -0.652155 -0.272868
    outer loop
      vertex 13.5 29.7252 99.508
      vertex 13.425 29.5011 100.238
      vertex 13.425 29.7952 99.5351
    endloop
  endfacet
  facet normal -0.706977 -0.652452 -0.272928
    outer loop
      vertex 13.5 29.4328 100.207
      vertex 13.425 29.5011 100.238
      vertex 13.5 29.7252 99.508
    endloop
  endfacet
  facet normal 0 -0.922505 -0.385985
    outer loop
      vertex -13.425 29.7952 99.5351
      vertex 13.425 29.5011 100.238
      vertex -13.425 29.5011 100.238
    endloop
  endfacet
  facet normal 0 -0.922505 -0.385985
    outer loop
      vertex 13.425 29.5011 100.238
      vertex -13.425 29.7952 99.5351
      vertex 13.425 29.7952 99.5351
    endloop
  endfacet
  facet normal 0.707275 -0.652177 -0.272813
    outer loop
      vertex -13.425 29.7952 99.5351
      vertex -13.5 29.4328 100.207
      vertex -13.5 29.7252 99.508
    endloop
  endfacet
  facet normal 0.706978 -0.652429 -0.272982
    outer loop
      vertex -13.425 29.5011 100.238
      vertex -13.5 29.4328 100.207
      vertex -13.425 29.7952 99.5351
    endloop
  endfacet
  facet normal 0.707466 0.63668 0.306807
    outer loop
      vertex -13.425 29.3644 100.176
      vertex -13.5 29.4328 100.207
      vertex -13.425 29.0372 100.855
    endloop
  endfacet
  facet normal 0.706387 0.637558 0.307468
    outer loop
      vertex -13.5 29.4328 100.207
      vertex -13.5 29.1039 100.889
      vertex -13.425 29.0372 100.855
    endloop
  endfacet
  facet normal 0 0.900859 0.434111
    outer loop
      vertex 13.425 29.3644 100.176
      vertex -13.425 29.0372 100.855
      vertex 13.425 29.0372 100.855
    endloop
  endfacet
  facet normal 0 0.900859 0.434111
    outer loop
      vertex -13.425 29.0372 100.855
      vertex 13.425 29.3644 100.176
      vertex -13.425 29.3644 100.176
    endloop
  endfacet
  facet normal -0.707463 0.63659 0.307
    outer loop
      vertex 13.5 29.4328 100.207
      vertex 13.425 29.3644 100.176
      vertex 13.5 29.1039 100.889
    endloop
  endfacet
  facet normal -0.706385 0.637654 0.307276
    outer loop
      vertex 13.425 29.3644 100.176
      vertex 13.425 29.0372 100.855
      vertex 13.5 29.1039 100.889
    endloop
  endfacet
  facet normal -0.707042 -0.637089 -0.306936
    outer loop
      vertex 13.5 29.4328 100.207
      vertex 13.425 29.1706 100.924
      vertex 13.425 29.5011 100.238
    endloop
  endfacet
  facet normal -0.708432 -0.635715 -0.306579
    outer loop
      vertex 13.5 29.1039 100.889
      vertex 13.425 29.1706 100.924
      vertex 13.5 29.4328 100.207
    endloop
  endfacet
  facet normal 0 -0.900897 -0.434033
    outer loop
      vertex -13.425 29.5011 100.238
      vertex 13.425 29.1706 100.924
      vertex -13.425 29.1706 100.924
    endloop
  endfacet
  facet normal 0 -0.900897 -0.434033
    outer loop
      vertex 13.425 29.1706 100.924
      vertex -13.425 29.5011 100.238
      vertex 13.425 29.5011 100.238
    endloop
  endfacet
  facet normal 0.707039 -0.636972 -0.307185
    outer loop
      vertex -13.425 29.5011 100.238
      vertex -13.5 29.1039 100.889
      vertex -13.5 29.4328 100.207
    endloop
  endfacet
  facet normal 0.708428 -0.635838 -0.306333
    outer loop
      vertex -13.425 29.1706 100.924
      vertex -13.5 29.1039 100.889
      vertex -13.425 29.5011 100.238
    endloop
  endfacet
  facet normal 0.706314 0.620767 0.340248
    outer loop
      vertex -13.425 29.0372 100.855
      vertex -13.5 29.1039 100.889
      vertex -13.425 28.6749 101.516
    endloop
  endfacet
  facet normal 0.707109 0.620147 0.339728
    outer loop
      vertex -13.5 29.1039 100.889
      vertex -13.5 28.7396 101.554
      vertex -13.425 28.6749 101.516
    endloop
  endfacet
  facet normal 0 0.876915 0.480645
    outer loop
      vertex 13.425 29.0372 100.855
      vertex -13.425 28.6749 101.516
      vertex 13.425 28.6749 101.516
    endloop
  endfacet
  facet normal 0 0.876915 0.480645
    outer loop
      vertex -13.425 28.6749 101.516
      vertex 13.425 29.0372 100.855
      vertex -13.425 29.0372 100.855
    endloop
  endfacet
  facet normal -0.706317 0.62084 0.340109
    outer loop
      vertex 13.5 29.1039 100.889
      vertex 13.425 29.0372 100.855
      vertex 13.5 28.7396 101.554
    endloop
  endfacet
  facet normal -0.707111 0.620069 0.339865
    outer loop
      vertex 13.425 29.0372 100.855
      vertex 13.425 28.6749 101.516
      vertex 13.5 28.7396 101.554
    endloop
  endfacet
  facet normal -0.708572 -0.618546 -0.339597
    outer loop
      vertex 13.5 29.1039 100.889
      vertex 13.425 28.8044 101.591
      vertex 13.425 29.1706 100.924
    endloop
  endfacet
  facet normal -0.70525 -0.621772 -0.340619
    outer loop
      vertex 13.5 28.7396 101.554
      vertex 13.425 28.8044 101.591
      vertex 13.5 29.1039 100.889
    endloop
  endfacet
  facet normal 0 -0.876576 -0.481263
    outer loop
      vertex -13.425 29.1706 100.924
      vertex 13.425 28.8044 101.591
      vertex -13.425 28.8044 101.591
    endloop
  endfacet
  facet normal 0 -0.876576 -0.481263
    outer loop
      vertex 13.425 28.8044 101.591
      vertex -13.425 29.1706 100.924
      vertex 13.425 29.1706 100.924
    endloop
  endfacet
  facet normal 0.708578 -0.618855 -0.339021
    outer loop
      vertex -13.425 29.1706 100.924
      vertex -13.5 28.7396 101.554
      vertex -13.5 29.1039 100.889
    endloop
  endfacet
  facet normal 0.705256 -0.621451 -0.341193
    outer loop
      vertex -13.425 28.8044 101.591
      vertex -13.5 28.7396 101.554
      vertex -13.425 29.1706 100.924
    endloop
  endfacet
  facet normal 0.707172 0.601219 0.37208
    outer loop
      vertex -13.425 28.6749 101.516
      vertex -13.5 28.7396 101.554
      vertex -13.425 28.2782 102.157
    endloop
  endfacet
  facet normal 0.706598 0.601646 0.372479
    outer loop
      vertex -13.5 28.7396 101.554
      vertex -13.5 28.3409 102.198
      vertex -13.425 28.2782 102.157
    endloop
  endfacet
  facet normal 0 0.85033 0.52625
    outer loop
      vertex 13.425 28.6749 101.516
      vertex -13.425 28.2782 102.157
      vertex 13.425 28.2782 102.157
    endloop
  endfacet
  facet normal 0 0.85033 0.52625
    outer loop
      vertex -13.425 28.2782 102.157
      vertex 13.425 28.6749 101.516
      vertex -13.425 28.6749 101.516
    endloop
  endfacet
  facet normal -0.707171 0.60116 0.372178
    outer loop
      vertex 13.5 28.7396 101.554
      vertex 13.425 28.6749 101.516
      vertex 13.5 28.3409 102.198
    endloop
  endfacet
  facet normal -0.706597 0.601708 0.372383
    outer loop
      vertex 13.425 28.6749 101.516
      vertex 13.425 28.2782 102.157
      vertex 13.5 28.3409 102.198
    endloop
  endfacet
  facet normal -0.705087 -0.603084 -0.373018
    outer loop
      vertex 13.5 28.7396 101.554
      vertex 13.425 28.4036 102.239
      vertex 13.425 28.8044 101.591
    endloop
  endfacet
  facet normal -0.706598 -0.601646 -0.372479
    outer loop
      vertex 13.5 28.3409 102.198
      vertex 13.425 28.4036 102.239
      vertex 13.5 28.7396 101.554
    endloop
  endfacet
  facet normal 0 -0.850466 -0.526029
    outer loop
      vertex -13.425 28.8044 101.591
      vertex 13.425 28.4036 102.239
      vertex -13.425 28.4036 102.239
    endloop
  endfacet
  facet normal 0 -0.850466 -0.526029
    outer loop
      vertex 13.425 28.4036 102.239
      vertex -13.425 28.8044 101.591
      vertex 13.425 28.8044 101.591
    endloop
  endfacet
  facet normal 0.705081 -0.602931 -0.373274
    outer loop
      vertex -13.425 28.8044 101.591
      vertex -13.5 28.3409 102.198
      vertex -13.5 28.7396 101.554
    endloop
  endfacet
  facet normal 0.706595 -0.601806 -0.372228
    outer loop
      vertex -13.425 28.4036 102.239
      vertex -13.5 28.3409 102.198
      vertex -13.425 28.8044 101.591
    endloop
  endfacet
  facet normal 0.70657 0.581264 0.403598
    outer loop
      vertex -13.425 28.2782 102.157
      vertex -13.5 28.3409 102.198
      vertex -13.425 27.8484 102.776
    endloop
  endfacet
  facet normal 0.706117 0.581584 0.40393
    outer loop
      vertex -13.5 28.3409 102.198
      vertex -13.5 27.9089 102.82
      vertex -13.425 27.8484 102.776
    endloop
  endfacet
  facet normal 0 0.821408 0.570341
    outer loop
      vertex 13.425 28.2782 102.157
      vertex -13.425 27.8484 102.776
      vertex 13.425 27.8484 102.776
    endloop
  endfacet
  facet normal 0 0.821408 0.570341
    outer loop
      vertex -13.425 27.8484 102.776
      vertex 13.425 28.2782 102.157
      vertex -13.425 28.2782 102.157
    endloop
  endfacet
  facet normal -0.706569 0.581214 0.403672
    outer loop
      vertex 13.5 28.3409 102.198
      vertex 13.425 28.2782 102.157
      vertex 13.5 27.9089 102.82
    endloop
  endfacet
  facet normal -0.706116 0.581636 0.403857
    outer loop
      vertex 13.425 28.2782 102.157
      vertex 13.425 27.8484 102.776
      vertex 13.5 27.9089 102.82
    endloop
  endfacet
  facet normal -0.706574 -0.581417 -0.40337
    outer loop
      vertex 13.5 28.3409 102.198
      vertex 13.425 27.9693 102.865
      vertex 13.425 28.4036 102.239
    endloop
  endfacet
  facet normal -0.708417 -0.579694 -0.402617
    outer loop
      vertex 13.5 27.9089 102.82
      vertex 13.425 27.9693 102.865
      vertex 13.5 28.3409 102.198
    endloop
  endfacet
  facet normal 0 -0.82163 -0.570022
    outer loop
      vertex -13.425 28.4036 102.239
      vertex 13.425 27.9693 102.865
      vertex -13.425 27.9693 102.865
    endloop
  endfacet
  facet normal 0 -0.82163 -0.570022
    outer loop
      vertex 13.425 27.9693 102.865
      vertex -13.425 28.4036 102.239
      vertex 13.425 28.4036 102.239
    endloop
  endfacet
  facet normal 0.706569 -0.581214 -0.403672
    outer loop
      vertex -13.425 28.4036 102.239
      vertex -13.5 27.9089 102.82
      vertex -13.5 28.3409 102.198
    endloop
  endfacet
  facet normal 0.708411 -0.579906 -0.402322
    outer loop
      vertex -13.425 27.9693 102.865
      vertex -13.5 27.9089 102.82
      vertex -13.425 28.4036 102.239
    endloop
  endfacet
  facet normal 0.706029 0.559497 0.434151
    outer loop
      vertex -13.425 27.8484 102.776
      vertex -13.5 27.9089 102.82
      vertex -13.425 27.3867 103.371
    endloop
  endfacet
  facet normal 0.70827 0.557998 0.432425
    outer loop
      vertex -13.5 27.9089 102.82
      vertex -13.5 27.4447 103.419
      vertex -13.425 27.3867 103.371
    endloop
  endfacet
  facet normal 0 0.790045 0.613049
    outer loop
      vertex 13.425 27.8484 102.776
      vertex -13.425 27.3867 103.371
      vertex 13.425 27.3867 103.371
    endloop
  endfacet
  facet normal 0 0.790045 0.613049
    outer loop
      vertex -13.425 27.3867 103.371
      vertex 13.425 27.8484 102.776
      vertex -13.425 27.8484 102.776
    endloop
  endfacet
  facet normal -0.706036 0.559764 0.433794
    outer loop
      vertex 13.5 27.9089 102.82
      vertex 13.425 27.8484 102.776
      vertex 13.5 27.4447 103.419
    endloop
  endfacet
  facet normal -0.708277 0.55772 0.432772
    outer loop
      vertex 13.425 27.8484 102.776
      vertex 13.425 27.3867 103.371
      vertex 13.5 27.4447 103.419
    endloop
  endfacet
  facet normal -0.708543 -0.557444 -0.432692
    outer loop
      vertex 13.5 27.9089 102.82
      vertex 13.425 27.5028 103.466
      vertex 13.425 27.9693 102.865
    endloop
  endfacet
  facet normal -0.705754 -0.559986 -0.433966
    outer loop
      vertex 13.5 27.4447 103.419
      vertex 13.425 27.5028 103.466
      vertex 13.5 27.9089 102.82
    endloop
  endfacet
  facet normal 0 -0.789953 -0.613167
    outer loop
      vertex -13.425 27.9693 102.865
      vertex 13.425 27.5028 103.466
      vertex -13.425 27.5028 103.466
    endloop
  endfacet
  facet normal 0 -0.789953 -0.613167
    outer loop
      vertex 13.425 27.5028 103.466
      vertex -13.425 27.9693 102.865
      vertex 13.425 27.9693 102.865
    endloop
  endfacet
  facet normal 0.708549 -0.557777 -0.432254
    outer loop
      vertex -13.425 27.9693 102.865
      vertex -13.5 27.4447 103.419
      vertex -13.5 27.9089 102.82
    endloop
  endfacet
  facet normal 0.70576 -0.559643 -0.434399
    outer loop
      vertex -13.425 27.5028 103.466
      vertex -13.5 27.4447 103.419
      vertex -13.425 27.9693 102.865
    endloop
  endfacet
  facet normal 0.708378 0.534485 0.461005
    outer loop
      vertex -13.425 27.3867 103.371
      vertex -13.5 27.4447 103.419
      vertex -13.425 26.8942 103.942
    endloop
  endfacet
  facet normal 0.705617 0.536217 0.463224
    outer loop
      vertex -13.5 27.4447 103.419
      vertex -13.5 26.9497 103.992
      vertex -13.425 26.8942 103.942
    endloop
  endfacet
  facet normal 0 0.75724 0.653136
    outer loop
      vertex 13.425 27.3867 103.371
      vertex -13.425 26.8942 103.942
      vertex 13.425 26.8942 103.942
    endloop
  endfacet
  facet normal 0 0.75724 0.653136
    outer loop
      vertex -13.425 26.8942 103.942
      vertex 13.425 27.3867 103.371
      vertex -13.425 27.3867 103.371
    endloop
  endfacet
  facet normal -0.708373 0.534132 0.461423
    outer loop
      vertex 13.5 27.4447 103.419
      vertex 13.425 27.3867 103.371
      vertex 13.5 26.9497 103.992
    endloop
  endfacet
  facet normal -0.705611 0.53658 0.462812
    outer loop
      vertex 13.425 27.3867 103.371
      vertex 13.425 26.8942 103.942
      vertex 13.5 26.9497 103.992
    endloop
  endfacet
  facet normal -0.705656 -0.53658 -0.462743
    outer loop
      vertex 13.5 27.4447 103.419
      vertex 13.425 27.0052 104.043
      vertex 13.425 27.5028 103.466
    endloop
  endfacet
  facet normal -0.708698 -0.533885 -0.46121
    outer loop
      vertex 13.5 26.9497 103.992
      vertex 13.425 27.0052 104.043
      vertex 13.5 27.4447 103.419
    endloop
  endfacet
  facet normal 0 -0.757289 -0.65308
    outer loop
      vertex -13.425 27.5028 103.466
      vertex 13.425 27.0052 104.043
      vertex -13.425 27.0052 104.043
    endloop
  endfacet
  facet normal 0 -0.757289 -0.65308
    outer loop
      vertex 13.425 27.0052 104.043
      vertex -13.425 27.5028 103.466
      vertex 13.425 27.5028 103.466
    endloop
  endfacet
  facet normal 0.705647 -0.536194 -0.463205
    outer loop
      vertex -13.425 27.5028 103.466
      vertex -13.5 26.9497 103.992
      vertex -13.5 27.4447 103.419
    endloop
  endfacet
  facet normal 0.708688 -0.534284 -0.460762
    outer loop
      vertex -13.425 27.0052 104.043
      vertex -13.5 26.9497 103.992
      vertex -13.425 27.5028 103.466
    endloop
  endfacet
  facet normal 0.705521 0.511493 0.490525
    outer loop
      vertex -13.425 26.8942 103.942
      vertex -13.5 26.9497 103.992
      vertex -13.425 26.3725 104.486
    endloop
  endfacet
  facet normal 0.705784 0.51134 0.490306
    outer loop
      vertex -13.5 26.9497 103.992
      vertex -13.5 26.4252 104.539
      vertex -13.425 26.3725 104.486
    endloop
  endfacet
  facet normal 0 0.721745 0.692159
    outer loop
      vertex 13.425 26.8942 103.942
      vertex -13.425 26.3725 104.486
      vertex 13.425 26.3725 104.486
    endloop
  endfacet
  facet normal 0 0.721745 0.692159
    outer loop
      vertex -13.425 26.3725 104.486
      vertex 13.425 26.8942 103.942
      vertex -13.425 26.8942 103.942
    endloop
  endfacet
  facet normal -0.705522 0.511528 0.490487
    outer loop
      vertex 13.5 26.9497 103.992
      vertex 13.425 26.8942 103.942
      vertex 13.5 26.4252 104.539
    endloop
  endfacet
  facet normal -0.705785 0.511303 0.490343
    outer loop
      vertex 13.425 26.8942 103.942
      vertex 13.425 26.3725 104.486
      vertex 13.5 26.4252 104.539
    endloop
  endfacet
  facet normal -0.708778 -0.508769 -0.488659
    outer loop
      vertex 13.5 26.9497 103.992
      vertex 13.425 26.4779 104.592
      vertex 13.425 27.0052 104.043
    endloop
  endfacet
  facet normal -0.705784 -0.51134 -0.490306
    outer loop
      vertex 13.5 26.4252 104.539
      vertex 13.425 26.4779 104.592
      vertex 13.5 26.9497 103.992
    endloop
  endfacet
  facet normal 0 -0.721217 -0.69271
    outer loop
      vertex -13.425 27.0052 104.043
      vertex 13.425 26.4779 104.592
      vertex -13.425 26.4779 104.592
    endloop
  endfacet
  facet normal 0 -0.721217 -0.69271
    outer loop
      vertex 13.425 26.4779 104.592
      vertex -13.425 27.0052 104.043
      vertex 13.425 27.0052 104.043
    endloop
  endfacet
  facet normal 0.708784 -0.509173 -0.488229
    outer loop
      vertex -13.425 27.0052 104.043
      vertex -13.5 26.4252 104.539
      vertex -13.5 26.9497 103.992
    endloop
  endfacet
  facet normal 0.705791 -0.510924 -0.490729
    outer loop
      vertex -13.425 26.4779 104.592
      vertex -13.5 26.4252 104.539
      vertex -13.425 27.0052 104.043
    endloop
  endfacet
  facet normal 0.705728 0.484388 0.517026
    outer loop
      vertex -13.425 26.3725 104.486
      vertex -13.5 26.4252 104.539
      vertex -13.425 25.8228 105.001
    endloop
  endfacet
  facet normal 0.710429 0.481846 0.512948
    outer loop
      vertex -13.5 26.4252 104.539
      vertex -13.5 25.8727 105.058
      vertex -13.425 25.8228 105.001
    endloop
  endfacet
  facet normal -0 0.683698 0.729765
    outer loop
      vertex -13.425 26.3725 104.486
      vertex 13.425 25.8228 105.001
      vertex 13.425 26.3725 104.486
    endloop
  endfacet
  facet normal 0 0.683698 0.729765
    outer loop
      vertex 13.425 25.8228 105.001
      vertex -13.425 26.3725 104.486
      vertex -13.425 25.8228 105.001
    endloop
  endfacet
  facet normal -0.705742 0.485064 0.516373
    outer loop
      vertex 13.5 26.4252 104.539
      vertex 13.425 26.3725 104.486
      vertex 13.5 25.8727 105.058
    endloop
  endfacet
  facet normal -0.710445 0.481155 0.513574
    outer loop
      vertex 13.425 26.3725 104.486
      vertex 13.425 25.8228 105.001
      vertex 13.5 25.8727 105.058
    endloop
  endfacet
  facet normal -0.705745 -0.485198 -0.516243
    outer loop
      vertex 13.5 26.4252 104.539
      vertex 13.425 25.9225 105.114
      vertex 13.425 26.4779 104.592
    endloop
  endfacet
  facet normal -0.706693 -0.484414 -0.515682
    outer loop
      vertex 13.5 25.8727 105.058
      vertex 13.425 25.9225 105.114
      vertex 13.5 26.4252 104.539
    endloop
  endfacet
  facet normal 0 -0.684857 -0.728677
    outer loop
      vertex -13.425 25.9225 105.114
      vertex 13.425 26.4779 104.592
      vertex 13.425 25.9225 105.114
    endloop
  endfacet
  facet normal -0 -0.684857 -0.728677
    outer loop
      vertex 13.425 26.4779 104.592
      vertex -13.425 25.9225 105.114
      vertex -13.425 26.4779 104.592
    endloop
  endfacet
  facet normal 0.705742 -0.485064 -0.516373
    outer loop
      vertex -13.425 26.4779 104.592
      vertex -13.5 25.8727 105.058
      vertex -13.5 26.4252 104.539
    endloop
  endfacet
  facet normal 0.706691 -0.484552 -0.515556
    outer loop
      vertex -13.425 25.9225 105.114
      vertex -13.5 25.8727 105.058
      vertex -13.425 26.4779 104.592
    endloop
  endfacet
  facet normal 0.710593 0.454278 0.537298
    outer loop
      vertex -13.425 25.8228 105.001
      vertex -13.5 25.8727 105.058
      vertex -13.425 25.2468 105.488
    endloop
  endfacet
  facet normal 0.705091 0.456998 0.542217
    outer loop
      vertex -13.5 25.8727 105.058
      vertex -13.5 25.2937 105.546
      vertex -13.425 25.2468 105.488
    endloop
  endfacet
  facet normal -0 0.645645 0.763638
    outer loop
      vertex -13.425 25.8228 105.001
      vertex 13.425 25.2468 105.488
      vertex 13.425 25.8228 105.001
    endloop
  endfacet
  facet normal 0 0.645645 0.763638
    outer loop
      vertex 13.425 25.2468 105.488
      vertex -13.425 25.8228 105.001
      vertex -13.425 25.2468 105.488
    endloop
  endfacet
  facet normal -0.710583 0.453451 0.538009
    outer loop
      vertex 13.5 25.8727 105.058
      vertex 13.425 25.8228 105.001
      vertex 13.5 25.2937 105.546
    endloop
  endfacet
  facet normal -0.705079 0.457845 0.541517
    outer loop
      vertex 13.425 25.8228 105.001
      vertex 13.425 25.2468 105.488
      vertex 13.5 25.2937 105.546
    endloop
  endfacet
  facet normal -0.706705 -0.456218 -0.540771
    outer loop
      vertex 13.5 25.8727 105.058
      vertex 13.425 25.3405 105.605
      vertex 13.425 25.9225 105.114
    endloop
  endfacet
  facet normal -0.708397 -0.45487 -0.539692
    outer loop
      vertex 13.5 25.2937 105.546
      vertex 13.425 25.3405 105.605
      vertex 13.5 25.8727 105.058
    endloop
  endfacet
  facet normal 0 -0.644823 -0.764332
    outer loop
      vertex -13.425 25.3405 105.605
      vertex 13.425 25.9225 105.114
      vertex 13.425 25.3405 105.605
    endloop
  endfacet
  facet normal -0 -0.644823 -0.764332
    outer loop
      vertex 13.425 25.9225 105.114
      vertex -13.425 25.3405 105.605
      vertex -13.425 25.9225 105.114
    endloop
  endfacet
  facet normal 0.7067 -0.455965 -0.540991
    outer loop
      vertex -13.425 25.9225 105.114
      vertex -13.5 25.2937 105.546
      vertex -13.5 25.8727 105.058
    endloop
  endfacet
  facet normal 0.708392 -0.455129 -0.53948
    outer loop
      vertex -13.425 25.3405 105.605
      vertex -13.5 25.2937 105.546
      vertex -13.425 25.9225 105.114
    endloop
  endfacet
  facet normal 0.704985 0.428179 0.565384
    outer loop
      vertex -13.425 25.2468 105.488
      vertex -13.5 25.2937 105.546
      vertex -13.425 24.646 105.943
    endloop
  endfacet
  facet normal 0.707155 0.427214 0.5634
    outer loop
      vertex -13.5 25.2937 105.546
      vertex -13.5 24.6897 106.004
      vertex -13.425 24.646 105.943
    endloop
  endfacet
  facet normal -0 0.60373 0.797189
    outer loop
      vertex -13.425 25.2468 105.488
      vertex 13.425 24.646 105.943
      vertex 13.425 25.2468 105.488
    endloop
  endfacet
  facet normal 0 0.60373 0.797189
    outer loop
      vertex 13.425 24.646 105.943
      vertex -13.425 25.2468 105.488
      vertex -13.425 24.646 105.943
    endloop
  endfacet
  facet normal -0.704992 0.428517 0.565119
    outer loop
      vertex 13.5 25.2937 105.546
      vertex 13.425 25.2468 105.488
      vertex 13.5 24.6897 106.004
    endloop
  endfacet
  facet normal -0.707161 0.426869 0.563654
    outer loop
      vertex 13.425 25.2468 105.488
      vertex 13.425 24.646 105.943
      vertex 13.5 24.6897 106.004
    endloop
  endfacet
  facet normal -0.708457 -0.42563 -0.562963
    outer loop
      vertex 13.5 25.2937 105.546
      vertex 13.425 24.7334 106.064
      vertex 13.425 25.3405 105.605
    endloop
  endfacet
  facet normal -0.70337 -0.429489 -0.566401
    outer loop
      vertex 13.5 24.6897 106.004
      vertex 13.425 24.7334 106.064
      vertex 13.5 25.2937 105.546
    endloop
  endfacet
  facet normal 0 -0.603086 -0.797676
    outer loop
      vertex -13.425 24.7334 106.064
      vertex 13.425 25.3405 105.605
      vertex 13.425 24.7334 106.064
    endloop
  endfacet
  facet normal -0 -0.603086 -0.797676
    outer loop
      vertex 13.425 25.3405 105.605
      vertex -13.425 24.7334 106.064
      vertex -13.425 25.3405 105.605
    endloop
  endfacet
  facet normal 0.708469 -0.426419 -0.562352
    outer loop
      vertex -13.425 25.3405 105.605
      vertex -13.5 24.6897 106.004
      vertex -13.5 25.2937 105.546
    endloop
  endfacet
  facet normal 0.703379 -0.428682 -0.567
    outer loop
      vertex -13.425 24.7334 106.064
      vertex -13.5 24.6897 106.004
      vertex -13.425 25.3405 105.605
    endloop
  endfacet
  facet normal 0.707158 0.396181 0.585635
    outer loop
      vertex -13.425 24.646 105.943
      vertex -13.5 24.6897 106.004
      vertex -13.425 24.0222 106.365
    endloop
  endfacet
  facet normal 0.710126 0.395 0.582835
    outer loop
      vertex -13.5 24.6897 106.004
      vertex -13.5 24.0626 106.429
      vertex -13.425 24.0222 106.365
    endloop
  endfacet
  facet normal -0 0.560325 0.828273
    outer loop
      vertex -13.425 24.646 105.943
      vertex 13.425 24.0222 106.365
      vertex 13.425 24.646 105.943
    endloop
  endfacet
  facet normal 0 0.560325 0.828273
    outer loop
      vertex 13.425 24.0222 106.365
      vertex -13.425 24.646 105.943
      vertex -13.425 24.0222 106.365
    endloop
  endfacet
  facet normal -0.707166 0.396668 0.585296
    outer loop
      vertex 13.5 24.6897 106.004
      vertex 13.425 24.646 105.943
      vertex 13.5 24.0626 106.429
    endloop
  endfacet
  facet normal -0.710135 0.394506 0.583158
    outer loop
      vertex 13.425 24.646 105.943
      vertex 13.425 24.0222 106.365
      vertex 13.5 24.0626 106.429
    endloop
  endfacet
  facet normal -0.703242 -0.399346 -0.588195
    outer loop
      vertex 13.5 24.6897 106.004
      vertex 13.425 24.103 106.492
      vertex 13.425 24.7334 106.064
    endloop
  endfacet
  facet normal -0.706241 -0.397186 -0.58606
    outer loop
      vertex 13.5 24.0626 106.429
      vertex 13.425 24.103 106.492
      vertex 13.5 24.6897 106.004
    endloop
  endfacet
  facet normal 0 -0.561707 -0.827336
    outer loop
      vertex -13.425 24.103 106.492
      vertex 13.425 24.7334 106.064
      vertex 13.425 24.103 106.492
    endloop
  endfacet
  facet normal -0 -0.561707 -0.827336
    outer loop
      vertex 13.425 24.7334 106.064
      vertex -13.425 24.103 106.492
      vertex -13.425 24.7334 106.064
    endloop
  endfacet
  facet normal 0.703232 -0.398863 -0.588535
    outer loop
      vertex -13.425 24.7334 106.064
      vertex -13.5 24.0626 106.429
      vertex -13.5 24.6897 106.004
    endloop
  endfacet
  facet normal 0.706234 -0.397676 -0.585737
    outer loop
      vertex -13.425 24.103 106.492
      vertex -13.5 24.0626 106.429
      vertex -13.425 24.7334 106.064
    endloop
  endfacet
  facet normal 0.710245 0.364115 0.602471
    outer loop
      vertex -13.425 24.0222 106.365
      vertex -13.5 24.0626 106.429
      vertex -13.425 23.3769 106.755
    endloop
  endfacet
  facet normal 0.706263 0.365501 0.606302
    outer loop
      vertex -13.5 24.0626 106.429
      vertex -13.5 23.414 106.82
      vertex -13.425 23.3769 106.755
    endloop
  endfacet
  facet normal -0 0.517243 0.855838
    outer loop
      vertex -13.425 24.0222 106.365
      vertex 13.425 23.3769 106.755
      vertex 13.425 24.0222 106.365
    endloop
  endfacet
  facet normal 0 0.517243 0.855838
    outer loop
      vertex 13.425 23.3769 106.755
      vertex -13.425 24.0222 106.365
      vertex -13.425 23.3769 106.755
    endloop
  endfacet
  facet normal -0.710238 0.363442 0.602887
    outer loop
      vertex 13.5 24.0626 106.429
      vertex 13.425 24.0222 106.365
      vertex 13.5 23.414 106.82
    endloop
  endfacet
  facet normal -0.706253 0.366187 0.605899
    outer loop
      vertex 13.425 24.0222 106.365
      vertex 13.425 23.3769 106.755
      vertex 13.5 23.414 106.82
    endloop
  endfacet
  facet normal -0.706219 -0.36549 -0.60636
    outer loop
      vertex 13.5 24.0626 106.429
      vertex 13.425 23.451 106.885
      vertex 13.425 24.103 106.492
    endloop
  endfacet
  facet normal -0.706018 -0.365627 -0.606511
    outer loop
      vertex 13.5 23.414 106.82
      vertex 13.425 23.451 106.885
      vertex 13.5 24.0626 106.429
    endloop
  endfacet
  facet normal 0 -0.516233 -0.856448
    outer loop
      vertex -13.425 23.451 106.885
      vertex 13.425 24.103 106.492
      vertex 13.425 23.451 106.885
    endloop
  endfacet
  facet normal -0 -0.516233 -0.856448
    outer loop
      vertex 13.425 24.103 106.492
      vertex -13.425 23.451 106.885
      vertex -13.425 24.103 106.492
    endloop
  endfacet
  facet normal 0.70622 -0.365523 -0.606339
    outer loop
      vertex -13.425 24.103 106.492
      vertex -13.5 23.414 106.82
      vertex -13.5 24.0626 106.429
    endloop
  endfacet
  facet normal 0.706019 -0.365593 -0.606531
    outer loop
      vertex -13.425 23.451 106.885
      vertex -13.5 23.414 106.82
      vertex -13.425 24.103 106.492
    endloop
  endfacet
  facet normal 0.706223 0.333493 0.624525
    outer loop
      vertex -13.425 23.3769 106.755
      vertex -13.5 23.414 106.82
      vertex -13.425 22.7121 107.11
    endloop
  endfacet
  facet normal 0.706768 0.333332 0.623994
    outer loop
      vertex -13.5 23.414 106.82
      vertex -13.5 22.7457 107.177
      vertex -13.425 22.7121 107.11
    endloop
  endfacet
  facet normal -0 0.471043 0.88211
    outer loop
      vertex -13.425 23.3769 106.755
      vertex 13.425 22.7121 107.11
      vertex 13.425 23.3769 106.755
    endloop
  endfacet
  facet normal 0 0.471043 0.88211
    outer loop
      vertex 13.425 22.7121 107.11
      vertex -13.425 23.3769 106.755
      vertex -13.425 22.7121 107.11
    endloop
  endfacet
  facet normal -0.706224 0.333588 0.624473
    outer loop
      vertex 13.5 23.414 106.82
      vertex 13.425 23.3769 106.755
      vertex 13.5 22.7457 107.177
    endloop
  endfacet
  facet normal -0.706769 0.333236 0.624044
    outer loop
      vertex 13.425 23.3769 106.755
      vertex 13.425 22.7121 107.11
      vertex 13.5 22.7457 107.177
    endloop
  endfacet
  facet normal -0.706003 -0.333786 -0.624617
    outer loop
      vertex 13.5 23.414 106.82
      vertex 13.425 22.7792 107.244
      vertex 13.425 23.451 106.885
    endloop
  endfacet
  facet normal -0.706545 -0.333437 -0.62419
    outer loop
      vertex 13.5 22.7457 107.177
      vertex 13.425 22.7792 107.244
      vertex 13.5 23.414 106.82
    endloop
  endfacet
  facet normal 0 -0.47131 -0.881967
    outer loop
      vertex -13.425 22.7792 107.244
      vertex 13.425 23.451 106.885
      vertex 13.425 22.7792 107.244
    endloop
  endfacet
  facet normal -0 -0.47131 -0.881967
    outer loop
      vertex 13.425 23.451 106.885
      vertex -13.425 22.7792 107.244
      vertex -13.425 23.451 106.885
    endloop
  endfacet
  facet normal 0.706001 -0.333693 -0.624669
    outer loop
      vertex -13.425 23.451 106.885
      vertex -13.5 22.7457 107.177
      vertex -13.5 23.414 106.82
    endloop
  endfacet
  facet normal 0.706544 -0.333532 -0.624141
    outer loop
      vertex -13.425 22.7792 107.244
      vertex -13.5 22.7457 107.177
      vertex -13.425 23.451 106.885
    endloop
  endfacet
  facet normal 0.70675 0.299525 0.640928
    outer loop
      vertex -13.425 22.7121 107.11
      vertex -13.5 22.7457 107.177
      vertex -13.425 22.0295 107.429
    endloop
  endfacet
  facet normal 0.708101 0.299196 0.63959
    outer loop
      vertex -13.5 22.7457 107.177
      vertex -13.5 22.0595 107.498
      vertex -13.425 22.0295 107.429
    endloop
  endfacet
  facet normal -0 0.423379 0.905952
    outer loop
      vertex -13.425 22.7121 107.11
      vertex 13.425 22.0295 107.429
      vertex 13.425 22.7121 107.11
    endloop
  endfacet
  facet normal 0 0.423379 0.905952
    outer loop
      vertex 13.425 22.0295 107.429
      vertex -13.425 22.7121 107.11
      vertex -13.425 22.0295 107.429
    endloop
  endfacet
  facet normal -0.706754 0.299767 0.640811
    outer loop
      vertex 13.5 22.7457 107.177
      vertex 13.425 22.7121 107.11
      vertex 13.5 22.0595 107.498
    endloop
  endfacet
  facet normal -0.708105 0.298951 0.6397
    outer loop
      vertex 13.425 22.7121 107.11
      vertex 13.425 22.0295 107.429
      vertex 13.5 22.0595 107.498
    endloop
  endfacet
  facet normal -0.706557 -0.300127 -0.640859
    outer loop
      vertex 13.5 22.7457 107.177
      vertex 13.425 22.0895 107.567
      vertex 13.425 22.7792 107.244
    endloop
  endfacet
  facet normal -0.708101 -0.299196 -0.63959
    outer loop
      vertex 13.5 22.0595 107.498
      vertex 13.425 22.0895 107.567
      vertex 13.5 22.7457 107.177
    endloop
  endfacet
  facet normal 0 -0.424114 -0.905609
    outer loop
      vertex -13.425 22.0895 107.567
      vertex 13.425 22.7792 107.244
      vertex 13.425 22.0895 107.567
    endloop
  endfacet
  facet normal -0 -0.424114 -0.905609
    outer loop
      vertex 13.425 22.7792 107.244
      vertex -13.425 22.0895 107.567
      vertex -13.425 22.7792 107.244
    endloop
  endfacet
  facet normal 0.706554 -0.299852 -0.640992
    outer loop
      vertex -13.425 22.7792 107.244
      vertex -13.5 22.0595 107.498
      vertex -13.5 22.7457 107.177
    endloop
  endfacet
  facet normal 0.708097 -0.299474 -0.639464
    outer loop
      vertex -13.425 22.0895 107.567
      vertex -13.5 22.0595 107.498
      vertex -13.425 22.7792 107.244
    endloop
  endfacet
  facet normal 0.708122 0.265173 0.654405
    outer loop
      vertex -13.425 22.0295 107.429
      vertex -13.5 22.0595 107.498
      vertex -13.425 21.3311 107.712
    endloop
  endfacet
  facet normal 0.710284 0.264756 0.652228
    outer loop
      vertex -13.5 22.0595 107.498
      vertex -13.5 21.3574 107.783
      vertex -13.425 21.3311 107.712
    endloop
  endfacet
  facet normal -0 0.375551 0.926802
    outer loop
      vertex -13.425 22.0295 107.429
      vertex 13.425 21.3311 107.712
      vertex 13.425 22.0295 107.429
    endloop
  endfacet
  facet normal 0 0.375551 0.926802
    outer loop
      vertex 13.425 21.3311 107.712
      vertex -13.425 22.0295 107.429
      vertex -13.425 21.3311 107.712
    endloop
  endfacet
  facet normal -0.708127 0.265572 0.654238
    outer loop
      vertex 13.5 22.0595 107.498
      vertex 13.425 22.0295 107.429
      vertex 13.5 21.3574 107.783
    endloop
  endfacet
  facet normal -0.71029 0.264354 0.652384
    outer loop
      vertex 13.425 22.0295 107.429
      vertex 13.425 21.3311 107.712
      vertex 13.5 21.3574 107.783
    endloop
  endfacet
  facet normal -0.708122 -0.265174 -0.654405
    outer loop
      vertex 13.5 22.0595 107.498
      vertex 13.425 21.3837 107.853
      vertex 13.425 22.0895 107.567
    endloop
  endfacet
  facet normal -0.705934 -0.266396 -0.656269
    outer loop
      vertex 13.5 21.3574 107.783
      vertex 13.425 21.3837 107.853
      vertex 13.5 22.0595 107.498
    endloop
  endfacet
  facet normal 0 -0.375553 -0.926801
    outer loop
      vertex -13.425 21.3837 107.853
      vertex 13.425 22.0895 107.567
      vertex 13.425 21.3837 107.853
    endloop
  endfacet
  facet normal -0 -0.375553 -0.926801
    outer loop
      vertex 13.425 22.0895 107.567
      vertex -13.425 21.3837 107.853
      vertex -13.425 22.0895 107.567
    endloop
  endfacet
  facet normal 0.708127 -0.265572 -0.654238
    outer loop
      vertex -13.425 22.0895 107.567
      vertex -13.5 21.3574 107.783
      vertex -13.5 22.0595 107.498
    endloop
  endfacet
  facet normal 0.70594 -0.265993 -0.656427
    outer loop
      vertex -13.425 21.3837 107.853
      vertex -13.5 21.3574 107.783
      vertex -13.425 22.0895 107.567
    endloop
  endfacet
  facet normal 0.710364 0.229731 0.665287
    outer loop
      vertex -13.425 21.3311 107.712
      vertex -13.5 21.3574 107.783
      vertex -13.425 20.6187 107.958
    endloop
  endfacet
  facet normal 0.709144 0.229902 0.666528
    outer loop
      vertex -13.5 21.3574 107.783
      vertex -13.5 20.6413 108.03
      vertex -13.425 20.6187 107.958
    endloop
  endfacet
  facet normal -0 0.3264 0.945232
    outer loop
      vertex -13.425 21.3311 107.712
      vertex 13.425 20.6187 107.958
      vertex 13.425 21.3311 107.712
    endloop
  endfacet
  facet normal 0 0.3264 0.945232
    outer loop
      vertex 13.425 20.6187 107.958
      vertex -13.425 21.3311 107.712
      vertex -13.425 20.6187 107.958
    endloop
  endfacet
  facet normal -0.710361 0.229502 0.665369
    outer loop
      vertex 13.5 21.3574 107.783
      vertex 13.425 21.3311 107.712
      vertex 13.5 20.6413 108.03
    endloop
  endfacet
  facet normal -0.709141 0.230134 0.666452
    outer loop
      vertex 13.425 21.3311 107.712
      vertex 13.425 20.6187 107.958
      vertex 13.5 20.6413 108.03
    endloop
  endfacet
  facet normal -0.705933 -0.231551 -0.66936
    outer loop
      vertex 13.5 21.3574 107.783
      vertex 13.425 20.6639 108.102
      vertex 13.425 21.3837 107.853
    endloop
  endfacet
  facet normal -0.709144 -0.229902 -0.666528
    outer loop
      vertex 13.5 20.6413 108.03
      vertex 13.425 20.6639 108.102
      vertex 13.5 21.3574 107.783
    endloop
  endfacet
  facet normal 0 -0.326921 -0.945052
    outer loop
      vertex -13.425 20.6639 108.102
      vertex 13.425 21.3837 107.853
      vertex 13.425 20.6639 108.102
    endloop
  endfacet
  facet normal -0 -0.326921 -0.945052
    outer loop
      vertex 13.425 21.3837 107.853
      vertex -13.425 20.6639 108.102
      vertex -13.425 21.3837 107.853
    endloop
  endfacet
  facet normal 0.705925 -0.230953 -0.669576
    outer loop
      vertex -13.425 21.3837 107.853
      vertex -13.5 20.6413 108.03
      vertex -13.5 21.3574 107.783
    endloop
  endfacet
  facet normal 0.709135 -0.230503 -0.66633
    outer loop
      vertex -13.425 20.6639 108.102
      vertex -13.5 20.6413 108.03
      vertex -13.425 21.3837 107.853
    endloop
  endfacet
  facet normal 0.709187 0.195462 0.677383
    outer loop
      vertex -13.425 20.6187 107.958
      vertex -13.5 20.6413 108.03
      vertex -13.425 19.8944 108.167
    endloop
  endfacet
  facet normal 0.704225 0.195887 0.682419
    outer loop
      vertex -13.5 20.6413 108.03
      vertex -13.5 19.9132 108.239
      vertex -13.425 19.8944 108.167
    endloop
  endfacet
  facet normal -0 0.277243 0.9608
    outer loop
      vertex -13.425 20.6187 107.958
      vertex 13.425 19.8944 108.167
      vertex 13.425 20.6187 107.958
    endloop
  endfacet
  facet normal 0 0.277243 0.9608
    outer loop
      vertex 13.425 19.8944 108.167
      vertex -13.425 20.6187 107.958
      vertex -13.425 19.8944 108.167
    endloop
  endfacet
  facet normal -0.709175 0.194523 0.677666
    outer loop
      vertex 13.5 20.6413 108.03
      vertex 13.425 20.6187 107.958
      vertex 13.5 19.9132 108.239
    endloop
  endfacet
  facet normal -0.704212 0.19684 0.682158
    outer loop
      vertex 13.425 20.6187 107.958
      vertex 13.425 19.8944 108.167
      vertex 13.5 19.9132 108.239
    endloop
  endfacet
  facet normal -0.709174 -0.194446 -0.677689
    outer loop
      vertex 13.5 20.6413 108.03
      vertex 13.425 19.932 108.312
      vertex 13.425 20.6639 108.102
    endloop
  endfacet
  facet normal -0.708767 -0.194636 -0.67806
    outer loop
      vertex 13.5 19.9132 108.239
      vertex 13.425 19.932 108.312
      vertex 13.5 20.6413 108.03
    endloop
  endfacet
  facet normal 0 -0.275796 -0.961216
    outer loop
      vertex -13.425 19.932 108.312
      vertex 13.425 20.6639 108.102
      vertex 13.425 19.932 108.312
    endloop
  endfacet
  facet normal -0 -0.275796 -0.961216
    outer loop
      vertex 13.425 20.6639 108.102
      vertex -13.425 19.932 108.312
      vertex -13.425 20.6639 108.102
    endloop
  endfacet
  facet normal 0.709175 -0.194523 -0.677666
    outer loop
      vertex -13.425 20.6639 108.102
      vertex -13.5 19.9132 108.239
      vertex -13.5 20.6413 108.03
    endloop
  endfacet
  facet normal 0.708768 -0.194558 -0.678081
    outer loop
      vertex -13.425 19.932 108.312
      vertex -13.5 19.9132 108.239
      vertex -13.425 20.6639 108.102
    endloop
  endfacet
  facet normal 0.70419 0.160141 0.691716
    outer loop
      vertex -13.425 19.8944 108.167
      vertex -13.5 19.9132 108.239
      vertex -13.425 19.1601 108.337
    endloop
  endfacet
  facet normal 0.704747 0.160123 0.691153
    outer loop
      vertex -13.5 19.9132 108.239
      vertex -13.5 19.1751 108.41
      vertex -13.425 19.1601 108.337
    endloop
  endfacet
  facet normal -0 0.225547 0.974232
    outer loop
      vertex -13.425 19.8944 108.167
      vertex 13.425 19.1601 108.337
      vertex 13.425 19.8944 108.167
    endloop
  endfacet
  facet normal 0 0.225547 0.974232
    outer loop
      vertex 13.425 19.1601 108.337
      vertex -13.425 19.8944 108.167
      vertex -13.425 19.1601 108.337
    endloop
  endfacet
  facet normal -0.704191 0.160248 0.69169
    outer loop
      vertex 13.5 19.9132 108.239
      vertex 13.425 19.8944 108.167
      vertex 13.5 19.1751 108.41
    endloop
  endfacet
  facet normal -0.704748 0.160016 0.691176
    outer loop
      vertex 13.425 19.8944 108.167
      vertex 13.425 19.1601 108.337
      vertex 13.5 19.1751 108.41
    endloop
  endfacet
  facet normal -0.708797 -0.159295 -0.687192
    outer loop
      vertex 13.5 19.9132 108.239
      vertex 13.425 19.19 108.484
      vertex 13.425 19.932 108.312
    endloop
  endfacet
  facet normal -0.709235 -0.159111 -0.686782
    outer loop
      vertex 13.5 19.1751 108.41
      vertex 13.425 19.19 108.484
      vertex 13.5 19.9132 108.239
    endloop
  endfacet
  facet normal 0 -0.225818 -0.974169
    outer loop
      vertex -13.425 19.19 108.484
      vertex 13.425 19.932 108.312
      vertex 13.425 19.19 108.484
    endloop
  endfacet
  facet normal -0 -0.225818 -0.974169
    outer loop
      vertex 13.425 19.932 108.312
      vertex -13.425 19.19 108.484
      vertex -13.425 19.932 108.312
    endloop
  endfacet
  facet normal 0.708796 -0.159211 -0.687212
    outer loop
      vertex -13.425 19.932 108.312
      vertex -13.5 19.1751 108.41
      vertex -13.5 19.9132 108.239
    endloop
  endfacet
  facet normal 0.709234 -0.159196 -0.686764
    outer loop
      vertex -13.425 19.19 108.484
      vertex -13.5 19.1751 108.41
      vertex -13.425 19.932 108.312
    endloop
  endfacet
  facet normal 0.704719 0.12332 0.698687
    outer loop
      vertex -13.425 19.1601 108.337
      vertex -13.5 19.1751 108.41
      vertex -13.425 18.4179 108.468
    endloop
  endfacet
  facet normal 0.706172 0.123351 0.697213
    outer loop
      vertex -13.5 19.1751 108.41
      vertex -13.5 18.429 108.542
      vertex -13.425 18.4179 108.468
    endloop
  endfacet
  facet normal -0 0.173816 0.984778
    outer loop
      vertex -13.425 19.1601 108.337
      vertex 13.425 18.4179 108.468
      vertex 13.425 19.1601 108.337
    endloop
  endfacet
  facet normal 0 0.173816 0.984778
    outer loop
      vertex 13.425 18.4179 108.468
      vertex -13.425 19.1601 108.337
      vertex -13.425 18.4179 108.468
    endloop
  endfacet
  facet normal -0.704723 0.123602 0.698633
    outer loop
      vertex 13.5 19.1751 108.41
      vertex 13.425 19.1601 108.337
      vertex 13.5 18.429 108.542
    endloop
  endfacet
  facet normal -0.706176 0.123068 0.697259
    outer loop
      vertex 13.425 19.1601 108.337
      vertex 13.425 18.4179 108.468
      vertex 13.5 18.429 108.542
    endloop
  endfacet
  facet normal -0.709277 -0.122205 -0.694256
    outer loop
      vertex 13.5 19.1751 108.41
      vertex 13.425 18.4401 108.616
      vertex 13.425 19.19 108.484
    endloop
  endfacet
  facet normal -0.706172 -0.123351 -0.697213
    outer loop
      vertex 13.5 18.429 108.542
      vertex 13.425 18.4401 108.616
      vertex 13.5 19.1751 108.41
    endloop
  endfacet
  facet normal 0 -0.173358 -0.984859
    outer loop
      vertex -13.425 18.4401 108.616
      vertex 13.425 19.19 108.484
      vertex 13.425 18.4401 108.616
    endloop
  endfacet
  facet normal -0 -0.173358 -0.984859
    outer loop
      vertex 13.425 19.19 108.484
      vertex -13.425 18.4401 108.616
      vertex -13.425 19.19 108.484
    endloop
  endfacet
  facet normal 0.709285 -0.122808 -0.694142
    outer loop
      vertex -13.425 19.19 108.484
      vertex -13.5 18.429 108.542
      vertex -13.5 19.1751 108.41
    endloop
  endfacet
  facet normal 0.70618 -0.122743 -0.697312
    outer loop
      vertex -13.425 18.4401 108.616
      vertex -13.5 18.429 108.542
      vertex -13.425 19.19 108.484
    endloop
  endfacet
  facet normal 0.706157 0.0854987 0.702875
    outer loop
      vertex -13.425 18.4179 108.468
      vertex -13.5 18.429 108.542
      vertex -13.425 17.6698 108.559
    endloop
  endfacet
  facet normal 0.708607 0.085685 0.700381
    outer loop
      vertex -13.5 18.429 108.542
      vertex -13.5 17.677 108.634
      vertex -13.425 17.6698 108.559
    endloop
  endfacet
  facet normal -0 0.120751 0.992683
    outer loop
      vertex -13.425 18.4179 108.468
      vertex 13.425 17.6698 108.559
      vertex 13.425 18.4179 108.468
    endloop
  endfacet
  facet normal 0 0.120751 0.992683
    outer loop
      vertex 13.425 17.6698 108.559
      vertex -13.425 18.4179 108.468
      vertex -13.425 17.6698 108.559
    endloop
  endfacet
  facet normal -0.706163 0.0859819 0.702809
    outer loop
      vertex 13.5 18.429 108.542
      vertex 13.425 18.4179 108.468
      vertex 13.5 17.677 108.634
    endloop
  endfacet
  facet normal -0.708613 0.0852018 0.700434
    outer loop
      vertex 13.425 18.4179 108.468
      vertex 13.425 17.6698 108.559
      vertex 13.5 17.677 108.634
    endloop
  endfacet
  facet normal -0.70617 -0.0864601 -0.702744
    outer loop
      vertex 13.5 18.429 108.542
      vertex 13.425 17.6842 108.709
      vertex 13.425 18.4401 108.616
    endloop
  endfacet
  facet normal -0.708607 -0.085685 -0.700381
    outer loop
      vertex 13.5 17.677 108.634
      vertex 13.425 17.6842 108.709
      vertex 13.5 18.429 108.542
    endloop
  endfacet
  facet normal 0 -0.122111 -0.992516
    outer loop
      vertex -13.425 17.6842 108.709
      vertex 13.425 18.4401 108.616
      vertex 13.425 17.6842 108.709
    endloop
  endfacet
  facet normal -0 -0.122111 -0.992516
    outer loop
      vertex 13.425 18.4401 108.616
      vertex -13.425 17.6842 108.709
      vertex -13.425 18.4401 108.616
    endloop
  endfacet
  facet normal 0.706163 -0.0859819 -0.702809
    outer loop
      vertex -13.425 18.4401 108.616
      vertex -13.5 17.677 108.634
      vertex -13.5 18.429 108.542
    endloop
  endfacet
  facet normal 0.708601 -0.086163 -0.700329
    outer loop
      vertex -13.425 17.6842 108.709
      vertex -13.5 17.677 108.634
      vertex -13.425 18.4401 108.616
    endloop
  endfacet
  facet normal 0.708613 0.0496196 0.70385
    outer loop
      vertex -13.425 17.6698 108.559
      vertex -13.5 17.677 108.634
      vertex -13.425 16.918 108.612
    endloop
  endfacet
  facet normal 0.707296 0.0494507 0.705186
    outer loop
      vertex -13.5 17.677 108.634
      vertex -13.5 16.9212 108.687
      vertex -13.425 16.918 108.612
    endloop
  endfacet
  facet normal -0 0.0703229 0.997524
    outer loop
      vertex -13.425 17.6698 108.559
      vertex 13.425 16.918 108.612
      vertex 13.425 17.6698 108.559
    endloop
  endfacet
  facet normal 0 0.0703229 0.997524
    outer loop
      vertex 13.425 16.918 108.612
      vertex -13.425 17.6698 108.559
      vertex -13.425 16.918 108.612
    endloop
  endfacet
  facet normal -0.70861 0.0493586 0.703872
    outer loop
      vertex 13.5 17.677 108.634
      vertex 13.425 17.6698 108.559
      vertex 13.5 16.9212 108.687
    endloop
  endfacet
  facet normal -0.707292 0.0497128 0.705171
    outer loop
      vertex 13.425 17.6698 108.559
      vertex 13.425 16.918 108.612
      vertex 13.5 16.9212 108.687
    endloop
  endfacet
  facet normal -0.708607 -0.0491066 -0.703893
    outer loop
      vertex 13.5 17.677 108.634
      vertex 13.425 16.9245 108.762
      vertex 13.425 17.6842 108.709
    endloop
  endfacet
  facet normal -0.707329 -0.0494484 -0.705153
    outer loop
      vertex 13.5 16.9212 108.687
      vertex 13.425 16.9245 108.762
      vertex 13.5 17.677 108.634
    endloop
  endfacet
  facet normal 0 -0.0695952 -0.997575
    outer loop
      vertex -13.425 16.9245 108.762
      vertex 13.425 17.6842 108.709
      vertex 13.425 16.9245 108.762
    endloop
  endfacet
  facet normal -0 -0.0695952 -0.997575
    outer loop
      vertex 13.425 17.6842 108.709
      vertex -13.425 16.9245 108.762
      vertex -13.425 17.6842 108.709
    endloop
  endfacet
  facet normal 0.70861 -0.0493586 -0.703872
    outer loop
      vertex -13.425 17.6842 108.709
      vertex -13.5 16.9212 108.687
      vertex -13.5 17.677 108.634
    endloop
  endfacet
  facet normal 0.707332 -0.0491956 -0.705167
    outer loop
      vertex -13.425 16.9245 108.762
      vertex -13.5 16.9212 108.687
      vertex -13.425 17.6842 108.709
    endloop
  endfacet
  facet normal 0.707302 0.0112566 0.706822
    outer loop
      vertex -13.425 16.918 108.612
      vertex -13.5 16.9212 108.687
      vertex -13.425 16.1645 108.624
    endloop
  endfacet
  facet normal 0.707003 0.0112019 0.707122
    outer loop
      vertex -13.5 16.9212 108.687
      vertex -13.5 16.1637 108.699
      vertex -13.425 16.1645 108.624
    endloop
  endfacet
  facet normal -0 0.0159237 0.999873
    outer loop
      vertex -13.425 16.918 108.612
      vertex 13.425 16.1645 108.624
      vertex 13.425 16.918 108.612
    endloop
  endfacet
  facet normal 0 0.0159237 0.999873
    outer loop
      vertex 13.425 16.1645 108.624
      vertex -13.425 16.918 108.612
      vertex -13.425 16.1645 108.624
    endloop
  endfacet
  facet normal -0.707301 0.0111972 0.706824
    outer loop
      vertex 13.5 16.9212 108.687
      vertex 13.425 16.918 108.612
      vertex 13.5 16.1637 108.699
    endloop
  endfacet
  facet normal -0.707002 0.0112614 0.707122
    outer loop
      vertex 13.425 16.918 108.612
      vertex 13.425 16.1645 108.624
      vertex 13.5 16.1637 108.699
    endloop
  endfacet
  facet normal -0.707308 -0.0111383 -0.706818
    outer loop
      vertex 13.5 16.9212 108.687
      vertex 13.425 16.163 108.774
      vertex 13.425 16.9245 108.762
    endloop
  endfacet
  facet normal -0.70701 -0.0112018 -0.707115
    outer loop
      vertex 13.5 16.1637 108.699
      vertex 13.425 16.163 108.774
      vertex 13.5 16.9212 108.687
    endloop
  endfacet
  facet normal 0 -0.0157564 -0.999876
    outer loop
      vertex -13.425 16.163 108.774
      vertex 13.425 16.9245 108.762
      vertex 13.425 16.163 108.774
    endloop
  endfacet
  facet normal -0 -0.0157564 -0.999876
    outer loop
      vertex 13.425 16.9245 108.762
      vertex -13.425 16.163 108.774
      vertex -13.425 16.9245 108.762
    endloop
  endfacet
  facet normal 0.707309 -0.0111971 -0.706816
    outer loop
      vertex -13.425 16.9245 108.762
      vertex -13.5 16.1637 108.699
      vertex -13.5 16.9212 108.687
    endloop
  endfacet
  facet normal 0.707011 -0.011143 -0.707115
    outer loop
      vertex -13.425 16.163 108.774
      vertex -13.5 16.1637 108.699
      vertex -13.425 16.9245 108.762
    endloop
  endfacet
  facet normal 0.707015 -0.0253347 0.706745
    outer loop
      vertex -13.425 16.1645 108.624
      vertex -13.5 16.1637 108.699
      vertex -13.425 15.4113 108.597
    endloop
  endfacet
  facet normal 0.707671 -0.025181 0.706093
    outer loop
      vertex -13.5 16.1637 108.699
      vertex -13.5 15.4066 108.672
      vertex -13.425 15.4113 108.597
    endloop
  endfacet
  facet normal 0 -0.035824 0.999358
    outer loop
      vertex -13.425 16.1645 108.624
      vertex 13.425 15.4113 108.597
      vertex 13.425 16.1645 108.624
    endloop
  endfacet
  facet normal 0 -0.035824 0.999358
    outer loop
      vertex 13.425 15.4113 108.597
      vertex -13.425 16.1645 108.624
      vertex -13.425 15.4113 108.597
    endloop
  endfacet
  facet normal -0.707017 -0.0252043 0.706748
    outer loop
      vertex 13.5 16.1637 108.699
      vertex 13.425 16.1645 108.624
      vertex 13.5 15.4066 108.672
    endloop
  endfacet
  facet normal -0.707673 -0.0253111 0.706087
    outer loop
      vertex 13.425 16.1645 108.624
      vertex 13.425 15.4113 108.597
      vertex 13.5 15.4066 108.672
    endloop
  endfacet
  facet normal -0.707001 0.0250758 -0.706767
    outer loop
      vertex 13.5 16.1637 108.699
      vertex 13.425 15.402 108.747
      vertex 13.425 16.163 108.774
    endloop
  endfacet
  facet normal -0.707654 0.0251816 -0.70611
    outer loop
      vertex 13.5 15.4066 108.672
      vertex 13.425 15.402 108.747
      vertex 13.5 16.1637 108.699
    endloop
  endfacet
  facet normal 0 0.0354573 -0.999371
    outer loop
      vertex -13.425 15.402 108.747
      vertex 13.425 16.163 108.774
      vertex 13.425 15.402 108.747
    endloop
  endfacet
  facet normal 0 0.0354573 -0.999371
    outer loop
      vertex 13.425 16.163 108.774
      vertex -13.425 15.402 108.747
      vertex -13.425 16.163 108.774
    endloop
  endfacet
  facet normal 0.707 0.0252049 -0.706765
    outer loop
      vertex -13.425 16.163 108.774
      vertex -13.5 15.4066 108.672
      vertex -13.5 16.1637 108.699
    endloop
  endfacet
  facet normal 0.707653 0.0250527 -0.706116
    outer loop
      vertex -13.425 15.402 108.747
      vertex -13.5 15.4066 108.672
      vertex -13.425 16.163 108.774
    endloop
  endfacet
  facet normal 0.707688 -0.0618776 0.70381
    outer loop
      vertex -13.425 15.4113 108.597
      vertex -13.5 15.4066 108.672
      vertex -13.425 14.6606 108.531
    endloop
  endfacet
  facet normal 0.704598 -0.0627582 0.706826
    outer loop
      vertex -13.5 15.4066 108.672
      vertex -13.5 14.652 108.605
      vertex -13.425 14.6606 108.531
    endloop
  endfacet
  facet normal 0 -0.0875801 0.996157
    outer loop
      vertex -13.425 15.4113 108.597
      vertex 13.425 14.6606 108.531
      vertex 13.425 15.4113 108.597
    endloop
  endfacet
  facet normal 0 -0.0875801 0.996157
    outer loop
      vertex 13.425 14.6606 108.531
      vertex -13.425 15.4113 108.597
      vertex -13.425 14.6606 108.531
    endloop
  endfacet
  facet normal -0.70768 -0.0624864 0.703764
    outer loop
      vertex 13.5 15.4066 108.672
      vertex 13.425 15.4113 108.597
      vertex 13.5 14.652 108.605
    endloop
  endfacet
  facet normal -0.70459 -0.0621482 0.706888
    outer loop
      vertex 13.425 15.4113 108.597
      vertex 13.425 14.6606 108.531
      vertex 13.5 14.652 108.605
    endloop
  endfacet
  facet normal -0.707643 0.0621627 -0.70383
    outer loop
      vertex 13.5 15.4066 108.672
      vertex 13.425 14.6434 108.68
      vertex 13.425 15.402 108.747
    endloop
  endfacet
  facet normal -0.709297 0.0623428 -0.702148
    outer loop
      vertex 13.5 14.652 108.605
      vertex 13.425 14.6434 108.68
      vertex 13.5 15.4066 108.672
    endloop
  endfacet
  facet normal 0 0.0879781 -0.996122
    outer loop
      vertex -13.425 14.6434 108.68
      vertex 13.425 15.402 108.747
      vertex 13.425 14.6434 108.68
    endloop
  endfacet
  facet normal 0 0.0879781 -0.996122
    outer loop
      vertex 13.425 15.402 108.747
      vertex -13.425 14.6434 108.68
      vertex -13.425 15.402 108.747
    endloop
  endfacet
  facet normal 0.707639 0.06249 -0.703806
    outer loop
      vertex -13.425 15.402 108.747
      vertex -13.5 14.652 108.605
      vertex -13.5 15.4066 108.672
    endloop
  endfacet
  facet normal 0.709292 0.062017 -0.702181
    outer loop
      vertex -13.425 14.6434 108.68
      vertex -13.5 14.652 108.605
      vertex -13.425 15.402 108.747
    endloop
  endfacet
  facet normal 0.704614 -0.0997977 0.702538
    outer loop
      vertex -13.425 14.6606 108.531
      vertex -13.5 14.652 108.605
      vertex -13.425 13.9144 108.425
    endloop
  endfacet
  facet normal 0.707206 -0.0989275 0.700052
    outer loop
      vertex -13.5 14.652 108.605
      vertex -13.5 13.9019 108.499
      vertex -13.425 13.9144 108.425
    endloop
  endfacet
  facet normal 0 -0.140641 0.990061
    outer loop
      vertex -13.425 14.6606 108.531
      vertex 13.425 13.9144 108.425
      vertex 13.425 14.6606 108.531
    endloop
  endfacet
  facet normal 0 -0.140641 0.990061
    outer loop
      vertex 13.425 13.9144 108.425
      vertex -13.425 14.6606 108.531
      vertex -13.425 13.9144 108.425
    endloop
  endfacet
  facet normal -0.704621 -0.0992881 0.702604
    outer loop
      vertex 13.5 14.652 108.605
      vertex 13.425 14.6606 108.531
      vertex 13.5 13.9019 108.499
    endloop
  endfacet
  facet normal -0.707213 -0.0994334 0.699974
    outer loop
      vertex 13.425 14.6606 108.531
      vertex 13.425 13.9144 108.425
      vertex 13.5 13.9019 108.499
    endloop
  endfacet
  facet normal -0.709286 0.0990429 -0.697929
    outer loop
      vertex 13.5 14.652 108.605
      vertex 13.425 13.8894 108.573
      vertex 13.425 14.6434 108.68
    endloop
  endfacet
  facet normal -0.707206 0.0989275 -0.700052
    outer loop
      vertex 13.5 13.9019 108.499
      vertex 13.425 13.8894 108.573
      vertex 13.5 14.652 108.605
    endloop
  endfacet
  facet normal 0 0.140502 -0.99008
    outer loop
      vertex -13.425 13.8894 108.573
      vertex 13.425 14.6434 108.68
      vertex 13.425 13.8894 108.573
    endloop
  endfacet
  facet normal 0 0.140502 -0.99008
    outer loop
      vertex 13.425 14.6434 108.68
      vertex -13.425 13.8894 108.573
      vertex -13.425 14.6434 108.68
    endloop
  endfacet
  facet normal 0.709291 0.0986348 -0.697981
    outer loop
      vertex -13.425 14.6434 108.68
      vertex -13.5 13.9019 108.499
      vertex -13.5 14.652 108.605
    endloop
  endfacet
  facet normal 0.707212 0.0993353 -0.699989
    outer loop
      vertex -13.425 13.8894 108.573
      vertex -13.5 13.9019 108.499
      vertex -13.425 14.6434 108.68
    endloop
  endfacet
  facet normal 0.707213 -0.136019 0.693793
    outer loop
      vertex -13.425 13.9144 108.425
      vertex -13.5 13.9019 108.499
      vertex -13.425 13.1748 108.28
    endloop
  endfacet
  facet normal 0.706125 -0.13644 0.694818
    outer loop
      vertex -13.5 13.9019 108.499
      vertex -13.5 13.1584 108.353
      vertex -13.425 13.1748 108.28
    endloop
  endfacet
  facet normal 0 -0.192389 0.981319
    outer loop
      vertex -13.425 13.9144 108.425
      vertex 13.425 13.1748 108.28
      vertex 13.425 13.9144 108.425
    endloop
  endfacet
  facet normal 0 -0.192389 0.981319
    outer loop
      vertex 13.425 13.1748 108.28
      vertex -13.425 13.9144 108.425
      vertex -13.425 13.1748 108.28
    endloop
  endfacet
  facet normal -0.70721 -0.136232 0.693755
    outer loop
      vertex 13.5 13.9019 108.499
      vertex 13.425 13.9144 108.425
      vertex 13.5 13.1584 108.353
    endloop
  endfacet
  facet normal -0.706122 -0.136229 0.694863
    outer loop
      vertex 13.425 13.9144 108.425
      vertex 13.425 13.1748 108.28
      vertex 13.5 13.1584 108.353
    endloop
  endfacet
  facet normal -0.707207 0.136459 -0.693713
    outer loop
      vertex 13.5 13.9019 108.499
      vertex 13.425 13.1421 108.426
      vertex 13.425 13.8894 108.573
    endloop
  endfacet
  facet normal -0.706033 0.136458 -0.694907
    outer loop
      vertex 13.5 13.1584 108.353
      vertex 13.425 13.1421 108.426
      vertex 13.5 13.9019 108.499
    endloop
  endfacet
  facet normal 0 0.193009 -0.981197
    outer loop
      vertex -13.425 13.1421 108.426
      vertex 13.425 13.8894 108.573
      vertex 13.425 13.1421 108.426
    endloop
  endfacet
  facet normal 0 0.193009 -0.981197
    outer loop
      vertex 13.425 13.8894 108.573
      vertex -13.425 13.1421 108.426
      vertex -13.425 13.8894 108.573
    endloop
  endfacet
  facet normal 0.70721 0.136232 -0.693755
    outer loop
      vertex -13.425 13.8894 108.573
      vertex -13.5 13.1584 108.353
      vertex -13.5 13.9019 108.499
    endloop
  endfacet
  facet normal 0.706036 0.136685 -0.69486
    outer loop
      vertex -13.425 13.1421 108.426
      vertex -13.5 13.1584 108.353
      vertex -13.425 13.8894 108.573
    endloop
  endfacet
  facet normal 0.706138 -0.17286 0.68665
    outer loop
      vertex -13.425 13.1748 108.28
      vertex -13.5 13.1584 108.353
      vertex -13.425 12.4439 108.096
    endloop
  endfacet
  facet normal 0.705939 -0.172947 0.686832
    outer loop
      vertex -13.5 13.1584 108.353
      vertex -13.5 12.4237 108.168
      vertex -13.425 12.4439 108.096
    endloop
  endfacet
  facet normal 0 -0.244127 0.969743
    outer loop
      vertex -13.425 13.1748 108.28
      vertex 13.425 12.4439 108.096
      vertex 13.425 13.1748 108.28
    endloop
  endfacet
  facet normal 0 -0.244127 0.969743
    outer loop
      vertex 13.425 12.4439 108.096
      vertex -13.425 13.1748 108.28
      vertex -13.425 12.4439 108.096
    endloop
  endfacet
  facet normal -0.706138 -0.172899 0.686641
    outer loop
      vertex 13.5 13.1584 108.353
      vertex 13.425 13.1748 108.28
      vertex 13.5 12.4237 108.168
    endloop
  endfacet
  facet normal -0.705939 -0.172909 0.686843
    outer loop
      vertex 13.425 13.1748 108.28
      vertex 13.425 12.4439 108.096
      vertex 13.5 12.4237 108.168
    endloop
  endfacet
  facet normal -0.706034 0.172065 -0.686957
    outer loop
      vertex 13.5 13.1584 108.353
      vertex 13.425 12.4035 108.241
      vertex 13.425 13.1421 108.426
    endloop
  endfacet
  facet normal -0.710489 0.171832 -0.682407
    outer loop
      vertex 13.5 12.4237 108.168
      vertex 13.425 12.4035 108.241
      vertex 13.5 13.1584 108.353
    endloop
  endfacet
  facet normal 0 0.242968 -0.970034
    outer loop
      vertex -13.425 12.4035 108.241
      vertex 13.425 13.1421 108.426
      vertex 13.425 12.4035 108.241
    endloop
  endfacet
  facet normal 0 0.242968 -0.970034
    outer loop
      vertex 13.425 13.1421 108.426
      vertex -13.425 12.4035 108.241
      vertex -13.425 13.1421 108.426
    endloop
  endfacet
  facet normal 0.706022 0.172927 -0.686753
    outer loop
      vertex -13.425 13.1421 108.426
      vertex -13.5 12.4237 108.168
      vertex -13.5 13.1584 108.353
    endloop
  endfacet
  facet normal 0.710479 0.170981 -0.682631
    outer loop
      vertex -13.425 12.4035 108.241
      vertex -13.5 12.4237 108.168
      vertex -13.425 13.1421 108.426
    endloop
  endfacet
  facet normal 0.705953 -0.208606 0.676842
    outer loop
      vertex -13.425 12.4439 108.096
      vertex -13.5 12.4237 108.168
      vertex -13.425 11.7236 107.874
    endloop
  endfacet
  facet normal 0.706585 -0.2083 0.676275
    outer loop
      vertex -13.5 12.4237 108.168
      vertex -13.5 11.6997 107.945
      vertex -13.425 11.7236 107.874
    endloop
  endfacet
  facet normal 0 -0.294533 0.955641
    outer loop
      vertex -13.425 12.4439 108.096
      vertex 13.425 11.7236 107.874
      vertex 13.425 12.4439 108.096
    endloop
  endfacet
  facet normal 0 -0.294533 0.955641
    outer loop
      vertex 13.425 11.7236 107.874
      vertex -13.425 12.4439 108.096
      vertex -13.425 11.7236 107.874
    endloop
  endfacet
  facet normal -0.705954 -0.208486 0.676877
    outer loop
      vertex 13.5 12.4237 108.168
      vertex 13.425 12.4439 108.096
      vertex 13.5 11.6997 107.945
    endloop
  endfacet
  facet normal -0.706587 -0.208419 0.676237
    outer loop
      vertex 13.425 12.4439 108.096
      vertex 13.425 11.7236 107.874
      vertex 13.5 11.6997 107.945
    endloop
  endfacet
  facet normal -0.710428 0.207865 -0.672373
    outer loop
      vertex 13.5 12.4237 108.168
      vertex 13.425 11.6757 108.016
      vertex 13.425 12.4035 108.241
    endloop
  endfacet
  facet normal -0.706724 0.208259 -0.676142
    outer loop
      vertex 13.5 11.6997 107.945
      vertex 13.425 11.6757 108.016
      vertex 13.5 12.4237 108.168
    endloop
  endfacet
  facet normal 0 0.295359 -0.955386
    outer loop
      vertex -13.425 11.6757 108.016
      vertex 13.425 12.4035 108.241
      vertex 13.425 11.6757 108.016
    endloop
  endfacet
  facet normal 0 0.295359 -0.955386
    outer loop
      vertex 13.425 12.4035 108.241
      vertex -13.425 11.6757 108.016
      vertex -13.425 12.4035 108.241
    endloop
  endfacet
  facet normal 0.710438 0.207162 -0.672578
    outer loop
      vertex -13.425 12.4035 108.241
      vertex -13.5 11.6997 107.945
      vertex -13.5 12.4237 108.168
    endloop
  endfacet
  facet normal 0.706734 0.20896 -0.675916
    outer loop
      vertex -13.425 11.6757 108.016
      vertex -13.5 11.6997 107.945
      vertex -13.425 12.4035 108.241
    endloop
  endfacet
  facet normal 0.706583 -0.24323 0.664515
    outer loop
      vertex -13.425 11.7236 107.874
      vertex -13.5 11.6997 107.945
      vertex -13.425 11.016 107.615
    endloop
  endfacet
  facet normal 0.708146 -0.242401 0.663153
    outer loop
      vertex -13.5 11.6997 107.945
      vertex -13.5 10.9884 107.685
      vertex -13.425 11.016 107.615
    endloop
  endfacet
  facet normal 0 -0.343724 0.939071
    outer loop
      vertex -13.425 11.7236 107.874
      vertex 13.425 11.016 107.615
      vertex 13.425 11.7236 107.874
    endloop
  endfacet
  facet normal 0 -0.343724 0.939071
    outer loop
      vertex 13.425 11.016 107.615
      vertex -13.425 11.7236 107.874
      vertex -13.425 11.016 107.615
    endloop
  endfacet
  facet normal -0.706587 -0.242936 0.664618
    outer loop
      vertex 13.5 11.6997 107.945
      vertex 13.425 11.7236 107.874
      vertex 13.5 10.9884 107.685
    endloop
  endfacet
  facet normal -0.70815 -0.242691 0.663042
    outer loop
      vertex 13.425 11.7236 107.874
      vertex 13.425 11.016 107.615
      vertex 13.5 10.9884 107.685
    endloop
  endfacet
  facet normal -0.706742 0.243414 -0.664278
    outer loop
      vertex 13.5 11.6997 107.945
      vertex 13.425 10.9607 107.754
      vertex 13.425 11.6757 108.016
    endloop
  endfacet
  facet normal -0.70386 0.243867 -0.667165
    outer loop
      vertex 13.5 10.9884 107.685
      vertex 13.425 10.9607 107.754
      vertex 13.5 11.6997 107.945
    endloop
  endfacet
  facet normal 0 0.344062 -0.938947
    outer loop
      vertex -13.425 10.9607 107.754
      vertex 13.425 11.6757 108.016
      vertex 13.425 10.9607 107.754
    endloop
  endfacet
  facet normal 0 0.344062 -0.938947
    outer loop
      vertex 13.425 11.6757 108.016
      vertex -13.425 10.9607 107.754
      vertex -13.425 11.6757 108.016
    endloop
  endfacet
  facet normal 0.706749 0.242881 -0.664466
    outer loop
      vertex -13.425 11.6757 108.016
      vertex -13.5 10.9884 107.685
      vertex -13.5 11.6997 107.945
    endloop
  endfacet
  facet normal 0.703869 0.244397 -0.666962
    outer loop
      vertex -13.425 10.9607 107.754
      vertex -13.5 10.9884 107.685
      vertex -13.425 11.6757 108.016
    endloop
  endfacet
  facet normal 0.708117 -0.277386 0.649328
    outer loop
      vertex -13.425 11.016 107.615
      vertex -13.5 10.9884 107.685
      vertex -13.425 10.3231 107.319
    endloop
  endfacet
  facet normal 0.706305 -0.27843 0.650853
    outer loop
      vertex -13.5 10.9884 107.685
      vertex -13.5 10.2918 107.387
      vertex -13.425 10.3231 107.319
    endloop
  endfacet
  facet normal 0 -0.392846 0.919604
    outer loop
      vertex -13.425 11.016 107.615
      vertex 13.425 10.3231 107.319
      vertex 13.425 11.016 107.615
    endloop
  endfacet
  facet normal 0 -0.392846 0.919604
    outer loop
      vertex 13.425 10.3231 107.319
      vertex -13.425 11.016 107.615
      vertex -13.425 10.3231 107.319
    endloop
  endfacet
  facet normal -0.708112 -0.277719 0.649191
    outer loop
      vertex 13.5 10.9884 107.685
      vertex 13.425 11.016 107.615
      vertex 13.5 10.2918 107.387
    endloop
  endfacet
  facet normal -0.7063 -0.2781 0.650999
    outer loop
      vertex 13.425 11.016 107.615
      vertex 13.425 10.3231 107.319
      vertex 13.5 10.2918 107.387
    endloop
  endfacet
  facet normal -0.70395 0.278925 -0.653189
    outer loop
      vertex 13.5 10.9884 107.685
      vertex 13.425 10.2605 107.455
      vertex 13.425 10.9607 107.754
    endloop
  endfacet
  facet normal -0.706305 0.27843 -0.650853
    outer loop
      vertex 13.5 10.2918 107.387
      vertex 13.425 10.2605 107.455
      vertex 13.5 10.9884 107.685
    endloop
  endfacet
  facet normal 0 0.392714 -0.919661
    outer loop
      vertex -13.425 10.2605 107.455
      vertex 13.425 10.9607 107.754
      vertex 13.425 10.2605 107.455
    endloop
  endfacet
  facet normal 0 0.392714 -0.919661
    outer loop
      vertex 13.425 10.9607 107.754
      vertex -13.425 10.2605 107.455
      vertex -13.425 10.9607 107.754
    endloop
  endfacet
  facet normal 0.703945 0.279353 -0.653011
    outer loop
      vertex -13.425 10.9607 107.754
      vertex -13.5 10.2918 107.387
      vertex -13.5 10.9884 107.685
    endloop
  endfacet
  facet normal 0.706299 0.278008 -0.651041
    outer loop
      vertex -13.425 10.2605 107.455
      vertex -13.5 10.2918 107.387
      vertex -13.425 10.9607 107.754
    endloop
  endfacet
  facet normal 0.706315 -0.312651 0.635113
    outer loop
      vertex -13.425 10.3231 107.319
      vertex -13.5 10.2918 107.387
      vertex -13.425 9.64665 106.986
    endloop
  endfacet
  facet normal 0.709418 -0.310725 0.632595
    outer loop
      vertex -13.5 10.2918 107.387
      vertex -13.5 9.61182 107.053
      vertex -13.425 9.64665 106.986
    endloop
  endfacet
  facet normal 0 -0.441661 0.897182
    outer loop
      vertex -13.425 10.3231 107.319
      vertex 13.425 9.64665 106.986
      vertex 13.425 10.3231 107.319
    endloop
  endfacet
  facet normal 0 -0.441661 0.897182
    outer loop
      vertex 13.425 9.64665 106.986
      vertex -13.425 10.3231 107.319
      vertex -13.425 9.64665 106.986
    endloop
  endfacet
  facet normal -0.706323 -0.312092 0.635379
    outer loop
      vertex 13.5 10.2918 107.387
      vertex 13.425 10.3231 107.319
      vertex 13.5 9.61182 107.053
    endloop
  endfacet
  facet normal -0.709425 -0.311274 0.632317
    outer loop
      vertex 13.425 10.3231 107.319
      vertex 13.425 9.64665 106.986
      vertex 13.5 9.61182 107.053
    endloop
  endfacet
  facet normal -0.70632 0.312293 -0.635283
    outer loop
      vertex 13.5 10.2918 107.387
      vertex 13.425 9.57699 107.119
      vertex 13.425 10.2605 107.455
    endloop
  endfacet
  facet normal -0.705191 0.31259 -0.636391
    outer loop
      vertex 13.5 9.61182 107.053
      vertex 13.425 9.57699 107.119
      vertex 13.5 10.2918 107.387
    endloop
  endfacet
  facet normal 0 0.441158 -0.897429
    outer loop
      vertex -13.425 9.57699 107.119
      vertex 13.425 10.2605 107.455
      vertex 13.425 9.57699 107.119
    endloop
  endfacet
  facet normal 0 0.441158 -0.897429
    outer loop
      vertex 13.425 10.2605 107.455
      vertex -13.425 9.57699 107.119
      vertex -13.425 10.2605 107.455
    endloop
  endfacet
  facet normal 0.706323 0.312092 -0.635379
    outer loop
      vertex -13.425 10.2605 107.455
      vertex -13.5 9.61182 107.053
      vertex -13.5 10.2918 107.387
    endloop
  endfacet
  facet normal 0.705194 0.312788 -0.63629
    outer loop
      vertex -13.425 9.57699 107.119
      vertex -13.5 9.61182 107.053
      vertex -13.425 10.2605 107.455
    endloop
  endfacet
  facet normal 0.709358 -0.343341 0.615572
    outer loop
      vertex -13.425 9.64665 106.986
      vertex -13.5 9.61182 107.053
      vertex -13.425 8.98866 106.619
    endloop
  endfacet
  facet normal 0.704943 -0.346259 0.618999
    outer loop
      vertex -13.5 9.61182 107.053
      vertex -13.5 8.95038 106.683
      vertex -13.425 8.98866 106.619
    endloop
  endfacet
  facet normal 0 -0.487113 0.873339
    outer loop
      vertex -13.425 9.64665 106.986
      vertex 13.425 8.98866 106.619
      vertex 13.425 9.64665 106.986
    endloop
  endfacet
  facet normal 0 -0.487113 0.873339
    outer loop
      vertex 13.425 8.98866 106.619
      vertex -13.425 9.64665 106.986
      vertex -13.425 8.98866 106.619
    endloop
  endfacet
  facet normal -0.709345 -0.34411 0.615157
    outer loop
      vertex 13.5 9.61182 107.053
      vertex 13.425 9.64665 106.986
      vertex 13.5 8.95038 106.683
    endloop
  endfacet
  facet normal -0.70493 -0.345498 0.619439
    outer loop
      vertex 13.425 9.64665 106.986
      vertex 13.425 8.98866 106.619
      vertex 13.5 8.95038 106.683
    endloop
  endfacet
  facet normal -0.705243 0.345454 -0.619107
    outer loop
      vertex 13.5 9.61182 107.053
      vertex 13.425 8.9121 106.748
      vertex 13.425 9.57699 107.119
    endloop
  endfacet
  facet normal -0.709059 0.34425 -0.615408
    outer loop
      vertex 13.5 8.95038 106.683
      vertex 13.425 8.9121 106.748
      vertex 13.5 9.61182 107.053
    endloop
  endfacet
  facet normal 0 0.487265 -0.873254
    outer loop
      vertex -13.425 8.9121 106.748
      vertex 13.425 9.57699 107.119
      vertex 13.425 8.9121 106.748
    endloop
  endfacet
  facet normal 0 0.487265 -0.873254
    outer loop
      vertex 13.425 9.57699 107.119
      vertex -13.425 8.9121 106.748
      vertex -13.425 9.57699 107.119
    endloop
  endfacet
  facet normal 0.705234 0.346118 -0.618747
    outer loop
      vertex -13.425 9.57699 107.119
      vertex -13.5 8.95038 106.683
      vertex -13.5 9.61182 107.053
    endloop
  endfacet
  facet normal 0.70905 0.343598 -0.615782
    outer loop
      vertex -13.425 8.9121 106.748
      vertex -13.5 8.95038 106.683
      vertex -13.425 9.57699 107.119
    endloop
  endfacet
  facet normal 0.704996 -0.378175 0.599971
    outer loop
      vertex -13.425 8.98866 106.619
      vertex -13.5 8.95038 106.683
      vertex -13.425 8.35089 106.217
    endloop
  endfacet
  facet normal 0.705392 -0.377898 0.599679
    outer loop
      vertex -13.5 8.95038 106.683
      vertex -13.5 8.30928 106.279
      vertex -13.425 8.35089 106.217
    endloop
  endfacet
  facet normal 0 -0.533232 0.845969
    outer loop
      vertex -13.425 8.98866 106.619
      vertex 13.425 8.35089 106.217
      vertex 13.425 8.98866 106.619
    endloop
  endfacet
  facet normal 0 -0.533232 0.845969
    outer loop
      vertex 13.425 8.35089 106.217
      vertex -13.425 8.98866 106.619
      vertex -13.425 8.35089 106.217
    endloop
  endfacet
  facet normal -0.704996 -0.378108 0.600012
    outer loop
      vertex 13.5 8.95038 106.683
      vertex 13.425 8.98866 106.619
      vertex 13.5 8.30928 106.279
    endloop
  endfacet
  facet normal -0.705393 -0.377963 0.599636
    outer loop
      vertex 13.425 8.98866 106.619
      vertex 13.425 8.35089 106.217
      vertex 13.5 8.30928 106.279
    endloop
  endfacet
  facet normal -0.708988 0.375911 -0.59668
    outer loop
      vertex 13.5 8.95038 106.683
      vertex 13.425 8.26766 106.342
      vertex 13.425 8.9121 106.748
    endloop
  endfacet
  facet normal -0.709401 0.375759 -0.596285
    outer loop
      vertex 13.5 8.30928 106.279
      vertex 13.425 8.26766 106.342
      vertex 13.5 8.95038 106.683
    endloop
  endfacet
  facet normal 0 0.53304 -0.84609
    outer loop
      vertex -13.425 8.26766 106.342
      vertex 13.425 8.9121 106.748
      vertex 13.425 8.26766 106.342
    endloop
  endfacet
  facet normal 0 0.53304 -0.84609
    outer loop
      vertex 13.425 8.9121 106.748
      vertex -13.425 8.26766 106.342
      vertex -13.425 8.9121 106.748
    endloop
  endfacet
  facet normal 0.708987 0.375981 -0.596637
    outer loop
      vertex -13.425 8.9121 106.748
      vertex -13.5 8.30928 106.279
      vertex -13.5 8.95038 106.683
    endloop
  endfacet
  facet normal 0.7094 0.37569 -0.596329
    outer loop
      vertex -13.425 8.26766 106.342
      vertex -13.5 8.30928 106.279
      vertex -13.425 8.9121 106.748
    endloop
  endfacet
  facet normal 0.705446 -0.408321 0.579327
    outer loop
      vertex -13.425 8.35089 106.217
      vertex -13.5 8.30928 106.279
      vertex -13.425 7.73513 105.783
    endloop
  endfacet
  facet normal 0.706514 -0.407535 0.578578
    outer loop
      vertex -13.5 8.30928 106.279
      vertex -13.5 7.69029 105.843
      vertex -13.425 7.73513 105.783
    endloop
  endfacet
  facet normal 0 -0.576104 0.817377
    outer loop
      vertex -13.425 8.35089 106.217
      vertex 13.425 7.73513 105.783
      vertex 13.425 8.35089 106.217
    endloop
  endfacet
  facet normal 0 -0.576104 0.817377
    outer loop
      vertex 13.425 7.73513 105.783
      vertex -13.425 8.35089 106.217
      vertex -13.425 7.73513 105.783
    endloop
  endfacet
  facet normal -0.705449 -0.408147 0.579447
    outer loop
      vertex 13.5 8.30928 106.279
      vertex 13.425 8.35089 106.217
      vertex 13.5 7.69029 105.843
    endloop
  endfacet
  facet normal -0.706517 -0.407706 0.578454
    outer loop
      vertex 13.425 8.35089 106.217
      vertex 13.425 7.73513 105.783
      vertex 13.5 7.69029 105.843
    endloop
  endfacet
  facet normal -0.709317 0.40637 -0.575963
    outer loop
      vertex 13.5 8.30928 106.279
      vertex 13.425 7.64545 105.903
      vertex 13.425 8.26766 106.342
    endloop
  endfacet
  facet normal -0.706514 0.407535 -0.578578
    outer loop
      vertex 13.5 7.69029 105.843
      vertex 13.425 7.64545 105.903
      vertex 13.5 8.30928 106.279
    endloop
  endfacet
  facet normal 0 0.576502 -0.817096
    outer loop
      vertex -13.425 7.64545 105.903
      vertex 13.425 8.26766 106.342
      vertex 13.425 7.64545 105.903
    endloop
  endfacet
  facet normal 0 0.576502 -0.817096
    outer loop
      vertex 13.425 8.26766 106.342
      vertex -13.425 7.64545 105.903
      vertex -13.425 8.26766 106.342
    endloop
  endfacet
  facet normal 0.709325 0.405913 -0.576275
    outer loop
      vertex -13.425 8.26766 106.342
      vertex -13.5 7.69029 105.843
      vertex -13.5 8.30928 106.279
    endloop
  endfacet
  facet normal 0.706522 0.407985 -0.578252
    outer loop
      vertex -13.425 7.64545 105.903
      vertex -13.5 7.69029 105.843
      vertex -13.425 8.26766 106.342
    endloop
  endfacet
  facet normal 0.706534 -0.438273 0.555631
    outer loop
      vertex -13.425 7.73513 105.783
      vertex -13.5 7.69029 105.843
      vertex -13.425 7.14308 105.316
    endloop
  endfacet
  facet normal 0.708176 -0.437 0.554542
    outer loop
      vertex -13.5 7.69029 105.843
      vertex -13.5 7.09514 105.374
      vertex -13.425 7.14308 105.316
    endloop
  endfacet
  facet normal 0 -0.619311 0.785146
    outer loop
      vertex -13.425 7.73513 105.783
      vertex 13.425 7.14308 105.316
      vertex 13.425 7.73513 105.783
    endloop
  endfacet
  facet normal 0 -0.619311 0.785146
    outer loop
      vertex 13.425 7.14308 105.316
      vertex -13.425 7.73513 105.783
      vertex -13.425 7.14308 105.316
    endloop
  endfacet
  facet normal -0.706538 -0.438014 0.55583
    outer loop
      vertex 13.5 7.69029 105.843
      vertex 13.425 7.73513 105.783
      vertex 13.5 7.09514 105.374
    endloop
  endfacet
  facet normal -0.70818 -0.437253 0.554338
    outer loop
      vertex 13.425 7.73513 105.783
      vertex 13.425 7.14308 105.316
      vertex 13.5 7.09514 105.374
    endloop
  endfacet
  facet normal -0.706542 0.437758 -0.556027
    outer loop
      vertex 13.5 7.69029 105.843
      vertex 13.425 7.0472 105.432
      vertex 13.425 7.64545 105.903
    endloop
  endfacet
  facet normal -0.708176 0.437 -0.554542
    outer loop
      vertex 13.5 7.09514 105.374
      vertex 13.425 7.0472 105.432
      vertex 13.5 7.69029 105.843
    endloop
  endfacet
  facet normal 0 0.61859 -0.785714
    outer loop
      vertex -13.425 7.0472 105.432
      vertex 13.425 7.64545 105.903
      vertex 13.425 7.0472 105.432
    endloop
  endfacet
  facet normal 0 0.61859 -0.785714
    outer loop
      vertex 13.425 7.64545 105.903
      vertex -13.425 7.0472 105.432
      vertex -13.425 7.64545 105.903
    endloop
  endfacet
  facet normal 0.706538 0.438014 -0.55583
    outer loop
      vertex -13.425 7.64545 105.903
      vertex -13.5 7.09514 105.374
      vertex -13.5 7.69029 105.843
    endloop
  endfacet
  facet normal 0.708173 0.436749 -0.554745
    outer loop
      vertex -13.425 7.0472 105.432
      vertex -13.5 7.09514 105.374
      vertex -13.425 7.64545 105.903
    endloop
  endfacet
  facet normal 0.708121 -0.465567 0.530859
    outer loop
      vertex -13.425 7.14308 105.316
      vertex -13.5 7.09514 105.374
      vertex -13.425 6.57638 104.819
    endloop
  endfacet
  facet normal 0.706726 -0.466697 0.531726
    outer loop
      vertex -13.5 7.09514 105.374
      vertex -13.5 6.52547 104.874
      vertex -13.425 6.57638 104.819
    endloop
  endfacet
  facet normal 0 -0.659359 0.751828
    outer loop
      vertex -13.425 7.14308 105.316
      vertex 13.425 6.57638 104.819
      vertex 13.425 7.14308 105.316
    endloop
  endfacet
  facet normal 0 -0.659359 0.751828
    outer loop
      vertex 13.425 6.57638 104.819
      vertex -13.425 7.14308 105.316
      vertex -13.425 6.57638 104.819
    endloop
  endfacet
  facet normal -0.708117 -0.465778 0.530679
    outer loop
      vertex 13.5 7.09514 105.374
      vertex 13.425 7.14308 105.316
      vertex 13.5 6.52547 104.874
    endloop
  endfacet
  facet normal -0.706722 -0.46649 0.531912
    outer loop
      vertex 13.425 7.14308 105.316
      vertex 13.425 6.57638 104.819
      vertex 13.5 6.52547 104.874
    endloop
  endfacet
  facet normal -0.708113 0.465986 -0.530502
    outer loop
      vertex 13.5 7.09514 105.374
      vertex 13.425 6.47456 104.929
      vertex 13.425 7.0472 105.432
    endloop
  endfacet
  facet normal -0.706726 0.466697 -0.531726
    outer loop
      vertex 13.5 6.52547 104.874
      vertex 13.425 6.47456 104.929
      vertex 13.5 7.09514 105.374
    endloop
  endfacet
  facet normal 0 0.659945 -0.751314
    outer loop
      vertex -13.425 6.47456 104.929
      vertex 13.425 7.0472 105.432
      vertex 13.425 6.47456 104.929
    endloop
  endfacet
  facet normal 0 0.659945 -0.751314
    outer loop
      vertex 13.425 7.0472 105.432
      vertex -13.425 6.47456 104.929
      vertex -13.425 7.0472 105.432
    endloop
  endfacet
  facet normal 0.708117 0.465778 -0.530679
    outer loop
      vertex -13.425 7.0472 105.432
      vertex -13.5 6.52547 104.874
      vertex -13.5 7.09514 105.374
    endloop
  endfacet
  facet normal 0.70673 0.4669 -0.531542
    outer loop
      vertex -13.425 6.47456 104.929
      vertex -13.5 6.52547 104.874
      vertex -13.425 7.0472 105.432
    endloop
  endfacet
  facet normal 0.706733 -0.49375 0.506694
    outer loop
      vertex -13.425 6.57638 104.819
      vertex -13.5 6.52547 104.874
      vertex -13.425 6.03659 104.293
    endloop
  endfacet
  facet normal 0.709276 -0.491608 0.505221
    outer loop
      vertex -13.5 6.52547 104.874
      vertex -13.5 5.98285 104.346
      vertex -13.425 6.03659 104.293
    endloop
  endfacet
  facet normal 0 -0.697899 0.716196
    outer loop
      vertex -13.425 6.57638 104.819
      vertex 13.425 6.03659 104.293
      vertex 13.425 6.57638 104.819
    endloop
  endfacet
  facet normal 0 -0.697899 0.716196
    outer loop
      vertex 13.425 6.03659 104.293
      vertex -13.425 6.57638 104.819
      vertex -13.425 6.03659 104.293
    endloop
  endfacet
  facet normal -0.70674 -0.493382 0.507044
    outer loop
      vertex 13.5 6.52547 104.874
      vertex 13.425 6.57638 104.819
      vertex 13.5 5.98285 104.346
    endloop
  endfacet
  facet normal -0.709282 -0.491967 0.504865
    outer loop
      vertex 13.425 6.57638 104.819
      vertex 13.425 6.03659 104.293
      vertex 13.5 5.98285 104.346
    endloop
  endfacet
  facet normal -0.706738 0.493506 -0.506926
    outer loop
      vertex 13.5 6.52547 104.874
      vertex 13.425 5.92912 104.398
      vertex 13.425 6.47456 104.929
    endloop
  endfacet
  facet normal -0.705872 0.493986 -0.507664
    outer loop
      vertex 13.5 5.98285 104.346
      vertex 13.425 5.92912 104.398
      vertex 13.5 6.52547 104.874
    endloop
  endfacet
  facet normal 0 0.697558 -0.716528
    outer loop
      vertex -13.425 5.92912 104.398
      vertex 13.425 6.47456 104.929
      vertex 13.425 5.92912 104.398
    endloop
  endfacet
  facet normal 0 0.697558 -0.716528
    outer loop
      vertex 13.425 6.47456 104.929
      vertex -13.425 5.92912 104.398
      vertex -13.425 6.47456 104.929
    endloop
  endfacet
  facet normal 0.70674 0.493382 -0.507044
    outer loop
      vertex -13.425 6.47456 104.929
      vertex -13.5 5.98285 104.346
      vertex -13.5 6.52547 104.874
    endloop
  endfacet
  facet normal 0.705874 0.494106 -0.507543
    outer loop
      vertex -13.425 5.92912 104.398
      vertex -13.5 5.98285 104.346
      vertex -13.425 6.47456 104.929
    endloop
  endfacet
  facet normal 0.709169 -0.517631 0.478683
    outer loop
      vertex -13.425 6.03659 104.293
      vertex -13.5 5.98285 104.346
      vertex -13.425 5.5252 103.74
    endloop
  endfacet
  facet normal 0.705623 -0.520716 0.480574
    outer loop
      vertex -13.5 5.98285 104.346
      vertex -13.5 5.46879 103.789
      vertex -13.425 5.5252 103.74
    endloop
  endfacet
  facet normal 0 -0.734189 0.678945
    outer loop
      vertex -13.425 5.5252 103.74
      vertex 13.425 6.03659 104.293
      vertex -13.425 6.03659 104.293
    endloop
  endfacet
  facet normal 0 -0.734189 0.678945
    outer loop
      vertex 13.425 6.03659 104.293
      vertex -13.425 5.5252 103.74
      vertex 13.425 5.5252 103.74
    endloop
  endfacet
  facet normal -0.709158 -0.518117 0.478174
    outer loop
      vertex 13.5 5.98285 104.346
      vertex 13.425 6.03659 104.293
      vertex 13.5 5.46879 103.789
    endloop
  endfacet
  facet normal -0.705612 -0.520245 0.4811
    outer loop
      vertex 13.425 6.03659 104.293
      vertex 13.425 5.5252 103.74
      vertex 13.5 5.46879 103.789
    endloop
  endfacet
  facet normal -0.705939 0.520098 -0.480779
    outer loop
      vertex 13.5 5.98285 104.346
      vertex 13.425 5.41238 103.839
      vertex 13.425 5.92912 104.398
    endloop
  endfacet
  facet normal -0.708818 0.518367 -0.478406
    outer loop
      vertex 13.5 5.46879 103.789
      vertex 13.425 5.41238 103.839
      vertex 13.5 5.98285 104.346
    endloop
  endfacet
  facet normal 0 0.734319 -0.678805
    outer loop
      vertex 13.425 5.41238 103.839
      vertex -13.425 5.92912 104.398
      vertex 13.425 5.92912 104.398
    endloop
  endfacet
  facet normal 0 0.734319 -0.678805
    outer loop
      vertex -13.425 5.92912 104.398
      vertex 13.425 5.41238 103.839
      vertex -13.425 5.41238 103.839
    endloop
  endfacet
  facet normal 0.705932 0.52049 -0.480365
    outer loop
      vertex -13.425 5.92912 104.398
      vertex -13.5 5.46879 103.789
      vertex -13.5 5.98285 104.346
    endloop
  endfacet
  facet normal 0.708813 0.517986 -0.478827
    outer loop
      vertex -13.425 5.41238 103.839
      vertex -13.5 5.46879 103.789
      vertex -13.425 5.92912 104.398
    endloop
  endfacet
  facet normal 0.705695 -0.54512 0.452591
    outer loop
      vertex -13.425 5.5252 103.74
      vertex -13.5 5.46879 103.789
      vertex -13.425 5.04365 103.16
    endloop
  endfacet
  facet normal 0.705838 -0.544993 0.452521
    outer loop
      vertex -13.5 5.46879 103.789
      vertex -13.5 4.98471 103.206
      vertex -13.425 5.04365 103.16
    endloop
  endfacet
  facet normal 0 -0.769383 0.638787
    outer loop
      vertex -13.425 5.04365 103.16
      vertex 13.425 5.5252 103.74
      vertex -13.425 5.5252 103.74
    endloop
  endfacet
  facet normal 0 -0.769383 0.638787
    outer loop
      vertex 13.425 5.5252 103.74
      vertex -13.425 5.04365 103.16
      vertex 13.425 5.04365 103.16
    endloop
  endfacet
  facet normal -0.705696 -0.545102 0.452612
    outer loop
      vertex 13.5 5.46879 103.789
      vertex 13.425 5.5252 103.74
      vertex 13.5 4.98471 103.206
    endloop
  endfacet
  facet normal -0.705838 -0.54501 0.4525
    outer loop
      vertex 13.425 5.5252 103.74
      vertex 13.425 5.04365 103.16
      vertex 13.5 4.98471 103.206
    endloop
  endfacet
  facet normal -0.708706 0.542772 -0.450704
    outer loop
      vertex 13.5 5.46879 103.789
      vertex 13.425 4.92578 103.253
      vertex 13.425 5.41238 103.839
    endloop
  endfacet
  facet normal -0.70881 0.542704 -0.450622
    outer loop
      vertex 13.5 4.98471 103.206
      vertex 13.425 4.92578 103.253
      vertex 13.5 5.46879 103.789
    endloop
  endfacet
  facet normal 0 0.769339 -0.63884
    outer loop
      vertex 13.425 4.92578 103.253
      vertex -13.425 5.41238 103.839
      vertex 13.425 5.41238 103.839
    endloop
  endfacet
  facet normal 0 0.769339 -0.63884
    outer loop
      vertex -13.425 5.41238 103.839
      vertex 13.425 4.92578 103.253
      vertex -13.425 4.92578 103.253
    endloop
  endfacet
  facet normal 0.708706 0.542785 -0.450689
    outer loop
      vertex -13.425 5.41238 103.839
      vertex -13.5 4.98471 103.206
      vertex -13.5 5.46879 103.789
    endloop
  endfacet
  facet normal 0.70881 0.542691 -0.450638
    outer loop
      vertex -13.425 4.92578 103.253
      vertex -13.5 4.98471 103.206
      vertex -13.425 5.41238 103.839
    endloop
  endfacet
  facet normal 0.705915 -0.567809 0.423412
    outer loop
      vertex -13.425 5.04365 103.16
      vertex -13.5 4.98471 103.206
      vertex -13.425 4.59325 102.556
    endloop
  endfacet
  facet normal 0.706342 -0.567416 0.423225
    outer loop
      vertex -13.5 4.98471 103.206
      vertex -13.5 4.53196 102.599
      vertex -13.425 4.59325 102.556
    endloop
  endfacet
  facet normal 0 -0.801653 0.597789
    outer loop
      vertex -13.425 4.59325 102.556
      vertex 13.425 5.04365 103.16
      vertex -13.425 5.04365 103.16
    endloop
  endfacet
  facet normal 0 -0.801653 0.597789
    outer loop
      vertex 13.425 5.04365 103.16
      vertex -13.425 4.59325 102.556
      vertex 13.425 4.59325 102.556
    endloop
  endfacet
  facet normal -0.705916 -0.567757 0.42348
    outer loop
      vertex 13.5 4.98471 103.206
      vertex 13.425 5.04365 103.16
      vertex 13.5 4.53196 102.599
    endloop
  endfacet
  facet normal -0.706343 -0.567466 0.423157
    outer loop
      vertex 13.425 5.04365 103.16
      vertex 13.425 4.59325 102.556
      vertex 13.5 4.53196 102.599
    endloop
  endfacet
  facet normal -0.708686 0.565812 -0.421451
    outer loop
      vertex 13.5 4.98471 103.206
      vertex 13.425 4.47067 102.642
      vertex 13.425 4.92578 103.253
    endloop
  endfacet
  facet normal -0.706342 0.567416 -0.423225
    outer loop
      vertex 13.5 4.53196 102.599
      vertex 13.425 4.47067 102.642
      vertex 13.5 4.98471 103.206
    endloop
  endfacet
  facet normal 0 0.801974 -0.597359
    outer loop
      vertex 13.425 4.47067 102.642
      vertex -13.425 4.92578 103.253
      vertex 13.425 4.92578 103.253
    endloop
  endfacet
  facet normal 0 0.801974 -0.597359
    outer loop
      vertex -13.425 4.92578 103.253
      vertex 13.425 4.47067 102.642
      vertex -13.425 4.47067 102.642
    endloop
  endfacet
  facet normal 0.708694 0.565529 -0.421817
    outer loop
      vertex -13.425 4.92578 103.253
      vertex -13.5 4.53196 102.599
      vertex -13.5 4.98471 103.206
    endloop
  endfacet
  facet normal 0.706349 0.567689 -0.422849
    outer loop
      vertex -13.425 4.47067 102.642
      vertex -13.5 4.53196 102.599
      vertex -13.425 4.92578 103.253
    endloop
  endfacet
  facet normal 0.706391 -0.588943 0.392629
    outer loop
      vertex -13.425 4.59325 102.556
      vertex -13.5 4.53196 102.599
      vertex -13.425 4.17525 101.929
    endloop
  endfacet
  facet normal 0.707136 -0.588242 0.392339
    outer loop
      vertex -13.5 4.53196 102.599
      vertex -13.5 4.11177 101.969
      vertex -13.425 4.17525 101.929
    endloop
  endfacet
  facet normal 0 -0.83205 0.5547
    outer loop
      vertex -13.425 4.17525 101.929
      vertex 13.425 4.59325 102.556
      vertex -13.425 4.59325 102.556
    endloop
  endfacet
  facet normal 0 -0.83205 0.5547
    outer loop
      vertex 13.425 4.59325 102.556
      vertex -13.425 4.17525 101.929
      vertex 13.425 4.17525 101.929
    endloop
  endfacet
  facet normal -0.706393 -0.58886 0.392751
    outer loop
      vertex 13.5 4.53196 102.599
      vertex 13.425 4.59325 102.556
      vertex 13.5 4.11177 101.969
    endloop
  endfacet
  facet normal -0.707138 -0.588323 0.392215
    outer loop
      vertex 13.425 4.59325 102.556
      vertex 13.425 4.17525 101.929
      vertex 13.5 4.11177 101.969
    endloop
  endfacet
  facet normal -0.706395 0.588777 -0.392871
    outer loop
      vertex 13.5 4.53196 102.599
      vertex 13.425 4.04829 102.009
      vertex 13.425 4.47067 102.642
    endloop
  endfacet
  facet normal -0.707136 0.588242 -0.392339
    outer loop
      vertex 13.5 4.11177 101.969
      vertex 13.425 4.04829 102.009
      vertex 13.5 4.53196 102.599
    endloop
  endfacet
  facet normal 0 0.83182 -0.555046
    outer loop
      vertex 13.425 4.04829 102.009
      vertex -13.425 4.47067 102.642
      vertex 13.425 4.47067 102.642
    endloop
  endfacet
  facet normal 0 0.83182 -0.555046
    outer loop
      vertex -13.425 4.47067 102.642
      vertex 13.425 4.04829 102.009
      vertex -13.425 4.04829 102.009
    endloop
  endfacet
  facet normal 0.706393 0.58886 -0.392751
    outer loop
      vertex -13.425 4.47067 102.642
      vertex -13.5 4.11177 101.969
      vertex -13.5 4.53196 102.599
    endloop
  endfacet
  facet normal 0.707134 0.588163 -0.392462
    outer loop
      vertex -13.425 4.04829 102.009
      vertex -13.5 4.11177 101.969
      vertex -13.425 4.47067 102.642
    endloop
  endfacet
  facet normal 0.707121 -0.608368 0.360372
    outer loop
      vertex -13.425 4.17525 101.929
      vertex -13.5 4.11177 101.969
      vertex -13.425 3.79081 101.28
    endloop
  endfacet
  facet normal 0.708062 -0.607463 0.360052
    outer loop
      vertex -13.5 4.11177 101.969
      vertex -13.5 3.72532 101.317
      vertex -13.425 3.79081 101.28
    endloop
  endfacet
  facet normal 0 -0.86038 0.509653
    outer loop
      vertex -13.425 3.79081 101.28
      vertex 13.425 4.17525 101.929
      vertex -13.425 4.17525 101.929
    endloop
  endfacet
  facet normal 0 -0.86038 0.509653
    outer loop
      vertex 13.425 4.17525 101.929
      vertex -13.425 3.79081 101.28
      vertex 13.425 3.79081 101.28
    endloop
  endfacet
  facet normal -0.707124 -0.608271 0.360531
    outer loop
      vertex 13.5 4.11177 101.969
      vertex 13.425 4.17525 101.929
      vertex 13.5 3.72532 101.317
    endloop
  endfacet
  facet normal -0.708064 -0.607556 0.35989
    outer loop
      vertex 13.425 4.17525 101.929
      vertex 13.425 3.79081 101.28
      vertex 13.5 3.72532 101.317
    endloop
  endfacet
  facet normal -0.70712 0.608421 -0.360285
    outer loop
      vertex 13.5 4.11177 101.969
      vertex 13.425 3.65983 101.353
      vertex 13.425 4.04829 102.009
    endloop
  endfacet
  facet normal -0.705656 0.609531 -0.361278
    outer loop
      vertex 13.5 3.72532 101.317
      vertex 13.425 3.65983 101.353
      vertex 13.5 4.11177 101.969
    endloop
  endfacet
  facet normal 0 0.860453 -0.50953
    outer loop
      vertex 13.425 3.65983 101.353
      vertex -13.425 4.04829 102.009
      vertex 13.425 4.04829 102.009
    endloop
  endfacet
  facet normal 0 0.860453 -0.50953
    outer loop
      vertex -13.425 4.04829 102.009
      vertex 13.425 3.65983 101.353
      vertex -13.425 3.65983 101.353
    endloop
  endfacet
  facet normal 0.707124 0.608271 -0.360531
    outer loop
      vertex -13.425 4.04829 102.009
      vertex -13.5 3.72532 101.317
      vertex -13.5 4.11177 101.969
    endloop
  endfacet
  facet normal 0.705661 0.609674 -0.361027
    outer loop
      vertex -13.425 3.65983 101.353
      vertex -13.5 3.72532 101.317
      vertex -13.425 4.04829 102.009
    endloop
  endfacet
  facet normal 0.707966 -0.62545 0.328019
    outer loop
      vertex -13.425 3.79081 101.28
      vertex -13.5 3.72532 101.317
      vertex -13.425 3.441 100.613
    endloop
  endfacet
  facet normal 0.706852 -0.62654 0.328341
    outer loop
      vertex -13.5 3.72532 101.317
      vertex -13.5 3.37368 100.646
      vertex -13.425 3.441 100.613
    endloop
  endfacet
  facet normal 0 -0.885597 0.464454
    outer loop
      vertex -13.425 3.441 100.613
      vertex 13.425 3.79081 101.28
      vertex -13.425 3.79081 101.28
    endloop
  endfacet
  facet normal 0 -0.885597 0.464454
    outer loop
      vertex 13.425 3.79081 101.28
      vertex -13.425 3.441 100.613
      vertex 13.425 3.441 100.613
    endloop
  endfacet
  facet normal -0.707962 -0.625556 0.327825
    outer loop
      vertex 13.5 3.72532 101.317
      vertex 13.425 3.79081 101.28
      vertex 13.5 3.37368 100.646
    endloop
  endfacet
  facet normal -0.706849 -0.62644 0.328538
    outer loop
      vertex 13.425 3.79081 101.28
      vertex 13.425 3.441 100.613
      vertex 13.5 3.37368 100.646
    endloop
  endfacet
  facet normal -0.705774 0.627394 -0.329028
    outer loop
      vertex 13.5 3.72532 101.317
      vertex 13.425 3.30636 100.679
      vertex 13.425 3.65983 101.353
    endloop
  endfacet
  facet normal -0.706852 0.62654 -0.328341
    outer loop
      vertex 13.5 3.37368 100.646
      vertex 13.425 3.30636 100.679
      vertex 13.5 3.72532 101.317
    endloop
  endfacet
  facet normal 0 0.885603 -0.464442
    outer loop
      vertex 13.425 3.30636 100.679
      vertex -13.425 3.65983 101.353
      vertex 13.425 3.65983 101.353
    endloop
  endfacet
  facet normal 0 0.885603 -0.464442
    outer loop
      vertex -13.425 3.65983 101.353
      vertex 13.425 3.30636 100.679
      vertex -13.425 3.30636 100.679
    endloop
  endfacet
  facet normal 0.705772 0.627495 -0.328841
    outer loop
      vertex -13.425 3.65983 101.353
      vertex -13.5 3.37368 100.646
      vertex -13.5 3.72532 101.317
    endloop
  endfacet
  facet normal 0.706849 0.626444 -0.32853
    outer loop
      vertex -13.425 3.30636 100.679
      vertex -13.5 3.37368 100.646
      vertex -13.425 3.65983 101.353
    endloop
  endfacet
  facet normal 0.706863 -0.642971 0.294845
    outer loop
      vertex -13.425 3.441 100.613
      vertex -13.5 3.37368 100.646
      vertex -13.425 3.12679 99.9278
    endloop
  endfacet
  facet normal 0.707055 -0.64278 0.2948
    outer loop
      vertex -13.5 3.37368 100.646
      vertex -13.5 3.05782 99.9573
      vertex -13.425 3.12679 99.9278
    endloop
  endfacet
  facet normal 0 -0.908984 0.41683
    outer loop
      vertex -13.425 3.12679 99.9278
      vertex 13.425 3.441 100.613
      vertex -13.425 3.441 100.613
    endloop
  endfacet
  facet normal 0 -0.908984 0.41683
    outer loop
      vertex 13.425 3.441 100.613
      vertex -13.425 3.12679 99.9278
      vertex 13.425 3.12679 99.9278
    endloop
  endfacet
  facet normal -0.706863 -0.642955 0.29488
    outer loop
      vertex 13.5 3.37368 100.646
      vertex 13.425 3.441 100.613
      vertex 13.5 3.05782 99.9573
    endloop
  endfacet
  facet normal -0.707056 -0.642796 0.294765
    outer loop
      vertex 13.425 3.441 100.613
      vertex 13.425 3.12679 99.9278
      vertex 13.5 3.05782 99.9573
    endloop
  endfacet
  facet normal -0.706863 0.642955 -0.294879
    outer loop
      vertex 13.5 3.37368 100.646
      vertex 13.425 2.98885 99.9867
      vertex 13.425 3.30636 100.679
    endloop
  endfacet
  facet normal -0.706858 0.642959 -0.294882
    outer loop
      vertex 13.5 3.05782 99.9573
      vertex 13.425 2.98885 99.9867
      vertex 13.5 3.37368 100.646
    endloop
  endfacet
  facet normal 0 0.908962 -0.416878
    outer loop
      vertex 13.425 2.98885 99.9867
      vertex -13.425 3.30636 100.679
      vertex 13.425 3.30636 100.679
    endloop
  endfacet
  facet normal 0 0.908962 -0.416878
    outer loop
      vertex -13.425 3.30636 100.679
      vertex 13.425 2.98885 99.9867
      vertex -13.425 2.98885 99.9867
    endloop
  endfacet
  facet normal 0.706863 0.642955 -0.29488
    outer loop
      vertex -13.425 3.30636 100.679
      vertex -13.5 3.05782 99.9573
      vertex -13.5 3.37368 100.646
    endloop
  endfacet
  facet normal 0.706858 0.642959 -0.294881
    outer loop
      vertex -13.425 2.98885 99.9867
      vertex -13.5 3.05782 99.9573
      vertex -13.425 3.30636 100.679
    endloop
  endfacet
  facet normal 0.707047 -0.65739 0.26062
    outer loop
      vertex -13.425 3.12679 99.9278
      vertex -13.5 3.05782 99.9573
      vertex -13.425 2.84904 99.2272
    endloop
  endfacet
  facet normal 0.707017 -0.657421 0.260625
    outer loop
      vertex -13.5 3.05782 99.9573
      vertex -13.5 2.77861 99.253
      vertex -13.425 2.84904 99.2272
    endloop
  endfacet
  facet normal 0 -0.929612 0.368541
    outer loop
      vertex -13.425 2.84904 99.2272
      vertex 13.425 3.12679 99.9278
      vertex -13.425 3.12679 99.9278
    endloop
  endfacet
  facet normal 0 -0.929612 0.368541
    outer loop
      vertex 13.425 3.12679 99.9278
      vertex -13.425 2.84904 99.2272
      vertex 13.425 2.84904 99.2272
    endloop
  endfacet
  facet normal -0.707047 -0.657393 0.260614
    outer loop
      vertex 13.5 3.05782 99.9573
      vertex 13.425 3.12679 99.9278
      vertex 13.5 2.77861 99.253
    endloop
  endfacet
  facet normal -0.707017 -0.657418 0.260631
    outer loop
      vertex 13.425 3.12679 99.9278
      vertex 13.425 2.84904 99.2272
      vertex 13.5 2.77861 99.253
    endloop
  endfacet
  facet normal -0.706873 0.657547 -0.260697
    outer loop
      vertex 13.5 3.05782 99.9573
      vertex 13.425 2.70819 99.2788
      vertex 13.425 2.98885 99.9867
    endloop
  endfacet
  facet normal -0.706973 0.657461 -0.260641
    outer loop
      vertex 13.5 2.77861 99.253
      vertex 13.425 2.70819 99.2788
      vertex 13.5 3.05782 99.9573
    endloop
  endfacet
  facet normal 0 0.929604 -0.368559
    outer loop
      vertex 13.425 2.70819 99.2788
      vertex -13.425 2.98885 99.9867
      vertex 13.425 2.98885 99.9867
    endloop
  endfacet
  facet normal 0 0.929604 -0.368559
    outer loop
      vertex -13.425 2.98885 99.9867
      vertex 13.425 2.70819 99.2788
      vertex -13.425 2.70819 99.2788
    endloop
  endfacet
  facet normal 0.706873 0.657554 -0.260678
    outer loop
      vertex -13.425 2.98885 99.9867
      vertex -13.5 2.77861 99.253
      vertex -13.5 3.05782 99.9573
    endloop
  endfacet
  facet normal 0.706973 0.657454 -0.26066
    outer loop
      vertex -13.425 2.70819 99.2788
      vertex -13.5 2.77861 99.253
      vertex -13.425 2.98885 99.9867
    endloop
  endfacet
  facet normal 0.707016 -0.670219 0.225686
    outer loop
      vertex -13.425 2.84904 99.2272
      vertex -13.5 2.77861 99.253
      vertex -13.425 2.60851 98.5129
    endloop
  endfacet
  facet normal 0.707035 -0.670201 0.225684
    outer loop
      vertex -13.5 2.77861 99.253
      vertex -13.5 2.53683 98.535
      vertex -13.425 2.60851 98.5129
    endloop
  endfacet
  facet normal 0 -0.947712 0.319128
    outer loop
      vertex -13.425 2.60851 98.5129
      vertex 13.425 2.84904 99.2272
      vertex -13.425 2.84904 99.2272
    endloop
  endfacet
  facet normal 0 -0.947712 0.319128
    outer loop
      vertex 13.425 2.84904 99.2272
      vertex -13.425 2.60851 98.5129
      vertex 13.425 2.60851 98.5129
    endloop
  endfacet
  facet normal -0.707016 -0.670218 0.22569
    outer loop
      vertex 13.5 2.77861 99.253
      vertex 13.425 2.84904 99.2272
      vertex 13.5 2.53683 98.535
    endloop
  endfacet
  facet normal -0.707035 -0.670202 0.225681
    outer loop
      vertex 13.425 2.84904 99.2272
      vertex 13.425 2.60851 98.5129
      vertex 13.5 2.53683 98.535
    endloop
  endfacet
  facet normal -0.706972 0.670256 -0.225716
    outer loop
      vertex 13.5 2.77861 99.253
      vertex 13.425 2.46515 98.5571
      vertex 13.425 2.70819 99.2788
    endloop
  endfacet
  facet normal -0.707035 0.670201 -0.225684
    outer loop
      vertex 13.5 2.53683 98.535
      vertex 13.425 2.46515 98.5571
      vertex 13.5 2.77861 99.253
    endloop
  endfacet
  facet normal 0 0.947704 -0.319149
    outer loop
      vertex 13.425 2.46515 98.5571
      vertex -13.425 2.70819 99.2788
      vertex 13.425 2.70819 99.2788
    endloop
  endfacet
  facet normal 0 0.947704 -0.319149
    outer loop
      vertex -13.425 2.70819 99.2788
      vertex 13.425 2.46515 98.5571
      vertex -13.425 2.46515 98.5571
    endloop
  endfacet
  facet normal 0.706972 0.67026 -0.225704
    outer loop
      vertex -13.425 2.70819 99.2788
      vertex -13.5 2.53683 98.535
      vertex -13.5 2.77861 99.253
    endloop
  endfacet
  facet normal 0.707034 0.670197 -0.225696
    outer loop
      vertex -13.425 2.46515 98.5571
      vertex -13.5 2.53683 98.535
      vertex -13.425 2.70819 99.2788
    endloop
  endfacet
  facet normal 0.707024 -0.681152 0.190129
    outer loop
      vertex -13.425 2.60851 98.5129
      vertex -13.5 2.53683 98.535
      vertex -13.425 2.40589 97.787
    endloop
  endfacet
  facet normal 0.707021 -0.681155 0.19013
    outer loop
      vertex -13.5 2.53683 98.535
      vertex -13.5 2.33315 97.8053
      vertex -13.425 2.40589 97.787
    endloop
  endfacet
  facet normal 0 -0.963181 0.268852
    outer loop
      vertex -13.425 2.40589 97.787
      vertex 13.425 2.60851 98.5129
      vertex -13.425 2.60851 98.5129
    endloop
  endfacet
  facet normal 0 -0.963181 0.268852
    outer loop
      vertex 13.425 2.60851 98.5129
      vertex -13.425 2.40589 97.787
      vertex 13.425 2.40589 97.787
    endloop
  endfacet
  facet normal -0.707024 -0.681152 0.190129
    outer loop
      vertex 13.5 2.53683 98.535
      vertex 13.425 2.60851 98.5129
      vertex 13.5 2.33315 97.8053
    endloop
  endfacet
  facet normal -0.707021 -0.681155 0.19013
    outer loop
      vertex 13.425 2.60851 98.5129
      vertex 13.425 2.40589 97.787
      vertex 13.5 2.33315 97.8053
    endloop
  endfacet
  facet normal -0.707024 0.681159 -0.190104
    outer loop
      vertex 13.5 2.53683 98.535
      vertex 13.425 2.26041 97.8235
      vertex 13.425 2.46515 98.5571
    endloop
  endfacet
  facet normal -0.706894 0.681277 -0.190164
    outer loop
      vertex 13.5 2.33315 97.8053
      vertex 13.425 2.26041 97.8235
      vertex 13.5 2.53683 98.535
    endloop
  endfacet
  facet normal 0 0.963191 -0.268817
    outer loop
      vertex 13.425 2.26041 97.8235
      vertex -13.425 2.46515 98.5571
      vertex 13.425 2.46515 98.5571
    endloop
  endfacet
  facet normal 0 0.963191 -0.268817
    outer loop
      vertex -13.425 2.46515 98.5571
      vertex 13.425 2.26041 97.8235
      vertex -13.425 2.26041 97.8235
    endloop
  endfacet
  facet normal 0.707024 0.681152 -0.190129
    outer loop
      vertex -13.425 2.46515 98.5571
      vertex -13.5 2.33315 97.8053
      vertex -13.5 2.53683 98.535
    endloop
  endfacet
  facet normal 0.706895 0.681284 -0.190139
    outer loop
      vertex -13.425 2.26041 97.8235
      vertex -13.5 2.33315 97.8053
      vertex -13.425 2.46515 98.5571
    endloop
  endfacet
  facet normal 0.707011 -0.690218 0.154063
    outer loop
      vertex -13.425 2.40589 97.787
      vertex -13.5 2.33315 97.8053
      vertex -13.425 2.24172 97.0515
    endloop
  endfacet
  facet normal 0.706962 -0.690267 0.154064
    outer loop
      vertex -13.5 2.33315 97.8053
      vertex -13.5 2.16812 97.0659
      vertex -13.425 2.24172 97.0515
    endloop
  endfacet
  facet normal 0 -0.975983 0.217848
    outer loop
      vertex -13.425 2.24172 97.0515
      vertex 13.425 2.40589 97.787
      vertex -13.425 2.40589 97.787
    endloop
  endfacet
  facet normal 0 -0.975983 0.217848
    outer loop
      vertex 13.425 2.40589 97.787
      vertex -13.425 2.24172 97.0515
      vertex 13.425 2.24172 97.0515
    endloop
  endfacet
  facet normal -0.70701 -0.69022 0.154053
    outer loop
      vertex 13.5 2.33315 97.8053
      vertex 13.425 2.40589 97.787
      vertex 13.5 2.16812 97.0659
    endloop
  endfacet
  facet normal -0.706962 -0.690265 0.154073
    outer loop
      vertex 13.425 2.40589 97.787
      vertex 13.425 2.24172 97.0515
      vertex 13.5 2.16812 97.0659
    endloop
  endfacet
  facet normal -0.706908 0.690318 -0.154086
    outer loop
      vertex 13.5 2.33315 97.8053
      vertex 13.425 2.09452 97.0803
      vertex 13.425 2.26041 97.8235
    endloop
  endfacet
  facet normal -0.706962 0.690267 -0.154064
    outer loop
      vertex 13.5 2.16812 97.0659
      vertex 13.425 2.09452 97.0803
      vertex 13.5 2.33315 97.8053
    endloop
  endfacet
  facet normal 0 0.975982 -0.217849
    outer loop
      vertex 13.425 2.09452 97.0803
      vertex -13.425 2.26041 97.8235
      vertex 13.425 2.26041 97.8235
    endloop
  endfacet
  facet normal 0 0.975982 -0.217849
    outer loop
      vertex -13.425 2.26041 97.8235
      vertex 13.425 2.09452 97.0803
      vertex -13.425 2.09452 97.0803
    endloop
  endfacet
  facet normal 0.706908 0.69032 -0.154076
    outer loop
      vertex -13.425 2.26041 97.8235
      vertex -13.5 2.16812 97.0659
      vertex -13.5 2.33315 97.8053
    endloop
  endfacet
  facet normal 0.706962 0.690265 -0.154074
    outer loop
      vertex -13.425 2.09452 97.0803
      vertex -13.5 2.16812 97.0659
      vertex -13.425 2.26041 97.8235
    endloop
  endfacet
  facet normal 0.706964 -0.697415 0.117534
    outer loop
      vertex -13.425 2.24172 97.0515
      vertex -13.5 2.16812 97.0659
      vertex -13.425 2.11647 96.3083
    endloop
  endfacet
  facet normal 0.70693 -0.69745 0.117533
    outer loop
      vertex -13.5 2.16812 97.0659
      vertex -13.5 2.04222 96.3188
      vertex -13.425 2.11647 96.3083
    endloop
  endfacet
  facet normal 0 -0.986095 0.166185
    outer loop
      vertex -13.425 2.11647 96.3083
      vertex 13.425 2.24172 97.0515
      vertex -13.425 2.24172 97.0515
    endloop
  endfacet
  facet normal 0 -0.986095 0.166185
    outer loop
      vertex 13.425 2.24172 97.0515
      vertex -13.425 2.11647 96.3083
      vertex 13.425 2.11647 96.3083
    endloop
  endfacet
  facet normal -0.706963 -0.697417 0.117527
    outer loop
      vertex 13.5 2.16812 97.0659
      vertex 13.425 2.24172 97.0515
      vertex 13.5 2.04222 96.3188
    endloop
  endfacet
  facet normal -0.70693 -0.697449 0.11754
    outer loop
      vertex 13.425 2.24172 97.0515
      vertex 13.425 2.11647 96.3083
      vertex 13.5 2.04222 96.3188
    endloop
  endfacet
  facet normal -0.706963 0.697416 -0.11753
    outer loop
      vertex 13.5 2.16812 97.0659
      vertex 13.425 1.96796 96.3293
      vertex 13.425 2.09452 97.0803
    endloop
  endfacet
  facet normal -0.706976 0.697404 -0.117525
    outer loop
      vertex 13.5 2.04222 96.3188
      vertex 13.425 1.96796 96.3293
      vertex 13.5 2.16812 97.0659
    endloop
  endfacet
  facet normal 0 0.986096 -0.166179
    outer loop
      vertex 13.425 1.96796 96.3293
      vertex -13.425 2.09452 97.0803
      vertex 13.425 2.09452 97.0803
    endloop
  endfacet
  facet normal 0 0.986096 -0.166179
    outer loop
      vertex -13.425 2.09452 97.0803
      vertex 13.425 1.96796 96.3293
      vertex -13.425 1.96796 96.3293
    endloop
  endfacet
  facet normal 0.706963 0.697417 -0.117527
    outer loop
      vertex -13.425 2.09452 97.0803
      vertex -13.5 2.04222 96.3188
      vertex -13.5 2.16812 97.0659
    endloop
  endfacet
  facet normal 0.706976 0.697404 -0.117528
    outer loop
      vertex -13.425 1.96796 96.3293
      vertex -13.5 2.04222 96.3188
      vertex -13.425 2.09452 97.0803
    endloop
  endfacet
  facet normal 0.706933 -0.702663 0.0806917
    outer loop
      vertex -13.425 2.11647 96.3083
      vertex -13.5 2.04222 96.3188
      vertex -13.425 2.03048 95.5595
    endloop
  endfacet
  facet normal 0.70699 -0.702605 0.0806964
    outer loop
      vertex -13.5 2.04222 96.3188
      vertex -13.5 1.95577 95.5661
      vertex -13.425 2.03048 95.5595
    endloop
  endfacet
  facet normal 0 -0.993471 0.114087
    outer loop
      vertex -13.425 2.03048 95.5595
      vertex 13.425 2.11647 96.3083
      vertex -13.425 2.11647 96.3083
    endloop
  endfacet
  facet normal 0 -0.993471 0.114087
    outer loop
      vertex 13.425 2.11647 96.3083
      vertex -13.425 2.03048 95.5595
      vertex 13.425 2.03048 95.5595
    endloop
  endfacet
  facet normal -0.706933 -0.702661 0.0807029
    outer loop
      vertex 13.5 2.04222 96.3188
      vertex 13.425 2.11647 96.3083
      vertex 13.5 1.95577 95.5661
    endloop
  endfacet
  facet normal -0.70699 -0.702606 0.0806852
    outer loop
      vertex 13.425 2.11647 96.3083
      vertex 13.425 2.03048 95.5595
      vertex 13.5 1.95577 95.5661
    endloop
  endfacet
  facet normal -0.70698 0.702616 -0.0806903
    outer loop
      vertex 13.5 2.04222 96.3188
      vertex 13.425 1.88107 95.5727
      vertex 13.425 1.96796 96.3293
    endloop
  endfacet
  facet normal -0.706943 0.702652 -0.0807018
    outer loop
      vertex 13.5 1.95577 95.5661
      vertex 13.425 1.88107 95.5727
      vertex 13.5 2.04222 96.3188
    endloop
  endfacet
  facet normal 0 0.99347 -0.114093
    outer loop
      vertex 13.425 1.88107 95.5727
      vertex -13.425 1.96796 96.3293
      vertex 13.425 1.96796 96.3293
    endloop
  endfacet
  facet normal 0 0.99347 -0.114093
    outer loop
      vertex -13.425 1.96796 96.3293
      vertex 13.425 1.88107 95.5727
      vertex -13.425 1.88107 95.5727
    endloop
  endfacet
  facet normal 0.70698 0.702615 -0.0806975
    outer loop
      vertex -13.425 1.96796 96.3293
      vertex -13.5 1.95577 95.5661
      vertex -13.5 2.04222 96.3188
    endloop
  endfacet
  facet normal 0.706943 0.702652 -0.0806945
    outer loop
      vertex -13.425 1.88107 95.5727
      vertex -13.5 1.95577 95.5661
      vertex -13.425 1.96796 96.3293
    endloop
  endfacet
  facet normal 0.706988 -0.705878 0.0436271
    outer loop
      vertex -13.425 2.03048 95.5595
      vertex -13.5 1.95577 95.5661
      vertex -13.425 1.98399 94.8073
    endloop
  endfacet
  facet normal 0.706983 -0.705883 0.0436264
    outer loop
      vertex -13.5 1.95577 95.5661
      vertex -13.5 1.90904 94.81
      vertex -13.425 1.98399 94.8073
    endloop
  endfacet
  facet normal 0 -0.998096 0.0616877
    outer loop
      vertex -13.425 1.98399 94.8073
      vertex 13.425 2.03048 95.5595
      vertex -13.425 2.03048 95.5595
    endloop
  endfacet
  facet normal 0 -0.998096 0.0616877
    outer loop
      vertex 13.425 2.03048 95.5595
      vertex -13.425 1.98399 94.8073
      vertex 13.425 1.98399 94.8073
    endloop
  endfacet
  facet normal -0.706988 -0.705878 0.0436261
    outer loop
      vertex 13.5 1.95577 95.5661
      vertex 13.425 2.03048 95.5595
      vertex 13.5 1.90904 94.81
    endloop
  endfacet
  facet normal -0.706983 -0.705883 0.0436274
    outer loop
      vertex 13.425 2.03048 95.5595
      vertex 13.425 1.98399 94.8073
      vertex 13.5 1.90904 94.81
    endloop
  endfacet
  facet normal -0.706941 0.705925 -0.0436316
    outer loop
      vertex 13.5 1.95577 95.5661
      vertex 13.425 1.83409 94.8126
      vertex 13.425 1.88107 95.5727
    endloop
  endfacet
  facet normal -0.706954 0.705912 -0.0436282
    outer loop
      vertex 13.5 1.90904 94.81
      vertex 13.425 1.83409 94.8126
      vertex 13.5 1.95577 95.5661
    endloop
  endfacet
  facet normal 0 0.998095 -0.0616899
    outer loop
      vertex 13.425 1.83409 94.8126
      vertex -13.425 1.88107 95.5727
      vertex 13.425 1.88107 95.5727
    endloop
  endfacet
  facet normal 0 0.998095 -0.0616899
    outer loop
      vertex -13.425 1.88107 95.5727
      vertex 13.425 1.83409 94.8126
      vertex -13.425 1.83409 94.8126
    endloop
  endfacet
  facet normal 0.706941 0.705925 -0.043629
    outer loop
      vertex -13.425 1.88107 95.5727
      vertex -13.5 1.90904 94.81
      vertex -13.5 1.95577 95.5661
    endloop
  endfacet
  facet normal 0.706954 0.705912 -0.0436308
    outer loop
      vertex -13.425 1.83409 94.8126
      vertex -13.5 1.90904 94.81
      vertex -13.425 1.88107 95.5727
    endloop
  endfacet
  facet normal 0.706972 -0.707212 0.00644711
    outer loop
      vertex -13.425 1.98399 94.8073
      vertex -13.5 1.90904 94.81
      vertex -13.425 1.97712 94.0537
    endloop
  endfacet
  facet normal 0.706989 -0.707195 0.00645026
    outer loop
      vertex -13.5 1.90904 94.81
      vertex -13.5 1.90213 94.0524
      vertex -13.425 1.97712 94.0537
    endloop
  endfacet
  facet normal 0 -0.999958 0.00911586
    outer loop
      vertex -13.425 1.97712 94.0537
      vertex 13.425 1.98399 94.8073
      vertex -13.425 1.98399 94.8073
    endloop
  endfacet
  facet normal 0 -0.999958 0.00911586
    outer loop
      vertex 13.425 1.98399 94.8073
      vertex -13.425 1.97712 94.0537
      vertex 13.425 1.97712 94.0537
    endloop
  endfacet
  facet normal -0.706972 -0.707212 0.00645041
    outer loop
      vertex 13.5 1.90904 94.81
      vertex 13.425 1.98399 94.8073
      vertex 13.5 1.90213 94.0524
    endloop
  endfacet
  facet normal -0.706989 -0.707195 0.00644696
    outer loop
      vertex 13.425 1.98399 94.8073
      vertex 13.425 1.97712 94.0537
      vertex 13.5 1.90213 94.0524
    endloop
  endfacet
  facet normal -0.706968 0.707216 -0.00645874
    outer loop
      vertex 13.4496 1.854 94.3
      vertex 13.425 1.83409 94.8126
      vertex 13.5 1.90904 94.81
    endloop
  endfacet
  facet normal -0.706948 0.707236 -0.00645701
    outer loop
      vertex 13.425 1.83409 94.8126
      vertex 13.4496 1.854 94.3
      vertex 13.425 1.82941 94.3
    endloop
  endfacet
  facet normal -0.706825 0.707359 -0.00645176
    outer loop
      vertex 13.5 1.90213 94.0524
      vertex 13.4978 1.90219 94.3
      vertex 13.5 1.90904 94.81
    endloop
  endfacet
  facet normal -0.69725 0.716799 -0.00636898
    outer loop
      vertex 13.4978 1.90219 94.3
      vertex 13.5 1.90213 94.0524
      vertex 13.4989 1.90106 94.0524
    endloop
  endfacet
  facet normal -0.707019 0.707165 -0.00644832
    outer loop
      vertex 13.5 1.90904 94.81
      vertex 13.4978 1.90219 94.3
      vertex 13.4496 1.854 94.3
    endloop
  endfacet
  facet normal 0 0.999958 -0.00912955
    outer loop
      vertex 13.425 1.82941 94.3
      vertex -13.425 1.83409 94.8126
      vertex 13.425 1.83409 94.8126
    endloop
  endfacet
  facet normal 0 0.999958 -0.00912955
    outer loop
      vertex -13.425 1.83409 94.8126
      vertex 13.425 1.82941 94.3
      vertex -13.425 1.82941 94.3
    endloop
  endfacet
  facet normal 0.706969 0.707215 -0.00648767
    outer loop
      vertex -13.4756 1.87997 94.3
      vertex -13.5 1.90904 94.81
      vertex -13.425 1.83409 94.8126
    endloop
  endfacet
  facet normal 0.70741 0.706774 -0.00644137
    outer loop
      vertex -13.4978 1.90219 94.3
      vertex -13.5 1.90904 94.81
      vertex -13.4756 1.87997 94.3
    endloop
  endfacet
  facet normal 0.715455 0.698628 -0.00652633
    outer loop
      vertex -13.5 1.90213 94.0524
      vertex -13.4978 1.90219 94.3
      vertex -13.4989 1.90111 94.0638
    endloop
  endfacet
  facet normal 0.706825 0.707359 -0.00645176
    outer loop
      vertex -13.4978 1.90219 94.3
      vertex -13.5 1.90213 94.0524
      vertex -13.5 1.90904 94.81
    endloop
  endfacet
  facet normal 0.706812 0.707372 -0.00645825
    outer loop
      vertex -13.425 1.82941 94.3
      vertex -13.4756 1.87997 94.3
      vertex -13.425 1.83409 94.8126
    endloop
  endfacet
  facet normal 0.697261 0.71681 -0.00314391
    outer loop
      vertex -13.4989 1.90106 94.0524
      vertex -13.5 1.90213 94.0524
      vertex -13.4989 1.90111 94.0638
    endloop
  endfacet
  facet normal 0.706992 -0.706553 -0.0307487
    outer loop
      vertex -13.425 1.97712 94.0537
      vertex -13.5 1.90213 94.0524
      vertex -13.425 2.00989 93.3007
    endloop
  endfacet
  facet normal 0.706943 -0.706601 -0.0307603
    outer loop
      vertex -13.425 2.00989 93.3007
      vertex -13.5 1.90213 94.0524
      vertex -13.5 1.93508 93.2955
    endloop
  endfacet
  facet normal 0 -0.999054 -0.0434781
    outer loop
      vertex -13.425 2.00989 93.3007
      vertex 13.425 1.97712 94.0537
      vertex -13.425 1.97712 94.0537
    endloop
  endfacet
  facet normal 0 -0.999054 -0.0434781
    outer loop
      vertex 13.425 1.97712 94.0537
      vertex -13.425 2.00989 93.3007
      vertex 13.425 2.00989 93.3007
    endloop
  endfacet
  facet normal -0.706992 -0.706553 -0.0307582
    outer loop
      vertex 13.5 1.90213 94.0524
      vertex 13.425 1.97712 94.0537
      vertex 13.5 1.93508 93.2955
    endloop
  endfacet
  facet normal -0.706943 -0.706601 -0.0307508
    outer loop
      vertex 13.5 1.93508 93.2955
      vertex 13.425 1.97712 94.0537
      vertex 13.425 2.00989 93.3007
    endloop
  endfacet
  facet normal -0.696929 0.716469 0.0310204
    outer loop
      vertex 13.5 1.90213 94.0524
      vertex 13.4986 1.90137 94.0385
      vertex 13.4989 1.90106 94.0524
    endloop
  endfacet
  facet normal -0.706213 0.707331 0.030761
    outer loop
      vertex 13.4986 1.90137 94.0385
      vertex 13.5 1.93508 93.2955
      vertex 13.4824 1.91756 93.2943
    endloop
  endfacet
  facet normal -0.697789 0.715625 0.0311532
    outer loop
      vertex 13.5 1.93508 93.2955
      vertex 13.4986 1.90137 94.0385
      vertex 13.5 1.90213 94.0524
    endloop
  endfacet
  facet normal 0.706578 0.706966 0.0307762
    outer loop
      vertex -13.5 1.90213 94.0524
      vertex -13.4856 1.91438 93.4404
      vertex -13.5 1.93508 93.2955
    endloop
  endfacet
  facet normal 0.696935 0.716475 0.0307397
    outer loop
      vertex -13.4856 1.91438 93.4404
      vertex -13.5 1.90213 94.0524
      vertex -13.4989 1.90106 94.0524
    endloop
  endfacet
  facet normal 0.706214 0.707325 0.0308637
    outer loop
      vertex -13.4824 1.91756 93.2943
      vertex -13.5 1.93508 93.2955
      vertex -13.4856 1.91438 93.4404
    endloop
  endfacet
endsolid OpenSCAD_Model
