solid OpenSCAD_Model
  facet normal 0 0 -1
    outer loop
      vertex 15.5 -4 0
      vertex 13.0172 0 0
      vertex 15.5 -2.48283 0
    endloop
  endfacet
  facet normal 0 0 -1
    outer loop
      vertex 15.5 -4 0
      vertex -13.0172 0 0
      vertex 13.0172 0 0
    endloop
  endfacet
  facet normal 0 0 -1
    outer loop
      vertex -15.5 -4 0
      vertex -13.0172 0 0
      vertex 15.5 -4 0
    endloop
  endfacet
  facet normal 0 0 -1
    outer loop
      vertex -13.0172 0 0
      vertex -15.5 -4 0
      vertex -15.5 -2.48283 0
    endloop
  endfacet
  facet normal 0.707111 0.707103 0
    outer loop
      vertex 13.0172 0 0
      vertex 15.5 -2.48283 45.5172
      vertex 15.5 -2.48283 0
    endloop
  endfacet
  facet normal 0.707111 0.707103 0
    outer loop
      vertex 15.5 -2.48283 45.5172
      vertex 13.0172 0 0
      vertex 13.0172 0 48
    endloop
  endfacet
  facet normal -0.707111 0.707103 0
    outer loop
      vertex -13.0172 0 0
      vertex -15.5 -2.48283 45.5172
      vertex -13.0172 0 48
    endloop
  endfacet
  facet normal -0.707111 0.707103 0
    outer loop
      vertex -15.5 -2.48283 45.5172
      vertex -13.0172 0 0
      vertex -15.5 -2.48283 0
    endloop
  endfacet
  facet normal -1 0 0
    outer loop
      vertex -15.5 -4 44
      vertex -15.5 -2.48283 0
      vertex -15.5 -4 0
    endloop
  endfacet
  facet normal -1 0 0
    outer loop
      vertex -15.5 -2.48283 0
      vertex -15.5 -4 44
      vertex -15.5 -2.48283 45.5172
    endloop
  endfacet
  facet normal 0 -1 0
    outer loop
      vertex -15.5 -4 44
      vertex 0 -4 18.65
      vertex 15.5 -4 44
    endloop
  endfacet
  facet normal 0 -1 0
    outer loop
      vertex -15.5 -4 44
      vertex -0.198884 -4 18.638
      vertex 0 -4 18.65
    endloop
  endfacet
  facet normal 0 -1 0
    outer loop
      vertex -15.5 -4 44
      vertex -0.394869 -4 18.602
      vertex -0.198884 -4 18.638
    endloop
  endfacet
  facet normal 0 -1 0
    outer loop
      vertex -15.5 -4 44
      vertex -0.585095 -4 18.5428
      vertex -0.394869 -4 18.602
    endloop
  endfacet
  facet normal 0 -1 0
    outer loop
      vertex -15.5 -4 44
      vertex -0.76679 -4 18.461
      vertex -0.585095 -4 18.5428
    endloop
  endfacet
  facet normal 0 -1 0
    outer loop
      vertex -15.5 -4 44
      vertex -0.937303 -4 18.3579
      vertex -0.76679 -4 18.461
    endloop
  endfacet
  facet normal 0 -1 0
    outer loop
      vertex -15.5 -4 44
      vertex -1.09415 -4 18.235
      vertex -0.937303 -4 18.3579
    endloop
  endfacet
  facet normal 0 -1 0
    outer loop
      vertex -15.5 -4 44
      vertex -1.23504 -4 18.0941
      vertex -1.09415 -4 18.235
    endloop
  endfacet
  facet normal 0 -1 0
    outer loop
      vertex -15.5 -4 44
      vertex -1.35792 -4 17.9373
      vertex -1.23504 -4 18.0941
    endloop
  endfacet
  facet normal 0 -1 0
    outer loop
      vertex -15.5 -4 44
      vertex -1.461 -4 17.7668
      vertex -1.35792 -4 17.9373
    endloop
  endfacet
  facet normal 0 -1 0
    outer loop
      vertex -15.5 -4 44
      vertex -1.54277 -4 17.5851
      vertex -1.461 -4 17.7668
    endloop
  endfacet
  facet normal 0 -1 0
    outer loop
      vertex -15.5 -4 44
      vertex -1.60205 -4 17.3949
      vertex -1.54277 -4 17.5851
    endloop
  endfacet
  facet normal 0 -1 0
    outer loop
      vertex -15.5 -4 0
      vertex -1.60205 -4 17.3949
      vertex -15.5 -4 44
    endloop
  endfacet
  facet normal 0 -1 0
    outer loop
      vertex -1.60205 -4 17.3949
      vertex -15.5 -4 0
      vertex -1.63796 -4 17.1989
    endloop
  endfacet
  facet normal 0 -1 0
    outer loop
      vertex -1.63796 -4 17.1989
      vertex -15.5 -4 0
      vertex -1.64999 -4 17
    endloop
  endfacet
  facet normal 0 -1 -0
    outer loop
      vertex -1.64999 -4 17
      vertex -15.5 -4 0
      vertex -1.63796 -4 16.8011
    endloop
  endfacet
  facet normal 0 -1 -0
    outer loop
      vertex -1.63796 -4 16.8011
      vertex -15.5 -4 0
      vertex -1.60205 -4 16.6051
    endloop
  endfacet
  facet normal 0 -1 -0
    outer loop
      vertex -1.60205 -4 16.6051
      vertex -15.5 -4 0
      vertex -1.54277 -4 16.4149
    endloop
  endfacet
  facet normal 0 -1 -0
    outer loop
      vertex -0.198884 -4 15.362
      vertex -15.5 -4 0
      vertex 0 -4 15.35
    endloop
  endfacet
  facet normal 0 -1 -0
    outer loop
      vertex -0.394869 -4 15.398
      vertex -15.5 -4 0
      vertex -0.198884 -4 15.362
    endloop
  endfacet
  facet normal 0 -1 -0
    outer loop
      vertex -0.585095 -4 15.4572
      vertex -15.5 -4 0
      vertex -0.394869 -4 15.398
    endloop
  endfacet
  facet normal 0 -1 -0
    outer loop
      vertex -0.76679 -4 15.539
      vertex -15.5 -4 0
      vertex -0.585095 -4 15.4572
    endloop
  endfacet
  facet normal 0 -1 -0
    outer loop
      vertex -0.937303 -4 15.6421
      vertex -15.5 -4 0
      vertex -0.76679 -4 15.539
    endloop
  endfacet
  facet normal 0 -1 -0
    outer loop
      vertex -1.09415 -4 15.765
      vertex -15.5 -4 0
      vertex -0.937303 -4 15.6421
    endloop
  endfacet
  facet normal 0 -1 -0
    outer loop
      vertex -1.23504 -4 15.9059
      vertex -15.5 -4 0
      vertex -1.09415 -4 15.765
    endloop
  endfacet
  facet normal 0 -1 -0
    outer loop
      vertex -1.35792 -4 16.0627
      vertex -15.5 -4 0
      vertex -1.23504 -4 15.9059
    endloop
  endfacet
  facet normal 0 -1 -0
    outer loop
      vertex -1.461 -4 16.2332
      vertex -15.5 -4 0
      vertex -1.35792 -4 16.0627
    endloop
  endfacet
  facet normal 0 -1 -0
    outer loop
      vertex -1.54277 -4 16.4149
      vertex -15.5 -4 0
      vertex -1.461 -4 16.2332
    endloop
  endfacet
  facet normal 0 -1 0
    outer loop
      vertex 0.198884 -4 18.638
      vertex 15.5 -4 44
      vertex 0 -4 18.65
    endloop
  endfacet
  facet normal 0 -1 0
    outer loop
      vertex 0.394869 -4 18.602
      vertex 15.5 -4 44
      vertex 0.198884 -4 18.638
    endloop
  endfacet
  facet normal 0 -1 0
    outer loop
      vertex 0.585095 -4 18.5428
      vertex 15.5 -4 44
      vertex 0.394869 -4 18.602
    endloop
  endfacet
  facet normal 0 -1 0
    outer loop
      vertex 0.76679 -4 18.461
      vertex 15.5 -4 44
      vertex 0.585095 -4 18.5428
    endloop
  endfacet
  facet normal 0 -1 0
    outer loop
      vertex 0.937303 -4 18.3579
      vertex 15.5 -4 44
      vertex 0.76679 -4 18.461
    endloop
  endfacet
  facet normal 0 -1 0
    outer loop
      vertex 1.09415 -4 18.235
      vertex 15.5 -4 44
      vertex 0.937303 -4 18.3579
    endloop
  endfacet
  facet normal 0 -1 0
    outer loop
      vertex 1.23504 -4 18.0941
      vertex 15.5 -4 44
      vertex 1.09415 -4 18.235
    endloop
  endfacet
  facet normal 0 -1 0
    outer loop
      vertex 1.35792 -4 17.9373
      vertex 15.5 -4 44
      vertex 1.23504 -4 18.0941
    endloop
  endfacet
  facet normal 0 -1 0
    outer loop
      vertex 1.461 -4 17.7668
      vertex 15.5 -4 44
      vertex 1.35792 -4 17.9373
    endloop
  endfacet
  facet normal 0 -1 0
    outer loop
      vertex 1.54277 -4 17.5851
      vertex 15.5 -4 44
      vertex 1.461 -4 17.7668
    endloop
  endfacet
  facet normal 0 -1 0
    outer loop
      vertex 1.60205 -4 17.3949
      vertex 15.5 -4 44
      vertex 1.54277 -4 17.5851
    endloop
  endfacet
  facet normal 0 -1 0
    outer loop
      vertex 15.5 -4 0
      vertex 1.60205 -4 17.3949
      vertex 1.63796 -4 17.1989
    endloop
  endfacet
  facet normal 0 -1 0
    outer loop
      vertex 15.5 -4 0
      vertex 1.63796 -4 17.1989
      vertex 1.64999 -4 17
    endloop
  endfacet
  facet normal 0 -1 0
    outer loop
      vertex 15.5 -4 0
      vertex 1.64999 -4 17
      vertex 1.63796 -4 16.8011
    endloop
  endfacet
  facet normal 0 -1 0
    outer loop
      vertex 15.5 -4 0
      vertex 1.63796 -4 16.8011
      vertex 1.60205 -4 16.6051
    endloop
  endfacet
  facet normal 0 -1 0
    outer loop
      vertex 15.5 -4 0
      vertex 1.60205 -4 16.6051
      vertex 1.54277 -4 16.4149
    endloop
  endfacet
  facet normal 0 -1 0
    outer loop
      vertex 15.5 -4 0
      vertex 1.54277 -4 16.4149
      vertex 1.461 -4 16.2332
    endloop
  endfacet
  facet normal 0 -1 0
    outer loop
      vertex 15.5 -4 0
      vertex 0 -4 15.35
      vertex -15.5 -4 0
    endloop
  endfacet
  facet normal 0 -1 0
    outer loop
      vertex 0 -4 15.35
      vertex 15.5 -4 0
      vertex 0.198884 -4 15.362
    endloop
  endfacet
  facet normal 0 -1 0
    outer loop
      vertex 0.198884 -4 15.362
      vertex 15.5 -4 0
      vertex 0.394869 -4 15.398
    endloop
  endfacet
  facet normal 0 -1 0
    outer loop
      vertex 0.394869 -4 15.398
      vertex 15.5 -4 0
      vertex 0.585095 -4 15.4572
    endloop
  endfacet
  facet normal 0 -1 0
    outer loop
      vertex 0.585095 -4 15.4572
      vertex 15.5 -4 0
      vertex 0.76679 -4 15.539
    endloop
  endfacet
  facet normal 0 -1 0
    outer loop
      vertex 0.76679 -4 15.539
      vertex 15.5 -4 0
      vertex 0.937303 -4 15.6421
    endloop
  endfacet
  facet normal 0 -1 0
    outer loop
      vertex 1.60205 -4 17.3949
      vertex 15.5 -4 0
      vertex 15.5 -4 44
    endloop
  endfacet
  facet normal 0 -1 0
    outer loop
      vertex 1.35792 -4 16.0627
      vertex 15.5 -4 0
      vertex 1.461 -4 16.2332
    endloop
  endfacet
  facet normal 0 -1 0
    outer loop
      vertex 1.23504 -4 15.9059
      vertex 15.5 -4 0
      vertex 1.35792 -4 16.0627
    endloop
  endfacet
  facet normal 0 -1 0
    outer loop
      vertex 1.09415 -4 15.765
      vertex 15.5 -4 0
      vertex 1.23504 -4 15.9059
    endloop
  endfacet
  facet normal 0 -1 0
    outer loop
      vertex 0.937303 -4 15.6421
      vertex 15.5 -4 0
      vertex 1.09415 -4 15.765
    endloop
  endfacet
  facet normal 1 -0 0
    outer loop
      vertex 15.5 -4 44
      vertex 15.5 -2.48283 0
      vertex 15.5 -2.48283 45.5172
    endloop
  endfacet
  facet normal 1 0 0
    outer loop
      vertex 15.5 -2.48283 0
      vertex 15.5 -4 44
      vertex 15.5 -4 0
    endloop
  endfacet
  facet normal 2.25261e-05 -0.707114 0.7071
    outer loop
      vertex -15.5 -4 44
      vertex -13.0172 0 48
      vertex -15.5 -2.48283 45.5172
    endloop
  endfacet
  facet normal 0 -0.707107 0.707107
    outer loop
      vertex -13.0172 0 48
      vertex -15.5 -4 44
      vertex 13.0172 0 48
    endloop
  endfacet
  facet normal 0 -0.707107 0.707107
    outer loop
      vertex 15.5 -4 44
      vertex 13.0172 0 48
      vertex -15.5 -4 44
    endloop
  endfacet
  facet normal -2.25261e-05 -0.707114 0.7071
    outer loop
      vertex 13.0172 0 48
      vertex 15.5 -4 44
      vertex 15.5 -2.48283 45.5172
    endloop
  endfacet
  facet normal 0.0700944 -0.921382 0.382285
    outer loop
      vertex 0.198884 -4 18.638
      vertex 0.0271196 -4.59999 17.2234
      vertex 0.0538435 -4.59999 17.2185
    endloop
  endfacet
  facet normal -0.371049 -0.921384 0.115646
    outer loop
      vertex -1.54277 -4 17.5851
      vertex -1.60205 -4 17.3949
      vertex -0.21037 -4.59999 17.0798
    endloop
  endfacet
  facet normal -0.332592 -0.921385 0.201077
    outer loop
      vertex -1.35792 -4 17.9373
      vertex -1.461 -4 17.7668
      vertex -0.185163 -4.59999 17.1278
    endloop
  endfacet
  facet normal -0.387945 -0.921384 -0.0234639
    outer loop
      vertex -0.224991 -4.59999 17
      vertex -1.64999 -4 17
      vertex -1.63796 -4 16.8011
    endloop
  endfacet
  facet normal 0.0228882 -0.921396 -0.38795
    outer loop
      vertex 0.0271196 -4.59999 16.7766
      vertex 0 -4.59999 16.775
      vertex 0 -4 15.35
    endloop
  endfacet
  facet normal -0.159551 -0.921383 0.354396
    outer loop
      vertex -0.585095 -4 18.5428
      vertex -0.76679 -4 18.461
      vertex -0.0797825 -4.59999 17.2104
    endloop
  endfacet
  facet normal 0.115858 -0.92137 -0.371017
    outer loop
      vertex 0.0797825 -4.59999 16.7896
      vertex 0.0538435 -4.59999 16.7815
      vertex 0.394869 -4 15.398
    endloop
  endfacet
  facet normal 0.239719 -0.921379 -0.305933
    outer loop
      vertex 1.09415 -4 15.765
      vertex 0.127809 -4.59999 16.8148
      vertex 0.937303 -4 15.6421
    endloop
  endfacet
  facet normal -0.354478 -0.92138 0.159386
    outer loop
      vertex -0.199219 -4.59999 17.1046
      vertex -1.461 -4 17.7668
      vertex -0.21037 -4.59999 17.0798
    endloop
  endfacet
  facet normal 0.0234078 -0.921382 -0.387954
    outer loop
      vertex 0.0271196 -4.59999 16.7766
      vertex 0 -4 15.35
      vertex 0.198884 -4 15.362
    endloop
  endfacet
  facet normal 0.0702184 -0.921379 -0.382271
    outer loop
      vertex 0.394869 -4 15.398
      vertex 0.0538435 -4.59999 16.7815
      vertex 0.198884 -4 15.362
    endloop
  endfacet
  facet normal -0.354418 -0.921384 0.159498
    outer loop
      vertex -1.461 -4 17.7668
      vertex -1.54277 -4 17.5851
      vertex -0.21037 -4.59999 17.0798
    endloop
  endfacet
  facet normal 0.387945 -0.921384 -0.0234639
    outer loop
      vertex 1.64999 -4 17
      vertex 0.224991 -4.59999 17
      vertex 1.63796 -4 16.8011
    endloop
  endfacet
  facet normal -0.2011 -0.92138 0.332591
    outer loop
      vertex -0.76679 -4 18.461
      vertex -0.937303 -4 18.3579
      vertex -0.127809 -4.59999 17.1852
    endloop
  endfacet
  facet normal -0.382277 -0.921383 0.0701271
    outer loop
      vertex -0.218452 -4.59999 17.0538
      vertex -1.63796 -4 17.1989
      vertex -0.22335 -4.59999 17.0271
    endloop
  endfacet
  facet normal 0.159551 -0.921383 0.354396
    outer loop
      vertex 0.585095 -4 18.5428
      vertex 0.0797825 -4.59999 17.2104
      vertex 0.76679 -4 18.461
    endloop
  endfacet
  facet normal 0.0702184 -0.921379 0.382271
    outer loop
      vertex 0.198884 -4 18.638
      vertex 0.0538435 -4.59999 17.2185
      vertex 0.394869 -4 18.602
    endloop
  endfacet
  facet normal -0.371117 -0.921392 0.11536
    outer loop
      vertex -0.21037 -4.59999 17.0798
      vertex -1.60205 -4 17.3949
      vertex -0.218452 -4.59999 17.0538
    endloop
  endfacet
  facet normal -0.2011 -0.92138 -0.332591
    outer loop
      vertex -0.127809 -4.59999 16.8148
      vertex -0.937303 -4 15.6421
      vertex -0.76679 -4 15.539
    endloop
  endfacet
  facet normal -0.382287 -0.921385 -0.0700404
    outer loop
      vertex -0.218452 -4.59999 16.9462
      vertex -1.63796 -4 16.8011
      vertex -1.60205 -4 16.6051
    endloop
  endfacet
  facet normal 0.382277 -0.921383 -0.0701271
    outer loop
      vertex 0.22335 -4.59999 16.9729
      vertex 0.218452 -4.59999 16.9462
      vertex 1.63796 -4 16.8011
    endloop
  endfacet
  facet normal 0.332592 -0.921385 -0.201077
    outer loop
      vertex 1.461 -4 16.2332
      vertex 0.185163 -4.59999 16.8722
      vertex 1.35792 -4 16.0627
    endloop
  endfacet
  facet normal -0.159551 -0.921383 -0.354396
    outer loop
      vertex -0.0797825 -4.59999 16.7896
      vertex -0.76679 -4 15.539
      vertex -0.585095 -4 15.4572
    endloop
  endfacet
  facet normal -0.382287 -0.921385 0.0700404
    outer loop
      vertex -1.60205 -4 17.3949
      vertex -1.63796 -4 17.1989
      vertex -0.218452 -4.59999 17.0538
    endloop
  endfacet
  facet normal -0.306019 -0.921379 0.23961
    outer loop
      vertex -0.168407 -4.59999 17.1492
      vertex -1.23504 -4 18.0941
      vertex -0.185163 -4.59999 17.1278
    endloop
  endfacet
  facet normal 0.0700944 -0.921382 -0.382285
    outer loop
      vertex 0.0538435 -4.59999 16.7815
      vertex 0.0271196 -4.59999 16.7766
      vertex 0.198884 -4 15.362
    endloop
  endfacet
  facet normal -0.115858 -0.92137 0.371017
    outer loop
      vertex -0.0538435 -4.59999 17.2185
      vertex -0.394869 -4 18.602
      vertex -0.0797825 -4.59999 17.2104
    endloop
  endfacet
  facet normal 0.0228919 -0.92137 0.388011
    outer loop
      vertex 0.198884 -4 18.638
      vertex 0 -4.59999 17.225
      vertex 0.0271196 -4.59999 17.2234
    endloop
  endfacet
  facet normal -0.387941 -0.921385 -0.0234912
    outer loop
      vertex -0.224991 -4.59999 17
      vertex -1.63796 -4 16.8011
      vertex -0.22335 -4.59999 16.9729
    endloop
  endfacet
  facet normal -0.387945 -0.921384 0.0234639
    outer loop
      vertex -1.63796 -4 17.1989
      vertex -1.64999 -4 17
      vertex -0.224991 -4.59999 17
    endloop
  endfacet
  facet normal -0.387941 -0.921385 0.0234912
    outer loop
      vertex -0.22335 -4.59999 17.0271
      vertex -1.63796 -4 17.1989
      vertex -0.224991 -4.59999 17
    endloop
  endfacet
  facet normal -0.0234073 -0.921385 0.387945
    outer loop
      vertex 0 -4 18.65
      vertex -0.198884 -4 18.638
      vertex 0 -4.59999 17.225
    endloop
  endfacet
  facet normal -0.24007 -0.921393 -0.305617
    outer loop
      vertex -0.149196 -4.59999 16.8316
      vertex -1.09415 -4 15.765
      vertex -0.127809 -4.59999 16.8148
    endloop
  endfacet
  facet normal 0.354478 -0.92138 -0.159386
    outer loop
      vertex 0.21037 -4.59999 16.9202
      vertex 0.199219 -4.59999 16.8954
      vertex 1.461 -4 16.2332
    endloop
  endfacet
  facet normal 0.387941 -0.921385 -0.0234912
    outer loop
      vertex 0.224991 -4.59999 17
      vertex 0.22335 -4.59999 16.9729
      vertex 1.63796 -4 16.8011
    endloop
  endfacet
  facet normal -0.0234078 -0.921382 -0.387954
    outer loop
      vertex -0.0271196 -4.59999 16.7766
      vertex -0.198884 -4 15.362
      vertex 0 -4 15.35
    endloop
  endfacet
  facet normal 0.305909 -0.921384 -0.239733
    outer loop
      vertex 1.35792 -4 16.0627
      vertex 0.185163 -4.59999 16.8722
      vertex 1.23504 -4 15.9059
    endloop
  endfacet
  facet normal 0.305909 -0.921384 0.239733
    outer loop
      vertex 1.23504 -4 18.0941
      vertex 0.185163 -4.59999 17.1278
      vertex 1.35792 -4 17.9373
    endloop
  endfacet
  facet normal -0.239719 -0.921379 0.305933
    outer loop
      vertex -0.937303 -4 18.3579
      vertex -1.09415 -4 18.235
      vertex -0.127809 -4.59999 17.1852
    endloop
  endfacet
  facet normal 0.27475 -0.921378 -0.274908
    outer loop
      vertex 0.149196 -4.59999 16.8316
      vertex 1.23504 -4 15.9059
      vertex 0.168407 -4.59999 16.8508
    endloop
  endfacet
  facet normal 0.274833 -0.921382 -0.274813
    outer loop
      vertex 1.23504 -4 15.9059
      vertex 0.149196 -4.59999 16.8316
      vertex 1.09415 -4 15.765
    endloop
  endfacet
  facet normal -0.306019 -0.921379 -0.23961
    outer loop
      vertex -0.185163 -4.59999 16.8722
      vertex -1.23504 -4 15.9059
      vertex -0.168407 -4.59999 16.8508
    endloop
  endfacet
  facet normal -0.0702184 -0.921379 0.382271
    outer loop
      vertex -0.198884 -4 18.638
      vertex -0.394869 -4 18.602
      vertex -0.0538435 -4.59999 17.2185
    endloop
  endfacet
  facet normal 0.332592 -0.921385 0.201077
    outer loop
      vertex 1.35792 -4 17.9373
      vertex 0.185163 -4.59999 17.1278
      vertex 1.461 -4 17.7668
    endloop
  endfacet
  facet normal -0.115491 -0.921381 0.371105
    outer loop
      vertex -0.394869 -4 18.602
      vertex -0.585095 -4 18.5428
      vertex -0.0797825 -4.59999 17.2104
    endloop
  endfacet
  facet normal 0.115491 -0.921381 -0.371105
    outer loop
      vertex 0.585095 -4 15.4572
      vertex 0.0797825 -4.59999 16.7896
      vertex 0.394869 -4 15.398
    endloop
  endfacet
  facet normal -0.115491 -0.921381 -0.371105
    outer loop
      vertex -0.0797825 -4.59999 16.7896
      vertex -0.585095 -4 15.4572
      vertex -0.394869 -4 15.398
    endloop
  endfacet
  facet normal -0.239719 -0.921379 -0.305933
    outer loop
      vertex -0.127809 -4.59999 16.8148
      vertex -1.09415 -4 15.765
      vertex -0.937303 -4 15.6421
    endloop
  endfacet
  facet normal -0.16008 -0.9214 0.354114
    outer loop
      vertex -0.0797825 -4.59999 17.2104
      vertex -0.76679 -4 18.461
      vertex -0.104558 -4.59999 17.1992
    endloop
  endfacet
  facet normal -0.20046 -0.921401 0.332921
    outer loop
      vertex -0.104558 -4.59999 17.1992
      vertex -0.76679 -4 18.461
      vertex -0.127809 -4.59999 17.1852
    endloop
  endfacet
  facet normal -0.0702184 -0.921379 -0.382271
    outer loop
      vertex -0.0538435 -4.59999 16.7815
      vertex -0.394869 -4 15.398
      vertex -0.198884 -4 15.362
    endloop
  endfacet
  facet normal 0.16008 -0.9214 -0.354114
    outer loop
      vertex 0.104558 -4.59999 16.8008
      vertex 0.0797825 -4.59999 16.7896
      vertex 0.76679 -4 15.539
    endloop
  endfacet
  facet normal -0.305909 -0.921384 0.239733
    outer loop
      vertex -1.23504 -4 18.0941
      vertex -1.35792 -4 17.9373
      vertex -0.185163 -4.59999 17.1278
    endloop
  endfacet
  facet normal -0.305909 -0.921384 -0.239733
    outer loop
      vertex -0.185163 -4.59999 16.8722
      vertex -1.35792 -4 16.0627
      vertex -1.23504 -4 15.9059
    endloop
  endfacet
  facet normal -0.115858 -0.92137 -0.371017
    outer loop
      vertex -0.0797825 -4.59999 16.7896
      vertex -0.394869 -4 15.398
      vertex -0.0538435 -4.59999 16.7815
    endloop
  endfacet
  facet normal -0.24007 -0.921393 0.305617
    outer loop
      vertex -0.127809 -4.59999 17.1852
      vertex -1.09415 -4 18.235
      vertex -0.149196 -4.59999 17.1684
    endloop
  endfacet
  facet normal -0.274833 -0.921382 0.274813
    outer loop
      vertex -1.23504 -4 18.0941
      vertex -0.149196 -4.59999 17.1684
      vertex -1.09415 -4 18.235
    endloop
  endfacet
  facet normal -0.27475 -0.921378 0.274908
    outer loop
      vertex -0.149196 -4.59999 17.1684
      vertex -1.23504 -4 18.0941
      vertex -0.168407 -4.59999 17.1492
    endloop
  endfacet
  facet normal 0.0234073 -0.921385 0.387945
    outer loop
      vertex 0 -4 18.65
      vertex 0 -4.59999 17.225
      vertex 0.198884 -4 18.638
    endloop
  endfacet
  facet normal 0.371049 -0.921384 -0.115646
    outer loop
      vertex 1.60205 -4 16.6051
      vertex 0.21037 -4.59999 16.9202
      vertex 1.54277 -4 16.4149
    endloop
  endfacet
  facet normal 0.354478 -0.92138 0.159386
    outer loop
      vertex 1.461 -4 17.7668
      vertex 0.199219 -4.59999 17.1046
      vertex 0.21037 -4.59999 17.0798
    endloop
  endfacet
  facet normal -0.0700944 -0.921382 -0.382285
    outer loop
      vertex -0.0538435 -4.59999 16.7815
      vertex -0.198884 -4 15.362
      vertex -0.0271196 -4.59999 16.7766
    endloop
  endfacet
  facet normal 0.2011 -0.92138 -0.332591
    outer loop
      vertex 0.937303 -4 15.6421
      vertex 0.127809 -4.59999 16.8148
      vertex 0.76679 -4 15.539
    endloop
  endfacet
  facet normal -0.354478 -0.92138 -0.159386
    outer loop
      vertex -0.21037 -4.59999 16.9202
      vertex -1.461 -4 16.2332
      vertex -0.199219 -4.59999 16.8954
    endloop
  endfacet
  facet normal -0.20046 -0.921401 -0.332921
    outer loop
      vertex -0.127809 -4.59999 16.8148
      vertex -0.76679 -4 15.539
      vertex -0.104558 -4.59999 16.8008
    endloop
  endfacet
  facet normal 0.159551 -0.921383 -0.354396
    outer loop
      vertex 0.76679 -4 15.539
      vertex 0.0797825 -4.59999 16.7896
      vertex 0.585095 -4 15.4572
    endloop
  endfacet
  facet normal -0.354418 -0.921384 -0.159498
    outer loop
      vertex -0.21037 -4.59999 16.9202
      vertex -1.54277 -4 16.4149
      vertex -1.461 -4 16.2332
    endloop
  endfacet
  facet normal -0.371049 -0.921384 -0.115646
    outer loop
      vertex -0.21037 -4.59999 16.9202
      vertex -1.60205 -4 16.6051
      vertex -1.54277 -4 16.4149
    endloop
  endfacet
  facet normal 0.371117 -0.921392 -0.11536
    outer loop
      vertex 0.218452 -4.59999 16.9462
      vertex 0.21037 -4.59999 16.9202
      vertex 1.60205 -4 16.6051
    endloop
  endfacet
  facet normal -0.382277 -0.921383 -0.0701271
    outer loop
      vertex -0.22335 -4.59999 16.9729
      vertex -1.63796 -4 16.8011
      vertex -0.218452 -4.59999 16.9462
    endloop
  endfacet
  facet normal -0.371117 -0.921392 -0.11536
    outer loop
      vertex -0.218452 -4.59999 16.9462
      vertex -1.60205 -4 16.6051
      vertex -0.21037 -4.59999 16.9202
    endloop
  endfacet
  facet normal -0.332424 -0.921375 0.201403
    outer loop
      vertex -0.185163 -4.59999 17.1278
      vertex -1.461 -4 17.7668
      vertex -0.199219 -4.59999 17.1046
    endloop
  endfacet
  facet normal 0 -1 0
    outer loop
      vertex -0.0271196 -4.59999 17.2234
      vertex 0.0271196 -4.59999 17.2234
      vertex 0 -4.59999 17.225
    endloop
  endfacet
  facet normal 0 -1 0
    outer loop
      vertex -0.0538435 -4.59999 17.2185
      vertex 0.0271196 -4.59999 17.2234
      vertex -0.0271196 -4.59999 17.2234
    endloop
  endfacet
  facet normal 0 -1 0
    outer loop
      vertex -0.0538435 -4.59999 17.2185
      vertex 0.0538435 -4.59999 17.2185
      vertex 0.0271196 -4.59999 17.2234
    endloop
  endfacet
  facet normal 0 -1 0
    outer loop
      vertex -0.0797825 -4.59999 17.2104
      vertex 0.0538435 -4.59999 17.2185
      vertex -0.0538435 -4.59999 17.2185
    endloop
  endfacet
  facet normal 0 -1 0
    outer loop
      vertex -0.0797825 -4.59999 17.2104
      vertex 0.0797825 -4.59999 17.2104
      vertex 0.0538435 -4.59999 17.2185
    endloop
  endfacet
  facet normal 0 -1 0
    outer loop
      vertex -0.104558 -4.59999 17.1992
      vertex 0.0797825 -4.59999 17.2104
      vertex -0.0797825 -4.59999 17.2104
    endloop
  endfacet
  facet normal 0 -1 0
    outer loop
      vertex -0.104558 -4.59999 17.1992
      vertex 0.104558 -4.59999 17.1992
      vertex 0.0797825 -4.59999 17.2104
    endloop
  endfacet
  facet normal 0 -1 0
    outer loop
      vertex -0.127809 -4.59999 17.1852
      vertex 0.104558 -4.59999 17.1992
      vertex -0.104558 -4.59999 17.1992
    endloop
  endfacet
  facet normal 0 -1 0
    outer loop
      vertex -0.127809 -4.59999 17.1852
      vertex 0.127809 -4.59999 17.1852
      vertex 0.104558 -4.59999 17.1992
    endloop
  endfacet
  facet normal 0 -1 0
    outer loop
      vertex -0.149196 -4.59999 17.1684
      vertex 0.127809 -4.59999 17.1852
      vertex -0.127809 -4.59999 17.1852
    endloop
  endfacet
  facet normal 0 -1 0
    outer loop
      vertex -0.149196 -4.59999 17.1684
      vertex 0.149196 -4.59999 17.1684
      vertex 0.127809 -4.59999 17.1852
    endloop
  endfacet
  facet normal 0 -1 0
    outer loop
      vertex -0.168407 -4.59999 17.1492
      vertex 0.149196 -4.59999 17.1684
      vertex -0.149196 -4.59999 17.1684
    endloop
  endfacet
  facet normal 0 -1 0
    outer loop
      vertex -0.168407 -4.59999 17.1492
      vertex 0.168407 -4.59999 17.1492
      vertex 0.149196 -4.59999 17.1684
    endloop
  endfacet
  facet normal 0 -1 0
    outer loop
      vertex -0.185163 -4.59999 17.1278
      vertex 0.168407 -4.59999 17.1492
      vertex -0.168407 -4.59999 17.1492
    endloop
  endfacet
  facet normal 0 -1 0
    outer loop
      vertex -0.185163 -4.59999 17.1278
      vertex 0.185163 -4.59999 17.1278
      vertex 0.168407 -4.59999 17.1492
    endloop
  endfacet
  facet normal 0 -1 0
    outer loop
      vertex -0.199219 -4.59999 17.1046
      vertex 0.185163 -4.59999 17.1278
      vertex -0.185163 -4.59999 17.1278
    endloop
  endfacet
  facet normal 0 -1 0
    outer loop
      vertex -0.199219 -4.59999 17.1046
      vertex 0.199219 -4.59999 17.1046
      vertex 0.185163 -4.59999 17.1278
    endloop
  endfacet
  facet normal 0 -1 0
    outer loop
      vertex -0.21037 -4.59999 17.0798
      vertex 0.199219 -4.59999 17.1046
      vertex -0.199219 -4.59999 17.1046
    endloop
  endfacet
  facet normal 0 -1 0
    outer loop
      vertex -0.21037 -4.59999 17.0798
      vertex 0.21037 -4.59999 17.0798
      vertex 0.199219 -4.59999 17.1046
    endloop
  endfacet
  facet normal 0 -1 0
    outer loop
      vertex -0.218452 -4.59999 17.0538
      vertex 0.21037 -4.59999 17.0798
      vertex -0.21037 -4.59999 17.0798
    endloop
  endfacet
  facet normal 0 -1 0
    outer loop
      vertex -0.218452 -4.59999 17.0538
      vertex 0.218452 -4.59999 17.0538
      vertex 0.21037 -4.59999 17.0798
    endloop
  endfacet
  facet normal 0 -1 0
    outer loop
      vertex -0.22335 -4.59999 17.0271
      vertex 0.218452 -4.59999 17.0538
      vertex -0.218452 -4.59999 17.0538
    endloop
  endfacet
  facet normal 0 -1 0
    outer loop
      vertex -0.22335 -4.59999 17.0271
      vertex 0.22335 -4.59999 17.0271
      vertex 0.218452 -4.59999 17.0538
    endloop
  endfacet
  facet normal 0 -1 0
    outer loop
      vertex -0.224991 -4.59999 17
      vertex 0.22335 -4.59999 17.0271
      vertex -0.22335 -4.59999 17.0271
    endloop
  endfacet
  facet normal 0 -1 0
    outer loop
      vertex -0.224991 -4.59999 17
      vertex 0.224991 -4.59999 17
      vertex 0.22335 -4.59999 17.0271
    endloop
  endfacet
  facet normal 0 -1 0
    outer loop
      vertex -0.22335 -4.59999 16.9729
      vertex 0.224991 -4.59999 17
      vertex -0.224991 -4.59999 17
    endloop
  endfacet
  facet normal 0 -1 0
    outer loop
      vertex -0.22335 -4.59999 16.9729
      vertex 0.22335 -4.59999 16.9729
      vertex 0.224991 -4.59999 17
    endloop
  endfacet
  facet normal 0 -1 0
    outer loop
      vertex -0.218452 -4.59999 16.9462
      vertex 0.22335 -4.59999 16.9729
      vertex -0.22335 -4.59999 16.9729
    endloop
  endfacet
  facet normal 0 -1 0
    outer loop
      vertex -0.218452 -4.59999 16.9462
      vertex 0.218452 -4.59999 16.9462
      vertex 0.22335 -4.59999 16.9729
    endloop
  endfacet
  facet normal 0 -1 0
    outer loop
      vertex -0.21037 -4.59999 16.9202
      vertex 0.218452 -4.59999 16.9462
      vertex -0.218452 -4.59999 16.9462
    endloop
  endfacet
  facet normal 0 -1 0
    outer loop
      vertex -0.21037 -4.59999 16.9202
      vertex 0.21037 -4.59999 16.9202
      vertex 0.218452 -4.59999 16.9462
    endloop
  endfacet
  facet normal 0 -1 0
    outer loop
      vertex -0.199219 -4.59999 16.8954
      vertex 0.21037 -4.59999 16.9202
      vertex -0.21037 -4.59999 16.9202
    endloop
  endfacet
  facet normal 0 -1 0
    outer loop
      vertex -0.199219 -4.59999 16.8954
      vertex 0.199219 -4.59999 16.8954
      vertex 0.21037 -4.59999 16.9202
    endloop
  endfacet
  facet normal 0 -1 0
    outer loop
      vertex -0.185163 -4.59999 16.8722
      vertex 0.199219 -4.59999 16.8954
      vertex -0.199219 -4.59999 16.8954
    endloop
  endfacet
  facet normal 0 -1 0
    outer loop
      vertex -0.185163 -4.59999 16.8722
      vertex 0.185163 -4.59999 16.8722
      vertex 0.199219 -4.59999 16.8954
    endloop
  endfacet
  facet normal 0 -1 0
    outer loop
      vertex -0.168407 -4.59999 16.8508
      vertex 0.185163 -4.59999 16.8722
      vertex -0.185163 -4.59999 16.8722
    endloop
  endfacet
  facet normal 0 -1 0
    outer loop
      vertex -0.168407 -4.59999 16.8508
      vertex 0.168407 -4.59999 16.8508
      vertex 0.185163 -4.59999 16.8722
    endloop
  endfacet
  facet normal 0 -1 0
    outer loop
      vertex -0.149196 -4.59999 16.8316
      vertex 0.168407 -4.59999 16.8508
      vertex -0.168407 -4.59999 16.8508
    endloop
  endfacet
  facet normal 0 -1 0
    outer loop
      vertex -0.149196 -4.59999 16.8316
      vertex 0.149196 -4.59999 16.8316
      vertex 0.168407 -4.59999 16.8508
    endloop
  endfacet
  facet normal 0 -1 0
    outer loop
      vertex -0.127809 -4.59999 16.8148
      vertex 0.149196 -4.59999 16.8316
      vertex -0.149196 -4.59999 16.8316
    endloop
  endfacet
  facet normal 0 -1 0
    outer loop
      vertex -0.127809 -4.59999 16.8148
      vertex 0.127809 -4.59999 16.8148
      vertex 0.149196 -4.59999 16.8316
    endloop
  endfacet
  facet normal 0 -1 0
    outer loop
      vertex -0.104558 -4.59999 16.8008
      vertex 0.127809 -4.59999 16.8148
      vertex -0.127809 -4.59999 16.8148
    endloop
  endfacet
  facet normal 0 -1 0
    outer loop
      vertex -0.104558 -4.59999 16.8008
      vertex 0.104558 -4.59999 16.8008
      vertex 0.127809 -4.59999 16.8148
    endloop
  endfacet
  facet normal 0 -1 0
    outer loop
      vertex -0.0797825 -4.59999 16.7896
      vertex 0.104558 -4.59999 16.8008
      vertex -0.104558 -4.59999 16.8008
    endloop
  endfacet
  facet normal 0 -1 0
    outer loop
      vertex -0.0797825 -4.59999 16.7896
      vertex 0.0797825 -4.59999 16.7896
      vertex 0.104558 -4.59999 16.8008
    endloop
  endfacet
  facet normal 0 -1 0
    outer loop
      vertex -0.0538435 -4.59999 16.7815
      vertex 0.0797825 -4.59999 16.7896
      vertex -0.0797825 -4.59999 16.7896
    endloop
  endfacet
  facet normal 0 -1 0
    outer loop
      vertex -0.0538435 -4.59999 16.7815
      vertex 0.0538435 -4.59999 16.7815
      vertex 0.0797825 -4.59999 16.7896
    endloop
  endfacet
  facet normal 0 -1 0
    outer loop
      vertex -0.0271196 -4.59999 16.7766
      vertex 0.0538435 -4.59999 16.7815
      vertex -0.0538435 -4.59999 16.7815
    endloop
  endfacet
  facet normal 0 -1 0
    outer loop
      vertex -0.0271196 -4.59999 16.7766
      vertex 0.0271196 -4.59999 16.7766
      vertex 0.0538435 -4.59999 16.7815
    endloop
  endfacet
  facet normal -0 -1 0
    outer loop
      vertex 0.0271196 -4.59999 16.7766
      vertex -0.0271196 -4.59999 16.7766
      vertex 0 -4.59999 16.775
    endloop
  endfacet
  facet normal 0.382287 -0.921385 0.0700404
    outer loop
      vertex 1.60205 -4 17.3949
      vertex 0.218452 -4.59999 17.0538
      vertex 1.63796 -4 17.1989
    endloop
  endfacet
  facet normal -0.27475 -0.921378 -0.274908
    outer loop
      vertex -1.23504 -4 15.9059
      vertex -0.149196 -4.59999 16.8316
      vertex -0.168407 -4.59999 16.8508
    endloop
  endfacet
  facet normal -0.274833 -0.921382 -0.274813
    outer loop
      vertex -0.149196 -4.59999 16.8316
      vertex -1.23504 -4 15.9059
      vertex -1.09415 -4 15.765
    endloop
  endfacet
  facet normal 0.306019 -0.921379 -0.23961
    outer loop
      vertex 0.185163 -4.59999 16.8722
      vertex 0.168407 -4.59999 16.8508
      vertex 1.23504 -4 15.9059
    endloop
  endfacet
  facet normal -0.0228882 -0.921396 -0.38795
    outer loop
      vertex 0 -4.59999 16.775
      vertex -0.0271196 -4.59999 16.7766
      vertex 0 -4 15.35
    endloop
  endfacet
  facet normal 0.387941 -0.921385 0.0234912
    outer loop
      vertex 1.63796 -4 17.1989
      vertex 0.22335 -4.59999 17.0271
      vertex 0.224991 -4.59999 17
    endloop
  endfacet
  facet normal -0.0228919 -0.92137 0.388011
    outer loop
      vertex 0 -4.59999 17.225
      vertex -0.198884 -4 18.638
      vertex -0.0271196 -4.59999 17.2234
    endloop
  endfacet
  facet normal -0.0700944 -0.921382 0.382285
    outer loop
      vertex -0.0271196 -4.59999 17.2234
      vertex -0.198884 -4 18.638
      vertex -0.0538435 -4.59999 17.2185
    endloop
  endfacet
  facet normal -0.332592 -0.921385 -0.201077
    outer loop
      vertex -0.185163 -4.59999 16.8722
      vertex -1.461 -4 16.2332
      vertex -1.35792 -4 16.0627
    endloop
  endfacet
  facet normal -0.16008 -0.9214 -0.354114
    outer loop
      vertex -0.104558 -4.59999 16.8008
      vertex -0.76679 -4 15.539
      vertex -0.0797825 -4.59999 16.7896
    endloop
  endfacet
  facet normal 0.24007 -0.921393 0.305617
    outer loop
      vertex 1.09415 -4 18.235
      vertex 0.127809 -4.59999 17.1852
      vertex 0.149196 -4.59999 17.1684
    endloop
  endfacet
  facet normal 0.371117 -0.921392 0.11536
    outer loop
      vertex 1.60205 -4 17.3949
      vertex 0.21037 -4.59999 17.0798
      vertex 0.218452 -4.59999 17.0538
    endloop
  endfacet
  facet normal -0.332424 -0.921375 -0.201403
    outer loop
      vertex -0.199219 -4.59999 16.8954
      vertex -1.461 -4 16.2332
      vertex -0.185163 -4.59999 16.8722
    endloop
  endfacet
  facet normal 0.239719 -0.921379 0.305933
    outer loop
      vertex 0.937303 -4 18.3579
      vertex 0.127809 -4.59999 17.1852
      vertex 1.09415 -4 18.235
    endloop
  endfacet
  facet normal 0.2011 -0.92138 0.332591
    outer loop
      vertex 0.76679 -4 18.461
      vertex 0.127809 -4.59999 17.1852
      vertex 0.937303 -4 18.3579
    endloop
  endfacet
  facet normal 0.382287 -0.921385 -0.0700404
    outer loop
      vertex 1.63796 -4 16.8011
      vertex 0.218452 -4.59999 16.9462
      vertex 1.60205 -4 16.6051
    endloop
  endfacet
  facet normal 0.274833 -0.921382 0.274813
    outer loop
      vertex 0.149196 -4.59999 17.1684
      vertex 1.23504 -4 18.0941
      vertex 1.09415 -4 18.235
    endloop
  endfacet
  facet normal 0.27475 -0.921378 0.274908
    outer loop
      vertex 1.23504 -4 18.0941
      vertex 0.149196 -4.59999 17.1684
      vertex 0.168407 -4.59999 17.1492
    endloop
  endfacet
  facet normal 0.332424 -0.921375 0.201403
    outer loop
      vertex 1.461 -4 17.7668
      vertex 0.185163 -4.59999 17.1278
      vertex 0.199219 -4.59999 17.1046
    endloop
  endfacet
  facet normal 0.371049 -0.921384 0.115646
    outer loop
      vertex 1.54277 -4 17.5851
      vertex 0.21037 -4.59999 17.0798
      vertex 1.60205 -4 17.3949
    endloop
  endfacet
  facet normal 0.332424 -0.921375 -0.201403
    outer loop
      vertex 0.199219 -4.59999 16.8954
      vertex 0.185163 -4.59999 16.8722
      vertex 1.461 -4 16.2332
    endloop
  endfacet
  facet normal 0.382277 -0.921383 0.0701271
    outer loop
      vertex 1.63796 -4 17.1989
      vertex 0.218452 -4.59999 17.0538
      vertex 0.22335 -4.59999 17.0271
    endloop
  endfacet
  facet normal 0.387945 -0.921384 0.0234639
    outer loop
      vertex 1.63796 -4 17.1989
      vertex 0.224991 -4.59999 17
      vertex 1.64999 -4 17
    endloop
  endfacet
  facet normal 0.306019 -0.921379 0.23961
    outer loop
      vertex 1.23504 -4 18.0941
      vertex 0.168407 -4.59999 17.1492
      vertex 0.185163 -4.59999 17.1278
    endloop
  endfacet
  facet normal 0.354418 -0.921384 -0.159498
    outer loop
      vertex 1.54277 -4 16.4149
      vertex 0.21037 -4.59999 16.9202
      vertex 1.461 -4 16.2332
    endloop
  endfacet
  facet normal 0.16008 -0.9214 0.354114
    outer loop
      vertex 0.76679 -4 18.461
      vertex 0.0797825 -4.59999 17.2104
      vertex 0.104558 -4.59999 17.1992
    endloop
  endfacet
  facet normal 0.24007 -0.921393 -0.305617
    outer loop
      vertex 0.149196 -4.59999 16.8316
      vertex 0.127809 -4.59999 16.8148
      vertex 1.09415 -4 15.765
    endloop
  endfacet
  facet normal 0.20046 -0.921401 -0.332921
    outer loop
      vertex 0.127809 -4.59999 16.8148
      vertex 0.104558 -4.59999 16.8008
      vertex 0.76679 -4 15.539
    endloop
  endfacet
  facet normal 0.354418 -0.921384 0.159498
    outer loop
      vertex 1.461 -4 17.7668
      vertex 0.21037 -4.59999 17.0798
      vertex 1.54277 -4 17.5851
    endloop
  endfacet
  facet normal 0.115491 -0.921381 0.371105
    outer loop
      vertex 0.394869 -4 18.602
      vertex 0.0797825 -4.59999 17.2104
      vertex 0.585095 -4 18.5428
    endloop
  endfacet
  facet normal 0.115858 -0.92137 0.371017
    outer loop
      vertex 0.394869 -4 18.602
      vertex 0.0538435 -4.59999 17.2185
      vertex 0.0797825 -4.59999 17.2104
    endloop
  endfacet
  facet normal 0.20046 -0.921401 0.332921
    outer loop
      vertex 0.76679 -4 18.461
      vertex 0.104558 -4.59999 17.1992
      vertex 0.127809 -4.59999 17.1852
    endloop
  endfacet
  facet normal -0.707107 0 -0.707107
    outer loop
      vertex -14.9 3.79999 -14
      vertex -15.5 0.600006 -13.4
      vertex -15.5 3.19998 -13.4
    endloop
  endfacet
  facet normal -0.707107 0 -0.707107
    outer loop
      vertex -15.5 0.600006 -13.4
      vertex -14.9 3.79999 -14
      vertex -14.9 0 -14
    endloop
  endfacet
  facet normal 0.707696 0 0.706517
    outer loop
      vertex 14.901 3.79999 62
      vertex 15.5 0.600006 61.4
      vertex 15.5 3.19998 61.4
    endloop
  endfacet
  facet normal 0.707696 0 0.706517
    outer loop
      vertex 15.5 0.600006 61.4
      vertex 14.901 3.79999 62
      vertex 14.901 0 62
    endloop
  endfacet
  facet normal 0 0 -1
    outer loop
      vertex -14.9 0 -14
      vertex 14.901 3.79999 -14
      vertex 14.901 0 -14
    endloop
  endfacet
  facet normal -0 0 -1
    outer loop
      vertex 14.901 3.79999 -14
      vertex -14.9 0 -14
      vertex -14.9 3.79999 -14
    endloop
  endfacet
  facet normal -0.707107 0 0.707107
    outer loop
      vertex -15.5 0.600006 61.4
      vertex -14.9 3.79999 62
      vertex -15.5 3.19998 61.4
    endloop
  endfacet
  facet normal -0.707107 0 0.707107
    outer loop
      vertex -14.9 3.79999 62
      vertex -15.5 0.600006 61.4
      vertex -14.9 0 62
    endloop
  endfacet
  facet normal 0.707702 0.706511 0
    outer loop
      vertex 15.5 3.19998 61.4
      vertex 14.901 3.79999 -14
      vertex 14.901 3.79999 62
    endloop
  endfacet
  facet normal 0.707702 0.706511 0
    outer loop
      vertex 14.901 3.79999 -14
      vertex 15.5 3.19998 61.4
      vertex 15.5 3.19998 -13.4
    endloop
  endfacet
  facet normal 1 -0 0
    outer loop
      vertex 15.5 0.600006 61.4
      vertex 15.5 3.19998 -13.4
      vertex 15.5 3.19998 61.4
    endloop
  endfacet
  facet normal 1 0 0
    outer loop
      vertex 15.5 3.19998 -13.4
      vertex 15.5 0.600006 61.4
      vertex 15.5 0.600006 -13.4
    endloop
  endfacet
  facet normal 0 1 0
    outer loop
      vertex 14.901 3.79999 62
      vertex 0.0994692 3.79999 57.5
      vertex -14.9 3.79999 62
    endloop
  endfacet
  facet normal 0 1 0
    outer loop
      vertex 14.901 3.79999 62
      vertex 0.29778 3.79999 57.4842
      vertex 0.0994692 3.79999 57.5
    endloop
  endfacet
  facet normal 0 1 0
    outer loop
      vertex 14.901 3.79999 62
      vertex 0.494208 3.79999 57.4527
      vertex 0.29778 3.79999 57.4842
    endloop
  endfacet
  facet normal 0 1 0
    outer loop
      vertex 14.901 3.79999 62
      vertex 0.687512 3.79999 57.4057
      vertex 0.494208 3.79999 57.4527
    endloop
  endfacet
  facet normal 0 1 0
    outer loop
      vertex 14.901 3.79999 62
      vertex 0.87647 3.79999 57.3434
      vertex 0.687512 3.79999 57.4057
    endloop
  endfacet
  facet normal 0 1 0
    outer loop
      vertex 14.901 3.79999 62
      vertex 1.05989 3.79999 57.2664
      vertex 0.87647 3.79999 57.3434
    endloop
  endfacet
  facet normal 0 1 0
    outer loop
      vertex 14.901 3.79999 62
      vertex 1.2366 3.79999 57.175
      vertex 1.05989 3.79999 57.2664
    endloop
  endfacet
  facet normal 0 1 0
    outer loop
      vertex 14.901 3.79999 62
      vertex 1.4055 3.79999 57.0699
      vertex 1.2366 3.79999 57.175
    endloop
  endfacet
  facet normal 0 1 0
    outer loop
      vertex 14.901 3.79999 62
      vertex 1.56551 3.79999 56.9517
      vertex 1.4055 3.79999 57.0699
    endloop
  endfacet
  facet normal 0 1 0
    outer loop
      vertex 14.901 3.79999 62
      vertex 1.71562 3.79999 56.8211
      vertex 1.56551 3.79999 56.9517
    endloop
  endfacet
  facet normal 0 1 0
    outer loop
      vertex 14.901 3.79999 62
      vertex 1.85489 3.79999 56.6791
      vertex 1.71562 3.79999 56.8211
    endloop
  endfacet
  facet normal 0 1 0
    outer loop
      vertex 14.901 3.79999 62
      vertex 1.98243 3.79999 56.5264
      vertex 1.85489 3.79999 56.6791
    endloop
  endfacet
  facet normal 0 1 0
    outer loop
      vertex 14.901 3.79999 62
      vertex 2.09743 3.79999 56.3641
      vertex 1.98243 3.79999 56.5264
    endloop
  endfacet
  facet normal 0 1 0
    outer loop
      vertex 14.901 3.79999 62
      vertex 2.19918 3.79999 56.1931
      vertex 2.09743 3.79999 56.3641
    endloop
  endfacet
  facet normal 0 1 0
    outer loop
      vertex 14.901 3.79999 62
      vertex 2.88902 3.79999 55
      vertex 2.19918 3.79999 56.1931
    endloop
  endfacet
  facet normal 0 1 0
    outer loop
      vertex 14.901 3.79999 62
      vertex 2.15 3.79999 53.7204
      vertex 2.88902 3.79999 55
    endloop
  endfacet
  facet normal 0 1 0
    outer loop
      vertex 14.901 3.79999 62
      vertex 2.04154 3.79999 53.5536
      vertex 2.15 3.79999 53.7204
    endloop
  endfacet
  facet normal 0 1 0
    outer loop
      vertex 14.901 3.79999 62
      vertex 1.92017 3.79999 53.396
      vertex 2.04154 3.79999 53.5536
    endloop
  endfacet
  facet normal 0 1 0
    outer loop
      vertex 14.901 3.79999 62
      vertex 1.78667 3.79999 53.2485
      vertex 1.92017 3.79999 53.396
    endloop
  endfacet
  facet normal 0 1 0
    outer loop
      vertex 1.71562 3.79999 -5.17886
      vertex 1.78667 3.79999 53.2485
      vertex 14.901 3.79999 62
    endloop
  endfacet
  facet normal 0 1 0
    outer loop
      vertex 1.78667 3.79999 53.2485
      vertex 1.71562 3.79999 -5.17886
      vertex 1.64186 3.79999 53.1121
    endloop
  endfacet
  facet normal -0 1 0
    outer loop
      vertex 1.56551 3.79999 -5.04831
      vertex 1.64186 3.79999 53.1121
      vertex 1.71562 3.79999 -5.17886
    endloop
  endfacet
  facet normal 0 1 0
    outer loop
      vertex 0.198782 3.79999 52.5059
      vertex 0.0994692 3.79999 -4.5
      vertex 0 3.79999 52.498
    endloop
  endfacet
  facet normal 0 1 -0
    outer loop
      vertex 0.29778 3.79999 -4.51581
      vertex 0.198782 3.79999 52.5059
      vertex 0.396308 3.79999 52.5296
    endloop
  endfacet
  facet normal 0 1 -0
    outer loop
      vertex 0.494208 3.79999 -4.54732
      vertex 0.396308 3.79999 52.5296
      vertex 0.591328 3.79999 52.5689
    endloop
  endfacet
  facet normal 0 1 -0
    outer loop
      vertex 0.687512 3.79999 -4.59434
      vertex 0.591328 3.79999 52.5689
      vertex 0.78261 3.79999 52.6236
    endloop
  endfacet
  facet normal 0 1 -0
    outer loop
      vertex 0.87647 3.79999 -4.65656
      vertex 0.78261 3.79999 52.6236
      vertex 0.968944 3.79999 52.6933
    endloop
  endfacet
  facet normal 0 1 -0
    outer loop
      vertex 1.05989 3.79999 -4.73361
      vertex 0.968944 3.79999 52.6933
      vertex 1.14915 3.79999 52.7775
    endloop
  endfacet
  facet normal 0 1 -0
    outer loop
      vertex 1.2366 3.79999 -4.82498
      vertex 1.14915 3.79999 52.7775
      vertex 1.32209 3.79999 52.8759
    endloop
  endfacet
  facet normal 0 1 0
    outer loop
      vertex 1.64186 3.79999 53.1121
      vertex 1.56551 3.79999 -5.04831
      vertex 1.48668 3.79999 52.9876
    endloop
  endfacet
  facet normal 0 1 0
    outer loop
      vertex 0.198782 3.79999 52.5059
      vertex 0.29778 3.79999 -4.51581
      vertex 0.0994692 3.79999 -4.5
    endloop
  endfacet
  facet normal 0 1 0
    outer loop
      vertex 0.396308 3.79999 52.5296
      vertex 0.494208 3.79999 -4.54732
      vertex 0.29778 3.79999 -4.51581
    endloop
  endfacet
  facet normal 0 1 0
    outer loop
      vertex 0.591328 3.79999 52.5689
      vertex 0.687512 3.79999 -4.59434
      vertex 0.494208 3.79999 -4.54732
    endloop
  endfacet
  facet normal 0 1 0
    outer loop
      vertex 0.78261 3.79999 52.6236
      vertex 0.87647 3.79999 -4.65656
      vertex 0.687512 3.79999 -4.59434
    endloop
  endfacet
  facet normal 0 1 0
    outer loop
      vertex 0.968944 3.79999 52.6933
      vertex 1.05989 3.79999 -4.73361
      vertex 0.87647 3.79999 -4.65656
    endloop
  endfacet
  facet normal 0 1 0
    outer loop
      vertex 1.14915 3.79999 52.7775
      vertex 1.2366 3.79999 -4.82498
      vertex 1.05989 3.79999 -4.73361
    endloop
  endfacet
  facet normal 0 1 0
    outer loop
      vertex 1.32209 3.79999 52.8759
      vertex 1.4055 3.79999 -4.9301
      vertex 1.2366 3.79999 -4.82498
    endloop
  endfacet
  facet normal 0 1 0
    outer loop
      vertex 1.48668 3.79999 52.9876
      vertex 1.4055 3.79999 -4.9301
      vertex 1.32209 3.79999 52.8759
    endloop
  endfacet
  facet normal -0 1 0
    outer loop
      vertex 1.4055 3.79999 -4.9301
      vertex 1.48668 3.79999 52.9876
      vertex 1.56551 3.79999 -5.04831
    endloop
  endfacet
  facet normal 0 1 -0
    outer loop
      vertex 14.901 3.79999 -14
      vertex 1.71562 3.79999 -5.17886
      vertex 14.901 3.79999 62
    endloop
  endfacet
  facet normal 0 1 0
    outer loop
      vertex 1.71562 3.79999 -5.17886
      vertex 14.901 3.79999 -14
      vertex 1.85489 3.79999 -5.32093
    endloop
  endfacet
  facet normal 0 1 0
    outer loop
      vertex 1.85489 3.79999 -5.32093
      vertex 14.901 3.79999 -14
      vertex 1.98243 3.79999 -5.47361
    endloop
  endfacet
  facet normal 0 1 0
    outer loop
      vertex 1.98243 3.79999 -5.47361
      vertex 14.901 3.79999 -14
      vertex 2.09743 3.79999 -5.63593
    endloop
  endfacet
  facet normal 0 1 0
    outer loop
      vertex 2.09743 3.79999 -5.63593
      vertex 14.901 3.79999 -14
      vertex 2.19918 3.79999 -5.80689
    endloop
  endfacet
  facet normal 0 1 0
    outer loop
      vertex 0.198782 3.79999 -9.49407
      vertex 14.901 3.79999 -14
      vertex 0 3.79999 -9.50198
    endloop
  endfacet
  facet normal 0 1 0
    outer loop
      vertex 0.396308 3.79999 -9.47039
      vertex 14.901 3.79999 -14
      vertex 0.198782 3.79999 -9.49407
    endloop
  endfacet
  facet normal 0 1 0
    outer loop
      vertex 0.591328 3.79999 -9.4311
      vertex 14.901 3.79999 -14
      vertex 0.396308 3.79999 -9.47039
    endloop
  endfacet
  facet normal 0 1 0
    outer loop
      vertex 0.78261 3.79999 -9.37643
      vertex 14.901 3.79999 -14
      vertex 0.591328 3.79999 -9.4311
    endloop
  endfacet
  facet normal 0 1 0
    outer loop
      vertex 0.968944 3.79999 -9.30674
      vertex 14.901 3.79999 -14
      vertex 0.78261 3.79999 -9.37643
    endloop
  endfacet
  facet normal 0 1 0
    outer loop
      vertex 1.14915 3.79999 -9.22246
      vertex 14.901 3.79999 -14
      vertex 0.968944 3.79999 -9.30674
    endloop
  endfacet
  facet normal 0 1 0
    outer loop
      vertex 1.32209 3.79999 -9.12414
      vertex 14.901 3.79999 -14
      vertex 1.14915 3.79999 -9.22246
    endloop
  endfacet
  facet normal 0 1 0
    outer loop
      vertex 1.48668 3.79999 -9.01238
      vertex 14.901 3.79999 -14
      vertex 1.32209 3.79999 -9.12414
    endloop
  endfacet
  facet normal 0 1 0
    outer loop
      vertex 1.64186 3.79999 -8.8879
      vertex 14.901 3.79999 -14
      vertex 1.48668 3.79999 -9.01238
    endloop
  endfacet
  facet normal 0 1 0
    outer loop
      vertex 1.78667 3.79999 -8.75149
      vertex 14.901 3.79999 -14
      vertex 1.64186 3.79999 -8.8879
    endloop
  endfacet
  facet normal 0 1 0
    outer loop
      vertex 1.92017 3.79999 -8.604
      vertex 14.901 3.79999 -14
      vertex 1.78667 3.79999 -8.75149
    endloop
  endfacet
  facet normal 0 1 0
    outer loop
      vertex 2.04154 3.79999 -8.44637
      vertex 14.901 3.79999 -14
      vertex 1.92017 3.79999 -8.604
    endloop
  endfacet
  facet normal 0 1 0
    outer loop
      vertex 2.15 3.79999 -8.2796
      vertex 14.901 3.79999 -14
      vertex 2.04154 3.79999 -8.44637
    endloop
  endfacet
  facet normal 0 1 0
    outer loop
      vertex 2.88902 3.79999 -7
      vertex 14.901 3.79999 -14
      vertex 2.15 3.79999 -8.2796
    endloop
  endfacet
  facet normal 0 1 0
    outer loop
      vertex 2.19918 3.79999 -5.80689
      vertex 14.901 3.79999 -14
      vertex 2.88902 3.79999 -7
    endloop
  endfacet
  facet normal 0 1 -0
    outer loop
      vertex -0.0994692 3.79999 57.5
      vertex -14.9 3.79999 62
      vertex 0.0994692 3.79999 57.5
    endloop
  endfacet
  facet normal 0 1 -0
    outer loop
      vertex -0.29778 3.79999 57.4842
      vertex -14.9 3.79999 62
      vertex -0.0994692 3.79999 57.5
    endloop
  endfacet
  facet normal 0 1 -0
    outer loop
      vertex -0.494208 3.79999 57.4527
      vertex -14.9 3.79999 62
      vertex -0.29778 3.79999 57.4842
    endloop
  endfacet
  facet normal 0 1 -0
    outer loop
      vertex -0.687512 3.79999 57.4057
      vertex -14.9 3.79999 62
      vertex -0.494208 3.79999 57.4527
    endloop
  endfacet
  facet normal 0 1 -0
    outer loop
      vertex -0.87647 3.79999 57.3434
      vertex -14.9 3.79999 62
      vertex -0.687512 3.79999 57.4057
    endloop
  endfacet
  facet normal 0 1 -0
    outer loop
      vertex -1.05989 3.79999 57.2664
      vertex -14.9 3.79999 62
      vertex -0.87647 3.79999 57.3434
    endloop
  endfacet
  facet normal 0 1 -0
    outer loop
      vertex -1.2366 3.79999 57.175
      vertex -14.9 3.79999 62
      vertex -1.05989 3.79999 57.2664
    endloop
  endfacet
  facet normal 0 1 -0
    outer loop
      vertex -1.4055 3.79999 57.0699
      vertex -14.9 3.79999 62
      vertex -1.2366 3.79999 57.175
    endloop
  endfacet
  facet normal 0 1 -0
    outer loop
      vertex -1.56551 3.79999 56.9517
      vertex -14.9 3.79999 62
      vertex -1.4055 3.79999 57.0699
    endloop
  endfacet
  facet normal 0 1 -0
    outer loop
      vertex -1.71562 3.79999 56.8211
      vertex -14.9 3.79999 62
      vertex -1.56551 3.79999 56.9517
    endloop
  endfacet
  facet normal 0 1 -0
    outer loop
      vertex -1.85489 3.79999 56.6791
      vertex -14.9 3.79999 62
      vertex -1.71562 3.79999 56.8211
    endloop
  endfacet
  facet normal 0 1 -0
    outer loop
      vertex -1.98243 3.79999 56.5264
      vertex -14.9 3.79999 62
      vertex -1.85489 3.79999 56.6791
    endloop
  endfacet
  facet normal 0 1 -0
    outer loop
      vertex -2.09743 3.79999 56.3641
      vertex -14.9 3.79999 62
      vertex -1.98243 3.79999 56.5264
    endloop
  endfacet
  facet normal 0 1 -0
    outer loop
      vertex -2.19918 3.79999 56.1931
      vertex -14.9 3.79999 62
      vertex -2.09743 3.79999 56.3641
    endloop
  endfacet
  facet normal 0 1 -0
    outer loop
      vertex -2.28702 3.79999 56.0146
      vertex -14.9 3.79999 62
      vertex -2.19918 3.79999 56.1931
    endloop
  endfacet
  facet normal 0 1 -0
    outer loop
      vertex -2.3604 3.79999 55.8297
      vertex -14.9 3.79999 62
      vertex -2.28702 3.79999 56.0146
    endloop
  endfacet
  facet normal 0 1 -0
    outer loop
      vertex -2.41886 3.79999 55.6395
      vertex -14.9 3.79999 62
      vertex -2.3604 3.79999 55.8297
    endloop
  endfacet
  facet normal 0 1 -0
    outer loop
      vertex -2.46202 3.79999 55.4453
      vertex -14.9 3.79999 62
      vertex -2.41886 3.79999 55.6395
    endloop
  endfacet
  facet normal 0 1 -0
    outer loop
      vertex -2.48962 3.79999 55.2483
      vertex -14.9 3.79999 62
      vertex -2.46202 3.79999 55.4453
    endloop
  endfacet
  facet normal 0 1 -0
    outer loop
      vertex -2.50148 3.79999 55.0497
      vertex -14.9 3.79999 62
      vertex -2.48962 3.79999 55.2483
    endloop
  endfacet
  facet normal 0 1 0
    outer loop
      vertex -2.49753 3.79999 54.8508
      vertex -14.9 3.79999 62
      vertex -2.50148 3.79999 55.0497
    endloop
  endfacet
  facet normal 0 1 0
    outer loop
      vertex -2.47778 3.79999 54.6529
      vertex -14.9 3.79999 62
      vertex -2.49753 3.79999 54.8508
    endloop
  endfacet
  facet normal 0 1 0
    outer loop
      vertex -2.44237 3.79999 54.4571
      vertex -14.9 3.79999 62
      vertex -2.47778 3.79999 54.6529
    endloop
  endfacet
  facet normal 0 1 0
    outer loop
      vertex -2.39152 3.79999 54.2648
      vertex -14.9 3.79999 62
      vertex -2.44237 3.79999 54.4571
    endloop
  endfacet
  facet normal 0 1 0
    outer loop
      vertex -2.32555 3.79999 54.0771
      vertex -14.9 3.79999 62
      vertex -2.39152 3.79999 54.2648
    endloop
  endfacet
  facet normal 0 1 0
    outer loop
      vertex -2.24487 3.79999 53.8953
      vertex -14.9 3.79999 62
      vertex -2.32555 3.79999 54.0771
    endloop
  endfacet
  facet normal 0 1 0
    outer loop
      vertex -2.15 3.79999 53.7204
      vertex -14.9 3.79999 62
      vertex -2.24487 3.79999 53.8953
    endloop
  endfacet
  facet normal 0 1 0
    outer loop
      vertex -2.04154 3.79999 53.5536
      vertex -14.9 3.79999 62
      vertex -2.15 3.79999 53.7204
    endloop
  endfacet
  facet normal 0 1 0
    outer loop
      vertex -1.92017 3.79999 53.396
      vertex -14.9 3.79999 62
      vertex -2.04154 3.79999 53.5536
    endloop
  endfacet
  facet normal 0 1 0
    outer loop
      vertex -1.78667 3.79999 53.2485
      vertex -14.9 3.79999 62
      vertex -1.92017 3.79999 53.396
    endloop
  endfacet
  facet normal 0 1 -0
    outer loop
      vertex -1.71562 3.79999 -5.17886
      vertex -1.78667 3.79999 53.2485
      vertex -1.64186 3.79999 53.1121
    endloop
  endfacet
  facet normal 0 1 -0
    outer loop
      vertex -1.56551 3.79999 -5.04831
      vertex -1.64186 3.79999 53.1121
      vertex -1.48668 3.79999 52.9876
    endloop
  endfacet
  facet normal 0 1 -0
    outer loop
      vertex -1.4055 3.79999 -4.9301
      vertex -1.48668 3.79999 52.9876
      vertex -1.32209 3.79999 52.8759
    endloop
  endfacet
  facet normal 0 1 0
    outer loop
      vertex -0.0994692 3.79999 -4.5
      vertex 0 3.79999 52.498
      vertex 0.0994692 3.79999 -4.5
    endloop
  endfacet
  facet normal 0 1 0
    outer loop
      vertex 0 3.79999 52.498
      vertex -0.0994692 3.79999 -4.5
      vertex -0.198782 3.79999 52.5059
    endloop
  endfacet
  facet normal 0 1 0
    outer loop
      vertex -0.29778 3.79999 -4.51581
      vertex -0.198782 3.79999 52.5059
      vertex -0.0994692 3.79999 -4.5
    endloop
  endfacet
  facet normal 0 1 0
    outer loop
      vertex -0.198782 3.79999 52.5059
      vertex -0.29778 3.79999 -4.51581
      vertex -0.396308 3.79999 52.5296
    endloop
  endfacet
  facet normal 0 1 0
    outer loop
      vertex -0.494208 3.79999 -4.54732
      vertex -0.396308 3.79999 52.5296
      vertex -0.29778 3.79999 -4.51581
    endloop
  endfacet
  facet normal 0 1 0
    outer loop
      vertex -0.396308 3.79999 52.5296
      vertex -0.494208 3.79999 -4.54732
      vertex -0.591328 3.79999 52.5689
    endloop
  endfacet
  facet normal 0 1 0
    outer loop
      vertex -0.687512 3.79999 -4.59434
      vertex -0.591328 3.79999 52.5689
      vertex -0.494208 3.79999 -4.54732
    endloop
  endfacet
  facet normal 0 1 0
    outer loop
      vertex -0.591328 3.79999 52.5689
      vertex -0.687512 3.79999 -4.59434
      vertex -0.78261 3.79999 52.6236
    endloop
  endfacet
  facet normal 0 1 0
    outer loop
      vertex -0.87647 3.79999 -4.65656
      vertex -0.78261 3.79999 52.6236
      vertex -0.687512 3.79999 -4.59434
    endloop
  endfacet
  facet normal 0 1 0
    outer loop
      vertex -0.78261 3.79999 52.6236
      vertex -0.87647 3.79999 -4.65656
      vertex -0.968944 3.79999 52.6933
    endloop
  endfacet
  facet normal 0 1 0
    outer loop
      vertex -1.05989 3.79999 -4.73361
      vertex -0.968944 3.79999 52.6933
      vertex -0.87647 3.79999 -4.65656
    endloop
  endfacet
  facet normal 0 1 0
    outer loop
      vertex -0.968944 3.79999 52.6933
      vertex -1.05989 3.79999 -4.73361
      vertex -1.14915 3.79999 52.7775
    endloop
  endfacet
  facet normal 0 1 0
    outer loop
      vertex -1.2366 3.79999 -4.82498
      vertex -1.14915 3.79999 52.7775
      vertex -1.05989 3.79999 -4.73361
    endloop
  endfacet
  facet normal 0 1 0
    outer loop
      vertex -1.14915 3.79999 52.7775
      vertex -1.2366 3.79999 -4.82498
      vertex -1.32209 3.79999 52.8759
    endloop
  endfacet
  facet normal 0 1 0
    outer loop
      vertex -1.4055 3.79999 -4.9301
      vertex -1.32209 3.79999 52.8759
      vertex -1.2366 3.79999 -4.82498
    endloop
  endfacet
  facet normal 0 1 0
    outer loop
      vertex -1.48668 3.79999 52.9876
      vertex -1.4055 3.79999 -4.9301
      vertex -1.56551 3.79999 -5.04831
    endloop
  endfacet
  facet normal 0 1 0
    outer loop
      vertex -1.64186 3.79999 53.1121
      vertex -1.56551 3.79999 -5.04831
      vertex -1.71562 3.79999 -5.17886
    endloop
  endfacet
  facet normal 0 1 0
    outer loop
      vertex -1.78667 3.79999 53.2485
      vertex -1.71562 3.79999 -5.17886
      vertex -14.9 3.79999 62
    endloop
  endfacet
  facet normal 0 1 0
    outer loop
      vertex -14.9 3.79999 -14
      vertex -1.71562 3.79999 -5.17886
      vertex -1.85489 3.79999 -5.32093
    endloop
  endfacet
  facet normal 0 1 0
    outer loop
      vertex -14.9 3.79999 -14
      vertex -1.85489 3.79999 -5.32093
      vertex -1.98243 3.79999 -5.47361
    endloop
  endfacet
  facet normal 0 1 0
    outer loop
      vertex -14.9 3.79999 -14
      vertex -1.98243 3.79999 -5.47361
      vertex -2.09743 3.79999 -5.63593
    endloop
  endfacet
  facet normal 0 1 0
    outer loop
      vertex -14.9 3.79999 -14
      vertex -2.09743 3.79999 -5.63593
      vertex -2.19918 3.79999 -5.80689
    endloop
  endfacet
  facet normal 0 1 0
    outer loop
      vertex -14.9 3.79999 -14
      vertex -2.19918 3.79999 -5.80689
      vertex -2.28702 3.79999 -5.98538
    endloop
  endfacet
  facet normal 0 1 0
    outer loop
      vertex -14.9 3.79999 -14
      vertex -2.28702 3.79999 -5.98538
      vertex -2.3604 3.79999 -6.1703
    endloop
  endfacet
  facet normal 0 1 0
    outer loop
      vertex -14.9 3.79999 -14
      vertex -2.3604 3.79999 -6.1703
      vertex -2.41886 3.79999 -6.36045
    endloop
  endfacet
  facet normal 0 1 0
    outer loop
      vertex -14.9 3.79999 -14
      vertex -2.41886 3.79999 -6.36045
      vertex -2.46202 3.79999 -6.55465
    endloop
  endfacet
  facet normal 0 1 0
    outer loop
      vertex -14.9 3.79999 -14
      vertex -2.46202 3.79999 -6.55465
      vertex -2.48962 3.79999 -6.75167
    endloop
  endfacet
  facet normal 0 1 0
    outer loop
      vertex -14.9 3.79999 -14
      vertex -2.48962 3.79999 -6.75167
      vertex -2.50148 3.79999 -6.95026
    endloop
  endfacet
  facet normal 0 1 0
    outer loop
      vertex -14.9 3.79999 -14
      vertex -2.50148 3.79999 -6.95026
      vertex -2.49753 3.79999 -7.14916
    endloop
  endfacet
  facet normal 0 1 0
    outer loop
      vertex -14.9 3.79999 -14
      vertex -2.49753 3.79999 -7.14916
      vertex -2.47778 3.79999 -7.34711
    endloop
  endfacet
  facet normal 0 1 0
    outer loop
      vertex -14.9 3.79999 -14
      vertex 0 3.79999 -9.50198
      vertex 14.901 3.79999 -14
    endloop
  endfacet
  facet normal 0 1 0
    outer loop
      vertex 0 3.79999 -9.50198
      vertex -14.9 3.79999 -14
      vertex -0.198782 3.79999 -9.49407
    endloop
  endfacet
  facet normal 0 1 0
    outer loop
      vertex -0.198782 3.79999 -9.49407
      vertex -14.9 3.79999 -14
      vertex -0.396308 3.79999 -9.47039
    endloop
  endfacet
  facet normal 0 1 0
    outer loop
      vertex -0.396308 3.79999 -9.47039
      vertex -14.9 3.79999 -14
      vertex -0.591328 3.79999 -9.4311
    endloop
  endfacet
  facet normal 0 1 0
    outer loop
      vertex -1.71562 3.79999 -5.17886
      vertex -14.9 3.79999 -14
      vertex -14.9 3.79999 62
    endloop
  endfacet
  facet normal 0 1 0
    outer loop
      vertex -2.44237 3.79999 -7.54288
      vertex -14.9 3.79999 -14
      vertex -2.47778 3.79999 -7.34711
    endloop
  endfacet
  facet normal 0 1 0
    outer loop
      vertex -2.39152 3.79999 -7.73521
      vertex -14.9 3.79999 -14
      vertex -2.44237 3.79999 -7.54288
    endloop
  endfacet
  facet normal 0 1 0
    outer loop
      vertex -2.32555 3.79999 -7.92289
      vertex -14.9 3.79999 -14
      vertex -2.39152 3.79999 -7.73521
    endloop
  endfacet
  facet normal 0 1 0
    outer loop
      vertex -2.24487 3.79999 -8.10474
      vertex -14.9 3.79999 -14
      vertex -2.32555 3.79999 -7.92289
    endloop
  endfacet
  facet normal 0 1 0
    outer loop
      vertex -2.15 3.79999 -8.2796
      vertex -14.9 3.79999 -14
      vertex -2.24487 3.79999 -8.10474
    endloop
  endfacet
  facet normal 0 1 0
    outer loop
      vertex -2.04154 3.79999 -8.44637
      vertex -14.9 3.79999 -14
      vertex -2.15 3.79999 -8.2796
    endloop
  endfacet
  facet normal 0 1 0
    outer loop
      vertex -1.92017 3.79999 -8.604
      vertex -14.9 3.79999 -14
      vertex -2.04154 3.79999 -8.44637
    endloop
  endfacet
  facet normal 0 1 0
    outer loop
      vertex -1.78667 3.79999 -8.75149
      vertex -14.9 3.79999 -14
      vertex -1.92017 3.79999 -8.604
    endloop
  endfacet
  facet normal 0 1 0
    outer loop
      vertex -1.64186 3.79999 -8.8879
      vertex -14.9 3.79999 -14
      vertex -1.78667 3.79999 -8.75149
    endloop
  endfacet
  facet normal 0 1 0
    outer loop
      vertex -1.48668 3.79999 -9.01238
      vertex -14.9 3.79999 -14
      vertex -1.64186 3.79999 -8.8879
    endloop
  endfacet
  facet normal 0 1 0
    outer loop
      vertex -1.32209 3.79999 -9.12414
      vertex -14.9 3.79999 -14
      vertex -1.48668 3.79999 -9.01238
    endloop
  endfacet
  facet normal 0 1 0
    outer loop
      vertex -1.14915 3.79999 -9.22246
      vertex -14.9 3.79999 -14
      vertex -1.32209 3.79999 -9.12414
    endloop
  endfacet
  facet normal 0 1 0
    outer loop
      vertex -0.968944 3.79999 -9.30674
      vertex -14.9 3.79999 -14
      vertex -1.14915 3.79999 -9.22246
    endloop
  endfacet
  facet normal 0 1 0
    outer loop
      vertex -0.78261 3.79999 -9.37643
      vertex -14.9 3.79999 -14
      vertex -0.968944 3.79999 -9.30674
    endloop
  endfacet
  facet normal 0 1 0
    outer loop
      vertex -0.591328 3.79999 -9.4311
      vertex -14.9 3.79999 -14
      vertex -0.78261 3.79999 -9.37643
    endloop
  endfacet
  facet normal -1 0 0
    outer loop
      vertex -15.5 0.600006 -13.4
      vertex -15.5 3.19998 61.4
      vertex -15.5 3.19998 -13.4
    endloop
  endfacet
  facet normal -1 -0 0
    outer loop
      vertex -15.5 3.19998 61.4
      vertex -15.5 0.600006 -13.4
      vertex -15.5 0.600006 61.4
    endloop
  endfacet
  facet normal -0.70711 -0.707103 0
    outer loop
      vertex -14.9 0 -14
      vertex -15.5 0.600006 61.4
      vertex -15.5 0.600006 -13.4
    endloop
  endfacet
  facet normal -0.70711 -0.707103 0
    outer loop
      vertex -15.5 0.600006 61.4
      vertex -14.9 0 -14
      vertex -14.9 0 62
    endloop
  endfacet
  facet normal -0.707113 0.707101 0
    outer loop
      vertex -15.5 3.19998 -13.4
      vertex -14.9 3.79999 62
      vertex -14.9 3.79999 -14
    endloop
  endfacet
  facet normal -0.707113 0.707101 0
    outer loop
      vertex -14.9 3.79999 62
      vertex -15.5 3.19998 -13.4
      vertex -15.5 3.19998 61.4
    endloop
  endfacet
  facet normal -0 0 1
    outer loop
      vertex -14.9 3.79999 62
      vertex 14.901 0 62
      vertex 14.901 3.79999 62
    endloop
  endfacet
  facet normal 0 0 1
    outer loop
      vertex 14.901 0 62
      vertex -14.9 3.79999 62
      vertex -14.9 0 62
    endloop
  endfacet
  facet normal 0 -1 0
    outer loop
      vertex -14.9 0 62
      vertex 0 0 60.0017
      vertex 14.901 0 62
    endloop
  endfacet
  facet normal 0 -1 0
    outer loop
      vertex -14.9 0 62
      vertex -0.261769 0 59.9949
      vertex 0 0 60.0017
    endloop
  endfacet
  facet normal 0 -1 0
    outer loop
      vertex -14.9 0 62
      vertex -0.522821 0 59.9743
      vertex -0.261769 0 59.9949
    endloop
  endfacet
  facet normal 0 -1 0
    outer loop
      vertex -14.9 0 62
      vertex -0.78244 0 59.9401
      vertex -0.522821 0 59.9743
    endloop
  endfacet
  facet normal 0 -1 0
    outer loop
      vertex -14.9 0 62
      vertex -1.03991 0 59.8924
      vertex -0.78244 0 59.9401
    endloop
  endfacet
  facet normal 0 -1 0
    outer loop
      vertex -14.9 0 62
      vertex -1.29454 0 59.8313
      vertex -1.03991 0 59.8924
    endloop
  endfacet
  facet normal 0 -1 0
    outer loop
      vertex -14.9 0 62
      vertex -1.54561 0 59.7569
      vertex -1.29454 0 59.8313
    endloop
  endfacet
  facet normal 0 -1 0
    outer loop
      vertex -14.9 0 62
      vertex -1.79245 0 59.6695
      vertex -1.54561 0 59.7569
    endloop
  endfacet
  facet normal 0 -1 0
    outer loop
      vertex -14.9 0 62
      vertex -2.03438 0 59.5693
      vertex -1.79245 0 59.6695
    endloop
  endfacet
  facet normal 0 -1 0
    outer loop
      vertex -14.9 0 62
      vertex -2.27073 0 59.4566
      vertex -2.03438 0 59.5693
    endloop
  endfacet
  facet normal 0 -1 0
    outer loop
      vertex -14.9 0 62
      vertex -2.50086 0 59.3316
      vertex -2.27073 0 59.4566
    endloop
  endfacet
  facet normal 0 -1 0
    outer loop
      vertex -14.9 0 62
      vertex -2.72413 0 59.1948
      vertex -2.50086 0 59.3316
    endloop
  endfacet
  facet normal 0 -1 0
    outer loop
      vertex -14.9 0 62
      vertex -2.93993 0 59.0465
      vertex -2.72413 0 59.1948
    endloop
  endfacet
  facet normal 0 -1 0
    outer loop
      vertex -14.9 0 62
      vertex -3.14768 0 58.8871
      vertex -2.93993 0 59.0465
    endloop
  endfacet
  facet normal 0 -1 0
    outer loop
      vertex -14.9 0 62
      vertex -3.3468 0 58.717
      vertex -3.14768 0 58.8871
    endloop
  endfacet
  facet normal 0 -1 0
    outer loop
      vertex -14.9 0 62
      vertex -3.53675 0 58.5367
      vertex -3.3468 0 58.717
    endloop
  endfacet
  facet normal 0 -1 0
    outer loop
      vertex -14.9 0 62
      vertex -3.717 0 58.3468
      vertex -3.53675 0 58.5367
    endloop
  endfacet
  facet normal 0 -1 0
    outer loop
      vertex -14.9 0 62
      vertex -3.88706 0 58.1477
      vertex -3.717 0 58.3468
    endloop
  endfacet
  facet normal 0 -1 0
    outer loop
      vertex -14.9 0 62
      vertex -4.04647 0 57.9399
      vertex -3.88706 0 58.1477
    endloop
  endfacet
  facet normal 0 -1 0
    outer loop
      vertex -14.9 0 62
      vertex -4.19479 0 57.7241
      vertex -4.04647 0 57.9399
    endloop
  endfacet
  facet normal 0 -1 0
    outer loop
      vertex -14.9 0 62
      vertex -4.33161 0 57.5009
      vertex -4.19479 0 57.7241
    endloop
  endfacet
  facet normal 0 -1 0
    outer loop
      vertex -14.9 0 62
      vertex -4.45656 0 57.2707
      vertex -4.33161 0 57.5009
    endloop
  endfacet
  facet normal 0 -1 0
    outer loop
      vertex -14.9 0 62
      vertex -4.56929 0 57.0344
      vertex -4.45656 0 57.2707
    endloop
  endfacet
  facet normal 0 -1 0
    outer loop
      vertex -14.9 0 62
      vertex -4.6695 0 56.7925
      vertex -4.56929 0 57.0344
    endloop
  endfacet
  facet normal 0 -1 0
    outer loop
      vertex -14.9 0 62
      vertex -4.75691 0 56.5456
      vertex -4.6695 0 56.7925
    endloop
  endfacet
  facet normal 0 -1 0
    outer loop
      vertex -14.9 0 62
      vertex -4.83128 0 56.2945
      vertex -4.75691 0 56.5456
    endloop
  endfacet
  facet normal 0 -1 0
    outer loop
      vertex -14.9 0 62
      vertex -4.89241 0 56.0399
      vertex -4.83128 0 56.2945
    endloop
  endfacet
  facet normal 0 -1 0
    outer loop
      vertex -14.9 0 62
      vertex -4.94013 0 55.7824
      vertex -4.89241 0 56.0399
    endloop
  endfacet
  facet normal 0 -1 0
    outer loop
      vertex -14.9 0 62
      vertex -4.97431 0 55.5228
      vertex -4.94013 0 55.7824
    endloop
  endfacet
  facet normal 0 -1 0
    outer loop
      vertex -14.9 0 62
      vertex -4.99486 0 55.2618
      vertex -4.97431 0 55.5228
    endloop
  endfacet
  facet normal 0 -1 0
    outer loop
      vertex -14.9 0 62
      vertex -5.00171 0 55
      vertex -4.99486 0 55.2618
    endloop
  endfacet
  facet normal 0 -1 0
    outer loop
      vertex -13.0172 0 48
      vertex -5.00171 0 55
      vertex -14.9 0 62
    endloop
  endfacet
  facet normal 0 -1 -0
    outer loop
      vertex -5.00171 0 55
      vertex -13.0172 0 48
      vertex -4.99486 0 54.7382
    endloop
  endfacet
  facet normal 0 -1 -0
    outer loop
      vertex -4.99486 0 54.7382
      vertex -13.0172 0 48
      vertex -4.97431 0 54.4772
    endloop
  endfacet
  facet normal 0 -1 -0
    outer loop
      vertex -4.97431 0 54.4772
      vertex -13.0172 0 48
      vertex -4.94013 0 54.2176
    endloop
  endfacet
  facet normal 0 -1 -0
    outer loop
      vertex -4.94013 0 54.2176
      vertex -13.0172 0 48
      vertex -4.89241 0 53.9601
    endloop
  endfacet
  facet normal 0 -1 -0
    outer loop
      vertex -4.89241 0 53.9601
      vertex -13.0172 0 48
      vertex -4.83128 0 53.7055
    endloop
  endfacet
  facet normal 0 -1 -0
    outer loop
      vertex -4.83128 0 53.7055
      vertex -13.0172 0 48
      vertex -4.75691 0 53.4544
    endloop
  endfacet
  facet normal 0 -1 -0
    outer loop
      vertex -4.75691 0 53.4544
      vertex -13.0172 0 48
      vertex -4.6695 0 53.2075
    endloop
  endfacet
  facet normal 0 -1 -0
    outer loop
      vertex -4.6695 0 53.2075
      vertex -13.0172 0 48
      vertex -4.56929 0 52.9656
    endloop
  endfacet
  facet normal 0 -1 -0
    outer loop
      vertex -4.56929 0 52.9656
      vertex -13.0172 0 48
      vertex -4.45656 0 52.7293
    endloop
  endfacet
  facet normal 0 -1 -0
    outer loop
      vertex -4.45656 0 52.7293
      vertex -13.0172 0 48
      vertex -4.33161 0 52.4991
    endloop
  endfacet
  facet normal 0 -1 -0
    outer loop
      vertex -4.33161 0 52.4991
      vertex -13.0172 0 48
      vertex -4.19479 0 52.2759
    endloop
  endfacet
  facet normal 0 -1 -0
    outer loop
      vertex -4.19479 0 52.2759
      vertex -13.0172 0 48
      vertex -4.04647 0 52.0601
    endloop
  endfacet
  facet normal 0 -1 -0
    outer loop
      vertex -4.04647 0 52.0601
      vertex -13.0172 0 48
      vertex -3.88706 0 51.8523
    endloop
  endfacet
  facet normal 0 -1 -0
    outer loop
      vertex -3.88706 0 51.8523
      vertex -13.0172 0 48
      vertex -3.717 0 51.6532
    endloop
  endfacet
  facet normal 0 -1 -0
    outer loop
      vertex -3.717 0 51.6532
      vertex -13.0172 0 48
      vertex -3.53675 0 51.4633
    endloop
  endfacet
  facet normal 0 -1 -0
    outer loop
      vertex -0.261769 0 50.0051
      vertex -13.0172 0 48
      vertex 0 0 49.9983
    endloop
  endfacet
  facet normal 0 -1 -0
    outer loop
      vertex -0.522821 0 50.0257
      vertex -13.0172 0 48
      vertex -0.261769 0 50.0051
    endloop
  endfacet
  facet normal 0 -1 -0
    outer loop
      vertex -0.78244 0 50.0599
      vertex -13.0172 0 48
      vertex -0.522821 0 50.0257
    endloop
  endfacet
  facet normal 0 -1 -0
    outer loop
      vertex -1.03991 0 50.1076
      vertex -13.0172 0 48
      vertex -0.78244 0 50.0599
    endloop
  endfacet
  facet normal 0 -1 -0
    outer loop
      vertex -1.29454 0 50.1687
      vertex -13.0172 0 48
      vertex -1.03991 0 50.1076
    endloop
  endfacet
  facet normal 0 -1 -0
    outer loop
      vertex -1.54561 0 50.2431
      vertex -13.0172 0 48
      vertex -1.29454 0 50.1687
    endloop
  endfacet
  facet normal 0 -1 -0
    outer loop
      vertex -1.79245 0 50.3305
      vertex -13.0172 0 48
      vertex -1.54561 0 50.2431
    endloop
  endfacet
  facet normal 0 -1 -0
    outer loop
      vertex -2.03438 0 50.4307
      vertex -13.0172 0 48
      vertex -1.79245 0 50.3305
    endloop
  endfacet
  facet normal 0 -1 -0
    outer loop
      vertex -2.27073 0 50.5434
      vertex -13.0172 0 48
      vertex -2.03438 0 50.4307
    endloop
  endfacet
  facet normal 0 -1 -0
    outer loop
      vertex -2.50086 0 50.6684
      vertex -13.0172 0 48
      vertex -2.27073 0 50.5434
    endloop
  endfacet
  facet normal 0 -1 -0
    outer loop
      vertex -2.72413 0 50.8052
      vertex -13.0172 0 48
      vertex -2.50086 0 50.6684
    endloop
  endfacet
  facet normal 0 -1 -0
    outer loop
      vertex -2.93993 0 50.9535
      vertex -13.0172 0 48
      vertex -2.72413 0 50.8052
    endloop
  endfacet
  facet normal 0 -1 -0
    outer loop
      vertex -3.14768 0 51.1129
      vertex -13.0172 0 48
      vertex -2.93993 0 50.9535
    endloop
  endfacet
  facet normal 0 -1 -0
    outer loop
      vertex -3.3468 0 51.283
      vertex -13.0172 0 48
      vertex -3.14768 0 51.1129
    endloop
  endfacet
  facet normal 0 -1 -0
    outer loop
      vertex -3.53675 0 51.4633
      vertex -13.0172 0 48
      vertex -3.3468 0 51.283
    endloop
  endfacet
  facet normal 0 -1 0
    outer loop
      vertex -14.9 0 62
      vertex -13.0172 0 0
      vertex -13.0172 0 48
    endloop
  endfacet
  facet normal 0 -1 0
    outer loop
      vertex -13.0172 0 0
      vertex 0 0 -1.99829
      vertex 13.0172 0 0
    endloop
  endfacet
  facet normal 0 -1 0
    outer loop
      vertex -13.0172 0 0
      vertex -0.261769 0 -2.00514
      vertex 0 0 -1.99829
    endloop
  endfacet
  facet normal 0 -1 0
    outer loop
      vertex -13.0172 0 0
      vertex -0.522821 0 -2.02569
      vertex -0.261769 0 -2.00514
    endloop
  endfacet
  facet normal 0 -1 0
    outer loop
      vertex -13.0172 0 0
      vertex -0.78244 0 -2.05987
      vertex -0.522821 0 -2.02569
    endloop
  endfacet
  facet normal 0 -1 0
    outer loop
      vertex -13.0172 0 0
      vertex -1.03991 0 -2.10759
      vertex -0.78244 0 -2.05987
    endloop
  endfacet
  facet normal 0 -1 0
    outer loop
      vertex -13.0172 0 0
      vertex -1.29454 0 -2.16872
      vertex -1.03991 0 -2.10759
    endloop
  endfacet
  facet normal 0 -1 0
    outer loop
      vertex -13.0172 0 0
      vertex -1.54561 0 -2.24309
      vertex -1.29454 0 -2.16872
    endloop
  endfacet
  facet normal 0 -1 0
    outer loop
      vertex -13.0172 0 0
      vertex -1.79245 0 -2.3305
      vertex -1.54561 0 -2.24309
    endloop
  endfacet
  facet normal 0 -1 0
    outer loop
      vertex -13.0172 0 0
      vertex -2.03438 0 -2.43071
      vertex -1.79245 0 -2.3305
    endloop
  endfacet
  facet normal 0 -1 0
    outer loop
      vertex -13.0172 0 0
      vertex -2.27073 0 -2.54344
      vertex -2.03438 0 -2.43071
    endloop
  endfacet
  facet normal 0 -1 0
    outer loop
      vertex -13.0172 0 0
      vertex -2.50086 0 -2.66839
      vertex -2.27073 0 -2.54344
    endloop
  endfacet
  facet normal 0 -1 0
    outer loop
      vertex -13.0172 0 0
      vertex -2.72413 0 -2.80521
      vertex -2.50086 0 -2.66839
    endloop
  endfacet
  facet normal 0 -1 0
    outer loop
      vertex -13.0172 0 0
      vertex -2.93993 0 -2.95353
      vertex -2.72413 0 -2.80521
    endloop
  endfacet
  facet normal 0 -1 0
    outer loop
      vertex -13.0172 0 0
      vertex -3.14768 0 -3.11294
      vertex -2.93993 0 -2.95353
    endloop
  endfacet
  facet normal 0 -1 0
    outer loop
      vertex -13.0172 0 0
      vertex -3.3468 0 -3.283
      vertex -3.14768 0 -3.11294
    endloop
  endfacet
  facet normal 0 -1 0
    outer loop
      vertex -13.0172 0 0
      vertex -3.53675 0 -3.46325
      vertex -3.3468 0 -3.283
    endloop
  endfacet
  facet normal 0 -1 0
    outer loop
      vertex -13.0172 0 0
      vertex -3.717 0 -3.6532
      vertex -3.53675 0 -3.46325
    endloop
  endfacet
  facet normal 0 -1 0
    outer loop
      vertex -13.0172 0 0
      vertex -3.88706 0 -3.85232
      vertex -3.717 0 -3.6532
    endloop
  endfacet
  facet normal 0 -1 0
    outer loop
      vertex -13.0172 0 0
      vertex -4.04647 0 -4.06007
      vertex -3.88706 0 -3.85232
    endloop
  endfacet
  facet normal 0 -1 0
    outer loop
      vertex -13.0172 0 0
      vertex -4.19479 0 -4.27587
      vertex -4.04647 0 -4.06007
    endloop
  endfacet
  facet normal 0 -1 0
    outer loop
      vertex -13.0172 0 0
      vertex -4.33161 0 -4.49914
      vertex -4.19479 0 -4.27587
    endloop
  endfacet
  facet normal 0 -1 0
    outer loop
      vertex -13.0172 0 0
      vertex -4.45656 0 -4.72927
      vertex -4.33161 0 -4.49914
    endloop
  endfacet
  facet normal 0 -1 0
    outer loop
      vertex -13.0172 0 0
      vertex -4.56929 0 -4.96562
      vertex -4.45656 0 -4.72927
    endloop
  endfacet
  facet normal 0 -1 0
    outer loop
      vertex -13.0172 0 0
      vertex -4.6695 0 -5.20755
      vertex -4.56929 0 -4.96562
    endloop
  endfacet
  facet normal 0 -1 0
    outer loop
      vertex -13.0172 0 0
      vertex -4.75691 0 -5.45439
      vertex -4.6695 0 -5.20755
    endloop
  endfacet
  facet normal 0 -1 0
    outer loop
      vertex -13.0172 0 0
      vertex -4.83128 0 -5.70546
      vertex -4.75691 0 -5.45439
    endloop
  endfacet
  facet normal 0 -1 0
    outer loop
      vertex -13.0172 0 0
      vertex -4.89241 0 -5.96009
      vertex -4.83128 0 -5.70546
    endloop
  endfacet
  facet normal 0 -1 0
    outer loop
      vertex -13.0172 0 0
      vertex -4.94013 0 -6.21756
      vertex -4.89241 0 -5.96009
    endloop
  endfacet
  facet normal 0 -1 0
    outer loop
      vertex -13.0172 0 0
      vertex -4.97431 0 -6.47718
      vertex -4.94013 0 -6.21756
    endloop
  endfacet
  facet normal 0 -1 0
    outer loop
      vertex -13.0172 0 0
      vertex -4.99486 0 -6.73823
      vertex -4.97431 0 -6.47718
    endloop
  endfacet
  facet normal 0 -1 0
    outer loop
      vertex -13.0172 0 0
      vertex -5.00171 0 -7
      vertex -4.99486 0 -6.73823
    endloop
  endfacet
  facet normal 0 -1 0
    outer loop
      vertex -14.9 0 -14
      vertex -5.00171 0 -7
      vertex -13.0172 0 0
    endloop
  endfacet
  facet normal 0 -1 -0
    outer loop
      vertex -5.00171 0 -7
      vertex -14.9 0 -14
      vertex -4.99486 0 -7.26177
    endloop
  endfacet
  facet normal 0 -1 -0
    outer loop
      vertex -4.99486 0 -7.26177
      vertex -14.9 0 -14
      vertex -4.97431 0 -7.52282
    endloop
  endfacet
  facet normal 0 -1 -0
    outer loop
      vertex -4.97431 0 -7.52282
      vertex -14.9 0 -14
      vertex -4.94013 0 -7.78244
    endloop
  endfacet
  facet normal 0 -1 -0
    outer loop
      vertex -4.94013 0 -7.78244
      vertex -14.9 0 -14
      vertex -4.89241 0 -8.03991
    endloop
  endfacet
  facet normal 0 -1 -0
    outer loop
      vertex -4.89241 0 -8.03991
      vertex -14.9 0 -14
      vertex -4.83128 0 -8.29454
    endloop
  endfacet
  facet normal 0 -1 -0
    outer loop
      vertex -4.83128 0 -8.29454
      vertex -14.9 0 -14
      vertex -4.75691 0 -8.54561
    endloop
  endfacet
  facet normal 0 -1 -0
    outer loop
      vertex -4.75691 0 -8.54561
      vertex -14.9 0 -14
      vertex -4.6695 0 -8.79245
    endloop
  endfacet
  facet normal 0 -1 -0
    outer loop
      vertex -4.6695 0 -8.79245
      vertex -14.9 0 -14
      vertex -4.56929 0 -9.03438
    endloop
  endfacet
  facet normal 0 -1 -0
    outer loop
      vertex -4.56929 0 -9.03438
      vertex -14.9 0 -14
      vertex -4.45656 0 -9.27073
    endloop
  endfacet
  facet normal 0 -1 -0
    outer loop
      vertex -4.45656 0 -9.27073
      vertex -14.9 0 -14
      vertex -4.33161 0 -9.50086
    endloop
  endfacet
  facet normal 0 -1 -0
    outer loop
      vertex -4.33161 0 -9.50086
      vertex -14.9 0 -14
      vertex -4.19479 0 -9.72413
    endloop
  endfacet
  facet normal 0 -1 -0
    outer loop
      vertex -4.19479 0 -9.72413
      vertex -14.9 0 -14
      vertex -4.04647 0 -9.93993
    endloop
  endfacet
  facet normal 0 -1 -0
    outer loop
      vertex -4.04647 0 -9.93993
      vertex -14.9 0 -14
      vertex -3.88706 0 -10.1477
    endloop
  endfacet
  facet normal 0 -1 -0
    outer loop
      vertex -0.261769 0 -11.9949
      vertex -14.9 0 -14
      vertex 0 0 -12.0017
    endloop
  endfacet
  facet normal 0 -1 -0
    outer loop
      vertex -0.522821 0 -11.9743
      vertex -14.9 0 -14
      vertex -0.261769 0 -11.9949
    endloop
  endfacet
  facet normal 0 -1 -0
    outer loop
      vertex -0.78244 0 -11.9401
      vertex -14.9 0 -14
      vertex -0.522821 0 -11.9743
    endloop
  endfacet
  facet normal 0 -1 -0
    outer loop
      vertex -1.03991 0 -11.8924
      vertex -14.9 0 -14
      vertex -0.78244 0 -11.9401
    endloop
  endfacet
  facet normal 0 -1 -0
    outer loop
      vertex -1.29454 0 -11.8313
      vertex -14.9 0 -14
      vertex -1.03991 0 -11.8924
    endloop
  endfacet
  facet normal 0 -1 -0
    outer loop
      vertex -1.54561 0 -11.7569
      vertex -14.9 0 -14
      vertex -1.29454 0 -11.8313
    endloop
  endfacet
  facet normal 0 -1 -0
    outer loop
      vertex -1.79245 0 -11.6695
      vertex -14.9 0 -14
      vertex -1.54561 0 -11.7569
    endloop
  endfacet
  facet normal 0 -1 -0
    outer loop
      vertex -2.03438 0 -11.5693
      vertex -14.9 0 -14
      vertex -1.79245 0 -11.6695
    endloop
  endfacet
  facet normal 0 -1 -0
    outer loop
      vertex -2.27073 0 -11.4566
      vertex -14.9 0 -14
      vertex -2.03438 0 -11.5693
    endloop
  endfacet
  facet normal 0 -1 -0
    outer loop
      vertex -2.50086 0 -11.3316
      vertex -14.9 0 -14
      vertex -2.27073 0 -11.4566
    endloop
  endfacet
  facet normal 0 -1 -0
    outer loop
      vertex -2.72413 0 -11.1948
      vertex -14.9 0 -14
      vertex -2.50086 0 -11.3316
    endloop
  endfacet
  facet normal 0 -1 -0
    outer loop
      vertex -2.93993 0 -11.0465
      vertex -14.9 0 -14
      vertex -2.72413 0 -11.1948
    endloop
  endfacet
  facet normal 0 -1 -0
    outer loop
      vertex -3.14768 0 -10.8871
      vertex -14.9 0 -14
      vertex -2.93993 0 -11.0465
    endloop
  endfacet
  facet normal 0 -1 -0
    outer loop
      vertex -3.3468 0 -10.717
      vertex -14.9 0 -14
      vertex -3.14768 0 -10.8871
    endloop
  endfacet
  facet normal 0 -1 -0
    outer loop
      vertex -3.53675 0 -10.5367
      vertex -14.9 0 -14
      vertex -3.3468 0 -10.717
    endloop
  endfacet
  facet normal 0 -1 -0
    outer loop
      vertex -3.717 0 -10.3468
      vertex -14.9 0 -14
      vertex -3.53675 0 -10.5367
    endloop
  endfacet
  facet normal 0 -1 -0
    outer loop
      vertex -3.88706 0 -10.1477
      vertex -14.9 0 -14
      vertex -3.717 0 -10.3468
    endloop
  endfacet
  facet normal 0 -1 0
    outer loop
      vertex -14.9 0 -14
      vertex -13.0172 0 0
      vertex -14.9 0 62
    endloop
  endfacet
  facet normal 0 -1 0
    outer loop
      vertex 0.261769 0 59.9949
      vertex 14.901 0 62
      vertex 0 0 60.0017
    endloop
  endfacet
  facet normal 0 -1 0
    outer loop
      vertex 0.522821 0 59.9743
      vertex 14.901 0 62
      vertex 0.261769 0 59.9949
    endloop
  endfacet
  facet normal 0 -1 0
    outer loop
      vertex 0.78244 0 59.9401
      vertex 14.901 0 62
      vertex 0.522821 0 59.9743
    endloop
  endfacet
  facet normal 0 -1 0
    outer loop
      vertex 1.03991 0 59.8924
      vertex 14.901 0 62
      vertex 0.78244 0 59.9401
    endloop
  endfacet
  facet normal 0 -1 0
    outer loop
      vertex 1.29454 0 59.8313
      vertex 14.901 0 62
      vertex 1.03991 0 59.8924
    endloop
  endfacet
  facet normal 0 -1 0
    outer loop
      vertex 1.54561 0 59.7569
      vertex 14.901 0 62
      vertex 1.29454 0 59.8313
    endloop
  endfacet
  facet normal 0 -1 0
    outer loop
      vertex 1.79245 0 59.6695
      vertex 14.901 0 62
      vertex 1.54561 0 59.7569
    endloop
  endfacet
  facet normal 0 -1 0
    outer loop
      vertex 2.03438 0 59.5693
      vertex 14.901 0 62
      vertex 1.79245 0 59.6695
    endloop
  endfacet
  facet normal 0 -1 0
    outer loop
      vertex 2.27073 0 59.4566
      vertex 14.901 0 62
      vertex 2.03438 0 59.5693
    endloop
  endfacet
  facet normal 0 -1 0
    outer loop
      vertex 2.50086 0 59.3316
      vertex 14.901 0 62
      vertex 2.27073 0 59.4566
    endloop
  endfacet
  facet normal 0 -1 0
    outer loop
      vertex 2.72413 0 59.1948
      vertex 14.901 0 62
      vertex 2.50086 0 59.3316
    endloop
  endfacet
  facet normal 0 -1 0
    outer loop
      vertex 2.93993 0 59.0465
      vertex 14.901 0 62
      vertex 2.72413 0 59.1948
    endloop
  endfacet
  facet normal 0 -1 0
    outer loop
      vertex 3.14768 0 58.8871
      vertex 14.901 0 62
      vertex 2.93993 0 59.0465
    endloop
  endfacet
  facet normal 0 -1 0
    outer loop
      vertex 3.3468 0 58.717
      vertex 14.901 0 62
      vertex 3.14768 0 58.8871
    endloop
  endfacet
  facet normal 0 -1 0
    outer loop
      vertex 3.53675 0 58.5367
      vertex 14.901 0 62
      vertex 3.3468 0 58.717
    endloop
  endfacet
  facet normal 0 -1 0
    outer loop
      vertex 3.717 0 58.3468
      vertex 14.901 0 62
      vertex 3.53675 0 58.5367
    endloop
  endfacet
  facet normal 0 -1 0
    outer loop
      vertex 3.88706 0 58.1477
      vertex 14.901 0 62
      vertex 3.717 0 58.3468
    endloop
  endfacet
  facet normal 0 -1 0
    outer loop
      vertex 4.04647 0 57.9399
      vertex 14.901 0 62
      vertex 3.88706 0 58.1477
    endloop
  endfacet
  facet normal 0 -1 0
    outer loop
      vertex 4.19479 0 57.7241
      vertex 14.901 0 62
      vertex 4.04647 0 57.9399
    endloop
  endfacet
  facet normal 0 -1 0
    outer loop
      vertex 4.33161 0 57.5009
      vertex 14.901 0 62
      vertex 4.19479 0 57.7241
    endloop
  endfacet
  facet normal 0 -1 0
    outer loop
      vertex 5.77547 0 55
      vertex 14.901 0 62
      vertex 4.33161 0 57.5009
    endloop
  endfacet
  facet normal 0 -1 0
    outer loop
      vertex 13.0172 0 48
      vertex 5.77547 0 55
      vertex 4.33161 0 52.4991
    endloop
  endfacet
  facet normal 0 -1 0
    outer loop
      vertex 13.0172 0 48
      vertex 4.33161 0 52.4991
      vertex 4.19479 0 52.2759
    endloop
  endfacet
  facet normal 0 -1 0
    outer loop
      vertex 13.0172 0 48
      vertex 4.19479 0 52.2759
      vertex 4.04647 0 52.0601
    endloop
  endfacet
  facet normal 0 -1 0
    outer loop
      vertex 13.0172 0 48
      vertex 4.04647 0 52.0601
      vertex 3.88706 0 51.8523
    endloop
  endfacet
  facet normal 0 -1 0
    outer loop
      vertex 13.0172 0 48
      vertex 3.88706 0 51.8523
      vertex 3.717 0 51.6532
    endloop
  endfacet
  facet normal 0 -1 0
    outer loop
      vertex 13.0172 0 48
      vertex 3.717 0 51.6532
      vertex 3.53675 0 51.4633
    endloop
  endfacet
  facet normal 0 -1 0
    outer loop
      vertex 13.0172 0 48
      vertex 3.53675 0 51.4633
      vertex 3.3468 0 51.283
    endloop
  endfacet
  facet normal 0 -1 0
    outer loop
      vertex 13.0172 0 48
      vertex 0 0 49.9983
      vertex -13.0172 0 48
    endloop
  endfacet
  facet normal 0 -1 0
    outer loop
      vertex 0 0 49.9983
      vertex 13.0172 0 48
      vertex 0.261769 0 50.0051
    endloop
  endfacet
  facet normal 0 -1 0
    outer loop
      vertex 0.261769 0 50.0051
      vertex 13.0172 0 48
      vertex 0.522821 0 50.0257
    endloop
  endfacet
  facet normal 0 -1 0
    outer loop
      vertex 0.522821 0 50.0257
      vertex 13.0172 0 48
      vertex 0.78244 0 50.0599
    endloop
  endfacet
  facet normal 0 -1 0
    outer loop
      vertex 13.0172 0 48
      vertex 1.03991 0 50.1076
      vertex 0.78244 0 50.0599
    endloop
  endfacet
  facet normal 0 -1 0
    outer loop
      vertex 13.0172 0 48
      vertex 1.29454 0 50.1687
      vertex 1.03991 0 50.1076
    endloop
  endfacet
  facet normal 0 -1 0
    outer loop
      vertex 13.0172 0 48
      vertex 1.54561 0 50.2431
      vertex 1.29454 0 50.1687
    endloop
  endfacet
  facet normal 0 -1 0
    outer loop
      vertex 13.0172 0 48
      vertex 1.79245 0 50.3305
      vertex 1.54561 0 50.2431
    endloop
  endfacet
  facet normal 0 -1 0
    outer loop
      vertex 13.0172 0 48
      vertex 2.03438 0 50.4307
      vertex 1.79245 0 50.3305
    endloop
  endfacet
  facet normal 0 -1 0
    outer loop
      vertex 13.0172 0 48
      vertex 2.27073 0 50.5434
      vertex 2.03438 0 50.4307
    endloop
  endfacet
  facet normal 0 -1 0
    outer loop
      vertex 13.0172 0 48
      vertex 2.50086 0 50.6684
      vertex 2.27073 0 50.5434
    endloop
  endfacet
  facet normal 0 -1 0
    outer loop
      vertex 13.0172 0 48
      vertex 2.72413 0 50.8052
      vertex 2.50086 0 50.6684
    endloop
  endfacet
  facet normal 0 -1 0
    outer loop
      vertex 13.0172 0 48
      vertex 2.93993 0 50.9535
      vertex 2.72413 0 50.8052
    endloop
  endfacet
  facet normal 0 -1 0
    outer loop
      vertex 13.0172 0 48
      vertex 3.14768 0 51.1129
      vertex 2.93993 0 50.9535
    endloop
  endfacet
  facet normal 0 -1 0
    outer loop
      vertex 13.0172 0 48
      vertex 3.3468 0 51.283
      vertex 3.14768 0 51.1129
    endloop
  endfacet
  facet normal 0 -1 0
    outer loop
      vertex 5.77547 0 55
      vertex 13.0172 0 48
      vertex 14.901 0 62
    endloop
  endfacet
  facet normal 0 -1 0
    outer loop
      vertex 13.0172 0 0
      vertex 14.901 0 62
      vertex 13.0172 0 48
    endloop
  endfacet
  facet normal 0 -1 0
    outer loop
      vertex 0.261769 0 -2.00514
      vertex 13.0172 0 0
      vertex 0 0 -1.99829
    endloop
  endfacet
  facet normal 0 -1 0
    outer loop
      vertex 0.522821 0 -2.02569
      vertex 13.0172 0 0
      vertex 0.261769 0 -2.00514
    endloop
  endfacet
  facet normal 0 -1 0
    outer loop
      vertex 0.78244 0 -2.05987
      vertex 13.0172 0 0
      vertex 0.522821 0 -2.02569
    endloop
  endfacet
  facet normal 0 -1 0
    outer loop
      vertex 1.03991 0 -2.10759
      vertex 13.0172 0 0
      vertex 0.78244 0 -2.05987
    endloop
  endfacet
  facet normal 0 -1 0
    outer loop
      vertex 1.29454 0 -2.16872
      vertex 13.0172 0 0
      vertex 1.03991 0 -2.10759
    endloop
  endfacet
  facet normal 0 -1 0
    outer loop
      vertex 1.54561 0 -2.24309
      vertex 13.0172 0 0
      vertex 1.29454 0 -2.16872
    endloop
  endfacet
  facet normal 0 -1 0
    outer loop
      vertex 1.79245 0 -2.3305
      vertex 13.0172 0 0
      vertex 1.54561 0 -2.24309
    endloop
  endfacet
  facet normal 0 -1 0
    outer loop
      vertex 2.03438 0 -2.43071
      vertex 13.0172 0 0
      vertex 1.79245 0 -2.3305
    endloop
  endfacet
  facet normal 0 -1 0
    outer loop
      vertex 2.27073 0 -2.54344
      vertex 13.0172 0 0
      vertex 2.03438 0 -2.43071
    endloop
  endfacet
  facet normal 0 -1 0
    outer loop
      vertex 2.50086 0 -2.66839
      vertex 13.0172 0 0
      vertex 2.27073 0 -2.54344
    endloop
  endfacet
  facet normal 0 -1 0
    outer loop
      vertex 2.72413 0 -2.80521
      vertex 13.0172 0 0
      vertex 2.50086 0 -2.66839
    endloop
  endfacet
  facet normal 0 -1 0
    outer loop
      vertex 2.93993 0 -2.95353
      vertex 13.0172 0 0
      vertex 2.72413 0 -2.80521
    endloop
  endfacet
  facet normal 0 -1 0
    outer loop
      vertex 3.14768 0 -3.11294
      vertex 13.0172 0 0
      vertex 2.93993 0 -2.95353
    endloop
  endfacet
  facet normal 0 -1 0
    outer loop
      vertex 3.3468 0 -3.283
      vertex 13.0172 0 0
      vertex 3.14768 0 -3.11294
    endloop
  endfacet
  facet normal 0 -1 0
    outer loop
      vertex 3.53675 0 -3.46325
      vertex 13.0172 0 0
      vertex 3.3468 0 -3.283
    endloop
  endfacet
  facet normal 0 -1 0
    outer loop
      vertex 3.717 0 -3.6532
      vertex 13.0172 0 0
      vertex 3.53675 0 -3.46325
    endloop
  endfacet
  facet normal 0 -1 0
    outer loop
      vertex 3.88706 0 -3.85232
      vertex 13.0172 0 0
      vertex 3.717 0 -3.6532
    endloop
  endfacet
  facet normal 0 -1 0
    outer loop
      vertex 4.04647 0 -4.06007
      vertex 13.0172 0 0
      vertex 3.88706 0 -3.85232
    endloop
  endfacet
  facet normal 0 -1 0
    outer loop
      vertex 4.19479 0 -4.27587
      vertex 13.0172 0 0
      vertex 4.04647 0 -4.06007
    endloop
  endfacet
  facet normal 0 -1 0
    outer loop
      vertex 4.33161 0 -4.49914
      vertex 13.0172 0 0
      vertex 4.19479 0 -4.27587
    endloop
  endfacet
  facet normal 0 -1 0
    outer loop
      vertex 5.77547 0 -7
      vertex 13.0172 0 0
      vertex 4.33161 0 -4.49914
    endloop
  endfacet
  facet normal 0 -1 0
    outer loop
      vertex 14.901 0 -14
      vertex 5.77547 0 -7
      vertex 4.33161 0 -9.50086
    endloop
  endfacet
  facet normal 0 -1 0
    outer loop
      vertex 14.901 0 -14
      vertex 4.33161 0 -9.50086
      vertex 4.19479 0 -9.72413
    endloop
  endfacet
  facet normal 0 -1 0
    outer loop
      vertex 14.901 0 -14
      vertex 4.19479 0 -9.72413
      vertex 4.04647 0 -9.93993
    endloop
  endfacet
  facet normal 0 -1 0
    outer loop
      vertex 14.901 0 -14
      vertex 4.04647 0 -9.93993
      vertex 3.88706 0 -10.1477
    endloop
  endfacet
  facet normal 0 -1 0
    outer loop
      vertex 14.901 0 -14
      vertex 3.88706 0 -10.1477
      vertex 3.717 0 -10.3468
    endloop
  endfacet
  facet normal 0 -1 0
    outer loop
      vertex 14.901 0 -14
      vertex 0 0 -12.0017
      vertex -14.9 0 -14
    endloop
  endfacet
  facet normal 0 -1 0
    outer loop
      vertex 0 0 -12.0017
      vertex 14.901 0 -14
      vertex 0.261769 0 -11.9949
    endloop
  endfacet
  facet normal 0 -1 0
    outer loop
      vertex 13.0172 0 0
      vertex 14.901 0 -14
      vertex 14.901 0 62
    endloop
  endfacet
  facet normal 0 -1 0
    outer loop
      vertex 5.77547 0 -7
      vertex 14.901 0 -14
      vertex 13.0172 0 0
    endloop
  endfacet
  facet normal 0 -1 0
    outer loop
      vertex 3.53675 0 -10.5367
      vertex 14.901 0 -14
      vertex 3.717 0 -10.3468
    endloop
  endfacet
  facet normal 0 -1 0
    outer loop
      vertex 3.3468 0 -10.717
      vertex 14.901 0 -14
      vertex 3.53675 0 -10.5367
    endloop
  endfacet
  facet normal 0 -1 0
    outer loop
      vertex 3.14768 0 -10.8871
      vertex 14.901 0 -14
      vertex 3.3468 0 -10.717
    endloop
  endfacet
  facet normal 0 -1 0
    outer loop
      vertex 2.93993 0 -11.0465
      vertex 14.901 0 -14
      vertex 3.14768 0 -10.8871
    endloop
  endfacet
  facet normal 0 -1 0
    outer loop
      vertex 2.72413 0 -11.1948
      vertex 14.901 0 -14
      vertex 2.93993 0 -11.0465
    endloop
  endfacet
  facet normal 0 -1 0
    outer loop
      vertex 2.50086 0 -11.3316
      vertex 14.901 0 -14
      vertex 2.72413 0 -11.1948
    endloop
  endfacet
  facet normal 0 -1 0
    outer loop
      vertex 2.27073 0 -11.4566
      vertex 14.901 0 -14
      vertex 2.50086 0 -11.3316
    endloop
  endfacet
  facet normal 0 -1 0
    outer loop
      vertex 2.03438 0 -11.5693
      vertex 14.901 0 -14
      vertex 2.27073 0 -11.4566
    endloop
  endfacet
  facet normal 0 -1 0
    outer loop
      vertex 1.79245 0 -11.6695
      vertex 14.901 0 -14
      vertex 2.03438 0 -11.5693
    endloop
  endfacet
  facet normal 0 -1 0
    outer loop
      vertex 1.54561 0 -11.7569
      vertex 14.901 0 -14
      vertex 1.79245 0 -11.6695
    endloop
  endfacet
  facet normal 0 -1 0
    outer loop
      vertex 1.29454 0 -11.8313
      vertex 14.901 0 -14
      vertex 1.54561 0 -11.7569
    endloop
  endfacet
  facet normal 0 -1 0
    outer loop
      vertex 1.03991 0 -11.8924
      vertex 14.901 0 -14
      vertex 1.29454 0 -11.8313
    endloop
  endfacet
  facet normal 0 -1 0
    outer loop
      vertex 0.78244 0 -11.9401
      vertex 14.901 0 -14
      vertex 1.03991 0 -11.8924
    endloop
  endfacet
  facet normal 0 -1 0
    outer loop
      vertex 0.522821 0 -11.9743
      vertex 14.901 0 -14
      vertex 0.78244 0 -11.9401
    endloop
  endfacet
  facet normal 0 -1 0
    outer loop
      vertex 0.261769 0 -11.9949
      vertex 14.901 0 -14
      vertex 0.522821 0 -11.9743
    endloop
  endfacet
  facet normal 0.7077 -0.706513 0
    outer loop
      vertex 14.901 0 62
      vertex 15.5 0.600006 -13.4
      vertex 15.5 0.600006 61.4
    endloop
  endfacet
  facet normal 0.7077 -0.706513 0
    outer loop
      vertex 15.5 0.600006 -13.4
      vertex 14.901 0 62
      vertex 14.901 0 -14
    endloop
  endfacet
  facet normal 0.707696 0 -0.706517
    outer loop
      vertex 15.5 0.600006 -13.4
      vertex 14.901 3.79999 -14
      vertex 15.5 3.19998 -13.4
    endloop
  endfacet
  facet normal 0.707696 0 -0.706517
    outer loop
      vertex 14.901 3.79999 -14
      vertex 15.5 0.600006 -13.4
      vertex 14.901 0 -14
    endloop
  endfacet
  facet normal 0.965147 0 -0.261709
    outer loop
      vertex -12.8681 -3.09999 26.8797
      vertex -12.92 -1.7 26.6883
      vertex -12.8681 -1.7 26.8797
    endloop
  endfacet
  facet normal 0.965147 0 -0.261709
    outer loop
      vertex -12.92 -1.7 26.6883
      vertex -12.8681 -3.09999 26.8797
      vertex -12.92 -3.09999 26.6883
    endloop
  endfacet
  facet normal 0.922194 0 -0.386727
    outer loop
      vertex -12.727 -3.09999 27.2503
      vertex -12.8037 -1.7 27.0674
      vertex -12.727 -1.7 27.2503
    endloop
  endfacet
  facet normal 0.922194 0 -0.386727
    outer loop
      vertex -12.8037 -1.7 27.0674
      vertex -12.727 -3.09999 27.2503
      vertex -12.8037 -3.09999 27.0674
    endloop
  endfacet
  facet normal 0.997784 -0 0.0665357
    outer loop
      vertex -12.9984 -3.09999 7.90081
      vertex -12.9852 -1.7 7.70286
      vertex -12.9984 -1.7 7.90081
    endloop
  endfacet
  facet normal 0.997784 0 0.0665357
    outer loop
      vertex -12.9852 -1.7 7.70286
      vertex -12.9984 -3.09999 7.90081
      vertex -12.9852 -3.09999 7.70286
    endloop
  endfacet
  facet normal 0.789013 -0 0.614377
    outer loop
      vertex -12.4271 -3.09999 6.23664
      vertex -12.3052 -1.7 6.08009
      vertex -12.4271 -1.7 6.23664
    endloop
  endfacet
  facet normal 0.789013 0 0.614377
    outer loop
      vertex -12.3052 -1.7 6.08009
      vertex -12.4271 -3.09999 6.23664
      vertex -12.3052 -3.09999 6.08009
    endloop
  endfacet
  facet normal 1 -0 0
    outer loop
      vertex -12.9984 -3.09999 26.0992
      vertex -12.9984 -1.7 7.90081
      vertex -12.9984 -1.7 26.0992
    endloop
  endfacet
  facet normal 1 0 0
    outer loop
      vertex -12.9984 -1.7 7.90081
      vertex -12.9984 -3.09999 26.0992
      vertex -12.9984 -3.09999 7.90081
    endloop
  endfacet
  facet normal 0.0496107 0 0.998769
    outer loop
      vertex -10.2477 -1.7 5.01025
      vertex -10.0496 -3.09999 5.00041
      vertex -10.0496 -1.7 5.00041
    endloop
  endfacet
  facet normal 0.0496107 0 0.998769
    outer loop
      vertex -10.0496 -3.09999 5.00041
      vertex -10.2477 -1.7 5.01025
      vertex -10.2477 -3.09999 5.01025
    endloop
  endfacet
  facet normal 0.991306 -0 0.131576
    outer loop
      vertex -12.9852 -3.09999 7.70286
      vertex -12.9591 -1.7 7.50622
      vertex -12.9852 -1.7 7.70286
    endloop
  endfacet
  facet normal 0.991306 0 0.131576
    outer loop
      vertex -12.9591 -1.7 7.50622
      vertex -12.9852 -3.09999 7.70286
      vertex -12.9591 -3.09999 7.50622
    endloop
  endfacet
  facet normal 0 0 -1
    outer loop
      vertex 12.99 -2.41731 29
      vertex 12.5958 -1.7 29
      vertex 12.99 -2.38267 29
    endloop
  endfacet
  facet normal 0 0 -1
    outer loop
      vertex 12.5958 -3.09999 29
      vertex 12.5958 -1.7 29
      vertex 12.99 -2.41731 29
    endloop
  endfacet
  facet normal 1.76636e-05 0 -1
    outer loop
      vertex -10.0496 -3.09999 28.9996
      vertex 12.5958 -1.7 29
      vertex 12.5958 -3.09999 29
    endloop
  endfacet
  facet normal 1.76636e-05 0 -1
    outer loop
      vertex 12.5958 -1.7 29
      vertex -10.0496 -3.09999 28.9996
      vertex -10.0496 -1.7 28.9996
    endloop
  endfacet
  facet normal 0.945838 -0 0.324639
    outer loop
      vertex -12.8681 -3.09999 7.12025
      vertex -12.8037 -1.7 6.93262
      vertex -12.8681 -1.7 7.12025
    endloop
  endfacet
  facet normal 0.945838 0 0.324639
    outer loop
      vertex -12.8037 -1.7 6.93262
      vertex -12.8681 -3.09999 7.12025
      vertex -12.8037 -3.09999 6.93262
    endloop
  endfacet
  facet normal 0.997783 0 -0.0665525
    outer loop
      vertex -12.9852 -3.09999 26.2971
      vertex -12.9984 -1.7 26.0992
      vertex -12.9852 -1.7 26.2971
    endloop
  endfacet
  facet normal 0.997783 0 -0.0665525
    outer loop
      vertex -12.9984 -1.7 26.0992
      vertex -12.9852 -3.09999 26.2971
      vertex -12.9984 -3.09999 26.0992
    endloop
  endfacet
  facet normal 0.371217 0 0.928546
    outer loop
      vertex -11.2051 -1.7 5.25268
      vertex -11.0209 -3.09999 5.17904
      vertex -11.0209 -1.7 5.17904
    endloop
  endfacet
  facet normal 0.371217 0 0.928546
    outer loop
      vertex -11.0209 -3.09999 5.17904
      vertex -11.2051 -1.7 5.25268
      vertex -11.2051 -3.09999 5.25268
    endloop
  endfacet
  facet normal 0.863395 0 -0.504529
    outer loop
      vertex -12.5383 -3.09999 27.5991
      vertex -12.6384 -1.7 27.4278
      vertex -12.5383 -1.7 27.5991
    endloop
  endfacet
  facet normal 0.863395 0 -0.504529
    outer loop
      vertex -12.6384 -1.7 27.4278
      vertex -12.5383 -3.09999 27.5991
      vertex -12.6384 -3.09999 27.4278
    endloop
  endfacet
  facet normal 0.0494095 0 -0.998779
    outer loop
      vertex -10.2477 -3.09999 28.9898
      vertex -10.0496 -1.7 28.9996
      vertex -10.0496 -3.09999 28.9996
    endloop
  endfacet
  facet normal 0.0494095 0 -0.998779
    outer loop
      vertex -10.0496 -1.7 28.9996
      vertex -10.2477 -3.09999 28.9898
      vertex -10.2477 -1.7 28.9898
    endloop
  endfacet
  facet normal 0.701059 0 0.713103
    outer loop
      vertex -12.1733 -1.7 5.93194
      vertex -12.0318 -3.09999 5.79283
      vertex -12.0318 -1.7 5.79283
    endloop
  endfacet
  facet normal 0.701059 0 0.713103
    outer loop
      vertex -12.0318 -3.09999 5.79283
      vertex -12.1733 -1.7 5.93194
      vertex -12.1733 -3.09999 5.93194
    endloop
  endfacet
  facet normal 0.894729 0 -0.446609
    outer loop
      vertex -12.6384 -3.09999 27.4278
      vertex -12.727 -1.7 27.2503
      vertex -12.6384 -1.7 27.4278
    endloop
  endfacet
  facet normal 0.894729 0 -0.446609
    outer loop
      vertex -12.727 -1.7 27.2503
      vertex -12.6384 -3.09999 27.4278
      vertex -12.727 -3.09999 27.2503
    endloop
  endfacet
  facet normal 0 0 1
    outer loop
      vertex 13 -2.39999 5
      vertex 12.99 -2.38267 5
      vertex 12.99 -2.41731 5
    endloop
  endfacet
  facet normal 0.601209 0 0.799092
    outer loop
      vertex -11.8815 -1.7 5.66337
      vertex -11.723 -3.09999 5.54412
      vertex -11.723 -1.7 5.54412
    endloop
  endfacet
  facet normal 0.601209 0 0.799092
    outer loop
      vertex -11.723 -3.09999 5.54412
      vertex -11.8815 -1.7 5.66337
      vertex -11.8815 -3.09999 5.66337
    endloop
  endfacet
  facet normal 0.991311 0 -0.131536
    outer loop
      vertex -12.9591 -3.09999 26.4938
      vertex -12.9852 -1.7 26.2971
      vertex -12.9591 -1.7 26.4938
    endloop
  endfacet
  facet normal 0.991311 0 -0.131536
    outer loop
      vertex -12.9852 -1.7 26.2971
      vertex -12.9591 -3.09999 26.4938
      vertex -12.9852 -3.09999 26.2971
    endloop
  endfacet
  facet normal 2.53678e-05 0 1
    outer loop
      vertex 12.5958 -1.7 5.00001
      vertex 12.99 -2.41731 5
      vertex 12.99 -2.38267 5
    endloop
  endfacet
  facet normal 2.53678e-05 0 1
    outer loop
      vertex 12.5958 -1.7 5.00001
      vertex 12.5958 -3.09999 5.00001
      vertex 12.99 -2.41731 5
    endloop
  endfacet
  facet normal 1.76636e-05 0 1
    outer loop
      vertex -10.0496 -1.7 5.00041
      vertex 12.5958 -3.09999 5.00001
      vertex 12.5958 -1.7 5.00001
    endloop
  endfacet
  facet normal 1.76636e-05 0 1
    outer loop
      vertex 12.5958 -3.09999 5.00001
      vertex -10.0496 -1.7 5.00041
      vertex -10.0496 -3.09999 5.00041
    endloop
  endfacet
  facet normal 0.945875 0 -0.32453
    outer loop
      vertex -12.8037 -3.09999 27.0674
      vertex -12.8681 -1.7 26.8797
      vertex -12.8037 -1.7 27.0674
    endloop
  endfacet
  facet normal 0.945875 0 -0.32453
    outer loop
      vertex -12.8681 -1.7 26.8797
      vertex -12.8037 -3.09999 27.0674
      vertex -12.8681 -3.09999 26.8797
    endloop
  endfacet
  facet normal 0.115906 0 -0.99326
    outer loop
      vertex -10.4448 -3.09999 28.9668
      vertex -10.2477 -1.7 28.9898
      vertex -10.2477 -3.09999 28.9898
    endloop
  endfacet
  facet normal 0.115906 0 -0.99326
    outer loop
      vertex -10.2477 -1.7 28.9898
      vertex -10.4448 -3.09999 28.9668
      vertex -10.4448 -1.7 28.9668
    endloop
  endfacet
  facet normal 0.788918 0 -0.614499
    outer loop
      vertex -12.3052 -3.09999 27.9199
      vertex -12.4271 -1.7 27.7634
      vertex -12.3052 -1.7 27.9199
    endloop
  endfacet
  facet normal 0.788918 0 -0.614499
    outer loop
      vertex -12.4271 -1.7 27.7634
      vertex -12.3052 -3.09999 27.9199
      vertex -12.4271 -3.09999 27.7634
    endloop
  endfacet
  facet normal 0.652624 0 0.757682
    outer loop
      vertex -12.0318 -1.7 5.79283
      vertex -11.8815 -3.09999 5.66337
      vertex -11.8815 -1.7 5.66337
    endloop
  endfacet
  facet normal 0.652624 0 0.757682
    outer loop
      vertex -11.8815 -3.09999 5.66337
      vertex -12.0318 -1.7 5.79283
      vertex -12.0318 -3.09999 5.79283
    endloop
  endfacet
  facet normal 0.180872 0 0.983507
    outer loop
      vertex -10.6399 -1.7 5.06904
      vertex -10.4448 -3.09999 5.03316
      vertex -10.4448 -1.7 5.03316
    endloop
  endfacet
  facet normal 0.180872 0 0.983507
    outer loop
      vertex -10.4448 -3.09999 5.03316
      vertex -10.6399 -1.7 5.06904
      vertex -10.6399 -3.09999 5.06904
    endloop
  endfacet
  facet normal 0.828153 0 -0.560503
    outer loop
      vertex -12.4271 -3.09999 27.7634
      vertex -12.5383 -1.7 27.5991
      vertex -12.4271 -1.7 27.7634
    endloop
  endfacet
  facet normal 0.828153 0 -0.560503
    outer loop
      vertex -12.5383 -1.7 27.5991
      vertex -12.4271 -3.09999 27.7634
      vertex -12.5383 -3.09999 27.5991
    endloop
  endfacet
  facet normal 0.980384 -0 0.197095
    outer loop
      vertex -12.9591 -3.09999 7.50622
      vertex -12.92 -1.7 7.31173
      vertex -12.9591 -1.7 7.50622
    endloop
  endfacet
  facet normal 0.980384 0 0.197095
    outer loop
      vertex -12.92 -1.7 7.31173
      vertex -12.9591 -3.09999 7.50622
      vertex -12.92 -3.09999 7.31173
    endloop
  endfacet
  facet normal 0.746881 -0 0.664958
    outer loop
      vertex -12.3052 -3.09999 6.08009
      vertex -12.1733 -1.7 5.93194
      vertex -12.3052 -1.7 6.08009
    endloop
  endfacet
  facet normal 0.746881 0 0.664958
    outer loop
      vertex -12.1733 -1.7 5.93194
      vertex -12.3052 -3.09999 6.08009
      vertex -12.1733 -3.09999 5.93194
    endloop
  endfacet
  facet normal 0.431616 0 -0.902057
    outer loop
      vertex -11.384 -3.09999 28.6617
      vertex -11.2051 -1.7 28.7473
      vertex -11.2051 -3.09999 28.7473
    endloop
  endfacet
  facet normal 0.431616 0 -0.902057
    outer loop
      vertex -11.2051 -1.7 28.7473
      vertex -11.384 -3.09999 28.6617
      vertex -11.384 -1.7 28.6617
    endloop
  endfacet
  facet normal 0.828089 -0 0.560596
    outer loop
      vertex -12.5383 -3.09999 6.4009
      vertex -12.4271 -1.7 6.23664
      vertex -12.5383 -1.7 6.4009
    endloop
  endfacet
  facet normal 0.828089 0 0.560596
    outer loop
      vertex -12.4271 -1.7 6.23664
      vertex -12.5383 -3.09999 6.4009
      vertex -12.4271 -3.09999 6.23664
    endloop
  endfacet
  facet normal 0 0 -1
    outer loop
      vertex 12.99 -2.38267 29
      vertex 13 -2.39999 29
      vertex 12.99 -2.41731 29
    endloop
  endfacet
  facet normal 0.746992 0 -0.664833
    outer loop
      vertex -12.1733 -3.09999 28.0681
      vertex -12.3052 -1.7 27.9199
      vertex -12.1733 -1.7 28.0681
    endloop
  endfacet
  facet normal 0.746992 0 -0.664833
    outer loop
      vertex -12.3052 -1.7 27.9199
      vertex -12.1733 -3.09999 28.0681
      vertex -12.3052 -3.09999 27.9199
    endloop
  endfacet
  facet normal 0.546883 0 -0.837209
    outer loop
      vertex -11.723 -3.09999 28.4559
      vertex -11.5569 -1.7 28.5644
      vertex -11.5569 -3.09999 28.5644
    endloop
  endfacet
  facet normal 0.546883 0 -0.837209
    outer loop
      vertex -11.5569 -1.7 28.5644
      vertex -11.723 -3.09999 28.4559
      vertex -11.723 -1.7 28.4559
    endloop
  endfacet
  facet normal 0.863343 -0 0.504617
    outer loop
      vertex -12.6384 -3.09999 6.57216
      vertex -12.5383 -1.7 6.4009
      vertex -12.6384 -1.7 6.57216
    endloop
  endfacet
  facet normal 0.863343 0 0.504617
    outer loop
      vertex -12.5383 -1.7 6.4009
      vertex -12.6384 -3.09999 6.57216
      vertex -12.5383 -3.09999 6.4009
    endloop
  endfacet
  facet normal 0.2455 0 -0.969397
    outer loop
      vertex -10.8322 -3.09999 28.8823
      vertex -10.6399 -1.7 28.931
      vertex -10.6399 -3.09999 28.931
    endloop
  endfacet
  facet normal 0.2455 0 -0.969397
    outer loop
      vertex -10.6399 -1.7 28.931
      vertex -10.8322 -3.09999 28.8823
      vertex -10.8322 -1.7 28.8823
    endloop
  endfacet
  facet normal 0.965174 -0 0.261607
    outer loop
      vertex -12.92 -3.09999 7.31173
      vertex -12.8681 -1.7 7.12025
      vertex -12.92 -1.7 7.31173
    endloop
  endfacet
  facet normal 0.965174 0 0.261607
    outer loop
      vertex -12.8681 -1.7 7.12025
      vertex -12.92 -3.09999 7.31173
      vertex -12.8681 -3.09999 7.12025
    endloop
  endfacet
  facet normal 0.180482 0 -0.983578
    outer loop
      vertex -10.6399 -3.09999 28.931
      vertex -10.4448 -1.7 28.9668
      vertex -10.4448 -3.09999 28.9668
    endloop
  endfacet
  facet normal 0.180482 0 -0.983578
    outer loop
      vertex -10.4448 -1.7 28.9668
      vertex -10.6399 -3.09999 28.931
      vertex -10.6399 -1.7 28.931
    endloop
  endfacet
  facet normal 0.490429 0 -0.871481
    outer loop
      vertex -11.5569 -3.09999 28.5644
      vertex -11.384 -1.7 28.6617
      vertex -11.384 -3.09999 28.6617
    endloop
  endfacet
  facet normal 0.490429 0 -0.871481
    outer loop
      vertex -11.384 -1.7 28.6617
      vertex -11.5569 -3.09999 28.5644
      vertex -11.5569 -1.7 28.5644
    endloop
  endfacet
  facet normal 0.60137 0 -0.79897
    outer loop
      vertex -11.8815 -3.09999 28.3366
      vertex -11.723 -1.7 28.4559
      vertex -11.723 -3.09999 28.4559
    endloop
  endfacet
  facet normal 0.60137 0 -0.79897
    outer loop
      vertex -11.723 -1.7 28.4559
      vertex -11.8815 -3.09999 28.3366
      vertex -11.8815 -1.7 28.3366
    endloop
  endfacet
  facet normal 0.980386 0 -0.197085
    outer loop
      vertex -12.92 -3.09999 26.6883
      vertex -12.9591 -1.7 26.4938
      vertex -12.92 -1.7 26.6883
    endloop
  endfacet
  facet normal 0.980386 0 -0.197085
    outer loop
      vertex -12.9591 -1.7 26.4938
      vertex -12.92 -3.09999 26.6883
      vertex -12.9591 -3.09999 26.4938
    endloop
  endfacet
  facet normal 0.308961 0 0.951075
    outer loop
      vertex -11.0209 -1.7 5.17904
      vertex -10.8322 -3.09999 5.11774
      vertex -10.8322 -1.7 5.11774
    endloop
  endfacet
  facet normal 0.308961 0 0.951075
    outer loop
      vertex -10.8322 -3.09999 5.11774
      vertex -11.0209 -1.7 5.17904
      vertex -11.0209 -3.09999 5.17904
    endloop
  endfacet
  facet normal 0.115458 0 0.993312
    outer loop
      vertex -10.4448 -1.7 5.03316
      vertex -10.2477 -3.09999 5.01025
      vertex -10.2477 -1.7 5.01025
    endloop
  endfacet
  facet normal 0.115458 0 0.993312
    outer loop
      vertex -10.2477 -3.09999 5.01025
      vertex -10.4448 -1.7 5.03316
      vertex -10.4448 -3.09999 5.03316
    endloop
  endfacet
  facet normal 0.371478 0 -0.928442
    outer loop
      vertex -11.2051 -3.09999 28.7473
      vertex -11.0209 -1.7 28.821
      vertex -11.0209 -3.09999 28.821
    endloop
  endfacet
  facet normal 0.371478 0 -0.928442
    outer loop
      vertex -11.0209 -1.7 28.821
      vertex -11.2051 -3.09999 28.7473
      vertex -11.2051 -1.7 28.7473
    endloop
  endfacet
  facet normal 0.431821 0 0.901959
    outer loop
      vertex -11.384 -1.7 5.33833
      vertex -11.2051 -3.09999 5.25268
      vertex -11.2051 -1.7 5.25268
    endloop
  endfacet
  facet normal 0.431821 0 0.901959
    outer loop
      vertex -11.2051 -3.09999 5.25268
      vertex -11.384 -1.7 5.33833
      vertex -11.384 -3.09999 5.33833
    endloop
  endfacet
  facet normal 0.308961 0 -0.951075
    outer loop
      vertex -11.0209 -3.09999 28.821
      vertex -10.8322 -1.7 28.8823
      vertex -10.8322 -3.09999 28.8823
    endloop
  endfacet
  facet normal 0.308961 0 -0.951075
    outer loop
      vertex -10.8322 -1.7 28.8823
      vertex -11.0209 -3.09999 28.821
      vertex -11.0209 -1.7 28.821
    endloop
  endfacet
  facet normal 0.546883 0 0.837209
    outer loop
      vertex -11.723 -1.7 5.54412
      vertex -11.5569 -3.09999 5.43562
      vertex -11.5569 -1.7 5.43562
    endloop
  endfacet
  facet normal 0.546883 0 0.837209
    outer loop
      vertex -11.5569 -3.09999 5.43562
      vertex -11.723 -1.7 5.54412
      vertex -11.723 -3.09999 5.54412
    endloop
  endfacet
  facet normal 0 -1 0
    outer loop
      vertex -12.9984 -1.7 26.0992
      vertex -10.0496 -1.7 28.9996
      vertex -10.2477 -1.7 28.9898
    endloop
  endfacet
  facet normal 0 -1 0
    outer loop
      vertex -12.9984 -1.7 26.0992
      vertex -10.2477 -1.7 28.9898
      vertex -10.4448 -1.7 28.9668
    endloop
  endfacet
  facet normal 0 -1 0
    outer loop
      vertex -12.9984 -1.7 26.0992
      vertex -10.4448 -1.7 28.9668
      vertex -10.6399 -1.7 28.931
    endloop
  endfacet
  facet normal 0 -1 0
    outer loop
      vertex -12.9984 -1.7 26.0992
      vertex -10.6399 -1.7 28.931
      vertex -10.8322 -1.7 28.8823
    endloop
  endfacet
  facet normal 0 -1 0
    outer loop
      vertex -12.9984 -1.7 26.0992
      vertex -10.8322 -1.7 28.8823
      vertex -11.0209 -1.7 28.821
    endloop
  endfacet
  facet normal 0 -1 0
    outer loop
      vertex -12.9984 -1.7 26.0992
      vertex -11.0209 -1.7 28.821
      vertex -11.2051 -1.7 28.7473
    endloop
  endfacet
  facet normal 0 -1 0
    outer loop
      vertex -12.9984 -1.7 26.0992
      vertex -11.2051 -1.7 28.7473
      vertex -11.384 -1.7 28.6617
    endloop
  endfacet
  facet normal 0 -1 0
    outer loop
      vertex -12.9984 -1.7 26.0992
      vertex -11.384 -1.7 28.6617
      vertex -11.5569 -1.7 28.5644
    endloop
  endfacet
  facet normal 0 -1 0
    outer loop
      vertex -12.9984 -1.7 26.0992
      vertex -11.5569 -1.7 28.5644
      vertex -11.723 -1.7 28.4559
    endloop
  endfacet
  facet normal 0 -1 0
    outer loop
      vertex -12.9984 -1.7 26.0992
      vertex -11.723 -1.7 28.4559
      vertex -11.8815 -1.7 28.3366
    endloop
  endfacet
  facet normal 0 -1 0
    outer loop
      vertex -12.9984 -1.7 26.0992
      vertex -11.8815 -1.7 28.3366
      vertex -12.0318 -1.7 28.2072
    endloop
  endfacet
  facet normal 0 -1 0
    outer loop
      vertex -12.9984 -1.7 26.0992
      vertex -12.0318 -1.7 28.2072
      vertex -12.1733 -1.7 28.0681
    endloop
  endfacet
  facet normal 0 -1 0
    outer loop
      vertex -12.9984 -1.7 26.0992
      vertex -12.1733 -1.7 28.0681
      vertex -12.3052 -1.7 27.9199
    endloop
  endfacet
  facet normal 0 -1 0
    outer loop
      vertex -12.9984 -1.7 26.0992
      vertex -12.3052 -1.7 27.9199
      vertex -12.4271 -1.7 27.7634
    endloop
  endfacet
  facet normal 0 -1 0
    outer loop
      vertex -12.9984 -1.7 26.0992
      vertex -12.4271 -1.7 27.7634
      vertex -12.5383 -1.7 27.5991
    endloop
  endfacet
  facet normal 0 -1 0
    outer loop
      vertex -12.9984 -1.7 26.0992
      vertex -12.5383 -1.7 27.5991
      vertex -12.6384 -1.7 27.4278
    endloop
  endfacet
  facet normal 0 -1 0
    outer loop
      vertex -12.9984 -1.7 26.0992
      vertex -12.6384 -1.7 27.4278
      vertex -12.727 -1.7 27.2503
    endloop
  endfacet
  facet normal 0 -1 0
    outer loop
      vertex -12.9984 -1.7 26.0992
      vertex -12.727 -1.7 27.2503
      vertex -12.8037 -1.7 27.0674
    endloop
  endfacet
  facet normal 0 -1 0
    outer loop
      vertex -12.9984 -1.7 26.0992
      vertex -12.8037 -1.7 27.0674
      vertex -12.8681 -1.7 26.8797
    endloop
  endfacet
  facet normal 0 -1 0
    outer loop
      vertex -12.9984 -1.7 26.0992
      vertex -12.8681 -1.7 26.8797
      vertex -12.92 -1.7 26.6883
    endloop
  endfacet
  facet normal 0 -1 0
    outer loop
      vertex -12.9984 -1.7 26.0992
      vertex -12.92 -1.7 26.6883
      vertex -12.9591 -1.7 26.4938
    endloop
  endfacet
  facet normal 0 -1 0
    outer loop
      vertex -12.9984 -1.7 26.0992
      vertex -12.9591 -1.7 26.4938
      vertex -12.9852 -1.7 26.2971
    endloop
  endfacet
  facet normal 0 -1 -0
    outer loop
      vertex -10.0496 -1.7 28.9996
      vertex -12.9984 -1.7 26.0992
      vertex -10.0496 -1.7 5.00041
    endloop
  endfacet
  facet normal 0 -1 0
    outer loop
      vertex -10.0496 -1.7 5.00041
      vertex -12.9984 -1.7 26.0992
      vertex -12.9984 -1.7 7.90081
    endloop
  endfacet
  facet normal 0 -1 0
    outer loop
      vertex -10.0496 -1.7 5.00041
      vertex -12.9984 -1.7 7.90081
      vertex -12.9852 -1.7 7.70286
    endloop
  endfacet
  facet normal 0 -1 0
    outer loop
      vertex -10.0496 -1.7 5.00041
      vertex -12.9852 -1.7 7.70286
      vertex -12.9591 -1.7 7.50622
    endloop
  endfacet
  facet normal 0 -1 0
    outer loop
      vertex -10.0496 -1.7 5.00041
      vertex -12.9591 -1.7 7.50622
      vertex -12.92 -1.7 7.31173
    endloop
  endfacet
  facet normal 0 -1 0
    outer loop
      vertex -10.0496 -1.7 5.00041
      vertex -12.92 -1.7 7.31173
      vertex -12.8681 -1.7 7.12025
    endloop
  endfacet
  facet normal 0 -1 0
    outer loop
      vertex -10.0496 -1.7 5.00041
      vertex -12.8681 -1.7 7.12025
      vertex -12.8037 -1.7 6.93262
    endloop
  endfacet
  facet normal 0 -1 0
    outer loop
      vertex -10.0496 -1.7 5.00041
      vertex -12.8037 -1.7 6.93262
      vertex -12.727 -1.7 6.74965
    endloop
  endfacet
  facet normal 0 -1 0
    outer loop
      vertex -10.0496 -1.7 5.00041
      vertex -12.727 -1.7 6.74965
      vertex -12.6384 -1.7 6.57216
    endloop
  endfacet
  facet normal 0 -1 0
    outer loop
      vertex -10.0496 -1.7 5.00041
      vertex -12.6384 -1.7 6.57216
      vertex -12.5383 -1.7 6.4009
    endloop
  endfacet
  facet normal 0 -1 0
    outer loop
      vertex -10.0496 -1.7 5.00041
      vertex -12.5383 -1.7 6.4009
      vertex -12.4271 -1.7 6.23664
    endloop
  endfacet
  facet normal 0 -1 0
    outer loop
      vertex -10.0496 -1.7 5.00041
      vertex -12.4271 -1.7 6.23664
      vertex -12.3052 -1.7 6.08009
    endloop
  endfacet
  facet normal 0 -1 0
    outer loop
      vertex -10.0496 -1.7 5.00041
      vertex -12.3052 -1.7 6.08009
      vertex -12.1733 -1.7 5.93194
    endloop
  endfacet
  facet normal 0 -1 0
    outer loop
      vertex -10.0496 -1.7 5.00041
      vertex -12.1733 -1.7 5.93194
      vertex -12.0318 -1.7 5.79283
    endloop
  endfacet
  facet normal 0 -1 0
    outer loop
      vertex -10.0496 -1.7 5.00041
      vertex -12.0318 -1.7 5.79283
      vertex -11.8815 -1.7 5.66337
    endloop
  endfacet
  facet normal 0 -1 0
    outer loop
      vertex -10.0496 -1.7 5.00041
      vertex -11.8815 -1.7 5.66337
      vertex -11.723 -1.7 5.54412
    endloop
  endfacet
  facet normal 0 -1 0
    outer loop
      vertex -10.0496 -1.7 5.00041
      vertex -11.723 -1.7 5.54412
      vertex -11.5569 -1.7 5.43562
    endloop
  endfacet
  facet normal 0 -1 0
    outer loop
      vertex -10.0496 -1.7 5.00041
      vertex -11.5569 -1.7 5.43562
      vertex -11.384 -1.7 5.33833
    endloop
  endfacet
  facet normal 0 -1 0
    outer loop
      vertex -10.0496 -1.7 5.00041
      vertex -11.384 -1.7 5.33833
      vertex -11.2051 -1.7 5.25268
    endloop
  endfacet
  facet normal 0 -1 0
    outer loop
      vertex -10.0496 -1.7 5.00041
      vertex -11.2051 -1.7 5.25268
      vertex -11.0209 -1.7 5.17904
    endloop
  endfacet
  facet normal 0 -1 0
    outer loop
      vertex -10.0496 -1.7 5.00041
      vertex -11.0209 -1.7 5.17904
      vertex -10.8322 -1.7 5.11774
    endloop
  endfacet
  facet normal 0 -1 0
    outer loop
      vertex -10.0496 -1.7 5.00041
      vertex -10.8322 -1.7 5.11774
      vertex -10.6399 -1.7 5.06904
    endloop
  endfacet
  facet normal 0 -1 0
    outer loop
      vertex -10.0496 -1.7 5.00041
      vertex -10.6399 -1.7 5.06904
      vertex -10.4448 -1.7 5.03316
    endloop
  endfacet
  facet normal 0 -1 0
    outer loop
      vertex -10.0496 -1.7 5.00041
      vertex -10.4448 -1.7 5.03316
      vertex -10.2477 -1.7 5.01025
    endloop
  endfacet
  facet normal 0 -1 0
    outer loop
      vertex -10.0496 -1.7 28.9996
      vertex -10.0496 -1.7 5.00041
      vertex 12.5958 -1.7 29
    endloop
  endfacet
  facet normal 0 -1 -0
    outer loop
      vertex 12.5958 -1.7 29
      vertex -10.0496 -1.7 5.00041
      vertex 12.5958 -1.7 5.00001
    endloop
  endfacet
  facet normal 0.922247 -0 0.386601
    outer loop
      vertex -12.8037 -3.09999 6.93262
      vertex -12.727 -1.7 6.74965
      vertex -12.8037 -1.7 6.93262
    endloop
  endfacet
  facet normal 0.922247 0 0.386601
    outer loop
      vertex -12.727 -1.7 6.74965
      vertex -12.8037 -3.09999 6.93262
      vertex -12.727 -3.09999 6.74965
    endloop
  endfacet
  facet normal 0.2455 0 0.969397
    outer loop
      vertex -10.8322 -1.7 5.11774
      vertex -10.6399 -3.09999 5.06904
      vertex -10.6399 -1.7 5.06904
    endloop
  endfacet
  facet normal 0.2455 0 0.969397
    outer loop
      vertex -10.6399 -3.09999 5.06904
      vertex -10.8322 -1.7 5.11774
      vertex -10.8322 -3.09999 5.11774
    endloop
  endfacet
  facet normal 0.49039 0 0.871503
    outer loop
      vertex -11.5569 -1.7 5.43562
      vertex -11.384 -3.09999 5.33833
      vertex -11.384 -1.7 5.33833
    endloop
  endfacet
  facet normal 0.49039 0 0.871503
    outer loop
      vertex -11.384 -3.09999 5.33833
      vertex -11.5569 -1.7 5.43562
      vertex -11.5569 -3.09999 5.43562
    endloop
  endfacet
  facet normal 0.652451 0 -0.757831
    outer loop
      vertex -12.0318 -3.09999 28.2072
      vertex -11.8815 -1.7 28.3366
      vertex -11.8815 -3.09999 28.3366
    endloop
  endfacet
  facet normal 0.652451 0 -0.757831
    outer loop
      vertex -11.8815 -1.7 28.3366
      vertex -12.0318 -3.09999 28.2072
      vertex -12.0318 -1.7 28.2072
    endloop
  endfacet
  facet normal 0.701033 0 -0.713129
    outer loop
      vertex -12.1733 -3.09999 28.0681
      vertex -12.0318 -1.7 28.2072
      vertex -12.0318 -3.09999 28.2072
    endloop
  endfacet
  facet normal 0.701033 0 -0.713129
    outer loop
      vertex -12.0318 -1.7 28.2072
      vertex -12.1733 -3.09999 28.0681
      vertex -12.1733 -1.7 28.0681
    endloop
  endfacet
  facet normal 0.894719 -0 0.446629
    outer loop
      vertex -12.727 -3.09999 6.74965
      vertex -12.6384 -1.7 6.57216
      vertex -12.727 -1.7 6.74965
    endloop
  endfacet
  facet normal 0.894719 0 0.446629
    outer loop
      vertex -12.6384 -1.7 6.57216
      vertex -12.727 -3.09999 6.74965
      vertex -12.6384 -3.09999 6.57216
    endloop
  endfacet
  facet normal -0.866019 0.500011 0
    outer loop
      vertex 12.99 -2.41731 5
      vertex 13 -2.39999 29
      vertex 13 -2.39999 5
    endloop
  endfacet
  facet normal -0.866019 0.500011 0
    outer loop
      vertex 12.99 -2.41731 5
      vertex 12.99 -2.41731 29
      vertex 13 -2.39999 29
    endloop
  endfacet
  facet normal -0.865995 0.500052 0
    outer loop
      vertex 12.5958 -3.09999 5.00001
      vertex 12.99 -2.41731 29
      vertex 12.99 -2.41731 5
    endloop
  endfacet
  facet normal -0.865995 0.500052 0
    outer loop
      vertex 12.99 -2.41731 29
      vertex 12.5958 -3.09999 5.00001
      vertex 12.5958 -3.09999 29
    endloop
  endfacet
  facet normal 0 1 0
    outer loop
      vertex -10.0496 -3.09999 5.00041
      vertex -10.0496 -3.09999 28.9996
      vertex 12.5958 -3.09999 29
    endloop
  endfacet
  facet normal -0 1 0
    outer loop
      vertex -12.9984 -3.09999 26.0992
      vertex -10.0496 -3.09999 28.9996
      vertex -10.0496 -3.09999 5.00041
    endloop
  endfacet
  facet normal 0 1 0
    outer loop
      vertex -10.0496 -3.09999 28.9996
      vertex -12.9984 -3.09999 26.0992
      vertex -10.2477 -3.09999 28.9898
    endloop
  endfacet
  facet normal 0 1 0
    outer loop
      vertex -10.2477 -3.09999 28.9898
      vertex -12.9984 -3.09999 26.0992
      vertex -10.4448 -3.09999 28.9668
    endloop
  endfacet
  facet normal 0 1 0
    outer loop
      vertex -10.6399 -3.09999 28.931
      vertex -12.9984 -3.09999 26.0992
      vertex -10.8322 -3.09999 28.8823
    endloop
  endfacet
  facet normal 0 1 0
    outer loop
      vertex -10.8322 -3.09999 28.8823
      vertex -12.9984 -3.09999 26.0992
      vertex -11.0209 -3.09999 28.821
    endloop
  endfacet
  facet normal 0 1 0
    outer loop
      vertex -11.0209 -3.09999 28.821
      vertex -12.9984 -3.09999 26.0992
      vertex -11.2051 -3.09999 28.7473
    endloop
  endfacet
  facet normal 0 1 0
    outer loop
      vertex -11.2051 -3.09999 28.7473
      vertex -12.9984 -3.09999 26.0992
      vertex -11.384 -3.09999 28.6617
    endloop
  endfacet
  facet normal 0 1 0
    outer loop
      vertex -11.384 -3.09999 28.6617
      vertex -12.9984 -3.09999 26.0992
      vertex -11.5569 -3.09999 28.5644
    endloop
  endfacet
  facet normal 0 1 0
    outer loop
      vertex -11.5569 -3.09999 28.5644
      vertex -12.9984 -3.09999 26.0992
      vertex -11.723 -3.09999 28.4559
    endloop
  endfacet
  facet normal 0 1 0
    outer loop
      vertex -11.723 -3.09999 28.4559
      vertex -12.9984 -3.09999 26.0992
      vertex -11.8815 -3.09999 28.3366
    endloop
  endfacet
  facet normal 0 1 0
    outer loop
      vertex -11.8815 -3.09999 28.3366
      vertex -12.9984 -3.09999 26.0992
      vertex -12.0318 -3.09999 28.2072
    endloop
  endfacet
  facet normal 0 1 0
    outer loop
      vertex -12.0318 -3.09999 28.2072
      vertex -12.9984 -3.09999 26.0992
      vertex -12.1733 -3.09999 28.0681
    endloop
  endfacet
  facet normal 0 1 0
    outer loop
      vertex -12.1733 -3.09999 28.0681
      vertex -12.9984 -3.09999 26.0992
      vertex -12.3052 -3.09999 27.9199
    endloop
  endfacet
  facet normal 0 1 0
    outer loop
      vertex -12.3052 -3.09999 27.9199
      vertex -12.9984 -3.09999 26.0992
      vertex -12.4271 -3.09999 27.7634
    endloop
  endfacet
  facet normal 0 1 0
    outer loop
      vertex -12.4271 -3.09999 27.7634
      vertex -12.9984 -3.09999 26.0992
      vertex -12.5383 -3.09999 27.5991
    endloop
  endfacet
  facet normal 0 1 0
    outer loop
      vertex -12.5383 -3.09999 27.5991
      vertex -12.9984 -3.09999 26.0992
      vertex -12.6384 -3.09999 27.4278
    endloop
  endfacet
  facet normal 0 1 0
    outer loop
      vertex -12.6384 -3.09999 27.4278
      vertex -12.9984 -3.09999 26.0992
      vertex -12.727 -3.09999 27.2503
    endloop
  endfacet
  facet normal 0 1 0
    outer loop
      vertex -12.727 -3.09999 27.2503
      vertex -12.9984 -3.09999 26.0992
      vertex -12.8037 -3.09999 27.0674
    endloop
  endfacet
  facet normal 0 1 0
    outer loop
      vertex -12.8037 -3.09999 27.0674
      vertex -12.9984 -3.09999 26.0992
      vertex -12.8681 -3.09999 26.8797
    endloop
  endfacet
  facet normal 0 1 0
    outer loop
      vertex -12.8681 -3.09999 26.8797
      vertex -12.9984 -3.09999 26.0992
      vertex -12.92 -3.09999 26.6883
    endloop
  endfacet
  facet normal 0 1 0
    outer loop
      vertex -12.92 -3.09999 26.6883
      vertex -12.9984 -3.09999 26.0992
      vertex -12.9591 -3.09999 26.4938
    endloop
  endfacet
  facet normal 0 1 0
    outer loop
      vertex -12.9591 -3.09999 26.4938
      vertex -12.9984 -3.09999 26.0992
      vertex -12.9852 -3.09999 26.2971
    endloop
  endfacet
  facet normal 0 1 0
    outer loop
      vertex -10.4448 -3.09999 28.9668
      vertex -12.9984 -3.09999 26.0992
      vertex -10.6399 -3.09999 28.931
    endloop
  endfacet
  facet normal 0 1 0
    outer loop
      vertex -12.9984 -3.09999 26.0992
      vertex -10.0496 -3.09999 5.00041
      vertex -12.9984 -3.09999 7.90081
    endloop
  endfacet
  facet normal 0 1 0
    outer loop
      vertex -12.9984 -3.09999 7.90081
      vertex -10.0496 -3.09999 5.00041
      vertex -12.9852 -3.09999 7.70286
    endloop
  endfacet
  facet normal 0 1 0
    outer loop
      vertex -12.9852 -3.09999 7.70286
      vertex -10.0496 -3.09999 5.00041
      vertex -12.9591 -3.09999 7.50622
    endloop
  endfacet
  facet normal 0 1 0
    outer loop
      vertex -12.9591 -3.09999 7.50622
      vertex -10.0496 -3.09999 5.00041
      vertex -12.92 -3.09999 7.31173
    endloop
  endfacet
  facet normal 0 1 0
    outer loop
      vertex -12.92 -3.09999 7.31173
      vertex -10.0496 -3.09999 5.00041
      vertex -12.8681 -3.09999 7.12025
    endloop
  endfacet
  facet normal 0 1 0
    outer loop
      vertex -12.8681 -3.09999 7.12025
      vertex -10.0496 -3.09999 5.00041
      vertex -12.8037 -3.09999 6.93262
    endloop
  endfacet
  facet normal 0 1 0
    outer loop
      vertex -12.8037 -3.09999 6.93262
      vertex -10.0496 -3.09999 5.00041
      vertex -12.727 -3.09999 6.74965
    endloop
  endfacet
  facet normal 0 1 0
    outer loop
      vertex -12.727 -3.09999 6.74965
      vertex -10.0496 -3.09999 5.00041
      vertex -12.6384 -3.09999 6.57216
    endloop
  endfacet
  facet normal 0 1 0
    outer loop
      vertex -12.6384 -3.09999 6.57216
      vertex -10.0496 -3.09999 5.00041
      vertex -12.5383 -3.09999 6.4009
    endloop
  endfacet
  facet normal 0 1 0
    outer loop
      vertex -12.5383 -3.09999 6.4009
      vertex -10.0496 -3.09999 5.00041
      vertex -12.4271 -3.09999 6.23664
    endloop
  endfacet
  facet normal 0 1 0
    outer loop
      vertex -12.4271 -3.09999 6.23664
      vertex -10.0496 -3.09999 5.00041
      vertex -12.3052 -3.09999 6.08009
    endloop
  endfacet
  facet normal 0 1 0
    outer loop
      vertex -12.3052 -3.09999 6.08009
      vertex -10.0496 -3.09999 5.00041
      vertex -12.1733 -3.09999 5.93194
    endloop
  endfacet
  facet normal 0 1 0
    outer loop
      vertex -12.1733 -3.09999 5.93194
      vertex -10.0496 -3.09999 5.00041
      vertex -12.0318 -3.09999 5.79283
    endloop
  endfacet
  facet normal 0 1 0
    outer loop
      vertex -12.0318 -3.09999 5.79283
      vertex -10.0496 -3.09999 5.00041
      vertex -11.8815 -3.09999 5.66337
    endloop
  endfacet
  facet normal 0 1 0
    outer loop
      vertex -11.8815 -3.09999 5.66337
      vertex -10.0496 -3.09999 5.00041
      vertex -11.723 -3.09999 5.54412
    endloop
  endfacet
  facet normal 0 1 0
    outer loop
      vertex -11.723 -3.09999 5.54412
      vertex -10.0496 -3.09999 5.00041
      vertex -11.5569 -3.09999 5.43562
    endloop
  endfacet
  facet normal 0 1 0
    outer loop
      vertex -11.5569 -3.09999 5.43562
      vertex -10.0496 -3.09999 5.00041
      vertex -11.384 -3.09999 5.33833
    endloop
  endfacet
  facet normal 0 1 0
    outer loop
      vertex -11.384 -3.09999 5.33833
      vertex -10.0496 -3.09999 5.00041
      vertex -11.2051 -3.09999 5.25268
    endloop
  endfacet
  facet normal 0 1 0
    outer loop
      vertex -11.2051 -3.09999 5.25268
      vertex -10.0496 -3.09999 5.00041
      vertex -11.0209 -3.09999 5.17904
    endloop
  endfacet
  facet normal 0 1 0
    outer loop
      vertex -11.0209 -3.09999 5.17904
      vertex -10.0496 -3.09999 5.00041
      vertex -10.8322 -3.09999 5.11774
    endloop
  endfacet
  facet normal 0 1 0
    outer loop
      vertex -10.8322 -3.09999 5.11774
      vertex -10.0496 -3.09999 5.00041
      vertex -10.6399 -3.09999 5.06904
    endloop
  endfacet
  facet normal 0 1 0
    outer loop
      vertex -10.6399 -3.09999 5.06904
      vertex -10.0496 -3.09999 5.00041
      vertex -10.4448 -3.09999 5.03316
    endloop
  endfacet
  facet normal 0 1 0
    outer loop
      vertex -10.4448 -3.09999 5.03316
      vertex -10.0496 -3.09999 5.00041
      vertex -10.2477 -3.09999 5.01025
    endloop
  endfacet
  facet normal -0 1 0
    outer loop
      vertex -10.0496 -3.09999 5.00041
      vertex 12.5958 -3.09999 29
      vertex 12.5958 -3.09999 5.00001
    endloop
  endfacet
  facet normal -0.865992 -0.500057 0
    outer loop
      vertex 12.99 -2.38267 5
      vertex 12.5958 -1.7 29
      vertex 12.5958 -1.7 5.00001
    endloop
  endfacet
  facet normal -0.865992 -0.500057 0
    outer loop
      vertex 12.99 -2.38267 5
      vertex 12.99 -2.38267 29
      vertex 12.5958 -1.7 29
    endloop
  endfacet
  facet normal -0.866019 -0.500011 0
    outer loop
      vertex 13 -2.39999 5
      vertex 12.99 -2.38267 29
      vertex 12.99 -2.38267 5
    endloop
  endfacet
  facet normal -0.866019 -0.500011 0
    outer loop
      vertex 12.99 -2.38267 29
      vertex 13 -2.39999 5
      vertex 13 -2.39999 29
    endloop
  endfacet
  facet normal 0.459297 0 -0.888283
    outer loop
      vertex -1.2366 2.5 -4.82498
      vertex -1.05989 3.79999 -4.73361
      vertex -1.05989 2.5 -4.73361
    endloop
  endfacet
  facet normal 0.459297 0 -0.888283
    outer loop
      vertex -1.05989 3.79999 -4.73361
      vertex -1.2366 2.5 -4.82498
      vertex -1.2366 3.79999 -4.82498
    endloop
  endfacet
  facet normal 0.99506 -0 0.0992797
    outer loop
      vertex -2.49753 2.5 -7.14916
      vertex -2.47778 3.79999 -7.34711
      vertex -2.49753 3.79999 -7.14916
    endloop
  endfacet
  facet normal 0.99506 0 0.0992797
    outer loop
      vertex -2.47778 3.79999 -7.34711
      vertex -2.49753 2.5 -7.14916
      vertex -2.47778 2.5 -7.34711
    endloop
  endfacet
  facet normal 0 0 -1
    outer loop
      vertex -0.0994692 2.5 -4.5
      vertex 0.0994692 3.79999 -4.5
      vertex 0.0994692 2.5 -4.5
    endloop
  endfacet
  facet normal -0 0 -1
    outer loop
      vertex 0.0994692 3.79999 -4.5
      vertex -0.0994692 2.5 -4.5
      vertex -0.0994692 3.79999 -4.5
    endloop
  endfacet
  facet normal -0.15839 0 -0.987377
    outer loop
      vertex 0.29778 2.5 -4.51581
      vertex 0.494208 3.79999 -4.54732
      vertex 0.494208 2.5 -4.54732
    endloop
  endfacet
  facet normal -0.15839 0 -0.987377
    outer loop
      vertex 0.494208 3.79999 -4.54732
      vertex 0.29778 2.5 -4.51581
      vertex 0.29778 3.79999 -4.51581
    endloop
  endfacet
  facet normal -0.387291 0 -0.921958
    outer loop
      vertex 0.87647 2.5 -4.65656
      vertex 1.05989 3.79999 -4.73361
      vertex 1.05989 2.5 -4.73361
    endloop
  endfacet
  facet normal -0.387291 0 -0.921958
    outer loop
      vertex 1.05989 3.79999 -4.73361
      vertex 0.87647 2.5 -4.65656
      vertex 0.87647 3.79999 -4.65656
    endloop
  endfacet
  facet normal -0.767463 0 -0.641094
    outer loop
      vertex 1.98243 2.5 -5.47361
      vertex 1.85489 3.79999 -5.32093
      vertex 1.98243 3.79999 -5.47361
    endloop
  endfacet
  facet normal -0.767463 -0 -0.641094
    outer loop
      vertex 1.85489 3.79999 -5.32093
      vertex 1.98243 2.5 -5.47361
      vertex 1.85489 2.5 -5.32093
    endloop
  endfacet
  facet normal 0.955846 0 -0.293867
    outer loop
      vertex -2.3604 2.5 -6.1703
      vertex -2.41886 3.79999 -6.36045
      vertex -2.3604 3.79999 -6.1703
    endloop
  endfacet
  facet normal 0.955846 0 -0.293867
    outer loop
      vertex -2.41886 3.79999 -6.36045
      vertex -2.3604 2.5 -6.1703
      vertex -2.41886 2.5 -6.36045
    endloop
  endfacet
  facet normal 0.998221 0 -0.0596148
    outer loop
      vertex -2.48962 2.5 -6.75167
      vertex -2.50148 3.79999 -6.95026
      vertex -2.48962 3.79999 -6.75167
    endloop
  endfacet
  facet normal 0.998221 0 -0.0596148
    outer loop
      vertex -2.50148 3.79999 -6.95026
      vertex -2.48962 2.5 -6.75167
      vertex -2.50148 2.5 -6.95026
    endloop
  endfacet
  facet normal 0.897234 0 -0.441555
    outer loop
      vertex -2.19918 2.5 -5.80689
      vertex -2.28702 3.79999 -5.98538
      vertex -2.19918 3.79999 -5.80689
    endloop
  endfacet
  facet normal 0.897234 0 -0.441555
    outer loop
      vertex -2.28702 3.79999 -5.98538
      vertex -2.19918 2.5 -5.80689
      vertex -2.28702 2.5 -5.98538
    endloop
  endfacet
  facet normal 0.119031 0 0.992891
    outer loop
      vertex -0.396308 3.79999 -9.47039
      vertex -0.198782 2.5 -9.49407
      vertex -0.198782 3.79999 -9.49407
    endloop
  endfacet
  facet normal 0.119031 0 0.992891
    outer loop
      vertex -0.198782 2.5 -9.49407
      vertex -0.396308 3.79999 -9.47039
      vertex -0.396308 2.5 -9.47039
    endloop
  endfacet
  facet normal -0.865712 0 -0.500543
    outer loop
      vertex 2.88902 2.5 -7
      vertex 2.19918 3.79999 -5.80689
      vertex 2.88902 3.79999 -7
    endloop
  endfacet
  facet normal -0.865712 -0 -0.500543
    outer loop
      vertex 2.19918 3.79999 -5.80689
      vertex 2.88902 2.5 -7
      vertex 2.19918 2.5 -5.80689
    endloop
  endfacet
  facet normal -0.68568 0 0.727903
    outer loop
      vertex 1.64186 3.79999 -8.8879
      vertex 1.78667 2.5 -8.75149
      vertex 1.78667 3.79999 -8.75149
    endloop
  endfacet
  facet normal -0.68568 0 0.727903
    outer loop
      vertex 1.78667 2.5 -8.75149
      vertex 1.64186 3.79999 -8.8879
      vertex 1.64186 2.5 -8.8879
    endloop
  endfacet
  facet normal -0.859319 0 -0.51144
    outer loop
      vertex 2.19918 2.5 -5.80689
      vertex 2.09743 3.79999 -5.63593
      vertex 2.19918 3.79999 -5.80689
    endloop
  endfacet
  facet normal -0.859319 -0 -0.51144
    outer loop
      vertex 2.09743 3.79999 -5.63593
      vertex 2.19918 2.5 -5.80689
      vertex 2.09743 2.5 -5.63593
    endloop
  endfacet
  facet normal -0.197498 0 0.980303
    outer loop
      vertex 0.396308 3.79999 -9.47039
      vertex 0.591328 2.5 -9.4311
      vertex 0.591328 3.79999 -9.4311
    endloop
  endfacet
  facet normal -0.197498 0 0.980303
    outer loop
      vertex 0.591328 2.5 -9.4311
      vertex 0.396308 3.79999 -9.47039
      vertex 0.396308 2.5 -9.47039
    endloop
  endfacet
  facet normal -0.792342 0 0.610078
    outer loop
      vertex 1.92017 2.5 -8.604
      vertex 2.04154 3.79999 -8.44637
      vertex 1.92017 3.79999 -8.604
    endloop
  endfacet
  facet normal -0.792342 0 0.610078
    outer loop
      vertex 2.04154 3.79999 -8.44637
      vertex 1.92017 2.5 -8.604
      vertex 2.04154 2.5 -8.44637
    endloop
  endfacet
  facet normal 0.387291 0 -0.921958
    outer loop
      vertex -1.05989 2.5 -4.73361
      vertex -0.87647 3.79999 -4.65656
      vertex -0.87647 2.5 -4.65656
    endloop
  endfacet
  facet normal 0.387291 0 -0.921958
    outer loop
      vertex -0.87647 3.79999 -4.65656
      vertex -1.05989 2.5 -4.73361
      vertex -1.05989 3.79999 -4.73361
    endloop
  endfacet
  facet normal -0.714109 0 -0.700035
    outer loop
      vertex 1.85489 2.5 -5.32093
      vertex 1.71562 3.79999 -5.17886
      vertex 1.85489 3.79999 -5.32093
    endloop
  endfacet
  facet normal -0.714109 -0 -0.700035
    outer loop
      vertex 1.71562 3.79999 -5.17886
      vertex 1.85489 2.5 -5.32093
      vertex 1.71562 2.5 -5.17886
    endloop
  endfacet
  facet normal 0.815969 0 -0.578095
    outer loop
      vertex -1.98243 2.5 -5.47361
      vertex -2.09743 3.79999 -5.63593
      vertex -1.98243 3.79999 -5.47361
    endloop
  endfacet
  facet normal 0.815969 0 -0.578095
    outer loop
      vertex -2.09743 3.79999 -5.63593
      vertex -1.98243 2.5 -5.47361
      vertex -2.09743 2.5 -5.63593
    endloop
  endfacet
  facet normal -0.838307 0 0.545199
    outer loop
      vertex 2.04154 2.5 -8.44637
      vertex 2.15 3.79999 -8.2796
      vertex 2.04154 3.79999 -8.44637
    endloop
  endfacet
  facet normal -0.838307 0 0.545199
    outer loop
      vertex 2.15 3.79999 -8.2796
      vertex 2.04154 2.5 -8.44637
      vertex 2.15 2.5 -8.2796
    endloop
  endfacet
  facet normal -0.423644 0 0.905829
    outer loop
      vertex 0.968944 3.79999 -9.30674
      vertex 1.14915 2.5 -9.22246
      vertex 1.14915 3.79999 -9.22246
    endloop
  endfacet
  facet normal -0.423644 0 0.905829
    outer loop
      vertex 1.14915 2.5 -9.22246
      vertex 0.968944 3.79999 -9.30674
      vertex 0.968944 2.5 -9.30674
    endloop
  endfacet
  facet normal 0.31276 0 -0.949832
    outer loop
      vertex -0.87647 2.5 -4.65656
      vertex -0.687512 3.79999 -4.59434
      vertex -0.687512 2.5 -4.59434
    endloop
  endfacet
  facet normal 0.31276 0 -0.949832
    outer loop
      vertex -0.687512 3.79999 -4.59434
      vertex -0.87647 2.5 -4.65656
      vertex -0.87647 3.79999 -4.65656
    endloop
  endfacet
  facet normal 0.350307 0 0.936635
    outer loop
      vertex -0.968944 3.79999 -9.30674
      vertex -0.78261 2.5 -9.37643
      vertex -0.78261 3.79999 -9.37643
    endloop
  endfacet
  facet normal 0.350307 0 0.936635
    outer loop
      vertex -0.78261 2.5 -9.37643
      vertex -0.968944 3.79999 -9.30674
      vertex -0.968944 2.5 -9.30674
    endloop
  endfacet
  facet normal -0.528399 0 -0.848996
    outer loop
      vertex 1.2366 2.5 -4.82498
      vertex 1.4055 3.79999 -4.9301
      vertex 1.4055 2.5 -4.9301
    endloop
  endfacet
  facet normal -0.528399 0 -0.848996
    outer loop
      vertex 1.4055 3.79999 -4.9301
      vertex 1.2366 2.5 -4.82498
      vertex 1.2366 3.79999 -4.82498
    endloop
  endfacet
  facet normal 0.68568 0 0.727903
    outer loop
      vertex -1.78667 3.79999 -8.75149
      vertex -1.64186 2.5 -8.8879
      vertex -1.64186 3.79999 -8.8879
    endloop
  endfacet
  facet normal 0.68568 0 0.727903
    outer loop
      vertex -1.64186 2.5 -8.8879
      vertex -1.78667 3.79999 -8.75149
      vertex -1.78667 2.5 -8.75149
    endloop
  endfacet
  facet normal -0.815969 0 -0.578095
    outer loop
      vertex 2.09743 2.5 -5.63593
      vertex 1.98243 3.79999 -5.47361
      vertex 2.09743 3.79999 -5.63593
    endloop
  endfacet
  facet normal -0.815969 -0 -0.578095
    outer loop
      vertex 1.98243 3.79999 -5.47361
      vertex 2.09743 2.5 -5.63593
      vertex 1.98243 2.5 -5.47361
    endloop
  endfacet
  facet normal 0.976182 0 -0.216952
    outer loop
      vertex -2.41886 2.5 -6.36045
      vertex -2.46202 3.79999 -6.55465
      vertex -2.41886 3.79999 -6.36045
    endloop
  endfacet
  facet normal 0.976182 0 -0.216952
    outer loop
      vertex -2.46202 3.79999 -6.55465
      vertex -2.41886 2.5 -6.36045
      vertex -2.46202 2.5 -6.55465
    endloop
  endfacet
  facet normal -0.0794712 0 -0.996837
    outer loop
      vertex 0.0994692 2.5 -4.5
      vertex 0.29778 3.79999 -4.51581
      vertex 0.29778 2.5 -4.51581
    endloop
  endfacet
  facet normal -0.0794712 0 -0.996837
    outer loop
      vertex 0.29778 3.79999 -4.51581
      vertex 0.0994692 2.5 -4.5
      vertex 0.0994692 3.79999 -4.5
    endloop
  endfacet
  facet normal -0.0397609 0 0.999209
    outer loop
      vertex 0 3.79999 -9.50198
      vertex 0.198782 2.5 -9.49407
      vertex 0.198782 3.79999 -9.49407
    endloop
  endfacet
  facet normal -0.0397609 0 0.999209
    outer loop
      vertex 0.198782 2.5 -9.49407
      vertex 0 3.79999 -9.50198
      vertex 0 2.5 -9.50198
    endloop
  endfacet
  facet normal -0.119031 0 0.992891
    outer loop
      vertex 0.198782 3.79999 -9.49407
      vertex 0.396308 2.5 -9.47039
      vertex 0.396308 3.79999 -9.47039
    endloop
  endfacet
  facet normal -0.119031 0 0.992891
    outer loop
      vertex 0.396308 2.5 -9.47039
      vertex 0.198782 3.79999 -9.49407
      vertex 0.198782 2.5 -9.49407
    endloop
  endfacet
  facet normal 0.929492 0 -0.368841
    outer loop
      vertex -2.28702 2.5 -5.98538
      vertex -2.3604 3.79999 -6.1703
      vertex -2.28702 3.79999 -5.98538
    endloop
  endfacet
  facet normal 0.929492 0 -0.368841
    outer loop
      vertex -2.3604 3.79999 -6.1703
      vertex -2.28702 2.5 -5.98538
      vertex -2.3604 2.5 -6.1703
    endloop
  endfacet
  facet normal -0.656235 0 -0.754557
    outer loop
      vertex 1.56551 2.5 -5.04831
      vertex 1.71562 3.79999 -5.17886
      vertex 1.71562 2.5 -5.17886
    endloop
  endfacet
  facet normal -0.656235 0 -0.754557
    outer loop
      vertex 1.71562 3.79999 -5.17886
      vertex 1.56551 2.5 -5.04831
      vertex 1.56551 3.79999 -5.04831
    endloop
  endfacet
  facet normal -0.459297 0 -0.888283
    outer loop
      vertex 1.05989 2.5 -4.73361
      vertex 1.2366 3.79999 -4.82498
      vertex 1.2366 2.5 -4.82498
    endloop
  endfacet
  facet normal -0.459297 0 -0.888283
    outer loop
      vertex 1.2366 3.79999 -4.82498
      vertex 1.05989 2.5 -4.73361
      vertex 1.05989 3.79999 -4.73361
    endloop
  endfacet
  facet normal 0.0794712 0 -0.996837
    outer loop
      vertex -0.29778 2.5 -4.51581
      vertex -0.0994692 3.79999 -4.5
      vertex -0.0994692 2.5 -4.5
    endloop
  endfacet
  facet normal 0.0794712 0 -0.996837
    outer loop
      vertex -0.0994692 3.79999 -4.5
      vertex -0.29778 2.5 -4.51581
      vertex -0.29778 3.79999 -4.51581
    endloop
  endfacet
  facet normal -0.594202 0 -0.804316
    outer loop
      vertex 1.4055 2.5 -4.9301
      vertex 1.56551 3.79999 -5.04831
      vertex 1.56551 2.5 -5.04831
    endloop
  endfacet
  facet normal -0.594202 0 -0.804316
    outer loop
      vertex 1.56551 3.79999 -5.04831
      vertex 1.4055 2.5 -4.9301
      vertex 1.4055 3.79999 -4.9301
    endloop
  endfacet
  facet normal 0.274805 0 0.9615
    outer loop
      vertex -0.78261 3.79999 -9.37643
      vertex -0.591328 2.5 -9.4311
      vertex -0.591328 3.79999 -9.4311
    endloop
  endfacet
  facet normal 0.274805 0 0.9615
    outer loop
      vertex -0.591328 2.5 -9.4311
      vertex -0.78261 3.79999 -9.37643
      vertex -0.78261 2.5 -9.37643
    endloop
  endfacet
  facet normal -0.236352 0 -0.971667
    outer loop
      vertex 0.494208 2.5 -4.54732
      vertex 0.687512 3.79999 -4.59434
      vertex 0.687512 2.5 -4.59434
    endloop
  endfacet
  facet normal -0.236352 0 -0.971667
    outer loop
      vertex 0.687512 3.79999 -4.59434
      vertex 0.494208 2.5 -4.54732
      vertex 0.494208 3.79999 -4.54732
    endloop
  endfacet
  facet normal 0.741394 -0 0.67107
    outer loop
      vertex -1.92017 2.5 -8.604
      vertex -1.78667 3.79999 -8.75149
      vertex -1.92017 3.79999 -8.604
    endloop
  endfacet
  facet normal 0.741394 0 0.67107
    outer loop
      vertex -1.78667 3.79999 -8.75149
      vertex -1.92017 2.5 -8.604
      vertex -1.78667 2.5 -8.75149
    endloop
  endfacet
  facet normal -0.274805 0 0.9615
    outer loop
      vertex 0.591328 3.79999 -9.4311
      vertex 0.78261 2.5 -9.37643
      vertex 0.78261 3.79999 -9.37643
    endloop
  endfacet
  facet normal -0.274805 0 0.9615
    outer loop
      vertex 0.78261 2.5 -9.37643
      vertex 0.591328 3.79999 -9.4311
      vertex 0.591328 2.5 -9.4311
    endloop
  endfacet
  facet normal 0.197498 0 0.980303
    outer loop
      vertex -0.591328 3.79999 -9.4311
      vertex -0.396308 2.5 -9.47039
      vertex -0.396308 3.79999 -9.47039
    endloop
  endfacet
  facet normal 0.197498 0 0.980303
    outer loop
      vertex -0.396308 2.5 -9.47039
      vertex -0.591328 3.79999 -9.4311
      vertex -0.591328 2.5 -9.4311
    endloop
  endfacet
  facet normal -0.865954 0 0.500123
    outer loop
      vertex 2.15 2.5 -8.2796
      vertex 2.88902 3.79999 -7
      vertex 2.15 3.79999 -8.2796
    endloop
  endfacet
  facet normal -0.865954 0 0.500123
    outer loop
      vertex 2.88902 3.79999 -7
      vertex 2.15 2.5 -8.2796
      vertex 2.88902 2.5 -7
    endloop
  endfacet
  facet normal 0.878967 -0 0.476882
    outer loop
      vertex -2.24487 2.5 -8.10474
      vertex -2.15 3.79999 -8.2796
      vertex -2.24487 3.79999 -8.10474
    endloop
  endfacet
  facet normal 0.878967 0 0.476882
    outer loop
      vertex -2.15 3.79999 -8.2796
      vertex -2.24487 2.5 -8.10474
      vertex -2.15 2.5 -8.2796
    endloop
  endfacet
  facet normal 0.528399 0 -0.848996
    outer loop
      vertex -1.4055 2.5 -4.9301
      vertex -1.2366 3.79999 -4.82498
      vertex -1.2366 2.5 -4.82498
    endloop
  endfacet
  facet normal 0.528399 0 -0.848996
    outer loop
      vertex -1.2366 3.79999 -4.82498
      vertex -1.4055 2.5 -4.9301
      vertex -1.4055 3.79999 -4.9301
    endloop
  endfacet
  facet normal 0.236352 0 -0.971667
    outer loop
      vertex -0.687512 2.5 -4.59434
      vertex -0.494208 3.79999 -4.54732
      vertex -0.494208 2.5 -4.54732
    endloop
  endfacet
  facet normal 0.236352 0 -0.971667
    outer loop
      vertex -0.494208 3.79999 -4.54732
      vertex -0.687512 2.5 -4.59434
      vertex -0.687512 3.79999 -4.59434
    endloop
  endfacet
  facet normal 0.966781 -0 0.255607
    outer loop
      vertex -2.44237 2.5 -7.54288
      vertex -2.39152 3.79999 -7.73521
      vertex -2.44237 3.79999 -7.54288
    endloop
  endfacet
  facet normal 0.966781 0 0.255607
    outer loop
      vertex -2.39152 3.79999 -7.73521
      vertex -2.44237 2.5 -7.54288
      vertex -2.39152 2.5 -7.73521
    endloop
  endfacet
  facet normal 0.984033 -0 0.177987
    outer loop
      vertex -2.47778 2.5 -7.34711
      vertex -2.44237 3.79999 -7.54288
      vertex -2.47778 3.79999 -7.34711
    endloop
  endfacet
  facet normal 0.984033 0 0.177987
    outer loop
      vertex -2.44237 3.79999 -7.54288
      vertex -2.47778 2.5 -7.34711
      vertex -2.44237 2.5 -7.54288
    endloop
  endfacet
  facet normal -0.494232 0 0.86933
    outer loop
      vertex 1.14915 3.79999 -9.22246
      vertex 1.32209 2.5 -9.12414
      vertex 1.32209 3.79999 -9.12414
    endloop
  endfacet
  facet normal -0.494232 0 0.86933
    outer loop
      vertex 1.32209 2.5 -9.12414
      vertex 1.14915 3.79999 -9.22246
      vertex 1.14915 2.5 -9.22246
    endloop
  endfacet
  facet normal 0.656235 0 -0.754557
    outer loop
      vertex -1.71562 2.5 -5.17886
      vertex -1.56551 3.79999 -5.04831
      vertex -1.56551 2.5 -5.04831
    endloop
  endfacet
  facet normal 0.656235 0 -0.754557
    outer loop
      vertex -1.56551 3.79999 -5.04831
      vertex -1.71562 2.5 -5.17886
      vertex -1.71562 3.79999 -5.17886
    endloop
  endfacet
  facet normal 0.99033 0 -0.138733
    outer loop
      vertex -2.46202 2.5 -6.55465
      vertex -2.48962 3.79999 -6.75167
      vertex -2.46202 3.79999 -6.55465
    endloop
  endfacet
  facet normal 0.99033 0 -0.138733
    outer loop
      vertex -2.48962 3.79999 -6.75167
      vertex -2.46202 2.5 -6.55465
      vertex -2.48962 2.5 -6.75167
    endloop
  endfacet
  facet normal 0.15839 0 -0.987377
    outer loop
      vertex -0.494208 2.5 -4.54732
      vertex -0.29778 3.79999 -4.51581
      vertex -0.29778 2.5 -4.51581
    endloop
  endfacet
  facet normal 0.15839 0 -0.987377
    outer loop
      vertex -0.29778 3.79999 -4.51581
      vertex -0.494208 2.5 -4.54732
      vertex -0.494208 3.79999 -4.54732
    endloop
  endfacet
  facet normal -0.741394 0 0.67107
    outer loop
      vertex 1.78667 2.5 -8.75149
      vertex 1.92017 3.79999 -8.604
      vertex 1.78667 3.79999 -8.75149
    endloop
  endfacet
  facet normal -0.741394 0 0.67107
    outer loop
      vertex 1.92017 3.79999 -8.604
      vertex 1.78667 2.5 -8.75149
      vertex 1.92017 2.5 -8.604
    endloop
  endfacet
  facet normal 0.423644 0 0.905829
    outer loop
      vertex -1.14915 3.79999 -9.22246
      vertex -0.968944 2.5 -9.30674
      vertex -0.968944 3.79999 -9.30674
    endloop
  endfacet
  facet normal 0.423644 0 0.905829
    outer loop
      vertex -0.968944 2.5 -9.30674
      vertex -1.14915 3.79999 -9.22246
      vertex -1.14915 2.5 -9.22246
    endloop
  endfacet
  facet normal 0.561756 0 0.827303
    outer loop
      vertex -1.48668 3.79999 -9.01238
      vertex -1.32209 2.5 -9.12414
      vertex -1.32209 3.79999 -9.12414
    endloop
  endfacet
  facet normal 0.561756 0 0.827303
    outer loop
      vertex -1.32209 2.5 -9.12414
      vertex -1.48668 3.79999 -9.01238
      vertex -1.48668 2.5 -9.01238
    endloop
  endfacet
  facet normal 0.494232 0 0.86933
    outer loop
      vertex -1.32209 3.79999 -9.12414
      vertex -1.14915 2.5 -9.22246
      vertex -1.14915 3.79999 -9.22246
    endloop
  endfacet
  facet normal 0.494232 0 0.86933
    outer loop
      vertex -1.14915 2.5 -9.22246
      vertex -1.32209 3.79999 -9.12414
      vertex -1.32209 2.5 -9.12414
    endloop
  endfacet
  facet normal -0.561756 0 0.827303
    outer loop
      vertex 1.32209 3.79999 -9.12414
      vertex 1.48668 2.5 -9.01238
      vertex 1.48668 3.79999 -9.01238
    endloop
  endfacet
  facet normal -0.561756 0 0.827303
    outer loop
      vertex 1.48668 2.5 -9.01238
      vertex 1.32209 3.79999 -9.12414
      vertex 1.32209 2.5 -9.12414
    endloop
  endfacet
  facet normal 0.0397609 0 0.999209
    outer loop
      vertex -0.198782 3.79999 -9.49407
      vertex 0 2.5 -9.50198
      vertex 0 3.79999 -9.50198
    endloop
  endfacet
  facet normal 0.0397609 0 0.999209
    outer loop
      vertex 0 2.5 -9.50198
      vertex -0.198782 3.79999 -9.49407
      vertex -0.198782 2.5 -9.49407
    endloop
  endfacet
  facet normal -0.31276 0 -0.949832
    outer loop
      vertex 0.687512 2.5 -4.59434
      vertex 0.87647 3.79999 -4.65656
      vertex 0.87647 2.5 -4.65656
    endloop
  endfacet
  facet normal -0.31276 0 -0.949832
    outer loop
      vertex 0.87647 3.79999 -4.65656
      vertex 0.687512 2.5 -4.59434
      vertex 0.687512 3.79999 -4.59434
    endloop
  endfacet
  facet normal 0.999803 -0 0.0198553
    outer loop
      vertex -2.50148 2.5 -6.95026
      vertex -2.49753 3.79999 -7.14916
      vertex -2.50148 3.79999 -6.95026
    endloop
  endfacet
  facet normal 0.999803 0 0.0198553
    outer loop
      vertex -2.49753 3.79999 -7.14916
      vertex -2.50148 2.5 -6.95026
      vertex -2.49753 2.5 -7.14916
    endloop
  endfacet
  facet normal 0.838307 -0 0.545199
    outer loop
      vertex -2.15 2.5 -8.2796
      vertex -2.04154 3.79999 -8.44637
      vertex -2.15 3.79999 -8.2796
    endloop
  endfacet
  facet normal 0.838307 0 0.545199
    outer loop
      vertex -2.04154 3.79999 -8.44637
      vertex -2.15 2.5 -8.2796
      vertex -2.04154 2.5 -8.44637
    endloop
  endfacet
  facet normal 0.792342 -0 0.610078
    outer loop
      vertex -2.04154 2.5 -8.44637
      vertex -1.92017 3.79999 -8.604
      vertex -2.04154 3.79999 -8.44637
    endloop
  endfacet
  facet normal 0.792342 0 0.610078
    outer loop
      vertex -1.92017 3.79999 -8.604
      vertex -2.04154 2.5 -8.44637
      vertex -1.92017 2.5 -8.604
    endloop
  endfacet
  facet normal 0.859319 0 -0.51144
    outer loop
      vertex -2.09743 2.5 -5.63593
      vertex -2.19918 3.79999 -5.80689
      vertex -2.09743 3.79999 -5.63593
    endloop
  endfacet
  facet normal 0.859319 0 -0.51144
    outer loop
      vertex -2.19918 3.79999 -5.80689
      vertex -2.09743 2.5 -5.63593
      vertex -2.19918 2.5 -5.80689
    endloop
  endfacet
  facet normal 0.714109 0 -0.700035
    outer loop
      vertex -1.71562 2.5 -5.17886
      vertex -1.85489 3.79999 -5.32093
      vertex -1.71562 3.79999 -5.17886
    endloop
  endfacet
  facet normal 0.714109 0 -0.700035
    outer loop
      vertex -1.85489 3.79999 -5.32093
      vertex -1.71562 2.5 -5.17886
      vertex -1.85489 2.5 -5.32093
    endloop
  endfacet
  facet normal -0.625724 0 0.780044
    outer loop
      vertex 1.48668 3.79999 -9.01238
      vertex 1.64186 2.5 -8.8879
      vertex 1.64186 3.79999 -8.8879
    endloop
  endfacet
  facet normal -0.625724 0 0.780044
    outer loop
      vertex 1.64186 2.5 -8.8879
      vertex 1.48668 3.79999 -9.01238
      vertex 1.48668 2.5 -9.01238
    endloop
  endfacet
  facet normal 0.767463 0 -0.641094
    outer loop
      vertex -1.85489 2.5 -5.32093
      vertex -1.98243 3.79999 -5.47361
      vertex -1.85489 3.79999 -5.32093
    endloop
  endfacet
  facet normal 0.767463 0 -0.641094
    outer loop
      vertex -1.98243 3.79999 -5.47361
      vertex -1.85489 2.5 -5.32093
      vertex -1.98243 2.5 -5.47361
    endloop
  endfacet
  facet normal 0.625724 0 0.780044
    outer loop
      vertex -1.64186 3.79999 -8.8879
      vertex -1.48668 2.5 -9.01238
      vertex -1.48668 3.79999 -9.01238
    endloop
  endfacet
  facet normal 0.625724 0 0.780044
    outer loop
      vertex -1.48668 2.5 -9.01238
      vertex -1.64186 3.79999 -8.8879
      vertex -1.64186 2.5 -8.8879
    endloop
  endfacet
  facet normal -0.350307 0 0.936635
    outer loop
      vertex 0.78261 3.79999 -9.37643
      vertex 0.968944 2.5 -9.30674
      vertex 0.968944 3.79999 -9.30674
    endloop
  endfacet
  facet normal -0.350307 0 0.936635
    outer loop
      vertex 0.968944 2.5 -9.30674
      vertex 0.78261 3.79999 -9.37643
      vertex 0.78261 2.5 -9.37643
    endloop
  endfacet
  facet normal 0.594202 0 -0.804316
    outer loop
      vertex -1.56551 2.5 -5.04831
      vertex -1.4055 3.79999 -4.9301
      vertex -1.4055 2.5 -4.9301
    endloop
  endfacet
  facet normal 0.594202 0 -0.804316
    outer loop
      vertex -1.4055 3.79999 -4.9301
      vertex -1.56551 2.5 -5.04831
      vertex -1.56551 3.79999 -5.04831
    endloop
  endfacet
  facet normal 0.943416 -0 0.331613
    outer loop
      vertex -2.39152 2.5 -7.73521
      vertex -2.32555 3.79999 -7.92289
      vertex -2.39152 3.79999 -7.73521
    endloop
  endfacet
  facet normal 0.943416 0 0.331613
    outer loop
      vertex -2.32555 3.79999 -7.92289
      vertex -2.39152 2.5 -7.73521
      vertex -2.32555 2.5 -7.92289
    endloop
  endfacet
  facet normal 0.914077 -0 0.405541
    outer loop
      vertex -2.32555 2.5 -7.92289
      vertex -2.24487 3.79999 -8.10474
      vertex -2.32555 3.79999 -7.92289
    endloop
  endfacet
  facet normal 0.914077 0 0.405541
    outer loop
      vertex -2.24487 3.79999 -8.10474
      vertex -2.32555 2.5 -7.92289
      vertex -2.24487 2.5 -8.10474
    endloop
  endfacet
  facet normal 0.486742 -0.707195 0.512793
    outer loop
      vertex -3.3468 0.00100021 -10.717
      vertex -1.78667 2.5 -8.75149
      vertex -3.53675 0.00100021 -10.5367
    endloop
  endfacet
  facet normal 0.337535 -0.707044 0.621416
    outer loop
      vertex -2.27073 0.00100021 -11.4566
      vertex -1.14915 2.5 -9.22246
      vertex -2.50086 0.00100021 -11.3316
    endloop
  endfacet
  facet normal 0.688443 0 0.72529
    outer loop
      vertex -3.53675 0.00100021 -10.5367
      vertex -3.3468 0 -10.717
      vertex -3.3468 0.00100021 -10.717
    endloop
  endfacet
  facet normal 0.688443 0 0.72529
    outer loop
      vertex -3.3468 0 -10.717
      vertex -3.53675 0.00100021 -10.5367
      vertex -3.53675 0 -10.5367
    endloop
  endfacet
  facet normal 0.484708 -0.707312 0.514556
    outer loop
      vertex -1.64186 2.5 -8.8879
      vertex -1.78667 2.5 -8.75149
      vertex -3.3468 0.00100021 -10.717
    endloop
  endfacet
  facet normal 0.85264 -0 0.522498
    outer loop
      vertex -4.33161 0 -9.50086
      vertex -4.19479 0.00100021 -9.72413
      vertex -4.33161 0.00100021 -9.50086
    endloop
  endfacet
  facet normal 0.85264 0 0.522498
    outer loop
      vertex -4.19479 0.00100021 -9.72413
      vertex -4.33161 0 -9.50086
      vertex -4.19479 0 -9.72413
    endloop
  endfacet
  facet normal 0.675605 -0.707401 -0.207709
    outer loop
      vertex -2.41886 2.5 -6.36045
      vertex -2.3604 2.5 -6.1703
      vertex -4.75691 0.00100021 -5.45439
    endloop
  endfacet
  facet normal 0.666446 -0.707216 0.235999
    outer loop
      vertex -4.6695 0.00100021 -8.79245
      vertex -2.32555 2.5 -7.92289
      vertex -4.75691 0.00100021 -8.54561
    endloop
  endfacet
  facet normal -0.270625 -0.706973 0.653415
    outer loop
      vertex 1.79245 0.00100021 -11.6695
      vertex 2.03438 0.00100021 -11.5693
      vertex 0.968944 2.5 -9.30674
    endloop
  endfacet
  facet normal -0.459364 -0.706985 0.537733
    outer loop
      vertex 3.14768 0.00100021 -10.8871
      vertex 3.3468 0.00100021 -10.717
      vertex 1.64186 2.5 -8.8879
    endloop
  endfacet
  facet normal 0.523962 -0.707488 0.474262
    outer loop
      vertex -1.78667 2.5 -8.75149
      vertex -1.92017 2.5 -8.604
      vertex -3.717 0.00100021 -10.3468
    endloop
  endfacet
  facet normal 0.397089 -0.707343 0.584796
    outer loop
      vertex -1.32209 2.5 -9.12414
      vertex -1.48668 2.5 -9.01238
      vertex -2.72413 0.00100021 -11.1948
    endloop
  endfacet
  facet normal 0.608756 0 -0.793357
    outer loop
      vertex -3.14768 0 -3.11294
      vertex -2.93993 0.00100021 -2.95353
      vertex -2.93993 0 -2.95353
    endloop
  endfacet
  facet normal 0.608756 0 -0.793357
    outer loop
      vertex -2.93993 0.00100021 -2.95353
      vertex -3.14768 0 -3.11294
      vertex -3.14768 0.00100021 -3.11294
    endloop
  endfacet
  facet normal 0.111938 -0.707489 -0.697803
    outer loop
      vertex -0.494208 2.5 -4.54732
      vertex -0.29778 2.5 -4.51581
      vertex -0.78244 0.00100021 -2.05987
    endloop
  endfacet
  facet normal -0.522443 0 0.852674
    outer loop
      vertex 2.50086 0.00100021 -11.3316
      vertex 2.72413 0 -11.1948
      vertex 2.72413 0.00100021 -11.1948
    endloop
  endfacet
  facet normal -0.522443 0 0.852674
    outer loop
      vertex 2.72413 0 -11.1948
      vertex 2.50086 0.00100021 -11.3316
      vertex 2.50086 0 -11.3316
    endloop
  endfacet
  facet normal 0.95882 -0 0.284014
    outer loop
      vertex -4.83128 0 -8.29454
      vertex -4.75691 0.00100021 -8.54561
      vertex -4.83128 0.00100021 -8.29454
    endloop
  endfacet
  facet normal 0.95882 0 0.284014
    outer loop
      vertex -4.75691 0.00100021 -8.54561
      vertex -4.83128 0 -8.29454
      vertex -4.75691 0 -8.54561
    endloop
  endfacet
  facet normal -0.560914 -0.707226 0.430357
    outer loop
      vertex 3.88706 0.00100021 -10.1477
      vertex 4.04647 0.00100021 -9.93993
      vertex 2.04154 2.5 -8.44637
    endloop
  endfacet
  facet normal 0.463845 -0.707386 -0.533342
    outer loop
      vertex -1.71562 2.5 -5.17886
      vertex -1.56551 2.5 -5.04831
      vertex -3.3468 0.00100021 -3.283
    endloop
  endfacet
  facet normal -0.333771 0 0.942654
    outer loop
      vertex 1.54561 0.00100021 -11.7569
      vertex 1.79245 0 -11.6695
      vertex 1.79245 0.00100021 -11.6695
    endloop
  endfacet
  facet normal -0.333771 0 0.942654
    outer loop
      vertex 1.79245 0 -11.6695
      vertex 1.54561 0.00100021 -11.7569
      vertex 1.54561 0 -11.7569
    endloop
  endfacet
  facet normal 0.62154 -0.706968 -0.337468
    outer loop
      vertex -2.19918 2.5 -5.80689
      vertex -4.33161 0.00100021 -4.49914
      vertex -4.45656 0.00100021 -4.72927
    endloop
  endfacet
  facet normal -0.29945 -0.707369 0.64028
    outer loop
      vertex 2.03438 0.00100021 -11.5693
      vertex 1.14915 2.5 -9.22246
      vertex 0.968944 2.5 -9.30674
    endloop
  endfacet
  facet normal 0.582823 -0.707005 0.400576
    outer loop
      vertex -4.04647 0.00100021 -9.93993
      vertex -2.04154 2.5 -8.44637
      vertex -4.19479 0.00100021 -9.72413
    endloop
  endfacet
  facet normal 0.273769 -0.707331 -0.651716
    outer loop
      vertex -1.05989 2.5 -4.73361
      vertex -0.87647 2.5 -4.65656
      vertex -2.03438 0.00100021 -2.43071
    endloop
  endfacet
  facet normal 0.608732 0 0.793376
    outer loop
      vertex -3.14768 0.00100021 -10.8871
      vertex -2.93993 0 -11.0465
      vertex -2.93993 0.00100021 -11.0465
    endloop
  endfacet
  facet normal 0.608732 0 0.793376
    outer loop
      vertex -2.93993 0 -11.0465
      vertex -3.14768 0.00100021 -10.8871
      vertex -3.14768 0 -10.8871
    endloop
  endfacet
  facet normal 0.793386 -0 0.608719
    outer loop
      vertex -4.04647 0 -9.93993
      vertex -3.88706 0.00100021 -10.1477
      vertex -4.04647 0.00100021 -9.93993
    endloop
  endfacet
  facet normal 0.793386 0 0.608719
    outer loop
      vertex -3.88706 0.00100021 -10.1477
      vertex -4.04647 0 -9.93993
      vertex -3.88706 0 -10.1477
    endloop
  endfacet
  facet normal 0.725295 -0 0.688438
    outer loop
      vertex -3.717 0 -10.3468
      vertex -3.53675 0.00100021 -10.5367
      vertex -3.717 0.00100021 -10.3468
    endloop
  endfacet
  facet normal 0.725295 0 0.688438
    outer loop
      vertex -3.53675 0.00100021 -10.5367
      vertex -3.717 0 -10.3468
      vertex -3.53675 0 -10.5367
    endloop
  endfacet
  facet normal 0.706996 -0.706976 -0.0185007
    outer loop
      vertex -2.50148 2.5 -6.95026
      vertex -4.99486 0.00100021 -6.73823
      vertex -5.00171 0.00100021 -7
    endloop
  endfacet
  facet normal 0.560914 -0.707226 0.430357
    outer loop
      vertex -3.88706 0.00100021 -10.1477
      vertex -2.04154 2.5 -8.44637
      vertex -4.04647 0.00100021 -9.93993
    endloop
  endfacet
  facet normal 0.878818 -0 0.477158
    outer loop
      vertex -4.45656 0 -9.27073
      vertex -4.33161 0.00100021 -9.50086
      vertex -4.45656 0.00100021 -9.27073
    endloop
  endfacet
  facet normal 0.878818 0 0.477158
    outer loop
      vertex -4.33161 0.00100021 -9.50086
      vertex -4.45656 0 -9.27073
      vertex -4.33161 0 -9.50086
    endloop
  endfacet
  facet normal -0.233441 0 -0.972371
    outer loop
      vertex 1.03991 0 -2.10759
      vertex 1.29454 0.00100021 -2.16872
      vertex 1.29454 0 -2.16872
    endloop
  endfacet
  facet normal -0.233441 0 -0.972371
    outer loop
      vertex 1.29454 0.00100021 -2.16872
      vertex 1.03991 0 -2.10759
      vertex 1.03991 0.00100021 -2.10759
    endloop
  endfacet
  facet normal 0.688343 0 -0.725385
    outer loop
      vertex -3.53675 0 -3.46325
      vertex -3.3468 0.00100021 -3.283
      vertex -3.3468 0 -3.283
    endloop
  endfacet
  facet normal 0.688343 0 -0.725385
    outer loop
      vertex -3.3468 0.00100021 -3.283
      vertex -3.53675 0 -3.46325
      vertex -3.53675 0.00100021 -3.46325
    endloop
  endfacet
  facet normal 0.704987 -0.707046 -0.055497
    outer loop
      vertex -2.48962 2.5 -6.75167
      vertex -4.97431 0.00100021 -6.47718
      vertex -4.99486 0.00100021 -6.73823
    endloop
  endfacet
  facet normal -0.566367 0 0.824153
    outer loop
      vertex 2.72413 0.00100021 -11.1948
      vertex 2.93993 0 -11.0465
      vertex 2.93993 0.00100021 -11.0465
    endloop
  endfacet
  facet normal -0.566367 0 0.824153
    outer loop
      vertex 2.93993 0 -11.0465
      vertex 2.72413 0.00100021 -11.1948
      vertex 2.72413 0 -11.1948
    endloop
  endfacet
  facet normal -0.582758 -0.707083 -0.400532
    outer loop
      vertex 4.19479 0.00100021 -4.27587
      vertex 4.04647 0.00100021 -4.06007
      vertex 2.09743 2.5 -5.63593
    endloop
  endfacet
  facet normal 0.666924 -0.707289 0.234425
    outer loop
      vertex -2.32555 2.5 -7.92289
      vertex -2.39152 2.5 -7.73521
      vertex -4.75691 0.00100021 -8.54561
    endloop
  endfacet
  facet normal 0.400442 -0.707177 0.582706
    outer loop
      vertex -2.72413 0.00100021 -11.1948
      vertex -1.48668 2.5 -9.01238
      vertex -2.93993 0.00100021 -11.0465
    endloop
  endfacet
  facet normal 0.687616 -0.70706 -0.165079
    outer loop
      vertex -2.41886 2.5 -6.36045
      vertex -4.83128 0.00100021 -5.70546
      vertex -4.89241 0.00100021 -5.96009
    endloop
  endfacet
  facet normal 0.128879 -0.707011 -0.69536
    outer loop
      vertex -0.494208 2.5 -4.54732
      vertex -0.78244 0.00100021 -2.05987
      vertex -1.03991 0.00100021 -2.10759
    endloop
  endfacet
  facet normal -0.349293 -0.707474 0.61439
    outer loop
      vertex 2.50086 0.00100021 -11.3316
      vertex 1.32209 2.5 -9.12414
      vertex 1.14915 2.5 -9.22246
    endloop
  endfacet
  facet normal -0.608732 0 0.793376
    outer loop
      vertex 2.93993 0.00100021 -11.0465
      vertex 3.14768 0 -10.8871
      vertex 3.14768 0.00100021 -10.8871
    endloop
  endfacet
  facet normal -0.608732 0 0.793376
    outer loop
      vertex 3.14768 0 -10.8871
      vertex 2.93993 0.00100021 -11.0465
      vertex 2.93993 0 -11.0465
    endloop
  endfacet
  facet normal 0.0259683 0 0.999663
    outer loop
      vertex -0.261769 0.00100021 -11.9949
      vertex 0 0 -12.0017
      vertex 0 0.00100021 -12.0017
    endloop
  endfacet
  facet normal 0.0259683 0 0.999663
    outer loop
      vertex 0 0 -12.0017
      vertex -0.261769 0.00100021 -11.9949
      vertex -0.261769 0 -11.9949
    endloop
  endfacet
  facet normal 0.504702 -0.707456 -0.494755
    outer loop
      vertex -1.85489 2.5 -5.32093
      vertex -1.71562 2.5 -5.17886
      vertex -3.53675 0.00100021 -3.46325
    endloop
  endfacet
  facet normal -0.512954 -0.707067 -0.486759
    outer loop
      vertex 3.717 0.00100021 -3.6532
      vertex 3.53675 0.00100021 -3.46325
      vertex 1.85489 2.5 -5.32093
    endloop
  endfacet
  facet normal 0.233441 0 -0.972371
    outer loop
      vertex -1.29454 0 -2.16872
      vertex -1.03991 0.00100021 -2.10759
      vertex -1.03991 0 -2.10759
    endloop
  endfacet
  facet normal 0.233441 0 -0.972371
    outer loop
      vertex -1.03991 0.00100021 -2.10759
      vertex -1.29454 0 -2.16872
      vertex -1.29454 0.00100021 -2.16872
    endloop
  endfacet
  facet normal -0.85264 0 -0.522498
    outer loop
      vertex 4.33161 0 -4.49914
      vertex 4.19479 0.00100021 -4.27587
      vertex 4.33161 0.00100021 -4.49914
    endloop
  endfacet
  facet normal -0.85264 -0 -0.522498
    outer loop
      vertex 4.19479 0.00100021 -4.27587
      vertex 4.33161 0 -4.49914
      vertex 4.19479 0 -4.27587
    endloop
  endfacet
  facet normal 0.59245 -0.707491 0.385304
    outer loop
      vertex -2.04154 2.5 -8.44637
      vertex -2.15 2.5 -8.2796
      vertex -4.19479 0.00100021 -9.72413
    endloop
  endfacet
  facet normal 0.459364 -0.706985 0.537733
    outer loop
      vertex -3.14768 0.00100021 -10.8871
      vertex -1.64186 2.5 -8.8879
      vertex -3.3468 0.00100021 -10.717
    endloop
  endfacet
  facet normal 0.824118 -0 0.566419
    outer loop
      vertex -4.19479 0 -9.72413
      vertex -4.04647 0.00100021 -9.93993
      vertex -4.19479 0.00100021 -9.72413
    endloop
  endfacet
  facet normal 0.824118 0 0.566419
    outer loop
      vertex -4.04647 0.00100021 -9.93993
      vertex -4.19479 0 -9.72413
      vertex -4.04647 0 -9.93993
    endloop
  endfacet
  facet normal 0.695399 -0.706971 -0.128887
    outer loop
      vertex -2.46202 2.5 -6.55465
      vertex -4.89241 0.00100021 -5.96009
      vertex -4.94013 0.00100021 -6.21756
    endloop
  endfacet
  facet normal 0.972371 0 -0.233441
    outer loop
      vertex -4.83128 0 -5.70546
      vertex -4.89241 0.00100021 -5.96009
      vertex -4.83128 0.00100021 -5.70546
    endloop
  endfacet
  facet normal 0.972371 0 -0.233441
    outer loop
      vertex -4.89241 0.00100021 -5.96009
      vertex -4.83128 0 -5.70546
      vertex -4.89241 0 -5.96009
    endloop
  endfacet
  facet normal 0.0923123 -0.706992 -0.701171
    outer loop
      vertex -0.29778 2.5 -4.51581
      vertex -0.522821 0.00100021 -2.02569
      vertex -0.78244 0.00100021 -2.05987
    endloop
  endfacet
  facet normal 0.522498 0 -0.85264
    outer loop
      vertex -2.72413 0 -2.80521
      vertex -2.50086 0.00100021 -2.66839
      vertex -2.50086 0 -2.66839
    endloop
  endfacet
  facet normal 0.522498 0 -0.85264
    outer loop
      vertex -2.50086 0.00100021 -2.66839
      vertex -2.72413 0 -2.80521
      vertex -2.72413 0.00100021 -2.80521
    endloop
  endfacet
  facet normal -0.824118 0 -0.566419
    outer loop
      vertex 4.19479 0 -4.27587
      vertex 4.04647 0.00100021 -4.06007
      vertex 4.19479 0.00100021 -4.27587
    endloop
  endfacet
  facet normal -0.824118 -0 -0.566419
    outer loop
      vertex 4.04647 0.00100021 -4.06007
      vertex 4.19479 0 -4.27587
      vertex 4.04647 0 -4.06007
    endloop
  endfacet
  facet normal 0.666679 -0.706969 -0.236082
    outer loop
      vertex -2.3604 2.5 -6.1703
      vertex -4.6695 0.00100021 -5.20755
      vertex -4.75691 0.00100021 -5.45439
    endloop
  endfacet
  facet normal 0.760382 -0 0.649476
    outer loop
      vertex -3.88706 0 -10.1477
      vertex -3.717 0.00100021 -10.3468
      vertex -3.88706 0.00100021 -10.1477
    endloop
  endfacet
  facet normal 0.760382 0 0.649476
    outer loop
      vertex -3.717 0.00100021 -10.3468
      vertex -3.88706 0 -10.1477
      vertex -3.717 0 -10.3468
    endloop
  endfacet
  facet normal -0.0185001 -0.707001 -0.706971
    outer loop
      vertex 0.0994692 2.5 -4.5
      vertex 0.261769 0.00100021 -2.00514
      vertex 0 0.00100021 -1.99829
    endloop
  endfacet
  facet normal -0.608756 0 -0.793357
    outer loop
      vertex 2.93993 0 -2.95353
      vertex 3.14768 0.00100021 -3.11294
      vertex 3.14768 0 -3.11294
    endloop
  endfacet
  facet normal -0.608756 0 -0.793357
    outer loop
      vertex 3.14768 0.00100021 -3.11294
      vertex 2.93993 0 -2.95353
      vertex 2.93993 0.00100021 -2.95353
    endloop
  endfacet
  facet normal 0.701183 -0.70698 0.0923135
    outer loop
      vertex -4.94013 0.00100021 -7.78244
      vertex -2.47778 2.5 -7.34711
      vertex -4.97431 0.00100021 -7.52282
    endloop
  endfacet
  facet normal 0.0185001 -0.707001 -0.706971
    outer loop
      vertex -0.0994692 2.5 -4.5
      vertex 0 0.00100021 -1.99829
      vertex -0.261769 0.00100021 -2.00514
    endloop
  endfacet
  facet normal 0.760415 0 -0.649438
    outer loop
      vertex -3.717 0 -3.6532
      vertex -3.88706 0.00100021 -3.85232
      vertex -3.717 0.00100021 -3.6532
    endloop
  endfacet
  facet normal 0.760415 0 -0.649438
    outer loop
      vertex -3.88706 0.00100021 -3.85232
      vertex -3.717 0 -3.6532
      vertex -3.88706 0 -3.85232
    endloop
  endfacet
  facet normal -0.273769 -0.707331 -0.651716
    outer loop
      vertex 1.05989 2.5 -4.73361
      vertex 2.03438 0.00100021 -2.43071
      vertex 0.87647 2.5 -4.65656
    endloop
  endfacet
  facet normal -0.688443 0 0.72529
    outer loop
      vertex 3.3468 0.00100021 -10.717
      vertex 3.53675 0 -10.5367
      vertex 3.53675 0.00100021 -10.5367
    endloop
  endfacet
  facet normal -0.688443 0 0.72529
    outer loop
      vertex 3.53675 0 -10.5367
      vertex 3.3468 0.00100021 -10.717
      vertex 3.3468 0 -10.717
    endloop
  endfacet
  facet normal 0.603 -0.706999 0.369519
    outer loop
      vertex -4.19479 0.00100021 -9.72413
      vertex -2.15 2.5 -8.2796
      vertex -4.33161 0.00100021 -9.50086
    endloop
  endfacet
  facet normal -0.611948 -0.707341 -0.35382
    outer loop
      vertex 2.88902 2.5 -7
      vertex 4.33161 0.00100021 -4.49914
      vertex 2.19918 2.5 -5.80689
    endloop
  endfacet
  facet normal 0.689921 -0.707459 -0.153331
    outer loop
      vertex -2.46202 2.5 -6.55465
      vertex -2.41886 2.5 -6.36045
      vertex -4.89241 0.00100021 -5.96009
    endloop
  endfacet
  facet normal 0.999658 0 -0.0261591
    outer loop
      vertex -4.99486 0 -6.73823
      vertex -5.00171 0.00100021 -7
      vertex -4.99486 0.00100021 -6.73823
    endloop
  endfacet
  facet normal 0.999658 0 -0.0261591
    outer loop
      vertex -5.00171 0.00100021 -7
      vertex -4.99486 0 -6.73823
      vertex -5.00171 0 -7
    endloop
  endfacet
  facet normal 0.972371 -0 0.233441
    outer loop
      vertex -4.89241 0 -8.03991
      vertex -4.83128 0.00100021 -8.29454
      vertex -4.89241 0.00100021 -8.03991
    endloop
  endfacet
  facet normal 0.972371 0 0.233441
    outer loop
      vertex -4.83128 0.00100021 -8.29454
      vertex -4.89241 0 -8.03991
      vertex -4.83128 0 -8.29454
    endloop
  endfacet
  facet normal 0.200863 -0.706985 -0.678105
    outer loop
      vertex -0.687512 2.5 -4.59434
      vertex -1.29454 0.00100021 -2.16872
      vertex -1.54561 0.00100021 -2.24309
    endloop
  endfacet
  facet normal -0.16708 -0.7073 -0.686885
    outer loop
      vertex 0.687512 2.5 -4.59434
      vertex 1.29454 0.00100021 -2.16872
      vertex 0.494208 2.5 -4.54732
    endloop
  endfacet
  facet normal -0.576706 -0.70744 -0.408583
    outer loop
      vertex 2.09743 2.5 -5.63593
      vertex 4.04647 0.00100021 -4.06007
      vertex 1.98243 2.5 -5.47361
    endloop
  endfacet
  facet normal 0.621394 -0.707254 0.337136
    outer loop
      vertex -2.15 2.5 -8.2796
      vertex -2.24487 2.5 -8.10474
      vertex -4.45656 0.00100021 -9.27073
    endloop
  endfacet
  facet normal 0.0183628 -0.707089 0.706886
    outer loop
      vertex 0 0.00100021 -12.0017
      vertex 0 2.5 -9.50198
      vertex -0.261769 0.00100021 -11.9949
    endloop
  endfacet
  facet normal 0.576706 -0.70744 -0.408583
    outer loop
      vertex -2.09743 2.5 -5.63593
      vertex -1.98243 2.5 -5.47361
      vertex -4.04647 0.00100021 -4.06007
    endloop
  endfacet
  facet normal 0.706805 -0.707166 0.0184957
    outer loop
      vertex -4.99486 0.00100021 -7.26177
      vertex -2.49753 2.5 -7.14916
      vertex -5.00171 0.00100021 -7
    endloop
  endfacet
  facet normal 0.92388 0 -0.382681
    outer loop
      vertex -4.56929 0 -4.96562
      vertex -4.6695 0.00100021 -5.20755
      vertex -4.56929 0.00100021 -4.96562
    endloop
  endfacet
  facet normal 0.92388 0 -0.382681
    outer loop
      vertex -4.6695 0.00100021 -5.20755
      vertex -4.56929 0 -4.96562
      vertex -4.6695 0 -5.20755
    endloop
  endfacet
  facet normal 0.634158 -0.707422 -0.312087
    outer loop
      vertex -2.28702 2.5 -5.98538
      vertex -2.19918 2.5 -5.80689
      vertex -4.45656 0.00100021 -4.72927
    endloop
  endfacet
  facet normal 0.0556367 -0.70697 0.705052
    outer loop
      vertex -0.261769 0.00100021 -11.9949
      vertex -0.198782 2.5 -9.49407
      vertex -0.522821 0.00100021 -11.9743
    endloop
  endfacet
  facet normal -0.866027 0 0.499997
    outer loop
      vertex 4.33161 0 -9.50086
      vertex 5.77547 0.00100021 -7
      vertex 4.33161 0.00100021 -9.50086
    endloop
  endfacet
  facet normal -0.866027 0 0.499997
    outer loop
      vertex 5.77547 0.00100021 -7
      vertex 4.33161 0 -9.50086
      vertex 5.77547 0 -7
    endloop
  endfacet
  facet normal 0.687656 -0.707018 0.165088
    outer loop
      vertex -4.83128 0.00100021 -8.29454
      vertex -2.44237 2.5 -7.54288
      vertex -4.89241 0.00100021 -8.03991
    endloop
  endfacet
  facet normal 0.537759 -0.706991 0.459324
    outer loop
      vertex -3.717 0.00100021 -10.3468
      vertex -1.92017 2.5 -8.604
      vertex -3.88706 0.00100021 -10.1477
    endloop
  endfacet
  facet normal -0.430501 0 -0.90259
    outer loop
      vertex 2.03438 0 -2.43071
      vertex 2.27073 0.00100021 -2.54344
      vertex 2.27073 0 -2.54344
    endloop
  endfacet
  facet normal -0.430501 0 -0.90259
    outer loop
      vertex 2.27073 0.00100021 -2.54344
      vertex 2.03438 0 -2.43071
      vertex 2.03438 0.00100021 -2.43071
    endloop
  endfacet
  facet normal 0.442216 -0.707487 0.551277
    outer loop
      vertex -1.48668 2.5 -9.01238
      vertex -1.64186 2.5 -8.8879
      vertex -3.14768 0.00100021 -10.8871
    endloop
  endfacet
  facet normal 0.607354 -0.707428 -0.361478
    outer loop
      vertex -2.19918 2.5 -5.80689
      vertex -2.09743 2.5 -5.63593
      vertex -4.33161 0.00100021 -4.49914
    endloop
  endfacet
  facet normal 0.430485 -0.707031 0.561062
    outer loop
      vertex -2.93993 0.00100021 -11.0465
      vertex -1.48668 2.5 -9.01238
      vertex -3.14768 0.00100021 -10.8871
    endloop
  endfacet
  facet normal 0.560133 -0.70728 0.431284
    outer loop
      vertex -1.92017 2.5 -8.604
      vertex -2.04154 2.5 -8.44637
      vertex -3.88706 0.00100021 -10.1477
    endloop
  endfacet
  facet normal 0.51293 -0.707012 0.486864
    outer loop
      vertex -3.53675 0.00100021 -10.5367
      vertex -1.78667 2.5 -8.75149
      vertex -3.717 0.00100021 -10.3468
    endloop
  endfacet
  facet normal 0.270568 -0.707182 -0.653213
    outer loop
      vertex -0.87647 2.5 -4.65656
      vertex -1.79245 0.00100021 -2.3305
      vertex -2.03438 0.00100021 -2.43071
    endloop
  endfacet
  facet normal 0.477158 0 -0.878818
    outer loop
      vertex -2.50086 0 -2.66839
      vertex -2.27073 0.00100021 -2.54344
      vertex -2.27073 0 -2.54344
    endloop
  endfacet
  facet normal 0.477158 0 -0.878818
    outer loop
      vertex -2.27073 0.00100021 -2.54344
      vertex -2.50086 0 -2.66839
      vertex -2.50086 0.00100021 -2.66839
    endloop
  endfacet
  facet normal -0.247579 -0.707464 0.661967
    outer loop
      vertex 1.79245 0.00100021 -11.6695
      vertex 0.968944 2.5 -9.30674
      vertex 0.78261 2.5 -9.37643
    endloop
  endfacet
  facet normal 0.656936 -0.707445 -0.260685
    outer loop
      vertex -2.3604 2.5 -6.1703
      vertex -2.28702 2.5 -5.98538
      vertex -4.6695 0.00100021 -5.20755
    endloop
  endfacet
  facet normal -0.0281019 -0.70744 0.706214
    outer loop
      vertex 0.261769 0.00100021 -11.9949
      vertex 0.198782 2.5 -9.49407
      vertex 0 2.5 -9.50198
    endloop
  endfacet
  facet normal 0.95882 0 -0.284014
    outer loop
      vertex -4.75691 0 -5.45439
      vertex -4.83128 0.00100021 -5.70546
      vertex -4.75691 0.00100021 -5.45439
    endloop
  endfacet
  facet normal 0.95882 0 -0.284014
    outer loop
      vertex -4.83128 0.00100021 -5.70546
      vertex -4.75691 0 -5.45439
      vertex -4.83128 0 -5.70546
    endloop
  endfacet
  facet normal 0.90259 -0 0.430501
    outer loop
      vertex -4.56929 0 -9.03438
      vertex -4.45656 0.00100021 -9.27073
      vertex -4.56929 0.00100021 -9.03438
    endloop
  endfacet
  facet normal 0.90259 0 0.430501
    outer loop
      vertex -4.45656 0.00100021 -9.27073
      vertex -4.56929 0 -9.03438
      vertex -4.45656 0 -9.27073
    endloop
  endfacet
  facet normal -0.561098 -0.706968 -0.43054
    outer loop
      vertex 4.04647 0.00100021 -4.06007
      vertex 3.88706 0.00100021 -3.85232
      vertex 1.98243 2.5 -5.47361
    endloop
  endfacet
  facet normal -0.0556367 -0.70697 0.705052
    outer loop
      vertex 0.261769 0.00100021 -11.9949
      vertex 0.522821 0.00100021 -11.9743
      vertex 0.198782 2.5 -9.49407
    endloop
  endfacet
  facet normal -0.200897 -0.707128 0.677946
    outer loop
      vertex 1.29454 0.00100021 -11.8313
      vertex 1.54561 0.00100021 -11.7569
      vertex 0.78261 2.5 -9.37643
    endloop
  endfacet
  facet normal 0.677974 -0.707121 -0.200824
    outer loop
      vertex -2.41886 2.5 -6.36045
      vertex -4.75691 0.00100021 -5.45439
      vertex -4.83128 0.00100021 -5.70546
    endloop
  endfacet
  facet normal 0.996916 -0 0.0784778
    outer loop
      vertex -4.99486 0 -7.26177
      vertex -4.97431 0.00100021 -7.52282
      vertex -4.99486 0.00100021 -7.26177
    endloop
  endfacet
  facet normal 0.996916 0 0.0784778
    outer loop
      vertex -4.97431 0.00100021 -7.52282
      vertex -4.99486 0 -7.26177
      vertex -4.97431 0 -7.52282
    endloop
  endfacet
  facet normal 0.991445 0 -0.130528
    outer loop
      vertex -4.94013 0 -6.21756
      vertex -4.97431 0.00100021 -6.47718
      vertex -4.94013 0.00100021 -6.21756
    endloop
  endfacet
  facet normal 0.991445 0 -0.130528
    outer loop
      vertex -4.97431 0.00100021 -6.47718
      vertex -4.94013 0 -6.21756
      vertex -4.97431 0 -6.47718
    endloop
  endfacet
  facet normal 0.561098 -0.706968 -0.43054
    outer loop
      vertex -1.98243 2.5 -5.47361
      vertex -3.88706 0.00100021 -3.85232
      vertex -4.04647 0.00100021 -4.06007
    endloop
  endfacet
  facet normal 0.683251 -0.707486 0.180644
    outer loop
      vertex -2.39152 2.5 -7.73521
      vertex -2.44237 2.5 -7.54288
      vertex -4.83128 0.00100021 -8.29454
    endloop
  endfacet
  facet normal 0.304466 -0.706979 -0.638343
    outer loop
      vertex -1.05989 2.5 -4.73361
      vertex -2.03438 0.00100021 -2.43071
      vertex -2.27073 0.00100021 -2.54344
    endloop
  endfacet
  facet normal -0.542447 -0.707408 -0.453128
    outer loop
      vertex 1.98243 2.5 -5.47361
      vertex 3.88706 0.00100021 -3.85232
      vertex 1.85489 2.5 -5.32093
    endloop
  endfacet
  facet normal -0.522498 0 -0.85264
    outer loop
      vertex 2.50086 0 -2.66839
      vertex 2.72413 0.00100021 -2.80521
      vertex 2.72413 0 -2.80521
    endloop
  endfacet
  facet normal -0.522498 0 -0.85264
    outer loop
      vertex 2.72413 0.00100021 -2.80521
      vertex 2.50086 0 -2.66839
      vertex 2.50086 0.00100021 -2.66839
    endloop
  endfacet
  facet normal 0.400594 -0.706973 -0.582849
    outer loop
      vertex -1.4055 2.5 -4.9301
      vertex -2.72413 0.00100021 -2.80521
      vertex -2.93993 0.00100021 -2.95353
    endloop
  endfacet
  facet normal 0.43049 -0.70705 -0.561034
    outer loop
      vertex -1.56551 2.5 -5.04831
      vertex -2.93993 0.00100021 -2.95353
      vertex -3.14768 0.00100021 -3.11294
    endloop
  endfacet
  facet normal 0.486825 -0.706971 -0.513023
    outer loop
      vertex -1.71562 2.5 -5.17886
      vertex -3.3468 0.00100021 -3.283
      vertex -3.53675 0.00100021 -3.46325
    endloop
  endfacet
  facet normal -0.612283 -0.707212 0.353498
    outer loop
      vertex 4.33161 0.00100021 -9.50086
      vertex 5.77547 0.00100021 -7
      vertex 2.88902 2.5 -7
    endloop
  endfacet
  facet normal 0.233333 0 0.972397
    outer loop
      vertex -1.29454 0.00100021 -11.8313
      vertex -1.03991 0 -11.8924
      vertex -1.03991 0.00100021 -11.8924
    endloop
  endfacet
  facet normal 0.233333 0 0.972397
    outer loop
      vertex -1.03991 0 -11.8924
      vertex -1.29454 0.00100021 -11.8313
      vertex -1.29454 0 -11.8313
    endloop
  endfacet
  facet normal 0.369491 -0.706977 0.603042
    outer loop
      vertex -2.50086 0.00100021 -11.3316
      vertex -1.32209 2.5 -9.12414
      vertex -2.72413 0.00100021 -11.1948
    endloop
  endfacet
  facet normal 0.582758 -0.707083 -0.400532
    outer loop
      vertex -2.09743 2.5 -5.63593
      vertex -4.04647 0.00100021 -4.06007
      vertex -4.19479 0.00100021 -4.27587
    endloop
  endfacet
  facet normal 0.991445 -0 0.130528
    outer loop
      vertex -4.97431 0 -7.52282
      vertex -4.94013 0.00100021 -7.78244
      vertex -4.97431 0.00100021 -7.52282
    endloop
  endfacet
  facet normal 0.991445 0 0.130528
    outer loop
      vertex -4.94013 0.00100021 -7.78244
      vertex -4.97431 0 -7.52282
      vertex -4.94013 0 -7.78244
    endloop
  endfacet
  facet normal -0.607354 -0.707428 -0.361478
    outer loop
      vertex 2.19918 2.5 -5.80689
      vertex 4.33161 0.00100021 -4.49914
      vertex 2.09743 2.5 -5.63593
    endloop
  endfacet
  facet normal 0.638328 -0.706995 0.304458
    outer loop
      vertex -4.45656 0.00100021 -9.27073
      vertex -2.24487 2.5 -8.10474
      vertex -4.56929 0.00100021 -9.03438
    endloop
  endfacet
  facet normal -0.165044 -0.707208 -0.687472
    outer loop
      vertex 1.29454 0.00100021 -2.16872
      vertex 1.03991 0.00100021 -2.10759
      vertex 0.494208 2.5 -4.54732
    endloop
  endfacet
  facet normal -0.0784772 0 -0.996916
    outer loop
      vertex 0.261769 0 -2.00514
      vertex 0.522821 0.00100021 -2.02569
      vertex 0.522821 0 -2.02569
    endloop
  endfacet
  facet normal -0.0784772 0 -0.996916
    outer loop
      vertex 0.522821 0.00100021 -2.02569
      vertex 0.261769 0 -2.00514
      vertex 0.261769 0.00100021 -2.00514
    endloop
  endfacet
  facet normal 0.29945 -0.707369 0.64028
    outer loop
      vertex -0.968944 2.5 -9.30674
      vertex -1.14915 2.5 -9.22246
      vertex -2.03438 0.00100021 -11.5693
    endloop
  endfacet
  facet normal 0.304323 -0.707156 0.638214
    outer loop
      vertex -2.03438 0.00100021 -11.5693
      vertex -1.14915 2.5 -9.22246
      vertex -2.27073 0.00100021 -11.4566
    endloop
  endfacet
  facet normal -0.369491 -0.706977 0.603042
    outer loop
      vertex 2.50086 0.00100021 -11.3316
      vertex 2.72413 0.00100021 -11.1948
      vertex 1.32209 2.5 -9.12414
    endloop
  endfacet
  facet normal -0.477305 0 0.878738
    outer loop
      vertex 2.27073 0.00100021 -11.4566
      vertex 2.50086 0 -11.3316
      vertex 2.50086 0.00100021 -11.3316
    endloop
  endfacet
  facet normal -0.477305 0 0.878738
    outer loop
      vertex 2.50086 0 -11.3316
      vertex 2.27073 0.00100021 -11.4566
      vertex 2.27073 0 -11.4566
    endloop
  endfacet
  facet normal -0.523962 -0.707488 0.474262
    outer loop
      vertex 3.717 0.00100021 -10.3468
      vertex 1.92017 2.5 -8.604
      vertex 1.78667 2.5 -8.75149
    endloop
  endfacet
  facet normal 0.0261592 0 -0.999658
    outer loop
      vertex -0.261769 0 -2.00514
      vertex 0 0.00100021 -1.99829
      vertex 0 0 -1.99829
    endloop
  endfacet
  facet normal 0.0261592 0 -0.999658
    outer loop
      vertex 0 0.00100021 -1.99829
      vertex -0.261769 0 -2.00514
      vertex -0.261769 0.00100021 -2.00514
    endloop
  endfacet
  facet normal 0.41995 -0.707467 -0.568447
    outer loop
      vertex -1.56551 2.5 -5.04831
      vertex -1.4055 2.5 -4.9301
      vertex -2.93993 0.00100021 -2.95353
    endloop
  endfacet
  facet normal 0.459203 -0.707136 -0.537672
    outer loop
      vertex -1.56551 2.5 -5.04831
      vertex -3.14768 0.00100021 -3.11294
      vertex -3.3468 0.00100021 -3.283
    endloop
  endfacet
  facet normal -0.484708 -0.707312 0.514556
    outer loop
      vertex 3.3468 0.00100021 -10.717
      vertex 1.78667 2.5 -8.75149
      vertex 1.64186 2.5 -8.8879
    endloop
  endfacet
  facet normal -0.236064 -0.707022 -0.666629
    outer loop
      vertex 1.79245 0.00100021 -2.3305
      vertex 1.54561 0.00100021 -2.24309
      vertex 0.87647 2.5 -4.65656
    endloop
  endfacet
  facet normal 0.382681 0 -0.92388
    outer loop
      vertex -2.03438 0 -2.43071
      vertex -1.79245 0.00100021 -2.3305
      vertex -1.79245 0 -2.3305
    endloop
  endfacet
  facet normal 0.382681 0 -0.92388
    outer loop
      vertex -1.79245 0.00100021 -2.3305
      vertex -2.03438 0 -2.43071
      vertex -2.03438 0.00100021 -2.43071
    endloop
  endfacet
  facet normal -0.463845 -0.707386 -0.533342
    outer loop
      vertex 1.71562 2.5 -5.17886
      vertex 3.3468 0.00100021 -3.283
      vertex 1.56551 2.5 -5.04831
    endloop
  endfacet
  facet normal -0.128879 -0.707011 -0.69536
    outer loop
      vertex 1.03991 0.00100021 -2.10759
      vertex 0.78244 0.00100021 -2.05987
      vertex 0.494208 2.5 -4.54732
    endloop
  endfacet
  facet normal -0.337535 -0.707044 0.621416
    outer loop
      vertex 2.27073 0.00100021 -11.4566
      vertex 2.50086 0.00100021 -11.3316
      vertex 1.14915 2.5 -9.22246
    endloop
  endfacet
  facet normal -0.649526 0 0.760339
    outer loop
      vertex 3.14768 0.00100021 -10.8871
      vertex 3.3468 0 -10.717
      vertex 3.3468 0.00100021 -10.717
    endloop
  endfacet
  facet normal -0.649526 0 0.760339
    outer loop
      vertex 3.3468 0 -10.717
      vertex 3.14768 0.00100021 -10.8871
      vertex 3.14768 0 -10.8871
    endloop
  endfacet
  facet normal 0.703242 -0.70748 0.0701643
    outer loop
      vertex -2.47778 2.5 -7.34711
      vertex -2.49753 2.5 -7.14916
      vertex -4.97431 0.00100021 -7.52282
    endloop
  endfacet
  facet normal 0.705001 -0.707031 0.0554981
    outer loop
      vertex -4.97431 0.00100021 -7.52282
      vertex -2.49753 2.5 -7.14916
      vertex -4.99486 0.00100021 -7.26177
    endloop
  endfacet
  facet normal 0.324602 -0.707478 -0.627781
    outer loop
      vertex -1.2366 2.5 -4.82498
      vertex -1.05989 2.5 -4.73361
      vertex -2.27073 0.00100021 -2.54344
    endloop
  endfacet
  facet normal -0.0183628 -0.707089 0.706886
    outer loop
      vertex 0.261769 0.00100021 -11.9949
      vertex 0 2.5 -9.50198
      vertex 0 0.00100021 -12.0017
    endloop
  endfacet
  facet normal 0.139585 -0.707448 0.692844
    outer loop
      vertex -0.396308 2.5 -9.47039
      vertex -0.591328 2.5 -9.4311
      vertex -1.03991 0.00100021 -11.8924
    endloop
  endfacet
  facet normal 0.706723 -0.707351 0.014035
    outer loop
      vertex -2.49753 2.5 -7.14916
      vertex -2.50148 2.5 -6.95026
      vertex -5.00171 0.00100021 -7
    endloop
  endfacet
  facet normal -0.400594 -0.706973 -0.582849
    outer loop
      vertex 2.93993 0.00100021 -2.95353
      vertex 2.72413 0.00100021 -2.80521
      vertex 1.4055 2.5 -4.9301
    endloop
  endfacet
  facet normal 0.566367 0 0.824153
    outer loop
      vertex -2.93993 0.00100021 -11.0465
      vertex -2.72413 0 -11.1948
      vertex -2.72413 0.00100021 -11.1948
    endloop
  endfacet
  facet normal 0.566367 0 0.824153
    outer loop
      vertex -2.72413 0 -11.1948
      vertex -2.93993 0.00100021 -11.0465
      vertex -2.93993 0 -11.0465
    endloop
  endfacet
  facet normal 0.621297 -0.707244 0.337336
    outer loop
      vertex -4.33161 0.00100021 -9.50086
      vertex -2.15 2.5 -8.2796
      vertex -4.45656 0.00100021 -9.27073
    endloop
  endfacet
  facet normal 0.996916 0 -0.0784778
    outer loop
      vertex -4.97431 0 -6.47718
      vertex -4.99486 0.00100021 -6.73823
      vertex -4.97431 0.00100021 -6.47718
    endloop
  endfacet
  facet normal 0.996916 0 -0.0784778
    outer loop
      vertex -4.99486 0.00100021 -6.73823
      vertex -4.97431 0 -6.47718
      vertex -4.99486 0 -6.73823
    endloop
  endfacet
  facet normal 0.824118 0 -0.566419
    outer loop
      vertex -4.04647 0 -4.06007
      vertex -4.19479 0.00100021 -4.27587
      vertex -4.04647 0.00100021 -4.06007
    endloop
  endfacet
  facet normal 0.824118 0 -0.566419
    outer loop
      vertex -4.19479 0.00100021 -4.27587
      vertex -4.04647 0 -4.06007
      vertex -4.19479 0 -4.27587
    endloop
  endfacet
  facet normal 0.221037 -0.707484 -0.671274
    outer loop
      vertex -0.87647 2.5 -4.65656
      vertex -0.687512 2.5 -4.59434
      vertex -1.54561 0.00100021 -2.24309
    endloop
  endfacet
  facet normal -0.194237 -0.707395 0.679606
    outer loop
      vertex 1.29454 0.00100021 -11.8313
      vertex 0.78261 2.5 -9.37643
      vertex 0.591328 2.5 -9.4311
    endloop
  endfacet
  facet normal -0.139585 -0.707448 0.692844
    outer loop
      vertex 1.03991 0.00100021 -11.8924
      vertex 0.591328 2.5 -9.4311
      vertex 0.396308 2.5 -9.47039
    endloop
  endfacet
  facet normal 0.653374 -0.707007 0.270635
    outer loop
      vertex -4.56929 0.00100021 -9.03438
      vertex -2.32555 2.5 -7.92289
      vertex -4.6695 0.00100021 -8.79245
    endloop
  endfacet
  facet normal 0.983254 -0 0.182238
    outer loop
      vertex -4.94013 0 -7.78244
      vertex -4.89241 0.00100021 -8.03991
      vertex -4.94013 0.00100021 -7.78244
    endloop
  endfacet
  facet normal 0.983254 0 0.182238
    outer loop
      vertex -4.89241 0.00100021 -8.03991
      vertex -4.94013 0 -7.78244
      vertex -4.89241 0 -8.03991
    endloop
  endfacet
  facet normal 0.165044 -0.707208 -0.687472
    outer loop
      vertex -0.494208 2.5 -4.54732
      vertex -1.03991 0.00100021 -2.10759
      vertex -1.29454 0.00100021 -2.16872
    endloop
  endfacet
  facet normal 0.695605 -0.707321 0.125818
    outer loop
      vertex -2.44237 2.5 -7.54288
      vertex -2.47778 2.5 -7.34711
      vertex -4.94013 0.00100021 -7.78244
    endloop
  endfacet
  facet normal 0.695184 -0.70719 0.128847
    outer loop
      vertex -4.89241 0.00100021 -8.03991
      vertex -2.44237 2.5 -7.54288
      vertex -4.94013 0.00100021 -7.78244
    endloop
  endfacet
  facet normal 0.0554817 -0.707234 -0.704799
    outer loop
      vertex -0.0994692 2.5 -4.5
      vertex -0.261769 0.00100021 -2.00514
      vertex -0.522821 0.00100021 -2.02569
    endloop
  endfacet
  facet normal -0.649438 0 -0.760415
    outer loop
      vertex 3.14768 0 -3.11294
      vertex 3.3468 0.00100021 -3.283
      vertex 3.3468 0 -3.283
    endloop
  endfacet
  facet normal -0.649438 0 -0.760415
    outer loop
      vertex 3.3468 0.00100021 -3.283
      vertex 3.14768 0 -3.11294
      vertex 3.14768 0.00100021 -3.11294
    endloop
  endfacet
  facet normal 0.0923506 -0.707105 0.701052
    outer loop
      vertex -0.522821 0.00100021 -11.9743
      vertex -0.396308 2.5 -9.47039
      vertex -0.78244 0.00100021 -11.9401
    endloop
  endfacet
  facet normal -0.0261592 0 -0.999658
    outer loop
      vertex 0 0 -1.99829
      vertex 0.261769 0.00100021 -2.00514
      vertex 0.261769 0 -2.00514
    endloop
  endfacet
  facet normal -0.0261592 0 -0.999658
    outer loop
      vertex 0.261769 0.00100021 -2.00514
      vertex 0 0 -1.99829
      vertex 0 0.00100021 -1.99829
    endloop
  endfacet
  facet normal 0.200897 -0.707128 0.677946
    outer loop
      vertex -1.29454 0.00100021 -11.8313
      vertex -0.78261 2.5 -9.37643
      vertex -1.54561 0.00100021 -11.7569
    endloop
  endfacet
  facet normal -0.130528 0 -0.991445
    outer loop
      vertex 0.522821 0 -2.02569
      vertex 0.78244 0.00100021 -2.05987
      vertex 0.78244 0 -2.05987
    endloop
  endfacet
  facet normal -0.130528 0 -0.991445
    outer loop
      vertex 0.78244 0.00100021 -2.05987
      vertex 0.522821 0 -2.02569
      vertex 0.522821 0.00100021 -2.02569
    endloop
  endfacet
  facet normal 0.92388 -0 0.382681
    outer loop
      vertex -4.6695 0 -8.79245
      vertex -4.56929 0.00100021 -9.03438
      vertex -4.6695 0.00100021 -8.79245
    endloop
  endfacet
  facet normal 0.92388 0 0.382681
    outer loop
      vertex -4.56929 0.00100021 -9.03438
      vertex -4.6695 0 -8.79245
      vertex -4.56929 0 -9.03438
    endloop
  endfacet
  facet normal -0.0923506 -0.707105 0.701052
    outer loop
      vertex 0.522821 0.00100021 -11.9743
      vertex 0.78244 0.00100021 -11.9401
      vertex 0.396308 2.5 -9.47039
    endloop
  endfacet
  facet normal 0.349293 -0.707474 0.61439
    outer loop
      vertex -1.14915 2.5 -9.22246
      vertex -1.32209 2.5 -9.12414
      vertex -2.50086 0.00100021 -11.3316
    endloop
  endfacet
  facet normal -0.560133 -0.70728 0.431284
    outer loop
      vertex 3.88706 0.00100021 -10.1477
      vertex 2.04154 2.5 -8.44637
      vertex 1.92017 2.5 -8.604
    endloop
  endfacet
  facet normal 0.983254 0 -0.182238
    outer loop
      vertex -4.89241 0 -5.96009
      vertex -4.94013 0.00100021 -6.21756
      vertex -4.89241 0.00100021 -5.96009
    endloop
  endfacet
  facet normal 0.983254 0 -0.182238
    outer loop
      vertex -4.94013 0.00100021 -6.21756
      vertex -4.89241 0 -5.96009
      vertex -4.94013 0 -6.21756
    endloop
  endfacet
  facet normal 0.512954 -0.707067 -0.486759
    outer loop
      vertex -1.85489 2.5 -5.32093
      vertex -3.53675 0.00100021 -3.46325
      vertex -3.717 0.00100021 -3.6532
    endloop
  endfacet
  facet normal 0.542447 -0.707408 -0.453128
    outer loop
      vertex -1.98243 2.5 -5.47361
      vertex -1.85489 2.5 -5.32093
      vertex -3.88706 0.00100021 -3.85232
    endloop
  endfacet
  facet normal 0.638232 -0.707101 -0.304413
    outer loop
      vertex -2.28702 2.5 -5.98538
      vertex -4.45656 0.00100021 -4.72927
      vertex -4.56929 0.00100021 -4.96562
    endloop
  endfacet
  facet normal 0.65331 -0.707077 -0.270608
    outer loop
      vertex -2.28702 2.5 -5.98538
      vertex -4.56929 0.00100021 -4.96562
      vertex -4.6695 0.00100021 -5.20755
    endloop
  endfacet
  facet normal 0.90259 0 -0.430501
    outer loop
      vertex -4.45656 0 -4.72927
      vertex -4.56929 0.00100021 -4.96562
      vertex -4.45656 0.00100021 -4.72927
    endloop
  endfacet
  facet normal 0.90259 0 -0.430501
    outer loop
      vertex -4.56929 0.00100021 -4.96562
      vertex -4.45656 0 -4.72927
      vertex -4.56929 0 -4.96562
    endloop
  endfacet
  facet normal -0.221037 -0.707484 -0.671274
    outer loop
      vertex 0.87647 2.5 -4.65656
      vertex 1.54561 0.00100021 -2.24309
      vertex 0.687512 2.5 -4.59434
    endloop
  endfacet
  facet normal -0.459203 -0.707136 -0.537672
    outer loop
      vertex 3.3468 0.00100021 -3.283
      vertex 3.14768 0.00100021 -3.11294
      vertex 1.56551 2.5 -5.04831
    endloop
  endfacet
  facet normal 0.0561819 -0.707266 -0.704711
    outer loop
      vertex -0.29778 2.5 -4.51581
      vertex -0.0994692 2.5 -4.5
      vertex -0.522821 0.00100021 -2.02569
    endloop
  endfacet
  facet normal 0.333805 0 -0.942642
    outer loop
      vertex -1.79245 0 -2.3305
      vertex -1.54561 0.00100021 -2.24309
      vertex -1.54561 0 -2.24309
    endloop
  endfacet
  facet normal 0.333805 0 -0.942642
    outer loop
      vertex -1.54561 0.00100021 -2.24309
      vertex -1.79245 0 -2.3305
      vertex -1.79245 0.00100021 -2.3305
    endloop
  endfacet
  facet normal 0.649438 0 -0.760415
    outer loop
      vertex -3.3468 0 -3.283
      vertex -3.14768 0.00100021 -3.11294
      vertex -3.14768 0 -3.11294
    endloop
  endfacet
  facet normal 0.649438 0 -0.760415
    outer loop
      vertex -3.14768 0.00100021 -3.11294
      vertex -3.3468 0 -3.283
      vertex -3.3468 0.00100021 -3.283
    endloop
  endfacet
  facet normal -0 -0.70749 -0.706723
    outer loop
      vertex 0.0994692 2.5 -4.5
      vertex 0 0.00100021 -1.99829
      vertex -0.0994692 2.5 -4.5
    endloop
  endfacet
  facet normal -0.59245 -0.707491 0.385304
    outer loop
      vertex 4.19479 0.00100021 -9.72413
      vertex 2.15 2.5 -8.2796
      vertex 2.04154 2.5 -8.44637
    endloop
  endfacet
  facet normal -0.603 -0.706999 0.369519
    outer loop
      vertex 4.19479 0.00100021 -9.72413
      vertex 4.33161 0.00100021 -9.50086
      vertex 2.15 2.5 -8.2796
    endloop
  endfacet
  facet normal -0.477158 0 -0.878818
    outer loop
      vertex 2.27073 0 -2.54344
      vertex 2.50086 0.00100021 -2.66839
      vertex 2.50086 0 -2.66839
    endloop
  endfacet
  facet normal -0.477158 0 -0.878818
    outer loop
      vertex 2.50086 0.00100021 -2.66839
      vertex 2.27073 0 -2.54344
      vertex 2.27073 0.00100021 -2.54344
    endloop
  endfacet
  facet normal -0.0841309 -0.707413 0.701775
    outer loop
      vertex 0.522821 0.00100021 -11.9743
      vertex 0.396308 2.5 -9.47039
      vertex 0.198782 2.5 -9.49407
    endloop
  endfacet
  facet normal 0.942642 0 -0.333805
    outer loop
      vertex -4.6695 0 -5.20755
      vertex -4.75691 0.00100021 -5.45439
      vertex -4.6695 0.00100021 -5.20755
    endloop
  endfacet
  facet normal 0.942642 0 -0.333805
    outer loop
      vertex -4.75691 0.00100021 -5.45439
      vertex -4.6695 0 -5.20755
      vertex -4.75691 0 -5.45439
    endloop
  endfacet
  facet normal 0.270625 -0.706973 0.653415
    outer loop
      vertex -1.79245 0.00100021 -11.6695
      vertex -0.968944 2.5 -9.30674
      vertex -2.03438 0.00100021 -11.5693
    endloop
  endfacet
  facet normal -0.537759 -0.706991 0.459324
    outer loop
      vertex 3.717 0.00100021 -10.3468
      vertex 3.88706 0.00100021 -10.1477
      vertex 1.92017 2.5 -8.604
    endloop
  endfacet
  facet normal -0.612283 -0.707212 -0.353498
    outer loop
      vertex 5.77547 0.00100021 -7
      vertex 4.33161 0.00100021 -4.49914
      vertex 2.88902 2.5 -7
    endloop
  endfacet
  facet normal -0.200863 -0.706985 -0.678105
    outer loop
      vertex 1.54561 0.00100021 -2.24309
      vertex 1.29454 0.00100021 -2.16872
      vertex 0.687512 2.5 -4.59434
    endloop
  endfacet
  facet normal -0.537688 -0.707116 -0.459216
    outer loop
      vertex 3.88706 0.00100021 -3.85232
      vertex 3.717 0.00100021 -3.6532
      vertex 1.85489 2.5 -5.32093
    endloop
  endfacet
  facet normal -0.504702 -0.707456 -0.494755
    outer loop
      vertex 1.85489 2.5 -5.32093
      vertex 3.53675 0.00100021 -3.46325
      vertex 1.71562 2.5 -5.17886
    endloop
  endfacet
  facet normal 0.373501 -0.707359 -0.600117
    outer loop
      vertex -1.4055 2.5 -4.9301
      vertex -1.2366 2.5 -4.82498
      vertex -2.72413 0.00100021 -2.80521
    endloop
  endfacet
  facet normal 0.793357 0 -0.608756
    outer loop
      vertex -3.88706 0 -3.85232
      vertex -4.04647 0.00100021 -4.06007
      vertex -3.88706 0.00100021 -3.85232
    endloop
  endfacet
  facet normal 0.793357 0 -0.608756
    outer loop
      vertex -4.04647 0.00100021 -4.06007
      vertex -3.88706 0 -3.85232
      vertex -4.04647 0 -4.06007
    endloop
  endfacet
  facet normal -0.793386 0 0.608719
    outer loop
      vertex 3.88706 0 -10.1477
      vertex 4.04647 0.00100021 -9.93993
      vertex 3.88706 0.00100021 -10.1477
    endloop
  endfacet
  facet normal -0.793386 0 0.608719
    outer loop
      vertex 4.04647 0.00100021 -9.93993
      vertex 3.88706 0 -10.1477
      vertex 4.04647 0 -9.93993
    endloop
  endfacet
  facet normal -0.612205 -0.707242 0.353573
    outer loop
      vertex 4.33161 0.00100021 -9.50086
      vertex 2.88902 2.5 -7
      vertex 2.15 2.5 -8.2796
    endloop
  endfacet
  facet normal 0.0281019 -0.70744 0.706214
    outer loop
      vertex 0 2.5 -9.50198
      vertex -0.198782 2.5 -9.49407
      vertex -0.261769 0.00100021 -11.9949
    endloop
  endfacet
  facet normal 0.0841309 -0.707413 0.701775
    outer loop
      vertex -0.198782 2.5 -9.49407
      vertex -0.396308 2.5 -9.47039
      vertex -0.522821 0.00100021 -11.9743
    endloop
  endfacet
  facet normal -0.486742 -0.707195 0.512793
    outer loop
      vertex 3.3468 0.00100021 -10.717
      vertex 3.53675 0.00100021 -10.5367
      vertex 1.78667 2.5 -8.75149
    endloop
  endfacet
  facet normal -0.51293 -0.707012 0.486864
    outer loop
      vertex 3.53675 0.00100021 -10.5367
      vertex 3.717 0.00100021 -10.3468
      vertex 1.78667 2.5 -8.75149
    endloop
  endfacet
  facet normal 0.16708 -0.7073 -0.686885
    outer loop
      vertex -0.687512 2.5 -4.59434
      vertex -0.494208 2.5 -4.54732
      vertex -1.29454 0.00100021 -2.16872
    endloop
  endfacet
  facet normal -0.0259683 0 0.999663
    outer loop
      vertex 0 0.00100021 -12.0017
      vertex 0.261769 0 -11.9949
      vertex 0.261769 0.00100021 -11.9949
    endloop
  endfacet
  facet normal -0.0259683 0 0.999663
    outer loop
      vertex 0.261769 0 -11.9949
      vertex 0 0.00100021 -12.0017
      vertex 0 0 -12.0017
    endloop
  endfacet
  facet normal -0.397089 -0.707343 0.584796
    outer loop
      vertex 2.72413 0.00100021 -11.1948
      vertex 1.48668 2.5 -9.01238
      vertex 1.32209 2.5 -9.12414
    endloop
  endfacet
  facet normal -0.400442 -0.707177 0.582706
    outer loop
      vertex 2.72413 0.00100021 -11.1948
      vertex 2.93993 0.00100021 -11.0465
      vertex 1.48668 2.5 -9.01238
    endloop
  endfacet
  facet normal -0.304323 -0.707156 0.638214
    outer loop
      vertex 2.03438 0.00100021 -11.5693
      vertex 2.27073 0.00100021 -11.4566
      vertex 1.14915 2.5 -9.22246
    endloop
  endfacet
  facet normal -0.430485 -0.707031 0.561062
    outer loop
      vertex 2.93993 0.00100021 -11.0465
      vertex 3.14768 0.00100021 -10.8871
      vertex 1.48668 2.5 -9.01238
    endloop
  endfacet
  facet normal -0.442216 -0.707487 0.551277
    outer loop
      vertex 3.14768 0.00100021 -10.8871
      vertex 1.64186 2.5 -8.8879
      vertex 1.48668 2.5 -9.01238
    endloop
  endfacet
  facet normal 0.0786669 0 0.996901
    outer loop
      vertex -0.522821 0.00100021 -11.9743
      vertex -0.261769 0 -11.9949
      vertex -0.261769 0.00100021 -11.9949
    endloop
  endfacet
  facet normal 0.0786669 0 0.996901
    outer loop
      vertex -0.261769 0 -11.9949
      vertex -0.522821 0.00100021 -11.9743
      vertex -0.522821 0 -11.9743
    endloop
  endfacet
  facet normal 0.942642 -0 0.333805
    outer loop
      vertex -4.75691 0 -8.54561
      vertex -4.6695 0.00100021 -8.79245
      vertex -4.75691 0.00100021 -8.54561
    endloop
  endfacet
  facet normal 0.942642 0 0.333805
    outer loop
      vertex -4.6695 0.00100021 -8.79245
      vertex -4.75691 0 -8.54561
      vertex -4.6695 0 -8.79245
    endloop
  endfacet
  facet normal -0.236029 -0.707054 0.666607
    outer loop
      vertex 1.54561 0.00100021 -11.7569
      vertex 1.79245 0.00100021 -11.6695
      vertex 0.78261 2.5 -9.37643
    endloop
  endfacet
  facet normal -0.382681 0 -0.92388
    outer loop
      vertex 1.79245 0 -2.3305
      vertex 2.03438 0.00100021 -2.43071
      vertex 2.03438 0 -2.43071
    endloop
  endfacet
  facet normal -0.382681 0 -0.92388
    outer loop
      vertex 2.03438 0.00100021 -2.43071
      vertex 1.79245 0 -2.3305
      vertex 1.79245 0.00100021 -2.3305
    endloop
  endfacet
  facet normal 0.646 -0.707489 0.286606
    outer loop
      vertex -2.24487 2.5 -8.10474
      vertex -2.32555 2.5 -7.92289
      vertex -4.56929 0.00100021 -9.03438
    endloop
  endfacet
  facet normal 0.247579 -0.707464 0.661967
    outer loop
      vertex -0.78261 2.5 -9.37643
      vertex -0.968944 2.5 -9.30674
      vertex -1.79245 0.00100021 -11.6695
    endloop
  endfacet
  facet normal 0.236029 -0.707054 0.666607
    outer loop
      vertex -1.54561 0.00100021 -11.7569
      vertex -0.78261 2.5 -9.37643
      vertex -1.79245 0.00100021 -11.6695
    endloop
  endfacet
  facet normal 0.522443 0 0.852674
    outer loop
      vertex -2.72413 0.00100021 -11.1948
      vertex -2.50086 0 -11.3316
      vertex -2.50086 0.00100021 -11.3316
    endloop
  endfacet
  facet normal 0.522443 0 0.852674
    outer loop
      vertex -2.50086 0 -11.3316
      vertex -2.72413 0.00100021 -11.1948
      vertex -2.72413 0 -11.1948
    endloop
  endfacet
  facet normal 0.678104 -0.706986 0.200863
    outer loop
      vertex -4.75691 0.00100021 -8.54561
      vertex -2.39152 2.5 -7.73521
      vertex -4.83128 0.00100021 -8.29454
    endloop
  endfacet
  facet normal 0.430408 0 0.902634
    outer loop
      vertex -2.27073 0.00100021 -11.4566
      vertex -2.03438 0 -11.5693
      vertex -2.03438 0.00100021 -11.5693
    endloop
  endfacet
  facet normal 0.430408 0 0.902634
    outer loop
      vertex -2.03438 0 -11.5693
      vertex -2.27073 0.00100021 -11.4566
      vertex -2.27073 0 -11.4566
    endloop
  endfacet
  facet normal 0.649526 0 0.760339
    outer loop
      vertex -3.3468 0.00100021 -10.717
      vertex -3.14768 0 -10.8871
      vertex -3.14768 0.00100021 -10.8871
    endloop
  endfacet
  facet normal 0.649526 0 0.760339
    outer loop
      vertex -3.14768 0 -10.8871
      vertex -3.3468 0.00100021 -10.717
      vertex -3.3468 0 -10.717
    endloop
  endfacet
  facet normal -0.233333 0 0.972397
    outer loop
      vertex 1.03991 0.00100021 -11.8924
      vertex 1.29454 0 -11.8313
      vertex 1.29454 0.00100021 -11.8313
    endloop
  endfacet
  facet normal -0.233333 0 0.972397
    outer loop
      vertex 1.29454 0 -11.8313
      vertex 1.03991 0.00100021 -11.8924
      vertex 1.03991 0 -11.8924
    endloop
  endfacet
  facet normal 0.705484 -0.707472 -0.0421322
    outer loop
      vertex -2.50148 2.5 -6.95026
      vertex -2.48962 2.5 -6.75167
      vertex -4.99486 0.00100021 -6.73823
    endloop
  endfacet
  facet normal 0.382649 0 0.923894
    outer loop
      vertex -2.03438 0.00100021 -11.5693
      vertex -1.79245 0 -11.6695
      vertex -1.79245 0.00100021 -11.6695
    endloop
  endfacet
  facet normal 0.382649 0 0.923894
    outer loop
      vertex -1.79245 0 -11.6695
      vertex -2.03438 0.00100021 -11.5693
      vertex -2.03438 0 -11.5693
    endloop
  endfacet
  facet normal 0.182238 0 -0.983254
    outer loop
      vertex -1.03991 0 -2.10759
      vertex -0.78244 0.00100021 -2.05987
      vertex -0.78244 0 -2.05987
    endloop
  endfacet
  facet normal 0.182238 0 -0.983254
    outer loop
      vertex -0.78244 0.00100021 -2.05987
      vertex -1.03991 0 -2.10759
      vertex -1.03991 0.00100021 -2.10759
    endloop
  endfacet
  facet normal 0.999658 -0 0.0261591
    outer loop
      vertex -5.00171 0 -7
      vertex -4.99486 0.00100021 -7.26177
      vertex -5.00171 0.00100021 -7
    endloop
  endfacet
  facet normal 0.999658 0 0.0261591
    outer loop
      vertex -4.99486 0.00100021 -7.26177
      vertex -5.00171 0 -7
      vertex -4.99486 0 -7.26177
    endloop
  endfacet
  facet normal -0.866027 0 -0.499997
    outer loop
      vertex 5.77547 0 -7
      vertex 4.33161 0.00100021 -4.49914
      vertex 5.77547 0.00100021 -7
    endloop
  endfacet
  facet normal -0.866027 -0 -0.499997
    outer loop
      vertex 4.33161 0.00100021 -4.49914
      vertex 5.77547 0 -7
      vertex 4.33161 0 -4.49914
    endloop
  endfacet
  facet normal 0.284014 0 -0.95882
    outer loop
      vertex -1.54561 0 -2.24309
      vertex -1.29454 0.00100021 -2.16872
      vertex -1.29454 0 -2.16872
    endloop
  endfacet
  facet normal 0.284014 0 -0.95882
    outer loop
      vertex -1.29454 0.00100021 -2.16872
      vertex -1.54561 0 -2.24309
      vertex -1.54561 0.00100021 -2.24309
    endloop
  endfacet
  facet normal 0.537688 -0.707116 -0.459216
    outer loop
      vertex -1.85489 2.5 -5.32093
      vertex -3.717 0.00100021 -3.6532
      vertex -3.88706 0.00100021 -3.85232
    endloop
  endfacet
  facet normal -0.182238 0 -0.983254
    outer loop
      vertex 0.78244 0 -2.05987
      vertex 1.03991 0.00100021 -2.10759
      vertex 1.03991 0 -2.10759
    endloop
  endfacet
  facet normal -0.182238 0 -0.983254
    outer loop
      vertex 1.03991 0.00100021 -2.10759
      vertex 0.78244 0 -2.05987
      vertex 0.78244 0.00100021 -2.05987
    endloop
  endfacet
  facet normal -0.128817 -0.707068 0.695314
    outer loop
      vertex 0.78244 0.00100021 -11.9401
      vertex 1.03991 0.00100021 -11.8924
      vertex 0.396308 2.5 -9.47039
    endloop
  endfacet
  facet normal -0.760415 0 -0.649438
    outer loop
      vertex 3.88706 0 -3.85232
      vertex 3.717 0.00100021 -3.6532
      vertex 3.88706 0.00100021 -3.85232
    endloop
  endfacet
  facet normal -0.760415 -0 -0.649438
    outer loop
      vertex 3.717 0.00100021 -3.6532
      vertex 3.88706 0 -3.85232
      vertex 3.717 0 -3.6532
    endloop
  endfacet
  facet normal -0.0554817 -0.707234 -0.704799
    outer loop
      vertex 0.522821 0.00100021 -2.02569
      vertex 0.261769 0.00100021 -2.00514
      vertex 0.0994692 2.5 -4.5
    endloop
  endfacet
  facet normal 0.725385 0 -0.688343
    outer loop
      vertex -3.53675 0 -3.46325
      vertex -3.717 0.00100021 -3.6532
      vertex -3.53675 0.00100021 -3.46325
    endloop
  endfacet
  facet normal 0.725385 0 -0.688343
    outer loop
      vertex -3.717 0.00100021 -3.6532
      vertex -3.53675 0 -3.46325
      vertex -3.717 0 -3.6532
    endloop
  endfacet
  facet normal -0.430408 0 0.902634
    outer loop
      vertex 2.03438 0.00100021 -11.5693
      vertex 2.27073 0 -11.4566
      vertex 2.27073 0.00100021 -11.4566
    endloop
  endfacet
  facet normal -0.430408 0 0.902634
    outer loop
      vertex 2.27073 0 -11.4566
      vertex 2.03438 0.00100021 -11.5693
      vertex 2.03438 0 -11.5693
    endloop
  endfacet
  facet normal -0.41995 -0.707467 -0.568447
    outer loop
      vertex 1.56551 2.5 -5.04831
      vertex 2.93993 0.00100021 -2.95353
      vertex 1.4055 2.5 -4.9301
    endloop
  endfacet
  facet normal -0.111938 -0.707489 -0.697803
    outer loop
      vertex 0.494208 2.5 -4.54732
      vertex 0.78244 0.00100021 -2.05987
      vertex 0.29778 2.5 -4.51581
    endloop
  endfacet
  facet normal -0.373501 -0.707359 -0.600117
    outer loop
      vertex 1.4055 2.5 -4.9301
      vertex 2.72413 0.00100021 -2.80521
      vertex 1.2366 2.5 -4.82498
    endloop
  endfacet
  facet normal -0.270568 -0.707182 -0.653213
    outer loop
      vertex 2.03438 0.00100021 -2.43071
      vertex 1.79245 0.00100021 -2.3305
      vertex 0.87647 2.5 -4.65656
    endloop
  endfacet
  facet normal -0.43049 -0.70705 -0.561034
    outer loop
      vertex 3.14768 0.00100021 -3.11294
      vertex 2.93993 0.00100021 -2.95353
      vertex 1.56551 2.5 -5.04831
    endloop
  endfacet
  facet normal -0.486825 -0.706971 -0.513023
    outer loop
      vertex 3.53675 0.00100021 -3.46325
      vertex 3.3468 0.00100021 -3.283
      vertex 1.71562 2.5 -5.17886
    endloop
  endfacet
  facet normal -0.688343 0 -0.725385
    outer loop
      vertex 3.3468 0 -3.283
      vertex 3.53675 0.00100021 -3.46325
      vertex 3.53675 0 -3.46325
    endloop
  endfacet
  facet normal -0.688343 0 -0.725385
    outer loop
      vertex 3.53675 0.00100021 -3.46325
      vertex 3.3468 0 -3.283
      vertex 3.3468 0.00100021 -3.283
    endloop
  endfacet
  facet normal 0.700001 -0.707377 -0.0980613
    outer loop
      vertex -2.48962 2.5 -6.75167
      vertex -2.46202 2.5 -6.55465
      vertex -4.94013 0.00100021 -6.21756
    endloop
  endfacet
  facet normal -0.369435 -0.707159 -0.602863
    outer loop
      vertex 2.72413 0.00100021 -2.80521
      vertex 2.50086 0.00100021 -2.66839
      vertex 1.2366 2.5 -4.82498
    endloop
  endfacet
  facet normal -0.333805 0 -0.942642
    outer loop
      vertex 1.54561 0 -2.24309
      vertex 1.79245 0.00100021 -2.3305
      vertex 1.79245 0 -2.3305
    endloop
  endfacet
  facet normal -0.333805 0 -0.942642
    outer loop
      vertex 1.79245 0.00100021 -2.3305
      vertex 1.54561 0 -2.24309
      vertex 1.54561 0.00100021 -2.24309
    endloop
  endfacet
  facet normal -0.725295 0 0.688438
    outer loop
      vertex 3.53675 0 -10.5367
      vertex 3.717 0.00100021 -10.3468
      vertex 3.53675 0.00100021 -10.5367
    endloop
  endfacet
  facet normal -0.725295 0 0.688438
    outer loop
      vertex 3.717 0.00100021 -10.3468
      vertex 3.53675 0 -10.5367
      vertex 3.717 0 -10.3468
    endloop
  endfacet
  facet normal -0.602917 -0.707096 -0.369468
    outer loop
      vertex 4.33161 0.00100021 -4.49914
      vertex 4.19479 0.00100021 -4.27587
      vertex 2.09743 2.5 -5.63593
    endloop
  endfacet
  facet normal -0.824118 0 0.566419
    outer loop
      vertex 4.04647 0 -9.93993
      vertex 4.19479 0.00100021 -9.72413
      vertex 4.04647 0.00100021 -9.93993
    endloop
  endfacet
  facet normal -0.824118 0 0.566419
    outer loop
      vertex 4.19479 0.00100021 -9.72413
      vertex 4.04647 0 -9.93993
      vertex 4.19479 0 -9.72413
    endloop
  endfacet
  facet normal -0.793357 0 -0.608756
    outer loop
      vertex 4.04647 0 -4.06007
      vertex 3.88706 0.00100021 -3.85232
      vertex 4.04647 0.00100021 -4.06007
    endloop
  endfacet
  facet normal -0.793357 -0 -0.608756
    outer loop
      vertex 3.88706 0.00100021 -3.85232
      vertex 4.04647 0 -4.06007
      vertex 3.88706 0 -3.85232
    endloop
  endfacet
  facet normal -0.725385 0 -0.688343
    outer loop
      vertex 3.717 0 -3.6532
      vertex 3.53675 0.00100021 -3.46325
      vertex 3.717 0.00100021 -3.6532
    endloop
  endfacet
  facet normal -0.725385 -0 -0.688343
    outer loop
      vertex 3.53675 0.00100021 -3.46325
      vertex 3.717 0 -3.6532
      vertex 3.53675 0 -3.46325
    endloop
  endfacet
  facet normal -0.760382 0 0.649476
    outer loop
      vertex 3.717 0 -10.3468
      vertex 3.88706 0.00100021 -10.1477
      vertex 3.717 0.00100021 -10.3468
    endloop
  endfacet
  facet normal -0.760382 0 0.649476
    outer loop
      vertex 3.88706 0.00100021 -10.1477
      vertex 3.717 0 -10.3468
      vertex 3.88706 0 -10.1477
    endloop
  endfacet
  facet normal 0.333771 0 0.942654
    outer loop
      vertex -1.79245 0.00100021 -11.6695
      vertex -1.54561 0 -11.7569
      vertex -1.54561 0.00100021 -11.7569
    endloop
  endfacet
  facet normal 0.333771 0 0.942654
    outer loop
      vertex -1.54561 0 -11.7569
      vertex -1.79245 0.00100021 -11.6695
      vertex -1.79245 0 -11.6695
    endloop
  endfacet
  facet normal -0.85264 0 0.522498
    outer loop
      vertex 4.19479 0 -9.72413
      vertex 4.33161 0.00100021 -9.50086
      vertex 4.19479 0.00100021 -9.72413
    endloop
  endfacet
  facet normal -0.85264 0 0.522498
    outer loop
      vertex 4.33161 0.00100021 -9.50086
      vertex 4.19479 0 -9.72413
      vertex 4.33161 0 -9.50086
    endloop
  endfacet
  facet normal 0.0784772 0 -0.996916
    outer loop
      vertex -0.522821 0 -2.02569
      vertex -0.261769 0.00100021 -2.00514
      vertex -0.261769 0 -2.00514
    endloop
  endfacet
  facet normal 0.0784772 0 -0.996916
    outer loop
      vertex -0.261769 0.00100021 -2.00514
      vertex -0.522821 0 -2.02569
      vertex -0.522821 0.00100021 -2.02569
    endloop
  endfacet
  facet normal -0.182164 0 0.983268
    outer loop
      vertex 0.78244 0.00100021 -11.9401
      vertex 1.03991 0 -11.8924
      vertex 1.03991 0.00100021 -11.8924
    endloop
  endfacet
  facet normal -0.182164 0 0.983268
    outer loop
      vertex 1.03991 0 -11.8924
      vertex 0.78244 0.00100021 -11.9401
      vertex 0.78244 0 -11.9401
    endloop
  endfacet
  facet normal 0.701021 -0.707144 -0.0922921
    outer loop
      vertex -2.48962 2.5 -6.75167
      vertex -4.94013 0.00100021 -6.21756
      vertex -4.97431 0.00100021 -6.47718
    endloop
  endfacet
  facet normal 0.165023 -0.706969 0.687722
    outer loop
      vertex -1.03991 0.00100021 -11.8924
      vertex -0.591328 2.5 -9.4311
      vertex -1.29454 0.00100021 -11.8313
    endloop
  endfacet
  facet normal 0.194237 -0.707395 0.679606
    outer loop
      vertex -0.591328 2.5 -9.4311
      vertex -0.78261 2.5 -9.37643
      vertex -1.29454 0.00100021 -11.8313
    endloop
  endfacet
  facet normal -0.28412 0 0.958789
    outer loop
      vertex 1.29454 0.00100021 -11.8313
      vertex 1.54561 0 -11.7569
      vertex 1.54561 0.00100021 -11.7569
    endloop
  endfacet
  facet normal -0.28412 0 0.958789
    outer loop
      vertex 1.54561 0 -11.7569
      vertex 1.29454 0.00100021 -11.8313
      vertex 1.29454 0 -11.8313
    endloop
  endfacet
  facet normal 0.128817 -0.707068 0.695314
    outer loop
      vertex -0.78244 0.00100021 -11.9401
      vertex -0.396308 2.5 -9.47039
      vertex -1.03991 0.00100021 -11.8924
    endloop
  endfacet
  facet normal -0.566419 0 -0.824118
    outer loop
      vertex 2.72413 0 -2.80521
      vertex 2.93993 0.00100021 -2.95353
      vertex 2.93993 0 -2.95353
    endloop
  endfacet
  facet normal -0.566419 0 -0.824118
    outer loop
      vertex 2.93993 0.00100021 -2.95353
      vertex 2.72413 0 -2.80521
      vertex 2.72413 0.00100021 -2.80521
    endloop
  endfacet
  facet normal 0.130603 0 0.991435
    outer loop
      vertex -0.78244 0.00100021 -11.9401
      vertex -0.522821 0 -11.9743
      vertex -0.522821 0.00100021 -11.9743
    endloop
  endfacet
  facet normal 0.130603 0 0.991435
    outer loop
      vertex -0.522821 0 -11.9743
      vertex -0.78244 0.00100021 -11.9401
      vertex -0.78244 0 -11.9401
    endloop
  endfacet
  facet normal 0.337435 -0.707036 -0.62148
    outer loop
      vertex -1.2366 2.5 -4.82498
      vertex -2.27073 0.00100021 -2.54344
      vertex -2.50086 0.00100021 -2.66839
    endloop
  endfacet
  facet normal 0.369435 -0.707159 -0.602863
    outer loop
      vertex -1.2366 2.5 -4.82498
      vertex -2.50086 0.00100021 -2.66839
      vertex -2.72413 0.00100021 -2.80521
    endloop
  endfacet
  facet normal 0.236064 -0.707022 -0.666629
    outer loop
      vertex -0.87647 2.5 -4.65656
      vertex -1.54561 0.00100021 -2.24309
      vertex -1.79245 0.00100021 -2.3305
    endloop
  endfacet
  facet normal 0.602917 -0.707096 -0.369468
    outer loop
      vertex -2.09743 2.5 -5.63593
      vertex -4.19479 0.00100021 -4.27587
      vertex -4.33161 0.00100021 -4.49914
    endloop
  endfacet
  facet normal 0.566419 0 -0.824118
    outer loop
      vertex -2.93993 0 -2.95353
      vertex -2.72413 0.00100021 -2.80521
      vertex -2.72413 0 -2.80521
    endloop
  endfacet
  facet normal 0.566419 0 -0.824118
    outer loop
      vertex -2.72413 0.00100021 -2.80521
      vertex -2.93993 0 -2.95353
      vertex -2.93993 0.00100021 -2.95353
    endloop
  endfacet
  facet normal 0.130528 0 -0.991445
    outer loop
      vertex -0.78244 0 -2.05987
      vertex -0.522821 0.00100021 -2.02569
      vertex -0.522821 0 -2.02569
    endloop
  endfacet
  facet normal 0.130528 0 -0.991445
    outer loop
      vertex -0.522821 0.00100021 -2.02569
      vertex -0.78244 0 -2.05987
      vertex -0.78244 0.00100021 -2.05987
    endloop
  endfacet
  facet normal -0.337435 -0.707036 -0.62148
    outer loop
      vertex 2.50086 0.00100021 -2.66839
      vertex 2.27073 0.00100021 -2.54344
      vertex 1.2366 2.5 -4.82498
    endloop
  endfacet
  facet normal -0.324602 -0.707478 -0.627781
    outer loop
      vertex 1.2366 2.5 -4.82498
      vertex 2.27073 0.00100021 -2.54344
      vertex 1.05989 2.5 -4.73361
    endloop
  endfacet
  facet normal -0.582823 -0.707005 0.400576
    outer loop
      vertex 4.04647 0.00100021 -9.93993
      vertex 4.19479 0.00100021 -9.72413
      vertex 2.04154 2.5 -8.44637
    endloop
  endfacet
  facet normal -0.0786669 0 0.996901
    outer loop
      vertex 0.261769 0.00100021 -11.9949
      vertex 0.522821 0 -11.9743
      vertex 0.522821 0.00100021 -11.9743
    endloop
  endfacet
  facet normal -0.0786669 0 0.996901
    outer loop
      vertex 0.522821 0 -11.9743
      vertex 0.261769 0.00100021 -11.9949
      vertex 0.261769 0 -11.9949
    endloop
  endfacet
  facet normal 0.28412 0 0.958789
    outer loop
      vertex -1.54561 0.00100021 -11.7569
      vertex -1.29454 0 -11.8313
      vertex -1.29454 0.00100021 -11.8313
    endloop
  endfacet
  facet normal 0.28412 0 0.958789
    outer loop
      vertex -1.29454 0 -11.8313
      vertex -1.54561 0.00100021 -11.7569
      vertex -1.54561 0 -11.7569
    endloop
  endfacet
  facet normal 0.477305 0 0.878738
    outer loop
      vertex -2.50086 0.00100021 -11.3316
      vertex -2.27073 0 -11.4566
      vertex -2.27073 0.00100021 -11.4566
    endloop
  endfacet
  facet normal 0.477305 0 0.878738
    outer loop
      vertex -2.27073 0 -11.4566
      vertex -2.50086 0.00100021 -11.3316
      vertex -2.50086 0 -11.3316
    endloop
  endfacet
  facet normal -0.0923123 -0.706992 -0.701171
    outer loop
      vertex 0.78244 0.00100021 -2.05987
      vertex 0.522821 0.00100021 -2.02569
      vertex 0.29778 2.5 -4.51581
    endloop
  endfacet
  facet normal -0.0561819 -0.707266 -0.704711
    outer loop
      vertex 0.29778 2.5 -4.51581
      vertex 0.522821 0.00100021 -2.02569
      vertex 0.0994692 2.5 -4.5
    endloop
  endfacet
  facet normal 0.430501 0 -0.90259
    outer loop
      vertex -2.27073 0 -2.54344
      vertex -2.03438 0.00100021 -2.43071
      vertex -2.03438 0 -2.43071
    endloop
  endfacet
  facet normal 0.430501 0 -0.90259
    outer loop
      vertex -2.03438 0.00100021 -2.43071
      vertex -2.27073 0 -2.54344
      vertex -2.27073 0.00100021 -2.54344
    endloop
  endfacet
  facet normal 0.878818 0 -0.477158
    outer loop
      vertex -4.33161 0 -4.49914
      vertex -4.45656 0.00100021 -4.72927
      vertex -4.33161 0.00100021 -4.49914
    endloop
  endfacet
  facet normal 0.878818 0 -0.477158
    outer loop
      vertex -4.45656 0.00100021 -4.72927
      vertex -4.33161 0 -4.49914
      vertex -4.45656 0 -4.72927
    endloop
  endfacet
  facet normal 0.85264 0 -0.522498
    outer loop
      vertex -4.19479 0 -4.27587
      vertex -4.33161 0.00100021 -4.49914
      vertex -4.19479 0.00100021 -4.27587
    endloop
  endfacet
  facet normal 0.85264 0 -0.522498
    outer loop
      vertex -4.33161 0.00100021 -4.49914
      vertex -4.19479 0 -4.27587
      vertex -4.33161 0 -4.49914
    endloop
  endfacet
  facet normal -0.304466 -0.706979 -0.638343
    outer loop
      vertex 2.27073 0.00100021 -2.54344
      vertex 2.03438 0.00100021 -2.43071
      vertex 1.05989 2.5 -4.73361
    endloop
  endfacet
  facet normal -0.284014 0 -0.95882
    outer loop
      vertex 1.29454 0 -2.16872
      vertex 1.54561 0.00100021 -2.24309
      vertex 1.54561 0 -2.24309
    endloop
  endfacet
  facet normal -0.284014 0 -0.95882
    outer loop
      vertex 1.54561 0.00100021 -2.24309
      vertex 1.29454 0 -2.16872
      vertex 1.29454 0.00100021 -2.16872
    endloop
  endfacet
  facet normal -0.130603 0 0.991435
    outer loop
      vertex 0.522821 0.00100021 -11.9743
      vertex 0.78244 0 -11.9401
      vertex 0.78244 0.00100021 -11.9401
    endloop
  endfacet
  facet normal -0.130603 0 0.991435
    outer loop
      vertex 0.78244 0 -11.9401
      vertex 0.522821 0.00100021 -11.9743
      vertex 0.522821 0 -11.9743
    endloop
  endfacet
  facet normal -0.165023 -0.706969 0.687722
    outer loop
      vertex 1.03991 0.00100021 -11.8924
      vertex 1.29454 0.00100021 -11.8313
      vertex 0.591328 2.5 -9.4311
    endloop
  endfacet
  facet normal -0.382649 0 0.923894
    outer loop
      vertex 1.79245 0.00100021 -11.6695
      vertex 2.03438 0 -11.5693
      vertex 2.03438 0.00100021 -11.5693
    endloop
  endfacet
  facet normal -0.382649 0 0.923894
    outer loop
      vertex 2.03438 0 -11.5693
      vertex 1.79245 0.00100021 -11.6695
      vertex 1.79245 0 -11.6695
    endloop
  endfacet
  facet normal 0.182164 0 0.983268
    outer loop
      vertex -1.03991 0.00100021 -11.8924
      vertex -0.78244 0 -11.9401
      vertex -0.78244 0.00100021 -11.9401
    endloop
  endfacet
  facet normal 0.182164 0 0.983268
    outer loop
      vertex -0.78244 0 -11.9401
      vertex -1.03991 0.00100021 -11.8924
      vertex -1.03991 0 -11.8924
    endloop
  endfacet
  facet normal 0.459416 0 -0.888221
    outer loop
      vertex -1.2366 2.5 57.175
      vertex -1.05989 3.79999 57.2664
      vertex -1.05989 2.5 57.2664
    endloop
  endfacet
  facet normal 0.459416 0 -0.888221
    outer loop
      vertex -1.05989 3.79999 57.2664
      vertex -1.2366 2.5 57.175
      vertex -1.2366 3.79999 57.175
    endloop
  endfacet
  facet normal 0.995057 -0 0.0993046
    outer loop
      vertex -2.49753 2.5 54.8508
      vertex -2.47778 3.79999 54.6529
      vertex -2.49753 3.79999 54.8508
    endloop
  endfacet
  facet normal 0.995057 0 0.0993046
    outer loop
      vertex -2.47778 3.79999 54.6529
      vertex -2.49753 2.5 54.8508
      vertex -2.47778 2.5 54.6529
    endloop
  endfacet
  facet normal 0 0 -1
    outer loop
      vertex -0.0994692 2.5 57.5
      vertex 0.0994692 3.79999 57.5
      vertex 0.0994692 2.5 57.5
    endloop
  endfacet
  facet normal -0 0 -1
    outer loop
      vertex 0.0994692 3.79999 57.5
      vertex -0.0994692 2.5 57.5
      vertex -0.0994692 3.79999 57.5
    endloop
  endfacet
  facet normal -0.158341 0 -0.987384
    outer loop
      vertex 0.29778 2.5 57.4842
      vertex 0.494208 3.79999 57.4527
      vertex 0.494208 2.5 57.4527
    endloop
  endfacet
  facet normal -0.158341 0 -0.987384
    outer loop
      vertex 0.494208 3.79999 57.4527
      vertex 0.29778 2.5 57.4842
      vertex 0.29778 3.79999 57.4842
    endloop
  endfacet
  facet normal -0.387077 0 -0.922047
    outer loop
      vertex 0.87647 2.5 57.3434
      vertex 1.05989 3.79999 57.2664
      vertex 1.05989 2.5 57.2664
    endloop
  endfacet
  facet normal -0.387077 0 -0.922047
    outer loop
      vertex 1.05989 3.79999 57.2664
      vertex 0.87647 2.5 57.3434
      vertex 0.87647 3.79999 57.3434
    endloop
  endfacet
  facet normal -0.767504 0 -0.641044
    outer loop
      vertex 1.98243 2.5 56.5264
      vertex 1.85489 3.79999 56.6791
      vertex 1.98243 3.79999 56.5264
    endloop
  endfacet
  facet normal -0.767504 -0 -0.641044
    outer loop
      vertex 1.85489 3.79999 56.6791
      vertex 1.98243 2.5 56.5264
      vertex 1.85489 2.5 56.6791
    endloop
  endfacet
  facet normal 0.955868 0 -0.293796
    outer loop
      vertex -2.3604 2.5 55.8297
      vertex -2.41886 3.79999 55.6395
      vertex -2.3604 3.79999 55.8297
    endloop
  endfacet
  facet normal 0.955868 0 -0.293796
    outer loop
      vertex -2.41886 3.79999 55.6395
      vertex -2.3604 2.5 55.8297
      vertex -2.41886 2.5 55.6395
    endloop
  endfacet
  facet normal 0.998222 0 -0.0596118
    outer loop
      vertex -2.48962 2.5 55.2483
      vertex -2.50148 3.79999 55.0497
      vertex -2.48962 3.79999 55.2483
    endloop
  endfacet
  facet normal 0.998222 0 -0.0596118
    outer loop
      vertex -2.50148 3.79999 55.0497
      vertex -2.48962 2.5 55.2483
      vertex -2.50148 2.5 55.0497
    endloop
  endfacet
  facet normal 0.897244 0 -0.441535
    outer loop
      vertex -2.19918 2.5 56.1931
      vertex -2.28702 3.79999 56.0146
      vertex -2.19918 3.79999 56.1931
    endloop
  endfacet
  facet normal 0.897244 0 -0.441535
    outer loop
      vertex -2.28702 3.79999 56.0146
      vertex -2.19918 2.5 56.1931
      vertex -2.28702 2.5 56.0146
    endloop
  endfacet
  facet normal 0.11913 0 0.992879
    outer loop
      vertex -0.396308 3.79999 52.5296
      vertex -0.198782 2.5 52.5059
      vertex -0.198782 3.79999 52.5059
    endloop
  endfacet
  facet normal 0.11913 0 0.992879
    outer loop
      vertex -0.198782 2.5 52.5059
      vertex -0.396308 3.79999 52.5296
      vertex -0.396308 2.5 52.5296
    endloop
  endfacet
  facet normal -0.86571 0 -0.500546
    outer loop
      vertex 2.88902 2.5 55
      vertex 2.19918 3.79999 56.1931
      vertex 2.88902 3.79999 55
    endloop
  endfacet
  facet normal -0.86571 -0 -0.500546
    outer loop
      vertex 2.19918 3.79999 56.1931
      vertex 2.88902 2.5 55
      vertex 2.19918 2.5 56.1931
    endloop
  endfacet
  facet normal -0.685653 0 0.727928
    outer loop
      vertex 1.64186 3.79999 53.1121
      vertex 1.78667 2.5 53.2485
      vertex 1.78667 3.79999 53.2485
    endloop
  endfacet
  facet normal -0.685653 0 0.727928
    outer loop
      vertex 1.78667 2.5 53.2485
      vertex 1.64186 3.79999 53.1121
      vertex 1.64186 2.5 53.1121
    endloop
  endfacet
  facet normal -0.859372 0 -0.511351
    outer loop
      vertex 2.19918 2.5 56.1931
      vertex 2.09743 3.79999 56.3641
      vertex 2.19918 3.79999 56.1931
    endloop
  endfacet
  facet normal -0.859372 -0 -0.511351
    outer loop
      vertex 2.09743 3.79999 56.3641
      vertex 2.19918 2.5 56.1931
      vertex 2.09743 2.5 56.3641
    endloop
  endfacet
  facet normal -0.197547 0 0.980294
    outer loop
      vertex 0.396308 3.79999 52.5296
      vertex 0.591328 2.5 52.5689
      vertex 0.591328 3.79999 52.5689
    endloop
  endfacet
  facet normal -0.197547 0 0.980294
    outer loop
      vertex 0.591328 2.5 52.5689
      vertex 0.396308 3.79999 52.5296
      vertex 0.396308 2.5 52.5296
    endloop
  endfacet
  facet normal -0.792286 0 0.61015
    outer loop
      vertex 1.92017 2.5 53.396
      vertex 2.04154 3.79999 53.5536
      vertex 1.92017 3.79999 53.396
    endloop
  endfacet
  facet normal -0.792286 0 0.61015
    outer loop
      vertex 2.04154 3.79999 53.5536
      vertex 1.92017 2.5 53.396
      vertex 2.04154 2.5 53.5536
    endloop
  endfacet
  facet normal 0.387077 0 -0.922047
    outer loop
      vertex -1.05989 2.5 57.2664
      vertex -0.87647 3.79999 57.3434
      vertex -0.87647 2.5 57.3434
    endloop
  endfacet
  facet normal 0.387077 0 -0.922047
    outer loop
      vertex -0.87647 3.79999 57.3434
      vertex -1.05989 2.5 57.2664
      vertex -1.05989 3.79999 57.2664
    endloop
  endfacet
  facet normal -0.713936 0 -0.700211
    outer loop
      vertex 1.85489 2.5 56.6791
      vertex 1.71562 3.79999 56.8211
      vertex 1.85489 3.79999 56.6791
    endloop
  endfacet
  facet normal -0.713936 -0 -0.700211
    outer loop
      vertex 1.71562 3.79999 56.8211
      vertex 1.85489 2.5 56.6791
      vertex 1.71562 2.5 56.8211
    endloop
  endfacet
  facet normal 0.815936 0 -0.578143
    outer loop
      vertex -1.98243 2.5 56.5264
      vertex -2.09743 3.79999 56.3641
      vertex -1.98243 3.79999 56.5264
    endloop
  endfacet
  facet normal 0.815936 0 -0.578143
    outer loop
      vertex -2.09743 3.79999 56.3641
      vertex -1.98243 2.5 56.5264
      vertex -2.09743 2.5 56.3641
    endloop
  endfacet
  facet normal -0.838352 0 0.54513
    outer loop
      vertex 2.04154 2.5 53.5536
      vertex 2.15 3.79999 53.7204
      vertex 2.04154 3.79999 53.5536
    endloop
  endfacet
  facet normal -0.838352 0 0.54513
    outer loop
      vertex 2.15 3.79999 53.7204
      vertex 2.04154 2.5 53.5536
      vertex 2.15 2.5 53.7204
    endloop
  endfacet
  facet normal -0.423314 0 0.905983
    outer loop
      vertex 0.968944 3.79999 52.6933
      vertex 1.14915 2.5 52.7775
      vertex 1.14915 3.79999 52.7775
    endloop
  endfacet
  facet normal -0.423314 0 0.905983
    outer loop
      vertex 1.14915 2.5 52.7775
      vertex 0.968944 3.79999 52.6933
      vertex 0.968944 2.5 52.6933
    endloop
  endfacet
  facet normal 0.313123 0 -0.949713
    outer loop
      vertex -0.87647 2.5 57.3434
      vertex -0.687512 3.79999 57.4057
      vertex -0.687512 2.5 57.4057
    endloop
  endfacet
  facet normal 0.313123 0 -0.949713
    outer loop
      vertex -0.687512 3.79999 57.4057
      vertex -0.87647 2.5 57.3434
      vertex -0.87647 3.79999 57.3434
    endloop
  endfacet
  facet normal 0.350351 0 0.936618
    outer loop
      vertex -0.968944 3.79999 52.6933
      vertex -0.78261 2.5 52.6236
      vertex -0.78261 3.79999 52.6236
    endloop
  endfacet
  facet normal 0.350351 0 0.936618
    outer loop
      vertex -0.78261 2.5 52.6236
      vertex -0.968944 3.79999 52.6933
      vertex -0.968944 2.5 52.6933
    endloop
  endfacet
  facet normal -0.528326 0 -0.849042
    outer loop
      vertex 1.2366 2.5 57.175
      vertex 1.4055 3.79999 57.0699
      vertex 1.4055 2.5 57.0699
    endloop
  endfacet
  facet normal -0.528326 0 -0.849042
    outer loop
      vertex 1.4055 3.79999 57.0699
      vertex 1.2366 2.5 57.175
      vertex 1.2366 3.79999 57.175
    endloop
  endfacet
  facet normal 0.685653 0 0.727928
    outer loop
      vertex -1.78667 3.79999 53.2485
      vertex -1.64186 2.5 53.1121
      vertex -1.64186 3.79999 53.1121
    endloop
  endfacet
  facet normal 0.685653 0 0.727928
    outer loop
      vertex -1.64186 2.5 53.1121
      vertex -1.78667 3.79999 53.2485
      vertex -1.78667 2.5 53.2485
    endloop
  endfacet
  facet normal -0.815936 0 -0.578143
    outer loop
      vertex 2.09743 2.5 56.3641
      vertex 1.98243 3.79999 56.5264
      vertex 2.09743 3.79999 56.3641
    endloop
  endfacet
  facet normal -0.815936 -0 -0.578143
    outer loop
      vertex 1.98243 3.79999 56.5264
      vertex 2.09743 2.5 56.3641
      vertex 1.98243 2.5 56.5264
    endloop
  endfacet
  facet normal 0.976182 0 -0.216952
    outer loop
      vertex -2.41886 2.5 55.6395
      vertex -2.46202 3.79999 55.4453
      vertex -2.41886 3.79999 55.6395
    endloop
  endfacet
  facet normal 0.976182 0 -0.216952
    outer loop
      vertex -2.46202 3.79999 55.4453
      vertex -2.41886 2.5 55.6395
      vertex -2.46202 2.5 55.4453
    endloop
  endfacet
  facet normal -0.0794212 0 -0.996841
    outer loop
      vertex 0.0994692 2.5 57.5
      vertex 0.29778 3.79999 57.4842
      vertex 0.29778 2.5 57.4842
    endloop
  endfacet
  facet normal -0.0794212 0 -0.996841
    outer loop
      vertex 0.29778 3.79999 57.4842
      vertex 0.0994692 2.5 57.5
      vertex 0.0994692 3.79999 57.5
    endloop
  endfacet
  facet normal -0.0397107 0 0.999211
    outer loop
      vertex 0 3.79999 52.498
      vertex 0.198782 2.5 52.5059
      vertex 0.198782 3.79999 52.5059
    endloop
  endfacet
  facet normal -0.0397107 0 0.999211
    outer loop
      vertex 0.198782 2.5 52.5059
      vertex 0 3.79999 52.498
      vertex 0 2.5 52.498
    endloop
  endfacet
  facet normal -0.11913 0 0.992879
    outer loop
      vertex 0.198782 3.79999 52.5059
      vertex 0.396308 2.5 52.5296
      vertex 0.396308 3.79999 52.5296
    endloop
  endfacet
  facet normal -0.11913 0 0.992879
    outer loop
      vertex 0.396308 2.5 52.5296
      vertex 0.198782 3.79999 52.5059
      vertex 0.198782 2.5 52.5059
    endloop
  endfacet
  facet normal 0.929479 0 -0.368876
    outer loop
      vertex -2.28702 2.5 56.0146
      vertex -2.3604 3.79999 55.8297
      vertex -2.28702 3.79999 56.0146
    endloop
  endfacet
  facet normal 0.929479 0 -0.368876
    outer loop
      vertex -2.3604 3.79999 55.8297
      vertex -2.28702 2.5 56.0146
      vertex -2.3604 2.5 55.8297
    endloop
  endfacet
  facet normal -0.656378 0 -0.754432
    outer loop
      vertex 1.56551 2.5 56.9517
      vertex 1.71562 3.79999 56.8211
      vertex 1.71562 2.5 56.8211
    endloop
  endfacet
  facet normal -0.656378 0 -0.754432
    outer loop
      vertex 1.71562 3.79999 56.8211
      vertex 1.56551 2.5 56.9517
      vertex 1.56551 3.79999 56.9517
    endloop
  endfacet
  facet normal -0.459416 0 -0.888221
    outer loop
      vertex 1.05989 2.5 57.2664
      vertex 1.2366 3.79999 57.175
      vertex 1.2366 2.5 57.175
    endloop
  endfacet
  facet normal -0.459416 0 -0.888221
    outer loop
      vertex 1.2366 3.79999 57.175
      vertex 1.05989 2.5 57.2664
      vertex 1.05989 3.79999 57.2664
    endloop
  endfacet
  facet normal 0.0794212 0 -0.996841
    outer loop
      vertex -0.29778 2.5 57.4842
      vertex -0.0994692 3.79999 57.5
      vertex -0.0994692 2.5 57.5
    endloop
  endfacet
  facet normal 0.0794212 0 -0.996841
    outer loop
      vertex -0.0994692 3.79999 57.5
      vertex -0.29778 2.5 57.4842
      vertex -0.29778 3.79999 57.4842
    endloop
  endfacet
  facet normal -0.594169 0 -0.80434
    outer loop
      vertex 1.4055 2.5 57.0699
      vertex 1.56551 3.79999 56.9517
      vertex 1.56551 2.5 56.9517
    endloop
  endfacet
  facet normal -0.594169 0 -0.80434
    outer loop
      vertex 1.56551 3.79999 56.9517
      vertex 1.4055 2.5 57.0699
      vertex 1.4055 3.79999 57.0699
    endloop
  endfacet
  facet normal 0.274944 0 0.96146
    outer loop
      vertex -0.78261 3.79999 52.6236
      vertex -0.591328 2.5 52.5689
      vertex -0.591328 3.79999 52.5689
    endloop
  endfacet
  facet normal 0.274944 0 0.96146
    outer loop
      vertex -0.591328 2.5 52.5689
      vertex -0.78261 3.79999 52.6236
      vertex -0.78261 2.5 52.6236
    endloop
  endfacet
  facet normal -0.236257 0 -0.971691
    outer loop
      vertex 0.494208 2.5 57.4527
      vertex 0.687512 3.79999 57.4057
      vertex 0.687512 2.5 57.4057
    endloop
  endfacet
  facet normal -0.236257 0 -0.971691
    outer loop
      vertex 0.687512 3.79999 57.4057
      vertex 0.494208 2.5 57.4527
      vertex 0.494208 3.79999 57.4527
    endloop
  endfacet
  facet normal 0.741417 -0 0.671045
    outer loop
      vertex -1.92017 2.5 53.396
      vertex -1.78667 3.79999 53.2485
      vertex -1.92017 3.79999 53.396
    endloop
  endfacet
  facet normal 0.741417 0 0.671045
    outer loop
      vertex -1.78667 3.79999 53.2485
      vertex -1.92017 2.5 53.396
      vertex -1.78667 2.5 53.2485
    endloop
  endfacet
  facet normal -0.274944 0 0.96146
    outer loop
      vertex 0.591328 3.79999 52.5689
      vertex 0.78261 2.5 52.6236
      vertex 0.78261 3.79999 52.6236
    endloop
  endfacet
  facet normal -0.274944 0 0.96146
    outer loop
      vertex 0.78261 2.5 52.6236
      vertex 0.591328 3.79999 52.5689
      vertex 0.591328 2.5 52.5689
    endloop
  endfacet
  facet normal 0.197547 0 0.980294
    outer loop
      vertex -0.591328 3.79999 52.5689
      vertex -0.396308 2.5 52.5296
      vertex -0.396308 3.79999 52.5296
    endloop
  endfacet
  facet normal 0.197547 0 0.980294
    outer loop
      vertex -0.396308 2.5 52.5296
      vertex -0.591328 3.79999 52.5689
      vertex -0.591328 2.5 52.5689
    endloop
  endfacet
  facet normal -0.865954 0 0.500123
    outer loop
      vertex 2.15 2.5 53.7204
      vertex 2.88902 3.79999 55
      vertex 2.15 3.79999 53.7204
    endloop
  endfacet
  facet normal -0.865954 0 0.500123
    outer loop
      vertex 2.88902 3.79999 55
      vertex 2.15 2.5 53.7204
      vertex 2.88902 2.5 55
    endloop
  endfacet
  facet normal 0.879013 -0 0.476798
    outer loop
      vertex -2.24487 2.5 53.8953
      vertex -2.15 3.79999 53.7204
      vertex -2.24487 3.79999 53.8953
    endloop
  endfacet
  facet normal 0.879013 0 0.476798
    outer loop
      vertex -2.15 3.79999 53.7204
      vertex -2.24487 2.5 53.8953
      vertex -2.15 2.5 53.7204
    endloop
  endfacet
  facet normal 0.528326 0 -0.849042
    outer loop
      vertex -1.4055 2.5 57.0699
      vertex -1.2366 3.79999 57.175
      vertex -1.2366 2.5 57.175
    endloop
  endfacet
  facet normal 0.528326 0 -0.849042
    outer loop
      vertex -1.2366 3.79999 57.175
      vertex -1.4055 2.5 57.0699
      vertex -1.4055 3.79999 57.0699
    endloop
  endfacet
  facet normal 0.236257 0 -0.971691
    outer loop
      vertex -0.687512 2.5 57.4057
      vertex -0.494208 3.79999 57.4527
      vertex -0.494208 2.5 57.4527
    endloop
  endfacet
  facet normal 0.236257 0 -0.971691
    outer loop
      vertex -0.494208 3.79999 57.4527
      vertex -0.687512 2.5 57.4057
      vertex -0.687512 3.79999 57.4057
    endloop
  endfacet
  facet normal 0.966771 -0 0.255644
    outer loop
      vertex -2.44237 2.5 54.4571
      vertex -2.39152 3.79999 54.2648
      vertex -2.44237 3.79999 54.4571
    endloop
  endfacet
  facet normal 0.966771 0 0.255644
    outer loop
      vertex -2.39152 3.79999 54.2648
      vertex -2.44237 2.5 54.4571
      vertex -2.39152 2.5 54.2648
    endloop
  endfacet
  facet normal 0.984038 -0 0.177961
    outer loop
      vertex -2.47778 2.5 54.6529
      vertex -2.44237 3.79999 54.4571
      vertex -2.47778 3.79999 54.6529
    endloop
  endfacet
  facet normal 0.984038 0 0.177961
    outer loop
      vertex -2.44237 3.79999 54.4571
      vertex -2.47778 2.5 54.6529
      vertex -2.44237 2.5 54.4571
    endloop
  endfacet
  facet normal -0.494536 0 0.869157
    outer loop
      vertex 1.14915 3.79999 52.7775
      vertex 1.32209 2.5 52.8759
      vertex 1.32209 3.79999 52.8759
    endloop
  endfacet
  facet normal -0.494536 0 0.869157
    outer loop
      vertex 1.32209 2.5 52.8759
      vertex 1.14915 3.79999 52.7775
      vertex 1.14915 2.5 52.7775
    endloop
  endfacet
  facet normal 0.656378 0 -0.754432
    outer loop
      vertex -1.71562 2.5 56.8211
      vertex -1.56551 3.79999 56.9517
      vertex -1.56551 2.5 56.9517
    endloop
  endfacet
  facet normal 0.656378 0 -0.754432
    outer loop
      vertex -1.56551 3.79999 56.9517
      vertex -1.71562 2.5 56.8211
      vertex -1.71562 3.79999 56.8211
    endloop
  endfacet
  facet normal 0.990328 0 -0.138746
    outer loop
      vertex -2.46202 2.5 55.4453
      vertex -2.48962 3.79999 55.2483
      vertex -2.46202 3.79999 55.4453
    endloop
  endfacet
  facet normal 0.990328 0 -0.138746
    outer loop
      vertex -2.48962 3.79999 55.2483
      vertex -2.46202 2.5 55.4453
      vertex -2.48962 2.5 55.2483
    endloop
  endfacet
  facet normal 0.158341 0 -0.987384
    outer loop
      vertex -0.494208 2.5 57.4527
      vertex -0.29778 3.79999 57.4842
      vertex -0.29778 2.5 57.4842
    endloop
  endfacet
  facet normal 0.158341 0 -0.987384
    outer loop
      vertex -0.29778 3.79999 57.4842
      vertex -0.494208 2.5 57.4527
      vertex -0.494208 3.79999 57.4527
    endloop
  endfacet
  facet normal -0.741417 0 0.671045
    outer loop
      vertex 1.78667 2.5 53.2485
      vertex 1.92017 3.79999 53.396
      vertex 1.78667 3.79999 53.2485
    endloop
  endfacet
  facet normal -0.741417 0 0.671045
    outer loop
      vertex 1.92017 3.79999 53.396
      vertex 1.78667 2.5 53.2485
      vertex 1.92017 2.5 53.396
    endloop
  endfacet
  facet normal 0.423314 0 0.905983
    outer loop
      vertex -1.14915 3.79999 52.7775
      vertex -0.968944 2.5 52.6933
      vertex -0.968944 3.79999 52.6933
    endloop
  endfacet
  facet normal 0.423314 0 0.905983
    outer loop
      vertex -0.968944 2.5 52.6933
      vertex -1.14915 3.79999 52.7775
      vertex -1.14915 2.5 52.7775
    endloop
  endfacet
  facet normal 0.561549 0 0.827443
    outer loop
      vertex -1.48668 3.79999 52.9876
      vertex -1.32209 2.5 52.8759
      vertex -1.32209 3.79999 52.8759
    endloop
  endfacet
  facet normal 0.561549 0 0.827443
    outer loop
      vertex -1.32209 2.5 52.8759
      vertex -1.48668 3.79999 52.9876
      vertex -1.48668 2.5 52.9876
    endloop
  endfacet
  facet normal 0.494536 0 0.869157
    outer loop
      vertex -1.32209 3.79999 52.8759
      vertex -1.14915 2.5 52.7775
      vertex -1.14915 3.79999 52.7775
    endloop
  endfacet
  facet normal 0.494536 0 0.869157
    outer loop
      vertex -1.14915 2.5 52.7775
      vertex -1.32209 3.79999 52.8759
      vertex -1.32209 2.5 52.8759
    endloop
  endfacet
  facet normal -0.561549 0 0.827443
    outer loop
      vertex 1.32209 3.79999 52.8759
      vertex 1.48668 2.5 52.9876
      vertex 1.48668 3.79999 52.9876
    endloop
  endfacet
  facet normal -0.561549 0 0.827443
    outer loop
      vertex 1.48668 2.5 52.9876
      vertex 1.32209 3.79999 52.8759
      vertex 1.32209 2.5 52.8759
    endloop
  endfacet
  facet normal 0.0397107 0 0.999211
    outer loop
      vertex -0.198782 3.79999 52.5059
      vertex 0 2.5 52.498
      vertex 0 3.79999 52.498
    endloop
  endfacet
  facet normal 0.0397107 0 0.999211
    outer loop
      vertex 0 2.5 52.498
      vertex -0.198782 3.79999 52.5059
      vertex -0.198782 2.5 52.5059
    endloop
  endfacet
  facet normal -0.313123 0 -0.949713
    outer loop
      vertex 0.687512 2.5 57.4057
      vertex 0.87647 3.79999 57.3434
      vertex 0.87647 2.5 57.3434
    endloop
  endfacet
  facet normal -0.313123 0 -0.949713
    outer loop
      vertex 0.87647 3.79999 57.3434
      vertex 0.687512 2.5 57.4057
      vertex 0.687512 3.79999 57.4057
    endloop
  endfacet
  facet normal 0.999803 -0 0.0198553
    outer loop
      vertex -2.50148 2.5 55.0497
      vertex -2.49753 3.79999 54.8508
      vertex -2.50148 3.79999 55.0497
    endloop
  endfacet
  facet normal 0.999803 0 0.0198553
    outer loop
      vertex -2.49753 3.79999 54.8508
      vertex -2.50148 2.5 55.0497
      vertex -2.49753 2.5 54.8508
    endloop
  endfacet
  facet normal 0.838352 -0 0.54513
    outer loop
      vertex -2.15 2.5 53.7204
      vertex -2.04154 3.79999 53.5536
      vertex -2.15 3.79999 53.7204
    endloop
  endfacet
  facet normal 0.838352 0 0.54513
    outer loop
      vertex -2.04154 3.79999 53.5536
      vertex -2.15 2.5 53.7204
      vertex -2.04154 2.5 53.5536
    endloop
  endfacet
  facet normal 0.792286 -0 0.61015
    outer loop
      vertex -2.04154 2.5 53.5536
      vertex -1.92017 3.79999 53.396
      vertex -2.04154 3.79999 53.5536
    endloop
  endfacet
  facet normal 0.792286 0 0.61015
    outer loop
      vertex -1.92017 3.79999 53.396
      vertex -2.04154 2.5 53.5536
      vertex -1.92017 2.5 53.396
    endloop
  endfacet
  facet normal 0.859372 0 -0.511351
    outer loop
      vertex -2.09743 2.5 56.3641
      vertex -2.19918 3.79999 56.1931
      vertex -2.09743 3.79999 56.3641
    endloop
  endfacet
  facet normal 0.859372 0 -0.511351
    outer loop
      vertex -2.19918 3.79999 56.1931
      vertex -2.09743 2.5 56.3641
      vertex -2.19918 2.5 56.1931
    endloop
  endfacet
  facet normal 0.713936 0 -0.700211
    outer loop
      vertex -1.71562 2.5 56.8211
      vertex -1.85489 3.79999 56.6791
      vertex -1.71562 3.79999 56.8211
    endloop
  endfacet
  facet normal 0.713936 0 -0.700211
    outer loop
      vertex -1.85489 3.79999 56.6791
      vertex -1.71562 2.5 56.8211
      vertex -1.85489 2.5 56.6791
    endloop
  endfacet
  facet normal -0.625786 0 0.779995
    outer loop
      vertex 1.48668 3.79999 52.9876
      vertex 1.64186 2.5 53.1121
      vertex 1.64186 3.79999 53.1121
    endloop
  endfacet
  facet normal -0.625786 0 0.779995
    outer loop
      vertex 1.64186 2.5 53.1121
      vertex 1.48668 3.79999 52.9876
      vertex 1.48668 2.5 52.9876
    endloop
  endfacet
  facet normal 0.767504 0 -0.641044
    outer loop
      vertex -1.85489 2.5 56.6791
      vertex -1.98243 3.79999 56.5264
      vertex -1.85489 3.79999 56.6791
    endloop
  endfacet
  facet normal 0.767504 0 -0.641044
    outer loop
      vertex -1.98243 3.79999 56.5264
      vertex -1.85489 2.5 56.6791
      vertex -1.98243 2.5 56.5264
    endloop
  endfacet
  facet normal 0.625786 0 0.779995
    outer loop
      vertex -1.64186 3.79999 53.1121
      vertex -1.48668 2.5 52.9876
      vertex -1.48668 3.79999 52.9876
    endloop
  endfacet
  facet normal 0.625786 0 0.779995
    outer loop
      vertex -1.48668 2.5 52.9876
      vertex -1.64186 3.79999 53.1121
      vertex -1.64186 2.5 53.1121
    endloop
  endfacet
  facet normal -0.350351 0 0.936618
    outer loop
      vertex 0.78261 3.79999 52.6236
      vertex 0.968944 2.5 52.6933
      vertex 0.968944 3.79999 52.6933
    endloop
  endfacet
  facet normal -0.350351 0 0.936618
    outer loop
      vertex 0.968944 2.5 52.6933
      vertex 0.78261 3.79999 52.6236
      vertex 0.78261 2.5 52.6236
    endloop
  endfacet
  facet normal 0.594169 0 -0.80434
    outer loop
      vertex -1.56551 2.5 56.9517
      vertex -1.4055 3.79999 57.0699
      vertex -1.4055 2.5 57.0699
    endloop
  endfacet
  facet normal 0.594169 0 -0.80434
    outer loop
      vertex -1.4055 3.79999 57.0699
      vertex -1.56551 2.5 56.9517
      vertex -1.56551 3.79999 56.9517
    endloop
  endfacet
  facet normal 0.943427 -0 0.331582
    outer loop
      vertex -2.39152 2.5 54.2648
      vertex -2.32555 3.79999 54.0771
      vertex -2.39152 3.79999 54.2648
    endloop
  endfacet
  facet normal 0.943427 0 0.331582
    outer loop
      vertex -2.32555 3.79999 54.0771
      vertex -2.39152 2.5 54.2648
      vertex -2.32555 2.5 54.0771
    endloop
  endfacet
  facet normal 0.914035 -0 0.405635
    outer loop
      vertex -2.32555 2.5 54.0771
      vertex -2.24487 3.79999 53.8953
      vertex -2.32555 3.79999 54.0771
    endloop
  endfacet
  facet normal 0.914035 0 0.405635
    outer loop
      vertex -2.24487 3.79999 53.8953
      vertex -2.32555 2.5 54.0771
      vertex -2.24487 2.5 53.8953
    endloop
  endfacet
  facet normal 0.486743 -0.707194 0.512794
    outer loop
      vertex -3.3468 0.00100021 51.283
      vertex -1.78667 2.5 53.2485
      vertex -3.53675 0.00100021 51.4633
    endloop
  endfacet
  facet normal 0.337538 -0.707039 0.621421
    outer loop
      vertex -2.27073 0.00100021 50.5434
      vertex -1.14915 2.5 52.7775
      vertex -2.50086 0.00100021 50.6684
    endloop
  endfacet
  facet normal 0.688443 0 0.72529
    outer loop
      vertex -3.53675 0.00100021 51.4633
      vertex -3.3468 0 51.283
      vertex -3.3468 0.00100021 51.283
    endloop
  endfacet
  facet normal 0.688443 0 0.72529
    outer loop
      vertex -3.3468 0 51.283
      vertex -3.53675 0.00100021 51.4633
      vertex -3.53675 0 51.4633
    endloop
  endfacet
  facet normal 0.484689 -0.707312 0.514574
    outer loop
      vertex -1.64186 2.5 53.1121
      vertex -1.78667 2.5 53.2485
      vertex -3.3468 0.00100021 51.283
    endloop
  endfacet
  facet normal 0.852567 -0 0.522618
    outer loop
      vertex -4.33161 0 52.4991
      vertex -4.19479 0.00100021 52.2759
      vertex -4.33161 0.00100021 52.4991
    endloop
  endfacet
  facet normal 0.852567 0 0.522618
    outer loop
      vertex -4.19479 0.00100021 52.2759
      vertex -4.33161 0 52.4991
      vertex -4.19479 0 52.2759
    endloop
  endfacet
  facet normal 0.67562 -0.7074 -0.207659
    outer loop
      vertex -2.41886 2.5 55.6395
      vertex -2.3604 2.5 55.8297
      vertex -4.75691 0.00100021 56.5456
    endloop
  endfacet
  facet normal 0.666463 -0.707217 0.235948
    outer loop
      vertex -4.6695 0.00100021 53.2075
      vertex -2.32555 2.5 54.0771
      vertex -4.75691 0.00100021 53.4544
    endloop
  endfacet
  facet normal -0.270623 -0.706978 0.653411
    outer loop
      vertex 1.79245 0.00100021 50.3305
      vertex 2.03438 0.00100021 50.4307
      vertex 0.968944 2.5 52.6933
    endloop
  endfacet
  facet normal -0.459364 -0.706985 0.537733
    outer loop
      vertex 3.14768 0.00100021 51.1129
      vertex 3.3468 0.00100021 51.283
      vertex 1.64186 2.5 53.1121
    endloop
  endfacet
  facet normal 0.523978 -0.707488 0.474244
    outer loop
      vertex -1.78667 2.5 53.2485
      vertex -1.92017 2.5 53.396
      vertex -3.717 0.00100021 51.6532
    endloop
  endfacet
  facet normal 0.39694 -0.707347 0.584892
    outer loop
      vertex -1.32209 2.5 52.8759
      vertex -1.48668 2.5 52.9876
      vertex -2.72413 0.00100021 50.8052
    endloop
  endfacet
  facet normal 0.608732 0 -0.793376
    outer loop
      vertex -3.14768 0 58.8871
      vertex -2.93993 0.00100021 59.0465
      vertex -2.93993 0 59.0465
    endloop
  endfacet
  facet normal 0.608732 0 -0.793376
    outer loop
      vertex -2.93993 0.00100021 59.0465
      vertex -3.14768 0 58.8871
      vertex -3.14768 0.00100021 58.8871
    endloop
  endfacet
  facet normal 0.111904 -0.707483 -0.697815
    outer loop
      vertex -0.494208 2.5 57.4527
      vertex -0.29778 2.5 57.4842
      vertex -0.78244 0.00100021 59.9401
    endloop
  endfacet
  facet normal -0.522443 0 0.852674
    outer loop
      vertex 2.50086 0.00100021 50.6684
      vertex 2.72413 0 50.8052
      vertex 2.72413 0.00100021 50.8052
    endloop
  endfacet
  facet normal -0.522443 0 0.852674
    outer loop
      vertex 2.72413 0 50.8052
      vertex 2.50086 0.00100021 50.6684
      vertex 2.50086 0 50.6684
    endloop
  endfacet
  facet normal 0.958829 -0 0.283983
    outer loop
      vertex -4.83128 0 53.7055
      vertex -4.75691 0.00100021 53.4544
      vertex -4.83128 0.00100021 53.7055
    endloop
  endfacet
  facet normal 0.958829 0 0.283983
    outer loop
      vertex -4.75691 0.00100021 53.4544
      vertex -4.83128 0 53.7055
      vertex -4.75691 0 53.4544
    endloop
  endfacet
  facet normal -0.560948 -0.707221 0.430321
    outer loop
      vertex 3.88706 0.00100021 51.8523
      vertex 4.04647 0.00100021 52.0601
      vertex 2.04154 2.5 53.5536
    endloop
  endfacet
  facet normal 0.463944 -0.707389 -0.533251
    outer loop
      vertex -1.71562 2.5 56.8211
      vertex -1.56551 2.5 56.9517
      vertex -3.3468 0.00100021 58.717
    endloop
  endfacet
  facet normal -0.333771 0 0.942654
    outer loop
      vertex 1.54561 0.00100021 50.2431
      vertex 1.79245 0 50.3305
      vertex 1.79245 0.00100021 50.3305
    endloop
  endfacet
  facet normal -0.333771 0 0.942654
    outer loop
      vertex 1.79245 0 50.3305
      vertex 1.54561 0.00100021 50.2431
      vertex 1.54561 0 50.2431
    endloop
  endfacet
  facet normal 0.621582 -0.706969 -0.337388
    outer loop
      vertex -2.19918 2.5 56.1931
      vertex -4.33161 0.00100021 57.5009
      vertex -4.45656 0.00100021 57.2707
    endloop
  endfacet
  facet normal -0.299215 -0.707374 0.640384
    outer loop
      vertex 2.03438 0.00100021 50.4307
      vertex 1.14915 2.5 52.7775
      vertex 0.968944 2.5 52.6933
    endloop
  endfacet
  facet normal 0.582827 -0.707 0.400579
    outer loop
      vertex -4.04647 0.00100021 52.0601
      vertex -2.04154 2.5 53.5536
      vertex -4.19479 0.00100021 52.2759
    endloop
  endfacet
  facet normal 0.273618 -0.707331 -0.651779
    outer loop
      vertex -1.05989 2.5 57.2664
      vertex -0.87647 2.5 57.3434
      vertex -2.03438 0.00100021 59.5693
    endloop
  endfacet
  facet normal 0.608732 0 0.793376
    outer loop
      vertex -3.14768 0.00100021 51.1129
      vertex -2.93993 0 50.9535
      vertex -2.93993 0.00100021 50.9535
    endloop
  endfacet
  facet normal 0.608732 0 0.793376
    outer loop
      vertex -2.93993 0 50.9535
      vertex -3.14768 0.00100021 51.1129
      vertex -3.14768 0 51.1129
    endloop
  endfacet
  facet normal 0.793428 -0 0.608664
    outer loop
      vertex -4.04647 0 52.0601
      vertex -3.88706 0.00100021 51.8523
      vertex -4.04647 0.00100021 52.0601
    endloop
  endfacet
  facet normal 0.793428 0 0.608664
    outer loop
      vertex -3.88706 0.00100021 51.8523
      vertex -4.04647 0 52.0601
      vertex -3.88706 0 51.8523
    endloop
  endfacet
  facet normal 0.725295 -0 0.688438
    outer loop
      vertex -3.717 0 51.6532
      vertex -3.53675 0.00100021 51.4633
      vertex -3.717 0.00100021 51.6532
    endloop
  endfacet
  facet normal 0.725295 0 0.688438
    outer loop
      vertex -3.53675 0.00100021 51.4633
      vertex -3.717 0 51.6532
      vertex -3.53675 0 51.4633
    endloop
  endfacet
  facet normal 0.706996 -0.706976 -0.0184986
    outer loop
      vertex -2.50148 2.5 55.0497
      vertex -4.99486 0.00100021 55.2618
      vertex -5.00171 0.00100021 55
    endloop
  endfacet
  facet normal 0.560948 -0.707221 0.430321
    outer loop
      vertex -3.88706 0.00100021 51.8523
      vertex -2.04154 2.5 53.5536
      vertex -4.04647 0.00100021 52.0601
    endloop
  endfacet
  facet normal 0.878879 -0 0.477046
    outer loop
      vertex -4.45656 0 52.7293
      vertex -4.33161 0.00100021 52.4991
      vertex -4.45656 0.00100021 52.7293
    endloop
  endfacet
  facet normal 0.878879 0 0.477046
    outer loop
      vertex -4.33161 0.00100021 52.4991
      vertex -4.45656 0 52.7293
      vertex -4.33161 0 52.4991
    endloop
  endfacet
  facet normal -0.233333 0 -0.972397
    outer loop
      vertex 1.03991 0 59.8924
      vertex 1.29454 0.00100021 59.8313
      vertex 1.29454 0 59.8313
    endloop
  endfacet
  facet normal -0.233333 0 -0.972397
    outer loop
      vertex 1.29454 0.00100021 59.8313
      vertex 1.03991 0 59.8924
      vertex 1.03991 0.00100021 59.8924
    endloop
  endfacet
  facet normal 0.688443 0 -0.72529
    outer loop
      vertex -3.53675 0 58.5367
      vertex -3.3468 0.00100021 58.717
      vertex -3.3468 0 58.717
    endloop
  endfacet
  facet normal 0.688443 0 -0.72529
    outer loop
      vertex -3.3468 0.00100021 58.717
      vertex -3.53675 0 58.5367
      vertex -3.53675 0.00100021 58.5367
    endloop
  endfacet
  facet normal 0.704986 -0.707046 -0.0555075
    outer loop
      vertex -2.48962 2.5 55.2483
      vertex -4.97431 0.00100021 55.5228
      vertex -4.99486 0.00100021 55.2618
    endloop
  endfacet
  facet normal -0.566367 0 0.824153
    outer loop
      vertex 2.72413 0.00100021 50.8052
      vertex 2.93993 0 50.9535
      vertex 2.93993 0.00100021 50.9535
    endloop
  endfacet
  facet normal -0.566367 0 0.824153
    outer loop
      vertex 2.93993 0 50.9535
      vertex 2.72413 0.00100021 50.8052
      vertex 2.72413 0 50.8052
    endloop
  endfacet
  facet normal -0.582762 -0.707079 -0.400534
    outer loop
      vertex 4.19479 0.00100021 57.7241
      vertex 4.04647 0.00100021 57.9399
      vertex 2.09743 2.5 56.3641
    endloop
  endfacet
  facet normal 0.666932 -0.707289 0.234403
    outer loop
      vertex -2.32555 2.5 54.0771
      vertex -2.39152 2.5 54.2648
      vertex -4.75691 0.00100021 53.4544
    endloop
  endfacet
  facet normal 0.400443 -0.707175 0.582708
    outer loop
      vertex -2.72413 0.00100021 50.8052
      vertex -1.48668 2.5 52.9876
      vertex -2.93993 0.00100021 50.9535
    endloop
  endfacet
  facet normal 0.687611 -0.707061 -0.165097
    outer loop
      vertex -2.41886 2.5 55.6395
      vertex -4.83128 0.00100021 56.2945
      vertex -4.89241 0.00100021 56.0399
    endloop
  endfacet
  facet normal 0.128828 -0.707006 -0.695375
    outer loop
      vertex -0.494208 2.5 57.4527
      vertex -0.78244 0.00100021 59.9401
      vertex -1.03991 0.00100021 59.8924
    endloop
  endfacet
  facet normal -0.349507 -0.707476 0.614266
    outer loop
      vertex 2.50086 0.00100021 50.6684
      vertex 1.32209 2.5 52.8759
      vertex 1.14915 2.5 52.7775
    endloop
  endfacet
  facet normal -0.608732 0 0.793376
    outer loop
      vertex 2.93993 0.00100021 50.9535
      vertex 3.14768 0 51.1129
      vertex 3.14768 0.00100021 51.1129
    endloop
  endfacet
  facet normal -0.608732 0 0.793376
    outer loop
      vertex 3.14768 0 51.1129
      vertex 2.93993 0.00100021 50.9535
      vertex 2.93993 0 50.9535
    endloop
  endfacet
  facet normal 0.0259683 0 0.999663
    outer loop
      vertex -0.261769 0.00100021 50.0051
      vertex 0 0 49.9983
      vertex 0 0.00100021 49.9983
    endloop
  endfacet
  facet normal 0.0259683 0 0.999663
    outer loop
      vertex 0 0 49.9983
      vertex -0.261769 0.00100021 50.0051
      vertex -0.261769 0 50.0051
    endloop
  endfacet
  facet normal 0.504582 -0.707453 -0.494881
    outer loop
      vertex -1.85489 2.5 56.6791
      vertex -1.71562 2.5 56.8211
      vertex -3.53675 0.00100021 58.5367
    endloop
  endfacet
  facet normal -0.512893 -0.707063 -0.48683
    outer loop
      vertex 3.717 0.00100021 58.3468
      vertex 3.53675 0.00100021 58.5367
      vertex 1.85489 2.5 56.6791
    endloop
  endfacet
  facet normal 0.233333 0 -0.972397
    outer loop
      vertex -1.29454 0 59.8313
      vertex -1.03991 0.00100021 59.8924
      vertex -1.03991 0 59.8924
    endloop
  endfacet
  facet normal 0.233333 0 -0.972397
    outer loop
      vertex -1.03991 0.00100021 59.8924
      vertex -1.29454 0 59.8313
      vertex -1.29454 0.00100021 59.8313
    endloop
  endfacet
  facet normal -0.852567 0 -0.522618
    outer loop
      vertex 4.33161 0 57.5009
      vertex 4.19479 0.00100021 57.7241
      vertex 4.33161 0.00100021 57.5009
    endloop
  endfacet
  facet normal -0.852567 -0 -0.522618
    outer loop
      vertex 4.19479 0.00100021 57.7241
      vertex 4.33161 0 57.5009
      vertex 4.19479 0 57.7241
    endloop
  endfacet
  facet normal 0.592485 -0.707488 0.385257
    outer loop
      vertex -2.04154 2.5 53.5536
      vertex -2.15 2.5 53.7204
      vertex -4.19479 0.00100021 52.2759
    endloop
  endfacet
  facet normal 0.459364 -0.706985 0.537733
    outer loop
      vertex -3.14768 0.00100021 51.1129
      vertex -1.64186 2.5 53.1121
      vertex -3.3468 0.00100021 51.283
    endloop
  endfacet
  facet normal 0.824118 -0 0.566419
    outer loop
      vertex -4.19479 0 52.2759
      vertex -4.04647 0.00100021 52.0601
      vertex -4.19479 0.00100021 52.2759
    endloop
  endfacet
  facet normal 0.824118 0 0.566419
    outer loop
      vertex -4.04647 0.00100021 52.0601
      vertex -4.19479 0 52.2759
      vertex -4.04647 0 52.0601
    endloop
  endfacet
  facet normal 0.695401 -0.706972 -0.128872
    outer loop
      vertex -2.46202 2.5 55.4453
      vertex -4.89241 0.00100021 56.0399
      vertex -4.94013 0.00100021 55.7824
    endloop
  endfacet
  facet normal 0.972365 0 -0.233467
    outer loop
      vertex -4.83128 0 56.2945
      vertex -4.89241 0.00100021 56.0399
      vertex -4.83128 0.00100021 56.2945
    endloop
  endfacet
  facet normal 0.972365 0 -0.233467
    outer loop
      vertex -4.89241 0.00100021 56.0399
      vertex -4.83128 0 56.2945
      vertex -4.89241 0 56.0399
    endloop
  endfacet
  facet normal 0.0923659 -0.706988 -0.701168
    outer loop
      vertex -0.29778 2.5 57.4842
      vertex -0.522821 0.00100021 59.9743
      vertex -0.78244 0.00100021 59.9401
    endloop
  endfacet
  facet normal 0.522443 0 -0.852674
    outer loop
      vertex -2.72413 0 59.1948
      vertex -2.50086 0.00100021 59.3316
      vertex -2.50086 0 59.3316
    endloop
  endfacet
  facet normal 0.522443 0 -0.852674
    outer loop
      vertex -2.50086 0.00100021 59.3316
      vertex -2.72413 0 59.1948
      vertex -2.72413 0.00100021 59.1948
    endloop
  endfacet
  facet normal -0.824118 0 -0.566419
    outer loop
      vertex 4.19479 0 57.7241
      vertex 4.04647 0.00100021 57.9399
      vertex 4.19479 0.00100021 57.7241
    endloop
  endfacet
  facet normal -0.824118 -0 -0.566419
    outer loop
      vertex 4.04647 0.00100021 57.9399
      vertex 4.19479 0 57.7241
      vertex 4.04647 0 57.9399
    endloop
  endfacet
  facet normal 0.666696 -0.70697 -0.23603
    outer loop
      vertex -2.3604 2.5 55.8297
      vertex -4.6695 0.00100021 56.7925
      vertex -4.75691 0.00100021 56.5456
    endloop
  endfacet
  facet normal 0.760382 -0 0.649476
    outer loop
      vertex -3.88706 0 51.8523
      vertex -3.717 0.00100021 51.6532
      vertex -3.88706 0.00100021 51.8523
    endloop
  endfacet
  facet normal 0.760382 0 0.649476
    outer loop
      vertex -3.717 0.00100021 51.6532
      vertex -3.88706 0 51.8523
      vertex -3.717 0 51.6532
    endloop
  endfacet
  facet normal -0.0183651 -0.707004 -0.706971
    outer loop
      vertex 0.0994692 2.5 57.5
      vertex 0.261769 0.00100021 59.9949
      vertex 0 0.00100021 60.0017
    endloop
  endfacet
  facet normal -0.608732 0 -0.793376
    outer loop
      vertex 2.93993 0 59.0465
      vertex 3.14768 0.00100021 58.8871
      vertex 3.14768 0 58.8871
    endloop
  endfacet
  facet normal -0.608732 0 -0.793376
    outer loop
      vertex 3.14768 0.00100021 58.8871
      vertex 2.93993 0 59.0465
      vertex 2.93993 0.00100021 59.0465
    endloop
  endfacet
  facet normal 0.701182 -0.70698 0.0923205
    outer loop
      vertex -4.94013 0.00100021 54.2176
      vertex -2.47778 2.5 54.6529
      vertex -4.97431 0.00100021 54.4772
    endloop
  endfacet
  facet normal 0.0183651 -0.707004 -0.706971
    outer loop
      vertex -0.0994692 2.5 57.5
      vertex 0 0.00100021 60.0017
      vertex -0.261769 0.00100021 59.9949
    endloop
  endfacet
  facet normal 0.760382 0 -0.649476
    outer loop
      vertex -3.717 0 58.3468
      vertex -3.88706 0.00100021 58.1477
      vertex -3.717 0.00100021 58.3468
    endloop
  endfacet
  facet normal 0.760382 0 -0.649476
    outer loop
      vertex -3.88706 0.00100021 58.1477
      vertex -3.717 0 58.3468
      vertex -3.88706 0 58.1477
    endloop
  endfacet
  facet normal -0.273618 -0.707331 -0.651779
    outer loop
      vertex 1.05989 2.5 57.2664
      vertex 2.03438 0.00100021 59.5693
      vertex 0.87647 2.5 57.3434
    endloop
  endfacet
  facet normal -0.688443 0 0.72529
    outer loop
      vertex 3.3468 0.00100021 51.283
      vertex 3.53675 0 51.4633
      vertex 3.53675 0.00100021 51.4633
    endloop
  endfacet
  facet normal -0.688443 0 0.72529
    outer loop
      vertex 3.53675 0 51.4633
      vertex 3.3468 0.00100021 51.283
      vertex 3.3468 0 51.283
    endloop
  endfacet
  facet normal 0.602947 -0.707 0.369602
    outer loop
      vertex -4.19479 0.00100021 52.2759
      vertex -2.15 2.5 53.7204
      vertex -4.33161 0.00100021 52.4991
    endloop
  endfacet
  facet normal -0.611944 -0.707344 -0.35382
    outer loop
      vertex 2.88902 2.5 55
      vertex 4.33161 0.00100021 57.5009
      vertex 2.19918 2.5 56.1931
    endloop
  endfacet
  facet normal 0.689919 -0.707461 -0.153331
    outer loop
      vertex -2.46202 2.5 55.4453
      vertex -2.41886 2.5 55.6395
      vertex -4.89241 0.00100021 56.0399
    endloop
  endfacet
  facet normal 0.999658 0 -0.0261561
    outer loop
      vertex -4.99486 0 55.2618
      vertex -5.00171 0.00100021 55
      vertex -4.99486 0.00100021 55.2618
    endloop
  endfacet
  facet normal 0.999658 0 -0.0261561
    outer loop
      vertex -5.00171 0.00100021 55
      vertex -4.99486 0 55.2618
      vertex -5.00171 0 55
    endloop
  endfacet
  facet normal 0.972365 -0 0.233467
    outer loop
      vertex -4.89241 0 53.9601
      vertex -4.83128 0.00100021 53.7055
      vertex -4.89241 0.00100021 53.9601
    endloop
  endfacet
  facet normal 0.972365 0 0.233467
    outer loop
      vertex -4.83128 0.00100021 53.7055
      vertex -4.89241 0 53.9601
      vertex -4.83128 0 53.7055
    endloop
  endfacet
  facet normal 0.200939 -0.70698 -0.678087
    outer loop
      vertex -0.687512 2.5 57.4057
      vertex -1.29454 0.00100021 59.8313
      vertex -1.54561 0.00100021 59.7569
    endloop
  endfacet
  facet normal -0.167014 -0.707297 -0.686904
    outer loop
      vertex 0.687512 2.5 57.4057
      vertex 1.29454 0.00100021 59.8313
      vertex 0.494208 2.5 57.4527
    endloop
  endfacet
  facet normal -0.576685 -0.707436 -0.408618
    outer loop
      vertex 2.09743 2.5 56.3641
      vertex 4.04647 0.00100021 57.9399
      vertex 1.98243 2.5 56.5264
    endloop
  endfacet
  facet normal 0.621425 -0.707255 0.337076
    outer loop
      vertex -2.15 2.5 53.7204
      vertex -2.24487 2.5 53.8953
      vertex -4.45656 0.00100021 52.7293
    endloop
  endfacet
  facet normal 0.0183629 -0.707087 0.706889
    outer loop
      vertex 0 0.00100021 49.9983
      vertex 0 2.5 52.498
      vertex -0.261769 0.00100021 50.0051
    endloop
  endfacet
  facet normal 0.576685 -0.707436 -0.408618
    outer loop
      vertex -2.09743 2.5 56.3641
      vertex -1.98243 2.5 56.5264
      vertex -4.04647 0.00100021 57.9399
    endloop
  endfacet
  facet normal 0.706805 -0.707166 0.0184936
    outer loop
      vertex -4.99486 0.00100021 54.7382
      vertex -2.49753 2.5 54.8508
      vertex -5.00171 0.00100021 55
    endloop
  endfacet
  facet normal 0.923864 0 -0.382722
    outer loop
      vertex -4.56929 0 57.0344
      vertex -4.6695 0.00100021 56.7925
      vertex -4.56929 0.00100021 57.0344
    endloop
  endfacet
  facet normal 0.923864 0 -0.382722
    outer loop
      vertex -4.6695 0.00100021 56.7925
      vertex -4.56929 0 57.0344
      vertex -4.6695 0 56.7925
    endloop
  endfacet
  facet normal 0.634166 -0.707421 -0.312074
    outer loop
      vertex -2.28702 2.5 56.0146
      vertex -2.19918 2.5 56.1931
      vertex -4.45656 0.00100021 57.2707
    endloop
  endfacet
  facet normal 0.055637 -0.706966 0.705056
    outer loop
      vertex -0.261769 0.00100021 50.0051
      vertex -0.198782 2.5 52.5059
      vertex -0.522821 0.00100021 50.0257
    endloop
  endfacet
  facet normal -0.866031 0 0.499991
    outer loop
      vertex 4.33161 0 52.4991
      vertex 5.77547 0.00100021 55
      vertex 4.33161 0.00100021 52.4991
    endloop
  endfacet
  facet normal -0.866031 0 0.499991
    outer loop
      vertex 5.77547 0.00100021 55
      vertex 4.33161 0 52.4991
      vertex 5.77547 0 55
    endloop
  endfacet
  facet normal 0.687653 -0.707017 0.165107
    outer loop
      vertex -4.83128 0.00100021 53.7055
      vertex -2.44237 2.5 54.4571
      vertex -4.89241 0.00100021 53.9601
    endloop
  endfacet
  facet normal 0.537759 -0.706991 0.459324
    outer loop
      vertex -3.717 0.00100021 51.6532
      vertex -1.92017 2.5 53.396
      vertex -3.88706 0.00100021 51.8523
    endloop
  endfacet
  facet normal -0.430408 0 -0.902634
    outer loop
      vertex 2.03438 0 59.5693
      vertex 2.27073 0.00100021 59.4566
      vertex 2.27073 0 59.4566
    endloop
  endfacet
  facet normal -0.430408 0 -0.902634
    outer loop
      vertex 2.27073 0.00100021 59.4566
      vertex 2.03438 0 59.5693
      vertex 2.03438 0.00100021 59.5693
    endloop
  endfacet
  facet normal 0.442259 -0.707487 0.551243
    outer loop
      vertex -1.48668 2.5 52.9876
      vertex -1.64186 2.5 53.1121
      vertex -3.14768 0.00100021 51.1129
    endloop
  endfacet
  facet normal 0.607389 -0.707431 -0.361414
    outer loop
      vertex -2.19918 2.5 56.1931
      vertex -2.09743 2.5 56.3641
      vertex -4.33161 0.00100021 57.5009
    endloop
  endfacet
  facet normal 0.430486 -0.707028 0.561064
    outer loop
      vertex -2.93993 0.00100021 50.9535
      vertex -1.48668 2.5 52.9876
      vertex -3.14768 0.00100021 51.1129
    endloop
  endfacet
  facet normal 0.560093 -0.70728 0.431335
    outer loop
      vertex -1.92017 2.5 53.396
      vertex -2.04154 2.5 53.5536
      vertex -3.88706 0.00100021 51.8523
    endloop
  endfacet
  facet normal 0.51293 -0.707011 0.486865
    outer loop
      vertex -3.53675 0.00100021 51.4633
      vertex -1.78667 2.5 53.2485
      vertex -3.717 0.00100021 51.6532
    endloop
  endfacet
  facet normal 0.270543 -0.707187 -0.653217
    outer loop
      vertex -0.87647 2.5 57.3434
      vertex -1.79245 0.00100021 59.6695
      vertex -2.03438 0.00100021 59.5693
    endloop
  endfacet
  facet normal 0.477305 0 -0.878738
    outer loop
      vertex -2.50086 0 59.3316
      vertex -2.27073 0.00100021 59.4566
      vertex -2.27073 0 59.4566
    endloop
  endfacet
  facet normal 0.477305 0 -0.878738
    outer loop
      vertex -2.27073 0.00100021 59.4566
      vertex -2.50086 0 59.3316
      vertex -2.50086 0.00100021 59.3316
    endloop
  endfacet
  facet normal -0.247609 -0.707468 0.66195
    outer loop
      vertex 1.79245 0.00100021 50.3305
      vertex 0.968944 2.5 52.6933
      vertex 0.78261 2.5 52.6236
    endloop
  endfacet
  facet normal 0.656923 -0.707448 -0.260709
    outer loop
      vertex -2.3604 2.5 55.8297
      vertex -2.28702 2.5 56.0146
      vertex -4.6695 0.00100021 56.7925
    endloop
  endfacet
  facet normal -0.0280666 -0.707436 0.70622
    outer loop
      vertex 0.261769 0.00100021 50.0051
      vertex 0.198782 2.5 52.5059
      vertex 0 2.5 52.498
    endloop
  endfacet
  facet normal 0.958829 0 -0.283983
    outer loop
      vertex -4.75691 0 56.5456
      vertex -4.83128 0.00100021 56.2945
      vertex -4.75691 0.00100021 56.5456
    endloop
  endfacet
  facet normal 0.958829 0 -0.283983
    outer loop
      vertex -4.83128 0.00100021 56.2945
      vertex -4.75691 0 56.5456
      vertex -4.83128 0 56.2945
    endloop
  endfacet
  facet normal 0.902555 -0 0.430575
    outer loop
      vertex -4.56929 0 52.9656
      vertex -4.45656 0.00100021 52.7293
      vertex -4.56929 0.00100021 52.9656
    endloop
  endfacet
  facet normal 0.902555 0 0.430575
    outer loop
      vertex -4.45656 0.00100021 52.7293
      vertex -4.56929 0 52.9656
      vertex -4.45656 0 52.7293
    endloop
  endfacet
  facet normal -0.561149 -0.706967 -0.430475
    outer loop
      vertex 4.04647 0.00100021 57.9399
      vertex 3.88706 0.00100021 58.1477
      vertex 1.98243 2.5 56.5264
    endloop
  endfacet
  facet normal -0.055637 -0.706966 0.705056
    outer loop
      vertex 0.261769 0.00100021 50.0051
      vertex 0.522821 0.00100021 50.0257
      vertex 0.198782 2.5 52.5059
    endloop
  endfacet
  facet normal -0.200896 -0.707132 0.677942
    outer loop
      vertex 1.29454 0.00100021 50.1687
      vertex 1.54561 0.00100021 50.2431
      vertex 0.78261 2.5 52.6236
    endloop
  endfacet
  facet normal 0.67798 -0.707122 -0.200802
    outer loop
      vertex -2.41886 2.5 55.6395
      vertex -4.75691 0.00100021 56.5456
      vertex -4.83128 0.00100021 56.2945
    endloop
  endfacet
  facet normal 0.996915 -0 0.0784927
    outer loop
      vertex -4.99486 0 54.7382
      vertex -4.97431 0.00100021 54.4772
      vertex -4.99486 0.00100021 54.7382
    endloop
  endfacet
  facet normal 0.996915 0 0.0784927
    outer loop
      vertex -4.97431 0.00100021 54.4772
      vertex -4.99486 0 54.7382
      vertex -4.97431 0 54.4772
    endloop
  endfacet
  facet normal 0.991443 0 -0.130537
    outer loop
      vertex -4.94013 0 55.7824
      vertex -4.97431 0.00100021 55.5228
      vertex -4.94013 0.00100021 55.7824
    endloop
  endfacet
  facet normal 0.991443 0 -0.130537
    outer loop
      vertex -4.97431 0.00100021 55.5228
      vertex -4.94013 0 55.7824
      vertex -4.97431 0 55.5228
    endloop
  endfacet
  facet normal 0.561149 -0.706967 -0.430475
    outer loop
      vertex -1.98243 2.5 56.5264
      vertex -3.88706 0.00100021 58.1477
      vertex -4.04647 0.00100021 57.9399
    endloop
  endfacet
  facet normal 0.683245 -0.707484 0.180671
    outer loop
      vertex -2.39152 2.5 54.2648
      vertex -2.44237 2.5 54.4571
      vertex -4.83128 0.00100021 53.7055
    endloop
  endfacet
  facet normal 0.304399 -0.70698 -0.638373
    outer loop
      vertex -1.05989 2.5 57.2664
      vertex -2.03438 0.00100021 59.5693
      vertex -2.27073 0.00100021 59.4566
    endloop
  endfacet
  facet normal -0.542475 -0.707409 -0.453093
    outer loop
      vertex 1.98243 2.5 56.5264
      vertex 3.88706 0.00100021 58.1477
      vertex 1.85489 2.5 56.6791
    endloop
  endfacet
  facet normal -0.522443 0 -0.852674
    outer loop
      vertex 2.50086 0 59.3316
      vertex 2.72413 0.00100021 59.1948
      vertex 2.72413 0 59.1948
    endloop
  endfacet
  facet normal -0.522443 0 -0.852674
    outer loop
      vertex 2.72413 0.00100021 59.1948
      vertex 2.50086 0 59.3316
      vertex 2.50086 0.00100021 59.3316
    endloop
  endfacet
  facet normal 0.400556 -0.706975 -0.582873
    outer loop
      vertex -1.4055 2.5 57.0699
      vertex -2.72413 0.00100021 59.1948
      vertex -2.93993 0.00100021 59.0465
    endloop
  endfacet
  facet normal 0.430472 -0.707053 -0.561044
    outer loop
      vertex -1.56551 2.5 56.9517
      vertex -2.93993 0.00100021 59.0465
      vertex -3.14768 0.00100021 58.8871
    endloop
  endfacet
  facet normal 0.486895 -0.706973 -0.512955
    outer loop
      vertex -1.71562 2.5 56.8211
      vertex -3.3468 0.00100021 58.717
      vertex -3.53675 0.00100021 58.5367
    endloop
  endfacet
  facet normal -0.612284 -0.707214 0.353494
    outer loop
      vertex 4.33161 0.00100021 52.4991
      vertex 5.77547 0.00100021 55
      vertex 2.88902 2.5 55
    endloop
  endfacet
  facet normal 0.233333 0 0.972397
    outer loop
      vertex -1.29454 0.00100021 50.1687
      vertex -1.03991 0 50.1076
      vertex -1.03991 0.00100021 50.1076
    endloop
  endfacet
  facet normal 0.233333 0 0.972397
    outer loop
      vertex -1.03991 0 50.1076
      vertex -1.29454 0.00100021 50.1687
      vertex -1.29454 0 50.1687
    endloop
  endfacet
  facet normal 0.369488 -0.706982 0.603038
    outer loop
      vertex -2.50086 0.00100021 50.6684
      vertex -1.32209 2.5 52.8759
      vertex -2.72413 0.00100021 50.8052
    endloop
  endfacet
  facet normal 0.582762 -0.707079 -0.400534
    outer loop
      vertex -2.09743 2.5 56.3641
      vertex -4.04647 0.00100021 57.9399
      vertex -4.19479 0.00100021 57.7241
    endloop
  endfacet
  facet normal 0.991443 -0 0.130537
    outer loop
      vertex -4.97431 0 54.4772
      vertex -4.94013 0.00100021 54.2176
      vertex -4.97431 0.00100021 54.4772
    endloop
  endfacet
  facet normal 0.991443 0 0.130537
    outer loop
      vertex -4.94013 0.00100021 54.2176
      vertex -4.97431 0 54.4772
      vertex -4.94013 0 54.2176
    endloop
  endfacet
  facet normal -0.607389 -0.707431 -0.361414
    outer loop
      vertex 2.19918 2.5 56.1931
      vertex 4.33161 0.00100021 57.5009
      vertex 2.09743 2.5 56.3641
    endloop
  endfacet
  facet normal 0.638302 -0.706997 0.30451
    outer loop
      vertex -4.45656 0.00100021 52.7293
      vertex -2.24487 2.5 53.8953
      vertex -4.56929 0.00100021 52.9656
    endloop
  endfacet
  facet normal -0.164968 -0.707204 -0.687494
    outer loop
      vertex 1.29454 0.00100021 59.8313
      vertex 1.03991 0.00100021 59.8924
      vertex 0.494208 2.5 57.4527
    endloop
  endfacet
  facet normal -0.0786669 0 -0.996901
    outer loop
      vertex 0.261769 0 59.9949
      vertex 0.522821 0.00100021 59.9743
      vertex 0.522821 0 59.9743
    endloop
  endfacet
  facet normal -0.0786669 0 -0.996901
    outer loop
      vertex 0.522821 0.00100021 59.9743
      vertex 0.261769 0 59.9949
      vertex 0.261769 0.00100021 59.9949
    endloop
  endfacet
  facet normal 0.299215 -0.707374 0.640384
    outer loop
      vertex -0.968944 2.5 52.6933
      vertex -1.14915 2.5 52.7775
      vertex -2.03438 0.00100021 50.4307
    endloop
  endfacet
  facet normal 0.304325 -0.707151 0.638219
    outer loop
      vertex -2.03438 0.00100021 50.4307
      vertex -1.14915 2.5 52.7775
      vertex -2.27073 0.00100021 50.5434
    endloop
  endfacet
  facet normal -0.369488 -0.706982 0.603038
    outer loop
      vertex 2.50086 0.00100021 50.6684
      vertex 2.72413 0.00100021 50.8052
      vertex 1.32209 2.5 52.8759
    endloop
  endfacet
  facet normal -0.477305 0 0.878738
    outer loop
      vertex 2.27073 0.00100021 50.5434
      vertex 2.50086 0 50.6684
      vertex 2.50086 0.00100021 50.6684
    endloop
  endfacet
  facet normal -0.477305 0 0.878738
    outer loop
      vertex 2.50086 0 50.6684
      vertex 2.27073 0.00100021 50.5434
      vertex 2.27073 0 50.5434
    endloop
  endfacet
  facet normal -0.523978 -0.707488 0.474244
    outer loop
      vertex 3.717 0.00100021 51.6532
      vertex 1.92017 2.5 53.396
      vertex 1.78667 2.5 53.2485
    endloop
  endfacet
  facet normal 0.0259683 0 -0.999663
    outer loop
      vertex -0.261769 0 59.9949
      vertex 0 0.00100021 60.0017
      vertex 0 0 60.0017
    endloop
  endfacet
  facet normal 0.0259683 0 -0.999663
    outer loop
      vertex 0 0.00100021 60.0017
      vertex -0.261769 0 59.9949
      vertex -0.261769 0.00100021 59.9949
    endloop
  endfacet
  facet normal 0.419925 -0.70747 -0.568462
    outer loop
      vertex -1.56551 2.5 56.9517
      vertex -1.4055 2.5 57.0699
      vertex -2.93993 0.00100021 59.0465
    endloop
  endfacet
  facet normal 0.459264 -0.707138 -0.537617
    outer loop
      vertex -1.56551 2.5 56.9517
      vertex -3.14768 0.00100021 58.8871
      vertex -3.3468 0.00100021 58.717
    endloop
  endfacet
  facet normal -0.484689 -0.707312 0.514574
    outer loop
      vertex 3.3468 0.00100021 51.283
      vertex 1.78667 2.5 53.2485
      vertex 1.64186 2.5 53.1121
    endloop
  endfacet
  facet normal -0.236038 -0.707027 -0.666632
    outer loop
      vertex 1.79245 0.00100021 59.6695
      vertex 1.54561 0.00100021 59.7569
      vertex 0.87647 2.5 57.3434
    endloop
  endfacet
  facet normal 0.382649 0 -0.923894
    outer loop
      vertex -2.03438 0 59.5693
      vertex -1.79245 0.00100021 59.6695
      vertex -1.79245 0 59.6695
    endloop
  endfacet
  facet normal 0.382649 0 -0.923894
    outer loop
      vertex -1.79245 0.00100021 59.6695
      vertex -2.03438 0 59.5693
      vertex -2.03438 0.00100021 59.5693
    endloop
  endfacet
  facet normal -0.463944 -0.707389 -0.533251
    outer loop
      vertex 1.71562 2.5 56.8211
      vertex 3.3468 0.00100021 58.717
      vertex 1.56551 2.5 56.9517
    endloop
  endfacet
  facet normal -0.128828 -0.707006 -0.695375
    outer loop
      vertex 1.03991 0.00100021 59.8924
      vertex 0.78244 0.00100021 59.9401
      vertex 0.494208 2.5 57.4527
    endloop
  endfacet
  facet normal -0.337538 -0.707039 0.621421
    outer loop
      vertex 2.27073 0.00100021 50.5434
      vertex 2.50086 0.00100021 50.6684
      vertex 1.14915 2.5 52.7775
    endloop
  endfacet
  facet normal -0.649526 0 0.760339
    outer loop
      vertex 3.14768 0.00100021 51.1129
      vertex 3.3468 0 51.283
      vertex 3.3468 0.00100021 51.283
    endloop
  endfacet
  facet normal -0.649526 0 0.760339
    outer loop
      vertex 3.3468 0 51.283
      vertex 3.14768 0.00100021 51.1129
      vertex 3.14768 0 51.1129
    endloop
  endfacet
  facet normal 0.70324 -0.70748 0.0701819
    outer loop
      vertex -2.47778 2.5 54.6529
      vertex -2.49753 2.5 54.8508
      vertex -4.97431 0.00100021 54.4772
    endloop
  endfacet
  facet normal 0.705001 -0.707031 0.0555087
    outer loop
      vertex -4.97431 0.00100021 54.4772
      vertex -2.49753 2.5 54.8508
      vertex -4.99486 0.00100021 54.7382
    endloop
  endfacet
  facet normal 0.324683 -0.707483 -0.627733
    outer loop
      vertex -1.2366 2.5 57.175
      vertex -1.05989 2.5 57.2664
      vertex -2.27073 0.00100021 59.4566
    endloop
  endfacet
  facet normal -0.0183629 -0.707087 0.706889
    outer loop
      vertex 0.261769 0.00100021 50.0051
      vertex 0 2.5 52.498
      vertex 0 0.00100021 49.9983
    endloop
  endfacet
  facet normal 0.139619 -0.707448 0.692838
    outer loop
      vertex -0.396308 2.5 52.5296
      vertex -0.591328 2.5 52.5689
      vertex -1.03991 0.00100021 50.1076
    endloop
  endfacet
  facet normal 0.706724 -0.707351 0.014035
    outer loop
      vertex -2.49753 2.5 54.8508
      vertex -2.50148 2.5 55.0497
      vertex -5.00171 0.00100021 55
    endloop
  endfacet
  facet normal -0.400556 -0.706975 -0.582873
    outer loop
      vertex 2.93993 0.00100021 59.0465
      vertex 2.72413 0.00100021 59.1948
      vertex 1.4055 2.5 57.0699
    endloop
  endfacet
  facet normal 0.566367 0 0.824153
    outer loop
      vertex -2.93993 0.00100021 50.9535
      vertex -2.72413 0 50.8052
      vertex -2.72413 0.00100021 50.8052
    endloop
  endfacet
  facet normal 0.566367 0 0.824153
    outer loop
      vertex -2.72413 0 50.8052
      vertex -2.93993 0.00100021 50.9535
      vertex -2.93993 0 50.9535
    endloop
  endfacet
  facet normal 0.621338 -0.707246 0.337256
    outer loop
      vertex -4.33161 0.00100021 52.4991
      vertex -2.15 2.5 53.7204
      vertex -4.45656 0.00100021 52.7293
    endloop
  endfacet
  facet normal 0.996915 0 -0.0784927
    outer loop
      vertex -4.97431 0 55.5228
      vertex -4.99486 0.00100021 55.2618
      vertex -4.97431 0.00100021 55.5228
    endloop
  endfacet
  facet normal 0.996915 0 -0.0784927
    outer loop
      vertex -4.99486 0.00100021 55.2618
      vertex -4.97431 0 55.5228
      vertex -4.99486 0 55.2618
    endloop
  endfacet
  facet normal 0.824118 0 -0.566419
    outer loop
      vertex -4.04647 0 57.9399
      vertex -4.19479 0.00100021 57.7241
      vertex -4.04647 0.00100021 57.9399
    endloop
  endfacet
  facet normal 0.824118 0 -0.566419
    outer loop
      vertex -4.19479 0.00100021 57.7241
      vertex -4.04647 0 57.9399
      vertex -4.19479 0 57.7241
    endloop
  endfacet
  facet normal 0.221294 -0.707482 -0.671192
    outer loop
      vertex -0.87647 2.5 57.3434
      vertex -0.687512 2.5 57.4057
      vertex -1.54561 0.00100021 59.7569
    endloop
  endfacet
  facet normal -0.194336 -0.707395 0.679577
    outer loop
      vertex 1.29454 0.00100021 50.1687
      vertex 0.78261 2.5 52.6236
      vertex 0.591328 2.5 52.5689
    endloop
  endfacet
  facet normal -0.139619 -0.707448 0.692838
    outer loop
      vertex 1.03991 0.00100021 50.1076
      vertex 0.591328 2.5 52.5689
      vertex 0.396308 2.5 52.5296
    endloop
  endfacet
  facet normal 0.653361 -0.707008 0.270663
    outer loop
      vertex -4.56929 0.00100021 52.9656
      vertex -2.32555 2.5 54.0771
      vertex -4.6695 0.00100021 53.2075
    endloop
  endfacet
  facet normal 0.983258 -0 0.182218
    outer loop
      vertex -4.94013 0 54.2176
      vertex -4.89241 0.00100021 53.9601
      vertex -4.94013 0.00100021 54.2176
    endloop
  endfacet
  facet normal 0.983258 0 0.182218
    outer loop
      vertex -4.89241 0.00100021 53.9601
      vertex -4.94013 0 54.2176
      vertex -4.89241 0 53.9601
    endloop
  endfacet
  facet normal 0.164968 -0.707204 -0.687494
    outer loop
      vertex -0.494208 2.5 57.4527
      vertex -1.03991 0.00100021 59.8924
      vertex -1.29454 0.00100021 59.8313
    endloop
  endfacet
  facet normal 0.695609 -0.707321 0.125799
    outer loop
      vertex -2.44237 2.5 54.4571
      vertex -2.47778 2.5 54.6529
      vertex -4.94013 0.00100021 54.2176
    endloop
  endfacet
  facet normal 0.695187 -0.707189 0.128832
    outer loop
      vertex -4.89241 0.00100021 53.9601
      vertex -2.44237 2.5 54.4571
      vertex -4.94013 0.00100021 54.2176
    endloop
  endfacet
  facet normal 0.0556155 -0.707239 -0.704783
    outer loop
      vertex -0.0994692 2.5 57.5
      vertex -0.261769 0.00100021 59.9949
      vertex -0.522821 0.00100021 59.9743
    endloop
  endfacet
  facet normal -0.649526 0 -0.760339
    outer loop
      vertex 3.14768 0 58.8871
      vertex 3.3468 0.00100021 58.717
      vertex 3.3468 0 58.717
    endloop
  endfacet
  facet normal -0.649526 0 -0.760339
    outer loop
      vertex 3.3468 0.00100021 58.717
      vertex 3.14768 0 58.8871
      vertex 3.14768 0.00100021 58.8871
    endloop
  endfacet
  facet normal 0.0923508 -0.707103 0.701053
    outer loop
      vertex -0.522821 0.00100021 50.0257
      vertex -0.396308 2.5 52.5296
      vertex -0.78244 0.00100021 50.0599
    endloop
  endfacet
  facet normal -0.0259683 0 -0.999663
    outer loop
      vertex 0 0 60.0017
      vertex 0.261769 0.00100021 59.9949
      vertex 0.261769 0 59.9949
    endloop
  endfacet
  facet normal -0.0259683 0 -0.999663
    outer loop
      vertex 0.261769 0.00100021 59.9949
      vertex 0 0 60.0017
      vertex 0 0.00100021 60.0017
    endloop
  endfacet
  facet normal 0.200896 -0.707132 0.677942
    outer loop
      vertex -1.29454 0.00100021 50.1687
      vertex -0.78261 2.5 52.6236
      vertex -1.54561 0.00100021 50.2431
    endloop
  endfacet
  facet normal -0.130603 0 -0.991435
    outer loop
      vertex 0.522821 0 59.9743
      vertex 0.78244 0.00100021 59.9401
      vertex 0.78244 0 59.9401
    endloop
  endfacet
  facet normal -0.130603 0 -0.991435
    outer loop
      vertex 0.78244 0.00100021 59.9401
      vertex 0.522821 0 59.9743
      vertex 0.522821 0.00100021 59.9743
    endloop
  endfacet
  facet normal 0.923864 -0 0.382722
    outer loop
      vertex -4.6695 0 53.2075
      vertex -4.56929 0.00100021 52.9656
      vertex -4.6695 0.00100021 53.2075
    endloop
  endfacet
  facet normal 0.923864 0 0.382722
    outer loop
      vertex -4.56929 0.00100021 52.9656
      vertex -4.6695 0 53.2075
      vertex -4.56929 0 52.9656
    endloop
  endfacet
  facet normal -0.0923508 -0.707103 0.701053
    outer loop
      vertex 0.522821 0.00100021 50.0257
      vertex 0.78244 0.00100021 50.0599
      vertex 0.396308 2.5 52.5296
    endloop
  endfacet
  facet normal 0.349507 -0.707476 0.614266
    outer loop
      vertex -1.14915 2.5 52.7775
      vertex -1.32209 2.5 52.8759
      vertex -2.50086 0.00100021 50.6684
    endloop
  endfacet
  facet normal -0.560093 -0.70728 0.431335
    outer loop
      vertex 3.88706 0.00100021 51.8523
      vertex 2.04154 2.5 53.5536
      vertex 1.92017 2.5 53.396
    endloop
  endfacet
  facet normal 0.983258 0 -0.182218
    outer loop
      vertex -4.89241 0 56.0399
      vertex -4.94013 0.00100021 55.7824
      vertex -4.89241 0.00100021 56.0399
    endloop
  endfacet
  facet normal 0.983258 0 -0.182218
    outer loop
      vertex -4.94013 0.00100021 55.7824
      vertex -4.89241 0 56.0399
      vertex -4.94013 0 55.7824
    endloop
  endfacet
  facet normal 0.512893 -0.707063 -0.48683
    outer loop
      vertex -1.85489 2.5 56.6791
      vertex -3.53675 0.00100021 58.5367
      vertex -3.717 0.00100021 58.3468
    endloop
  endfacet
  facet normal 0.542475 -0.707409 -0.453093
    outer loop
      vertex -1.98243 2.5 56.5264
      vertex -1.85489 2.5 56.6791
      vertex -3.88706 0.00100021 58.1477
    endloop
  endfacet
  facet normal 0.638206 -0.707103 -0.304464
    outer loop
      vertex -2.28702 2.5 56.0146
      vertex -4.45656 0.00100021 57.2707
      vertex -4.56929 0.00100021 57.0344
    endloop
  endfacet
  facet normal 0.653296 -0.707079 -0.270636
    outer loop
      vertex -2.28702 2.5 56.0146
      vertex -4.56929 0.00100021 57.0344
      vertex -4.6695 0.00100021 56.7925
    endloop
  endfacet
  facet normal 0.902555 0 -0.430575
    outer loop
      vertex -4.45656 0 57.2707
      vertex -4.56929 0.00100021 57.0344
      vertex -4.45656 0.00100021 57.2707
    endloop
  endfacet
  facet normal 0.902555 0 -0.430575
    outer loop
      vertex -4.56929 0.00100021 57.0344
      vertex -4.45656 0 57.2707
      vertex -4.56929 0 57.0344
    endloop
  endfacet
  facet normal -0.221294 -0.707482 -0.671192
    outer loop
      vertex 0.87647 2.5 57.3434
      vertex 1.54561 0.00100021 59.7569
      vertex 0.687512 2.5 57.4057
    endloop
  endfacet
  facet normal -0.459264 -0.707138 -0.537617
    outer loop
      vertex 3.3468 0.00100021 58.717
      vertex 3.14768 0.00100021 58.8871
      vertex 1.56551 2.5 56.9517
    endloop
  endfacet
  facet normal 0.0561469 -0.707263 -0.704717
    outer loop
      vertex -0.29778 2.5 57.4842
      vertex -0.0994692 2.5 57.5
      vertex -0.522821 0.00100021 59.9743
    endloop
  endfacet
  facet normal 0.333771 0 -0.942654
    outer loop
      vertex -1.79245 0 59.6695
      vertex -1.54561 0.00100021 59.7569
      vertex -1.54561 0 59.7569
    endloop
  endfacet
  facet normal 0.333771 0 -0.942654
    outer loop
      vertex -1.54561 0.00100021 59.7569
      vertex -1.79245 0 59.6695
      vertex -1.79245 0.00100021 59.6695
    endloop
  endfacet
  facet normal 0.649526 0 -0.760339
    outer loop
      vertex -3.3468 0 58.717
      vertex -3.14768 0.00100021 58.8871
      vertex -3.14768 0 58.8871
    endloop
  endfacet
  facet normal 0.649526 0 -0.760339
    outer loop
      vertex -3.14768 0.00100021 58.8871
      vertex -3.3468 0 58.717
      vertex -3.3468 0.00100021 58.717
    endloop
  endfacet
  facet normal -0 -0.707488 -0.706725
    outer loop
      vertex 0.0994692 2.5 57.5
      vertex 0 0.00100021 60.0017
      vertex -0.0994692 2.5 57.5
    endloop
  endfacet
  facet normal -0.592485 -0.707488 0.385257
    outer loop
      vertex 4.19479 0.00100021 52.2759
      vertex 2.15 2.5 53.7204
      vertex 2.04154 2.5 53.5536
    endloop
  endfacet
  facet normal -0.602947 -0.707 0.369602
    outer loop
      vertex 4.19479 0.00100021 52.2759
      vertex 4.33161 0.00100021 52.4991
      vertex 2.15 2.5 53.7204
    endloop
  endfacet
  facet normal -0.477305 0 -0.878738
    outer loop
      vertex 2.27073 0 59.4566
      vertex 2.50086 0.00100021 59.3316
      vertex 2.50086 0 59.3316
    endloop
  endfacet
  facet normal -0.477305 0 -0.878738
    outer loop
      vertex 2.50086 0.00100021 59.3316
      vertex 2.27073 0 59.4566
      vertex 2.27073 0.00100021 59.4566
    endloop
  endfacet
  facet normal -0.0842014 -0.707409 0.701771
    outer loop
      vertex 0.522821 0.00100021 50.0257
      vertex 0.396308 2.5 52.5296
      vertex 0.198782 2.5 52.5059
    endloop
  endfacet
  facet normal 0.942668 0 -0.333733
    outer loop
      vertex -4.6695 0 56.7925
      vertex -4.75691 0.00100021 56.5456
      vertex -4.6695 0.00100021 56.7925
    endloop
  endfacet
  facet normal 0.942668 0 -0.333733
    outer loop
      vertex -4.75691 0.00100021 56.5456
      vertex -4.6695 0 56.7925
      vertex -4.75691 0 56.5456
    endloop
  endfacet
  facet normal 0.270623 -0.706978 0.653411
    outer loop
      vertex -1.79245 0.00100021 50.3305
      vertex -0.968944 2.5 52.6933
      vertex -2.03438 0.00100021 50.4307
    endloop
  endfacet
  facet normal -0.537759 -0.706991 0.459324
    outer loop
      vertex 3.717 0.00100021 51.6532
      vertex 3.88706 0.00100021 51.8523
      vertex 1.92017 2.5 53.396
    endloop
  endfacet
  facet normal -0.612284 -0.707214 -0.353494
    outer loop
      vertex 5.77547 0.00100021 55
      vertex 4.33161 0.00100021 57.5009
      vertex 2.88902 2.5 55
    endloop
  endfacet
  facet normal -0.200939 -0.70698 -0.678087
    outer loop
      vertex 1.54561 0.00100021 59.7569
      vertex 1.29454 0.00100021 59.8313
      vertex 0.687512 2.5 57.4057
    endloop
  endfacet
  facet normal -0.537667 -0.707113 -0.459244
    outer loop
      vertex 3.88706 0.00100021 58.1477
      vertex 3.717 0.00100021 58.3468
      vertex 1.85489 2.5 56.6791
    endloop
  endfacet
  facet normal -0.504582 -0.707453 -0.494881
    outer loop
      vertex 1.85489 2.5 56.6791
      vertex 3.53675 0.00100021 58.5367
      vertex 1.71562 2.5 56.8211
    endloop
  endfacet
  facet normal 0.373449 -0.707361 -0.600147
    outer loop
      vertex -1.4055 2.5 57.0699
      vertex -1.2366 2.5 57.175
      vertex -2.72413 0.00100021 59.1948
    endloop
  endfacet
  facet normal 0.793428 0 -0.608664
    outer loop
      vertex -3.88706 0 58.1477
      vertex -4.04647 0.00100021 57.9399
      vertex -3.88706 0.00100021 58.1477
    endloop
  endfacet
  facet normal 0.793428 0 -0.608664
    outer loop
      vertex -4.04647 0.00100021 57.9399
      vertex -3.88706 0 58.1477
      vertex -4.04647 0 57.9399
    endloop
  endfacet
  facet normal -0.793428 0 0.608664
    outer loop
      vertex 3.88706 0 51.8523
      vertex 4.04647 0.00100021 52.0601
      vertex 3.88706 0.00100021 51.8523
    endloop
  endfacet
  facet normal -0.793428 0 0.608664
    outer loop
      vertex 4.04647 0.00100021 52.0601
      vertex 3.88706 0 51.8523
      vertex 4.04647 0 52.0601
    endloop
  endfacet
  facet normal -0.612203 -0.707245 0.353571
    outer loop
      vertex 4.33161 0.00100021 52.4991
      vertex 2.88902 2.5 55
      vertex 2.15 2.5 53.7204
    endloop
  endfacet
  facet normal 0.0280666 -0.707436 0.70622
    outer loop
      vertex 0 2.5 52.498
      vertex -0.198782 2.5 52.5059
      vertex -0.261769 0.00100021 50.0051
    endloop
  endfacet
  facet normal 0.0842014 -0.707409 0.701771
    outer loop
      vertex -0.198782 2.5 52.5059
      vertex -0.396308 2.5 52.5296
      vertex -0.522821 0.00100021 50.0257
    endloop
  endfacet
  facet normal -0.486743 -0.707194 0.512794
    outer loop
      vertex 3.3468 0.00100021 51.283
      vertex 3.53675 0.00100021 51.4633
      vertex 1.78667 2.5 53.2485
    endloop
  endfacet
  facet normal -0.51293 -0.707011 0.486865
    outer loop
      vertex 3.53675 0.00100021 51.4633
      vertex 3.717 0.00100021 51.6532
      vertex 1.78667 2.5 53.2485
    endloop
  endfacet
  facet normal 0.167014 -0.707297 -0.686904
    outer loop
      vertex -0.687512 2.5 57.4057
      vertex -0.494208 2.5 57.4527
      vertex -1.29454 0.00100021 59.8313
    endloop
  endfacet
  facet normal -0.0259683 0 0.999663
    outer loop
      vertex 0 0.00100021 49.9983
      vertex 0.261769 0 50.0051
      vertex 0.261769 0.00100021 50.0051
    endloop
  endfacet
  facet normal -0.0259683 0 0.999663
    outer loop
      vertex 0.261769 0 50.0051
      vertex 0 0.00100021 49.9983
      vertex 0 0 49.9983
    endloop
  endfacet
  facet normal -0.39694 -0.707347 0.584892
    outer loop
      vertex 2.72413 0.00100021 50.8052
      vertex 1.48668 2.5 52.9876
      vertex 1.32209 2.5 52.8759
    endloop
  endfacet
  facet normal -0.400443 -0.707175 0.582708
    outer loop
      vertex 2.72413 0.00100021 50.8052
      vertex 2.93993 0.00100021 50.9535
      vertex 1.48668 2.5 52.9876
    endloop
  endfacet
  facet normal -0.304325 -0.707151 0.638219
    outer loop
      vertex 2.03438 0.00100021 50.4307
      vertex 2.27073 0.00100021 50.5434
      vertex 1.14915 2.5 52.7775
    endloop
  endfacet
  facet normal -0.430486 -0.707028 0.561064
    outer loop
      vertex 2.93993 0.00100021 50.9535
      vertex 3.14768 0.00100021 51.1129
      vertex 1.48668 2.5 52.9876
    endloop
  endfacet
  facet normal -0.442259 -0.707487 0.551243
    outer loop
      vertex 3.14768 0.00100021 51.1129
      vertex 1.64186 2.5 53.1121
      vertex 1.48668 2.5 52.9876
    endloop
  endfacet
  facet normal 0.0786669 0 0.996901
    outer loop
      vertex -0.522821 0.00100021 50.0257
      vertex -0.261769 0 50.0051
      vertex -0.261769 0.00100021 50.0051
    endloop
  endfacet
  facet normal 0.0786669 0 0.996901
    outer loop
      vertex -0.261769 0 50.0051
      vertex -0.522821 0.00100021 50.0257
      vertex -0.522821 0 50.0257
    endloop
  endfacet
  facet normal 0.942668 -0 0.333733
    outer loop
      vertex -4.75691 0 53.4544
      vertex -4.6695 0.00100021 53.2075
      vertex -4.75691 0.00100021 53.4544
    endloop
  endfacet
  facet normal 0.942668 0 0.333733
    outer loop
      vertex -4.6695 0.00100021 53.2075
      vertex -4.75691 0 53.4544
      vertex -4.6695 0 53.2075
    endloop
  endfacet
  facet normal -0.236028 -0.707058 0.666603
    outer loop
      vertex 1.54561 0.00100021 50.2431
      vertex 1.79245 0.00100021 50.3305
      vertex 0.78261 2.5 52.6236
    endloop
  endfacet
  facet normal -0.382649 0 -0.923894
    outer loop
      vertex 1.79245 0 59.6695
      vertex 2.03438 0.00100021 59.5693
      vertex 2.03438 0 59.5693
    endloop
  endfacet
  facet normal -0.382649 0 -0.923894
    outer loop
      vertex 2.03438 0.00100021 59.5693
      vertex 1.79245 0 59.6695
      vertex 1.79245 0.00100021 59.6695
    endloop
  endfacet
  facet normal 0.645969 -0.707491 0.286671
    outer loop
      vertex -2.24487 2.5 53.8953
      vertex -2.32555 2.5 54.0771
      vertex -4.56929 0.00100021 52.9656
    endloop
  endfacet
  facet normal 0.247609 -0.707468 0.66195
    outer loop
      vertex -0.78261 2.5 52.6236
      vertex -0.968944 2.5 52.6933
      vertex -1.79245 0.00100021 50.3305
    endloop
  endfacet
  facet normal 0.236028 -0.707058 0.666603
    outer loop
      vertex -1.54561 0.00100021 50.2431
      vertex -0.78261 2.5 52.6236
      vertex -1.79245 0.00100021 50.3305
    endloop
  endfacet
  facet normal 0.522443 0 0.852674
    outer loop
      vertex -2.72413 0.00100021 50.8052
      vertex -2.50086 0 50.6684
      vertex -2.50086 0.00100021 50.6684
    endloop
  endfacet
  facet normal 0.522443 0 0.852674
    outer loop
      vertex -2.50086 0 50.6684
      vertex -2.72413 0.00100021 50.8052
      vertex -2.72413 0 50.8052
    endloop
  endfacet
  facet normal 0.678111 -0.706986 0.200841
    outer loop
      vertex -4.75691 0.00100021 53.4544
      vertex -2.39152 2.5 54.2648
      vertex -4.83128 0.00100021 53.7055
    endloop
  endfacet
  facet normal 0.430408 0 0.902634
    outer loop
      vertex -2.27073 0.00100021 50.5434
      vertex -2.03438 0 50.4307
      vertex -2.03438 0.00100021 50.4307
    endloop
  endfacet
  facet normal 0.430408 0 0.902634
    outer loop
      vertex -2.03438 0 50.4307
      vertex -2.27073 0.00100021 50.5434
      vertex -2.27073 0 50.5434
    endloop
  endfacet
  facet normal 0.649526 0 0.760339
    outer loop
      vertex -3.3468 0.00100021 51.283
      vertex -3.14768 0 51.1129
      vertex -3.14768 0.00100021 51.1129
    endloop
  endfacet
  facet normal 0.649526 0 0.760339
    outer loop
      vertex -3.14768 0 51.1129
      vertex -3.3468 0.00100021 51.283
      vertex -3.3468 0 51.283
    endloop
  endfacet
  facet normal -0.233333 0 0.972397
    outer loop
      vertex 1.03991 0.00100021 50.1076
      vertex 1.29454 0 50.1687
      vertex 1.29454 0.00100021 50.1687
    endloop
  endfacet
  facet normal -0.233333 0 0.972397
    outer loop
      vertex 1.29454 0 50.1687
      vertex 1.03991 0.00100021 50.1076
      vertex 1.03991 0 50.1076
    endloop
  endfacet
  facet normal 0.705484 -0.707473 -0.0421301
    outer loop
      vertex -2.50148 2.5 55.0497
      vertex -2.48962 2.5 55.2483
      vertex -4.99486 0.00100021 55.2618
    endloop
  endfacet
  facet normal 0.382649 0 0.923894
    outer loop
      vertex -2.03438 0.00100021 50.4307
      vertex -1.79245 0 50.3305
      vertex -1.79245 0.00100021 50.3305
    endloop
  endfacet
  facet normal 0.382649 0 0.923894
    outer loop
      vertex -1.79245 0 50.3305
      vertex -2.03438 0.00100021 50.4307
      vertex -2.03438 0 50.4307
    endloop
  endfacet
  facet normal 0.182164 0 -0.983268
    outer loop
      vertex -1.03991 0 59.8924
      vertex -0.78244 0.00100021 59.9401
      vertex -0.78244 0 59.9401
    endloop
  endfacet
  facet normal 0.182164 0 -0.983268
    outer loop
      vertex -0.78244 0.00100021 59.9401
      vertex -1.03991 0 59.8924
      vertex -1.03991 0.00100021 59.8924
    endloop
  endfacet
  facet normal 0.999658 -0 0.0261561
    outer loop
      vertex -5.00171 0 55
      vertex -4.99486 0.00100021 54.7382
      vertex -5.00171 0.00100021 55
    endloop
  endfacet
  facet normal 0.999658 0 0.0261561
    outer loop
      vertex -4.99486 0.00100021 54.7382
      vertex -5.00171 0 55
      vertex -4.99486 0 54.7382
    endloop
  endfacet
  facet normal -0.866031 0 -0.499991
    outer loop
      vertex 5.77547 0 55
      vertex 4.33161 0.00100021 57.5009
      vertex 5.77547 0.00100021 55
    endloop
  endfacet
  facet normal -0.866031 -0 -0.499991
    outer loop
      vertex 4.33161 0.00100021 57.5009
      vertex 5.77547 0 55
      vertex 4.33161 0 57.5009
    endloop
  endfacet
  facet normal 0.28412 0 -0.958789
    outer loop
      vertex -1.54561 0 59.7569
      vertex -1.29454 0.00100021 59.8313
      vertex -1.29454 0 59.8313
    endloop
  endfacet
  facet normal 0.28412 0 -0.958789
    outer loop
      vertex -1.29454 0.00100021 59.8313
      vertex -1.54561 0 59.7569
      vertex -1.54561 0.00100021 59.7569
    endloop
  endfacet
  facet normal 0.537667 -0.707113 -0.459244
    outer loop
      vertex -1.85489 2.5 56.6791
      vertex -3.717 0.00100021 58.3468
      vertex -3.88706 0.00100021 58.1477
    endloop
  endfacet
  facet normal -0.182164 0 -0.983268
    outer loop
      vertex 0.78244 0 59.9401
      vertex 1.03991 0.00100021 59.8924
      vertex 1.03991 0 59.8924
    endloop
  endfacet
  facet normal -0.182164 0 -0.983268
    outer loop
      vertex 1.03991 0.00100021 59.8924
      vertex 0.78244 0 59.9401
      vertex 0.78244 0.00100021 59.9401
    endloop
  endfacet
  facet normal -0.128817 -0.707067 0.695315
    outer loop
      vertex 0.78244 0.00100021 50.0599
      vertex 1.03991 0.00100021 50.1076
      vertex 0.396308 2.5 52.5296
    endloop
  endfacet
  facet normal -0.760382 0 -0.649476
    outer loop
      vertex 3.88706 0 58.1477
      vertex 3.717 0.00100021 58.3468
      vertex 3.88706 0.00100021 58.1477
    endloop
  endfacet
  facet normal -0.760382 -0 -0.649476
    outer loop
      vertex 3.717 0.00100021 58.3468
      vertex 3.88706 0 58.1477
      vertex 3.717 0 58.3468
    endloop
  endfacet
  facet normal -0.0556155 -0.707239 -0.704783
    outer loop
      vertex 0.522821 0.00100021 59.9743
      vertex 0.261769 0.00100021 59.9949
      vertex 0.0994692 2.5 57.5
    endloop
  endfacet
  facet normal 0.725295 0 -0.688438
    outer loop
      vertex -3.53675 0 58.5367
      vertex -3.717 0.00100021 58.3468
      vertex -3.53675 0.00100021 58.5367
    endloop
  endfacet
  facet normal 0.725295 0 -0.688438
    outer loop
      vertex -3.717 0.00100021 58.3468
      vertex -3.53675 0 58.5367
      vertex -3.717 0 58.3468
    endloop
  endfacet
  facet normal -0.430408 0 0.902634
    outer loop
      vertex 2.03438 0.00100021 50.4307
      vertex 2.27073 0 50.5434
      vertex 2.27073 0.00100021 50.5434
    endloop
  endfacet
  facet normal -0.430408 0 0.902634
    outer loop
      vertex 2.27073 0 50.5434
      vertex 2.03438 0.00100021 50.4307
      vertex 2.03438 0 50.4307
    endloop
  endfacet
  facet normal -0.419925 -0.70747 -0.568462
    outer loop
      vertex 1.56551 2.5 56.9517
      vertex 2.93993 0.00100021 59.0465
      vertex 1.4055 2.5 57.0699
    endloop
  endfacet
  facet normal -0.111904 -0.707483 -0.697815
    outer loop
      vertex 0.494208 2.5 57.4527
      vertex 0.78244 0.00100021 59.9401
      vertex 0.29778 2.5 57.4842
    endloop
  endfacet
  facet normal -0.373449 -0.707361 -0.600147
    outer loop
      vertex 1.4055 2.5 57.0699
      vertex 2.72413 0.00100021 59.1948
      vertex 1.2366 2.5 57.175
    endloop
  endfacet
  facet normal -0.270543 -0.707187 -0.653217
    outer loop
      vertex 2.03438 0.00100021 59.5693
      vertex 1.79245 0.00100021 59.6695
      vertex 0.87647 2.5 57.3434
    endloop
  endfacet
  facet normal -0.430472 -0.707053 -0.561044
    outer loop
      vertex 3.14768 0.00100021 58.8871
      vertex 2.93993 0.00100021 59.0465
      vertex 1.56551 2.5 56.9517
    endloop
  endfacet
  facet normal -0.486895 -0.706973 -0.512955
    outer loop
      vertex 3.53675 0.00100021 58.5367
      vertex 3.3468 0.00100021 58.717
      vertex 1.71562 2.5 56.8211
    endloop
  endfacet
  facet normal -0.688443 0 -0.72529
    outer loop
      vertex 3.3468 0 58.717
      vertex 3.53675 0.00100021 58.5367
      vertex 3.53675 0 58.5367
    endloop
  endfacet
  facet normal -0.688443 0 -0.72529
    outer loop
      vertex 3.53675 0.00100021 58.5367
      vertex 3.3468 0 58.717
      vertex 3.3468 0.00100021 58.717
    endloop
  endfacet
  facet normal 0.7 -0.707377 -0.098071
    outer loop
      vertex -2.48962 2.5 55.2483
      vertex -2.46202 2.5 55.4453
      vertex -4.94013 0.00100021 55.7824
    endloop
  endfacet
  facet normal -0.369395 -0.707161 -0.602886
    outer loop
      vertex 2.72413 0.00100021 59.1948
      vertex 2.50086 0.00100021 59.3316
      vertex 1.2366 2.5 57.175
    endloop
  endfacet
  facet normal -0.333771 0 -0.942654
    outer loop
      vertex 1.54561 0 59.7569
      vertex 1.79245 0.00100021 59.6695
      vertex 1.79245 0 59.6695
    endloop
  endfacet
  facet normal -0.333771 0 -0.942654
    outer loop
      vertex 1.79245 0.00100021 59.6695
      vertex 1.54561 0 59.7569
      vertex 1.54561 0.00100021 59.7569
    endloop
  endfacet
  facet normal -0.725295 0 0.688438
    outer loop
      vertex 3.53675 0 51.4633
      vertex 3.717 0.00100021 51.6532
      vertex 3.53675 0.00100021 51.4633
    endloop
  endfacet
  facet normal -0.725295 0 0.688438
    outer loop
      vertex 3.717 0.00100021 51.6532
      vertex 3.53675 0 51.4633
      vertex 3.717 0 51.6532
    endloop
  endfacet
  facet normal -0.602868 -0.707093 -0.369554
    outer loop
      vertex 4.33161 0.00100021 57.5009
      vertex 4.19479 0.00100021 57.7241
      vertex 2.09743 2.5 56.3641
    endloop
  endfacet
  facet normal -0.824118 0 0.566419
    outer loop
      vertex 4.04647 0 52.0601
      vertex 4.19479 0.00100021 52.2759
      vertex 4.04647 0.00100021 52.0601
    endloop
  endfacet
  facet normal -0.824118 0 0.566419
    outer loop
      vertex 4.19479 0.00100021 52.2759
      vertex 4.04647 0 52.0601
      vertex 4.19479 0 52.2759
    endloop
  endfacet
  facet normal -0.793428 0 -0.608664
    outer loop
      vertex 4.04647 0 57.9399
      vertex 3.88706 0.00100021 58.1477
      vertex 4.04647 0.00100021 57.9399
    endloop
  endfacet
  facet normal -0.793428 -0 -0.608664
    outer loop
      vertex 3.88706 0.00100021 58.1477
      vertex 4.04647 0 57.9399
      vertex 3.88706 0 58.1477
    endloop
  endfacet
  facet normal -0.725295 0 -0.688438
    outer loop
      vertex 3.717 0 58.3468
      vertex 3.53675 0.00100021 58.5367
      vertex 3.717 0.00100021 58.3468
    endloop
  endfacet
  facet normal -0.725295 -0 -0.688438
    outer loop
      vertex 3.53675 0.00100021 58.5367
      vertex 3.717 0 58.3468
      vertex 3.53675 0 58.5367
    endloop
  endfacet
  facet normal -0.760382 0 0.649476
    outer loop
      vertex 3.717 0 51.6532
      vertex 3.88706 0.00100021 51.8523
      vertex 3.717 0.00100021 51.6532
    endloop
  endfacet
  facet normal -0.760382 0 0.649476
    outer loop
      vertex 3.88706 0.00100021 51.8523
      vertex 3.717 0 51.6532
      vertex 3.88706 0 51.8523
    endloop
  endfacet
  facet normal 0.333771 0 0.942654
    outer loop
      vertex -1.79245 0.00100021 50.3305
      vertex -1.54561 0 50.2431
      vertex -1.54561 0.00100021 50.2431
    endloop
  endfacet
  facet normal 0.333771 0 0.942654
    outer loop
      vertex -1.54561 0 50.2431
      vertex -1.79245 0.00100021 50.3305
      vertex -1.79245 0 50.3305
    endloop
  endfacet
  facet normal -0.852567 0 0.522618
    outer loop
      vertex 4.19479 0 52.2759
      vertex 4.33161 0.00100021 52.4991
      vertex 4.19479 0.00100021 52.2759
    endloop
  endfacet
  facet normal -0.852567 0 0.522618
    outer loop
      vertex 4.33161 0.00100021 52.4991
      vertex 4.19479 0 52.2759
      vertex 4.33161 0 52.4991
    endloop
  endfacet
  facet normal 0.0786669 0 -0.996901
    outer loop
      vertex -0.522821 0 59.9743
      vertex -0.261769 0.00100021 59.9949
      vertex -0.261769 0 59.9949
    endloop
  endfacet
  facet normal 0.0786669 0 -0.996901
    outer loop
      vertex -0.261769 0.00100021 59.9949
      vertex -0.522821 0 59.9743
      vertex -0.522821 0.00100021 59.9743
    endloop
  endfacet
  facet normal -0.182164 0 0.983268
    outer loop
      vertex 0.78244 0.00100021 50.0599
      vertex 1.03991 0 50.1076
      vertex 1.03991 0.00100021 50.1076
    endloop
  endfacet
  facet normal -0.182164 0 0.983268
    outer loop
      vertex 1.03991 0 50.1076
      vertex 0.78244 0.00100021 50.0599
      vertex 0.78244 0 50.0599
    endloop
  endfacet
  facet normal 0.70102 -0.707144 -0.0922991
    outer loop
      vertex -2.48962 2.5 55.2483
      vertex -4.94013 0.00100021 55.7824
      vertex -4.97431 0.00100021 55.5228
    endloop
  endfacet
  facet normal 0.165023 -0.706969 0.687722
    outer loop
      vertex -1.03991 0.00100021 50.1076
      vertex -0.591328 2.5 52.5689
      vertex -1.29454 0.00100021 50.1687
    endloop
  endfacet
  facet normal 0.194336 -0.707395 0.679577
    outer loop
      vertex -0.591328 2.5 52.5689
      vertex -0.78261 2.5 52.6236
      vertex -1.29454 0.00100021 50.1687
    endloop
  endfacet
  facet normal -0.28412 0 0.958789
    outer loop
      vertex 1.29454 0.00100021 50.1687
      vertex 1.54561 0 50.2431
      vertex 1.54561 0.00100021 50.2431
    endloop
  endfacet
  facet normal -0.28412 0 0.958789
    outer loop
      vertex 1.54561 0 50.2431
      vertex 1.29454 0.00100021 50.1687
      vertex 1.29454 0 50.1687
    endloop
  endfacet
  facet normal 0.128817 -0.707067 0.695315
    outer loop
      vertex -0.78244 0.00100021 50.0599
      vertex -0.396308 2.5 52.5296
      vertex -1.03991 0.00100021 50.1076
    endloop
  endfacet
  facet normal -0.566367 0 -0.824153
    outer loop
      vertex 2.72413 0 59.1948
      vertex 2.93993 0.00100021 59.0465
      vertex 2.93993 0 59.0465
    endloop
  endfacet
  facet normal -0.566367 0 -0.824153
    outer loop
      vertex 2.93993 0.00100021 59.0465
      vertex 2.72413 0 59.1948
      vertex 2.72413 0.00100021 59.1948
    endloop
  endfacet
  facet normal 0.130603 0 0.991435
    outer loop
      vertex -0.78244 0.00100021 50.0599
      vertex -0.522821 0 50.0257
      vertex -0.522821 0.00100021 50.0257
    endloop
  endfacet
  facet normal 0.130603 0 0.991435
    outer loop
      vertex -0.522821 0 50.0257
      vertex -0.78244 0.00100021 50.0599
      vertex -0.78244 0 50.0599
    endloop
  endfacet
  facet normal 0.337538 -0.707039 -0.621421
    outer loop
      vertex -1.2366 2.5 57.175
      vertex -2.27073 0.00100021 59.4566
      vertex -2.50086 0.00100021 59.3316
    endloop
  endfacet
  facet normal 0.369395 -0.707161 -0.602886
    outer loop
      vertex -1.2366 2.5 57.175
      vertex -2.50086 0.00100021 59.3316
      vertex -2.72413 0.00100021 59.1948
    endloop
  endfacet
  facet normal 0.236038 -0.707027 -0.666632
    outer loop
      vertex -0.87647 2.5 57.3434
      vertex -1.54561 0.00100021 59.7569
      vertex -1.79245 0.00100021 59.6695
    endloop
  endfacet
  facet normal 0.602868 -0.707093 -0.369554
    outer loop
      vertex -2.09743 2.5 56.3641
      vertex -4.19479 0.00100021 57.7241
      vertex -4.33161 0.00100021 57.5009
    endloop
  endfacet
  facet normal 0.566367 0 -0.824153
    outer loop
      vertex -2.93993 0 59.0465
      vertex -2.72413 0.00100021 59.1948
      vertex -2.72413 0 59.1948
    endloop
  endfacet
  facet normal 0.566367 0 -0.824153
    outer loop
      vertex -2.72413 0.00100021 59.1948
      vertex -2.93993 0 59.0465
      vertex -2.93993 0.00100021 59.0465
    endloop
  endfacet
  facet normal 0.130603 0 -0.991435
    outer loop
      vertex -0.78244 0 59.9401
      vertex -0.522821 0.00100021 59.9743
      vertex -0.522821 0 59.9743
    endloop
  endfacet
  facet normal 0.130603 0 -0.991435
    outer loop
      vertex -0.522821 0.00100021 59.9743
      vertex -0.78244 0 59.9401
      vertex -0.78244 0.00100021 59.9401
    endloop
  endfacet
  facet normal -0.337538 -0.707039 -0.621421
    outer loop
      vertex 2.50086 0.00100021 59.3316
      vertex 2.27073 0.00100021 59.4566
      vertex 1.2366 2.5 57.175
    endloop
  endfacet
  facet normal -0.324683 -0.707483 -0.627733
    outer loop
      vertex 1.2366 2.5 57.175
      vertex 2.27073 0.00100021 59.4566
      vertex 1.05989 2.5 57.2664
    endloop
  endfacet
  facet normal -0.582827 -0.707 0.400579
    outer loop
      vertex 4.04647 0.00100021 52.0601
      vertex 4.19479 0.00100021 52.2759
      vertex 2.04154 2.5 53.5536
    endloop
  endfacet
  facet normal -0.0786669 0 0.996901
    outer loop
      vertex 0.261769 0.00100021 50.0051
      vertex 0.522821 0 50.0257
      vertex 0.522821 0.00100021 50.0257
    endloop
  endfacet
  facet normal -0.0786669 0 0.996901
    outer loop
      vertex 0.522821 0 50.0257
      vertex 0.261769 0.00100021 50.0051
      vertex 0.261769 0 50.0051
    endloop
  endfacet
  facet normal 0.28412 0 0.958789
    outer loop
      vertex -1.54561 0.00100021 50.2431
      vertex -1.29454 0 50.1687
      vertex -1.29454 0.00100021 50.1687
    endloop
  endfacet
  facet normal 0.28412 0 0.958789
    outer loop
      vertex -1.29454 0 50.1687
      vertex -1.54561 0.00100021 50.2431
      vertex -1.54561 0 50.2431
    endloop
  endfacet
  facet normal 0.477305 0 0.878738
    outer loop
      vertex -2.50086 0.00100021 50.6684
      vertex -2.27073 0 50.5434
      vertex -2.27073 0.00100021 50.5434
    endloop
  endfacet
  facet normal 0.477305 0 0.878738
    outer loop
      vertex -2.27073 0 50.5434
      vertex -2.50086 0.00100021 50.6684
      vertex -2.50086 0 50.6684
    endloop
  endfacet
  facet normal -0.0923659 -0.706988 -0.701168
    outer loop
      vertex 0.78244 0.00100021 59.9401
      vertex 0.522821 0.00100021 59.9743
      vertex 0.29778 2.5 57.4842
    endloop
  endfacet
  facet normal -0.0561469 -0.707263 -0.704717
    outer loop
      vertex 0.29778 2.5 57.4842
      vertex 0.522821 0.00100021 59.9743
      vertex 0.0994692 2.5 57.5
    endloop
  endfacet
  facet normal 0.430408 0 -0.902634
    outer loop
      vertex -2.27073 0 59.4566
      vertex -2.03438 0.00100021 59.5693
      vertex -2.03438 0 59.5693
    endloop
  endfacet
  facet normal 0.430408 0 -0.902634
    outer loop
      vertex -2.03438 0.00100021 59.5693
      vertex -2.27073 0 59.4566
      vertex -2.27073 0.00100021 59.4566
    endloop
  endfacet
  facet normal 0.878879 0 -0.477046
    outer loop
      vertex -4.33161 0 57.5009
      vertex -4.45656 0.00100021 57.2707
      vertex -4.33161 0.00100021 57.5009
    endloop
  endfacet
  facet normal 0.878879 0 -0.477046
    outer loop
      vertex -4.45656 0.00100021 57.2707
      vertex -4.33161 0 57.5009
      vertex -4.45656 0 57.2707
    endloop
  endfacet
  facet normal 0.852567 0 -0.522618
    outer loop
      vertex -4.19479 0 57.7241
      vertex -4.33161 0.00100021 57.5009
      vertex -4.19479 0.00100021 57.7241
    endloop
  endfacet
  facet normal 0.852567 0 -0.522618
    outer loop
      vertex -4.33161 0.00100021 57.5009
      vertex -4.19479 0 57.7241
      vertex -4.33161 0 57.5009
    endloop
  endfacet
  facet normal -0.304399 -0.70698 -0.638373
    outer loop
      vertex 2.27073 0.00100021 59.4566
      vertex 2.03438 0.00100021 59.5693
      vertex 1.05989 2.5 57.2664
    endloop
  endfacet
  facet normal -0.28412 0 -0.958789
    outer loop
      vertex 1.29454 0 59.8313
      vertex 1.54561 0.00100021 59.7569
      vertex 1.54561 0 59.7569
    endloop
  endfacet
  facet normal -0.28412 0 -0.958789
    outer loop
      vertex 1.54561 0.00100021 59.7569
      vertex 1.29454 0 59.8313
      vertex 1.29454 0.00100021 59.8313
    endloop
  endfacet
  facet normal -0.130603 0 0.991435
    outer loop
      vertex 0.522821 0.00100021 50.0257
      vertex 0.78244 0 50.0599
      vertex 0.78244 0.00100021 50.0599
    endloop
  endfacet
  facet normal -0.130603 0 0.991435
    outer loop
      vertex 0.78244 0 50.0599
      vertex 0.522821 0.00100021 50.0257
      vertex 0.522821 0 50.0257
    endloop
  endfacet
  facet normal -0.165023 -0.706969 0.687722
    outer loop
      vertex 1.03991 0.00100021 50.1076
      vertex 1.29454 0.00100021 50.1687
      vertex 0.591328 2.5 52.5689
    endloop
  endfacet
  facet normal -0.382649 0 0.923894
    outer loop
      vertex 1.79245 0.00100021 50.3305
      vertex 2.03438 0 50.4307
      vertex 2.03438 0.00100021 50.4307
    endloop
  endfacet
  facet normal -0.382649 0 0.923894
    outer loop
      vertex 2.03438 0 50.4307
      vertex 1.79245 0.00100021 50.3305
      vertex 1.79245 0 50.3305
    endloop
  endfacet
  facet normal 0.182164 0 0.983268
    outer loop
      vertex -1.03991 0.00100021 50.1076
      vertex -0.78244 0 50.0599
      vertex -0.78244 0.00100021 50.0599
    endloop
  endfacet
  facet normal 0.182164 0 0.983268
    outer loop
      vertex -0.78244 0 50.0599
      vertex -1.03991 0.00100021 50.1076
      vertex -1.03991 0 50.1076
    endloop
  endfacet
endsolid OpenSCAD_Model
