solid OpenSCAD_Model
  facet normal 0 0.7071 -0.707113
    outer loop
      vertex -14.9 3.19998 0
      vertex -11.1467 3.79999 0.599999
      vertex -10.5467 3.19998 0
    endloop
  endfacet
  facet normal 0 0.7071 -0.707113
    outer loop
      vertex -11.1467 3.79999 0.599999
      vertex -14.9 3.19998 0
      vertex -15.5 3.79999 0.599999
    endloop
  endfacet
  facet normal 0 0.7071 -0.707113
    outer loop
      vertex 14.9 3.19998 0
      vertex 11.1467 3.79999 0.599999
      vertex 15.5 3.79999 0.599999
    endloop
  endfacet
  facet normal 0 0.7071 -0.707113
    outer loop
      vertex 11.1467 3.79999 0.599999
      vertex 14.9 3.19998 0
      vertex 10.5467 3.19998 0
    endloop
  endfacet
  facet normal 1 -0 0
    outer loop
      vertex 15.5 0 47.401
      vertex 15.5 3.79999 0.599999
      vertex 15.5 3.79999 47.401
    endloop
  endfacet
  facet normal 1 0 0
    outer loop
      vertex 15.5 3.79999 0.599999
      vertex 15.5 0 47.401
      vertex 15.5 0 0.599999
    endloop
  endfacet
  facet normal 0 -1 0
    outer loop
      vertex -15.5 0 0.599999
      vertex -13.0172 0 47.401
      vertex -15.5 0 47.401
    endloop
  endfacet
  facet normal 0 -1 -0
    outer loop
      vertex -13.0172 0 47.401
      vertex -15.5 0 0.599999
      vertex -13.0172 0 0.599999
    endloop
  endfacet
  facet normal 0 -1 0
    outer loop
      vertex 13.0172 0 0.599999
      vertex 15.5 0 47.401
      vertex 13.0172 0 47.401
    endloop
  endfacet
  facet normal 0 -1 -0
    outer loop
      vertex 15.5 0 47.401
      vertex 13.0172 0 0.599999
      vertex 15.5 0 0.599999
    endloop
  endfacet
  facet normal -1 0 0
    outer loop
      vertex -15.5 0 0.599999
      vertex -15.5 3.79999 47.401
      vertex -15.5 3.79999 0.599999
    endloop
  endfacet
  facet normal -1 -0 0
    outer loop
      vertex -15.5 3.79999 47.401
      vertex -15.5 0 0.599999
      vertex -15.5 0 47.401
    endloop
  endfacet
  facet normal 0.707106 0 -0.707107
    outer loop
      vertex 14.9 0.600006 0
      vertex 15.5 3.79999 0.599999
      vertex 15.5 0 0.599999
    endloop
  endfacet
  facet normal 0.707106 0 -0.707107
    outer loop
      vertex 15.5 3.79999 0.599999
      vertex 14.9 0.600006 0
      vertex 14.9 3.19998 0
    endloop
  endfacet
  facet normal 0 1 -0
    outer loop
      vertex 15.5 3.79999 0.599999
      vertex 11.1467 3.79999 47.401
      vertex 15.5 3.79999 47.401
    endloop
  endfacet
  facet normal 0 1 0
    outer loop
      vertex 11.1467 3.79999 47.401
      vertex 15.5 3.79999 0.599999
      vertex 11.1467 3.79999 0.599999
    endloop
  endfacet
  facet normal 0 1 -0
    outer loop
      vertex -11.1467 3.79999 0.599999
      vertex -15.5 3.79999 47.401
      vertex -11.1467 3.79999 47.401
    endloop
  endfacet
  facet normal 0 1 0
    outer loop
      vertex -15.5 3.79999 47.401
      vertex -11.1467 3.79999 0.599999
      vertex -15.5 3.79999 0.599999
    endloop
  endfacet
  facet normal -0.707106 0 -0.707107
    outer loop
      vertex -15.5 0 0.599999
      vertex -14.9 3.19998 0
      vertex -14.9 0.600006 0
    endloop
  endfacet
  facet normal -0.707106 0 -0.707107
    outer loop
      vertex -14.9 3.19998 0
      vertex -15.5 0 0.599999
      vertex -15.5 3.79999 0.599999
    endloop
  endfacet
  facet normal 0 0 1
    outer loop
      vertex 16.5979 25.0634 48
      vertex 18.8976 25.0999 48
      vertex 18.8553 26.0985 48
    endloop
  endfacet
  facet normal 0 0 1
    outer loop
      vertex 18.8976 25.0999 48
      vertex 16.5979 25.0634 48
      vertex 18.887 24.1004 48
    endloop
  endfacet
  facet normal 0 0 1
    outer loop
      vertex 16.5608 25.9404 48
      vertex 18.8553 26.0985 48
      vertex 18.7603 27.0934 48
    endloop
  endfacet
  facet normal -0 0 1
    outer loop
      vertex 16.5886 24.1856 48
      vertex 18.887 24.1004 48
      vertex 16.5979 25.0634 48
    endloop
  endfacet
  facet normal 0 0 1
    outer loop
      vertex 16.4773 26.8143 48
      vertex 18.7603 27.0934 48
      vertex 18.6129 28.0819 48
    endloop
  endfacet
  facet normal 0 0 1
    outer loop
      vertex 18.887 24.1004 48
      vertex 16.5886 24.1856 48
      vertex 18.8237 23.103 48
    endloop
  endfacet
  facet normal 0 0 1
    outer loop
      vertex 18.8237 23.103 48
      vertex 16.5329 23.3095 48
      vertex 18.7076 22.1102 48
    endloop
  endfacet
  facet normal -0 0 1
    outer loop
      vertex 16.431 22.4376 48
      vertex 18.7076 22.1102 48
      vertex 16.5329 23.3095 48
    endloop
  endfacet
  facet normal -0 0 1
    outer loop
      vertex 16.2832 21.5723 48
      vertex 18.5393 21.125 48
      vertex 16.431 22.4376 48
    endloop
  endfacet
  facet normal 0 0 1
    outer loop
      vertex 18.5393 21.125 48
      vertex 16.2832 21.5723 48
      vertex 18.3191 20.1501 48
    endloop
  endfacet
  facet normal 0 0 1
    outer loop
      vertex 18.3191 20.1501 48
      vertex 16.0898 20.716 48
      vertex 18.0476 19.1882 48
    endloop
  endfacet
  facet normal -0 0 1
    outer loop
      vertex 16.5329 23.3095 48
      vertex 18.8237 23.103 48
      vertex 16.5886 24.1856 48
    endloop
  endfacet
  facet normal 0 0 1
    outer loop
      vertex 18.8553 26.0985 48
      vertex 16.5608 25.9404 48
      vertex 16.5979 25.0634 48
    endloop
  endfacet
  facet normal 0 0 1
    outer loop
      vertex 18.7603 27.0934 48
      vertex 16.4773 26.8143 48
      vertex 16.5608 25.9404 48
    endloop
  endfacet
  facet normal 0 -0 1
    outer loop
      vertex 16.4773 26.8143 48
      vertex 18.6129 28.0819 48
      vertex 16.3478 27.6826 48
    endloop
  endfacet
  facet normal 0 0 1
    outer loop
      vertex 18.7076 22.1102 48
      vertex 16.431 22.4376 48
      vertex 18.5393 21.125 48
    endloop
  endfacet
  facet normal -0 0 1
    outer loop
      vertex 16.0898 20.716 48
      vertex 18.3191 20.1501 48
      vertex 16.2832 21.5723 48
    endloop
  endfacet
  facet normal -0 0 1
    outer loop
      vertex 15.8514 19.8711 48
      vertex 18.0476 19.1882 48
      vertex 16.0898 20.716 48
    endloop
  endfacet
  facet normal 0 0 1
    outer loop
      vertex 18.0476 19.1882 48
      vertex 15.8514 19.8711 48
      vertex 17.7257 18.242 48
    endloop
  endfacet
  facet normal -0 0 1
    outer loop
      vertex 15.5686 19.04 48
      vertex 17.7257 18.242 48
      vertex 15.8514 19.8711 48
    endloop
  endfacet
  facet normal 0 0 1
    outer loop
      vertex 17.7257 18.242 48
      vertex 15.5686 19.04 48
      vertex 17.3543 17.3141 48
    endloop
  endfacet
  facet normal -0 0 1
    outer loop
      vertex 15.2424 18.2251 48
      vertex 17.3543 17.3141 48
      vertex 15.5686 19.04 48
    endloop
  endfacet
  facet normal 0 0 1
    outer loop
      vertex 17.3543 17.3141 48
      vertex 15.2424 18.2251 48
      vertex 16.9343 16.4071 48
    endloop
  endfacet
  facet normal -0 0 1
    outer loop
      vertex 14.8735 17.4285 48
      vertex 16.9343 16.4071 48
      vertex 15.2424 18.2251 48
    endloop
  endfacet
  facet normal 0 0 1
    outer loop
      vertex 16.9343 16.4071 48
      vertex 14.8735 17.4285 48
      vertex 16.4669 15.5237 48
    endloop
  endfacet
  facet normal -0 0 1
    outer loop
      vertex 14.463 16.6525 48
      vertex 16.4669 15.5237 48
      vertex 14.8735 17.4285 48
    endloop
  endfacet
  facet normal 0 0 1
    outer loop
      vertex 16.4669 15.5237 48
      vertex 14.463 16.6525 48
      vertex 15.9535 14.6661 48
    endloop
  endfacet
  facet normal -0 0 1
    outer loop
      vertex 14.0121 15.8994 48
      vertex 15.9535 14.6661 48
      vertex 14.463 16.6525 48
    endloop
  endfacet
  facet normal 0 0 1
    outer loop
      vertex 15.9535 14.6661 48
      vertex 14.0121 15.8994 48
      vertex 15.3955 13.8369 48
    endloop
  endfacet
  facet normal -0 0 1
    outer loop
      vertex 13.522 15.1711 48
      vertex 15.3955 13.8369 48
      vertex 14.0121 15.8994 48
    endloop
  endfacet
  facet normal 0 0 1
    outer loop
      vertex 15.3955 13.8369 48
      vertex 13.522 15.1711 48
      vertex 14.7944 13.0384 48
    endloop
  endfacet
  facet normal -0 0 1
    outer loop
      vertex 12.994 14.4697 48
      vertex 14.7944 13.0384 48
      vertex 13.522 15.1711 48
    endloop
  endfacet
  facet normal 0 0 1
    outer loop
      vertex 14.7944 13.0384 48
      vertex 12.994 14.4697 48
      vertex 14.1519 12.2727 48
    endloop
  endfacet
  facet normal -0 0 1
    outer loop
      vertex 12.4297 13.7972 48
      vertex 14.1519 12.2727 48
      vertex 12.994 14.4697 48
    endloop
  endfacet
  facet normal 0 0 1
    outer loop
      vertex 14.1519 12.2727 48
      vertex 12.4297 13.7972 48
      vertex 13.4699 11.5421 48
    endloop
  endfacet
  facet normal -0 0 1
    outer loop
      vertex 11.8307 13.1555 48
      vertex 13.4699 11.5421 48
      vertex 12.4297 13.7972 48
    endloop
  endfacet
  facet normal 0 0 1
    outer loop
      vertex 13.4699 11.5421 48
      vertex 11.8307 13.1555 48
      vertex 12.7502 10.8486 48
    endloop
  endfacet
  facet normal -0 0 1
    outer loop
      vertex 11.1986 12.5464 48
      vertex 12.7502 10.8486 48
      vertex 11.8307 13.1555 48
    endloop
  endfacet
  facet normal 0 0 1
    outer loop
      vertex 12.7502 10.8486 48
      vertex 11.1986 12.5464 48
      vertex 11.9949 10.1941 48
    endloop
  endfacet
  facet normal -0 0 1
    outer loop
      vertex 10.5352 11.9715 48
      vertex 11.9949 10.1941 48
      vertex 11.1986 12.5464 48
    endloop
  endfacet
  facet normal 0 0 1
    outer loop
      vertex 11.9949 10.1941 48
      vertex 10.5352 11.9715 48
      vertex 11.206 9.5804 48
    endloop
  endfacet
  facet normal -0 0 1
    outer loop
      vertex 9.84227 11.4325 48
      vertex 11.206 9.5804 48
      vertex 10.5352 11.9715 48
    endloop
  endfacet
  facet normal 0 0 1
    outer loop
      vertex 11.206 9.5804 48
      vertex 9.84227 11.4325 48
      vertex 10.3857 9.00928 48
    endloop
  endfacet
  facet normal -0 0 1
    outer loop
      vertex 9.12184 10.9309 48
      vertex 10.3857 9.00928 48
      vertex 9.84227 11.4325 48
    endloop
  endfacet
  facet normal 0 0 1
    outer loop
      vertex 10.5467 8.69998 48
      vertex 9.88721 8.69998 48
      vertex 10.5467 3.19998 48
    endloop
  endfacet
  facet normal -0 0 1
    outer loop
      vertex 10.5467 3.19998 48
      vertex 14.9 0.600006 48
      vertex 14.9 3.19998 48
    endloop
  endfacet
  facet normal 0 0 1
    outer loop
      vertex 10.3857 9.00928 48
      vertex 9.12184 10.9309 48
      vertex 9.88721 8.69998 48
    endloop
  endfacet
  facet normal -0 0 1
    outer loop
      vertex 8.37591 10.4681 48
      vertex 9.88721 8.69998 48
      vertex 9.12184 10.9309 48
    endloop
  endfacet
  facet normal -0 0 1
    outer loop
      vertex 7.60656 10.0453 48
      vertex 9.88721 8.69998 48
      vertex 8.37591 10.4681 48
    endloop
  endfacet
  facet normal -0 0 1
    outer loop
      vertex 6.81593 9.66386 48
      vertex 9.88721 8.69998 48
      vertex 7.60656 10.0453 48
    endloop
  endfacet
  facet normal -0 0 1
    outer loop
      vertex 6.00624 9.3247 48
      vertex 9.88721 8.69998 48
      vertex 6.81593 9.66386 48
    endloop
  endfacet
  facet normal 0 0 1
    outer loop
      vertex 9.88721 8.69998 48
      vertex 6.00624 9.3247 48
      vertex 10.5467 3.19998 48
    endloop
  endfacet
  facet normal -0 0 1
    outer loop
      vertex 5.17975 9.02883 48
      vertex 10.5467 3.19998 48
      vertex 6.00624 9.3247 48
    endloop
  endfacet
  facet normal -0 0 1
    outer loop
      vertex 4.33878 8.77706 48
      vertex 10.5467 3.19998 48
      vertex 5.17975 9.02883 48
    endloop
  endfacet
  facet normal -0 0 1
    outer loop
      vertex 4.02107 8.69998 48
      vertex 10.5467 3.19998 48
      vertex 4.33878 8.77706 48
    endloop
  endfacet
  facet normal -0 0 1
    outer loop
      vertex -4.02107 8.69998 48
      vertex 10.5467 3.19998 48
      vertex 4.02107 8.69998 48
    endloop
  endfacet
  facet normal 0 0 1
    outer loop
      vertex -10.5467 3.19998 48
      vertex 10.5467 3.19998 48
      vertex -4.02107 8.69998 48
    endloop
  endfacet
  facet normal 0 0 1
    outer loop
      vertex -10.5467 3.19998 48
      vertex -4.02107 8.69998 48
      vertex -4.33878 8.77706 48
    endloop
  endfacet
  facet normal 0 0 1
    outer loop
      vertex -10.5467 3.19998 48
      vertex -4.33878 8.77706 48
      vertex -5.17975 9.02883 48
    endloop
  endfacet
  facet normal 0 0 1
    outer loop
      vertex -10.5467 3.19998 48
      vertex -5.17975 9.02883 48
      vertex -6.00624 9.3247 48
    endloop
  endfacet
  facet normal 0 0 1
    outer loop
      vertex -10.3857 9.00928 48
      vertex -9.12184 10.9309 48
      vertex -9.84227 11.4325 48
    endloop
  endfacet
  facet normal 0 0 1
    outer loop
      vertex -9.88721 8.69998 48
      vertex -8.37591 10.4681 48
      vertex -9.12184 10.9309 48
    endloop
  endfacet
  facet normal 0 0 1
    outer loop
      vertex -9.88721 8.69998 48
      vertex -7.60656 10.0453 48
      vertex -8.37591 10.4681 48
    endloop
  endfacet
  facet normal 0 0 1
    outer loop
      vertex -9.88721 8.69998 48
      vertex -6.81593 9.66386 48
      vertex -7.60656 10.0453 48
    endloop
  endfacet
  facet normal 0 0 1
    outer loop
      vertex -9.88721 8.69998 48
      vertex -6.00624 9.3247 48
      vertex -6.81593 9.66386 48
    endloop
  endfacet
  facet normal 0 0 1
    outer loop
      vertex -10.5467 3.19998 48
      vertex -6.00624 9.3247 48
      vertex -9.88721 8.69998 48
    endloop
  endfacet
  facet normal 0 0 1
    outer loop
      vertex -10.5467 3.19998 48
      vertex -9.88721 8.69998 48
      vertex -10.5467 8.69998 48
    endloop
  endfacet
  facet normal 0 0 1
    outer loop
      vertex 10.5467 3.19998 48
      vertex -10.5467 3.19998 48
      vertex 14.9 0.600006 48
    endloop
  endfacet
  facet normal 0 0 1
    outer loop
      vertex -14.9 0.600006 48
      vertex -10.5467 3.19998 48
      vertex -14.9 3.19998 48
    endloop
  endfacet
  facet normal 0 0 1
    outer loop
      vertex -10.5467 3.19998 48
      vertex -14.9 0.600006 48
      vertex 14.9 0.600006 48
    endloop
  endfacet
  facet normal 0 0 1
    outer loop
      vertex -15.2424 18.2251 48
      vertex -17.3543 17.3141 48
      vertex -16.9343 16.4071 48
    endloop
  endfacet
  facet normal -0 0 1
    outer loop
      vertex -18.8976 25.0999 48
      vertex -16.5979 25.0634 48
      vertex -16.5608 25.9404 48
    endloop
  endfacet
  facet normal 0 0 1
    outer loop
      vertex -16.5886 24.1856 48
      vertex -17.7257 18.242 48
      vertex -17.3543 17.3141 48
    endloop
  endfacet
  facet normal -0 0 1
    outer loop
      vertex -18.8553 26.0985 48
      vertex -16.5608 25.9404 48
      vertex -16.4773 26.8143 48
    endloop
  endfacet
  facet normal 0 0 1
    outer loop
      vertex -16.5886 24.1856 48
      vertex -18.0476 19.1882 48
      vertex -17.7257 18.242 48
    endloop
  endfacet
  facet normal -0 0 1
    outer loop
      vertex -18.7603 27.0934 48
      vertex -16.4773 26.8143 48
      vertex -16.3478 27.6826 48
    endloop
  endfacet
  facet normal 0 0 1
    outer loop
      vertex -16.5886 24.1856 48
      vertex -18.3191 20.1501 48
      vertex -18.0476 19.1882 48
    endloop
  endfacet
  facet normal 0 0 1
    outer loop
      vertex -16.5886 24.1856 48
      vertex -18.5393 21.125 48
      vertex -18.3191 20.1501 48
    endloop
  endfacet
  facet normal 0 0 1
    outer loop
      vertex -18.7603 27.0934 48
      vertex -16.3478 27.6826 48
      vertex -18.6129 28.0819 48
    endloop
  endfacet
  facet normal 0 0 1
    outer loop
      vertex -16.5886 24.1856 48
      vertex -18.7076 22.1102 48
      vertex -18.5393 21.125 48
    endloop
  endfacet
  facet normal 0 0 1
    outer loop
      vertex -16.4773 26.8143 48
      vertex -18.7603 27.0934 48
      vertex -18.8553 26.0985 48
    endloop
  endfacet
  facet normal 0 0 1
    outer loop
      vertex -16.5886 24.1856 48
      vertex -18.8237 23.103 48
      vertex -18.7076 22.1102 48
    endloop
  endfacet
  facet normal 0 0 1
    outer loop
      vertex -16.5608 25.9404 48
      vertex -18.8553 26.0985 48
      vertex -18.8976 25.0999 48
    endloop
  endfacet
  facet normal 0 0 1
    outer loop
      vertex -16.5886 24.1856 48
      vertex -18.887 24.1004 48
      vertex -18.8237 23.103 48
    endloop
  endfacet
  facet normal 0 0 1
    outer loop
      vertex -16.5979 25.0634 48
      vertex -18.8976 25.0999 48
      vertex -18.887 24.1004 48
    endloop
  endfacet
  facet normal 0 0 1
    outer loop
      vertex -9.12184 10.9309 48
      vertex -10.3857 9.00928 48
      vertex -9.88721 8.69998 48
    endloop
  endfacet
  facet normal 0 0 1
    outer loop
      vertex -11.206 9.5804 48
      vertex -9.84227 11.4325 48
      vertex -10.5352 11.9715 48
    endloop
  endfacet
  facet normal 0 0 1
    outer loop
      vertex -11.9949 10.1941 48
      vertex -10.5352 11.9715 48
      vertex -11.1986 12.5464 48
    endloop
  endfacet
  facet normal 0 0 1
    outer loop
      vertex -9.84227 11.4325 48
      vertex -11.206 9.5804 48
      vertex -10.3857 9.00928 48
    endloop
  endfacet
  facet normal 0 0 1
    outer loop
      vertex -12.7502 10.8486 48
      vertex -11.1986 12.5464 48
      vertex -11.8307 13.1555 48
    endloop
  endfacet
  facet normal 0 0 1
    outer loop
      vertex -10.5352 11.9715 48
      vertex -11.9949 10.1941 48
      vertex -11.206 9.5804 48
    endloop
  endfacet
  facet normal 0 0 1
    outer loop
      vertex -13.4699 11.5421 48
      vertex -11.8307 13.1555 48
      vertex -12.4297 13.7972 48
    endloop
  endfacet
  facet normal 0 0 1
    outer loop
      vertex -11.1986 12.5464 48
      vertex -12.7502 10.8486 48
      vertex -11.9949 10.1941 48
    endloop
  endfacet
  facet normal 0 0 1
    outer loop
      vertex -14.1519 12.2727 48
      vertex -12.4297 13.7972 48
      vertex -12.994 14.4697 48
    endloop
  endfacet
  facet normal 0 0 1
    outer loop
      vertex -11.8307 13.1555 48
      vertex -13.4699 11.5421 48
      vertex -12.7502 10.8486 48
    endloop
  endfacet
  facet normal 0 0 1
    outer loop
      vertex -14.7944 13.0384 48
      vertex -12.994 14.4697 48
      vertex -13.522 15.1711 48
    endloop
  endfacet
  facet normal 0 0 1
    outer loop
      vertex -15.3955 13.8369 48
      vertex -13.522 15.1711 48
      vertex -14.0121 15.8994 48
    endloop
  endfacet
  facet normal 0 0 1
    outer loop
      vertex -12.4297 13.7972 48
      vertex -14.1519 12.2727 48
      vertex -13.4699 11.5421 48
    endloop
  endfacet
  facet normal 0 0 1
    outer loop
      vertex -15.9535 14.6661 48
      vertex -14.0121 15.8994 48
      vertex -14.463 16.6525 48
    endloop
  endfacet
  facet normal 0 0 1
    outer loop
      vertex -12.994 14.4697 48
      vertex -14.7944 13.0384 48
      vertex -14.1519 12.2727 48
    endloop
  endfacet
  facet normal 0 0 1
    outer loop
      vertex -16.4669 15.5237 48
      vertex -14.463 16.6525 48
      vertex -14.8735 17.4285 48
    endloop
  endfacet
  facet normal 0 0 1
    outer loop
      vertex -16.9343 16.4071 48
      vertex -14.8735 17.4285 48
      vertex -15.2424 18.2251 48
    endloop
  endfacet
  facet normal 0 0 1
    outer loop
      vertex -13.522 15.1711 48
      vertex -15.3955 13.8369 48
      vertex -14.7944 13.0384 48
    endloop
  endfacet
  facet normal 0 0 1
    outer loop
      vertex -17.3543 17.3141 48
      vertex -15.2424 18.2251 48
      vertex -15.5686 19.04 48
    endloop
  endfacet
  facet normal 0 0 1
    outer loop
      vertex -17.3543 17.3141 48
      vertex -15.5686 19.04 48
      vertex -15.8514 19.8711 48
    endloop
  endfacet
  facet normal 0 0 1
    outer loop
      vertex -14.0121 15.8994 48
      vertex -15.9535 14.6661 48
      vertex -15.3955 13.8369 48
    endloop
  endfacet
  facet normal 0 0 1
    outer loop
      vertex -17.3543 17.3141 48
      vertex -15.8514 19.8711 48
      vertex -16.0898 20.716 48
    endloop
  endfacet
  facet normal 0 0 1
    outer loop
      vertex -17.3543 17.3141 48
      vertex -16.0898 20.716 48
      vertex -16.2832 21.5723 48
    endloop
  endfacet
  facet normal 0 0 1
    outer loop
      vertex -17.3543 17.3141 48
      vertex -16.2832 21.5723 48
      vertex -16.431 22.4376 48
    endloop
  endfacet
  facet normal 0 0 1
    outer loop
      vertex -14.463 16.6525 48
      vertex -16.4669 15.5237 48
      vertex -15.9535 14.6661 48
    endloop
  endfacet
  facet normal 0 0 1
    outer loop
      vertex -17.3543 17.3141 48
      vertex -16.431 22.4376 48
      vertex -16.5329 23.3095 48
    endloop
  endfacet
  facet normal 0 0 1
    outer loop
      vertex -17.3543 17.3141 48
      vertex -16.5329 23.3095 48
      vertex -16.5886 24.1856 48
    endloop
  endfacet
  facet normal 0 0 1
    outer loop
      vertex -14.8735 17.4285 48
      vertex -16.9343 16.4071 48
      vertex -16.4669 15.5237 48
    endloop
  endfacet
  facet normal 0 0 1
    outer loop
      vertex -18.887 24.1004 48
      vertex -16.5886 24.1856 48
      vertex -16.5979 25.0634 48
    endloop
  endfacet
  facet normal -0.706517 0 0.707696
    outer loop
      vertex -15.5 3.79999 47.401
      vertex -14.9 0.600006 48
      vertex -14.9 3.19998 48
    endloop
  endfacet
  facet normal -0.706517 0 0.707696
    outer loop
      vertex -14.9 0.600006 48
      vertex -15.5 3.79999 47.401
      vertex -15.5 0 47.401
    endloop
  endfacet
  facet normal 0 0.706511 0.707702
    outer loop
      vertex -11.1467 3.79999 47.401
      vertex -14.9 3.19998 48
      vertex -10.5467 3.19998 48
    endloop
  endfacet
  facet normal 0 0.706511 0.707702
    outer loop
      vertex -14.9 3.19998 48
      vertex -11.1467 3.79999 47.401
      vertex -15.5 3.79999 47.401
    endloop
  endfacet
  facet normal -0 0.706511 0.707702
    outer loop
      vertex 11.1467 3.79999 47.401
      vertex 14.9 3.19998 48
      vertex 15.5 3.79999 47.401
    endloop
  endfacet
  facet normal 0 0.706511 0.707702
    outer loop
      vertex 14.9 3.19998 48
      vertex 11.1467 3.79999 47.401
      vertex 10.5467 3.19998 48
    endloop
  endfacet
  facet normal 0 0 -1
    outer loop
      vertex 14.9 0.600006 0
      vertex 10.5467 3.19998 0
      vertex 14.9 3.19998 0
    endloop
  endfacet
  facet normal 0 0 -1
    outer loop
      vertex 10.5467 3.19998 0
      vertex 9.88721 8.69998 0
      vertex 10.5467 8.69998 0
    endloop
  endfacet
  facet normal 0 0 -1
    outer loop
      vertex 10.3857 9.00928 0
      vertex 9.12184 10.9309 0
      vertex 9.84227 11.4325 0
    endloop
  endfacet
  facet normal 0 0 -1
    outer loop
      vertex 6.00624 9.3247 0
      vertex 9.88721 8.69998 0
      vertex 10.5467 3.19998 0
    endloop
  endfacet
  facet normal 0 0 -1
    outer loop
      vertex 9.88721 8.69998 0
      vertex 8.37591 10.4681 0
      vertex 9.12184 10.9309 0
    endloop
  endfacet
  facet normal 0 0 -1
    outer loop
      vertex 9.88721 8.69998 0
      vertex 7.60656 10.0453 0
      vertex 8.37591 10.4681 0
    endloop
  endfacet
  facet normal 0 0 -1
    outer loop
      vertex 9.88721 8.69998 0
      vertex 6.81593 9.66386 0
      vertex 7.60656 10.0453 0
    endloop
  endfacet
  facet normal 0 0 -1
    outer loop
      vertex 9.88721 8.69998 0
      vertex 6.00624 9.3247 0
      vertex 6.81593 9.66386 0
    endloop
  endfacet
  facet normal 0 0 -1
    outer loop
      vertex 10.5467 3.19998 0
      vertex 5.17975 9.02883 0
      vertex 6.00624 9.3247 0
    endloop
  endfacet
  facet normal 0 0 -1
    outer loop
      vertex 10.5467 3.19998 0
      vertex 4.33878 8.77706 0
      vertex 5.17975 9.02883 0
    endloop
  endfacet
  facet normal 0 0 -1
    outer loop
      vertex 10.5467 3.19998 0
      vertex 4.02107 8.69998 0
      vertex 4.33878 8.77706 0
    endloop
  endfacet
  facet normal 0 0 -1
    outer loop
      vertex 10.5467 3.19998 0
      vertex -4.02107 8.69998 0
      vertex 4.02107 8.69998 0
    endloop
  endfacet
  facet normal 0 0 -1
    outer loop
      vertex -10.5467 3.19998 0
      vertex 10.5467 3.19998 0
      vertex 14.9 0.600006 0
    endloop
  endfacet
  facet normal 0 0 -1
    outer loop
      vertex 10.5467 3.19998 0
      vertex -10.5467 3.19998 0
      vertex -4.02107 8.69998 0
    endloop
  endfacet
  facet normal -0 0 -1
    outer loop
      vertex -4.02107 8.69998 0
      vertex -10.5467 3.19998 0
      vertex -4.33878 8.77706 0
    endloop
  endfacet
  facet normal -0 0 -1
    outer loop
      vertex -4.33878 8.77706 0
      vertex -10.5467 3.19998 0
      vertex -5.17975 9.02883 0
    endloop
  endfacet
  facet normal 0 0 -1
    outer loop
      vertex -10.3857 9.00928 0
      vertex -9.12184 10.9309 0
      vertex -9.88721 8.69998 0
    endloop
  endfacet
  facet normal -0 0 -1
    outer loop
      vertex -8.37591 10.4681 0
      vertex -9.88721 8.69998 0
      vertex -9.12184 10.9309 0
    endloop
  endfacet
  facet normal -0 0 -1
    outer loop
      vertex -7.60656 10.0453 0
      vertex -9.88721 8.69998 0
      vertex -8.37591 10.4681 0
    endloop
  endfacet
  facet normal -0 0 -1
    outer loop
      vertex -6.81593 9.66386 0
      vertex -9.88721 8.69998 0
      vertex -7.60656 10.0453 0
    endloop
  endfacet
  facet normal -0 0 -1
    outer loop
      vertex -6.00624 9.3247 0
      vertex -9.88721 8.69998 0
      vertex -6.81593 9.66386 0
    endloop
  endfacet
  facet normal -0 0 -1
    outer loop
      vertex -5.17975 9.02883 0
      vertex -10.5467 3.19998 0
      vertex -6.00624 9.3247 0
    endloop
  endfacet
  facet normal 0 0 -1
    outer loop
      vertex -6.00624 9.3247 0
      vertex -10.5467 3.19998 0
      vertex -9.88721 8.69998 0
    endloop
  endfacet
  facet normal 0 0 -1
    outer loop
      vertex -14.9 0.600006 0
      vertex -10.5467 3.19998 0
      vertex 14.9 0.600006 0
    endloop
  endfacet
  facet normal -0 0 -1
    outer loop
      vertex -10.5467 3.19998 0
      vertex -14.9 0.600006 0
      vertex -14.9 3.19998 0
    endloop
  endfacet
  facet normal 0 0 -1
    outer loop
      vertex 18.887 24.1004 0
      vertex 16.5886 24.1856 0
      vertex 16.5979 25.0634 0
    endloop
  endfacet
  facet normal 0 0 -1
    outer loop
      vertex 17.3543 17.3141 0
      vertex 16.5329 23.3095 0
      vertex 16.5886 24.1856 0
    endloop
  endfacet
  facet normal 0 0 -1
    outer loop
      vertex 14.8735 17.4285 0
      vertex 16.9343 16.4071 0
      vertex 16.4669 15.5237 0
    endloop
  endfacet
  facet normal 0 0 -1
    outer loop
      vertex 17.3543 17.3141 0
      vertex 16.431 22.4376 0
      vertex 16.5329 23.3095 0
    endloop
  endfacet
  facet normal 0 0 -1
    outer loop
      vertex 17.3543 17.3141 0
      vertex 16.2832 21.5723 0
      vertex 16.431 22.4376 0
    endloop
  endfacet
  facet normal 0 0 -1
    outer loop
      vertex 17.3543 17.3141 0
      vertex 16.0898 20.716 0
      vertex 16.2832 21.5723 0
    endloop
  endfacet
  facet normal 0 0 -1
    outer loop
      vertex 14.463 16.6525 0
      vertex 16.4669 15.5237 0
      vertex 15.9535 14.6661 0
    endloop
  endfacet
  facet normal 0 0 -1
    outer loop
      vertex 17.3543 17.3141 0
      vertex 15.8514 19.8711 0
      vertex 16.0898 20.716 0
    endloop
  endfacet
  facet normal 0 0 -1
    outer loop
      vertex 17.3543 17.3141 0
      vertex 15.5686 19.04 0
      vertex 15.8514 19.8711 0
    endloop
  endfacet
  facet normal 0 0 -1
    outer loop
      vertex 14.0121 15.8994 0
      vertex 15.9535 14.6661 0
      vertex 15.3955 13.8369 0
    endloop
  endfacet
  facet normal 0 0 -1
    outer loop
      vertex 17.3543 17.3141 0
      vertex 15.2424 18.2251 0
      vertex 15.5686 19.04 0
    endloop
  endfacet
  facet normal 0 0 -1
    outer loop
      vertex 16.9343 16.4071 0
      vertex 14.8735 17.4285 0
      vertex 15.2424 18.2251 0
    endloop
  endfacet
  facet normal 0 0 -1
    outer loop
      vertex 13.522 15.1711 0
      vertex 15.3955 13.8369 0
      vertex 14.7944 13.0384 0
    endloop
  endfacet
  facet normal 0 0 -1
    outer loop
      vertex 16.4669 15.5237 0
      vertex 14.463 16.6525 0
      vertex 14.8735 17.4285 0
    endloop
  endfacet
  facet normal 0 0 -1
    outer loop
      vertex 12.994 14.4697 0
      vertex 14.7944 13.0384 0
      vertex 14.1519 12.2727 0
    endloop
  endfacet
  facet normal 0 0 -1
    outer loop
      vertex 15.9535 14.6661 0
      vertex 14.0121 15.8994 0
      vertex 14.463 16.6525 0
    endloop
  endfacet
  facet normal 0 0 -1
    outer loop
      vertex 15.3955 13.8369 0
      vertex 13.522 15.1711 0
      vertex 14.0121 15.8994 0
    endloop
  endfacet
  facet normal 0 0 -1
    outer loop
      vertex 12.4297 13.7972 0
      vertex 14.1519 12.2727 0
      vertex 13.4699 11.5421 0
    endloop
  endfacet
  facet normal 0 0 -1
    outer loop
      vertex 14.7944 13.0384 0
      vertex 12.994 14.4697 0
      vertex 13.522 15.1711 0
    endloop
  endfacet
  facet normal 0 0 -1
    outer loop
      vertex 11.8307 13.1555 0
      vertex 13.4699 11.5421 0
      vertex 12.7502 10.8486 0
    endloop
  endfacet
  facet normal 0 0 -1
    outer loop
      vertex 14.1519 12.2727 0
      vertex 12.4297 13.7972 0
      vertex 12.994 14.4697 0
    endloop
  endfacet
  facet normal 0 0 -1
    outer loop
      vertex 11.1986 12.5464 0
      vertex 12.7502 10.8486 0
      vertex 11.9949 10.1941 0
    endloop
  endfacet
  facet normal 0 0 -1
    outer loop
      vertex 13.4699 11.5421 0
      vertex 11.8307 13.1555 0
      vertex 12.4297 13.7972 0
    endloop
  endfacet
  facet normal 0 0 -1
    outer loop
      vertex 10.5352 11.9715 0
      vertex 11.9949 10.1941 0
      vertex 11.206 9.5804 0
    endloop
  endfacet
  facet normal 0 0 -1
    outer loop
      vertex 12.7502 10.8486 0
      vertex 11.1986 12.5464 0
      vertex 11.8307 13.1555 0
    endloop
  endfacet
  facet normal 0 0 -1
    outer loop
      vertex 11.9949 10.1941 0
      vertex 10.5352 11.9715 0
      vertex 11.1986 12.5464 0
    endloop
  endfacet
  facet normal 0 0 -1
    outer loop
      vertex 9.84227 11.4325 0
      vertex 11.206 9.5804 0
      vertex 10.3857 9.00928 0
    endloop
  endfacet
  facet normal 0 0 -1
    outer loop
      vertex 9.12184 10.9309 0
      vertex 10.3857 9.00928 0
      vertex 9.88721 8.69998 0
    endloop
  endfacet
  facet normal 0 0 -1
    outer loop
      vertex 11.206 9.5804 0
      vertex 9.84227 11.4325 0
      vertex 10.5352 11.9715 0
    endloop
  endfacet
  facet normal 0 0 -1
    outer loop
      vertex 16.5979 25.0634 0
      vertex 18.8976 25.0999 0
      vertex 18.887 24.1004 0
    endloop
  endfacet
  facet normal 0 0 -1
    outer loop
      vertex 16.5886 24.1856 0
      vertex 18.887 24.1004 0
      vertex 18.8237 23.103 0
    endloop
  endfacet
  facet normal -0 0 -1
    outer loop
      vertex 18.8976 25.0999 0
      vertex 16.5979 25.0634 0
      vertex 18.8553 26.0985 0
    endloop
  endfacet
  facet normal 0 0 -1
    outer loop
      vertex 16.5886 24.1856 0
      vertex 18.8237 23.103 0
      vertex 18.7076 22.1102 0
    endloop
  endfacet
  facet normal 0 0 -1
    outer loop
      vertex 16.5608 25.9404 0
      vertex 18.8553 26.0985 0
      vertex 16.5979 25.0634 0
    endloop
  endfacet
  facet normal 0 0 -1
    outer loop
      vertex 16.5886 24.1856 0
      vertex 18.7076 22.1102 0
      vertex 18.5393 21.125 0
    endloop
  endfacet
  facet normal 0 0 -1
    outer loop
      vertex 16.5886 24.1856 0
      vertex 18.5393 21.125 0
      vertex 18.3191 20.1501 0
    endloop
  endfacet
  facet normal 0 0 -1
    outer loop
      vertex 16.5886 24.1856 0
      vertex 18.3191 20.1501 0
      vertex 18.0476 19.1882 0
    endloop
  endfacet
  facet normal 0 0 -1
    outer loop
      vertex 16.5886 24.1856 0
      vertex 18.0476 19.1882 0
      vertex 17.7257 18.242 0
    endloop
  endfacet
  facet normal 0 0 -1
    outer loop
      vertex 16.5886 24.1856 0
      vertex 17.7257 18.242 0
      vertex 17.3543 17.3141 0
    endloop
  endfacet
  facet normal 0 0 -1
    outer loop
      vertex 15.2424 18.2251 0
      vertex 17.3543 17.3141 0
      vertex 16.9343 16.4071 0
    endloop
  endfacet
  facet normal -0 0 -1
    outer loop
      vertex 18.8553 26.0985 0
      vertex 16.5608 25.9404 0
      vertex 18.7603 27.0934 0
    endloop
  endfacet
  facet normal 0 0 -1
    outer loop
      vertex 16.4773 26.8143 0
      vertex 18.7603 27.0934 0
      vertex 16.5608 25.9404 0
    endloop
  endfacet
  facet normal -0 0 -1
    outer loop
      vertex 18.7603 27.0934 0
      vertex 16.4773 26.8143 0
      vertex 18.6129 28.0819 0
    endloop
  endfacet
  facet normal 0 0 -1
    outer loop
      vertex 18.6129 28.0819 0
      vertex 16.4773 26.8143 0
      vertex 16.3478 27.6826 0
    endloop
  endfacet
  facet normal -0 0 -1
    outer loop
      vertex -9.12184 10.9309 0
      vertex -10.3857 9.00928 0
      vertex -9.84227 11.4325 0
    endloop
  endfacet
  facet normal 0 0 -1
    outer loop
      vertex -11.206 9.5804 0
      vertex -9.84227 11.4325 0
      vertex -10.3857 9.00928 0
    endloop
  endfacet
  facet normal -0 0 -1
    outer loop
      vertex -9.84227 11.4325 0
      vertex -11.206 9.5804 0
      vertex -10.5352 11.9715 0
    endloop
  endfacet
  facet normal 0 0 -1
    outer loop
      vertex -11.9949 10.1941 0
      vertex -10.5352 11.9715 0
      vertex -11.206 9.5804 0
    endloop
  endfacet
  facet normal -0 0 -1
    outer loop
      vertex -10.5352 11.9715 0
      vertex -11.9949 10.1941 0
      vertex -11.1986 12.5464 0
    endloop
  endfacet
  facet normal 0 0 -1
    outer loop
      vertex -12.7502 10.8486 0
      vertex -11.1986 12.5464 0
      vertex -11.9949 10.1941 0
    endloop
  endfacet
  facet normal -0 0 -1
    outer loop
      vertex -11.1986 12.5464 0
      vertex -12.7502 10.8486 0
      vertex -11.8307 13.1555 0
    endloop
  endfacet
  facet normal 0 0 -1
    outer loop
      vertex -13.4699 11.5421 0
      vertex -11.8307 13.1555 0
      vertex -12.7502 10.8486 0
    endloop
  endfacet
  facet normal -0 0 -1
    outer loop
      vertex -11.8307 13.1555 0
      vertex -13.4699 11.5421 0
      vertex -12.4297 13.7972 0
    endloop
  endfacet
  facet normal 0 0 -1
    outer loop
      vertex -14.1519 12.2727 0
      vertex -12.4297 13.7972 0
      vertex -13.4699 11.5421 0
    endloop
  endfacet
  facet normal -0 0 -1
    outer loop
      vertex -12.4297 13.7972 0
      vertex -14.1519 12.2727 0
      vertex -12.994 14.4697 0
    endloop
  endfacet
  facet normal 0 0 -1
    outer loop
      vertex -14.7944 13.0384 0
      vertex -12.994 14.4697 0
      vertex -14.1519 12.2727 0
    endloop
  endfacet
  facet normal -0 0 -1
    outer loop
      vertex -12.994 14.4697 0
      vertex -14.7944 13.0384 0
      vertex -13.522 15.1711 0
    endloop
  endfacet
  facet normal 0 0 -1
    outer loop
      vertex -15.3955 13.8369 0
      vertex -13.522 15.1711 0
      vertex -14.7944 13.0384 0
    endloop
  endfacet
  facet normal -0 0 -1
    outer loop
      vertex -13.522 15.1711 0
      vertex -15.3955 13.8369 0
      vertex -14.0121 15.8994 0
    endloop
  endfacet
  facet normal 0 0 -1
    outer loop
      vertex -15.9535 14.6661 0
      vertex -14.0121 15.8994 0
      vertex -15.3955 13.8369 0
    endloop
  endfacet
  facet normal -0 0 -1
    outer loop
      vertex -14.0121 15.8994 0
      vertex -15.9535 14.6661 0
      vertex -14.463 16.6525 0
    endloop
  endfacet
  facet normal 0 0 -1
    outer loop
      vertex -16.4669 15.5237 0
      vertex -14.463 16.6525 0
      vertex -15.9535 14.6661 0
    endloop
  endfacet
  facet normal -0 0 -1
    outer loop
      vertex -14.463 16.6525 0
      vertex -16.4669 15.5237 0
      vertex -14.8735 17.4285 0
    endloop
  endfacet
  facet normal 0 0 -1
    outer loop
      vertex -16.9343 16.4071 0
      vertex -14.8735 17.4285 0
      vertex -16.4669 15.5237 0
    endloop
  endfacet
  facet normal -0 0 -1
    outer loop
      vertex -14.8735 17.4285 0
      vertex -16.9343 16.4071 0
      vertex -15.2424 18.2251 0
    endloop
  endfacet
  facet normal 0 0 -1
    outer loop
      vertex -17.3543 17.3141 0
      vertex -15.2424 18.2251 0
      vertex -16.9343 16.4071 0
    endloop
  endfacet
  facet normal -0 0 -1
    outer loop
      vertex -15.2424 18.2251 0
      vertex -17.3543 17.3141 0
      vertex -15.5686 19.04 0
    endloop
  endfacet
  facet normal 0 0 -1
    outer loop
      vertex -17.7257 18.242 0
      vertex -15.5686 19.04 0
      vertex -17.3543 17.3141 0
    endloop
  endfacet
  facet normal -0 0 -1
    outer loop
      vertex -15.5686 19.04 0
      vertex -17.7257 18.242 0
      vertex -15.8514 19.8711 0
    endloop
  endfacet
  facet normal 0 0 -1
    outer loop
      vertex -18.0476 19.1882 0
      vertex -15.8514 19.8711 0
      vertex -17.7257 18.242 0
    endloop
  endfacet
  facet normal -0 0 -1
    outer loop
      vertex -15.8514 19.8711 0
      vertex -18.0476 19.1882 0
      vertex -16.0898 20.716 0
    endloop
  endfacet
  facet normal -0 0 -1
    outer loop
      vertex -16.0898 20.716 0
      vertex -18.3191 20.1501 0
      vertex -16.2832 21.5723 0
    endloop
  endfacet
  facet normal 0 0 -1
    outer loop
      vertex -18.3191 20.1501 0
      vertex -16.0898 20.716 0
      vertex -18.0476 19.1882 0
    endloop
  endfacet
  facet normal -0 0 -1
    outer loop
      vertex -9.88721 8.69998 0
      vertex -10.5467 3.19998 0
      vertex -10.5467 8.69998 0
    endloop
  endfacet
  facet normal 0 0 -1
    outer loop
      vertex -18.5393 21.125 0
      vertex -16.2832 21.5723 0
      vertex -18.3191 20.1501 0
    endloop
  endfacet
  facet normal -0 0 -1
    outer loop
      vertex -16.2832 21.5723 0
      vertex -18.5393 21.125 0
      vertex -16.431 22.4376 0
    endloop
  endfacet
  facet normal 0 0 -1
    outer loop
      vertex -18.7076 22.1102 0
      vertex -16.431 22.4376 0
      vertex -18.5393 21.125 0
    endloop
  endfacet
  facet normal -0 0 -1
    outer loop
      vertex -16.431 22.4376 0
      vertex -18.7076 22.1102 0
      vertex -16.5329 23.3095 0
    endloop
  endfacet
  facet normal 0 0 -1
    outer loop
      vertex -18.8237 23.103 0
      vertex -16.5329 23.3095 0
      vertex -18.7076 22.1102 0
    endloop
  endfacet
  facet normal -0 0 -1
    outer loop
      vertex -16.5329 23.3095 0
      vertex -18.8237 23.103 0
      vertex -16.5886 24.1856 0
    endloop
  endfacet
  facet normal 0 0 -1
    outer loop
      vertex -18.887 24.1004 0
      vertex -16.5886 24.1856 0
      vertex -18.8237 23.103 0
    endloop
  endfacet
  facet normal -0 0 -1
    outer loop
      vertex -16.5886 24.1856 0
      vertex -18.887 24.1004 0
      vertex -16.5979 25.0634 0
    endloop
  endfacet
  facet normal 0 0 -1
    outer loop
      vertex -18.8976 25.0999 0
      vertex -16.5979 25.0634 0
      vertex -18.887 24.1004 0
    endloop
  endfacet
  facet normal 0 0 -1
    outer loop
      vertex -16.5979 25.0634 0
      vertex -18.8976 25.0999 0
      vertex -16.5608 25.9404 0
    endloop
  endfacet
  facet normal -0 0 -1
    outer loop
      vertex -16.3478 27.6826 0
      vertex -18.7603 27.0934 0
      vertex -18.6129 28.0819 0
    endloop
  endfacet
  facet normal 0 -0 -1
    outer loop
      vertex -18.8553 26.0985 0
      vertex -16.5608 25.9404 0
      vertex -18.8976 25.0999 0
    endloop
  endfacet
  facet normal 0 0 -1
    outer loop
      vertex -16.4773 26.8143 0
      vertex -18.7603 27.0934 0
      vertex -16.3478 27.6826 0
    endloop
  endfacet
  facet normal 0 0 -1
    outer loop
      vertex -16.5608 25.9404 0
      vertex -18.8553 26.0985 0
      vertex -16.4773 26.8143 0
    endloop
  endfacet
  facet normal 0 -0 -1
    outer loop
      vertex -18.7603 27.0934 0
      vertex -16.4773 26.8143 0
      vertex -18.8553 26.0985 0
    endloop
  endfacet
  facet normal 0 -0.7065 0.707713
    outer loop
      vertex 14.9 0.600006 48
      vertex -13.0172 0.00999451 47.411
      vertex 13.0172 0.00999451 47.411
    endloop
  endfacet
  facet normal 0 -0.7065 0.707713
    outer loop
      vertex -14.9 0.600006 48
      vertex -13.0172 0.00999451 47.411
      vertex 14.9 0.600006 48
    endloop
  endfacet
  facet normal -0.000501456 -0.707301 0.706913
    outer loop
      vertex -14.9 0.600006 48
      vertex -13.0172 0 47.401
      vertex -13.0172 0.00999451 47.411
    endloop
  endfacet
  facet normal 0 -0.706513 0.7077
    outer loop
      vertex -13.0172 0 47.401
      vertex -14.9 0.600006 48
      vertex -15.5 0 47.401
    endloop
  endfacet
  facet normal 0.000501456 -0.707301 0.706913
    outer loop
      vertex 13.0172 0 47.401
      vertex 14.9 0.600006 48
      vertex 13.0172 0.00999451 47.411
    endloop
  endfacet
  facet normal 0 -0.706513 0.7077
    outer loop
      vertex 14.9 0.600006 48
      vertex 13.0172 0 47.401
      vertex 15.5 0 47.401
    endloop
  endfacet
  facet normal 8.8699e-06 -0.707089 -0.707125
    outer loop
      vertex -13.0172 0 0.599999
      vertex -14.9 0.600006 0
      vertex -13.0172 0.00999451 0.590005
    endloop
  endfacet
  facet normal 0 -0.707103 -0.707111
    outer loop
      vertex -14.9 0.600006 0
      vertex -13.0172 0 0.599999
      vertex -15.5 0 0.599999
    endloop
  endfacet
  facet normal 0 -0.707103 -0.707111
    outer loop
      vertex 13.0172 0 0.599999
      vertex 14.9 0.600006 0
      vertex 15.5 0 0.599999
    endloop
  endfacet
  facet normal -8.8699e-06 -0.707089 -0.707125
    outer loop
      vertex 13.0172 0.00999451 0.590005
      vertex 14.9 0.600006 0
      vertex 13.0172 0 0.599999
    endloop
  endfacet
  facet normal 0 -0.707103 -0.707111
    outer loop
      vertex -13.0172 0.00999451 0.590005
      vertex 14.9 0.600006 0
      vertex 13.0172 0.00999451 0.590005
    endloop
  endfacet
  facet normal -0 -0.707103 -0.707111
    outer loop
      vertex 14.9 0.600006 0
      vertex -13.0172 0.00999451 0.590005
      vertex -14.9 0.600006 0
    endloop
  endfacet
  facet normal 0.706517 0 0.707696
    outer loop
      vertex 14.9 3.19998 48
      vertex 15.5 0 47.401
      vertex 15.5 3.79999 47.401
    endloop
  endfacet
  facet normal 0.706517 0 0.707696
    outer loop
      vertex 15.5 0 47.401
      vertex 14.9 3.19998 48
      vertex 14.9 0.600006 48
    endloop
  endfacet
  facet normal 0 0.707107 -0.707107
    outer loop
      vertex -10.5467 8.69998 0
      vertex -10.4783 8.86849 0.16851
      vertex -9.88721 8.69998 0
    endloop
  endfacet
  facet normal 1.63429e-05 0.707103 -0.70711
    outer loop
      vertex -10.4783 8.86849 0.16851
      vertex -10.5467 8.69998 0
      vertex -10.8237 8.9769 0.276911
    endloop
  endfacet
  facet normal -1.63429e-05 0.707103 -0.70711
    outer loop
      vertex 10.5467 8.69998 0
      vertex 10.4783 8.86849 0.16851
      vertex 10.8237 8.9769 0.276911
    endloop
  endfacet
  facet normal 1.298e-05 0.707109 -0.707104
    outer loop
      vertex 10.5467 8.69998 0
      vertex 10.283 8.8128 0.112816
      vertex 10.4783 8.86849 0.16851
    endloop
  endfacet
  facet normal 0 0.707094 -0.707119
    outer loop
      vertex 10.283 8.8128 0.112816
      vertex 10.5467 8.69998 0
      vertex 9.88721 8.69998 0
    endloop
  endfacet
  facet normal 3.98011e-07 0.707106 -0.707108
    outer loop
      vertex -3.9963 8.90986 0.209875
      vertex 3.97164 9.11874 0.418759
      vertex 4.02107 8.69998 0
    endloop
  endfacet
  facet normal 5.46734e-07 0.707103 -0.70711
    outer loop
      vertex -3.95025 9.29998 0.599991
      vertex 3.97164 9.11874 0.418759
      vertex -3.9963 8.90986 0.209875
    endloop
  endfacet
  facet normal 0 0.707091 -0.707122
    outer loop
      vertex 3.97164 9.11874 0.418759
      vertex -3.95025 9.29998 0.599991
      vertex 3.95025 9.29998 0.599991
    endloop
  endfacet
  facet normal 0 0.707098 -0.707115
    outer loop
      vertex -3.9963 8.90986 0.209875
      vertex 4.02107 8.69998 0
      vertex -4.02107 8.69998 0
    endloop
  endfacet
  facet normal 0 0.624695 -0.780869
    outer loop
      vertex -3.95025 9.29998 0.599991
      vertex 3.95028 9.29999 0.599999
      vertex 3.95025 9.29998 0.599991
    endloop
  endfacet
  facet normal 0 0.624695 -0.780869
    outer loop
      vertex 3.95028 9.29999 0.599999
      vertex -3.95025 9.29998 0.599991
      vertex -3.95028 9.29999 0.599999
    endloop
  endfacet
  facet normal 1 0 0
    outer loop
      vertex 11.1467 8.8083 47.4
      vertex 11.1467 8.68203 37.0969
      vertex 11.1467 8.8083 36.9949
    endloop
  endfacet
  facet normal 1 0 0
    outer loop
      vertex 11.1467 8.8083 47.4
      vertex 11.1467 8.34651 37.3779
      vertex 11.1467 8.68203 37.0969
    endloop
  endfacet
  facet normal 1 0 0
    outer loop
      vertex 11.1467 8.8083 47.4
      vertex 11.1467 7.60364 38
      vertex 11.1467 8.34651 37.3779
    endloop
  endfacet
  facet normal 1 0 0
    outer loop
      vertex 11.1467 3.79999 47.401
      vertex 11.1467 7.60364 26
      vertex 11.1467 7.60364 38
    endloop
  endfacet
  facet normal 1 0 0
    outer loop
      vertex 11.1467 7.60364 26
      vertex 11.1467 3.79999 47.401
      vertex 11.1467 7.60364 22
    endloop
  endfacet
  facet normal 1 0 0
    outer loop
      vertex 11.1467 3.79999 0.599999
      vertex 11.1467 7.60364 22
      vertex 11.1467 3.79999 47.401
    endloop
  endfacet
  facet normal 1 0 0
    outer loop
      vertex 11.1467 8.8083 47.4
      vertex 11.1467 3.79999 47.401
      vertex 11.1467 7.60364 38
    endloop
  endfacet
  facet normal 1 -0 0
    outer loop
      vertex 11.1467 3.79999 47.401
      vertex 11.1467 8.8083 47.4
      vertex 11.1467 8.80953 47.401
    endloop
  endfacet
  facet normal 1 -0 0
    outer loop
      vertex 11.1467 8.68203 26.9031
      vertex 11.1467 8.8083 20.9949
      vertex 11.1467 8.8083 27.0051
    endloop
  endfacet
  facet normal 1 0 0
    outer loop
      vertex 11.1467 8.68203 26.9031
      vertex 11.1467 8.68203 21.0969
      vertex 11.1467 8.8083 20.9949
    endloop
  endfacet
  facet normal 1 0 0
    outer loop
      vertex 11.1467 8.68203 26.9031
      vertex 11.1467 8.34651 21.3779
      vertex 11.1467 8.68203 21.0969
    endloop
  endfacet
  facet normal 1 -0 0
    outer loop
      vertex 11.1467 7.60364 26
      vertex 11.1467 8.34651 21.3779
      vertex 11.1467 8.68203 26.9031
    endloop
  endfacet
  facet normal 1 0 0
    outer loop
      vertex 11.1467 8.34651 21.3779
      vertex 11.1467 7.60364 26
      vertex 11.1467 7.60364 22
    endloop
  endfacet
  facet normal 1 -0 0
    outer loop
      vertex 11.1467 8.68203 10.9031
      vertex 11.1467 8.8083 0.599999
      vertex 11.1467 8.8083 11.0051
    endloop
  endfacet
  facet normal 1 -0 0
    outer loop
      vertex 11.1467 7.60364 10
      vertex 11.1467 8.8083 0.599999
      vertex 11.1467 8.68203 10.9031
    endloop
  endfacet
  facet normal 1 0 0
    outer loop
      vertex 11.1467 7.60364 10
      vertex 11.1467 3.79999 0.599999
      vertex 11.1467 8.8083 0.599999
    endloop
  endfacet
  facet normal 1 0 0
    outer loop
      vertex 11.1467 7.60364 22
      vertex 11.1467 3.79999 0.599999
      vertex 11.1467 7.60364 10
    endloop
  endfacet
  facet normal -1 0 0
    outer loop
      vertex -11.1467 8.8083 0.599999
      vertex -11.1467 8.68203 10.9031
      vertex -11.1467 8.8083 11.0051
    endloop
  endfacet
  facet normal -1 0 0
    outer loop
      vertex -11.1467 8.8083 0.599999
      vertex -11.1467 8.34651 10.6221
      vertex -11.1467 8.68203 10.9031
    endloop
  endfacet
  facet normal -1 0 0
    outer loop
      vertex -11.1467 8.8083 0.599999
      vertex -11.1467 7.60364 10
      vertex -11.1467 8.34651 10.6221
    endloop
  endfacet
  facet normal -1 0 0
    outer loop
      vertex -11.1467 3.79999 0.599999
      vertex -11.1467 7.60364 22
      vertex -11.1467 7.60364 10
    endloop
  endfacet
  facet normal -1 -0 0
    outer loop
      vertex -11.1467 7.60364 22
      vertex -11.1467 3.79999 0.599999
      vertex -11.1467 7.60364 26
    endloop
  endfacet
  facet normal -1 0 0
    outer loop
      vertex -11.1467 3.79999 47.401
      vertex -11.1467 7.60364 26
      vertex -11.1467 3.79999 0.599999
    endloop
  endfacet
  facet normal -1 0 0
    outer loop
      vertex -11.1467 3.79999 0.599999
      vertex -11.1467 7.60364 10
      vertex -11.1467 8.8083 0.599999
    endloop
  endfacet
  facet normal -1 0 0
    outer loop
      vertex -11.1467 8.68203 21.0969
      vertex -11.1467 8.8083 27.0051
      vertex -11.1467 8.8083 20.9949
    endloop
  endfacet
  facet normal -1 0 0
    outer loop
      vertex -11.1467 8.68203 21.0969
      vertex -11.1467 8.68203 26.9031
      vertex -11.1467 8.8083 27.0051
    endloop
  endfacet
  facet normal -1 0 0
    outer loop
      vertex -11.1467 8.68203 21.0969
      vertex -11.1467 8.34651 26.6221
      vertex -11.1467 8.68203 26.9031
    endloop
  endfacet
  facet normal -1 0 0
    outer loop
      vertex -11.1467 7.60364 22
      vertex -11.1467 8.34651 26.6221
      vertex -11.1467 8.68203 21.0969
    endloop
  endfacet
  facet normal -1 0 0
    outer loop
      vertex -11.1467 8.34651 26.6221
      vertex -11.1467 7.60364 22
      vertex -11.1467 7.60364 26
    endloop
  endfacet
  facet normal -1 0 0
    outer loop
      vertex -11.1467 8.8083 36.9949
      vertex -11.1467 8.68203 37.0969
      vertex -11.1467 8.8083 47.4
    endloop
  endfacet
  facet normal -1 0 0
    outer loop
      vertex -11.1467 7.60364 38
      vertex -11.1467 8.8083 47.4
      vertex -11.1467 8.68203 37.0969
    endloop
  endfacet
  facet normal -1 0 0
    outer loop
      vertex -11.1467 8.8083 47.4
      vertex -11.1467 3.79999 47.401
      vertex -11.1467 8.80953 47.401
    endloop
  endfacet
  facet normal -1 0 0
    outer loop
      vertex -11.1467 7.60364 38
      vertex -11.1467 3.79999 47.401
      vertex -11.1467 8.8083 47.4
    endloop
  endfacet
  facet normal -1 0 0
    outer loop
      vertex -11.1467 7.60364 26
      vertex -11.1467 3.79999 47.401
      vertex -11.1467 7.60364 38
    endloop
  endfacet
  facet normal 0 1 -0
    outer loop
      vertex 3.95028 9.29999 47.4
      vertex -3.95455 9.29999 47.401
      vertex 3.95455 9.29999 47.401
    endloop
  endfacet
  facet normal 0 1 0
    outer loop
      vertex 3.95028 9.29999 47.4
      vertex -3.95028 9.29999 47.4
      vertex -3.95455 9.29999 47.401
    endloop
  endfacet
  facet normal 0 1 -0
    outer loop
      vertex 3.95028 9.29999 0.599999
      vertex -3.95028 9.29999 47.4
      vertex 3.95028 9.29999 47.4
    endloop
  endfacet
  facet normal 0 1 0
    outer loop
      vertex -3.95028 9.29999 47.4
      vertex 3.95028 9.29999 0.599999
      vertex -3.95028 9.29999 0.599999
    endloop
  endfacet
  facet normal -0.707106 0 -0.707107
    outer loop
      vertex -11.1467 3.79999 0.599999
      vertex -10.5467 8.69998 0
      vertex -10.5467 3.19998 0
    endloop
  endfacet
  facet normal -0.707102 -1.1295e-06 -0.707112
    outer loop
      vertex -11.1467 8.8083 0.599991
      vertex -10.5467 8.69998 0
      vertex -11.1467 3.79999 0.599999
    endloop
  endfacet
  facet normal -0.707125 -0.000264388 -0.707088
    outer loop
      vertex -10.5467 8.69998 0
      vertex -11.1467 8.8083 0.599991
      vertex -10.8237 8.9769 0.276911
    endloop
  endfacet
  facet normal -1 0 0
    outer loop
      vertex -11.1467 8.8083 0.599991
      vertex -11.1467 3.79999 0.599999
      vertex -11.1467 8.8083 0.599999
    endloop
  endfacet
  facet normal -0.706617 -0.000296247 0.707596
    outer loop
      vertex -10.9097 8.93273 47.6376
      vertex -10.5467 8.69998 48
      vertex -10.824 8.97727 47.7232
    endloop
  endfacet
  facet normal -0.706515 2.12557e-05 0.707698
    outer loop
      vertex -11.1467 8.80953 47.401
      vertex -10.5467 8.69998 48
      vertex -10.9097 8.93273 47.6376
    endloop
  endfacet
  facet normal -0.706517 0 0.707696
    outer loop
      vertex -10.5467 8.69998 48
      vertex -11.1467 8.80953 47.401
      vertex -11.1467 3.79999 47.401
    endloop
  endfacet
  facet normal -0.706517 0 0.707696
    outer loop
      vertex -10.5467 8.69998 48
      vertex -11.1467 3.79999 47.401
      vertex -10.5467 3.19998 48
    endloop
  endfacet
  facet normal 0 0.706354 0.707858
    outer loop
      vertex -10.283 8.81292 47.8873
      vertex -10.5467 8.69998 48
      vertex -9.88721 8.69998 48
    endloop
  endfacet
  facet normal -0.00025749 0.706655 0.707558
    outer loop
      vertex -10.4782 8.86862 47.8316
      vertex -10.5467 8.69998 48
      vertex -10.283 8.81292 47.8873
    endloop
  endfacet
  facet normal 0.000173085 0.706568 0.707645
    outer loop
      vertex -10.5467 8.69998 48
      vertex -10.4782 8.86862 47.8316
      vertex -10.824 8.97727 47.7232
    endloop
  endfacet
  facet normal -0.000173085 0.706568 0.707645
    outer loop
      vertex 10.4782 8.86862 47.8316
      vertex 10.5467 8.69998 48
      vertex 10.824 8.97727 47.7232
    endloop
  endfacet
  facet normal 0 0.706603 0.70761
    outer loop
      vertex 10.5467 8.69998 48
      vertex 10.4782 8.86862 47.8316
      vertex 9.88721 8.69998 48
    endloop
  endfacet
  facet normal 0 0.706451 0.707762
    outer loop
      vertex -3.97431 9.12176 47.5789
      vertex 3.95455 9.29999 47.401
      vertex -3.95455 9.29999 47.401
    endloop
  endfacet
  facet normal -3.38982e-06 0.706527 0.707686
    outer loop
      vertex 3.95455 9.29999 47.401
      vertex -3.97431 9.12176 47.5789
      vertex 3.99787 8.90925 47.7911
    endloop
  endfacet
  facet normal -2.88636e-06 0.706536 0.707677
    outer loop
      vertex -4.02107 8.69998 48
      vertex 3.99787 8.90925 47.7911
      vertex -3.97431 9.12176 47.5789
    endloop
  endfacet
  facet normal 0 0.706481 0.707732
    outer loop
      vertex 3.99787 8.90925 47.7911
      vertex -4.02107 8.69998 48
      vertex 4.02107 8.69998 48
    endloop
  endfacet
  facet normal 1 -0 0
    outer loop
      vertex 11.1467 3.79999 0.599999
      vertex 11.1467 8.8083 0.599991
      vertex 11.1467 8.8083 0.599999
    endloop
  endfacet
  facet normal 0.707102 -1.1295e-06 -0.707112
    outer loop
      vertex 10.5467 8.69998 0
      vertex 11.1467 8.8083 0.599991
      vertex 11.1467 3.79999 0.599999
    endloop
  endfacet
  facet normal 0.707103 -1.51014e-05 -0.707111
    outer loop
      vertex 11.1467 8.8083 0.599991
      vertex 10.5467 8.69998 0
      vertex 10.9094 8.93213 0.362691
    endloop
  endfacet
  facet normal 0.707106 0 -0.707107
    outer loop
      vertex 10.5467 8.69998 0
      vertex 11.1467 3.79999 0.599999
      vertex 10.5467 3.19998 0
    endloop
  endfacet
  facet normal 0.707284 -0.000582772 -0.706929
    outer loop
      vertex 10.9094 8.93213 0.362691
      vertex 10.5467 8.69998 0
      vertex 10.8237 8.9769 0.276911
    endloop
  endfacet
  facet normal 0.706528 -0.000118125 0.707685
    outer loop
      vertex 10.5467 8.69998 48
      vertex 11.1467 8.80953 47.401
      vertex 10.824 8.97727 47.7232
    endloop
  endfacet
  facet normal 0.706517 0 0.707696
    outer loop
      vertex 11.1467 8.80953 47.401
      vertex 10.5467 8.69998 48
      vertex 11.1467 3.79999 47.401
    endloop
  endfacet
  facet normal 0.706517 0 0.707696
    outer loop
      vertex 11.1467 3.79999 47.401
      vertex 10.5467 8.69998 48
      vertex 10.5467 3.19998 48
    endloop
  endfacet
  facet normal 0.173626 0.984812 3.66898e-05
    outer loop
      vertex -18.6129 28.0819 48
      vertex -15.7569 27.5784 47.4
      vertex -19.2038 28.1861 47.4
    endloop
  endfacet
  facet normal 0.173626 0.984812 0
    outer loop
      vertex -15.7569 27.5784 47.4
      vertex -19.2038 28.1861 37.0059
      vertex -19.2038 28.1861 47.4
    endloop
  endfacet
  facet normal 0.173601 0.984816 8.379e-06
    outer loop
      vertex -15.7569 27.5784 47.4
      vertex -18.0947 27.9906 35.8794
      vertex -19.2038 28.1861 37.0059
    endloop
  endfacet
  facet normal 0.17368 0.984802 -8.12865e-06
    outer loop
      vertex -15.7569 27.5784 47.4
      vertex -17.2289 27.8379 35
      vertex -18.0947 27.9906 35.8794
    endloop
  endfacet
  facet normal 0.173614 0.984814 0
    outer loop
      vertex -15.7569 27.5784 47.4
      vertex -17.2289 27.8379 29
      vertex -17.2289 27.8379 35
    endloop
  endfacet
  facet normal 0.173361 0.984858 0
    outer loop
      vertex -19.1112 28.1698 27.088
      vertex -19.2038 28.1861 21.0059
      vertex -19.2038 28.1861 26.9941
    endloop
  endfacet
  facet normal 0.173644 0.984809 4.32909e-06
    outer loop
      vertex -18.0947 27.9906 19.8794
      vertex -19.1112 28.1698 27.088
      vertex -17.2289 27.8379 29
    endloop
  endfacet
  facet normal 0.173589 0.984818 -3.58993e-06
    outer loop
      vertex -19.1112 28.1698 27.088
      vertex -18.0947 27.9906 19.8794
      vertex -19.2038 28.1861 21.0059
    endloop
  endfacet
  facet normal 0.173688 0.984801 0
    outer loop
      vertex -17.2289 27.8379 29
      vertex -17.2289 27.8379 19
      vertex -18.0947 27.9906 19.8794
    endloop
  endfacet
  facet normal 0.173614 0.984814 0
    outer loop
      vertex -15.7569 27.5784 47.4
      vertex -17.2289 27.8379 19
      vertex -17.2289 27.8379 29
    endloop
  endfacet
  facet normal 0.173614 0.984814 -0
    outer loop
      vertex -15.7569 27.5784 0.599991
      vertex -17.2289 27.8379 19
      vertex -15.7569 27.5784 47.4
    endloop
  endfacet
  facet normal 0.173644 0.984808 3.7634e-06
    outer loop
      vertex -15.7569 27.5784 0.599991
      vertex -19.1112 28.1698 11.088
      vertex -17.2289 27.8379 13
    endloop
  endfacet
  facet normal 0.173614 0.984814 0
    outer loop
      vertex -17.2289 27.8379 19
      vertex -15.7569 27.5784 0.599991
      vertex -17.2289 27.8379 13
    endloop
  endfacet
  facet normal 0.173427 0.984847 -6.78052e-05
    outer loop
      vertex -19.1112 28.1698 11.088
      vertex -15.7569 27.5784 0.599991
      vertex -19.2038 28.1861 10.9941
    endloop
  endfacet
  facet normal 0.173626 0.984812 0
    outer loop
      vertex -19.2038 28.1861 10.9941
      vertex -15.7569 27.5784 0.599991
      vertex -19.2038 28.1861 0.599991
    endloop
  endfacet
  facet normal 0.173607 0.984815 -5.58327e-05
    outer loop
      vertex -16.3478 27.6826 48
      vertex -15.7569 27.5784 47.4
      vertex -18.6129 28.0819 48
    endloop
  endfacet
  facet normal 0.173626 0.984812 -3.66904e-05
    outer loop
      vertex -15.7569 27.5784 0.599991
      vertex -18.6129 28.0819 0
      vertex -19.2038 28.1861 0.599991
    endloop
  endfacet
  facet normal 0.173607 0.984815 5.58335e-05
    outer loop
      vertex -15.7569 27.5784 0.599991
      vertex -16.3478 27.6826 0
      vertex -18.6129 28.0819 0
    endloop
  endfacet
  facet normal -0.173626 0.984812 3.66898e-05
    outer loop
      vertex 18.6129 28.0819 48
      vertex 19.2038 28.1861 47.4
      vertex 15.7569 27.5784 47.4
    endloop
  endfacet
  facet normal -0.173607 0.984815 -5.58327e-05
    outer loop
      vertex 16.3478 27.6826 48
      vertex 18.6129 28.0819 48
      vertex 15.7569 27.5784 47.4
    endloop
  endfacet
  facet normal -0.173626 0.984812 0
    outer loop
      vertex 19.2038 28.1861 37.0059
      vertex 15.7569 27.5784 47.4
      vertex 19.2038 28.1861 47.4
    endloop
  endfacet
  facet normal -0.173427 0.984847 6.78052e-05
    outer loop
      vertex 19.1112 28.1698 36.912
      vertex 15.7569 27.5784 47.4
      vertex 19.2038 28.1861 37.0059
    endloop
  endfacet
  facet normal -0.173644 0.984808 -3.7634e-06
    outer loop
      vertex 17.2289 27.8379 35
      vertex 15.7569 27.5784 47.4
      vertex 19.1112 28.1698 36.912
    endloop
  endfacet
  facet normal -0.173614 0.984814 0
    outer loop
      vertex 17.2289 27.8379 29
      vertex 15.7569 27.5784 47.4
      vertex 17.2289 27.8379 35
    endloop
  endfacet
  facet normal -0.173361 0.984858 0
    outer loop
      vertex 19.1112 28.1698 20.912
      vertex 19.2038 28.1861 26.9941
      vertex 19.2038 28.1861 21.0059
    endloop
  endfacet
  facet normal -0.173589 0.984818 3.58993e-06
    outer loop
      vertex 19.2038 28.1861 26.9941
      vertex 19.1112 28.1698 20.912
      vertex 18.0947 27.9906 28.1206
    endloop
  endfacet
  facet normal -0.173644 0.984809 -4.32909e-06
    outer loop
      vertex 17.2289 27.8379 19
      vertex 18.0947 27.9906 28.1206
      vertex 19.1112 28.1698 20.912
    endloop
  endfacet
  facet normal -0.173688 0.984801 0
    outer loop
      vertex 18.0947 27.9906 28.1206
      vertex 17.2289 27.8379 19
      vertex 17.2289 27.8379 29
    endloop
  endfacet
  facet normal -0.173614 0.984814 0
    outer loop
      vertex 17.2289 27.8379 19
      vertex 15.7569 27.5784 47.4
      vertex 17.2289 27.8379 29
    endloop
  endfacet
  facet normal -0.173614 0.984814 0
    outer loop
      vertex 15.7569 27.5784 0.599991
      vertex 17.2289 27.8379 19
      vertex 17.2289 27.8379 13
    endloop
  endfacet
  facet normal -0.173601 0.984816 -8.379e-06
    outer loop
      vertex 15.7569 27.5784 0.599991
      vertex 18.0947 27.9906 12.1206
      vertex 19.2038 28.1861 10.9941
    endloop
  endfacet
  facet normal -0.173626 0.984812 0
    outer loop
      vertex 15.7569 27.5784 0.599991
      vertex 19.2038 28.1861 10.9941
      vertex 19.2038 28.1861 0.599991
    endloop
  endfacet
  facet normal -0.173614 0.984814 0
    outer loop
      vertex 17.2289 27.8379 19
      vertex 15.7569 27.5784 0.599991
      vertex 15.7569 27.5784 47.4
    endloop
  endfacet
  facet normal -0.17368 0.984802 8.12864e-06
    outer loop
      vertex 18.0947 27.9906 12.1206
      vertex 15.7569 27.5784 0.599991
      vertex 17.2289 27.8379 13
    endloop
  endfacet
  facet normal -0.173626 0.984812 -3.66904e-05
    outer loop
      vertex 19.2038 28.1861 0.599991
      vertex 18.6129 28.0819 0
      vertex 15.7569 27.5784 0.599991
    endloop
  endfacet
  facet normal -0.173607 0.984815 5.58335e-05
    outer loop
      vertex 18.6129 28.0819 0
      vertex 16.3478 27.6826 0
      vertex 15.7569 27.5784 0.599991
    endloop
  endfacet
  facet normal 0.699468 -0.104389 -0.706999
    outer loop
      vertex -15.7569 27.5784 0.599991
      vertex -15.8818 26.7415 0.599991
      vertex -16.3478 27.6826 0
    endloop
  endfacet
  facet normal 0.699527 -0.104329 -0.70695
    outer loop
      vertex -16.3478 27.6826 0
      vertex -15.8818 26.7415 0.599991
      vertex -16.4773 26.8143 0
    endloop
  endfacet
  facet normal 0.989046 -0.147606 0
    outer loop
      vertex -15.8818 26.7415 47.4
      vertex -15.7569 27.5784 0.599991
      vertex -15.7569 27.5784 47.4
    endloop
  endfacet
  facet normal 0.989046 -0.147606 0
    outer loop
      vertex -15.7569 27.5784 0.599991
      vertex -15.8818 26.7415 47.4
      vertex -15.8818 26.7415 0.599991
    endloop
  endfacet
  facet normal 0.699484 -0.104322 0.706993
    outer loop
      vertex -15.7569 27.5784 47.4
      vertex -16.3478 27.6826 48
      vertex -16.4773 26.8143 48
    endloop
  endfacet
  facet normal 0.699523 -0.104398 0.706943
    outer loop
      vertex -15.8818 26.7415 47.4
      vertex -15.7569 27.5784 47.4
      vertex -16.4773 26.8143 48
    endloop
  endfacet
  facet normal -0.699485 0.104316 0.706993
    outer loop
      vertex -18.6129 28.0819 48
      vertex -19.2038 28.1861 47.4
      vertex -19.3559 27.1662 47.4
    endloop
  endfacet
  facet normal -0.699477 0.104302 0.707003
    outer loop
      vertex -18.7603 27.0934 48
      vertex -18.6129 28.0819 48
      vertex -19.3559 27.1662 47.4
    endloop
  endfacet
  facet normal -0.989081 0.147371 0
    outer loop
      vertex -19.2603 27.8069 36.9993
      vertex -19.2038 28.1861 47.4
      vertex -19.2038 28.1861 37.0059
    endloop
  endfacet
  facet normal -0.989051 0.147576 -1.40799e-07
    outer loop
      vertex -19.3559 27.1662 47.4
      vertex -19.2603 27.8069 36.9993
      vertex -19.3056 27.5033 36.994
    endloop
  endfacet
  facet normal -0.98905 0.14758 0
    outer loop
      vertex -19.3559 27.1662 47.4
      vertex -19.3056 27.5033 36.994
      vertex -19.3559 27.1662 37.006
    endloop
  endfacet
  facet normal -0.989062 0.147501 -4.84569e-06
    outer loop
      vertex -19.2603 27.8069 36.9993
      vertex -19.3559 27.1662 47.4
      vertex -19.2038 28.1861 47.4
    endloop
  endfacet
  facet normal -0.989068 0.147462 0
    outer loop
      vertex -19.2038 28.1861 0.599991
      vertex -19.3056 27.5033 11.006
      vertex -19.2038 28.1861 10.9941
    endloop
  endfacet
  facet normal -0.989062 0.147501 2.61499e-06
    outer loop
      vertex -19.3559 27.1662 0.599991
      vertex -19.3056 27.5033 11.006
      vertex -19.2038 28.1861 0.599991
    endloop
  endfacet
  facet normal -0.989032 0.1477 -3.97313e-06
    outer loop
      vertex -19.3056 27.5033 11.006
      vertex -19.3559 27.1662 0.599991
      vertex -19.3507 27.2013 10.9953
    endloop
  endfacet
  facet normal -0.989203 0.146549 0
    outer loop
      vertex -19.3507 27.2013 10.9953
      vertex -19.3559 27.1662 0.599991
      vertex -19.3559 27.1662 10.994
    endloop
  endfacet
  facet normal -0.989081 0.147371 0
    outer loop
      vertex -19.2603 27.8069 20.9993
      vertex -19.2038 28.1861 26.9941
      vertex -19.2038 28.1861 21.0059
    endloop
  endfacet
  facet normal -0.989051 0.147576 0
    outer loop
      vertex -19.3056 27.5033 27.006
      vertex -19.2603 27.8069 20.9993
      vertex -19.3056 27.5033 20.994
    endloop
  endfacet
  facet normal -0.989068 0.147462 -5.87972e-06
    outer loop
      vertex -19.2603 27.8069 20.9993
      vertex -19.3056 27.5033 27.006
      vertex -19.2038 28.1861 26.9941
    endloop
  endfacet
  facet normal -0.989032 0.1477 0
    outer loop
      vertex -19.3056 27.5033 20.994
      vertex -19.3507 27.2013 26.9953
      vertex -19.3056 27.5033 27.006
    endloop
  endfacet
  facet normal -0.98905 0.14758 -6.17601e-06
    outer loop
      vertex -19.3559 27.1662 21.006
      vertex -19.3507 27.2013 26.9953
      vertex -19.3056 27.5033 20.994
    endloop
  endfacet
  facet normal -0.989203 0.146549 0
    outer loop
      vertex -19.3507 27.2013 26.9953
      vertex -19.3559 27.1662 21.006
      vertex -19.3559 27.1662 26.994
    endloop
  endfacet
  facet normal -0.699482 0.104303 -0.706998
    outer loop
      vertex -18.6129 28.0819 0
      vertex -18.7603 27.0934 0
      vertex -19.2038 28.1861 0.599991
    endloop
  endfacet
  facet normal -0.69947 0.104314 -0.707008
    outer loop
      vertex -19.2038 28.1861 0.599991
      vertex -18.7603 27.0934 0
      vertex -19.3559 27.1662 0.599991
    endloop
  endfacet
  facet normal 0.704065 -0.067205 -0.706949
    outer loop
      vertex -15.8818 26.7415 0.599991
      vertex -15.9622 25.8992 0.599991
      vertex -16.4773 26.8143 0
    endloop
  endfacet
  facet normal 0.70401 -0.0672672 -0.706997
    outer loop
      vertex -16.4773 26.8143 0
      vertex -15.9622 25.8992 0.599991
      vertex -16.5608 25.9404 0
    endloop
  endfacet
  facet normal 0.995475 -0.095021 0
    outer loop
      vertex -15.9622 25.8992 47.4
      vertex -15.8818 26.7415 0.599991
      vertex -15.8818 26.7415 47.4
    endloop
  endfacet
  facet normal 0.995475 -0.095021 0
    outer loop
      vertex -15.8818 26.7415 0.599991
      vertex -15.9622 25.8992 47.4
      vertex -15.9622 25.8992 0.599991
    endloop
  endfacet
  facet normal 0.704063 -0.0672723 0.706944
    outer loop
      vertex -15.8818 26.7415 47.4
      vertex -16.4773 26.8143 48
      vertex -16.5608 25.9404 48
    endloop
  endfacet
  facet normal 0.704021 -0.0672009 0.706993
    outer loop
      vertex -15.9622 25.8992 47.4
      vertex -15.8818 26.7415 47.4
      vertex -16.5608 25.9404 48
    endloop
  endfacet
  facet normal -0.70401 0.0672119 0.707002
    outer loop
      vertex -18.7603 27.0934 48
      vertex -19.3559 27.1662 47.4
      vertex -19.4539 26.1397 47.4
    endloop
  endfacet
  facet normal -0.704019 0.0672246 0.706992
    outer loop
      vertex -18.8553 26.0985 48
      vertex -18.7603 27.0934 48
      vertex -19.4539 26.1397 47.4
    endloop
  endfacet
  facet normal -0.99548 0.0949714 0
    outer loop
      vertex -19.3918 26.7899 36.9993
      vertex -19.3559 27.1662 47.4
      vertex -19.3559 27.1662 37.006
    endloop
  endfacet
  facet normal -0.995466 0.0951165 2.5278e-06
    outer loop
      vertex -19.4539 26.1397 47.4
      vertex -19.3918 26.7899 36.9993
      vertex -19.421 26.4843 36.9939
    endloop
  endfacet
  facet normal -0.995473 0.0950408 0
    outer loop
      vertex -19.4539 26.1397 47.4
      vertex -19.421 26.4843 36.9939
      vertex -19.4539 26.1397 37.006
    endloop
  endfacet
  facet normal -0.995474 0.0950379 -2.42894e-06
    outer loop
      vertex -19.3918 26.7899 36.9993
      vertex -19.4539 26.1397 47.4
      vertex -19.3559 27.1662 47.4
    endloop
  endfacet
  facet normal -0.995474 0.0950364 0
    outer loop
      vertex -19.3559 27.1662 0.599991
      vertex -19.421 26.4843 11.0061
      vertex -19.3559 27.1662 10.994
    endloop
  endfacet
  facet normal -0.995474 0.0950379 9.78525e-08
    outer loop
      vertex -19.4539 26.1397 0.599991
      vertex -19.421 26.4843 11.0061
      vertex -19.3559 27.1662 0.599991
    endloop
  endfacet
  facet normal -0.995481 0.0949635 2.5834e-06
    outer loop
      vertex -19.421 26.4843 11.0061
      vertex -19.4539 26.1397 0.599991
      vertex -19.45 26.1803 10.9954
    endloop
  endfacet
  facet normal -0.995418 0.095619 0
    outer loop
      vertex -19.45 26.1803 10.9954
      vertex -19.4539 26.1397 0.599991
      vertex -19.4539 26.1397 10.994
    endloop
  endfacet
  facet normal -0.99548 0.0949714 0
    outer loop
      vertex -19.3918 26.7899 20.9993
      vertex -19.3559 27.1662 26.994
      vertex -19.3559 27.1662 21.006
    endloop
  endfacet
  facet normal -0.995466 0.0951165 0
    outer loop
      vertex -19.421 26.4843 27.0061
      vertex -19.3918 26.7899 20.9993
      vertex -19.421 26.4843 20.9939
    endloop
  endfacet
  facet normal -0.995474 0.0950364 -4.11584e-06
    outer loop
      vertex -19.3918 26.7899 20.9993
      vertex -19.421 26.4843 27.0061
      vertex -19.3559 27.1662 26.994
    endloop
  endfacet
  facet normal -0.995481 0.0949636 0
    outer loop
      vertex -19.421 26.4843 20.9939
      vertex -19.45 26.1803 26.9954
      vertex -19.421 26.4843 27.0061
    endloop
  endfacet
  facet normal -0.995473 0.095041 3.95404e-06
    outer loop
      vertex -19.4539 26.1397 21.006
      vertex -19.45 26.1803 26.9954
      vertex -19.421 26.4843 20.9939
    endloop
  endfacet
  facet normal -0.995418 0.095619 0
    outer loop
      vertex -19.45 26.1803 26.9954
      vertex -19.4539 26.1397 21.006
      vertex -19.4539 26.1397 26.994
    endloop
  endfacet
  facet normal -0.704004 0.0672232 -0.707008
    outer loop
      vertex -18.7603 27.0934 0
      vertex -18.8553 26.0985 0
      vertex -19.3559 27.1662 0.599991
    endloop
  endfacet
  facet normal -0.704015 0.0672123 -0.706998
    outer loop
      vertex -19.3559 27.1662 0.599991
      vertex -18.8553 26.0985 0
      vertex -19.4539 26.1397 0.599991
    endloop
  endfacet
  facet normal 0.706582 -0.029925 -0.706998
    outer loop
      vertex -15.9622 25.8992 0.599991
      vertex -15.998 25.0539 0.599991
      vertex -16.5608 25.9404 0
    endloop
  endfacet
  facet normal 0.706608 -0.0298918 -0.706974
    outer loop
      vertex -16.5608 25.9404 0
      vertex -15.998 25.0539 0.599991
      vertex -16.5979 25.0634 0
    endloop
  endfacet
  facet normal 0.999104 -0.0423139 0
    outer loop
      vertex -15.998 25.0539 47.4
      vertex -15.9622 25.8992 0.599991
      vertex -15.9622 25.8992 47.4
    endloop
  endfacet
  facet normal 0.999104 -0.0423139 0
    outer loop
      vertex -15.9622 25.8992 0.599991
      vertex -15.998 25.0539 47.4
      vertex -15.998 25.0539 0.599991
    endloop
  endfacet
  facet normal 0.706589 -0.029891 0.706993
    outer loop
      vertex -15.9622 25.8992 47.4
      vertex -16.5608 25.9404 48
      vertex -16.5979 25.0634 48
    endloop
  endfacet
  facet normal 0.706612 -0.0299263 0.706968
    outer loop
      vertex -15.998 25.0539 47.4
      vertex -15.9622 25.8992 47.4
      vertex -16.5979 25.0634 48
    endloop
  endfacet
  facet normal -0.706588 0.0299012 0.706993
    outer loop
      vertex -18.8553 26.0985 48
      vertex -19.4539 26.1397 47.4
      vertex -19.4975 25.1094 47.4
    endloop
  endfacet
  facet normal -0.706612 0.0299316 0.706968
    outer loop
      vertex -18.8976 25.0999 48
      vertex -18.8553 26.0985 48
      vertex -19.4975 25.1094 47.4
    endloop
  endfacet
  facet normal -0.999101 0.0423894 0
    outer loop
      vertex -19.4697 25.7673 36.9994
      vertex -19.4539 26.1397 47.4
      vertex -19.4539 26.1397 37.006
    endloop
  endfacet
  facet normal -0.999103 0.0423485 8.27194e-06
    outer loop
      vertex -19.4975 25.1094 47.4
      vertex -19.4697 25.7673 36.9994
      vertex -19.4827 25.4606 36.9939
    endloop
  endfacet
  facet normal -0.999113 0.0421039 0
    outer loop
      vertex -19.4975 25.1094 47.4
      vertex -19.4827 25.4606 36.9939
      vertex -19.4975 25.1094 37.0061
    endloop
  endfacet
  facet normal -0.999106 0.0422799 3.92529e-06
    outer loop
      vertex -19.4697 25.7673 36.9994
      vertex -19.4975 25.1094 47.4
      vertex -19.4539 26.1397 47.4
    endloop
  endfacet
  facet normal -0.999102 0.042371 0
    outer loop
      vertex -19.4539 26.1397 0.599991
      vertex -19.4827 25.4606 11.0061
      vertex -19.4539 26.1397 10.994
    endloop
  endfacet
  facet normal -0.999106 0.0422799 -5.95284e-06
    outer loop
      vertex -19.4975 25.1094 0.599991
      vertex -19.4827 25.4606 11.0061
      vertex -19.4539 26.1397 0.599991
    endloop
  endfacet
  facet normal -0.999107 0.0422436 -4.72588e-06
    outer loop
      vertex -19.4827 25.4606 11.0061
      vertex -19.4975 25.1094 0.599991
      vertex -19.4956 25.1555 10.9955
    endloop
  endfacet
  facet normal -0.999152 0.0411798 0
    outer loop
      vertex -19.4956 25.1555 10.9955
      vertex -19.4975 25.1094 0.599991
      vertex -19.4975 25.1094 10.9939
    endloop
  endfacet
  facet normal -0.999101 0.0423894 0
    outer loop
      vertex -19.4697 25.7673 20.9994
      vertex -19.4539 26.1397 26.994
      vertex -19.4539 26.1397 21.006
    endloop
  endfacet
  facet normal -0.999103 0.0423487 0
    outer loop
      vertex -19.4827 25.4606 27.0061
      vertex -19.4697 25.7673 20.9994
      vertex -19.4827 25.4606 20.9939
    endloop
  endfacet
  facet normal -0.999102 0.042371 1.14241e-06
    outer loop
      vertex -19.4697 25.7673 20.9994
      vertex -19.4827 25.4606 27.0061
      vertex -19.4539 26.1397 26.994
    endloop
  endfacet
  facet normal -0.999107 0.0422435 0
    outer loop
      vertex -19.4827 25.4606 20.9939
      vertex -19.4956 25.1555 26.9955
      vertex -19.4827 25.4606 27.0061
    endloop
  endfacet
  facet normal -0.999113 0.0421036 -7.12282e-06
    outer loop
      vertex -19.4975 25.1094 21.0061
      vertex -19.4956 25.1555 26.9955
      vertex -19.4827 25.4606 20.9939
    endloop
  endfacet
  facet normal -0.999152 0.0411798 0
    outer loop
      vertex -19.4956 25.1555 26.9955
      vertex -19.4975 25.1094 21.0061
      vertex -19.4975 25.1094 26.9939
    endloop
  endfacet
  facet normal -0.706581 0.0299303 -0.706999
    outer loop
      vertex -18.8553 26.0985 0
      vertex -18.8976 25.0999 0
      vertex -19.4539 26.1397 0.599991
    endloop
  endfacet
  facet normal -0.706607 0.0299021 -0.706974
    outer loop
      vertex -19.4539 26.1397 0.599991
      vertex -18.8976 25.0999 0
      vertex -19.4975 25.1094 0.599991
    endloop
  endfacet
  facet normal 0.7072 0.00752251 -0.706974
    outer loop
      vertex -15.998 25.0539 0.599991
      vertex -15.989 24.2078 0.599991
      vertex -16.5979 25.0634 0
    endloop
  endfacet
  facet normal 0.707179 0.00749232 -0.706995
    outer loop
      vertex -15.989 24.2078 0.599991
      vertex -16.5886 24.1856 0
      vertex -16.5979 25.0634 0
    endloop
  endfacet
  facet normal 0.999943 0.0106364 0
    outer loop
      vertex -15.989 24.2078 47.4
      vertex -15.998 25.0539 0.599991
      vertex -15.998 25.0539 47.4
    endloop
  endfacet
  facet normal 0.999943 0.0106364 0
    outer loop
      vertex -15.998 25.0539 0.599991
      vertex -15.989 24.2078 47.4
      vertex -15.989 24.2078 0.599991
    endloop
  endfacet
  facet normal 0.707205 0.0074926 0.706969
    outer loop
      vertex -16.5886 24.1856 48
      vertex -15.998 25.0539 47.4
      vertex -16.5979 25.0634 48
    endloop
  endfacet
  facet normal 0.707183 0.00752234 0.70699
    outer loop
      vertex -15.989 24.2078 47.4
      vertex -15.998 25.0539 47.4
      vertex -16.5886 24.1856 48
    endloop
  endfacet
  facet normal -0.707205 -0.00747531 0.706969
    outer loop
      vertex -19.4866 24.0782 47.4
      vertex -18.8976 25.0999 48
      vertex -19.4975 25.1094 47.4
    endloop
  endfacet
  facet normal -0.707184 -0.0074999 0.70699
    outer loop
      vertex -18.887 24.1004 48
      vertex -18.8976 25.0999 48
      vertex -19.4866 24.0782 47.4
    endloop
  endfacet
  facet normal -0.999946 -0.0103452 0
    outer loop
      vertex -19.4937 24.7421 36.9994
      vertex -19.4975 25.1094 47.4
      vertex -19.4975 25.1094 37.0061
    endloop
  endfacet
  facet normal -0.999942 -0.0107485 -3.49402e-06
    outer loop
      vertex -19.4866 24.0782 47.4
      vertex -19.4937 24.7421 36.9994
      vertex -19.4904 24.4351 36.9938
    endloop
  endfacet
  facet normal -0.999943 -0.0106466 -0
    outer loop
      vertex -19.4866 24.0782 47.4
      vertex -19.4904 24.4351 36.9938
      vertex -19.4866 24.0782 37.0061
    endloop
  endfacet
  facet normal -0.999944 -0.0105696 7.92582e-06
    outer loop
      vertex -19.4937 24.7421 36.9994
      vertex -19.4866 24.0782 47.4
      vertex -19.4975 25.1094 47.4
    endloop
  endfacet
  facet normal -0.999945 -0.0105289 0
    outer loop
      vertex -19.4975 25.1094 0.599991
      vertex -19.4904 24.4351 11.0062
      vertex -19.4975 25.1094 10.9939
    endloop
  endfacet
  facet normal -0.999944 -0.0105696 -2.64176e-06
    outer loop
      vertex -19.4866 24.0782 0.599991
      vertex -19.4904 24.4351 11.0062
      vertex -19.4975 25.1094 0.599991
    endloop
  endfacet
  facet normal -0.999945 -0.0104773 -5.80889e-06
    outer loop
      vertex -19.4904 24.4351 11.0062
      vertex -19.4866 24.0782 0.599991
      vertex -19.4872 24.1297 10.9956
    endloop
  endfacet
  facet normal -0.999932 -0.0116497 0
    outer loop
      vertex -19.4872 24.1297 10.9956
      vertex -19.4866 24.0782 0.599991
      vertex -19.4866 24.0782 10.9939
    endloop
  endfacet
  facet normal -0.999946 -0.0103452 0
    outer loop
      vertex -19.4937 24.7421 20.9994
      vertex -19.4975 25.1094 26.9939
      vertex -19.4975 25.1094 21.0061
    endloop
  endfacet
  facet normal -0.999942 -0.0107486 -0
    outer loop
      vertex -19.4904 24.4351 27.0062
      vertex -19.4937 24.7421 20.9994
      vertex -19.4904 24.4351 20.9938
    endloop
  endfacet
  facet normal -0.999945 -0.0105286 1.12409e-05
    outer loop
      vertex -19.4937 24.7421 20.9994
      vertex -19.4904 24.4351 27.0062
      vertex -19.4975 25.1094 26.9939
    endloop
  endfacet
  facet normal -0.999945 -0.0104775 0
    outer loop
      vertex -19.4904 24.4351 20.9938
      vertex -19.4872 24.1297 26.9956
      vertex -19.4904 24.4351 27.0062
    endloop
  endfacet
  facet normal -0.999943 -0.0106469 -8.62324e-06
    outer loop
      vertex -19.4866 24.0782 21.0061
      vertex -19.4872 24.1297 26.9956
      vertex -19.4904 24.4351 20.9938
    endloop
  endfacet
  facet normal -0.999932 -0.0116497 0
    outer loop
      vertex -19.4872 24.1297 26.9956
      vertex -19.4866 24.0782 21.0061
      vertex -19.4866 24.0782 26.9939
    endloop
  endfacet
  facet normal -0.7072 -0.00750007 -0.706974
    outer loop
      vertex -18.8976 25.0999 0
      vertex -18.887 24.1004 0
      vertex -19.4975 25.1094 0.599991
    endloop
  endfacet
  facet normal -0.707179 -0.00747503 -0.706995
    outer loop
      vertex -18.887 24.1004 0
      vertex -19.4866 24.0782 0.599991
      vertex -19.4975 25.1094 0.599991
    endloop
  endfacet
  facet normal 0.705798 0.0448019 -0.706995
    outer loop
      vertex -15.989 24.2078 0.599991
      vertex -15.9354 23.3634 0.599991
      vertex -16.5886 24.1856 0
    endloop
  endfacet
  facet normal 0.705844 0.0448756 -0.706945
    outer loop
      vertex -15.9354 23.3634 0.599991
      vertex -16.5329 23.3095 0
      vertex -16.5886 24.1856 0
    endloop
  endfacet
  facet normal 0.997991 0.0633495 0
    outer loop
      vertex -15.9354 23.3634 47.4
      vertex -15.989 24.2078 0.599991
      vertex -15.989 24.2078 47.4
    endloop
  endfacet
  facet normal 0.997991 0.0633495 0
    outer loop
      vertex -15.989 24.2078 0.599991
      vertex -15.9354 23.3634 47.4
      vertex -15.9354 23.3634 0.599991
    endloop
  endfacet
  facet normal 0.705799 0.0448728 0.706989
    outer loop
      vertex -16.5329 23.3095 48
      vertex -15.989 24.2078 47.4
      vertex -16.5886 24.1856 48
    endloop
  endfacet
  facet normal 0.705854 0.0448055 0.706938
    outer loop
      vertex -15.9354 23.3634 47.4
      vertex -15.989 24.2078 47.4
      vertex -16.5329 23.3095 48
    endloop
  endfacet
  facet normal -0.7058 -0.0448541 0.706989
    outer loop
      vertex -19.4212 23.0491 47.4
      vertex -18.887 24.1004 48
      vertex -19.4866 24.0782 47.4
    endloop
  endfacet
  facet normal -0.705855 -0.0447971 0.706938
    outer loop
      vertex -18.8237 23.103 48
      vertex -18.887 24.1004 48
      vertex -19.4212 23.0491 47.4
    endloop
  endfacet
  facet normal -0.997996 -0.0632727 0
    outer loop
      vertex -19.4637 23.717 36.9994
      vertex -19.4866 24.0782 47.4
      vertex -19.4866 24.0782 37.0061
    endloop
  endfacet
  facet normal -0.99798 -0.0635344 -1.97128e-06
    outer loop
      vertex -19.4212 23.0491 47.4
      vertex -19.4637 23.717 36.9994
      vertex -19.4442 23.4107 36.9938
    endloop
  endfacet
  facet normal -0.997983 -0.0634779 -0
    outer loop
      vertex -19.4212 23.0491 47.4
      vertex -19.4442 23.4107 36.9938
      vertex -19.4212 23.0491 37.0062
    endloop
  endfacet
  facet normal -0.997987 -0.0634227 5.22991e-06
    outer loop
      vertex -19.4637 23.717 36.9994
      vertex -19.4212 23.0491 47.4
      vertex -19.4866 24.0782 47.4
    endloop
  endfacet
  facet normal -0.997989 -0.0633928 0
    outer loop
      vertex -19.4866 24.0782 0.599991
      vertex -19.4442 23.4107 11.0062
      vertex -19.4866 24.0782 10.9939
    endloop
  endfacet
  facet normal -0.997987 -0.0634227 -1.92533e-06
    outer loop
      vertex -19.4212 23.0491 0.599991
      vertex -19.4442 23.4107 11.0062
      vertex -19.4866 24.0782 0.599991
    endloop
  endfacet
  facet normal -0.997982 -0.063499 7.36892e-07
    outer loop
      vertex -19.4442 23.4107 11.0062
      vertex -19.4212 23.0491 0.599991
      vertex -19.4248 23.1058 10.9958
    endloop
  endfacet
  facet normal -0.99799 -0.0633645 0
    outer loop
      vertex -19.4248 23.1058 10.9958
      vertex -19.4212 23.0491 0.599991
      vertex -19.4212 23.0491 10.9938
    endloop
  endfacet
  facet normal -0.997996 -0.0632727 0
    outer loop
      vertex -19.4637 23.717 20.9994
      vertex -19.4866 24.0782 26.9939
      vertex -19.4866 24.0782 21.0061
    endloop
  endfacet
  facet normal -0.99798 -0.0635345 -0
    outer loop
      vertex -19.4442 23.4107 27.0062
      vertex -19.4637 23.717 20.9994
      vertex -19.4442 23.4107 20.9938
    endloop
  endfacet
  facet normal -0.997989 -0.0633927 7.25738e-06
    outer loop
      vertex -19.4637 23.717 20.9994
      vertex -19.4442 23.4107 27.0062
      vertex -19.4866 24.0782 26.9939
    endloop
  endfacet
  facet normal -0.997982 -0.063499 0
    outer loop
      vertex -19.4442 23.4107 20.9938
      vertex -19.4248 23.1058 26.9958
      vertex -19.4442 23.4107 27.0062
    endloop
  endfacet
  facet normal -0.997983 -0.0634779 1.07788e-06
    outer loop
      vertex -19.4212 23.0491 21.0062
      vertex -19.4248 23.1058 26.9958
      vertex -19.4442 23.4107 20.9938
    endloop
  endfacet
  facet normal -0.99799 -0.0633645 0
    outer loop
      vertex -19.4248 23.1058 26.9958
      vertex -19.4212 23.0491 21.0062
      vertex -19.4212 23.0491 26.9938
    endloop
  endfacet
  facet normal -0.705798 -0.0447935 -0.706995
    outer loop
      vertex -18.887 24.1004 0
      vertex -18.8237 23.103 0
      vertex -19.4866 24.0782 0.599991
    endloop
  endfacet
  facet normal -0.705845 -0.0448569 -0.706944
    outer loop
      vertex -18.8237 23.103 0
      vertex -19.4212 23.0491 0.599991
      vertex -19.4866 24.0782 0.599991
    endloop
  endfacet
  facet normal 0.70248 0.0821677 -0.706945
    outer loop
      vertex -15.9354 23.3634 0.599991
      vertex -15.8371 22.523 0.599991
      vertex -16.5329 23.3095 0
    endloop
  endfacet
  facet normal 0.702439 0.0820949 -0.706993
    outer loop
      vertex -15.8371 22.523 0.599991
      vertex -16.431 22.4376 0
      vertex -16.5329 23.3095 0
    endloop
  endfacet
  facet normal 0.993229 0.116176 0
    outer loop
      vertex -15.8371 22.523 47.4
      vertex -15.9354 23.3634 0.599991
      vertex -15.9354 23.3634 47.4
    endloop
  endfacet
  facet normal 0.993229 0.116176 0
    outer loop
      vertex -15.9354 23.3634 0.599991
      vertex -15.8371 22.523 47.4
      vertex -15.8371 22.523 0.599991
    endloop
  endfacet
  facet normal 0.702492 0.0821011 0.70694
    outer loop
      vertex -16.431 22.4376 48
      vertex -15.9354 23.3634 47.4
      vertex -16.5329 23.3095 48
    endloop
  endfacet
  facet normal 0.702436 0.0821626 0.706989
    outer loop
      vertex -15.8371 22.523 47.4
      vertex -15.9354 23.3634 47.4
      vertex -16.431 22.4376 48
    endloop
  endfacet
  facet normal -0.702492 -0.0821014 0.70694
    outer loop
      vertex -19.3015 22.0249 47.4
      vertex -18.8237 23.103 48
      vertex -19.4212 23.0491 47.4
    endloop
  endfacet
  facet normal -0.702445 -0.0821453 0.706982
    outer loop
      vertex -18.7076 22.1102 48
      vertex -18.8237 23.103 48
      vertex -19.3015 22.0249 47.4
    endloop
  endfacet
  facet normal -0.993238 -0.116093 0
    outer loop
      vertex -19.3798 22.6949 36.9995
      vertex -19.4212 23.0491 47.4
      vertex -19.4212 23.0491 37.0062
    endloop
  endfacet
  facet normal -0.993248 -0.116009 4.33104e-06
    outer loop
      vertex -19.3015 22.0249 47.4
      vertex -19.3798 22.6949 36.9995
      vertex -19.3442 22.3901 36.9937
    endloop
  endfacet
  facet normal -0.993234 -0.116131 -0
    outer loop
      vertex -19.3015 22.0249 47.4
      vertex -19.3442 22.3901 36.9937
      vertex -19.3015 22.0249 37.0062
    endloop
  endfacet
  facet normal -0.99324 -0.116082 -3.86025e-07
    outer loop
      vertex -19.3798 22.6949 36.9995
      vertex -19.3015 22.0249 47.4
      vertex -19.4212 23.0491 47.4
    endloop
  endfacet
  facet normal -0.993243 -0.116054 0
    outer loop
      vertex -19.4212 23.0491 0.599991
      vertex -19.3442 22.3901 11.0063
      vertex -19.4212 23.0491 10.9938
    endloop
  endfacet
  facet normal -0.99324 -0.116082 -1.7613e-06
    outer loop
      vertex -19.3015 22.0249 0.599991
      vertex -19.3442 22.3901 11.0063
      vertex -19.4212 23.0491 0.599991
    endloop
  endfacet
  facet normal -0.993229 -0.116177 1.62152e-06
    outer loop
      vertex -19.3442 22.3901 11.0063
      vertex -19.3015 22.0249 0.599991
      vertex -19.3087 22.0866 10.9959
    endloop
  endfacet
  facet normal -0.99326 -0.115907 0
    outer loop
      vertex -19.3087 22.0866 10.9959
      vertex -19.3015 22.0249 0.599991
      vertex -19.3015 22.0249 10.9938
    endloop
  endfacet
  facet normal -0.993238 -0.116093 0
    outer loop
      vertex -19.3798 22.6949 20.9995
      vertex -19.4212 23.0491 26.9938
      vertex -19.4212 23.0491 21.0062
    endloop
  endfacet
  facet normal -0.993248 -0.116009 -0
    outer loop
      vertex -19.3442 22.3901 27.0063
      vertex -19.3798 22.6949 20.9995
      vertex -19.3442 22.3901 20.9937
    endloop
  endfacet
  facet normal -0.993243 -0.116054 -2.31064e-06
    outer loop
      vertex -19.3798 22.6949 20.9995
      vertex -19.3442 22.3901 27.0063
      vertex -19.4212 23.0491 26.9938
    endloop
  endfacet
  facet normal -0.993229 -0.116177 0
    outer loop
      vertex -19.3442 22.3901 20.9937
      vertex -19.3087 22.0866 26.9959
      vertex -19.3442 22.3901 27.0063
    endloop
  endfacet
  facet normal -0.993234 -0.116131 2.3376e-06
    outer loop
      vertex -19.3015 22.0249 21.0062
      vertex -19.3087 22.0866 26.9959
      vertex -19.3442 22.3901 20.9937
    endloop
  endfacet
  facet normal -0.99326 -0.115907 0
    outer loop
      vertex -19.3087 22.0866 26.9959
      vertex -19.3015 22.0249 21.0062
      vertex -19.3015 22.0249 26.9938
    endloop
  endfacet
  facet normal -0.702482 -0.0821496 -0.706945
    outer loop
      vertex -18.8237 23.103 0
      vertex -18.7076 22.1102 0
      vertex -19.4212 23.0491 0.599991
    endloop
  endfacet
  facet normal -0.702446 -0.0820961 -0.706986
    outer loop
      vertex -18.7076 22.1102 0
      vertex -19.3015 22.0249 0.599991
      vertex -19.4212 23.0491 0.599991
    endloop
  endfacet
  facet normal 0.697119 0.119098 -0.706994
    outer loop
      vertex -15.8371 22.523 0.599991
      vertex -15.6946 21.6889 0.599991
      vertex -16.431 22.4376 0
    endloop
  endfacet
  facet normal 0.697106 0.119071 -0.707011
    outer loop
      vertex -15.6946 21.6889 0.599991
      vertex -16.2832 21.5723 0
      vertex -16.431 22.4376 0
    endloop
  endfacet
  facet normal 0.985718 0.168403 0
    outer loop
      vertex -15.6946 21.6889 47.4
      vertex -15.8371 22.523 0.599991
      vertex -15.8371 22.523 47.4
    endloop
  endfacet
  facet normal 0.985718 0.168403 0
    outer loop
      vertex -15.8371 22.523 0.599991
      vertex -15.6946 21.6889 47.4
      vertex -15.6946 21.6889 0.599991
    endloop
  endfacet
  facet normal 0.697128 0.119075 0.706989
    outer loop
      vertex -16.2832 21.5723 48
      vertex -15.8371 22.523 47.4
      vertex -16.431 22.4376 48
    endloop
  endfacet
  facet normal 0.697107 0.119096 0.707006
    outer loop
      vertex -15.6946 21.6889 47.4
      vertex -15.8371 22.523 47.4
      vertex -16.2832 21.5723 48
    endloop
  endfacet
  facet normal -0.69713 -0.119126 0.706978
    outer loop
      vertex -19.1278 21.0084 47.4
      vertex -18.7076 22.1102 48
      vertex -19.3015 22.0249 47.4
    endloop
  endfacet
  facet normal -0.697166 -0.119096 0.706948
    outer loop
      vertex -18.5393 21.125 48
      vertex -18.7076 22.1102 48
      vertex -19.1278 21.0084 47.4
    endloop
  endfacet
  facet normal -0.985748 -0.168229 0
    outer loop
      vertex -19.2424 21.6786 36.9995
      vertex -19.3015 22.0249 47.4
      vertex -19.3015 22.0249 37.0062
    endloop
  endfacet
  facet normal -0.985707 -0.168466 5.36969e-06
    outer loop
      vertex -19.1278 21.0084 47.4
      vertex -19.2424 21.6786 36.9995
      vertex -19.1907 21.3761 36.9937
    endloop
  endfacet
  facet normal -0.985682 -0.168614 -0
    outer loop
      vertex -19.1278 21.0084 47.4
      vertex -19.1907 21.3761 36.9937
      vertex -19.1278 21.0084 37.0062
    endloop
  endfacet
  facet normal -0.985712 -0.168439 7.19417e-06
    outer loop
      vertex -19.2424 21.6786 36.9995
      vertex -19.1278 21.0084 47.4
      vertex -19.3015 22.0249 47.4
    endloop
  endfacet
  facet normal -0.985729 -0.16834 0
    outer loop
      vertex -19.3015 22.0249 0.599991
      vertex -19.1907 21.3761 11.0063
      vertex -19.3015 22.0249 10.9938
    endloop
  endfacet
  facet normal -0.985712 -0.168439 -6.37013e-06
    outer loop
      vertex -19.1278 21.0084 0.599991
      vertex -19.1907 21.3761 11.0063
      vertex -19.3015 22.0249 0.599991
    endloop
  endfacet
  facet normal -0.985695 -0.168537 -2.81169e-06
    outer loop
      vertex -19.1907 21.3761 11.0063
      vertex -19.1278 21.0084 0.599991
      vertex -19.1392 21.0749 10.996
    endloop
  endfacet
  facet normal -0.985622 -0.168964 0
    outer loop
      vertex -19.1392 21.0749 10.996
      vertex -19.1278 21.0084 0.599991
      vertex -19.1278 21.0084 10.9938
    endloop
  endfacet
  facet normal -0.985748 -0.168229 0
    outer loop
      vertex -19.2424 21.6786 20.9995
      vertex -19.3015 22.0249 26.9938
      vertex -19.3015 22.0249 21.0062
    endloop
  endfacet
  facet normal -0.985707 -0.168466 -0
    outer loop
      vertex -19.1907 21.3761 27.0063
      vertex -19.2424 21.6786 20.9995
      vertex -19.1907 21.3761 20.9937
    endloop
  endfacet
  facet normal -0.985729 -0.16834 6.57249e-06
    outer loop
      vertex -19.2424 21.6786 20.9995
      vertex -19.1907 21.3761 27.0063
      vertex -19.3015 22.0249 26.9938
    endloop
  endfacet
  facet normal -0.985695 -0.168537 0
    outer loop
      vertex -19.1907 21.3761 20.9937
      vertex -19.1392 21.0749 26.996
      vertex -19.1907 21.3761 27.0063
    endloop
  endfacet
  facet normal -0.985682 -0.168614 -3.99502e-06
    outer loop
      vertex -19.1278 21.0084 21.0062
      vertex -19.1392 21.0749 26.996
      vertex -19.1907 21.3761 20.9937
    endloop
  endfacet
  facet normal -0.985622 -0.168964 0
    outer loop
      vertex -19.1392 21.0749 26.996
      vertex -19.1278 21.0084 21.0062
      vertex -19.1278 21.0084 26.9938
    endloop
  endfacet
  facet normal -0.697131 -0.11909 -0.706984
    outer loop
      vertex -18.7076 22.1102 0
      vertex -18.5393 21.125 0
      vertex -19.3015 22.0249 0.599991
    endloop
  endfacet
  facet normal -0.697154 -0.11913 -0.706954
    outer loop
      vertex -18.5393 21.125 0
      vertex -19.1278 21.0084 0.599991
      vertex -19.3015 22.0249 0.599991
    endloop
  endfacet
  facet normal 0.689828 0.155803 -0.70701
    outer loop
      vertex -15.6946 21.6889 0.599991
      vertex -15.5082 20.8636 0.599991
      vertex -16.2832 21.5723 0
    endloop
  endfacet
  facet normal 0.689828 0.155801 -0.707011
    outer loop
      vertex -15.5082 20.8636 0.599991
      vertex -16.0898 20.716 0
      vertex -16.2832 21.5723 0
    endloop
  endfacet
  facet normal 0.97543 0.220308 0
    outer loop
      vertex -15.5082 20.8636 47.4
      vertex -15.6946 21.6889 0.599991
      vertex -15.6946 21.6889 47.4
    endloop
  endfacet
  facet normal 0.97543 0.220308 0
    outer loop
      vertex -15.6946 21.6889 0.599991
      vertex -15.5082 20.8636 47.4
      vertex -15.5082 20.8636 0.599991
    endloop
  endfacet
  facet normal 0.689834 0.155803 0.707004
    outer loop
      vertex -16.0898 20.716 48
      vertex -15.6946 21.6889 47.4
      vertex -16.2832 21.5723 48
    endloop
  endfacet
  facet normal 0.689832 0.155804 0.707005
    outer loop
      vertex -15.5082 20.8636 47.4
      vertex -15.6946 21.6889 47.4
      vertex -16.0898 20.716 48
    endloop
  endfacet
  facet normal -0.689888 -0.155823 0.706947
    outer loop
      vertex -18.9006 20.0025 47.4
      vertex -18.5393 21.125 48
      vertex -19.1278 21.0084 47.4
    endloop
  endfacet
  facet normal -0.689887 -0.155824 0.706948
    outer loop
      vertex -18.3191 20.1501 48
      vertex -18.5393 21.125 48
      vertex -18.9006 20.0025 47.4
    endloop
  endfacet
  facet normal -0.975433 -0.220296 0
    outer loop
      vertex -19.0516 20.671 36.9996
      vertex -19.1278 21.0084 47.4
      vertex -19.1278 21.0084 37.0062
    endloop
  endfacet
  facet normal -0.97543 -0.220311 1.15795e-06
    outer loop
      vertex -18.9006 20.0025 47.4
      vertex -19.0516 20.671 36.9996
      vertex -18.984 20.3717 36.9937
    endloop
  endfacet
  facet normal -0.975423 -0.220342 -0
    outer loop
      vertex -18.9006 20.0025 47.4
      vertex -18.984 20.3717 36.9937
      vertex -18.9006 20.0025 37.0063
    endloop
  endfacet
  facet normal -0.975428 -0.220317 7.17929e-07
    outer loop
      vertex -19.0516 20.671 36.9996
      vertex -18.9006 20.0025 47.4
      vertex -19.1278 21.0084 47.4
    endloop
  endfacet
  facet normal -0.975431 -0.220303 0
    outer loop
      vertex -19.1278 21.0084 0.599991
      vertex -18.984 20.3717 11.0063
      vertex -19.1278 21.0084 10.9938
    endloop
  endfacet
  facet normal -0.975428 -0.220317 -9.15072e-07
    outer loop
      vertex -18.9006 20.0025 0.599991
      vertex -18.984 20.3717 11.0063
      vertex -19.1278 21.0084 0.599991
    endloop
  endfacet
  facet normal -0.97545 -0.220221 -4.52723e-06
    outer loop
      vertex -18.984 20.3717 11.0063
      vertex -18.9006 20.0025 0.599991
      vertex -18.9167 20.0736 10.9961
    endloop
  endfacet
  facet normal -0.975308 -0.22085 0
    outer loop
      vertex -18.9167 20.0736 10.9961
      vertex -18.9006 20.0025 0.599991
      vertex -18.9006 20.0025 10.9937
    endloop
  endfacet
  facet normal -0.975433 -0.220296 0
    outer loop
      vertex -19.0516 20.671 20.9996
      vertex -19.1278 21.0084 26.9938
      vertex -19.1278 21.0084 21.0062
    endloop
  endfacet
  facet normal -0.97543 -0.220311 -0
    outer loop
      vertex -18.984 20.3717 27.0063
      vertex -19.0516 20.671 20.9996
      vertex -18.984 20.3717 20.9937
    endloop
  endfacet
  facet normal -0.975431 -0.220303 4.03374e-07
    outer loop
      vertex -19.0516 20.671 20.9996
      vertex -18.984 20.3717 27.0063
      vertex -19.1278 21.0084 26.9938
    endloop
  endfacet
  facet normal -0.97545 -0.220221 0
    outer loop
      vertex -18.984 20.3717 20.9937
      vertex -18.9167 20.0736 26.9961
      vertex -18.984 20.3717 27.0063
    endloop
  endfacet
  facet normal -0.975423 -0.220342 -6.34018e-06
    outer loop
      vertex -18.9006 20.0025 21.0063
      vertex -18.9167 20.0736 26.9961
      vertex -18.984 20.3717 20.9937
    endloop
  endfacet
  facet normal -0.975308 -0.22085 0
    outer loop
      vertex -18.9167 20.0736 26.9961
      vertex -18.9006 20.0025 21.0063
      vertex -18.9006 20.0025 26.9937
    endloop
  endfacet
  facet normal -0.689883 -0.155823 -0.706952
    outer loop
      vertex -18.5393 21.125 0
      vertex -18.3191 20.1501 0
      vertex -19.1278 21.0084 0.599991
    endloop
  endfacet
  facet normal -0.689882 -0.155822 -0.706953
    outer loop
      vertex -18.3191 20.1501 0
      vertex -18.9006 20.0025 0.599991
      vertex -19.1278 21.0084 0.599991
    endloop
  endfacet
  facet normal 0.680621 0.192075 -0.70701
    outer loop
      vertex -15.5082 20.8636 0.599991
      vertex -15.2784 20.0493 0.599991
      vertex -16.0898 20.716 0
    endloop
  endfacet
  facet normal 0.680609 0.192043 -0.707029
    outer loop
      vertex -15.2784 20.0493 0.599991
      vertex -15.8514 19.8711 0
      vertex -16.0898 20.716 0
    endloop
  endfacet
  facet normal 0.962411 0.271598 0
    outer loop
      vertex -15.2784 20.0493 47.4
      vertex -15.5082 20.8636 0.599991
      vertex -15.5082 20.8636 47.4
    endloop
  endfacet
  facet normal 0.962411 0.271598 0
    outer loop
      vertex -15.5082 20.8636 0.599991
      vertex -15.2784 20.0493 47.4
      vertex -15.2784 20.0493 0.599991
    endloop
  endfacet
  facet normal 0.680633 0.19205 0.707005
    outer loop
      vertex -15.8514 19.8711 48
      vertex -15.5082 20.8636 47.4
      vertex -16.0898 20.716 48
    endloop
  endfacet
  facet normal 0.680607 0.192071 0.707024
    outer loop
      vertex -15.2784 20.0493 47.4
      vertex -15.5082 20.8636 47.4
      vertex -15.8514 19.8711 48
    endloop
  endfacet
  facet normal -0.680691 -0.192053 0.706948
    outer loop
      vertex -18.6206 19.0101 47.4
      vertex -18.3191 20.1501 48
      vertex -18.9006 20.0025 47.4
    endloop
  endfacet
  facet normal -0.680613 -0.192106 0.707009
    outer loop
      vertex -18.0476 19.1882 48
      vertex -18.3191 20.1501 48
      vertex -18.6206 19.0101 47.4
    endloop
  endfacet
  facet normal -0.962471 -0.271383 0
    outer loop
      vertex -18.8082 19.6748 36.9996
      vertex -18.9006 20.0025 47.4
      vertex -18.9006 20.0025 37.0063
    endloop
  endfacet
  facet normal -0.96238 -0.271708 -5.92519e-06
    outer loop
      vertex -18.6206 19.0101 47.4
      vertex -18.8082 19.6748 36.9996
      vertex -18.7248 19.3794 36.9936
    endloop
  endfacet
  facet normal -0.962423 -0.271553 -0
    outer loop
      vertex -18.6206 19.0101 47.4
      vertex -18.7248 19.3794 36.9936
      vertex -18.6206 19.0101 37.0063
    endloop
  endfacet
  facet normal -0.962426 -0.271543 5.43065e-06
    outer loop
      vertex -18.8082 19.6748 36.9996
      vertex -18.6206 19.0101 47.4
      vertex -18.9006 20.0025 47.4
    endloop
  endfacet
  facet normal -0.962428 -0.271537 0
    outer loop
      vertex -18.9006 20.0025 0.599991
      vertex -18.7248 19.3794 11.0064
      vertex -18.9006 20.0025 10.9937
    endloop
  endfacet
  facet normal -0.962426 -0.271543 -3.80224e-07
    outer loop
      vertex -18.6206 19.0101 0.599991
      vertex -18.7248 19.3794 11.0064
      vertex -18.9006 20.0025 0.599991
    endloop
  endfacet
  facet normal -0.962408 -0.271608 2.10315e-06
    outer loop
      vertex -18.7248 19.3794 11.0064
      vertex -18.6206 19.0101 0.599991
      vertex -18.6418 19.0853 10.9963
    endloop
  endfacet
  facet normal -0.962484 -0.271339 0
    outer loop
      vertex -18.6418 19.0853 10.9963
      vertex -18.6206 19.0101 0.599991
      vertex -18.6206 19.0101 10.9937
    endloop
  endfacet
  facet normal -0.962471 -0.271383 0
    outer loop
      vertex -18.8082 19.6748 20.9996
      vertex -18.9006 20.0025 26.9937
      vertex -18.9006 20.0025 21.0063
    endloop
  endfacet
  facet normal -0.96238 -0.271708 -0
    outer loop
      vertex -18.7248 19.3794 27.0064
      vertex -18.8082 19.6748 20.9996
      vertex -18.7248 19.3794 20.9936
    endloop
  endfacet
  facet normal -0.962428 -0.271537 9.06551e-06
    outer loop
      vertex -18.8082 19.6748 20.9996
      vertex -18.7248 19.3794 27.0064
      vertex -18.9006 20.0025 26.9937
    endloop
  endfacet
  facet normal -0.962408 -0.271608 0
    outer loop
      vertex -18.7248 19.3794 20.9936
      vertex -18.6418 19.0853 26.9963
      vertex -18.7248 19.3794 27.0064
    endloop
  endfacet
  facet normal -0.962424 -0.271553 2.90502e-06
    outer loop
      vertex -18.6206 19.0101 21.0063
      vertex -18.6418 19.0853 26.9963
      vertex -18.7248 19.3794 20.9936
    endloop
  endfacet
  facet normal -0.962484 -0.271339 0
    outer loop
      vertex -18.6418 19.0853 26.9963
      vertex -18.6206 19.0101 21.0063
      vertex -18.6206 19.0101 26.9937
    endloop
  endfacet
  facet normal -0.680667 -0.192121 -0.706952
    outer loop
      vertex -18.3191 20.1501 0
      vertex -18.0476 19.1882 0
      vertex -18.9006 20.0025 0.599991
    endloop
  endfacet
  facet normal -0.680628 -0.192035 -0.707013
    outer loop
      vertex -18.0476 19.1882 0
      vertex -18.6206 19.0101 0.599991
      vertex -18.9006 20.0025 0.599991
    endloop
  endfacet
  facet normal 0.66951 0.227739 -0.707031
    outer loop
      vertex -15.2784 20.0493 0.599991
      vertex -15.0059 19.2482 0.599991
      vertex -15.8514 19.8711 0
    endloop
  endfacet
  facet normal 0.669536 0.227824 -0.706978
    outer loop
      vertex -15.0059 19.2482 0.599991
      vertex -15.5686 19.04 0
      vertex -15.8514 19.8711 0
    endloop
  endfacet
  facet normal 0.946727 0.322036 0
    outer loop
      vertex -15.0059 19.2482 47.4
      vertex -15.2784 20.0493 0.599991
      vertex -15.2784 20.0493 47.4
    endloop
  endfacet
  facet normal 0.946727 0.322036 0
    outer loop
      vertex -15.2784 20.0493 0.599991
      vertex -15.0059 19.2482 47.4
      vertex -15.0059 19.2482 0.599991
    endloop
  endfacet
  facet normal 0.669492 0.227809 0.707024
    outer loop
      vertex -15.5686 19.04 48
      vertex -15.2784 20.0493 47.4
      vertex -15.8514 19.8711 48
    endloop
  endfacet
  facet normal 0.669565 0.227757 0.706972
    outer loop
      vertex -15.0059 19.2482 47.4
      vertex -15.2784 20.0493 47.4
      vertex -15.5686 19.04 48
    endloop
  endfacet
  facet normal -0.669532 -0.227749 0.707006
    outer loop
      vertex -18.2885 18.0338 47.4
      vertex -18.0476 19.1882 48
      vertex -18.6206 19.0101 47.4
    endloop
  endfacet
  facet normal -0.669502 -0.227767 0.707028
    outer loop
      vertex -17.7257 18.242 48
      vertex -18.0476 19.1882 48
      vertex -18.2885 18.0338 47.4
    endloop
  endfacet
  facet normal -0.946756 -0.321951 0
    outer loop
      vertex -18.5127 18.6928 36.9997
      vertex -18.6206 19.0101 47.4
      vertex -18.6206 19.0101 37.0063
    endloop
  endfacet
  facet normal -0.946677 -0.322183 -7.06329e-06
    outer loop
      vertex -18.2885 18.0338 47.4
      vertex -18.5127 18.6928 36.9997
      vertex -18.4138 18.4022 36.9936
    endloop
  endfacet
  facet normal -0.946738 -0.322004 -0
    outer loop
      vertex -18.2885 18.0338 47.4
      vertex -18.4138 18.4022 36.9936
      vertex -18.2885 18.0338 37.0064
    endloop
  endfacet
  facet normal -0.946726 -0.32204 3.03584e-06
    outer loop
      vertex -18.5127 18.6928 36.9997
      vertex -18.2885 18.0338 47.4
      vertex -18.6206 19.0101 47.4
    endloop
  endfacet
  facet normal -0.946719 -0.322062 0
    outer loop
      vertex -18.6206 19.0101 0.599991
      vertex -18.4138 18.4022 11.0064
      vertex -18.6206 19.0101 10.9937
    endloop
  endfacet
  facet normal -0.946726 -0.32204 1.42105e-06
    outer loop
      vertex -18.2885 18.0338 0.599991
      vertex -18.4138 18.4022 11.0064
      vertex -18.6206 19.0101 0.599991
    endloop
  endfacet
  facet normal -0.946735 -0.322014 3.99866e-07
    outer loop
      vertex -18.4138 18.4022 11.0064
      vertex -18.2885 18.0338 0.599991
      vertex -18.3154 18.1129 10.9964
    endloop
  endfacet
  facet normal -0.946751 -0.321967 0
    outer loop
      vertex -18.3154 18.1129 10.9964
      vertex -18.2885 18.0338 0.599991
      vertex -18.2885 18.0338 10.9936
    endloop
  endfacet
  facet normal -0.946756 -0.321951 0
    outer loop
      vertex -18.5127 18.6928 20.9997
      vertex -18.6206 19.0101 26.9937
      vertex -18.6206 19.0101 21.0063
    endloop
  endfacet
  facet normal -0.946677 -0.322183 -0
    outer loop
      vertex -18.4138 18.4022 27.0064
      vertex -18.5127 18.6928 20.9997
      vertex -18.4138 18.4022 20.9936
    endloop
  endfacet
  facet normal -0.946719 -0.322062 6.54801e-06
    outer loop
      vertex -18.5127 18.6928 20.9997
      vertex -18.4138 18.4022 27.0064
      vertex -18.6206 19.0101 26.9937
    endloop
  endfacet
  facet normal -0.946735 -0.322014 0
    outer loop
      vertex -18.4138 18.4022 20.9936
      vertex -18.3154 18.1129 26.9964
      vertex -18.4138 18.4022 27.0064
    endloop
  endfacet
  facet normal -0.946738 -0.322004 5.44613e-07
    outer loop
      vertex -18.2885 18.0338 21.0064
      vertex -18.3154 18.1129 26.9964
      vertex -18.4138 18.4022 20.9936
    endloop
  endfacet
  facet normal -0.946751 -0.321967 0
    outer loop
      vertex -18.3154 18.1129 26.9964
      vertex -18.2885 18.0338 21.0064
      vertex -18.2885 18.0338 26.9936
    endloop
  endfacet
  facet normal -0.669519 -0.227772 -0.707011
    outer loop
      vertex -18.0476 19.1882 0
      vertex -17.7257 18.242 0
      vertex -18.6206 19.0101 0.599991
    endloop
  endfacet
  facet normal -0.669506 -0.22774 -0.707033
    outer loop
      vertex -17.7257 18.242 0
      vertex -18.2885 18.0338 0.599991
      vertex -18.6206 19.0101 0.599991
    endloop
  endfacet
  facet normal 0.656593 0.262804 -0.706979
    outer loop
      vertex -15.0059 19.2482 0.599991
      vertex -14.6915 18.4627 0.599991
      vertex -15.5686 19.04 0
    endloop
  endfacet
  facet normal 0.6566 0.262834 -0.706961
    outer loop
      vertex -14.6915 18.4627 0.599991
      vertex -15.2424 18.2251 0
      vertex -15.5686 19.04 0
    endloop
  endfacet
  facet normal 0.928395 0.371594 0
    outer loop
      vertex -14.6915 18.4627 47.4
      vertex -15.0059 19.2482 0.599991
      vertex -15.0059 19.2482 47.4
    endloop
  endfacet
  facet normal 0.928395 0.371594 0
    outer loop
      vertex -15.0059 19.2482 0.599991
      vertex -14.6915 18.4627 47.4
      vertex -14.6915 18.4627 0.599991
    endloop
  endfacet
  facet normal 0.656589 0.262829 0.706973
    outer loop
      vertex -15.2424 18.2251 48
      vertex -15.0059 19.2482 47.4
      vertex -15.5686 19.04 48
    endloop
  endfacet
  facet normal 0.656615 0.262813 0.706956
    outer loop
      vertex -14.6915 18.4627 47.4
      vertex -15.0059 19.2482 47.4
      vertex -15.2424 18.2251 48
    endloop
  endfacet
  facet normal -0.656525 -0.262843 0.707027
    outer loop
      vertex -17.9052 17.0764 47.4
      vertex -17.7257 18.242 48
      vertex -18.2885 18.0338 47.4
    endloop
  endfacet
  facet normal -0.656593 -0.262807 0.706978
    outer loop
      vertex -17.3543 17.3141 48
      vertex -17.7257 18.242 48
      vertex -17.9052 17.0764 47.4
    endloop
  endfacet
  facet normal -0.928351 -0.371704 0
    outer loop
      vertex -18.1659 17.7276 36.9997
      vertex -18.2885 18.0338 47.4
      vertex -18.2885 18.0338 37.0064
    endloop
  endfacet
  facet normal -0.928387 -0.371616 3.30541e-06
    outer loop
      vertex -17.9052 17.0764 47.4
      vertex -18.1659 17.7276 36.9997
      vertex -18.0519 17.4428 36.9936
    endloop
  endfacet
  facet normal -0.928354 -0.371696 -0
    outer loop
      vertex -17.9052 17.0764 47.4
      vertex -18.0519 17.4428 36.9936
      vertex -17.9052 17.0764 37.0064
    endloop
  endfacet
  facet normal -0.928363 -0.371675 -1.00507e-06
    outer loop
      vertex -18.1659 17.7276 36.9997
      vertex -17.9052 17.0764 47.4
      vertex -18.2885 18.0338 47.4
    endloop
  endfacet
  facet normal -0.928368 -0.371661 0
    outer loop
      vertex -18.2885 18.0338 0.599991
      vertex -18.0519 17.4428 11.0064
      vertex -18.2885 18.0338 10.9936
    endloop
  endfacet
  facet normal -0.928363 -0.371675 -8.81484e-07
    outer loop
      vertex -17.9052 17.0764 0.599991
      vertex -18.0519 17.4428 11.0064
      vertex -18.2885 18.0338 0.599991
    endloop
  endfacet
  facet normal -0.928273 -0.371898 8.25143e-06
    outer loop
      vertex -18.0519 17.4428 11.0064
      vertex -17.9052 17.0764 0.599991
      vertex -17.9382 17.159 10.9965
    endloop
  endfacet
  facet normal -0.928632 -0.371003 0
    outer loop
      vertex -17.9382 17.159 10.9965
      vertex -17.9052 17.0764 0.599991
      vertex -17.9052 17.0764 10.9936
    endloop
  endfacet
  facet normal -0.928351 -0.371704 0
    outer loop
      vertex -18.1659 17.7276 20.9997
      vertex -18.2885 18.0338 26.9936
      vertex -18.2885 18.0338 21.0064
    endloop
  endfacet
  facet normal -0.928387 -0.371615 -0
    outer loop
      vertex -18.0519 17.4428 27.0064
      vertex -18.1659 17.7276 20.9997
      vertex -18.0519 17.4428 20.9936
    endloop
  endfacet
  facet normal -0.928368 -0.371662 -2.53407e-06
    outer loop
      vertex -18.1659 17.7276 20.9997
      vertex -18.0519 17.4428 27.0064
      vertex -18.2885 18.0338 26.9936
    endloop
  endfacet
  facet normal -0.928274 -0.371898 0
    outer loop
      vertex -18.0519 17.4428 20.9936
      vertex -17.9382 17.159 26.9965
      vertex -18.0519 17.4428 27.0064
    endloop
  endfacet
  facet normal -0.928354 -0.371696 1.10853e-05
    outer loop
      vertex -17.9052 17.0764 21.0064
      vertex -17.9382 17.159 26.9965
      vertex -18.0519 17.4428 20.9936
    endloop
  endfacet
  facet normal -0.928632 -0.371003 0
    outer loop
      vertex -17.9382 17.159 26.9965
      vertex -17.9052 17.0764 21.0064
      vertex -17.9052 17.0764 26.9936
    endloop
  endfacet
  facet normal -0.656542 -0.262786 -0.707034
    outer loop
      vertex -17.7257 18.242 0
      vertex -17.3543 17.3141 0
      vertex -18.2885 18.0338 0.599991
    endloop
  endfacet
  facet normal -0.656566 -0.26286 -0.706984
    outer loop
      vertex -17.3543 17.3141 0
      vertex -17.9052 17.0764 0.599991
      vertex -18.2885 18.0338 0.599991
    endloop
  endfacet
  facet normal 0.641765 0.297228 -0.70696
    outer loop
      vertex -14.6915 18.4627 0.599991
      vertex -14.3359 17.6949 0.599991
      vertex -15.2424 18.2251 0
    endloop
  endfacet
  facet normal 0.641759 0.297194 -0.706981
    outer loop
      vertex -14.3359 17.6949 0.599991
      vertex -14.8735 17.4285 0
      vertex -15.2424 18.2251 0
    endloop
  endfacet
  facet normal 0.907405 0.420257 0
    outer loop
      vertex -14.3359 17.6949 47.4
      vertex -14.6915 18.4627 0.599991
      vertex -14.6915 18.4627 47.4
    endloop
  endfacet
  facet normal 0.907405 0.420257 0
    outer loop
      vertex -14.6915 18.4627 0.599991
      vertex -14.3359 17.6949 47.4
      vertex -14.3359 17.6949 0.599991
    endloop
  endfacet
  facet normal 0.641781 0.297205 0.706955
    outer loop
      vertex -14.8735 17.4285 48
      vertex -14.6915 18.4627 47.4
      vertex -15.2424 18.2251 48
    endloop
  endfacet
  facet normal 0.641751 0.297222 0.706976
    outer loop
      vertex -14.3359 17.6949 47.4
      vertex -14.6915 18.4627 47.4
      vertex -14.8735 17.4285 48
    endloop
  endfacet
  facet normal -0.641763 -0.297185 0.70698
    outer loop
      vertex -17.4719 16.1407 47.4
      vertex -17.3543 17.3141 48
      vertex -17.9052 17.0764 47.4
    endloop
  endfacet
  facet normal -0.641771 -0.297182 0.706975
    outer loop
      vertex -16.9343 16.4071 48
      vertex -17.3543 17.3141 48
      vertex -17.4719 16.1407 47.4
    endloop
  endfacet
  facet normal -0.907408 -0.420251 0
    outer loop
      vertex -17.7689 16.7821 36.9998
      vertex -17.9052 17.0764 47.4
      vertex -17.9052 17.0764 37.0064
    endloop
  endfacet
  facet normal -0.907386 -0.420297 -8.16508e-06
    outer loop
      vertex -17.4719 16.1407 47.4
      vertex -17.7689 16.7821 36.9998
      vertex -17.6399 16.5036 36.9935
    endloop
  endfacet
  facet normal -0.907476 -0.420105 -0
    outer loop
      vertex -17.4719 16.1407 47.4
      vertex -17.6399 16.5036 36.9935
      vertex -17.4719 16.1407 37.0064
    endloop
  endfacet
  facet normal -0.907428 -0.420208 -1.46584e-06
    outer loop
      vertex -17.7689 16.7821 36.9998
      vertex -17.4719 16.1407 47.4
      vertex -17.9052 17.0764 47.4
    endloop
  endfacet
  facet normal -0.907398 -0.420273 0
    outer loop
      vertex -17.9052 17.0764 0.599991
      vertex -17.6399 16.5036 11.0065
      vertex -17.9052 17.0764 10.9936
    endloop
  endfacet
  facet normal -0.907428 -0.420208 4.37715e-06
    outer loop
      vertex -17.4719 16.1407 0.599991
      vertex -17.6399 16.5036 11.0065
      vertex -17.9052 17.0764 0.599991
    endloop
  endfacet
  facet normal -0.907499 -0.420054 -2.15294e-06
    outer loop
      vertex -17.6399 16.5036 11.0065
      vertex -17.4719 16.1407 0.599991
      vertex -17.5115 16.2262 10.9966
    endloop
  endfacet
  facet normal -0.907399 -0.420269 0
    outer loop
      vertex -17.5115 16.2262 10.9966
      vertex -17.4719 16.1407 0.599991
      vertex -17.4719 16.1407 10.9936
    endloop
  endfacet
  facet normal -0.907408 -0.420251 0
    outer loop
      vertex -17.7689 16.7821 20.9998
      vertex -17.9052 17.0764 26.9936
      vertex -17.9052 17.0764 21.0064
    endloop
  endfacet
  facet normal -0.907386 -0.420297 -0
    outer loop
      vertex -17.6399 16.5036 27.0065
      vertex -17.7689 16.7821 20.9998
      vertex -17.6399 16.5036 20.9935
    endloop
  endfacet
  facet normal -0.907398 -0.420273 1.35963e-06
    outer loop
      vertex -17.7689 16.7821 20.9998
      vertex -17.6399 16.5036 27.0065
      vertex -17.9052 17.0764 26.9936
    endloop
  endfacet
  facet normal -0.907499 -0.420054 0
    outer loop
      vertex -17.6399 16.5036 20.9935
      vertex -17.5115 16.2262 26.9966
      vertex -17.6399 16.5036 27.0065
    endloop
  endfacet
  facet normal -0.907476 -0.420105 -2.85392e-06
    outer loop
      vertex -17.4719 16.1407 21.0064
      vertex -17.5115 16.2262 26.9966
      vertex -17.6399 16.5036 20.9935
    endloop
  endfacet
  facet normal -0.907399 -0.420269 0
    outer loop
      vertex -17.5115 16.2262 26.9966
      vertex -17.4719 16.1407 21.0064
      vertex -17.4719 16.1407 26.9936
    endloop
  endfacet
  facet normal -0.641761 -0.297177 -0.706986
    outer loop
      vertex -17.3543 17.3141 0
      vertex -16.9343 16.4071 0
      vertex -17.9052 17.0764 0.599991
    endloop
  endfacet
  facet normal -0.641763 -0.297185 -0.70698
    outer loop
      vertex -16.9343 16.4071 0
      vertex -17.4719 16.1407 0.599991
      vertex -17.9052 17.0764 0.599991
    endloop
  endfacet
  facet normal 0.625165 0.330679 -0.70698
    outer loop
      vertex -14.3359 17.6949 0.599991
      vertex -13.9403 16.947 0.599991
      vertex -14.8735 17.4285 0
    endloop
  endfacet
  facet normal 0.625169 0.330711 -0.706961
    outer loop
      vertex -13.9403 16.947 0.599991
      vertex -14.463 16.6525 0
      vertex -14.8735 17.4285 0
    endloop
  endfacet
  facet normal 0.883957 0.467567 0
    outer loop
      vertex -13.9403 16.947 47.4
      vertex -14.3359 17.6949 0.599991
      vertex -14.3359 17.6949 47.4
    endloop
  endfacet
  facet normal 0.883957 0.467567 0
    outer loop
      vertex -14.3359 17.6949 0.599991
      vertex -13.9403 16.947 47.4
      vertex -13.9403 16.947 0.599991
    endloop
  endfacet
  facet normal 0.625157 0.330705 0.706974
    outer loop
      vertex -14.463 16.6525 48
      vertex -14.3359 17.6949 47.4
      vertex -14.8735 17.4285 48
    endloop
  endfacet
  facet normal 0.625186 0.330691 0.706955
    outer loop
      vertex -13.9403 16.947 47.4
      vertex -14.3359 17.6949 47.4
      vertex -14.463 16.6525 48
    endloop
  endfacet
  facet normal -0.625152 -0.330716 0.706974
    outer loop
      vertex -16.9897 15.2292 47.4
      vertex -16.9343 16.4071 48
      vertex -17.4719 16.1407 47.4
    endloop
  endfacet
  facet normal -0.625102 -0.330736 0.707009
    outer loop
      vertex -16.4669 15.5237 48
      vertex -16.9343 16.4071 48
      vertex -16.9897 15.2292 47.4
    endloop
  endfacet
  facet normal -0.88391 -0.467657 0
    outer loop
      vertex -17.3227 15.8587 36.9998
      vertex -17.4719 16.1407 47.4
      vertex -17.4719 16.1407 37.0064
    endloop
  endfacet
  facet normal -0.883891 -0.467693 -7.40096e-06
    outer loop
      vertex -16.9897 15.2292 47.4
      vertex -17.3227 15.8587 36.9998
      vertex -17.1792 15.5875 36.9935
    endloop
  endfacet
  facet normal -0.88398 -0.467525 -0
    outer loop
      vertex -16.9897 15.2292 47.4
      vertex -17.1792 15.5875 36.9935
      vertex -16.9897 15.2292 37.0065
    endloop
  endfacet
  facet normal -0.883932 -0.467616 -1.43596e-06
    outer loop
      vertex -17.3227 15.8587 36.9998
      vertex -16.9897 15.2292 47.4
      vertex -17.4719 16.1407 47.4
    endloop
  endfacet
  facet normal -0.883901 -0.467675 0
    outer loop
      vertex -17.4719 16.1407 0.599991
      vertex -17.1792 15.5875 11.0065
      vertex -17.4719 16.1407 10.9936
    endloop
  endfacet
  facet normal -0.883923 -0.467632 2.8886e-06
    outer loop
      vertex -17.4719 16.1407 0.599991
      vertex -17.0362 15.3172 10.9967
      vertex -17.1792 15.5875 11.0065
    endloop
  endfacet
  facet normal -0.883932 -0.467616 4.55649e-06
    outer loop
      vertex -16.9897 15.2292 0.599991
      vertex -17.0362 15.3172 10.9967
      vertex -17.4719 16.1407 0.599991
    endloop
  endfacet
  facet normal -0.884154 -0.467195 0
    outer loop
      vertex -17.0362 15.3172 10.9967
      vertex -16.9897 15.2292 0.599991
      vertex -16.9897 15.2292 10.9935
    endloop
  endfacet
  facet normal -0.88391 -0.467657 0
    outer loop
      vertex -17.3227 15.8587 20.9998
      vertex -17.4719 16.1407 26.9936
      vertex -17.4719 16.1407 21.0064
    endloop
  endfacet
  facet normal -0.883891 -0.467693 -0
    outer loop
      vertex -17.1792 15.5875 27.0065
      vertex -17.3227 15.8587 20.9998
      vertex -17.1792 15.5875 20.9935
    endloop
  endfacet
  facet normal -0.883901 -0.467675 1.05448e-06
    outer loop
      vertex -17.3227 15.8587 20.9998
      vertex -17.1792 15.5875 27.0065
      vertex -17.4719 16.1407 26.9936
    endloop
  endfacet
  facet normal -0.883923 -0.467632 0
    outer loop
      vertex -17.1792 15.5875 20.9935
      vertex -17.0362 15.3172 26.9967
      vertex -17.1792 15.5875 27.0065
    endloop
  endfacet
  facet normal -0.88398 -0.467525 6.19526e-06
    outer loop
      vertex -16.9897 15.2292 21.0065
      vertex -17.0362 15.3172 26.9967
      vertex -17.1792 15.5875 20.9935
    endloop
  endfacet
  facet normal -0.884154 -0.467195 0
    outer loop
      vertex -17.0362 15.3172 26.9967
      vertex -16.9897 15.2292 21.0065
      vertex -16.9897 15.2292 26.9935
    endloop
  endfacet
  facet normal -0.625128 -0.33075 -0.706979
    outer loop
      vertex -16.9343 16.4071 0
      vertex -16.4669 15.5237 0
      vertex -17.4719 16.1407 0.599991
    endloop
  endfacet
  facet normal -0.625117 -0.330698 -0.707013
    outer loop
      vertex -16.4669 15.5237 0
      vertex -16.9897 15.2292 0.599991
      vertex -17.4719 16.1407 0.599991
    endloop
  endfacet
  facet normal 0.606773 0.363362 -0.706961
    outer loop
      vertex -13.9403 16.947 0.599991
      vertex -13.5056 16.2211 0.599991
      vertex -14.463 16.6525 0
    endloop
  endfacet
  facet normal 0.606767 0.363287 -0.707005
    outer loop
      vertex -13.5056 16.2211 0.599991
      vertex -14.0121 15.8994 0
      vertex -14.463 16.6525 0
    endloop
  endfacet
  facet normal 0.857931 0.513766 0
    outer loop
      vertex -13.5056 16.2211 47.4
      vertex -13.9403 16.947 0.599991
      vertex -13.9403 16.947 47.4
    endloop
  endfacet
  facet normal 0.857931 0.513766 0
    outer loop
      vertex -13.9403 16.947 0.599991
      vertex -13.5056 16.2211 47.4
      vertex -13.5056 16.2211 0.599991
    endloop
  endfacet
  facet normal 0.606809 0.363312 0.706957
    outer loop
      vertex -14.0121 15.8994 48
      vertex -13.9403 16.947 47.4
      vertex -14.463 16.6525 48
    endloop
  endfacet
  facet normal 0.606739 0.363342 0.707001
    outer loop
      vertex -13.5056 16.2211 47.4
      vertex -13.9403 16.947 47.4
      vertex -14.0121 15.8994 48
    endloop
  endfacet
  facet normal -0.606781 -0.363259 0.707008
    outer loop
      vertex -16.46 14.3444 47.4
      vertex -16.4669 15.5237 48
      vertex -16.9897 15.2292 47.4
    endloop
  endfacet
  facet normal -0.606793 -0.363255 0.706999
    outer loop
      vertex -16.46 14.3444 47.4
      vertex -15.9535 14.6661 48
      vertex -16.4669 15.5237 48
    endloop
  endfacet
  facet normal -0.857943 -0.513746 0
    outer loop
      vertex -16.8285 14.96 36.9999
      vertex -16.9897 15.2292 47.4
      vertex -16.9897 15.2292 37.0065
    endloop
  endfacet
  facet normal -0.857953 -0.513728 -9.18907e-06
    outer loop
      vertex -16.46 14.3444 47.4
      vertex -16.8285 14.96 36.9999
      vertex -16.6709 14.6968 36.9935
    endloop
  endfacet
  facet normal -0.858072 -0.513529 -0
    outer loop
      vertex -16.46 14.3444 47.4
      vertex -16.6709 14.6968 36.9935
      vertex -16.46 14.3444 37.0065
    endloop
  endfacet
  facet normal -0.857997 -0.513654 -3.21865e-06
    outer loop
      vertex -16.8285 14.96 36.9999
      vertex -16.46 14.3444 47.4
      vertex -16.9897 15.2292 47.4
    endloop
  endfacet
  facet normal -0.857948 -0.513737 0
    outer loop
      vertex -16.9897 15.2292 0.599991
      vertex -16.6709 14.6968 11.0065
      vertex -16.9897 15.2292 10.9935
    endloop
  endfacet
  facet normal -0.858127 -0.513438 2.08021e-05
    outer loop
      vertex -16.9897 15.2292 0.599991
      vertex -16.5139 14.4344 10.9968
      vertex -16.6709 14.6968 11.0065
    endloop
  endfacet
  facet normal -0.857997 -0.513654 -1.65274e-06
    outer loop
      vertex -16.46 14.3444 0.599991
      vertex -16.5139 14.4344 10.9968
      vertex -16.9897 15.2292 0.599991
    endloop
  endfacet
  facet normal -0.857913 -0.513795 0
    outer loop
      vertex -16.5139 14.4344 10.9968
      vertex -16.46 14.3444 0.599991
      vertex -16.46 14.3444 10.9935
    endloop
  endfacet
  facet normal -0.857943 -0.513746 0
    outer loop
      vertex -16.8285 14.96 20.9999
      vertex -16.9897 15.2292 26.9935
      vertex -16.9897 15.2292 21.0065
    endloop
  endfacet
  facet normal -0.857953 -0.513729 -0
    outer loop
      vertex -16.6709 14.6968 27.0065
      vertex -16.8285 14.96 20.9999
      vertex -16.6709 14.6968 20.9935
    endloop
  endfacet
  facet normal -0.857948 -0.513737 -5.15656e-07
    outer loop
      vertex -16.8285 14.96 20.9999
      vertex -16.6709 14.6968 27.0065
      vertex -16.9897 15.2292 26.9935
    endloop
  endfacet
  facet normal -0.858127 -0.513437 0
    outer loop
      vertex -16.6709 14.6968 20.9935
      vertex -16.5139 14.4344 26.9968
      vertex -16.6709 14.6968 27.0065
    endloop
  endfacet
  facet normal -0.858072 -0.513529 -5.42757e-06
    outer loop
      vertex -16.46 14.3444 21.0065
      vertex -16.5139 14.4344 26.9968
      vertex -16.6709 14.6968 20.9935
    endloop
  endfacet
  facet normal -0.857913 -0.513795 0
    outer loop
      vertex -16.5139 14.4344 26.9968
      vertex -16.46 14.3444 21.0065
      vertex -16.46 14.3444 26.9935
    endloop
  endfacet
  facet normal -0.606781 -0.363248 -0.707013
    outer loop
      vertex -16.4669 15.5237 0
      vertex -15.9535 14.6661 0
      vertex -16.9897 15.2292 0.599991
    endloop
  endfacet
  facet normal -0.606783 -0.363261 -0.707005
    outer loop
      vertex -15.9535 14.6661 0
      vertex -16.46 14.3444 0.599991
      vertex -16.9897 15.2292 0.599991
    endloop
  endfacet
  facet normal 0.586731 0.394831 -0.707004
    outer loop
      vertex -13.5056 16.2211 0.599991
      vertex -13.0332 15.5191 0.599991
      vertex -14.0121 15.8994 0
    endloop
  endfacet
  facet normal 0.586731 0.394833 -0.707004
    outer loop
      vertex -13.0332 15.5191 0.599991
      vertex -13.522 15.1711 0
      vertex -14.0121 15.8994 0
    endloop
  endfacet
  facet normal 0.829642 0.558295 0
    outer loop
      vertex -13.0332 15.5191 47.4
      vertex -13.5056 16.2211 0.599991
      vertex -13.5056 16.2211 47.4
    endloop
  endfacet
  facet normal 0.829642 0.558295 0
    outer loop
      vertex -13.5056 16.2211 0.599991
      vertex -13.0332 15.5191 47.4
      vertex -13.0332 15.5191 0.599991
    endloop
  endfacet
  facet normal 0.586734 0.394835 0.706999
    outer loop
      vertex -13.522 15.1711 48
      vertex -13.5056 16.2211 47.4
      vertex -14.0121 15.8994 48
    endloop
  endfacet
  facet normal 0.586736 0.394835 0.706998
    outer loop
      vertex -13.0332 15.5191 47.4
      vertex -13.5056 16.2211 47.4
      vertex -13.522 15.1711 48
    endloop
  endfacet
  facet normal -0.586703 -0.394884 0.706998
    outer loop
      vertex -15.8842 13.4889 47.4
      vertex -15.9535 14.6661 48
      vertex -16.46 14.3444 47.4
    endloop
  endfacet
  facet normal -0.586775 -0.394863 0.706949
    outer loop
      vertex -15.8842 13.4889 47.4
      vertex -15.3955 13.8369 48
      vertex -15.9535 14.6661 48
    endloop
  endfacet
  facet normal -0.829547 -0.558436 0
    outer loop
      vertex -16.2878 14.0886 36.9999
      vertex -16.46 14.3444 47.4
      vertex -16.46 14.3444 37.0065
    endloop
  endfacet
  facet normal -0.829585 -0.558381 -3.8839e-06
    outer loop
      vertex -15.8842 13.4889 47.4
      vertex -16.2878 14.0886 36.9999
      vertex -16.1165 13.8341 36.9934
    endloop
  endfacet
  facet normal -0.829639 -0.5583 -0
    outer loop
      vertex -15.8842 13.4889 47.4
      vertex -16.1165 13.8341 36.9934
      vertex -15.8842 13.4889 37.0065
    endloop
  endfacet
  facet normal -0.829596 -0.558365 -2.56041e-06
    outer loop
      vertex -16.2878 14.0886 36.9999
      vertex -15.8842 13.4889 47.4
      vertex -16.46 14.3444 47.4
    endloop
  endfacet
  facet normal -0.829566 -0.558409 0
    outer loop
      vertex -16.46 14.3444 0.599991
      vertex -16.1165 13.8341 11.0066
      vertex -16.46 14.3444 10.9935
    endloop
  endfacet
  facet normal -0.829678 -0.558242 1.1838e-05
    outer loop
      vertex -16.46 14.3444 0.599991
      vertex -15.9458 13.5804 10.997
      vertex -16.1165 13.8341 11.0066
    endloop
  endfacet
  facet normal -0.829596 -0.558365 -1.22183e-06
    outer loop
      vertex -15.8842 13.4889 0.599991
      vertex -15.9458 13.5804 10.997
      vertex -16.46 14.3444 0.599991
    endloop
  endfacet
  facet normal -0.829531 -0.55846 0
    outer loop
      vertex -15.9458 13.5804 10.997
      vertex -15.8842 13.4889 0.599991
      vertex -15.8842 13.4889 10.9935
    endloop
  endfacet
  facet normal -0.829547 -0.558436 0
    outer loop
      vertex -16.2878 14.0886 20.9999
      vertex -16.46 14.3444 26.9935
      vertex -16.46 14.3444 21.0065
    endloop
  endfacet
  facet normal -0.829585 -0.558381 -0
    outer loop
      vertex -16.1165 13.8341 27.0066
      vertex -16.2878 14.0886 20.9999
      vertex -16.1165 13.8341 20.9934
    endloop
  endfacet
  facet normal -0.829566 -0.558409 -1.72313e-06
    outer loop
      vertex -16.2878 14.0886 20.9999
      vertex -16.1165 13.8341 27.0066
      vertex -16.46 14.3444 26.9935
    endloop
  endfacet
  facet normal -0.829678 -0.558242 0
    outer loop
      vertex -16.1165 13.8341 20.9934
      vertex -15.9458 13.5804 26.997
      vertex -16.1165 13.8341 27.0066
    endloop
  endfacet
  facet normal -0.829639 -0.5583 -3.55654e-06
    outer loop
      vertex -15.8842 13.4889 21.0065
      vertex -15.9458 13.5804 26.997
      vertex -16.1165 13.8341 20.9934
    endloop
  endfacet
  facet normal -0.829531 -0.55846 0
    outer loop
      vertex -15.9458 13.5804 26.997
      vertex -15.8842 13.4889 21.0065
      vertex -15.8842 13.4889 26.9935
    endloop
  endfacet
  facet normal -0.58673 -0.394833 -0.707004
    outer loop
      vertex -15.9535 14.6661 0
      vertex -15.3955 13.8369 0
      vertex -16.46 14.3444 0.599991
    endloop
  endfacet
  facet normal -0.586738 -0.394908 -0.706955
    outer loop
      vertex -15.3955 13.8369 0
      vertex -15.8842 13.4889 0.599991
      vertex -16.46 14.3444 0.599991
    endloop
  endfacet
  facet normal 0.565046 0.425289 -0.707002
    outer loop
      vertex -13.0332 15.5191 0.599991
      vertex -12.5244 14.8431 0.599991
      vertex -13.522 15.1711 0
    endloop
  endfacet
  facet normal 0.565044 0.425354 -0.706964
    outer loop
      vertex -12.5244 14.8431 0.599991
      vertex -12.994 14.4697 0
      vertex -13.522 15.1711 0
    endloop
  endfacet
  facet normal 0.798978 0.601361 0
    outer loop
      vertex -12.5244 14.8431 47.4
      vertex -13.0332 15.5191 0.599991
      vertex -13.0332 15.5191 47.4
    endloop
  endfacet
  facet normal 0.798978 0.601361 0
    outer loop
      vertex -13.0332 15.5191 0.599991
      vertex -12.5244 14.8431 47.4
      vertex -12.5244 14.8431 0.599991
    endloop
  endfacet
  facet normal 0.565019 0.425335 0.706996
    outer loop
      vertex -12.994 14.4697 48
      vertex -13.0332 15.5191 47.4
      vertex -13.522 15.1711 48
    endloop
  endfacet
  facet normal 0.565081 0.425316 0.706958
    outer loop
      vertex -12.994 14.4697 48
      vertex -12.5244 14.8431 47.4
      vertex -13.0332 15.5191 47.4
    endloop
  endfacet
  facet normal -0.565094 -0.425312 0.70695
    outer loop
      vertex -15.2641 12.665 47.4
      vertex -15.3955 13.8369 48
      vertex -15.8842 13.4889 47.4
    endloop
  endfacet
  facet normal -0.565009 -0.425331 0.707006
    outer loop
      vertex -15.2641 12.665 47.4
      vertex -14.7944 13.0384 48
      vertex -15.3955 13.8369 48
    endloop
  endfacet
  facet normal -0.799009 -0.601319 0
    outer loop
      vertex -15.702 13.2468 37
      vertex -15.8842 13.4889 47.4
      vertex -15.8842 13.4889 37.0065
    endloop
  endfacet
  facet normal -0.798966 -0.601374 -0.0018838
    outer loop
      vertex -15.2641 12.665 37.0065
      vertex -15.702 13.2468 37
      vertex -15.5175 13.0017 36.9934
    endloop
  endfacet
  facet normal -0.798977 -0.601361 -0
    outer loop
      vertex -15.2641 12.665 47.4
      vertex -15.702 13.2468 37
      vertex -15.2641 12.665 37.0065
    endloop
  endfacet
  facet normal -0.798986 -0.601349 1.08445e-06
    outer loop
      vertex -15.702 13.2468 37
      vertex -15.2641 12.665 47.4
      vertex -15.8842 13.4889 47.4
    endloop
  endfacet
  facet normal -0.798976 -0.601364 0
    outer loop
      vertex -15.8842 13.4889 0.599991
      vertex -15.5175 13.0017 11.0066
      vertex -15.8842 13.4889 10.9935
    endloop
  endfacet
  facet normal -0.798939 -0.601412 -3.53521e-06
    outer loop
      vertex -15.8842 13.4889 0.599991
      vertex -15.3336 12.7574 10.9971
      vertex -15.5175 13.0017 11.0066
    endloop
  endfacet
  facet normal -0.798986 -0.601349 3.37552e-06
    outer loop
      vertex -15.2641 12.665 0.599991
      vertex -15.3336 12.7574 10.9971
      vertex -15.8842 13.4889 0.599991
    endloop
  endfacet
  facet normal -0.799169 -0.601106 0
    outer loop
      vertex -15.3336 12.7574 10.9971
      vertex -15.2641 12.665 0.599991
      vertex -15.2641 12.665 10.9935
    endloop
  endfacet
  facet normal -0.799009 -0.601319 0
    outer loop
      vertex -15.702 13.2468 21
      vertex -15.8842 13.4889 26.9935
      vertex -15.8842 13.4889 21.0065
    endloop
  endfacet
  facet normal -0.798943 -0.601407 -0
    outer loop
      vertex -15.5175 13.0017 27.0066
      vertex -15.702 13.2468 21
      vertex -15.5175 13.0017 20.9934
    endloop
  endfacet
  facet normal -0.798976 -0.601364 2.79608e-06
    outer loop
      vertex -15.702 13.2468 21
      vertex -15.5175 13.0017 27.0066
      vertex -15.8842 13.4889 26.9935
    endloop
  endfacet
  facet normal -0.798939 -0.601412 0
    outer loop
      vertex -15.5175 13.0017 20.9934
      vertex -15.3336 12.7574 26.9971
      vertex -15.5175 13.0017 27.0066
    endloop
  endfacet
  facet normal -0.799002 -0.601328 5.34847e-06
    outer loop
      vertex -15.2641 12.665 21.0065
      vertex -15.3336 12.7574 26.9971
      vertex -15.5175 13.0017 20.9934
    endloop
  endfacet
  facet normal -0.799169 -0.601106 0
    outer loop
      vertex -15.3336 12.7574 26.9971
      vertex -15.2641 12.665 21.0065
      vertex -15.2641 12.665 26.9935
    endloop
  endfacet
  facet normal -0.565051 -0.425362 -0.706954
    outer loop
      vertex -15.3955 13.8369 0
      vertex -14.7944 13.0384 0
      vertex -15.8842 13.4889 0.599991
    endloop
  endfacet
  facet normal -0.565046 -0.425276 -0.707011
    outer loop
      vertex -14.7944 13.0384 0
      vertex -15.2641 12.665 0.599991
      vertex -15.8842 13.4889 0.599991
    endloop
  endfacet
  facet normal 0.541785 0.454608 -0.706966
    outer loop
      vertex -12.5244 14.8431 0.599991
      vertex -11.9805 14.1949 0.599991
      vertex -12.994 14.4697 0
    endloop
  endfacet
  facet normal 0.541785 0.454616 -0.706961
    outer loop
      vertex -11.9805 14.1949 0.599991
      vertex -12.4297 13.7972 0
      vertex -12.994 14.4697 0
    endloop
  endfacet
  facet normal 0.766047 0.642785 0
    outer loop
      vertex -11.9805 14.1949 47.4
      vertex -12.5244 14.8431 0.599991
      vertex -12.5244 14.8431 47.4
    endloop
  endfacet
  facet normal 0.766047 0.642785 0
    outer loop
      vertex -12.5244 14.8431 0.599991
      vertex -11.9805 14.1949 47.4
      vertex -11.9805 14.1949 0.599991
    endloop
  endfacet
  facet normal 0.541785 0.454616 0.70696
    outer loop
      vertex -12.4297 13.7972 48
      vertex -12.5244 14.8431 47.4
      vertex -12.994 14.4697 48
    endloop
  endfacet
  facet normal 0.541793 0.454614 0.706956
    outer loop
      vertex -12.4297 13.7972 48
      vertex -11.9805 14.1949 47.4
      vertex -12.5244 14.8431 47.4
    endloop
  endfacet
  facet normal -0.541749 -0.454589 0.707005
    outer loop
      vertex -14.6012 11.875 47.4
      vertex -14.7944 13.0384 48
      vertex -15.2641 12.665 47.4
    endloop
  endfacet
  facet normal -0.541756 -0.454588 0.707001
    outer loop
      vertex -14.6012 11.875 47.4
      vertex -14.1519 12.2727 48
      vertex -14.7944 13.0384 48
    endloop
  endfacet
  facet normal -0.766069 -0.642759 0
    outer loop
      vertex -15.0728 12.437 37.0001
      vertex -15.2641 12.665 47.4
      vertex -15.2641 12.665 37.0065
    endloop
  endfacet
  facet normal -0.766027 -0.642809 -5.78909e-05
    outer loop
      vertex -14.6012 11.875 37.0066
      vertex -15.0728 12.437 37.0001
      vertex -14.8756 12.202 36.9934
    endloop
  endfacet
  facet normal -0.766027 -0.642808 -0
    outer loop
      vertex -14.6012 11.875 47.4
      vertex -15.0728 12.437 37.0001
      vertex -14.6012 11.875 37.0066
    endloop
  endfacet
  facet normal -0.766039 -0.642794 1.32398e-06
    outer loop
      vertex -15.0728 12.437 37.0001
      vertex -14.6012 11.875 47.4
      vertex -15.2641 12.665 47.4
    endloop
  endfacet
  facet normal -0.766047 -0.642785 0
    outer loop
      vertex -15.2641 12.665 0.599991
      vertex -14.8756 12.202 11.0066
      vertex -15.2641 12.665 10.9935
    endloop
  endfacet
  facet normal -0.766046 -0.642786 -7.84041e-08
    outer loop
      vertex -15.2641 12.665 0.599991
      vertex -14.679 11.9677 10.9972
      vertex -14.8756 12.202 11.0066
    endloop
  endfacet
  facet normal -0.766039 -0.642794 -1.04174e-06
    outer loop
      vertex -14.6012 11.875 0.599991
      vertex -14.679 11.9677 10.9972
      vertex -15.2641 12.665 0.599991
    endloop
  endfacet
  facet normal -0.765982 -0.642863 0
    outer loop
      vertex -14.679 11.9677 10.9972
      vertex -14.6012 11.875 0.599991
      vertex -14.6012 11.875 10.9934
    endloop
  endfacet
  facet normal -0.766069 -0.642759 0
    outer loop
      vertex -15.0728 12.437 21.0001
      vertex -15.2641 12.665 26.9935
      vertex -15.2641 12.665 21.0065
    endloop
  endfacet
  facet normal -0.766026 -0.64281 -0
    outer loop
      vertex -14.8756 12.202 27.0066
      vertex -15.0728 12.437 21.0001
      vertex -14.8756 12.202 20.9934
    endloop
  endfacet
  facet normal -0.766047 -0.642785 1.68215e-06
    outer loop
      vertex -15.0728 12.437 21.0001
      vertex -14.8756 12.202 27.0066
      vertex -15.2641 12.665 26.9935
    endloop
  endfacet
  facet normal -0.766046 -0.642786 0
    outer loop
      vertex -14.8756 12.202 20.9934
      vertex -14.679 11.9677 26.9972
      vertex -14.8756 12.202 27.0066
    endloop
  endfacet
  facet normal -0.766028 -0.642807 -1.45378e-06
    outer loop
      vertex -14.6012 11.875 21.0066
      vertex -14.679 11.9677 26.9972
      vertex -14.8756 12.202 20.9934
    endloop
  endfacet
  facet normal -0.765982 -0.642863 0
    outer loop
      vertex -14.679 11.9677 26.9972
      vertex -14.6012 11.875 21.0066
      vertex -14.6012 11.875 26.9934
    endloop
  endfacet
  facet normal -0.541748 -0.454582 -0.707011
    outer loop
      vertex -14.7944 13.0384 0
      vertex -14.1519 12.2727 0
      vertex -15.2641 12.665 0.599991
    endloop
  endfacet
  facet normal -0.541748 -0.454589 -0.707006
    outer loop
      vertex -14.1519 12.2727 0
      vertex -14.6012 11.875 0.599991
      vertex -15.2641 12.665 0.599991
    endloop
  endfacet
  facet normal 0.516984 0.48263 -0.706962
    outer loop
      vertex -11.9805 14.1949 0.599991
      vertex -11.4031 13.5764 0.599991
      vertex -12.4297 13.7972 0
    endloop
  endfacet
  facet normal 0.516989 0.482588 -0.706987
    outer loop
      vertex -11.4031 13.5764 0.599991
      vertex -11.8307 13.1555 0
      vertex -12.4297 13.7972 0
    endloop
  endfacet
  facet normal 0.730977 0.682402 0
    outer loop
      vertex -11.4031 13.5764 47.4
      vertex -11.9805 14.1949 0.599991
      vertex -11.9805 14.1949 47.4
    endloop
  endfacet
  facet normal 0.730977 0.682402 0
    outer loop
      vertex -11.9805 14.1949 0.599991
      vertex -11.4031 13.5764 47.4
      vertex -11.4031 13.5764 0.599991
    endloop
  endfacet
  facet normal 0.517011 0.482608 0.706958
    outer loop
      vertex -11.8307 13.1555 48
      vertex -11.9805 14.1949 47.4
      vertex -12.4297 13.7972 48
    endloop
  endfacet
  facet normal 0.51697 0.482616 0.706982
    outer loop
      vertex -11.8307 13.1555 48
      vertex -11.4031 13.5764 47.4
      vertex -11.9805 14.1949 47.4
    endloop
  endfacet
  facet normal -0.516959 -0.482601 0.707
    outer loop
      vertex -13.8975 11.1212 47.4
      vertex -14.1519 12.2727 48
      vertex -14.6012 11.875 47.4
    endloop
  endfacet
  facet normal -0.516988 -0.482597 0.706982
    outer loop
      vertex -13.8975 11.1212 47.4
      vertex -13.4699 11.5421 48
      vertex -14.1519 12.2727 48
    endloop
  endfacet
  facet normal -0.730987 -0.682391 0
    outer loop
      vertex -14.4018 11.6614 37.0001
      vertex -14.6012 11.875 47.4
      vertex -14.6012 11.875 37.0066
    endloop
  endfacet
  facet normal -0.730979 -0.6824 2.87977e-05
    outer loop
      vertex -13.8975 11.1212 37.0066
      vertex -14.4018 11.6614 37.0001
      vertex -14.1925 11.4372 36.9934
    endloop
  endfacet
  facet normal -0.730979 -0.6824 3.3821e-07
    outer loop
      vertex -14.4018 11.6614 37.0001
      vertex -13.8975 11.1212 37.0066
      vertex -14.6012 11.875 47.4
    endloop
  endfacet
  facet normal -0.730981 -0.682398 0
    outer loop
      vertex -14.6012 11.875 47.4
      vertex -13.8975 11.1212 37.0066
      vertex -13.8975 11.1212 47.4
    endloop
  endfacet
  facet normal -0.730983 -0.682396 0
    outer loop
      vertex -14.6012 11.875 0.599991
      vertex -14.1925 11.4372 11.0066
      vertex -14.6012 11.875 10.9934
    endloop
  endfacet
  facet normal -0.730882 -0.682504 -8.56618e-06
    outer loop
      vertex -14.6012 11.875 0.599991
      vertex -13.9837 11.2136 10.9973
      vertex -14.1925 11.4372 11.0066
    endloop
  endfacet
  facet normal -0.730981 -0.682398 4.1336e-06
    outer loop
      vertex -13.8975 11.1212 0.599991
      vertex -13.9837 11.2136 10.9973
      vertex -14.6012 11.875 0.599991
    endloop
  endfacet
  facet normal -0.731213 -0.682149 0
    outer loop
      vertex -13.9837 11.2136 10.9973
      vertex -13.8975 11.1212 0.599991
      vertex -13.8975 11.1212 10.9934
    endloop
  endfacet
  facet normal -0.730987 -0.682391 0
    outer loop
      vertex -14.4018 11.6614 21.0001
      vertex -14.6012 11.875 26.9934
      vertex -14.6012 11.875 21.0066
    endloop
  endfacet
  facet normal -0.730979 -0.6824 -0
    outer loop
      vertex -14.1925 11.4372 27.0066
      vertex -14.4018 11.6614 21.0001
      vertex -14.1925 11.4372 20.9934
    endloop
  endfacet
  facet normal -0.730983 -0.682396 2.78291e-07
    outer loop
      vertex -14.4018 11.6614 21.0001
      vertex -14.1925 11.4372 27.0066
      vertex -14.6012 11.875 26.9934
    endloop
  endfacet
  facet normal -0.730881 -0.682505 0
    outer loop
      vertex -14.1925 11.4372 20.9934
      vertex -13.9837 11.2136 26.9973
      vertex -14.1925 11.4372 27.0066
    endloop
  endfacet
  facet normal -0.730978 -0.682401 7.25468e-06
    outer loop
      vertex -13.8975 11.1212 21.0066
      vertex -13.9837 11.2136 26.9973
      vertex -14.1925 11.4372 20.9934
    endloop
  endfacet
  facet normal -0.731213 -0.682149 0
    outer loop
      vertex -13.9837 11.2136 26.9973
      vertex -13.8975 11.1212 21.0066
      vertex -13.8975 11.1212 26.9934
    endloop
  endfacet
  facet normal -0.51697 -0.482581 -0.707006
    outer loop
      vertex -14.1519 12.2727 0
      vertex -13.4699 11.5421 0
      vertex -14.6012 11.875 0.599991
    endloop
  endfacet
  facet normal -0.516969 -0.482609 -0.706988
    outer loop
      vertex -13.4699 11.5421 0
      vertex -13.8975 11.1212 0.599991
      vertex -14.6012 11.875 0.599991
    endloop
  endfacet
  facet normal 0.49072 0.509276 -0.706988
    outer loop
      vertex -11.4031 13.5764 0.599991
      vertex -10.7938 12.9893 0.599991
      vertex -11.8307 13.1555 0
    endloop
  endfacet
  facet normal 0.490724 0.509254 -0.707
    outer loop
      vertex -10.7938 12.9893 0.599991
      vertex -11.1986 12.5464 0
      vertex -11.8307 13.1555 0
    endloop
  endfacet
  facet normal 0.693866 0.720104 -0
    outer loop
      vertex -10.7938 12.9893 0.599991
      vertex -11.4031 13.5764 47.4
      vertex -10.7938 12.9893 47.4
    endloop
  endfacet
  facet normal 0.693866 0.720104 0
    outer loop
      vertex -11.4031 13.5764 47.4
      vertex -10.7938 12.9893 0.599991
      vertex -11.4031 13.5764 0.599991
    endloop
  endfacet
  facet normal 0.490737 0.509267 0.706983
    outer loop
      vertex -11.1986 12.5464 48
      vertex -11.4031 13.5764 47.4
      vertex -11.8307 13.1555 48
    endloop
  endfacet
  facet normal 0.490715 0.50927 0.706995
    outer loop
      vertex -11.1986 12.5464 48
      vertex -10.7938 12.9893 47.4
      vertex -11.4031 13.5764 47.4
    endloop
  endfacet
  facet normal -0.490743 -0.509261 0.706983
    outer loop
      vertex -13.155 10.4057 47.4
      vertex -13.4699 11.5421 48
      vertex -13.8975 11.1212 47.4
    endloop
  endfacet
  facet normal -0.490723 -0.509263 0.706995
    outer loop
      vertex -13.155 10.4057 47.4
      vertex -12.7502 10.8486 48
      vertex -13.4699 11.5421 48
    endloop
  endfacet
  facet normal -0.693893 -0.720078 0
    outer loop
      vertex -13.8975 11.1212 47.4
      vertex -13.155 10.4057 37.0066
      vertex -13.155 10.4057 47.4
    endloop
  endfacet
  facet normal -0.69391 -0.720062 0
    outer loop
      vertex -13.691 10.9222 37.0002
      vertex -13.8975 11.1212 47.4
      vertex -13.8975 11.1212 37.0066
    endloop
  endfacet
  facet normal -0.693887 -0.720084 8.71754e-07
    outer loop
      vertex -13.8975 11.1212 47.4
      vertex -13.691 10.9222 37.0002
      vertex -13.155 10.4057 37.0066
    endloop
  endfacet
  facet normal -0.693901 -0.720065 0.00275368
    outer loop
      vertex -13.155 10.4057 37.0066
      vertex -13.691 10.9222 37.0002
      vertex -13.4701 10.7093 36.9933
    endloop
  endfacet
  facet normal -0.693922 -0.72005 -0.000474485
    outer loop
      vertex -13.8975 11.1212 10.9934
      vertex -13.2498 10.497 10.9974
      vertex -13.4701 10.7093 11.0067
    endloop
  endfacet
  facet normal -0.693924 -0.720049 0
    outer loop
      vertex -13.8975 11.1212 0.599991
      vertex -13.2498 10.497 10.9974
      vertex -13.8975 11.1212 10.9934
    endloop
  endfacet
  facet normal -0.693893 -0.720078 -3.65165e-06
    outer loop
      vertex -13.155 10.4057 0.599991
      vertex -13.2498 10.497 10.9974
      vertex -13.8975 11.1212 0.599991
    endloop
  endfacet
  facet normal -0.693685 -0.720278 0
    outer loop
      vertex -13.2498 10.497 10.9974
      vertex -13.155 10.4057 0.599991
      vertex -13.155 10.4057 10.9934
    endloop
  endfacet
  facet normal -0.69393 -0.720043 -1.33381e-06
    outer loop
      vertex -13.691 10.9222 21.0002
      vertex -13.4701 10.7093 27.0067
      vertex -13.8975 11.1212 26.9934
    endloop
  endfacet
  facet normal -0.693912 -0.72006 -2.60796e-06
    outer loop
      vertex -13.4701 10.7093 27.0067
      vertex -13.691 10.9222 21.0002
      vertex -13.2498 10.497 26.9974
    endloop
  endfacet
  facet normal -0.693949 -0.720025 2.60284e-06
    outer loop
      vertex -13.4701 10.7093 20.9933
      vertex -13.2498 10.497 26.9974
      vertex -13.691 10.9222 21.0002
    endloop
  endfacet
  facet normal -0.69391 -0.720062 0
    outer loop
      vertex -13.691 10.9222 21.0002
      vertex -13.8975 11.1212 26.9934
      vertex -13.8975 11.1212 21.0066
    endloop
  endfacet
  facet normal -0.693844 -0.720126 -4.82254e-06
    outer loop
      vertex -13.155 10.4057 21.0066
      vertex -13.2498 10.497 26.9974
      vertex -13.4701 10.7093 20.9933
    endloop
  endfacet
  facet normal -0.693685 -0.720278 0
    outer loop
      vertex -13.2498 10.497 26.9974
      vertex -13.155 10.4057 21.0066
      vertex -13.155 10.4057 26.9934
    endloop
  endfacet
  facet normal -0.490728 -0.509268 -0.706988
    outer loop
      vertex -13.4699 11.5421 0
      vertex -12.7502 10.8486 0
      vertex -13.8975 11.1212 0.599991
    endloop
  endfacet
  facet normal -0.49073 -0.509249 -0.707
    outer loop
      vertex -12.7502 10.8486 0
      vertex -13.155 10.4057 0.599991
      vertex -13.8975 11.1212 0.599991
    endloop
  endfacet
  facet normal 0.463153 0.534453 -0.707
    outer loop
      vertex -10.7938 12.9893 0.599991
      vertex -10.1544 12.4352 0.599991
      vertex -11.1986 12.5464 0
    endloop
  endfacet
  facet normal 0.463154 0.534452 -0.707001
    outer loop
      vertex -10.1544 12.4352 0.599991
      vertex -10.5352 11.9715 0
      vertex -11.1986 12.5464 0
    endloop
  endfacet
  facet normal 0.654899 0.755716 -0
    outer loop
      vertex -10.1544 12.4352 0.599991
      vertex -10.7938 12.9893 47.4
      vertex -10.1544 12.4352 47.4
    endloop
  endfacet
  facet normal 0.654899 0.755716 0
    outer loop
      vertex -10.7938 12.9893 47.4
      vertex -10.1544 12.4352 0.599991
      vertex -10.7938 12.9893 0.599991
    endloop
  endfacet
  facet normal 0.463158 0.534456 0.706995
    outer loop
      vertex -10.5352 11.9715 48
      vertex -10.7938 12.9893 47.4
      vertex -11.1986 12.5464 48
    endloop
  endfacet
  facet normal 0.463156 0.534456 0.706996
    outer loop
      vertex -10.5352 11.9715 48
      vertex -10.1544 12.4352 47.4
      vertex -10.7938 12.9893 47.4
    endloop
  endfacet
  facet normal -0.463147 -0.534466 0.706995
    outer loop
      vertex -12.3757 9.73039 47.4
      vertex -12.7502 10.8486 48
      vertex -13.155 10.4057 47.4
    endloop
  endfacet
  facet normal -0.463138 -0.534466 0.707
    outer loop
      vertex -12.3757 9.73039 47.4
      vertex -11.9949 10.1941 48
      vertex -12.7502 10.8486 48
    endloop
  endfacet
  facet normal -0.654884 -0.755729 0
    outer loop
      vertex -13.155 10.4057 47.4
      vertex -12.3757 9.73039 37.0066
      vertex -12.3757 9.73039 47.4
    endloop
  endfacet
  facet normal -0.654876 -0.755736 0
    outer loop
      vertex -12.9422 10.2213 37.0002
      vertex -13.155 10.4057 47.4
      vertex -13.155 10.4057 37.0066
    endloop
  endfacet
  facet normal -0.654887 -0.755726 -3.9089e-07
    outer loop
      vertex -13.155 10.4057 47.4
      vertex -12.9422 10.2213 37.0002
      vertex -12.3757 9.73039 37.0066
    endloop
  endfacet
  facet normal -0.654841 -0.755746 -0.00556932
    outer loop
      vertex -12.3757 9.73039 37.0066
      vertex -12.9422 10.2213 37.0002
      vertex -12.7104 10.0205 36.9933
    endloop
  endfacet
  facet normal -0.65488 -0.755722 0.00417661
    outer loop
      vertex -13.155 10.4057 10.9934
      vertex -12.4792 9.8201 10.9975
      vertex -12.7104 10.0205 11.0067
    endloop
  endfacet
  facet normal -0.654871 -0.755741 0
    outer loop
      vertex -13.155 10.4057 0.599991
      vertex -12.4792 9.8201 10.9975
      vertex -13.155 10.4057 10.9934
    endloop
  endfacet
  facet normal -0.654884 -0.755729 1.53127e-06
    outer loop
      vertex -12.3757 9.73039 0.599991
      vertex -12.4792 9.8201 10.9975
      vertex -13.155 10.4057 0.599991
    endloop
  endfacet
  facet normal -0.654972 -0.755653 0
    outer loop
      vertex -12.4792 9.8201 10.9975
      vertex -12.3757 9.73039 0.599991
      vertex -12.3757 9.73039 10.9934
    endloop
  endfacet
  facet normal -0.654814 -0.75579 3.87613e-06
    outer loop
      vertex -12.9422 10.2213 21.0002
      vertex -12.7104 10.0205 27.0067
      vertex -13.155 10.4057 26.9934
    endloop
  endfacet
  facet normal -0.65498 -0.755646 1.50821e-05
    outer loop
      vertex -12.7104 10.0205 27.0067
      vertex -12.9422 10.2213 21.0002
      vertex -12.4792 9.8201 26.9975
    endloop
  endfacet
  facet normal -0.654978 -0.755648 -1.68714e-07
    outer loop
      vertex -12.3757 9.73039 21.0066
      vertex -12.4792 9.8201 26.9975
      vertex -12.7104 10.0205 20.9933
    endloop
  endfacet
  facet normal -0.654876 -0.755736 0
    outer loop
      vertex -12.9422 10.2213 21.0002
      vertex -13.155 10.4057 26.9934
      vertex -13.155 10.4057 21.0066
    endloop
  endfacet
  facet normal -0.654757 -0.755839 -1.50585e-05
    outer loop
      vertex -12.4792 9.8201 26.9975
      vertex -12.9422 10.2213 21.0002
      vertex -12.7104 10.0205 20.9933
    endloop
  endfacet
  facet normal -0.654972 -0.755653 0
    outer loop
      vertex -12.4792 9.8201 26.9975
      vertex -12.3757 9.73039 21.0066
      vertex -12.3757 9.73039 26.9934
    endloop
  endfacet
  facet normal -0.463138 -0.534466 -0.707
    outer loop
      vertex -12.7502 10.8486 0
      vertex -11.9949 10.1941 0
      vertex -13.155 10.4057 0.599991
    endloop
  endfacet
  facet normal -0.46314 -0.534458 -0.707005
    outer loop
      vertex -11.9949 10.1941 0
      vertex -12.3757 9.73039 0.599991
      vertex -13.155 10.4057 0.599991
    endloop
  endfacet
  facet normal 0.43421 0.558221 -0.707001
    outer loop
      vertex -10.1544 12.4352 0.599991
      vertex -9.48653 11.9157 0.599991
      vertex -10.5352 11.9715 0
    endloop
  endfacet
  facet normal 0.434212 0.558216 -0.707004
    outer loop
      vertex -9.48653 11.9157 0.599991
      vertex -9.84227 11.4325 0
      vertex -10.5352 11.9715 0
    endloop
  endfacet
  facet normal 0.613974 0.789326 -0
    outer loop
      vertex -9.48653 11.9157 0.599991
      vertex -10.1544 12.4352 47.4
      vertex -9.48653 11.9157 47.4
    endloop
  endfacet
  facet normal 0.613974 0.789326 0
    outer loop
      vertex -10.1544 12.4352 47.4
      vertex -9.48653 11.9157 0.599991
      vertex -10.1544 12.4352 0.599991
    endloop
  endfacet
  facet normal 0.434217 0.558223 0.706996
    outer loop
      vertex -9.84227 11.4325 48
      vertex -10.1544 12.4352 47.4
      vertex -10.5352 11.9715 48
    endloop
  endfacet
  facet normal 0.434211 0.558223 0.706999
    outer loop
      vertex -9.84227 11.4325 48
      vertex -9.48653 11.9157 47.4
      vertex -10.1544 12.4352 47.4
    endloop
  endfacet
  facet normal -0.434208 -0.558224 0.707001
    outer loop
      vertex -11.5617 9.09723 47.4
      vertex -11.9949 10.1941 48
      vertex -12.3757 9.73039 47.4
    endloop
  endfacet
  facet normal -0.434254 -0.558226 0.70697
    outer loop
      vertex -11.5617 9.09723 47.4
      vertex -11.206 9.5804 48
      vertex -11.9949 10.1941 48
    endloop
  endfacet
  facet normal -0.61397 -0.789329 1.02567e-07
    outer loop
      vertex -12.1577 9.56082 37.0003
      vertex -11.5617 9.09723 47.4
      vertex -12.3757 9.73039 47.4
    endloop
  endfacet
  facet normal -0.613973 -0.789327 0
    outer loop
      vertex -12.1577 9.56082 37.0003
      vertex -12.3757 9.73039 47.4
      vertex -12.3757 9.73039 37.0066
    endloop
  endfacet
  facet normal -0.613969 -0.78933 -0
    outer loop
      vertex -11.5617 9.09723 47.4
      vertex -12.1577 9.56082 37.0003
      vertex -11.5617 9.09723 37.0066
    endloop
  endfacet
  facet normal -0.613955 -0.789339 -0.0019811
    outer loop
      vertex -11.5617 9.09723 37.0066
      vertex -12.1577 9.56082 37.0003
      vertex -11.9156 9.37253 36.9933
    endloop
  endfacet
  facet normal -0.614007 -0.789292 0.00364848
    outer loop
      vertex -12.3757 9.73039 10.9934
      vertex -11.6741 9.18462 10.9976
      vertex -11.9156 9.37253 11.0067
    endloop
  endfacet
  facet normal -0.613997 -0.789308 0
    outer loop
      vertex -12.3757 9.73039 0.599991
      vertex -11.6741 9.18462 10.9976
      vertex -12.3757 9.73039 10.9934
    endloop
  endfacet
  facet normal -0.61397 -0.789329 -2.95861e-06
    outer loop
      vertex -11.5617 9.09723 0.599991
      vertex -11.6741 9.18462 10.9976
      vertex -12.3757 9.73039 0.599991
    endloop
  endfacet
  facet normal -0.6138 -0.789462 0
    outer loop
      vertex -11.6741 9.18462 10.9976
      vertex -11.5617 9.09723 0.599991
      vertex -11.5617 9.09723 10.9934
    endloop
  endfacet
  facet normal -0.613945 -0.789348 1.62341e-06
    outer loop
      vertex -12.1577 9.56082 21.0003
      vertex -11.9156 9.37253 27.0067
      vertex -12.3757 9.73039 26.9934
    endloop
  endfacet
  facet normal -0.61392 -0.789368 0
    outer loop
      vertex -11.9156 9.37253 20.9933
      vertex -11.9156 9.37253 27.0067
      vertex -12.1577 9.56082 21.0003
    endloop
  endfacet
  facet normal -0.614002 -0.789304 -6.10065e-06
    outer loop
      vertex -11.5617 9.09723 21.0066
      vertex -11.6741 9.18462 26.9976
      vertex -11.9156 9.37253 20.9933
    endloop
  endfacet
  facet normal -0.613973 -0.789327 0
    outer loop
      vertex -12.1577 9.56082 21.0003
      vertex -12.3757 9.73039 26.9934
      vertex -12.3757 9.73039 21.0066
    endloop
  endfacet
  facet normal -0.614097 -0.789231 -0
    outer loop
      vertex -11.9156 9.37253 27.0067
      vertex -11.9156 9.37253 20.9933
      vertex -11.6741 9.18462 26.9976
    endloop
  endfacet
  facet normal -0.6138 -0.789462 0
    outer loop
      vertex -11.6741 9.18462 26.9976
      vertex -11.5617 9.09723 21.0066
      vertex -11.5617 9.09723 26.9934
    endloop
  endfacet
  facet normal -0.434232 -0.558198 -0.707006
    outer loop
      vertex -11.9949 10.1941 0
      vertex -11.206 9.5804 0
      vertex -12.3757 9.73039 0.599991
    endloop
  endfacet
  facet normal -0.434223 -0.558243 -0.706976
    outer loop
      vertex -11.206 9.5804 0
      vertex -11.5617 9.09723 0.599991
      vertex -12.3757 9.73039 0.599991
    endloop
  endfacet
  facet normal 0.404113 0.580376 -0.707005
    outer loop
      vertex -9.48653 11.9157 0.599991
      vertex -8.79214 11.4322 0.599991
      vertex -9.84227 11.4325 0
    endloop
  endfacet
  facet normal 0.404104 0.5804 -0.70699
    outer loop
      vertex -8.79214 11.4322 0.599991
      vertex -9.12184 10.9309 0
      vertex -9.84227 11.4325 0
    endloop
  endfacet
  facet normal 0.57142 0.820658 -0
    outer loop
      vertex -8.79214 11.4322 0.599991
      vertex -9.48653 11.9157 47.4
      vertex -8.79214 11.4322 47.4
    endloop
  endfacet
  facet normal 0.57142 0.820658 0
    outer loop
      vertex -9.48653 11.9157 47.4
      vertex -8.79214 11.4322 0.599991
      vertex -9.48653 11.9157 0.599991
    endloop
  endfacet
  facet normal 0.404099 0.580393 0.707
    outer loop
      vertex -9.12184 10.9309 48
      vertex -9.48653 11.9157 47.4
      vertex -9.84227 11.4325 48
    endloop
  endfacet
  facet normal 0.404124 0.580393 0.706985
    outer loop
      vertex -9.12184 10.9309 48
      vertex -8.79214 11.4322 47.4
      vertex -9.48653 11.9157 47.4
    endloop
  endfacet
  facet normal -0.404078 -0.580442 0.706971
    outer loop
      vertex -11.5617 9.09723 47.4
      vertex -10.9097 8.93273 47.6376
      vertex -11.206 9.5804 48
    endloop
  endfacet
  facet normal -0.404079 -0.580417 0.706991
    outer loop
      vertex -10.9097 8.93273 47.6376
      vertex -11.5617 9.09723 47.4
      vertex -11.1467 8.80953 47.401
    endloop
  endfacet
  facet normal -0.402121 -0.57758 0.710423
    outer loop
      vertex -11.1467 8.80953 47.401
      vertex -11.5617 9.09723 47.4
      vertex -11.1467 8.8083 47.4
    endloop
  endfacet
  facet normal -0.404013 -0.5806 0.706879
    outer loop
      vertex -10.3857 9.00928 48
      vertex -10.824 8.97727 47.7232
      vertex -10.4782 8.86862 47.8316
    endloop
  endfacet
  facet normal -0.404314 -0.580464 0.706818
    outer loop
      vertex -10.824 8.97727 47.7232
      vertex -11.206 9.5804 48
      vertex -10.9097 8.93273 47.6376
    endloop
  endfacet
  facet normal -0.404098 -0.580406 0.70699
    outer loop
      vertex -11.206 9.5804 48
      vertex -10.824 8.97727 47.7232
      vertex -10.3857 9.00928 48
    endloop
  endfacet
  facet normal -0.571377 -0.820688 0
    outer loop
      vertex -11.5617 9.09723 37.0066
      vertex -11.1467 8.8083 47.4
      vertex -11.5617 9.09723 47.4
    endloop
  endfacet
  facet normal -0.571478 -0.820618 5.98217e-06
    outer loop
      vertex -11.3395 8.94249 37.0004
      vertex -11.1467 8.8083 47.4
      vertex -11.5617 9.09723 37.0066
    endloop
  endfacet
  facet normal -0.57126 -0.820769 -0
    outer loop
      vertex -11.1467 8.8083 47.4
      vertex -11.3395 8.94249 37.0004
      vertex -11.1467 8.8083 36.9949
    endloop
  endfacet
  facet normal -0.571377 -0.820688 0
    outer loop
      vertex -11.5617 9.09723 10.9934
      vertex -11.1467 8.8083 0.599999
      vertex -11.1467 8.8083 11.0051
    endloop
  endfacet
  facet normal -0.571377 -0.820688 0
    outer loop
      vertex -11.5617 9.09723 0.599991
      vertex -11.1467 8.8083 0.599999
      vertex -11.5617 9.09723 10.9934
    endloop
  endfacet
  facet normal -0.571377 -0.820688 -0
    outer loop
      vertex -11.1467 8.8083 0.599999
      vertex -11.5617 9.09723 0.599991
      vertex -11.1467 8.8083 0.599991
    endloop
  endfacet
  facet normal -0.571478 -0.820618 0
    outer loop
      vertex -11.3395 8.94249 21.0004
      vertex -11.5617 9.09723 26.9934
      vertex -11.5617 9.09723 21.0066
    endloop
  endfacet
  facet normal -0.571377 -0.820688 5.55565e-06
    outer loop
      vertex -11.5617 9.09723 26.9934
      vertex -11.3395 8.94249 21.0004
      vertex -11.1467 8.8083 27.0051
    endloop
  endfacet
  facet normal -0.57126 -0.820769 -0
    outer loop
      vertex -11.1467 8.8083 27.0051
      vertex -11.3395 8.94249 21.0004
      vertex -11.1467 8.8083 20.9949
    endloop
  endfacet
  facet normal -0.404105 -0.580416 -0.706977
    outer loop
      vertex -11.206 9.5804 0
      vertex -10.3857 9.00928 0
      vertex -11.5617 9.09723 0.599991
    endloop
  endfacet
  facet normal -0.404062 -0.58043 -0.70699
    outer loop
      vertex -10.8237 8.9769 0.276911
      vertex -10.3857 9.00928 0
      vertex -10.4783 8.86849 0.16851
    endloop
  endfacet
  facet normal -0.404163 -0.580197 -0.707124
    outer loop
      vertex -10.8237 8.9769 0.276911
      vertex -11.5617 9.09723 0.599991
      vertex -10.3857 9.00928 0
    endloop
  endfacet
  facet normal -0.404123 -0.580455 -0.706935
    outer loop
      vertex -11.5617 9.09723 0.599991
      vertex -10.8237 8.9769 0.276911
      vertex -11.1467 8.8083 0.599991
    endloop
  endfacet
  facet normal 0.372868 0.600944 -0.70699
    outer loop
      vertex -8.79214 11.4322 0.599991
      vertex -8.07317 10.9861 0.599991
      vertex -9.12184 10.9309 0
    endloop
  endfacet
  facet normal 0.372859 0.600966 -0.706977
    outer loop
      vertex -8.07317 10.9861 0.599991
      vertex -8.37591 10.4681 0
      vertex -9.12184 10.9309 0
    endloop
  endfacet
  facet normal 0.527229 0.849723 -0
    outer loop
      vertex -8.07317 10.9861 0.599991
      vertex -8.79214 11.4322 47.4
      vertex -8.07317 10.9861 47.4
    endloop
  endfacet
  facet normal 0.527229 0.849723 0
    outer loop
      vertex -8.79214 11.4322 47.4
      vertex -8.07317 10.9861 0.599991
      vertex -8.79214 11.4322 0.599991
    endloop
  endfacet
  facet normal 0.372855 0.600959 0.706985
    outer loop
      vertex -8.37591 10.4681 48
      vertex -8.79214 11.4322 47.4
      vertex -9.12184 10.9309 48
    endloop
  endfacet
  facet normal 0.372878 0.60096 0.706971
    outer loop
      vertex -8.37591 10.4681 48
      vertex -8.07317 10.9861 47.4
      vertex -8.79214 11.4322 47.4
    endloop
  endfacet
  facet normal -0.373169 -0.600886 0.706881
    outer loop
      vertex -10.283 8.81292 47.8873
      vertex -10.3857 9.00928 48
      vertex -10.4782 8.86862 47.8316
    endloop
  endfacet
  facet normal -0.3728 -0.600831 0.707122
    outer loop
      vertex -10.283 8.81292 47.8873
      vertex -9.88721 8.69998 48
      vertex -10.3857 9.00928 48
    endloop
  endfacet
  facet normal -0.37287 -0.600944 -0.706989
    outer loop
      vertex -10.3857 9.00928 0
      vertex -9.88721 8.69998 0
      vertex -10.4783 8.86849 0.16851
    endloop
  endfacet
  facet normal 0.340605 0.619817 -0.706977
    outer loop
      vertex -8.07317 10.9861 0.599991
      vertex -7.33162 10.5786 0.599991
      vertex -8.37591 10.4681 0
    endloop
  endfacet
  facet normal 0.340613 0.619798 -0.706988
    outer loop
      vertex -7.33162 10.5786 0.599991
      vertex -7.60656 10.0453 0
      vertex -8.37591 10.4681 0
    endloop
  endfacet
  facet normal 0.481599 0.876392 -0
    outer loop
      vertex -7.33162 10.5786 0.599991
      vertex -8.07317 10.9861 47.4
      vertex -7.33162 10.5786 47.4
    endloop
  endfacet
  facet normal 0.481599 0.876392 0
    outer loop
      vertex -8.07317 10.9861 47.4
      vertex -7.33162 10.5786 0.599991
      vertex -8.07317 10.9861 0.599991
    endloop
  endfacet
  facet normal 0.340621 0.619813 0.706972
    outer loop
      vertex -7.60656 10.0453 48
      vertex -8.07317 10.9861 47.4
      vertex -8.37591 10.4681 48
    endloop
  endfacet
  facet normal 0.340601 0.619811 0.706983
    outer loop
      vertex -7.60656 10.0453 48
      vertex -7.33162 10.5786 47.4
      vertex -8.07317 10.9861 47.4
    endloop
  endfacet
  facet normal 0.307339 0.636953 -0.706989
    outer loop
      vertex -7.33162 10.5786 0.599991
      vertex -6.56957 10.2109 0.599991
      vertex -7.60656 10.0453 0
    endloop
  endfacet
  facet normal 0.307318 0.636993 -0.706963
    outer loop
      vertex -6.56957 10.2109 0.599991
      vertex -6.81593 9.66386 0
      vertex -7.60656 10.0453 0
    endloop
  endfacet
  facet normal 0.434571 0.900638 -0
    outer loop
      vertex -6.56957 10.2109 0.599991
      vertex -7.33162 10.5786 47.4
      vertex -6.56957 10.2109 47.4
    endloop
  endfacet
  facet normal 0.434571 0.900638 0
    outer loop
      vertex -7.33162 10.5786 47.4
      vertex -6.56957 10.2109 0.599991
      vertex -7.33162 10.5786 0.599991
    endloop
  endfacet
  facet normal 0.307309 0.636974 0.706983
    outer loop
      vertex -6.81593 9.66386 48
      vertex -7.33162 10.5786 47.4
      vertex -7.60656 10.0453 48
    endloop
  endfacet
  facet normal 0.307353 0.636982 0.706957
    outer loop
      vertex -6.81593 9.66386 48
      vertex -6.56957 10.2109 47.4
      vertex -7.33162 10.5786 47.4
    endloop
  endfacet
  facet normal 0.27322 0.652347 -0.706961
    outer loop
      vertex -6.56957 10.2109 0.599991
      vertex -5.78915 9.88404 0.599991
      vertex -6.81593 9.66386 0
    endloop
  endfacet
  facet normal 0.273239 0.652315 -0.706983
    outer loop
      vertex -5.78915 9.88404 0.599991
      vertex -6.00624 9.3247 0
      vertex -6.81593 9.66386 0
    endloop
  endfacet
  facet normal 0.386312 0.922368 -0
    outer loop
      vertex -5.78915 9.88404 0.599991
      vertex -6.56957 10.2109 47.4
      vertex -5.78915 9.88404 47.4
    endloop
  endfacet
  facet normal 0.386312 0.922368 0
    outer loop
      vertex -6.56957 10.2109 47.4
      vertex -5.78915 9.88404 0.599991
      vertex -6.56957 10.2109 0.599991
    endloop
  endfacet
  facet normal 0.27325 0.65234 0.706956
    outer loop
      vertex -6.00624 9.3247 48
      vertex -6.56957 10.2109 47.4
      vertex -6.81593 9.66386 48
    endloop
  endfacet
  facet normal 0.273213 0.652331 0.706978
    outer loop
      vertex -6.00624 9.3247 48
      vertex -5.78915 9.88404 47.4
      vertex -6.56957 10.2109 47.4
    endloop
  endfacet
  facet normal 0.238366 0.66585 -0.706983
    outer loop
      vertex -5.78915 9.88404 0.599991
      vertex -4.99253 9.59886 0.599991
      vertex -6.00624 9.3247 0
    endloop
  endfacet
  facet normal 0.238364 0.665853 -0.706981
    outer loop
      vertex -4.99253 9.59886 0.599991
      vertex -5.17975 9.02883 0
      vertex -6.00624 9.3247 0
    endloop
  endfacet
  facet normal 0.337042 0.94149 -0
    outer loop
      vertex -4.99253 9.59886 0.599991
      vertex -5.78915 9.88404 47.4
      vertex -4.99253 9.59886 47.4
    endloop
  endfacet
  facet normal 0.337042 0.94149 0
    outer loop
      vertex -5.78915 9.88404 47.4
      vertex -4.99253 9.59886 0.599991
      vertex -5.78915 9.88404 0.599991
    endloop
  endfacet
  facet normal 0.238366 0.665856 0.706978
    outer loop
      vertex -5.17975 9.02883 48
      vertex -5.78915 9.88404 47.4
      vertex -6.00624 9.3247 48
    endloop
  endfacet
  facet normal 0.238368 0.665857 0.706976
    outer loop
      vertex -5.17975 9.02883 48
      vertex -4.99253 9.59886 47.4
      vertex -5.78915 9.88404 47.4
    endloop
  endfacet
  facet normal 0.202837 0.677521 -0.706981
    outer loop
      vertex -4.99253 9.59886 0.599991
      vertex -4.18196 9.35619 0.599991
      vertex -5.17975 9.02883 0
    endloop
  endfacet
  facet normal 0.202837 0.677522 -0.706981
    outer loop
      vertex -4.18196 9.35619 0.599991
      vertex -4.33878 8.77706 0
      vertex -5.17975 9.02883 0
    endloop
  endfacet
  facet normal 0.286805 0.957989 -0
    outer loop
      vertex -4.18196 9.35619 0.599991
      vertex -4.99253 9.59886 47.4
      vertex -4.18196 9.35619 47.4
    endloop
  endfacet
  facet normal 0.286805 0.957989 0
    outer loop
      vertex -4.99253 9.59886 47.4
      vertex -4.18196 9.35619 0.599991
      vertex -4.99253 9.59886 0.599991
    endloop
  endfacet
  facet normal 0.202838 0.677526 0.706976
    outer loop
      vertex -4.33878 8.77706 48
      vertex -4.99253 9.59886 47.4
      vertex -5.17975 9.02883 48
    endloop
  endfacet
  facet normal 0.202839 0.677527 0.706975
    outer loop
      vertex -4.33878 8.77706 48
      vertex -4.18196 9.35619 47.4
      vertex -4.99253 9.59886 47.4
    endloop
  endfacet
  facet normal 0.166729 0.687296 -0.706984
    outer loop
      vertex -3.9963 8.90986 0.209875
      vertex -4.18196 9.35619 0.599991
      vertex -3.95025 9.29998 0.599991
    endloop
  endfacet
  facet normal 0.166738 0.687297 -0.706981
    outer loop
      vertex -4.18196 9.35619 0.599991
      vertex -3.9963 8.90986 0.209875
      vertex -4.33878 8.77706 0
    endloop
  endfacet
  facet normal 0.166744 0.68729 -0.706986
    outer loop
      vertex -3.9963 8.90986 0.209875
      vertex -4.02107 8.69998 0
      vertex -4.33878 8.77706 0
    endloop
  endfacet
  facet normal 0.235739 0.971816 -0
    outer loop
      vertex -3.95028 9.29999 0.599999
      vertex -4.18196 9.35619 47.4
      vertex -3.95028 9.29999 47.4
    endloop
  endfacet
  facet normal 0.235739 0.971816 0
    outer loop
      vertex -3.95028 9.29999 0.599999
      vertex -4.18196 9.35619 0.599991
      vertex -4.18196 9.35619 47.4
    endloop
  endfacet
  facet normal 0.223828 0.922669 -0.31398
    outer loop
      vertex -4.18196 9.35619 0.599991
      vertex -3.95028 9.29999 0.599999
      vertex -3.95025 9.29998 0.599991
    endloop
  endfacet
  facet normal 0.166824 0.68728 0.706976
    outer loop
      vertex -4.33878 8.77706 48
      vertex -3.97431 9.12176 47.5789
      vertex -4.18196 9.35619 47.4
    endloop
  endfacet
  facet normal 0.166753 0.687324 0.706951
    outer loop
      vertex -3.97431 9.12176 47.5789
      vertex -4.33878 8.77706 48
      vertex -4.02107 8.69998 48
    endloop
  endfacet
  facet normal 0.16673 0.687242 0.707036
    outer loop
      vertex -3.95455 9.29999 47.401
      vertex -4.18196 9.35619 47.4
      vertex -3.97431 9.12176 47.5789
    endloop
  endfacet
  facet normal 0.166143 0.684912 0.709431
    outer loop
      vertex -4.18196 9.35619 47.4
      vertex -3.95455 9.29999 47.401
      vertex -3.95028 9.29999 47.4
    endloop
  endfacet
  facet normal -0.166727 0.687286 -0.706994
    outer loop
      vertex 4.18196 9.35619 0.599991
      vertex 3.97164 9.11874 0.418759
      vertex 3.95025 9.29998 0.599991
    endloop
  endfacet
  facet normal -0.166746 0.687296 -0.70698
    outer loop
      vertex 3.97164 9.11874 0.418759
      vertex 4.33878 8.77706 0
      vertex 4.02107 8.69998 0
    endloop
  endfacet
  facet normal -0.166748 0.687294 -0.706981
    outer loop
      vertex 4.33878 8.77706 0
      vertex 3.97164 9.11874 0.418759
      vertex 4.18196 9.35619 0.599991
    endloop
  endfacet
  facet normal -0.235739 0.971816 0
    outer loop
      vertex 4.18196 9.35619 47.4
      vertex 3.95028 9.29999 0.599999
      vertex 3.95028 9.29999 47.4
    endloop
  endfacet
  facet normal -0.235739 0.971816 0
    outer loop
      vertex 4.18196 9.35619 0.599991
      vertex 3.95028 9.29999 0.599999
      vertex 4.18196 9.35619 47.4
    endloop
  endfacet
  facet normal -0.223828 0.922669 -0.31398
    outer loop
      vertex 3.95028 9.29999 0.599999
      vertex 4.18196 9.35619 0.599991
      vertex 3.95025 9.29998 0.599991
    endloop
  endfacet
  facet normal -0.16674 0.687271 0.707006
    outer loop
      vertex 4.02107 8.69998 48
      vertex 4.33878 8.77706 48
      vertex 3.99787 8.90925 47.7911
    endloop
  endfacet
  facet normal -0.166705 0.687311 0.706975
    outer loop
      vertex 4.18196 9.35619 47.4
      vertex 3.99787 8.90925 47.7911
      vertex 4.33878 8.77706 48
    endloop
  endfacet
  facet normal -0.166748 0.687315 0.70696
    outer loop
      vertex 4.18196 9.35619 47.4
      vertex 3.95455 9.29999 47.401
      vertex 3.99787 8.90925 47.7911
    endloop
  endfacet
  facet normal -0.166143 0.684912 0.709431
    outer loop
      vertex 3.95455 9.29999 47.401
      vertex 4.18196 9.35619 47.4
      vertex 3.95028 9.29999 47.4
    endloop
  endfacet
  facet normal -0.202838 0.677521 -0.706981
    outer loop
      vertex 4.99253 9.59886 0.599991
      vertex 4.33878 8.77706 0
      vertex 4.18196 9.35619 0.599991
    endloop
  endfacet
  facet normal -0.202837 0.677521 -0.706981
    outer loop
      vertex 4.99253 9.59886 0.599991
      vertex 5.17975 9.02883 0
      vertex 4.33878 8.77706 0
    endloop
  endfacet
  facet normal -0.286805 0.957989 0
    outer loop
      vertex 4.99253 9.59886 0.599991
      vertex 4.18196 9.35619 47.4
      vertex 4.99253 9.59886 47.4
    endloop
  endfacet
  facet normal -0.286805 0.957989 0
    outer loop
      vertex 4.18196 9.35619 47.4
      vertex 4.99253 9.59886 0.599991
      vertex 4.18196 9.35619 0.599991
    endloop
  endfacet
  facet normal -0.202838 0.677527 0.706975
    outer loop
      vertex 4.33878 8.77706 48
      vertex 5.17975 9.02883 48
      vertex 4.18196 9.35619 47.4
    endloop
  endfacet
  facet normal -0.202839 0.677526 0.706976
    outer loop
      vertex 5.17975 9.02883 48
      vertex 4.99253 9.59886 47.4
      vertex 4.18196 9.35619 47.4
    endloop
  endfacet
  facet normal -0.238367 0.665852 -0.706981
    outer loop
      vertex 5.78915 9.88404 0.599991
      vertex 5.17975 9.02883 0
      vertex 4.99253 9.59886 0.599991
    endloop
  endfacet
  facet normal -0.238364 0.665851 -0.706983
    outer loop
      vertex 5.78915 9.88404 0.599991
      vertex 6.00624 9.3247 0
      vertex 5.17975 9.02883 0
    endloop
  endfacet
  facet normal -0.337042 0.94149 0
    outer loop
      vertex 5.78915 9.88404 0.599991
      vertex 4.99253 9.59886 47.4
      vertex 5.78915 9.88404 47.4
    endloop
  endfacet
  facet normal -0.337042 0.94149 0
    outer loop
      vertex 4.99253 9.59886 47.4
      vertex 5.78915 9.88404 0.599991
      vertex 4.99253 9.59886 0.599991
    endloop
  endfacet
  facet normal -0.238366 0.665858 0.706976
    outer loop
      vertex 5.17975 9.02883 48
      vertex 6.00624 9.3247 48
      vertex 4.99253 9.59886 47.4
    endloop
  endfacet
  facet normal -0.238368 0.665855 0.706978
    outer loop
      vertex 6.00624 9.3247 48
      vertex 5.78915 9.88404 47.4
      vertex 4.99253 9.59886 47.4
    endloop
  endfacet
  facet normal -0.273211 0.652327 -0.706984
    outer loop
      vertex 6.56957 10.2109 0.599991
      vertex 6.00624 9.3247 0
      vertex 5.78915 9.88404 0.599991
    endloop
  endfacet
  facet normal -0.273248 0.652335 -0.706962
    outer loop
      vertex 6.56957 10.2109 0.599991
      vertex 6.81593 9.66386 0
      vertex 6.00624 9.3247 0
    endloop
  endfacet
  facet normal -0.386312 0.922368 0
    outer loop
      vertex 6.56957 10.2109 0.599991
      vertex 5.78915 9.88404 47.4
      vertex 6.56957 10.2109 47.4
    endloop
  endfacet
  facet normal -0.386312 0.922368 0
    outer loop
      vertex 5.78915 9.88404 47.4
      vertex 6.56957 10.2109 0.599991
      vertex 5.78915 9.88404 0.599991
    endloop
  endfacet
  facet normal -0.273241 0.65232 0.706978
    outer loop
      vertex 6.00624 9.3247 48
      vertex 6.81593 9.66386 48
      vertex 5.78915 9.88404 47.4
    endloop
  endfacet
  facet normal -0.273222 0.652352 0.706956
    outer loop
      vertex 6.81593 9.66386 48
      vertex 6.56957 10.2109 47.4
      vertex 5.78915 9.88404 47.4
    endloop
  endfacet
  facet normal -0.307351 0.636977 -0.706962
    outer loop
      vertex 7.33162 10.5786 0.599991
      vertex 6.81593 9.66386 0
      vertex 6.56957 10.2109 0.599991
    endloop
  endfacet
  facet normal -0.307306 0.63697 -0.706988
    outer loop
      vertex 7.33162 10.5786 0.599991
      vertex 7.60656 10.0453 0
      vertex 6.81593 9.66386 0
    endloop
  endfacet
  facet normal -0.434571 0.900638 0
    outer loop
      vertex 7.33162 10.5786 0.599991
      vertex 6.56957 10.2109 47.4
      vertex 7.33162 10.5786 47.4
    endloop
  endfacet
  facet normal -0.434571 0.900638 0
    outer loop
      vertex 6.56957 10.2109 47.4
      vertex 7.33162 10.5786 0.599991
      vertex 6.56957 10.2109 0.599991
    endloop
  endfacet
  facet normal -0.30732 0.636997 0.706957
    outer loop
      vertex 6.81593 9.66386 48
      vertex 7.60656 10.0453 48
      vertex 6.56957 10.2109 47.4
    endloop
  endfacet
  facet normal -0.307341 0.636958 0.706984
    outer loop
      vertex 7.60656 10.0453 48
      vertex 7.33162 10.5786 47.4
      vertex 6.56957 10.2109 47.4
    endloop
  endfacet
  facet normal -0.340599 0.619806 -0.706989
    outer loop
      vertex 8.07317 10.9861 0.599991
      vertex 7.60656 10.0453 0
      vertex 7.33162 10.5786 0.599991
    endloop
  endfacet
  facet normal -0.340619 0.619809 -0.706977
    outer loop
      vertex 8.07317 10.9861 0.599991
      vertex 8.37591 10.4681 0
      vertex 7.60656 10.0453 0
    endloop
  endfacet
  facet normal -0.481599 0.876392 0
    outer loop
      vertex 8.07317 10.9861 0.599991
      vertex 7.33162 10.5786 47.4
      vertex 8.07317 10.9861 47.4
    endloop
  endfacet
  facet normal -0.481599 0.876392 0
    outer loop
      vertex 7.33162 10.5786 47.4
      vertex 8.07317 10.9861 0.599991
      vertex 7.33162 10.5786 0.599991
    endloop
  endfacet
  facet normal -0.340616 0.619803 0.706983
    outer loop
      vertex 7.60656 10.0453 48
      vertex 8.37591 10.4681 48
      vertex 7.33162 10.5786 47.4
    endloop
  endfacet
  facet normal -0.340607 0.619821 0.706971
    outer loop
      vertex 8.37591 10.4681 48
      vertex 8.07317 10.9861 47.4
      vertex 7.33162 10.5786 47.4
    endloop
  endfacet
  facet normal -0.372876 0.600956 -0.706976
    outer loop
      vertex 8.79214 11.4322 0.599991
      vertex 8.37591 10.4681 0
      vertex 8.07317 10.9861 0.599991
    endloop
  endfacet
  facet normal -0.372852 0.600954 -0.70699
    outer loop
      vertex 8.79214 11.4322 0.599991
      vertex 9.12184 10.9309 0
      vertex 8.37591 10.4681 0
    endloop
  endfacet
  facet normal -0.527229 0.849723 0
    outer loop
      vertex 8.79214 11.4322 0.599991
      vertex 8.07317 10.9861 47.4
      vertex 8.79214 11.4322 47.4
    endloop
  endfacet
  facet normal -0.527229 0.849723 0
    outer loop
      vertex 8.07317 10.9861 47.4
      vertex 8.79214 11.4322 0.599991
      vertex 8.07317 10.9861 0.599991
    endloop
  endfacet
  facet normal -0.372862 0.60097 0.706971
    outer loop
      vertex 8.37591 10.4681 48
      vertex 9.12184 10.9309 48
      vertex 8.07317 10.9861 47.4
    endloop
  endfacet
  facet normal -0.372871 0.600949 0.706985
    outer loop
      vertex 9.12184 10.9309 48
      vertex 8.79214 11.4322 47.4
      vertex 8.07317 10.9861 47.4
    endloop
  endfacet
  facet normal 0.372929 -0.601039 0.706877
    outer loop
      vertex 10.4782 8.86862 47.8316
      vertex 10.3857 9.00928 48
      vertex 9.88721 8.69998 48
    endloop
  endfacet
  facet normal 0.372823 -0.600869 -0.707078
    outer loop
      vertex 10.3857 9.00928 0
      vertex 10.283 8.8128 0.112816
      vertex 9.88721 8.69998 0
    endloop
  endfacet
  facet normal 0.372958 -0.600889 -0.706991
    outer loop
      vertex 10.3857 9.00928 0
      vertex 10.4783 8.86849 0.16851
      vertex 10.283 8.8128 0.112816
    endloop
  endfacet
  facet normal -0.404121 0.580389 -0.70699
    outer loop
      vertex 9.48653 11.9157 0.599991
      vertex 9.12184 10.9309 0
      vertex 8.79214 11.4322 0.599991
    endloop
  endfacet
  facet normal -0.404096 0.580388 -0.707005
    outer loop
      vertex 9.48653 11.9157 0.599991
      vertex 9.84227 11.4325 0
      vertex 9.12184 10.9309 0
    endloop
  endfacet
  facet normal -0.57142 0.820658 0
    outer loop
      vertex 9.48653 11.9157 0.599991
      vertex 8.79214 11.4322 47.4
      vertex 9.48653 11.9157 47.4
    endloop
  endfacet
  facet normal -0.57142 0.820658 0
    outer loop
      vertex 8.79214 11.4322 47.4
      vertex 9.48653 11.9157 0.599991
      vertex 8.79214 11.4322 0.599991
    endloop
  endfacet
  facet normal -0.404107 0.580405 0.706985
    outer loop
      vertex 9.12184 10.9309 48
      vertex 9.84227 11.4325 48
      vertex 8.79214 11.4322 47.4
    endloop
  endfacet
  facet normal -0.404116 0.58038 0.707
    outer loop
      vertex 9.84227 11.4325 48
      vertex 9.48653 11.9157 47.4
      vertex 8.79214 11.4322 47.4
    endloop
  endfacet
  facet normal 0.404112 -0.580464 0.706933
    outer loop
      vertex 11.5617 9.09723 47.4
      vertex 10.824 8.97727 47.7232
      vertex 11.1467 8.80953 47.401
    endloop
  endfacet
  facet normal 0.404013 -0.5806 0.706879
    outer loop
      vertex 10.824 8.97727 47.7232
      vertex 10.3857 9.00928 48
      vertex 10.4782 8.86862 47.8316
    endloop
  endfacet
  facet normal 0.404135 -0.580321 0.707038
    outer loop
      vertex 10.3857 9.00928 48
      vertex 10.824 8.97727 47.7232
      vertex 11.5617 9.09723 47.4
    endloop
  endfacet
  facet normal 0.402121 -0.57758 0.710423
    outer loop
      vertex 11.5617 9.09723 47.4
      vertex 11.1467 8.80953 47.401
      vertex 11.1467 8.8083 47.4
    endloop
  endfacet
  facet normal 0.404108 -0.58042 0.706972
    outer loop
      vertex 11.5617 9.09723 47.4
      vertex 11.206 9.5804 48
      vertex 10.3857 9.00928 48
    endloop
  endfacet
  facet normal 0.571377 -0.820688 0
    outer loop
      vertex 11.1467 8.8083 47.4
      vertex 11.5617 9.09723 37.0066
      vertex 11.5617 9.09723 47.4
    endloop
  endfacet
  facet normal 0.571377 -0.820688 0
    outer loop
      vertex 11.5617 9.09723 37.0066
      vertex 11.1467 8.8083 47.4
      vertex 11.1467 8.8083 36.9949
    endloop
  endfacet
  facet normal 0.57126 -0.820769 0
    outer loop
      vertex 11.1467 8.8083 0.599999
      vertex 11.3395 8.94249 10.9996
      vertex 11.1467 8.8083 11.0051
    endloop
  endfacet
  facet normal 0.571478 -0.820618 -5.98217e-06
    outer loop
      vertex 11.3395 8.94249 10.9996
      vertex 11.1467 8.8083 0.599999
      vertex 11.5617 9.09723 10.9934
    endloop
  endfacet
  facet normal 0.571377 -0.820688 0
    outer loop
      vertex 11.1467 8.8083 0.599999
      vertex 11.5617 9.09723 0.599991
      vertex 11.5617 9.09723 10.9934
    endloop
  endfacet
  facet normal 0.571377 -0.820688 0
    outer loop
      vertex 11.5617 9.09723 0.599991
      vertex 11.1467 8.8083 0.599999
      vertex 11.1467 8.8083 0.599991
    endloop
  endfacet
  facet normal 0.571478 -0.820618 0
    outer loop
      vertex 11.3395 8.94249 26.9996
      vertex 11.5617 9.09723 21.0066
      vertex 11.5617 9.09723 26.9934
    endloop
  endfacet
  facet normal 0.57126 -0.820769 0
    outer loop
      vertex 11.1467 8.8083 20.9949
      vertex 11.3395 8.94249 26.9996
      vertex 11.1467 8.8083 27.0051
    endloop
  endfacet
  facet normal 0.571377 -0.820688 -5.55565e-06
    outer loop
      vertex 11.3395 8.94249 26.9996
      vertex 11.1467 8.8083 20.9949
      vertex 11.5617 9.09723 21.0066
    endloop
  endfacet
  facet normal 0.404289 -0.580439 -0.706853
    outer loop
      vertex 10.8237 8.9769 0.276911
      vertex 11.206 9.5804 0
      vertex 10.9094 8.93213 0.362691
    endloop
  endfacet
  facet normal 0.404062 -0.58043 -0.70699
    outer loop
      vertex 10.3857 9.00928 0
      vertex 10.8237 8.9769 0.276911
      vertex 10.4783 8.86849 0.16851
    endloop
  endfacet
  facet normal 0.404082 -0.580383 -0.707017
    outer loop
      vertex 10.8237 8.9769 0.276911
      vertex 10.3857 9.00928 0
      vertex 11.206 9.5804 0
    endloop
  endfacet
  facet normal 0.404098 -0.58042 -0.706978
    outer loop
      vertex 10.9094 8.93213 0.362691
      vertex 11.5617 9.09723 0.599991
      vertex 11.1467 8.8083 0.599991
    endloop
  endfacet
  facet normal 0.404098 -0.580421 -0.706977
    outer loop
      vertex 11.5617 9.09723 0.599991
      vertex 10.9094 8.93213 0.362691
      vertex 11.206 9.5804 0
    endloop
  endfacet
  facet normal -0.434208 0.558219 -0.707005
    outer loop
      vertex 10.1544 12.4352 0.599991
      vertex 9.84227 11.4325 0
      vertex 9.48653 11.9157 0.599991
    endloop
  endfacet
  facet normal -0.434214 0.558218 -0.707001
    outer loop
      vertex 10.1544 12.4352 0.599991
      vertex 10.5352 11.9715 0
      vertex 9.84227 11.4325 0
    endloop
  endfacet
  facet normal -0.613974 0.789326 0
    outer loop
      vertex 10.1544 12.4352 0.599991
      vertex 9.48653 11.9157 47.4
      vertex 10.1544 12.4352 47.4
    endloop
  endfacet
  facet normal -0.613974 0.789326 0
    outer loop
      vertex 9.48653 11.9157 47.4
      vertex 10.1544 12.4352 0.599991
      vertex 9.48653 11.9157 0.599991
    endloop
  endfacet
  facet normal -0.434215 0.55822 0.706999
    outer loop
      vertex 9.84227 11.4325 48
      vertex 10.5352 11.9715 48
      vertex 9.48653 11.9157 47.4
    endloop
  endfacet
  facet normal -0.434213 0.558225 0.706996
    outer loop
      vertex 10.5352 11.9715 48
      vertex 10.1544 12.4352 47.4
      vertex 9.48653 11.9157 47.4
    endloop
  endfacet
  facet normal 0.434226 -0.558247 0.706971
    outer loop
      vertex 11.5617 9.09723 47.4
      vertex 12.3757 9.73039 47.4
      vertex 11.206 9.5804 48
    endloop
  endfacet
  facet normal 0.434235 -0.558202 0.707001
    outer loop
      vertex 12.3757 9.73039 47.4
      vertex 11.9949 10.1941 48
      vertex 11.206 9.5804 48
    endloop
  endfacet
  facet normal 0.6138 -0.789462 0
    outer loop
      vertex 11.6741 9.18462 37.0024
      vertex 11.5617 9.09723 47.4
      vertex 11.5617 9.09723 37.0066
    endloop
  endfacet
  facet normal 0.61397 -0.789329 2.95862e-06
    outer loop
      vertex 11.5617 9.09723 47.4
      vertex 11.6741 9.18462 37.0024
      vertex 12.3757 9.73039 47.4
    endloop
  endfacet
  facet normal 0.613997 -0.789308 0
    outer loop
      vertex 12.3757 9.73039 47.4
      vertex 11.6741 9.18462 37.0024
      vertex 12.3757 9.73039 37.0066
    endloop
  endfacet
  facet normal 0.614007 -0.789292 -0.00364848
    outer loop
      vertex 12.3757 9.73039 37.0066
      vertex 11.6741 9.18462 37.0024
      vertex 11.9156 9.37253 36.9933
    endloop
  endfacet
  facet normal 0.613955 -0.789339 0.0019811
    outer loop
      vertex 11.5617 9.09723 10.9934
      vertex 12.1577 9.56082 10.9997
      vertex 11.9156 9.37253 11.0067
    endloop
  endfacet
  facet normal 0.613969 -0.78933 0
    outer loop
      vertex 11.5617 9.09723 0.599991
      vertex 12.1577 9.56082 10.9997
      vertex 11.5617 9.09723 10.9934
    endloop
  endfacet
  facet normal 0.61397 -0.789329 -1.02566e-07
    outer loop
      vertex 12.3757 9.73039 0.599991
      vertex 12.1577 9.56082 10.9997
      vertex 11.5617 9.09723 0.599991
    endloop
  endfacet
  facet normal 0.613973 -0.789327 0
    outer loop
      vertex 12.1577 9.56082 10.9997
      vertex 12.3757 9.73039 0.599991
      vertex 12.3757 9.73039 10.9934
    endloop
  endfacet
  facet normal 0.61392 -0.789368 0
    outer loop
      vertex 11.9156 9.37253 20.9933
      vertex 12.1577 9.56082 26.9997
      vertex 11.9156 9.37253 27.0067
    endloop
  endfacet
  facet normal 0.614002 -0.789304 6.10065e-06
    outer loop
      vertex 11.6741 9.18462 21.0024
      vertex 11.9156 9.37253 27.0067
      vertex 11.5617 9.09723 26.9934
    endloop
  endfacet
  facet normal 0.6138 -0.789462 0
    outer loop
      vertex 11.6741 9.18462 21.0024
      vertex 11.5617 9.09723 26.9934
      vertex 11.5617 9.09723 21.0066
    endloop
  endfacet
  facet normal 0.614097 -0.789231 0
    outer loop
      vertex 11.9156 9.37253 27.0067
      vertex 11.6741 9.18462 21.0024
      vertex 11.9156 9.37253 20.9933
    endloop
  endfacet
  facet normal 0.613945 -0.789348 -1.62341e-06
    outer loop
      vertex 12.3757 9.73039 21.0066
      vertex 12.1577 9.56082 26.9997
      vertex 11.9156 9.37253 20.9933
    endloop
  endfacet
  facet normal 0.613973 -0.789327 0
    outer loop
      vertex 12.1577 9.56082 26.9997
      vertex 12.3757 9.73039 21.0066
      vertex 12.3757 9.73039 26.9934
    endloop
  endfacet
  facet normal 0.434251 -0.558222 -0.706976
    outer loop
      vertex 11.9949 10.1941 0
      vertex 11.5617 9.09723 0.599991
      vertex 11.206 9.5804 0
    endloop
  endfacet
  facet normal 0.434204 -0.55822 -0.707006
    outer loop
      vertex 11.9949 10.1941 0
      vertex 12.3757 9.73039 0.599991
      vertex 11.5617 9.09723 0.599991
    endloop
  endfacet
  facet normal -0.463153 0.534452 -0.707001
    outer loop
      vertex 10.7938 12.9893 0.599991
      vertex 10.5352 11.9715 0
      vertex 10.1544 12.4352 0.599991
    endloop
  endfacet
  facet normal -0.463154 0.534452 -0.707
    outer loop
      vertex 10.7938 12.9893 0.599991
      vertex 11.1986 12.5464 0
      vertex 10.5352 11.9715 0
    endloop
  endfacet
  facet normal -0.654899 0.755716 0
    outer loop
      vertex 10.7938 12.9893 0.599991
      vertex 10.1544 12.4352 47.4
      vertex 10.7938 12.9893 47.4
    endloop
  endfacet
  facet normal -0.654899 0.755716 0
    outer loop
      vertex 10.1544 12.4352 47.4
      vertex 10.7938 12.9893 0.599991
      vertex 10.1544 12.4352 0.599991
    endloop
  endfacet
  facet normal -0.463157 0.534456 0.706996
    outer loop
      vertex 10.5352 11.9715 48
      vertex 11.1986 12.5464 48
      vertex 10.1544 12.4352 47.4
    endloop
  endfacet
  facet normal -0.463157 0.534457 0.706995
    outer loop
      vertex 11.1986 12.5464 48
      vertex 10.7938 12.9893 47.4
      vertex 10.1544 12.4352 47.4
    endloop
  endfacet
  facet normal 0.463143 -0.534462 0.707
    outer loop
      vertex 12.3757 9.73039 47.4
      vertex 13.155 10.4057 47.4
      vertex 11.9949 10.1941 48
    endloop
  endfacet
  facet normal 0.463142 -0.53447 0.706994
    outer loop
      vertex 13.155 10.4057 47.4
      vertex 12.7502 10.8486 48
      vertex 11.9949 10.1941 48
    endloop
  endfacet
  facet normal 0.654972 -0.755653 0
    outer loop
      vertex 12.4792 9.8201 37.0025
      vertex 12.3757 9.73039 47.4
      vertex 12.3757 9.73039 37.0066
    endloop
  endfacet
  facet normal 0.654884 -0.755729 -1.53127e-06
    outer loop
      vertex 12.3757 9.73039 47.4
      vertex 12.4792 9.8201 37.0025
      vertex 13.155 10.4057 47.4
    endloop
  endfacet
  facet normal 0.654871 -0.755741 0
    outer loop
      vertex 13.155 10.4057 47.4
      vertex 12.4792 9.8201 37.0025
      vertex 13.155 10.4057 37.0066
    endloop
  endfacet
  facet normal 0.65488 -0.755722 -0.00417661
    outer loop
      vertex 13.155 10.4057 37.0066
      vertex 12.4792 9.8201 37.0025
      vertex 12.7104 10.0205 36.9933
    endloop
  endfacet
  facet normal 0.654841 -0.755746 0.00556932
    outer loop
      vertex 12.3757 9.73039 10.9934
      vertex 12.9422 10.2213 10.9998
      vertex 12.7104 10.0205 11.0067
    endloop
  endfacet
  facet normal 0.654887 -0.755726 0
    outer loop
      vertex 12.3757 9.73039 0.599991
      vertex 12.9422 10.2213 10.9998
      vertex 12.3757 9.73039 10.9934
    endloop
  endfacet
  facet normal 0.654884 -0.755729 2.84218e-07
    outer loop
      vertex 13.155 10.4057 0.599991
      vertex 12.9422 10.2213 10.9998
      vertex 12.3757 9.73039 0.599991
    endloop
  endfacet
  facet normal 0.654876 -0.755736 0
    outer loop
      vertex 12.9422 10.2213 10.9998
      vertex 13.155 10.4057 0.599991
      vertex 13.155 10.4057 10.9934
    endloop
  endfacet
  facet normal 0.654757 -0.75584 0
    outer loop
      vertex 12.7104 10.0205 20.9933
      vertex 12.9422 10.2213 26.9998
      vertex 12.7104 10.0205 27.0067
    endloop
  endfacet
  facet normal 0.654978 -0.755648 1.68714e-07
    outer loop
      vertex 12.4792 9.8201 21.0025
      vertex 12.7104 10.0205 27.0067
      vertex 12.3757 9.73039 26.9934
    endloop
  endfacet
  facet normal 0.654972 -0.755653 0
    outer loop
      vertex 12.4792 9.8201 21.0025
      vertex 12.3757 9.73039 26.9934
      vertex 12.3757 9.73039 21.0066
    endloop
  endfacet
  facet normal 0.65498 -0.755646 0
    outer loop
      vertex 12.7104 10.0205 27.0067
      vertex 12.4792 9.8201 21.0025
      vertex 12.7104 10.0205 20.9933
    endloop
  endfacet
  facet normal 0.654814 -0.75579 -3.87613e-06
    outer loop
      vertex 13.155 10.4057 21.0066
      vertex 12.9422 10.2213 26.9998
      vertex 12.7104 10.0205 20.9933
    endloop
  endfacet
  facet normal 0.654876 -0.755736 0
    outer loop
      vertex 12.9422 10.2213 26.9998
      vertex 13.155 10.4057 21.0066
      vertex 13.155 10.4057 26.9934
    endloop
  endfacet
  facet normal 0.463134 -0.534462 -0.707006
    outer loop
      vertex 12.7502 10.8486 0
      vertex 12.3757 9.73039 0.599991
      vertex 11.9949 10.1941 0
    endloop
  endfacet
  facet normal 0.463143 -0.534462 -0.707
    outer loop
      vertex 12.7502 10.8486 0
      vertex 13.155 10.4057 0.599991
      vertex 12.3757 9.73039 0.599991
    endloop
  endfacet
  facet normal -0.490711 0.509267 -0.707001
    outer loop
      vertex 11.4031 13.5764 0.599991
      vertex 11.1986 12.5464 0
      vertex 10.7938 12.9893 0.599991
    endloop
  endfacet
  facet normal -0.490733 0.509263 -0.706988
    outer loop
      vertex 11.4031 13.5764 0.599991
      vertex 11.8307 13.1555 0
      vertex 11.1986 12.5464 0
    endloop
  endfacet
  facet normal -0.693866 0.720104 0
    outer loop
      vertex 11.4031 13.5764 0.599991
      vertex 10.7938 12.9893 47.4
      vertex 11.4031 13.5764 47.4
    endloop
  endfacet
  facet normal -0.693866 0.720104 0
    outer loop
      vertex 10.7938 12.9893 47.4
      vertex 11.4031 13.5764 0.599991
      vertex 10.7938 12.9893 0.599991
    endloop
  endfacet
  facet normal -0.490728 0.509258 0.706995
    outer loop
      vertex 11.1986 12.5464 48
      vertex 11.8307 13.1555 48
      vertex 10.7938 12.9893 47.4
    endloop
  endfacet
  facet normal -0.490724 0.50928 0.706982
    outer loop
      vertex 11.8307 13.1555 48
      vertex 11.4031 13.5764 47.4
      vertex 10.7938 12.9893 47.4
    endloop
  endfacet
  facet normal 0.490734 -0.509252 0.706995
    outer loop
      vertex 13.155 10.4057 47.4
      vertex 13.8975 11.1212 47.4
      vertex 12.7502 10.8486 48
    endloop
  endfacet
  facet normal 0.490732 -0.509272 0.706983
    outer loop
      vertex 13.8975 11.1212 47.4
      vertex 13.4699 11.5421 48
      vertex 12.7502 10.8486 48
    endloop
  endfacet
  facet normal 0.693685 -0.720278 0
    outer loop
      vertex 13.2498 10.497 37.0026
      vertex 13.155 10.4057 47.4
      vertex 13.155 10.4057 37.0066
    endloop
  endfacet
  facet normal 0.693893 -0.720078 3.65166e-06
    outer loop
      vertex 13.155 10.4057 47.4
      vertex 13.2498 10.497 37.0026
      vertex 13.8975 11.1212 47.4
    endloop
  endfacet
  facet normal 0.693924 -0.720049 0
    outer loop
      vertex 13.8975 11.1212 47.4
      vertex 13.2498 10.497 37.0026
      vertex 13.8975 11.1212 37.0066
    endloop
  endfacet
  facet normal 0.693922 -0.72005 0.000474485
    outer loop
      vertex 13.8975 11.1212 37.0066
      vertex 13.2498 10.497 37.0026
      vertex 13.4701 10.7093 36.9933
    endloop
  endfacet
  facet normal 0.693901 -0.720065 -0.00275368
    outer loop
      vertex 13.155 10.4057 10.9934
      vertex 13.691 10.9222 10.9998
      vertex 13.4701 10.7093 11.0067
    endloop
  endfacet
  facet normal 0.693887 -0.720084 0
    outer loop
      vertex 13.155 10.4057 0.599991
      vertex 13.691 10.9222 10.9998
      vertex 13.155 10.4057 10.9934
    endloop
  endfacet
  facet normal 0.693893 -0.720078 -6.2945e-07
    outer loop
      vertex 13.8975 11.1212 0.599991
      vertex 13.691 10.9222 10.9998
      vertex 13.155 10.4057 0.599991
    endloop
  endfacet
  facet normal 0.69391 -0.720062 0
    outer loop
      vertex 13.691 10.9222 10.9998
      vertex 13.8975 11.1212 0.599991
      vertex 13.8975 11.1212 10.9934
    endloop
  endfacet
  facet normal 0.693844 -0.720126 4.82254e-06
    outer loop
      vertex 13.2498 10.497 21.0026
      vertex 13.4701 10.7093 27.0067
      vertex 13.155 10.4057 26.9934
    endloop
  endfacet
  facet normal 0.693949 -0.720025 0
    outer loop
      vertex 13.4701 10.7093 27.0067
      vertex 13.4701 10.7093 20.9933
      vertex 13.691 10.9222 26.9998
    endloop
  endfacet
  facet normal 0.693685 -0.720278 0
    outer loop
      vertex 13.2498 10.497 21.0026
      vertex 13.155 10.4057 26.9934
      vertex 13.155 10.4057 21.0066
    endloop
  endfacet
  facet normal 0.693912 -0.72006 0
    outer loop
      vertex 13.4701 10.7093 27.0067
      vertex 13.2498 10.497 21.0026
      vertex 13.4701 10.7093 20.9933
    endloop
  endfacet
  facet normal 0.69393 -0.720043 1.33381e-06
    outer loop
      vertex 13.8975 11.1212 21.0066
      vertex 13.691 10.9222 26.9998
      vertex 13.4701 10.7093 20.9933
    endloop
  endfacet
  facet normal 0.69391 -0.720062 0
    outer loop
      vertex 13.691 10.9222 26.9998
      vertex 13.8975 11.1212 21.0066
      vertex 13.8975 11.1212 26.9934
    endloop
  endfacet
  facet normal 0.49072 -0.509259 -0.707001
    outer loop
      vertex 13.4699 11.5421 0
      vertex 13.155 10.4057 0.599991
      vertex 12.7502 10.8486 0
    endloop
  endfacet
  facet normal 0.490739 -0.509257 -0.706988
    outer loop
      vertex 13.4699 11.5421 0
      vertex 13.8975 11.1212 0.599991
      vertex 13.155 10.4057 0.599991
    endloop
  endfacet
  facet normal -0.516966 0.482613 -0.706988
    outer loop
      vertex 11.9805 14.1949 0.599991
      vertex 11.8307 13.1555 0
      vertex 11.4031 13.5764 0.599991
    endloop
  endfacet
  facet normal -0.517007 0.482604 -0.706963
    outer loop
      vertex 11.9805 14.1949 0.599991
      vertex 12.4297 13.7972 0
      vertex 11.8307 13.1555 0
    endloop
  endfacet
  facet normal -0.730977 0.682402 0
    outer loop
      vertex 11.4031 13.5764 0.599991
      vertex 11.9805 14.1949 47.4
      vertex 11.9805 14.1949 0.599991
    endloop
  endfacet
  facet normal -0.730977 0.682402 0
    outer loop
      vertex 11.9805 14.1949 47.4
      vertex 11.4031 13.5764 0.599991
      vertex 11.4031 13.5764 47.4
    endloop
  endfacet
  facet normal -0.516993 0.482592 0.706982
    outer loop
      vertex 11.8307 13.1555 48
      vertex 12.4297 13.7972 48
      vertex 11.4031 13.5764 47.4
    endloop
  endfacet
  facet normal -0.516988 0.482633 0.706957
    outer loop
      vertex 12.4297 13.7972 48
      vertex 11.9805 14.1949 47.4
      vertex 11.4031 13.5764 47.4
    endloop
  endfacet
  facet normal 0.516973 -0.482613 0.706982
    outer loop
      vertex 13.8975 11.1212 47.4
      vertex 14.6012 11.875 47.4
      vertex 13.4699 11.5421 48
    endloop
  endfacet
  facet normal 0.516974 -0.482585 0.707001
    outer loop
      vertex 14.6012 11.875 47.4
      vertex 14.1519 12.2727 48
      vertex 13.4699 11.5421 48
    endloop
  endfacet
  facet normal 0.730983 -0.682396 0
    outer loop
      vertex 14.6012 11.875 47.4
      vertex 14.1925 11.4372 36.9934
      vertex 14.6012 11.875 37.0066
    endloop
  endfacet
  facet normal 0.730882 -0.682504 8.56619e-06
    outer loop
      vertex 14.6012 11.875 47.4
      vertex 13.9837 11.2136 37.0027
      vertex 14.1925 11.4372 36.9934
    endloop
  endfacet
  facet normal 0.730981 -0.682398 -4.13361e-06
    outer loop
      vertex 13.8975 11.1212 47.4
      vertex 13.9837 11.2136 37.0027
      vertex 14.6012 11.875 47.4
    endloop
  endfacet
  facet normal 0.731213 -0.682149 0
    outer loop
      vertex 13.9837 11.2136 37.0027
      vertex 13.8975 11.1212 47.4
      vertex 13.8975 11.1212 37.0066
    endloop
  endfacet
  facet normal 0.730987 -0.682391 0
    outer loop
      vertex 14.4018 11.6614 10.9999
      vertex 14.6012 11.875 0.599991
      vertex 14.6012 11.875 10.9934
    endloop
  endfacet
  facet normal 0.730979 -0.6824 -2.87977e-05
    outer loop
      vertex 13.8975 11.1212 10.9934
      vertex 14.4018 11.6614 10.9999
      vertex 14.1925 11.4372 11.0066
    endloop
  endfacet
  facet normal 0.730979 -0.6824 -3.3821e-07
    outer loop
      vertex 14.4018 11.6614 10.9999
      vertex 13.8975 11.1212 10.9934
      vertex 14.6012 11.875 0.599991
    endloop
  endfacet
  facet normal 0.730981 -0.682398 0
    outer loop
      vertex 14.6012 11.875 0.599991
      vertex 13.8975 11.1212 10.9934
      vertex 13.8975 11.1212 0.599991
    endloop
  endfacet
  facet normal 0.730987 -0.682391 0
    outer loop
      vertex 14.4018 11.6614 26.9999
      vertex 14.6012 11.875 21.0066
      vertex 14.6012 11.875 26.9934
    endloop
  endfacet
  facet normal 0.730979 -0.6824 0
    outer loop
      vertex 14.1925 11.4372 20.9934
      vertex 14.4018 11.6614 26.9999
      vertex 14.1925 11.4372 27.0066
    endloop
  endfacet
  facet normal 0.730983 -0.682396 -2.78291e-07
    outer loop
      vertex 14.4018 11.6614 26.9999
      vertex 14.1925 11.4372 20.9934
      vertex 14.6012 11.875 21.0066
    endloop
  endfacet
  facet normal 0.730881 -0.682505 0
    outer loop
      vertex 14.1925 11.4372 27.0066
      vertex 13.9837 11.2136 21.0027
      vertex 14.1925 11.4372 20.9934
    endloop
  endfacet
  facet normal 0.730978 -0.682401 -7.25468e-06
    outer loop
      vertex 13.8975 11.1212 26.9934
      vertex 13.9837 11.2136 21.0027
      vertex 14.1925 11.4372 27.0066
    endloop
  endfacet
  facet normal 0.731213 -0.682149 0
    outer loop
      vertex 13.9837 11.2136 21.0027
      vertex 13.8975 11.1212 26.9934
      vertex 13.8975 11.1212 21.0066
    endloop
  endfacet
  facet normal 0.516984 -0.482594 -0.706987
    outer loop
      vertex 14.1519 12.2727 0
      vertex 13.8975 11.1212 0.599991
      vertex 13.4699 11.5421 0
    endloop
  endfacet
  facet normal 0.516956 -0.482597 -0.707006
    outer loop
      vertex 14.1519 12.2727 0
      vertex 14.6012 11.875 0.599991
      vertex 13.8975 11.1212 0.599991
    endloop
  endfacet
  facet normal -0.541789 0.454611 -0.706961
    outer loop
      vertex 12.5244 14.8431 0.599991
      vertex 12.4297 13.7972 0
      vertex 11.9805 14.1949 0.599991
    endloop
  endfacet
  facet normal -0.541781 0.454613 -0.706965
    outer loop
      vertex 12.5244 14.8431 0.599991
      vertex 12.994 14.4697 0
      vertex 12.4297 13.7972 0
    endloop
  endfacet
  facet normal -0.766047 0.642785 0
    outer loop
      vertex 11.9805 14.1949 0.599991
      vertex 12.5244 14.8431 47.4
      vertex 12.5244 14.8431 0.599991
    endloop
  endfacet
  facet normal -0.766047 0.642785 0
    outer loop
      vertex 12.5244 14.8431 47.4
      vertex 11.9805 14.1949 0.599991
      vertex 11.9805 14.1949 47.4
    endloop
  endfacet
  facet normal -0.541789 0.454619 0.706956
    outer loop
      vertex 12.4297 13.7972 48
      vertex 12.994 14.4697 48
      vertex 11.9805 14.1949 47.4
    endloop
  endfacet
  facet normal -0.541789 0.454611 0.70696
    outer loop
      vertex 12.994 14.4697 48
      vertex 12.5244 14.8431 47.4
      vertex 11.9805 14.1949 47.4
    endloop
  endfacet
  facet normal 0.541752 -0.454592 0.707001
    outer loop
      vertex 14.6012 11.875 47.4
      vertex 15.2641 12.665 47.4
      vertex 14.1519 12.2727 48
    endloop
  endfacet
  facet normal 0.541752 -0.454585 0.707005
    outer loop
      vertex 15.2641 12.665 47.4
      vertex 14.7944 13.0384 48
      vertex 14.1519 12.2727 48
    endloop
  endfacet
  facet normal 0.766047 -0.642785 0
    outer loop
      vertex 15.2641 12.665 47.4
      vertex 14.8756 12.202 36.9934
      vertex 15.2641 12.665 37.0065
    endloop
  endfacet
  facet normal 0.766046 -0.642786 7.84042e-08
    outer loop
      vertex 15.2641 12.665 47.4
      vertex 14.679 11.9677 37.0028
      vertex 14.8756 12.202 36.9934
    endloop
  endfacet
  facet normal 0.766039 -0.642794 1.04174e-06
    outer loop
      vertex 14.6012 11.875 47.4
      vertex 14.679 11.9677 37.0028
      vertex 15.2641 12.665 47.4
    endloop
  endfacet
  facet normal 0.765982 -0.642863 0
    outer loop
      vertex 14.679 11.9677 37.0028
      vertex 14.6012 11.875 47.4
      vertex 14.6012 11.875 37.0066
    endloop
  endfacet
  facet normal 0.766069 -0.642759 0
    outer loop
      vertex 15.0728 12.437 10.9999
      vertex 15.2641 12.665 0.599991
      vertex 15.2641 12.665 10.9935
    endloop
  endfacet
  facet normal 0.766027 -0.642809 5.78909e-05
    outer loop
      vertex 14.6012 11.875 10.9934
      vertex 15.0728 12.437 10.9999
      vertex 14.8756 12.202 11.0066
    endloop
  endfacet
  facet normal 0.766027 -0.642808 0
    outer loop
      vertex 14.6012 11.875 0.599991
      vertex 15.0728 12.437 10.9999
      vertex 14.6012 11.875 10.9934
    endloop
  endfacet
  facet normal 0.766039 -0.642794 -1.32398e-06
    outer loop
      vertex 15.0728 12.437 10.9999
      vertex 14.6012 11.875 0.599991
      vertex 15.2641 12.665 0.599991
    endloop
  endfacet
  facet normal 0.766069 -0.642759 0
    outer loop
      vertex 15.0728 12.437 26.9999
      vertex 15.2641 12.665 21.0065
      vertex 15.2641 12.665 26.9935
    endloop
  endfacet
  facet normal 0.766026 -0.64281 0
    outer loop
      vertex 14.8756 12.202 20.9934
      vertex 15.0728 12.437 26.9999
      vertex 14.8756 12.202 27.0066
    endloop
  endfacet
  facet normal 0.766047 -0.642785 -1.68215e-06
    outer loop
      vertex 15.0728 12.437 26.9999
      vertex 14.8756 12.202 20.9934
      vertex 15.2641 12.665 21.0065
    endloop
  endfacet
  facet normal 0.766046 -0.642786 0
    outer loop
      vertex 14.8756 12.202 27.0066
      vertex 14.679 11.9677 21.0028
      vertex 14.8756 12.202 20.9934
    endloop
  endfacet
  facet normal 0.766028 -0.642807 1.45378e-06
    outer loop
      vertex 14.6012 11.875 26.9934
      vertex 14.679 11.9677 21.0028
      vertex 14.8756 12.202 27.0066
    endloop
  endfacet
  facet normal 0.765982 -0.642863 0
    outer loop
      vertex 14.679 11.9677 21.0028
      vertex 14.6012 11.875 26.9934
      vertex 14.6012 11.875 21.0066
    endloop
  endfacet
  facet normal 0.541752 -0.454585 -0.707006
    outer loop
      vertex 14.7944 13.0384 0
      vertex 14.6012 11.875 0.599991
      vertex 14.1519 12.2727 0
    endloop
  endfacet
  facet normal 0.541745 -0.454586 -0.707011
    outer loop
      vertex 14.7944 13.0384 0
      vertex 15.2641 12.665 0.599991
      vertex 14.6012 11.875 0.599991
    endloop
  endfacet
  facet normal -0.565077 0.425312 -0.706964
    outer loop
      vertex 13.0332 15.5191 0.599991
      vertex 12.994 14.4697 0
      vertex 12.5244 14.8431 0.599991
    endloop
  endfacet
  facet normal -0.565015 0.425332 -0.707002
    outer loop
      vertex 13.0332 15.5191 0.599991
      vertex 13.522 15.1711 0
      vertex 12.994 14.4697 0
    endloop
  endfacet
  facet normal -0.798978 0.601361 0
    outer loop
      vertex 12.5244 14.8431 0.599991
      vertex 13.0332 15.5191 47.4
      vertex 13.0332 15.5191 0.599991
    endloop
  endfacet
  facet normal -0.798978 0.601361 0
    outer loop
      vertex 13.0332 15.5191 47.4
      vertex 12.5244 14.8431 0.599991
      vertex 12.5244 14.8431 47.4
    endloop
  endfacet
  facet normal -0.565049 0.425357 0.706959
    outer loop
      vertex 12.994 14.4697 48
      vertex 13.522 15.1711 48
      vertex 12.5244 14.8431 47.4
    endloop
  endfacet
  facet normal -0.56505 0.425292 0.706997
    outer loop
      vertex 13.522 15.1711 48
      vertex 13.0332 15.5191 47.4
      vertex 12.5244 14.8431 47.4
    endloop
  endfacet
  facet normal 0.56505 -0.425279 0.707005
    outer loop
      vertex 15.2641 12.665 47.4
      vertex 15.8842 13.4889 47.4
      vertex 14.7944 13.0384 48
    endloop
  endfacet
  facet normal 0.565055 -0.425366 0.706949
    outer loop
      vertex 15.8842 13.4889 47.4
      vertex 15.3955 13.8369 48
      vertex 14.7944 13.0384 48
    endloop
  endfacet
  facet normal 0.798976 -0.601364 0
    outer loop
      vertex 15.8842 13.4889 47.4
      vertex 15.5175 13.0017 36.9934
      vertex 15.8842 13.4889 37.0065
    endloop
  endfacet
  facet normal 0.798939 -0.601412 3.53521e-06
    outer loop
      vertex 15.8842 13.4889 47.4
      vertex 15.3336 12.7574 37.0029
      vertex 15.5175 13.0017 36.9934
    endloop
  endfacet
  facet normal 0.798986 -0.601349 -3.37552e-06
    outer loop
      vertex 15.2641 12.665 47.4
      vertex 15.3336 12.7574 37.0029
      vertex 15.8842 13.4889 47.4
    endloop
  endfacet
  facet normal 0.799169 -0.601106 0
    outer loop
      vertex 15.3336 12.7574 37.0029
      vertex 15.2641 12.665 47.4
      vertex 15.2641 12.665 37.0065
    endloop
  endfacet
  facet normal 0.799009 -0.601319 0
    outer loop
      vertex 15.702 13.2468 11
      vertex 15.8842 13.4889 0.599991
      vertex 15.8842 13.4889 10.9935
    endloop
  endfacet
  facet normal 0.798966 -0.601374 0.0018838
    outer loop
      vertex 15.2641 12.665 10.9935
      vertex 15.702 13.2468 11
      vertex 15.5175 13.0017 11.0066
    endloop
  endfacet
  facet normal 0.798977 -0.601361 0
    outer loop
      vertex 15.2641 12.665 0.599991
      vertex 15.702 13.2468 11
      vertex 15.2641 12.665 10.9935
    endloop
  endfacet
  facet normal 0.798986 -0.601349 -1.08445e-06
    outer loop
      vertex 15.702 13.2468 11
      vertex 15.2641 12.665 0.599991
      vertex 15.8842 13.4889 0.599991
    endloop
  endfacet
  facet normal 0.799009 -0.601319 0
    outer loop
      vertex 15.702 13.2468 27
      vertex 15.8842 13.4889 21.0065
      vertex 15.8842 13.4889 26.9935
    endloop
  endfacet
  facet normal 0.798943 -0.601407 0
    outer loop
      vertex 15.5175 13.0017 20.9934
      vertex 15.702 13.2468 27
      vertex 15.5175 13.0017 27.0066
    endloop
  endfacet
  facet normal 0.798976 -0.601364 -2.79608e-06
    outer loop
      vertex 15.702 13.2468 27
      vertex 15.5175 13.0017 20.9934
      vertex 15.8842 13.4889 21.0065
    endloop
  endfacet
  facet normal 0.798939 -0.601412 0
    outer loop
      vertex 15.5175 13.0017 27.0066
      vertex 15.3336 12.7574 21.0029
      vertex 15.5175 13.0017 20.9934
    endloop
  endfacet
  facet normal 0.799002 -0.601328 -5.34847e-06
    outer loop
      vertex 15.2641 12.665 26.9935
      vertex 15.3336 12.7574 21.0029
      vertex 15.5175 13.0017 27.0066
    endloop
  endfacet
  facet normal 0.799169 -0.601106 0
    outer loop
      vertex 15.3336 12.7574 21.0029
      vertex 15.2641 12.665 26.9935
      vertex 15.2641 12.665 21.0065
    endloop
  endfacet
  facet normal 0.565005 -0.425328 -0.707011
    outer loop
      vertex 15.3955 13.8369 0
      vertex 15.2641 12.665 0.599991
      vertex 14.7944 13.0384 0
    endloop
  endfacet
  facet normal 0.56509 -0.425309 -0.706955
    outer loop
      vertex 15.3955 13.8369 0
      vertex 15.8842 13.4889 0.599991
      vertex 15.2641 12.665 0.599991
    endloop
  endfacet
  facet normal -0.586731 0.394832 -0.707004
    outer loop
      vertex 13.5056 16.2211 0.599991
      vertex 13.522 15.1711 0
      vertex 13.0332 15.5191 0.599991
    endloop
  endfacet
  facet normal -0.58673 0.394832 -0.707004
    outer loop
      vertex 14.0121 15.8994 0
      vertex 13.522 15.1711 0
      vertex 13.5056 16.2211 0.599991
    endloop
  endfacet
  facet normal -0.829642 0.558295 0
    outer loop
      vertex 13.0332 15.5191 0.599991
      vertex 13.5056 16.2211 47.4
      vertex 13.5056 16.2211 0.599991
    endloop
  endfacet
  facet normal -0.829642 0.558295 0
    outer loop
      vertex 13.5056 16.2211 47.4
      vertex 13.0332 15.5191 0.599991
      vertex 13.0332 15.5191 47.4
    endloop
  endfacet
  facet normal -0.586735 0.394836 0.706998
    outer loop
      vertex 13.522 15.1711 48
      vertex 14.0121 15.8994 48
      vertex 13.0332 15.5191 47.4
    endloop
  endfacet
  facet normal -0.586735 0.394834 0.706999
    outer loop
      vertex 14.0121 15.8994 48
      vertex 13.5056 16.2211 47.4
      vertex 13.0332 15.5191 47.4
    endloop
  endfacet
  facet normal 0.586743 -0.394911 0.70695
    outer loop
      vertex 15.8842 13.4889 47.4
      vertex 16.46 14.3444 47.4
      vertex 15.3955 13.8369 48
    endloop
  endfacet
  facet normal 0.586734 -0.394836 0.706999
    outer loop
      vertex 16.46 14.3444 47.4
      vertex 15.9535 14.6661 48
      vertex 15.3955 13.8369 48
    endloop
  endfacet
  facet normal 0.829566 -0.558409 0
    outer loop
      vertex 16.46 14.3444 47.4
      vertex 16.1165 13.8341 36.9934
      vertex 16.46 14.3444 37.0065
    endloop
  endfacet
  facet normal 0.829678 -0.558242 -1.1838e-05
    outer loop
      vertex 16.46 14.3444 47.4
      vertex 15.9458 13.5804 37.003
      vertex 16.1165 13.8341 36.9934
    endloop
  endfacet
  facet normal 0.829596 -0.558365 1.22183e-06
    outer loop
      vertex 15.8842 13.4889 47.4
      vertex 15.9458 13.5804 37.003
      vertex 16.46 14.3444 47.4
    endloop
  endfacet
  facet normal 0.829531 -0.55846 0
    outer loop
      vertex 15.9458 13.5804 37.003
      vertex 15.8842 13.4889 47.4
      vertex 15.8842 13.4889 37.0065
    endloop
  endfacet
  facet normal 0.829547 -0.558436 0
    outer loop
      vertex 16.2878 14.0886 11.0001
      vertex 16.46 14.3444 0.599991
      vertex 16.46 14.3444 10.9935
    endloop
  endfacet
  facet normal 0.829585 -0.558381 3.8839e-06
    outer loop
      vertex 15.8842 13.4889 0.599991
      vertex 16.2878 14.0886 11.0001
      vertex 16.1165 13.8341 11.0066
    endloop
  endfacet
  facet normal 0.829639 -0.5583 0
    outer loop
      vertex 15.8842 13.4889 0.599991
      vertex 16.1165 13.8341 11.0066
      vertex 15.8842 13.4889 10.9935
    endloop
  endfacet
  facet normal 0.829596 -0.558365 2.56041e-06
    outer loop
      vertex 16.2878 14.0886 11.0001
      vertex 15.8842 13.4889 0.599991
      vertex 16.46 14.3444 0.599991
    endloop
  endfacet
  facet normal 0.829547 -0.558436 0
    outer loop
      vertex 16.2878 14.0886 27.0001
      vertex 16.46 14.3444 21.0065
      vertex 16.46 14.3444 26.9935
    endloop
  endfacet
  facet normal 0.829585 -0.558381 0
    outer loop
      vertex 16.1165 13.8341 20.9934
      vertex 16.2878 14.0886 27.0001
      vertex 16.1165 13.8341 27.0066
    endloop
  endfacet
  facet normal 0.829566 -0.558409 1.72313e-06
    outer loop
      vertex 16.2878 14.0886 27.0001
      vertex 16.1165 13.8341 20.9934
      vertex 16.46 14.3444 21.0065
    endloop
  endfacet
  facet normal 0.829678 -0.558242 0
    outer loop
      vertex 16.1165 13.8341 27.0066
      vertex 15.9458 13.5804 21.003
      vertex 16.1165 13.8341 20.9934
    endloop
  endfacet
  facet normal 0.829639 -0.5583 3.55654e-06
    outer loop
      vertex 15.8842 13.4889 26.9935
      vertex 15.9458 13.5804 21.003
      vertex 16.1165 13.8341 27.0066
    endloop
  endfacet
  facet normal 0.829531 -0.55846 0
    outer loop
      vertex 15.9458 13.5804 21.003
      vertex 15.8842 13.4889 26.9935
      vertex 15.8842 13.4889 21.0065
    endloop
  endfacet
  facet normal 0.586771 -0.39486 -0.706955
    outer loop
      vertex 15.9535 14.6661 0
      vertex 15.8842 13.4889 0.599991
      vertex 15.3955 13.8369 0
    endloop
  endfacet
  facet normal 0.586698 -0.394881 -0.707004
    outer loop
      vertex 15.9535 14.6661 0
      vertex 16.46 14.3444 0.599991
      vertex 15.8842 13.4889 0.599991
    endloop
  endfacet
  facet normal -0.606735 0.363339 -0.707006
    outer loop
      vertex 13.9403 16.947 0.599991
      vertex 14.0121 15.8994 0
      vertex 13.5056 16.2211 0.599991
    endloop
  endfacet
  facet normal -0.606804 0.363309 -0.706962
    outer loop
      vertex 14.463 16.6525 0
      vertex 14.0121 15.8994 0
      vertex 13.9403 16.947 0.599991
    endloop
  endfacet
  facet normal -0.857931 0.513766 0
    outer loop
      vertex 13.5056 16.2211 0.599991
      vertex 13.9403 16.947 47.4
      vertex 13.9403 16.947 0.599991
    endloop
  endfacet
  facet normal -0.857931 0.513766 0
    outer loop
      vertex 13.9403 16.947 47.4
      vertex 13.5056 16.2211 0.599991
      vertex 13.5056 16.2211 47.4
    endloop
  endfacet
  facet normal -0.606772 0.363289 0.707
    outer loop
      vertex 14.0121 15.8994 48
      vertex 14.463 16.6525 48
      vertex 13.5056 16.2211 47.4
    endloop
  endfacet
  facet normal -0.606778 0.363365 0.706956
    outer loop
      vertex 14.463 16.6525 48
      vertex 13.9403 16.947 47.4
      vertex 13.5056 16.2211 47.4
    endloop
  endfacet
  facet normal 0.606788 -0.363263 0.707
    outer loop
      vertex 16.46 14.3444 47.4
      vertex 16.9897 15.2292 47.4
      vertex 15.9535 14.6661 48
    endloop
  endfacet
  facet normal 0.606786 -0.363251 0.707008
    outer loop
      vertex 16.9897 15.2292 47.4
      vertex 16.4669 15.5237 48
      vertex 15.9535 14.6661 48
    endloop
  endfacet
  facet normal 0.857948 -0.513737 0
    outer loop
      vertex 16.9897 15.2292 47.4
      vertex 16.6709 14.6968 36.9935
      vertex 16.9897 15.2292 37.0065
    endloop
  endfacet
  facet normal 0.858127 -0.513438 -2.08021e-05
    outer loop
      vertex 16.9897 15.2292 47.4
      vertex 16.5139 14.4344 37.0032
      vertex 16.6709 14.6968 36.9935
    endloop
  endfacet
  facet normal 0.857997 -0.513654 1.65274e-06
    outer loop
      vertex 16.46 14.3444 47.4
      vertex 16.5139 14.4344 37.0032
      vertex 16.9897 15.2292 47.4
    endloop
  endfacet
  facet normal 0.857913 -0.513795 0
    outer loop
      vertex 16.5139 14.4344 37.0032
      vertex 16.46 14.3444 47.4
      vertex 16.46 14.3444 37.0065
    endloop
  endfacet
  facet normal 0.857943 -0.513746 0
    outer loop
      vertex 16.8285 14.96 11.0001
      vertex 16.9897 15.2292 0.599991
      vertex 16.9897 15.2292 10.9935
    endloop
  endfacet
  facet normal 0.857953 -0.513728 9.18906e-06
    outer loop
      vertex 16.46 14.3444 0.599991
      vertex 16.8285 14.96 11.0001
      vertex 16.6709 14.6968 11.0065
    endloop
  endfacet
  facet normal 0.858072 -0.513529 0
    outer loop
      vertex 16.46 14.3444 0.599991
      vertex 16.6709 14.6968 11.0065
      vertex 16.46 14.3444 10.9935
    endloop
  endfacet
  facet normal 0.857997 -0.513654 3.21865e-06
    outer loop
      vertex 16.8285 14.96 11.0001
      vertex 16.46 14.3444 0.599991
      vertex 16.9897 15.2292 0.599991
    endloop
  endfacet
  facet normal 0.857943 -0.513746 0
    outer loop
      vertex 16.8285 14.96 27.0001
      vertex 16.9897 15.2292 21.0065
      vertex 16.9897 15.2292 26.9935
    endloop
  endfacet
  facet normal 0.857953 -0.513729 0
    outer loop
      vertex 16.6709 14.6968 20.9935
      vertex 16.8285 14.96 27.0001
      vertex 16.6709 14.6968 27.0065
    endloop
  endfacet
  facet normal 0.857948 -0.513737 5.15656e-07
    outer loop
      vertex 16.8285 14.96 27.0001
      vertex 16.6709 14.6968 20.9935
      vertex 16.9897 15.2292 21.0065
    endloop
  endfacet
  facet normal 0.858127 -0.513437 0
    outer loop
      vertex 16.6709 14.6968 27.0065
      vertex 16.5139 14.4344 21.0032
      vertex 16.6709 14.6968 20.9935
    endloop
  endfacet
  facet normal 0.858072 -0.513529 5.42757e-06
    outer loop
      vertex 16.46 14.3444 26.9935
      vertex 16.5139 14.4344 21.0032
      vertex 16.6709 14.6968 27.0065
    endloop
  endfacet
  facet normal 0.857913 -0.513795 0
    outer loop
      vertex 16.5139 14.4344 21.0032
      vertex 16.46 14.3444 26.9935
      vertex 16.46 14.3444 21.0065
    endloop
  endfacet
  facet normal 0.606788 -0.363252 -0.707005
    outer loop
      vertex 16.4669 15.5237 0
      vertex 16.46 14.3444 0.599991
      vertex 15.9535 14.6661 0
    endloop
  endfacet
  facet normal 0.606776 -0.363256 -0.707013
    outer loop
      vertex 16.4669 15.5237 0
      vertex 16.9897 15.2292 0.599991
      vertex 16.46 14.3444 0.599991
    endloop
  endfacet
  facet normal -0.625181 0.330688 -0.706961
    outer loop
      vertex 14.3359 17.6949 0.599991
      vertex 14.463 16.6525 0
      vertex 13.9403 16.947 0.599991
    endloop
  endfacet
  facet normal -0.625153 0.330703 -0.706979
    outer loop
      vertex 14.8735 17.4285 0
      vertex 14.463 16.6525 0
      vertex 14.3359 17.6949 0.599991
    endloop
  endfacet
  facet normal -0.883957 0.467567 0
    outer loop
      vertex 13.9403 16.947 0.599991
      vertex 14.3359 17.6949 47.4
      vertex 14.3359 17.6949 0.599991
    endloop
  endfacet
  facet normal -0.883957 0.467567 0
    outer loop
      vertex 14.3359 17.6949 47.4
      vertex 13.9403 16.947 0.599991
      vertex 13.9403 16.947 47.4
    endloop
  endfacet
  facet normal -0.625174 0.330714 0.706956
    outer loop
      vertex 14.463 16.6525 48
      vertex 14.8735 17.4285 48
      vertex 13.9403 16.947 47.4
    endloop
  endfacet
  facet normal -0.625169 0.330682 0.706974
    outer loop
      vertex 14.8735 17.4285 48
      vertex 14.3359 17.6949 47.4
      vertex 13.9403 16.947 47.4
    endloop
  endfacet
  facet normal 0.625121 -0.330701 0.707008
    outer loop
      vertex 16.9897 15.2292 47.4
      vertex 17.4719 16.1407 47.4
      vertex 16.4669 15.5237 48
    endloop
  endfacet
  facet normal 0.625133 -0.330753 0.706973
    outer loop
      vertex 17.4719 16.1407 47.4
      vertex 16.9343 16.4071 48
      vertex 16.4669 15.5237 48
    endloop
  endfacet
  facet normal 0.883901 -0.467675 0
    outer loop
      vertex 17.4719 16.1407 47.4
      vertex 17.1792 15.5875 36.9935
      vertex 17.4719 16.1407 37.0064
    endloop
  endfacet
  facet normal 0.883923 -0.467632 -2.8886e-06
    outer loop
      vertex 17.4719 16.1407 47.4
      vertex 17.0362 15.3172 37.0033
      vertex 17.1792 15.5875 36.9935
    endloop
  endfacet
  facet normal 0.883932 -0.467616 -4.5565e-06
    outer loop
      vertex 16.9897 15.2292 47.4
      vertex 17.0362 15.3172 37.0033
      vertex 17.4719 16.1407 47.4
    endloop
  endfacet
  facet normal 0.884154 -0.467195 0
    outer loop
      vertex 17.0362 15.3172 37.0033
      vertex 16.9897 15.2292 47.4
      vertex 16.9897 15.2292 37.0065
    endloop
  endfacet
  facet normal 0.88391 -0.467657 0
    outer loop
      vertex 17.3227 15.8587 11.0002
      vertex 17.4719 16.1407 0.599991
      vertex 17.4719 16.1407 10.9936
    endloop
  endfacet
  facet normal 0.883891 -0.467693 7.40096e-06
    outer loop
      vertex 16.9897 15.2292 0.599991
      vertex 17.3227 15.8587 11.0002
      vertex 17.1792 15.5875 11.0065
    endloop
  endfacet
  facet normal 0.88398 -0.467525 0
    outer loop
      vertex 16.9897 15.2292 0.599991
      vertex 17.1792 15.5875 11.0065
      vertex 16.9897 15.2292 10.9935
    endloop
  endfacet
  facet normal 0.883932 -0.467616 1.43595e-06
    outer loop
      vertex 17.3227 15.8587 11.0002
      vertex 16.9897 15.2292 0.599991
      vertex 17.4719 16.1407 0.599991
    endloop
  endfacet
  facet normal 0.88391 -0.467657 0
    outer loop
      vertex 17.3227 15.8587 27.0002
      vertex 17.4719 16.1407 21.0064
      vertex 17.4719 16.1407 26.9936
    endloop
  endfacet
  facet normal 0.883891 -0.467693 0
    outer loop
      vertex 17.1792 15.5875 20.9935
      vertex 17.3227 15.8587 27.0002
      vertex 17.1792 15.5875 27.0065
    endloop
  endfacet
  facet normal 0.883901 -0.467675 -1.05448e-06
    outer loop
      vertex 17.3227 15.8587 27.0002
      vertex 17.1792 15.5875 20.9935
      vertex 17.4719 16.1407 21.0064
    endloop
  endfacet
  facet normal 0.883923 -0.467632 0
    outer loop
      vertex 17.1792 15.5875 27.0065
      vertex 17.0362 15.3172 21.0033
      vertex 17.1792 15.5875 20.9935
    endloop
  endfacet
  facet normal 0.88398 -0.467525 -6.19526e-06
    outer loop
      vertex 16.9897 15.2292 26.9935
      vertex 17.0362 15.3172 21.0033
      vertex 17.1792 15.5875 27.0065
    endloop
  endfacet
  facet normal 0.884154 -0.467195 0
    outer loop
      vertex 17.0362 15.3172 21.0033
      vertex 16.9897 15.2292 26.9935
      vertex 16.9897 15.2292 21.0065
    endloop
  endfacet
  facet normal 0.625097 -0.330734 -0.707014
    outer loop
      vertex 16.9343 16.4071 0
      vertex 16.9897 15.2292 0.599991
      vertex 16.4669 15.5237 0
    endloop
  endfacet
  facet normal 0.625147 -0.330714 -0.706979
    outer loop
      vertex 17.4719 16.1407 0.599991
      vertex 16.9897 15.2292 0.599991
      vertex 16.9343 16.4071 0
    endloop
  endfacet
  facet normal -0.641747 0.297219 -0.706981
    outer loop
      vertex 14.6915 18.4627 0.599991
      vertex 14.8735 17.4285 0
      vertex 14.3359 17.6949 0.599991
    endloop
  endfacet
  facet normal -0.641777 0.297202 -0.706961
    outer loop
      vertex 15.2424 18.2251 0
      vertex 14.8735 17.4285 0
      vertex 14.6915 18.4627 0.599991
    endloop
  endfacet
  facet normal -0.907405 0.420257 0
    outer loop
      vertex 14.3359 17.6949 0.599991
      vertex 14.6915 18.4627 47.4
      vertex 14.6915 18.4627 0.599991
    endloop
  endfacet
  facet normal -0.907405 0.420257 0
    outer loop
      vertex 14.6915 18.4627 47.4
      vertex 14.3359 17.6949 0.599991
      vertex 14.3359 17.6949 47.4
    endloop
  endfacet
  facet normal -0.641763 0.297196 0.706975
    outer loop
      vertex 14.8735 17.4285 48
      vertex 15.2424 18.2251 48
      vertex 14.3359 17.6949 47.4
    endloop
  endfacet
  facet normal -0.64177 0.29723 0.706955
    outer loop
      vertex 15.2424 18.2251 48
      vertex 14.6915 18.4627 47.4
      vertex 14.3359 17.6949 47.4
    endloop
  endfacet
  facet normal 0.641768 -0.297187 0.706975
    outer loop
      vertex 17.4719 16.1407 47.4
      vertex 17.9052 17.0764 47.4
      vertex 16.9343 16.4071 48
    endloop
  endfacet
  facet normal 0.641766 -0.297179 0.70698
    outer loop
      vertex 17.9052 17.0764 47.4
      vertex 17.3543 17.3141 48
      vertex 16.9343 16.4071 48
    endloop
  endfacet
  facet normal 0.907398 -0.420273 0
    outer loop
      vertex 17.9052 17.0764 47.4
      vertex 17.6399 16.5036 36.9935
      vertex 17.9052 17.0764 37.0064
    endloop
  endfacet
  facet normal 0.907428 -0.420208 -4.37715e-06
    outer loop
      vertex 17.4719 16.1407 47.4
      vertex 17.6399 16.5036 36.9935
      vertex 17.9052 17.0764 47.4
    endloop
  endfacet
  facet normal 0.907499 -0.420054 2.15294e-06
    outer loop
      vertex 17.6399 16.5036 36.9935
      vertex 17.4719 16.1407 47.4
      vertex 17.5115 16.2262 37.0034
    endloop
  endfacet
  facet normal 0.907399 -0.420269 0
    outer loop
      vertex 17.5115 16.2262 37.0034
      vertex 17.4719 16.1407 47.4
      vertex 17.4719 16.1407 37.0064
    endloop
  endfacet
  facet normal 0.907408 -0.420251 0
    outer loop
      vertex 17.7689 16.7821 11.0002
      vertex 17.9052 17.0764 0.599991
      vertex 17.9052 17.0764 10.9936
    endloop
  endfacet
  facet normal 0.907386 -0.420297 8.16507e-06
    outer loop
      vertex 17.4719 16.1407 0.599991
      vertex 17.7689 16.7821 11.0002
      vertex 17.6399 16.5036 11.0065
    endloop
  endfacet
  facet normal 0.907476 -0.420105 0
    outer loop
      vertex 17.4719 16.1407 0.599991
      vertex 17.6399 16.5036 11.0065
      vertex 17.4719 16.1407 10.9936
    endloop
  endfacet
  facet normal 0.907428 -0.420208 1.46584e-06
    outer loop
      vertex 17.7689 16.7821 11.0002
      vertex 17.4719 16.1407 0.599991
      vertex 17.9052 17.0764 0.599991
    endloop
  endfacet
  facet normal 0.907408 -0.420251 0
    outer loop
      vertex 17.7689 16.7821 27.0002
      vertex 17.9052 17.0764 21.0064
      vertex 17.9052 17.0764 26.9936
    endloop
  endfacet
  facet normal 0.907386 -0.420297 0
    outer loop
      vertex 17.6399 16.5036 20.9935
      vertex 17.7689 16.7821 27.0002
      vertex 17.6399 16.5036 27.0065
    endloop
  endfacet
  facet normal 0.907398 -0.420273 -1.35963e-06
    outer loop
      vertex 17.7689 16.7821 27.0002
      vertex 17.6399 16.5036 20.9935
      vertex 17.9052 17.0764 21.0064
    endloop
  endfacet
  facet normal 0.907499 -0.420054 0
    outer loop
      vertex 17.6399 16.5036 27.0065
      vertex 17.5115 16.2262 21.0034
      vertex 17.6399 16.5036 20.9935
    endloop
  endfacet
  facet normal 0.907476 -0.420105 2.85392e-06
    outer loop
      vertex 17.4719 16.1407 26.9936
      vertex 17.5115 16.2262 21.0034
      vertex 17.6399 16.5036 27.0065
    endloop
  endfacet
  facet normal 0.907399 -0.420269 0
    outer loop
      vertex 17.5115 16.2262 21.0034
      vertex 17.4719 16.1407 26.9936
      vertex 17.4719 16.1407 21.0064
    endloop
  endfacet
  facet normal 0.641766 -0.297179 -0.70698
    outer loop
      vertex 17.3543 17.3141 0
      vertex 17.4719 16.1407 0.599991
      vertex 16.9343 16.4071 0
    endloop
  endfacet
  facet normal 0.641758 -0.297183 -0.706986
    outer loop
      vertex 17.9052 17.0764 0.599991
      vertex 17.4719 16.1407 0.599991
      vertex 17.3543 17.3141 0
    endloop
  endfacet
  facet normal -0.65661 0.262811 -0.706961
    outer loop
      vertex 15.0059 19.2482 0.599991
      vertex 15.2424 18.2251 0
      vertex 14.6915 18.4627 0.599991
    endloop
  endfacet
  facet normal -0.656585 0.262827 -0.706979
    outer loop
      vertex 15.5686 19.04 0
      vertex 15.2424 18.2251 0
      vertex 15.0059 19.2482 0.599991
    endloop
  endfacet
  facet normal -0.928395 0.371594 0
    outer loop
      vertex 14.6915 18.4627 0.599991
      vertex 15.0059 19.2482 47.4
      vertex 15.0059 19.2482 0.599991
    endloop
  endfacet
  facet normal -0.928395 0.371594 0
    outer loop
      vertex 15.0059 19.2482 47.4
      vertex 14.6915 18.4627 0.599991
      vertex 14.6915 18.4627 47.4
    endloop
  endfacet
  facet normal -0.656605 0.262836 0.706956
    outer loop
      vertex 15.2424 18.2251 48
      vertex 15.5686 19.04 48
      vertex 14.6915 18.4627 47.4
    endloop
  endfacet
  facet normal -0.656598 0.262806 0.706974
    outer loop
      vertex 15.5686 19.04 48
      vertex 15.0059 19.2482 47.4
      vertex 14.6915 18.4627 47.4
    endloop
  endfacet
  facet normal 0.656571 -0.262862 0.706978
    outer loop
      vertex 17.9052 17.0764 47.4
      vertex 18.2885 18.0338 47.4
      vertex 17.3543 17.3141 48
    endloop
  endfacet
  facet normal 0.656547 -0.262788 0.707028
    outer loop
      vertex 18.2885 18.0338 47.4
      vertex 17.7257 18.242 48
      vertex 17.3543 17.3141 48
    endloop
  endfacet
  facet normal 0.928368 -0.371661 0
    outer loop
      vertex 18.2885 18.0338 47.4
      vertex 18.0519 17.4428 36.9936
      vertex 18.2885 18.0338 37.0064
    endloop
  endfacet
  facet normal 0.928363 -0.371675 8.81485e-07
    outer loop
      vertex 17.9052 17.0764 47.4
      vertex 18.0519 17.4428 36.9936
      vertex 18.2885 18.0338 47.4
    endloop
  endfacet
  facet normal 0.928273 -0.371898 -8.25143e-06
    outer loop
      vertex 18.0519 17.4428 36.9936
      vertex 17.9052 17.0764 47.4
      vertex 17.9382 17.159 37.0035
    endloop
  endfacet
  facet normal 0.928632 -0.371003 0
    outer loop
      vertex 17.9382 17.159 37.0035
      vertex 17.9052 17.0764 47.4
      vertex 17.9052 17.0764 37.0064
    endloop
  endfacet
  facet normal 0.928351 -0.371704 0
    outer loop
      vertex 18.1659 17.7276 11.0003
      vertex 18.2885 18.0338 0.599991
      vertex 18.2885 18.0338 10.9936
    endloop
  endfacet
  facet normal 0.928387 -0.371616 -3.3054e-06
    outer loop
      vertex 17.9052 17.0764 0.599991
      vertex 18.1659 17.7276 11.0003
      vertex 18.0519 17.4428 11.0064
    endloop
  endfacet
  facet normal 0.928354 -0.371696 0
    outer loop
      vertex 17.9052 17.0764 0.599991
      vertex 18.0519 17.4428 11.0064
      vertex 17.9052 17.0764 10.9936
    endloop
  endfacet
  facet normal 0.928363 -0.371675 1.00507e-06
    outer loop
      vertex 18.1659 17.7276 11.0003
      vertex 17.9052 17.0764 0.599991
      vertex 18.2885 18.0338 0.599991
    endloop
  endfacet
  facet normal 0.928351 -0.371704 0
    outer loop
      vertex 18.1659 17.7276 27.0003
      vertex 18.2885 18.0338 21.0064
      vertex 18.2885 18.0338 26.9936
    endloop
  endfacet
  facet normal 0.928387 -0.371615 0
    outer loop
      vertex 18.0519 17.4428 20.9936
      vertex 18.1659 17.7276 27.0003
      vertex 18.0519 17.4428 27.0064
    endloop
  endfacet
  facet normal 0.928368 -0.371662 2.53407e-06
    outer loop
      vertex 18.1659 17.7276 27.0003
      vertex 18.0519 17.4428 20.9936
      vertex 18.2885 18.0338 21.0064
    endloop
  endfacet
  facet normal 0.928274 -0.371898 0
    outer loop
      vertex 18.0519 17.4428 27.0064
      vertex 17.9382 17.159 21.0035
      vertex 18.0519 17.4428 20.9936
    endloop
  endfacet
  facet normal 0.928354 -0.371696 -1.10853e-05
    outer loop
      vertex 17.9052 17.0764 26.9936
      vertex 17.9382 17.159 21.0035
      vertex 18.0519 17.4428 27.0064
    endloop
  endfacet
  facet normal 0.928632 -0.371003 0
    outer loop
      vertex 17.9382 17.159 21.0035
      vertex 17.9052 17.0764 26.9936
      vertex 17.9052 17.0764 21.0064
    endloop
  endfacet
  facet normal 0.656589 -0.262805 -0.706983
    outer loop
      vertex 17.7257 18.242 0
      vertex 17.9052 17.0764 0.599991
      vertex 17.3543 17.3141 0
    endloop
  endfacet
  facet normal 0.65652 -0.262841 -0.707033
    outer loop
      vertex 18.2885 18.0338 0.599991
      vertex 17.9052 17.0764 0.599991
      vertex 17.7257 18.242 0
    endloop
  endfacet
  facet normal -0.66956 0.227756 -0.706977
    outer loop
      vertex 15.2784 20.0493 0.599991
      vertex 15.5686 19.04 0
      vertex 15.0059 19.2482 0.599991
    endloop
  endfacet
  facet normal -0.669487 0.227808 -0.70703
    outer loop
      vertex 15.8514 19.8711 0
      vertex 15.5686 19.04 0
      vertex 15.2784 20.0493 0.599991
    endloop
  endfacet
  facet normal -0.946727 0.322036 0
    outer loop
      vertex 15.0059 19.2482 0.599991
      vertex 15.2784 20.0493 47.4
      vertex 15.2784 20.0493 0.599991
    endloop
  endfacet
  facet normal -0.946727 0.322036 0
    outer loop
      vertex 15.2784 20.0493 47.4
      vertex 15.0059 19.2482 0.599991
      vertex 15.0059 19.2482 47.4
    endloop
  endfacet
  facet normal -0.669541 0.227826 0.706973
    outer loop
      vertex 15.5686 19.04 48
      vertex 15.8514 19.8711 48
      vertex 15.0059 19.2482 47.4
    endloop
  endfacet
  facet normal -0.669515 0.22774 0.707025
    outer loop
      vertex 15.8514 19.8711 48
      vertex 15.2784 20.0493 47.4
      vertex 15.0059 19.2482 47.4
    endloop
  endfacet
  facet normal 0.669511 -0.227742 0.707028
    outer loop
      vertex 18.2885 18.0338 47.4
      vertex 18.6206 19.0101 47.4
      vertex 17.7257 18.242 48
    endloop
  endfacet
  facet normal 0.669524 -0.227774 0.707006
    outer loop
      vertex 18.6206 19.0101 47.4
      vertex 18.0476 19.1882 48
      vertex 17.7257 18.242 48
    endloop
  endfacet
  facet normal 0.946719 -0.322062 0
    outer loop
      vertex 18.6206 19.0101 47.4
      vertex 18.4138 18.4022 36.9936
      vertex 18.6206 19.0101 37.0063
    endloop
  endfacet
  facet normal 0.946726 -0.32204 -1.42105e-06
    outer loop
      vertex 18.2885 18.0338 47.4
      vertex 18.4138 18.4022 36.9936
      vertex 18.6206 19.0101 47.4
    endloop
  endfacet
  facet normal 0.946735 -0.322014 -3.99866e-07
    outer loop
      vertex 18.4138 18.4022 36.9936
      vertex 18.2885 18.0338 47.4
      vertex 18.3154 18.1129 37.0036
    endloop
  endfacet
  facet normal 0.946751 -0.321967 0
    outer loop
      vertex 18.3154 18.1129 37.0036
      vertex 18.2885 18.0338 47.4
      vertex 18.2885 18.0338 37.0064
    endloop
  endfacet
  facet normal 0.946756 -0.321951 0
    outer loop
      vertex 18.5127 18.6928 11.0003
      vertex 18.6206 19.0101 0.599991
      vertex 18.6206 19.0101 10.9937
    endloop
  endfacet
  facet normal 0.946677 -0.322183 7.06329e-06
    outer loop
      vertex 18.2885 18.0338 0.599991
      vertex 18.5127 18.6928 11.0003
      vertex 18.4138 18.4022 11.0064
    endloop
  endfacet
  facet normal 0.946738 -0.322004 0
    outer loop
      vertex 18.2885 18.0338 0.599991
      vertex 18.4138 18.4022 11.0064
      vertex 18.2885 18.0338 10.9936
    endloop
  endfacet
  facet normal 0.946726 -0.32204 -3.03584e-06
    outer loop
      vertex 18.5127 18.6928 11.0003
      vertex 18.2885 18.0338 0.599991
      vertex 18.6206 19.0101 0.599991
    endloop
  endfacet
  facet normal 0.946756 -0.321951 0
    outer loop
      vertex 18.5127 18.6928 27.0003
      vertex 18.6206 19.0101 21.0063
      vertex 18.6206 19.0101 26.9937
    endloop
  endfacet
  facet normal 0.946677 -0.322183 0
    outer loop
      vertex 18.4138 18.4022 20.9936
      vertex 18.5127 18.6928 27.0003
      vertex 18.4138 18.4022 27.0064
    endloop
  endfacet
  facet normal 0.946719 -0.322062 -6.54801e-06
    outer loop
      vertex 18.5127 18.6928 27.0003
      vertex 18.4138 18.4022 20.9936
      vertex 18.6206 19.0101 21.0063
    endloop
  endfacet
  facet normal 0.946735 -0.322014 0
    outer loop
      vertex 18.4138 18.4022 27.0064
      vertex 18.3154 18.1129 21.0036
      vertex 18.4138 18.4022 20.9936
    endloop
  endfacet
  facet normal 0.946738 -0.322004 -5.44613e-07
    outer loop
      vertex 18.2885 18.0338 26.9936
      vertex 18.3154 18.1129 21.0036
      vertex 18.4138 18.4022 27.0064
    endloop
  endfacet
  facet normal 0.946751 -0.321967 0
    outer loop
      vertex 18.3154 18.1129 21.0036
      vertex 18.2885 18.0338 26.9936
      vertex 18.2885 18.0338 21.0064
    endloop
  endfacet
  facet normal 0.669497 -0.227765 -0.707034
    outer loop
      vertex 18.0476 19.1882 0
      vertex 18.2885 18.0338 0.599991
      vertex 17.7257 18.242 0
    endloop
  endfacet
  facet normal 0.669527 -0.227747 -0.707012
    outer loop
      vertex 18.6206 19.0101 0.599991
      vertex 18.2885 18.0338 0.599991
      vertex 18.0476 19.1882 0
    endloop
  endfacet
  facet normal -0.680601 0.19207 -0.70703
    outer loop
      vertex 15.5082 20.8636 0.599991
      vertex 15.8514 19.8711 0
      vertex 15.2784 20.0493 0.599991
    endloop
  endfacet
  facet normal -0.680628 0.192048 -0.70701
    outer loop
      vertex 16.0898 20.716 0
      vertex 15.8514 19.8711 0
      vertex 15.5082 20.8636 0.599991
    endloop
  endfacet
  facet normal -0.962411 0.271598 0
    outer loop
      vertex 15.2784 20.0493 0.599991
      vertex 15.5082 20.8636 47.4
      vertex 15.5082 20.8636 0.599991
    endloop
  endfacet
  facet normal -0.962411 0.271598 0
    outer loop
      vertex 15.5082 20.8636 47.4
      vertex 15.2784 20.0493 0.599991
      vertex 15.2784 20.0493 47.4
    endloop
  endfacet
  facet normal -0.680614 0.192045 0.707024
    outer loop
      vertex 15.8514 19.8711 48
      vertex 16.0898 20.716 48
      vertex 15.2784 20.0493 47.4
    endloop
  endfacet
  facet normal -0.680626 0.192076 0.707004
    outer loop
      vertex 16.0898 20.716 48
      vertex 15.5082 20.8636 47.4
      vertex 15.2784 20.0493 47.4
    endloop
  endfacet
  facet normal 0.680633 -0.192037 0.707008
    outer loop
      vertex 18.6206 19.0101 47.4
      vertex 18.9006 20.0025 47.4
      vertex 18.0476 19.1882 48
    endloop
  endfacet
  facet normal 0.680672 -0.192122 0.706947
    outer loop
      vertex 18.9006 20.0025 47.4
      vertex 18.3191 20.1501 48
      vertex 18.0476 19.1882 48
    endloop
  endfacet
  facet normal 0.962428 -0.271537 0
    outer loop
      vertex 18.9006 20.0025 47.4
      vertex 18.7248 19.3794 36.9936
      vertex 18.9006 20.0025 37.0063
    endloop
  endfacet
  facet normal 0.962426 -0.271543 3.80225e-07
    outer loop
      vertex 18.6206 19.0101 47.4
      vertex 18.7248 19.3794 36.9936
      vertex 18.9006 20.0025 47.4
    endloop
  endfacet
  facet normal 0.962408 -0.271608 -2.10315e-06
    outer loop
      vertex 18.7248 19.3794 36.9936
      vertex 18.6206 19.0101 47.4
      vertex 18.6418 19.0853 37.0037
    endloop
  endfacet
  facet normal 0.962484 -0.271339 0
    outer loop
      vertex 18.6418 19.0853 37.0037
      vertex 18.6206 19.0101 47.4
      vertex 18.6206 19.0101 37.0063
    endloop
  endfacet
  facet normal 0.962471 -0.271383 0
    outer loop
      vertex 18.8082 19.6748 11.0004
      vertex 18.9006 20.0025 0.599991
      vertex 18.9006 20.0025 10.9937
    endloop
  endfacet
  facet normal 0.96238 -0.271708 5.92519e-06
    outer loop
      vertex 18.6206 19.0101 0.599991
      vertex 18.8082 19.6748 11.0004
      vertex 18.7248 19.3794 11.0064
    endloop
  endfacet
  facet normal 0.962423 -0.271553 0
    outer loop
      vertex 18.6206 19.0101 0.599991
      vertex 18.7248 19.3794 11.0064
      vertex 18.6206 19.0101 10.9937
    endloop
  endfacet
  facet normal 0.962426 -0.271543 -5.43065e-06
    outer loop
      vertex 18.8082 19.6748 11.0004
      vertex 18.6206 19.0101 0.599991
      vertex 18.9006 20.0025 0.599991
    endloop
  endfacet
  facet normal 0.962471 -0.271383 0
    outer loop
      vertex 18.8082 19.6748 27.0004
      vertex 18.9006 20.0025 21.0063
      vertex 18.9006 20.0025 26.9937
    endloop
  endfacet
  facet normal 0.96238 -0.271708 0
    outer loop
      vertex 18.7248 19.3794 20.9936
      vertex 18.8082 19.6748 27.0004
      vertex 18.7248 19.3794 27.0064
    endloop
  endfacet
  facet normal 0.962428 -0.271537 -9.06551e-06
    outer loop
      vertex 18.8082 19.6748 27.0004
      vertex 18.7248 19.3794 20.9936
      vertex 18.9006 20.0025 21.0063
    endloop
  endfacet
  facet normal 0.962408 -0.271608 0
    outer loop
      vertex 18.7248 19.3794 27.0064
      vertex 18.6418 19.0853 21.0037
      vertex 18.7248 19.3794 20.9936
    endloop
  endfacet
  facet normal 0.962424 -0.271553 -2.90502e-06
    outer loop
      vertex 18.6206 19.0101 26.9937
      vertex 18.6418 19.0853 21.0037
      vertex 18.7248 19.3794 27.0064
    endloop
  endfacet
  facet normal 0.962484 -0.271339 0
    outer loop
      vertex 18.6418 19.0853 21.0037
      vertex 18.6206 19.0101 26.9937
      vertex 18.6206 19.0101 21.0063
    endloop
  endfacet
  facet normal 0.680608 -0.192104 -0.707014
    outer loop
      vertex 18.3191 20.1501 0
      vertex 18.6206 19.0101 0.599991
      vertex 18.0476 19.1882 0
    endloop
  endfacet
  facet normal 0.680686 -0.192052 -0.706953
    outer loop
      vertex 18.9006 20.0025 0.599991
      vertex 18.6206 19.0101 0.599991
      vertex 18.3191 20.1501 0
    endloop
  endfacet
  facet normal -0.689827 0.155802 -0.707011
    outer loop
      vertex 15.6946 21.6889 0.599991
      vertex 16.0898 20.716 0
      vertex 15.5082 20.8636 0.599991
    endloop
  endfacet
  facet normal -0.689828 0.155801 -0.70701
    outer loop
      vertex 16.2832 21.5723 0
      vertex 16.0898 20.716 0
      vertex 15.6946 21.6889 0.599991
    endloop
  endfacet
  facet normal -0.97543 0.220308 0
    outer loop
      vertex 15.5082 20.8636 0.599991
      vertex 15.6946 21.6889 47.4
      vertex 15.6946 21.6889 0.599991
    endloop
  endfacet
  facet normal -0.97543 0.220308 0
    outer loop
      vertex 15.6946 21.6889 47.4
      vertex 15.5082 20.8636 0.599991
      vertex 15.5082 20.8636 47.4
    endloop
  endfacet
  facet normal -0.689833 0.155802 0.707005
    outer loop
      vertex 16.0898 20.716 48
      vertex 16.2832 21.5723 48
      vertex 15.5082 20.8636 47.4
    endloop
  endfacet
  facet normal -0.689833 0.155804 0.707004
    outer loop
      vertex 16.2832 21.5723 48
      vertex 15.6946 21.6889 47.4
      vertex 15.5082 20.8636 47.4
    endloop
  endfacet
  facet normal 0.689887 -0.155823 0.706948
    outer loop
      vertex 18.9006 20.0025 47.4
      vertex 19.1278 21.0084 47.4
      vertex 18.3191 20.1501 48
    endloop
  endfacet
  facet normal 0.689888 -0.155824 0.706947
    outer loop
      vertex 19.1278 21.0084 47.4
      vertex 18.5393 21.125 48
      vertex 18.3191 20.1501 48
    endloop
  endfacet
  facet normal 0.975431 -0.220303 0
    outer loop
      vertex 19.1278 21.0084 47.4
      vertex 18.984 20.3717 36.9937
      vertex 19.1278 21.0084 37.0062
    endloop
  endfacet
  facet normal 0.975428 -0.220317 9.15073e-07
    outer loop
      vertex 18.9006 20.0025 47.4
      vertex 18.984 20.3717 36.9937
      vertex 19.1278 21.0084 47.4
    endloop
  endfacet
  facet normal 0.97545 -0.220221 4.52724e-06
    outer loop
      vertex 18.984 20.3717 36.9937
      vertex 18.9006 20.0025 47.4
      vertex 18.9167 20.0736 37.0039
    endloop
  endfacet
  facet normal 0.975308 -0.22085 0
    outer loop
      vertex 18.9167 20.0736 37.0039
      vertex 18.9006 20.0025 47.4
      vertex 18.9006 20.0025 37.0063
    endloop
  endfacet
  facet normal 0.975433 -0.220296 0
    outer loop
      vertex 19.0516 20.671 11.0004
      vertex 19.1278 21.0084 0.599991
      vertex 19.1278 21.0084 10.9938
    endloop
  endfacet
  facet normal 0.97543 -0.220311 -1.15795e-06
    outer loop
      vertex 18.9006 20.0025 0.599991
      vertex 19.0516 20.671 11.0004
      vertex 18.984 20.3717 11.0063
    endloop
  endfacet
  facet normal 0.975423 -0.220342 0
    outer loop
      vertex 18.9006 20.0025 0.599991
      vertex 18.984 20.3717 11.0063
      vertex 18.9006 20.0025 10.9937
    endloop
  endfacet
  facet normal 0.975428 -0.220317 -7.17928e-07
    outer loop
      vertex 19.0516 20.671 11.0004
      vertex 18.9006 20.0025 0.599991
      vertex 19.1278 21.0084 0.599991
    endloop
  endfacet
  facet normal 0.975433 -0.220296 0
    outer loop
      vertex 19.0516 20.671 27.0004
      vertex 19.1278 21.0084 21.0062
      vertex 19.1278 21.0084 26.9938
    endloop
  endfacet
  facet normal 0.97543 -0.220311 0
    outer loop
      vertex 18.984 20.3717 20.9937
      vertex 19.0516 20.671 27.0004
      vertex 18.984 20.3717 27.0063
    endloop
  endfacet
  facet normal 0.975431 -0.220303 -4.03374e-07
    outer loop
      vertex 19.0516 20.671 27.0004
      vertex 18.984 20.3717 20.9937
      vertex 19.1278 21.0084 21.0062
    endloop
  endfacet
  facet normal 0.97545 -0.220221 0
    outer loop
      vertex 18.984 20.3717 27.0063
      vertex 18.9167 20.0736 21.0039
      vertex 18.984 20.3717 20.9937
    endloop
  endfacet
  facet normal 0.975423 -0.220342 6.34018e-06
    outer loop
      vertex 18.9006 20.0025 26.9937
      vertex 18.9167 20.0736 21.0039
      vertex 18.984 20.3717 27.0063
    endloop
  endfacet
  facet normal 0.975308 -0.22085 0
    outer loop
      vertex 18.9167 20.0736 21.0039
      vertex 18.9006 20.0025 26.9937
      vertex 18.9006 20.0025 21.0063
    endloop
  endfacet
  facet normal 0.689881 -0.155823 -0.706953
    outer loop
      vertex 18.5393 21.125 0
      vertex 18.9006 20.0025 0.599991
      vertex 18.3191 20.1501 0
    endloop
  endfacet
  facet normal 0.689883 -0.155822 -0.706952
    outer loop
      vertex 19.1278 21.0084 0.599991
      vertex 18.9006 20.0025 0.599991
      vertex 18.5393 21.125 0
    endloop
  endfacet
  facet normal -0.697102 0.119095 -0.707012
    outer loop
      vertex 15.8371 22.523 0.599991
      vertex 16.2832 21.5723 0
      vertex 15.6946 21.6889 0.599991
    endloop
  endfacet
  facet normal -0.697123 0.119074 -0.706994
    outer loop
      vertex 16.431 22.4376 0
      vertex 16.2832 21.5723 0
      vertex 15.8371 22.523 0.599991
    endloop
  endfacet
  facet normal -0.985718 0.168403 0
    outer loop
      vertex 15.6946 21.6889 0.599991
      vertex 15.8371 22.523 47.4
      vertex 15.8371 22.523 0.599991
    endloop
  endfacet
  facet normal -0.985718 0.168403 0
    outer loop
      vertex 15.8371 22.523 47.4
      vertex 15.6946 21.6889 0.599991
      vertex 15.6946 21.6889 47.4
    endloop
  endfacet
  facet normal -0.697111 0.119072 0.707006
    outer loop
      vertex 16.2832 21.5723 48
      vertex 16.431 22.4376 48
      vertex 15.6946 21.6889 47.4
    endloop
  endfacet
  facet normal -0.697124 0.119099 0.706989
    outer loop
      vertex 16.431 22.4376 48
      vertex 15.8371 22.523 47.4
      vertex 15.6946 21.6889 47.4
    endloop
  endfacet
  facet normal 0.69716 -0.119131 0.706949
    outer loop
      vertex 19.1278 21.0084 47.4
      vertex 19.3015 22.0249 47.4
      vertex 18.5393 21.125 48
    endloop
  endfacet
  facet normal 0.697136 -0.11909 0.706979
    outer loop
      vertex 19.3015 22.0249 47.4
      vertex 18.7076 22.1102 48
      vertex 18.5393 21.125 48
    endloop
  endfacet
  facet normal 0.985729 -0.16834 0
    outer loop
      vertex 19.3015 22.0249 47.4
      vertex 19.1907 21.3761 36.9937
      vertex 19.3015 22.0249 37.0062
    endloop
  endfacet
  facet normal 0.985712 -0.168439 6.37013e-06
    outer loop
      vertex 19.1278 21.0084 47.4
      vertex 19.1907 21.3761 36.9937
      vertex 19.3015 22.0249 47.4
    endloop
  endfacet
  facet normal 0.985695 -0.168537 2.81169e-06
    outer loop
      vertex 19.1907 21.3761 36.9937
      vertex 19.1278 21.0084 47.4
      vertex 19.1392 21.0749 37.004
    endloop
  endfacet
  facet normal 0.985622 -0.168964 0
    outer loop
      vertex 19.1392 21.0749 37.004
      vertex 19.1278 21.0084 47.4
      vertex 19.1278 21.0084 37.0062
    endloop
  endfacet
  facet normal 0.985748 -0.168229 0
    outer loop
      vertex 19.2424 21.6786 11.0005
      vertex 19.3015 22.0249 0.599991
      vertex 19.3015 22.0249 10.9938
    endloop
  endfacet
  facet normal 0.985707 -0.168466 -5.36969e-06
    outer loop
      vertex 19.1278 21.0084 0.599991
      vertex 19.2424 21.6786 11.0005
      vertex 19.1907 21.3761 11.0063
    endloop
  endfacet
  facet normal 0.985682 -0.168614 0
    outer loop
      vertex 19.1278 21.0084 0.599991
      vertex 19.1907 21.3761 11.0063
      vertex 19.1278 21.0084 10.9938
    endloop
  endfacet
  facet normal 0.985712 -0.168439 -7.19416e-06
    outer loop
      vertex 19.2424 21.6786 11.0005
      vertex 19.1278 21.0084 0.599991
      vertex 19.3015 22.0249 0.599991
    endloop
  endfacet
  facet normal 0.985748 -0.168229 0
    outer loop
      vertex 19.2424 21.6786 27.0005
      vertex 19.3015 22.0249 21.0062
      vertex 19.3015 22.0249 26.9938
    endloop
  endfacet
  facet normal 0.985707 -0.168466 0
    outer loop
      vertex 19.1907 21.3761 20.9937
      vertex 19.2424 21.6786 27.0005
      vertex 19.1907 21.3761 27.0063
    endloop
  endfacet
  facet normal 0.985729 -0.16834 -6.57249e-06
    outer loop
      vertex 19.2424 21.6786 27.0005
      vertex 19.1907 21.3761 20.9937
      vertex 19.3015 22.0249 21.0062
    endloop
  endfacet
  facet normal 0.985695 -0.168537 0
    outer loop
      vertex 19.1907 21.3761 27.0063
      vertex 19.1392 21.0749 21.004
      vertex 19.1907 21.3761 20.9937
    endloop
  endfacet
  facet normal 0.985682 -0.168614 3.99502e-06
    outer loop
      vertex 19.1278 21.0084 26.9938
      vertex 19.1392 21.0749 21.004
      vertex 19.1907 21.3761 27.0063
    endloop
  endfacet
  facet normal 0.985622 -0.168964 0
    outer loop
      vertex 19.1392 21.0749 21.004
      vertex 19.1278 21.0084 26.9938
      vertex 19.1278 21.0084 21.0062
    endloop
  endfacet
  facet normal 0.697161 -0.119095 -0.706953
    outer loop
      vertex 18.7076 22.1102 0
      vertex 19.1278 21.0084 0.599991
      vertex 18.5393 21.125 0
    endloop
  endfacet
  facet normal 0.697125 -0.119125 -0.706984
    outer loop
      vertex 19.3015 22.0249 0.599991
      vertex 19.1278 21.0084 0.599991
      vertex 18.7076 22.1102 0
    endloop
  endfacet
  facet normal -0.702431 0.082162 -0.706994
    outer loop
      vertex 15.9354 23.3634 0.599991
      vertex 16.431 22.4376 0
      vertex 15.8371 22.523 0.599991
    endloop
  endfacet
  facet normal -0.702487 0.0821005 -0.706946
    outer loop
      vertex 16.5329 23.3095 0
      vertex 16.431 22.4376 0
      vertex 15.9354 23.3634 0.599991
    endloop
  endfacet
  facet normal -0.993229 0.116176 0
    outer loop
      vertex 15.8371 22.523 0.599991
      vertex 15.9354 23.3634 47.4
      vertex 15.9354 23.3634 0.599991
    endloop
  endfacet
  facet normal -0.993229 0.116176 0
    outer loop
      vertex 15.9354 23.3634 47.4
      vertex 15.8371 22.523 0.599991
      vertex 15.8371 22.523 47.4
    endloop
  endfacet
  facet normal -0.702445 0.0820955 0.706988
    outer loop
      vertex 16.431 22.4376 48
      vertex 16.5329 23.3095 48
      vertex 15.8371 22.523 47.4
    endloop
  endfacet
  facet normal -0.702485 0.0821683 0.706939
    outer loop
      vertex 16.5329 23.3095 48
      vertex 15.9354 23.3634 47.4
      vertex 15.8371 22.523 47.4
    endloop
  endfacet
  facet normal 0.702451 -0.0820967 0.706981
    outer loop
      vertex 19.3015 22.0249 47.4
      vertex 19.4212 23.0491 47.4
      vertex 18.7076 22.1102 48
    endloop
  endfacet
  facet normal 0.702487 -0.0821502 0.70694
    outer loop
      vertex 19.4212 23.0491 47.4
      vertex 18.8237 23.103 48
      vertex 18.7076 22.1102 48
    endloop
  endfacet
  facet normal 0.993243 -0.116054 0
    outer loop
      vertex 19.4212 23.0491 47.4
      vertex 19.3442 22.3901 36.9937
      vertex 19.4212 23.0491 37.0062
    endloop
  endfacet
  facet normal 0.99324 -0.116082 1.76131e-06
    outer loop
      vertex 19.3015 22.0249 47.4
      vertex 19.3442 22.3901 36.9937
      vertex 19.4212 23.0491 47.4
    endloop
  endfacet
  facet normal 0.993229 -0.116177 -1.62153e-06
    outer loop
      vertex 19.3442 22.3901 36.9937
      vertex 19.3015 22.0249 47.4
      vertex 19.3087 22.0866 37.0041
    endloop
  endfacet
  facet normal 0.99326 -0.115907 0
    outer loop
      vertex 19.3087 22.0866 37.0041
      vertex 19.3015 22.0249 47.4
      vertex 19.3015 22.0249 37.0062
    endloop
  endfacet
  facet normal 0.993238 -0.116093 0
    outer loop
      vertex 19.3798 22.6949 11.0005
      vertex 19.4212 23.0491 0.599991
      vertex 19.4212 23.0491 10.9938
    endloop
  endfacet
  facet normal 0.993248 -0.116009 -4.33104e-06
    outer loop
      vertex 19.3015 22.0249 0.599991
      vertex 19.3798 22.6949 11.0005
      vertex 19.3442 22.3901 11.0063
    endloop
  endfacet
  facet normal 0.993234 -0.116131 0
    outer loop
      vertex 19.3015 22.0249 0.599991
      vertex 19.3442 22.3901 11.0063
      vertex 19.3015 22.0249 10.9938
    endloop
  endfacet
  facet normal 0.99324 -0.116082 3.86025e-07
    outer loop
      vertex 19.3798 22.6949 11.0005
      vertex 19.3015 22.0249 0.599991
      vertex 19.4212 23.0491 0.599991
    endloop
  endfacet
  facet normal 0.993238 -0.116093 0
    outer loop
      vertex 19.3798 22.6949 27.0005
      vertex 19.4212 23.0491 21.0062
      vertex 19.4212 23.0491 26.9938
    endloop
  endfacet
  facet normal 0.993248 -0.116009 0
    outer loop
      vertex 19.3442 22.3901 20.9937
      vertex 19.3798 22.6949 27.0005
      vertex 19.3442 22.3901 27.0063
    endloop
  endfacet
  facet normal 0.993243 -0.116054 2.31064e-06
    outer loop
      vertex 19.3798 22.6949 27.0005
      vertex 19.3442 22.3901 20.9937
      vertex 19.4212 23.0491 21.0062
    endloop
  endfacet
  facet normal 0.993229 -0.116177 0
    outer loop
      vertex 19.3442 22.3901 27.0063
      vertex 19.3087 22.0866 21.0041
      vertex 19.3442 22.3901 20.9937
    endloop
  endfacet
  facet normal 0.993234 -0.116131 -2.3376e-06
    outer loop
      vertex 19.3015 22.0249 26.9938
      vertex 19.3087 22.0866 21.0041
      vertex 19.3442 22.3901 27.0063
    endloop
  endfacet
  facet normal 0.99326 -0.115907 0
    outer loop
      vertex 19.3087 22.0866 21.0041
      vertex 19.3015 22.0249 26.9938
      vertex 19.3015 22.0249 21.0062
    endloop
  endfacet
  facet normal 0.70244 -0.0821447 -0.706987
    outer loop
      vertex 18.8237 23.103 0
      vertex 19.3015 22.0249 0.599991
      vertex 18.7076 22.1102 0
    endloop
  endfacet
  facet normal 0.702487 -0.0821008 -0.706946
    outer loop
      vertex 19.4212 23.0491 0.599991
      vertex 19.3015 22.0249 0.599991
      vertex 18.8237 23.103 0
    endloop
  endfacet
  facet normal -0.705849 0.0448052 -0.706944
    outer loop
      vertex 15.989 24.2078 0.599991
      vertex 16.5329 23.3095 0
      vertex 15.9354 23.3634 0.599991
    endloop
  endfacet
  facet normal -0.705794 0.0448724 -0.706994
    outer loop
      vertex 16.5886 24.1856 0
      vertex 16.5329 23.3095 0
      vertex 15.989 24.2078 0.599991
    endloop
  endfacet
  facet normal -0.997991 0.0633495 0
    outer loop
      vertex 15.9354 23.3634 0.599991
      vertex 15.989 24.2078 47.4
      vertex 15.989 24.2078 0.599991
    endloop
  endfacet
  facet normal -0.997991 0.0633495 0
    outer loop
      vertex 15.989 24.2078 47.4
      vertex 15.9354 23.3634 0.599991
      vertex 15.9354 23.3634 47.4
    endloop
  endfacet
  facet normal -0.705849 0.0448759 0.706939
    outer loop
      vertex 16.5329 23.3095 48
      vertex 16.5886 24.1856 48
      vertex 15.9354 23.3634 47.4
    endloop
  endfacet
  facet normal -0.705803 0.0448023 0.70699
    outer loop
      vertex 16.5886 24.1856 48
      vertex 15.989 24.2078 47.4
      vertex 15.9354 23.3634 47.4
    endloop
  endfacet
  facet normal 0.70585 -0.0448573 0.706939
    outer loop
      vertex 19.4212 23.0491 47.4
      vertex 19.4866 24.0782 47.4
      vertex 18.8237 23.103 48
    endloop
  endfacet
  facet normal 0.705803 -0.0447938 0.70699
    outer loop
      vertex 19.4866 24.0782 47.4
      vertex 18.887 24.1004 48
      vertex 18.8237 23.103 48
    endloop
  endfacet
  facet normal 0.997989 -0.0633928 0
    outer loop
      vertex 19.4866 24.0782 47.4
      vertex 19.4442 23.4107 36.9938
      vertex 19.4866 24.0782 37.0061
    endloop
  endfacet
  facet normal 0.997987 -0.0634227 1.92533e-06
    outer loop
      vertex 19.4212 23.0491 47.4
      vertex 19.4442 23.4107 36.9938
      vertex 19.4866 24.0782 47.4
    endloop
  endfacet
  facet normal 0.997982 -0.063499 -7.36892e-07
    outer loop
      vertex 19.4442 23.4107 36.9938
      vertex 19.4212 23.0491 47.4
      vertex 19.4248 23.1058 37.0042
    endloop
  endfacet
  facet normal 0.99799 -0.0633645 0
    outer loop
      vertex 19.4248 23.1058 37.0042
      vertex 19.4212 23.0491 47.4
      vertex 19.4212 23.0491 37.0062
    endloop
  endfacet
  facet normal 0.997996 -0.0632727 0
    outer loop
      vertex 19.4637 23.717 11.0006
      vertex 19.4866 24.0782 0.599991
      vertex 19.4866 24.0782 10.9939
    endloop
  endfacet
  facet normal 0.99798 -0.0635344 1.97127e-06
    outer loop
      vertex 19.4212 23.0491 0.599991
      vertex 19.4637 23.717 11.0006
      vertex 19.4442 23.4107 11.0062
    endloop
  endfacet
  facet normal 0.997983 -0.0634779 0
    outer loop
      vertex 19.4212 23.0491 0.599991
      vertex 19.4442 23.4107 11.0062
      vertex 19.4212 23.0491 10.9938
    endloop
  endfacet
  facet normal 0.997987 -0.0634227 -5.22991e-06
    outer loop
      vertex 19.4637 23.717 11.0006
      vertex 19.4212 23.0491 0.599991
      vertex 19.4866 24.0782 0.599991
    endloop
  endfacet
  facet normal 0.997996 -0.0632727 0
    outer loop
      vertex 19.4637 23.717 27.0006
      vertex 19.4866 24.0782 21.0061
      vertex 19.4866 24.0782 26.9939
    endloop
  endfacet
  facet normal 0.99798 -0.0635345 0
    outer loop
      vertex 19.4442 23.4107 20.9938
      vertex 19.4637 23.717 27.0006
      vertex 19.4442 23.4107 27.0062
    endloop
  endfacet
  facet normal 0.997989 -0.0633927 -7.25738e-06
    outer loop
      vertex 19.4637 23.717 27.0006
      vertex 19.4442 23.4107 20.9938
      vertex 19.4866 24.0782 21.0061
    endloop
  endfacet
  facet normal 0.997982 -0.063499 0
    outer loop
      vertex 19.4442 23.4107 27.0062
      vertex 19.4248 23.1058 21.0042
      vertex 19.4442 23.4107 20.9938
    endloop
  endfacet
  facet normal 0.997983 -0.0634779 -1.07788e-06
    outer loop
      vertex 19.4212 23.0491 26.9938
      vertex 19.4248 23.1058 21.0042
      vertex 19.4442 23.4107 27.0062
    endloop
  endfacet
  facet normal 0.99799 -0.0633645 0
    outer loop
      vertex 19.4248 23.1058 21.0042
      vertex 19.4212 23.0491 26.9938
      vertex 19.4212 23.0491 21.0062
    endloop
  endfacet
  facet normal 0.70585 -0.0447968 -0.706944
    outer loop
      vertex 18.887 24.1004 0
      vertex 19.4212 23.0491 0.599991
      vertex 18.8237 23.103 0
    endloop
  endfacet
  facet normal 0.705795 -0.0448538 -0.706995
    outer loop
      vertex 19.4866 24.0782 0.599991
      vertex 19.4212 23.0491 0.599991
      vertex 18.887 24.1004 0
    endloop
  endfacet
  facet normal -0.707178 0.00752228 -0.706996
    outer loop
      vertex 15.998 25.0539 0.599991
      vertex 16.5886 24.1856 0
      vertex 15.989 24.2078 0.599991
    endloop
  endfacet
  facet normal -0.7072 0.00749255 -0.706974
    outer loop
      vertex 16.5979 25.0634 0
      vertex 16.5886 24.1856 0
      vertex 15.998 25.0539 0.599991
    endloop
  endfacet
  facet normal -0.999943 0.0106364 0
    outer loop
      vertex 15.989 24.2078 0.599991
      vertex 15.998 25.0539 47.4
      vertex 15.998 25.0539 0.599991
    endloop
  endfacet
  facet normal -0.999943 0.0106364 0
    outer loop
      vertex 15.998 25.0539 47.4
      vertex 15.989 24.2078 0.599991
      vertex 15.989 24.2078 47.4
    endloop
  endfacet
  facet normal -0.707184 0.00749238 0.70699
    outer loop
      vertex 16.5886 24.1856 48
      vertex 16.5979 25.0634 48
      vertex 15.989 24.2078 47.4
    endloop
  endfacet
  facet normal -0.707205 0.00752257 0.706968
    outer loop
      vertex 16.5979 25.0634 48
      vertex 15.998 25.0539 47.4
      vertex 15.989 24.2078 47.4
    endloop
  endfacet
  facet normal 0.707184 -0.00747509 0.70699
    outer loop
      vertex 19.4866 24.0782 47.4
      vertex 19.4975 25.1094 47.4
      vertex 18.887 24.1004 48
    endloop
  endfacet
  facet normal 0.707205 -0.00750013 0.706969
    outer loop
      vertex 19.4975 25.1094 47.4
      vertex 18.8976 25.0999 48
      vertex 18.887 24.1004 48
    endloop
  endfacet
  facet normal 0.999945 -0.0105289 0
    outer loop
      vertex 19.4975 25.1094 47.4
      vertex 19.4904 24.4351 36.9938
      vertex 19.4975 25.1094 37.0061
    endloop
  endfacet
  facet normal 0.999944 -0.0105696 2.64176e-06
    outer loop
      vertex 19.4866 24.0782 47.4
      vertex 19.4904 24.4351 36.9938
      vertex 19.4975 25.1094 47.4
    endloop
  endfacet
  facet normal 0.999945 -0.0104773 5.80889e-06
    outer loop
      vertex 19.4904 24.4351 36.9938
      vertex 19.4866 24.0782 47.4
      vertex 19.4872 24.1297 37.0044
    endloop
  endfacet
  facet normal 0.999932 -0.0116497 0
    outer loop
      vertex 19.4872 24.1297 37.0044
      vertex 19.4866 24.0782 47.4
      vertex 19.4866 24.0782 37.0061
    endloop
  endfacet
  facet normal 0.999946 -0.0103452 0
    outer loop
      vertex 19.4937 24.7421 11.0006
      vertex 19.4975 25.1094 0.599991
      vertex 19.4975 25.1094 10.9939
    endloop
  endfacet
  facet normal 0.999942 -0.0107485 3.49402e-06
    outer loop
      vertex 19.4866 24.0782 0.599991
      vertex 19.4937 24.7421 11.0006
      vertex 19.4904 24.4351 11.0062
    endloop
  endfacet
  facet normal 0.999943 -0.0106466 0
    outer loop
      vertex 19.4866 24.0782 0.599991
      vertex 19.4904 24.4351 11.0062
      vertex 19.4866 24.0782 10.9939
    endloop
  endfacet
  facet normal 0.999944 -0.0105696 -7.92582e-06
    outer loop
      vertex 19.4937 24.7421 11.0006
      vertex 19.4866 24.0782 0.599991
      vertex 19.4975 25.1094 0.599991
    endloop
  endfacet
  facet normal 0.999946 -0.0103452 0
    outer loop
      vertex 19.4937 24.7421 27.0006
      vertex 19.4975 25.1094 21.0061
      vertex 19.4975 25.1094 26.9939
    endloop
  endfacet
  facet normal 0.999942 -0.0107486 0
    outer loop
      vertex 19.4904 24.4351 20.9938
      vertex 19.4937 24.7421 27.0006
      vertex 19.4904 24.4351 27.0062
    endloop
  endfacet
  facet normal 0.999945 -0.0105286 -1.12409e-05
    outer loop
      vertex 19.4937 24.7421 27.0006
      vertex 19.4904 24.4351 20.9938
      vertex 19.4975 25.1094 21.0061
    endloop
  endfacet
  facet normal 0.999945 -0.0104775 0
    outer loop
      vertex 19.4904 24.4351 27.0062
      vertex 19.4872 24.1297 21.0044
      vertex 19.4904 24.4351 20.9938
    endloop
  endfacet
  facet normal 0.999943 -0.0106469 8.62324e-06
    outer loop
      vertex 19.4866 24.0782 26.9939
      vertex 19.4872 24.1297 21.0044
      vertex 19.4904 24.4351 27.0062
    endloop
  endfacet
  facet normal 0.999932 -0.0116497 0
    outer loop
      vertex 19.4872 24.1297 21.0044
      vertex 19.4866 24.0782 26.9939
      vertex 19.4866 24.0782 21.0061
    endloop
  endfacet
  facet normal 0.707179 -0.00749984 -0.706995
    outer loop
      vertex 18.8976 25.0999 0
      vertex 19.4866 24.0782 0.599991
      vertex 18.887 24.1004 0
    endloop
  endfacet
  facet normal 0.7072 -0.00747525 -0.706974
    outer loop
      vertex 19.4975 25.1094 0.599991
      vertex 19.4866 24.0782 0.599991
      vertex 18.8976 25.0999 0
    endloop
  endfacet
  facet normal -0.706607 -0.0299261 -0.706973
    outer loop
      vertex 16.5979 25.0634 0
      vertex 15.998 25.0539 0.599991
      vertex 15.9622 25.8992 0.599991
    endloop
  endfacet
  facet normal -0.706584 -0.0298908 -0.706998
    outer loop
      vertex 16.5608 25.9404 0
      vertex 16.5979 25.0634 0
      vertex 15.9622 25.8992 0.599991
    endloop
  endfacet
  facet normal -0.999104 -0.0423139 0
    outer loop
      vertex 15.998 25.0539 0.599991
      vertex 15.9622 25.8992 47.4
      vertex 15.9622 25.8992 0.599991
    endloop
  endfacet
  facet normal -0.999104 -0.0423139 0
    outer loop
      vertex 15.9622 25.8992 47.4
      vertex 15.998 25.0539 0.599991
      vertex 15.998 25.0539 47.4
    endloop
  endfacet
  facet normal -0.706613 -0.0298921 0.706969
    outer loop
      vertex 16.5979 25.0634 48
      vertex 16.5608 25.9404 48
      vertex 15.998 25.0539 47.4
    endloop
  endfacet
  facet normal -0.706587 -0.0299253 0.706993
    outer loop
      vertex 15.998 25.0539 47.4
      vertex 16.5608 25.9404 48
      vertex 15.9622 25.8992 47.4
    endloop
  endfacet
  facet normal 0.706613 0.0299023 0.706968
    outer loop
      vertex 19.4975 25.1094 47.4
      vertex 19.4539 26.1397 47.4
      vertex 18.8976 25.0999 48
    endloop
  endfacet
  facet normal 0.706587 0.0299305 0.706993
    outer loop
      vertex 18.8976 25.0999 48
      vertex 19.4539 26.1397 47.4
      vertex 18.8553 26.0985 48
    endloop
  endfacet
  facet normal 0.999102 0.042371 0
    outer loop
      vertex 19.4539 26.1397 47.4
      vertex 19.4827 25.4606 36.9939
      vertex 19.4539 26.1397 37.006
    endloop
  endfacet
  facet normal 0.999106 0.0422799 5.95285e-06
    outer loop
      vertex 19.4975 25.1094 47.4
      vertex 19.4827 25.4606 36.9939
      vertex 19.4539 26.1397 47.4
    endloop
  endfacet
  facet normal 0.999107 0.0422436 4.72588e-06
    outer loop
      vertex 19.4827 25.4606 36.9939
      vertex 19.4975 25.1094 47.4
      vertex 19.4956 25.1555 37.0045
    endloop
  endfacet
  facet normal 0.999152 0.0411798 0
    outer loop
      vertex 19.4956 25.1555 37.0045
      vertex 19.4975 25.1094 47.4
      vertex 19.4975 25.1094 37.0061
    endloop
  endfacet
  facet normal 0.999101 0.0423894 0
    outer loop
      vertex 19.4697 25.7673 11.0006
      vertex 19.4539 26.1397 0.599991
      vertex 19.4539 26.1397 10.994
    endloop
  endfacet
  facet normal 0.999103 0.0423485 -8.27193e-06
    outer loop
      vertex 19.4975 25.1094 0.599991
      vertex 19.4697 25.7673 11.0006
      vertex 19.4827 25.4606 11.0061
    endloop
  endfacet
  facet normal 0.999113 0.0421039 -0
    outer loop
      vertex 19.4975 25.1094 0.599991
      vertex 19.4827 25.4606 11.0061
      vertex 19.4975 25.1094 10.9939
    endloop
  endfacet
  facet normal 0.999106 0.0422799 -3.92528e-06
    outer loop
      vertex 19.4697 25.7673 11.0006
      vertex 19.4975 25.1094 0.599991
      vertex 19.4539 26.1397 0.599991
    endloop
  endfacet
  facet normal 0.999101 0.0423894 0
    outer loop
      vertex 19.4697 25.7673 27.0006
      vertex 19.4539 26.1397 21.006
      vertex 19.4539 26.1397 26.994
    endloop
  endfacet
  facet normal 0.999103 0.0423487 -0
    outer loop
      vertex 19.4827 25.4606 20.9939
      vertex 19.4697 25.7673 27.0006
      vertex 19.4827 25.4606 27.0061
    endloop
  endfacet
  facet normal 0.999102 0.042371 -1.14241e-06
    outer loop
      vertex 19.4697 25.7673 27.0006
      vertex 19.4827 25.4606 20.9939
      vertex 19.4539 26.1397 21.006
    endloop
  endfacet
  facet normal 0.999107 0.0422435 0
    outer loop
      vertex 19.4827 25.4606 27.0061
      vertex 19.4956 25.1555 21.0045
      vertex 19.4827 25.4606 20.9939
    endloop
  endfacet
  facet normal 0.999113 0.0421036 7.12282e-06
    outer loop
      vertex 19.4975 25.1094 26.9939
      vertex 19.4956 25.1555 21.0045
      vertex 19.4827 25.4606 27.0061
    endloop
  endfacet
  facet normal 0.999152 0.0411798 0
    outer loop
      vertex 19.4956 25.1555 21.0045
      vertex 19.4975 25.1094 26.9939
      vertex 19.4975 25.1094 21.0061
    endloop
  endfacet
  facet normal 0.706607 0.0299314 -0.706973
    outer loop
      vertex 19.4975 25.1094 0.599991
      vertex 18.8976 25.0999 0
      vertex 18.8553 26.0985 0
    endloop
  endfacet
  facet normal 0.706583 0.029901 -0.706998
    outer loop
      vertex 19.4539 26.1397 0.599991
      vertex 19.4975 25.1094 0.599991
      vertex 18.8553 26.0985 0
    endloop
  endfacet
  facet normal -0.704016 -0.0672004 -0.706998
    outer loop
      vertex 16.5608 25.9404 0
      vertex 15.9622 25.8992 0.599991
      vertex 15.8818 26.7415 0.599991
    endloop
  endfacet
  facet normal -0.704057 -0.0672717 -0.70695
    outer loop
      vertex 16.4773 26.8143 0
      vertex 16.5608 25.9404 0
      vertex 15.8818 26.7415 0.599991
    endloop
  endfacet
  facet normal -0.995475 -0.095021 0
    outer loop
      vertex 15.9622 25.8992 0.599991
      vertex 15.8818 26.7415 47.4
      vertex 15.8818 26.7415 0.599991
    endloop
  endfacet
  facet normal -0.995475 -0.095021 0
    outer loop
      vertex 15.8818 26.7415 47.4
      vertex 15.9622 25.8992 0.599991
      vertex 15.9622 25.8992 47.4
    endloop
  endfacet
  facet normal -0.704015 -0.0672678 0.706992
    outer loop
      vertex 16.5608 25.9404 48
      vertex 16.4773 26.8143 48
      vertex 15.9622 25.8992 47.4
    endloop
  endfacet
  facet normal -0.70407 -0.0672055 0.706944
    outer loop
      vertex 15.9622 25.8992 47.4
      vertex 16.4773 26.8143 48
      vertex 15.8818 26.7415 47.4
    endloop
  endfacet
  facet normal 0.70402 0.0672128 0.706992
    outer loop
      vertex 19.4539 26.1397 47.4
      vertex 19.3559 27.1662 47.4
      vertex 18.8553 26.0985 48
    endloop
  endfacet
  facet normal 0.704009 0.0672237 0.707003
    outer loop
      vertex 18.8553 26.0985 48
      vertex 19.3559 27.1662 47.4
      vertex 18.7603 27.0934 48
    endloop
  endfacet
  facet normal 0.995474 0.0950364 0
    outer loop
      vertex 19.3559 27.1662 47.4
      vertex 19.421 26.4843 36.9939
      vertex 19.3559 27.1662 37.006
    endloop
  endfacet
  facet normal 0.995474 0.0950379 -9.78525e-08
    outer loop
      vertex 19.4539 26.1397 47.4
      vertex 19.421 26.4843 36.9939
      vertex 19.3559 27.1662 47.4
    endloop
  endfacet
  facet normal 0.995481 0.0949635 -2.5834e-06
    outer loop
      vertex 19.421 26.4843 36.9939
      vertex 19.4539 26.1397 47.4
      vertex 19.45 26.1803 37.0046
    endloop
  endfacet
  facet normal 0.995418 0.095619 0
    outer loop
      vertex 19.45 26.1803 37.0046
      vertex 19.4539 26.1397 47.4
      vertex 19.4539 26.1397 37.006
    endloop
  endfacet
  facet normal 0.99548 0.0949714 0
    outer loop
      vertex 19.3918 26.7899 11.0007
      vertex 19.3559 27.1662 0.599991
      vertex 19.3559 27.1662 10.994
    endloop
  endfacet
  facet normal 0.995466 0.0951165 -2.5278e-06
    outer loop
      vertex 19.4539 26.1397 0.599991
      vertex 19.3918 26.7899 11.0007
      vertex 19.421 26.4843 11.0061
    endloop
  endfacet
  facet normal 0.995473 0.0950408 -0
    outer loop
      vertex 19.4539 26.1397 0.599991
      vertex 19.421 26.4843 11.0061
      vertex 19.4539 26.1397 10.994
    endloop
  endfacet
  facet normal 0.995474 0.0950379 2.42893e-06
    outer loop
      vertex 19.3918 26.7899 11.0007
      vertex 19.4539 26.1397 0.599991
      vertex 19.3559 27.1662 0.599991
    endloop
  endfacet
  facet normal 0.99548 0.0949714 0
    outer loop
      vertex 19.3918 26.7899 27.0007
      vertex 19.3559 27.1662 21.006
      vertex 19.3559 27.1662 26.994
    endloop
  endfacet
  facet normal 0.995466 0.0951165 -0
    outer loop
      vertex 19.421 26.4843 20.9939
      vertex 19.3918 26.7899 27.0007
      vertex 19.421 26.4843 27.0061
    endloop
  endfacet
  facet normal 0.995474 0.0950364 4.11584e-06
    outer loop
      vertex 19.3918 26.7899 27.0007
      vertex 19.421 26.4843 20.9939
      vertex 19.3559 27.1662 21.006
    endloop
  endfacet
  facet normal 0.995481 0.0949636 0
    outer loop
      vertex 19.421 26.4843 27.0061
      vertex 19.45 26.1803 21.0046
      vertex 19.421 26.4843 20.9939
    endloop
  endfacet
  facet normal 0.995473 0.095041 -3.95404e-06
    outer loop
      vertex 19.4539 26.1397 26.994
      vertex 19.45 26.1803 21.0046
      vertex 19.421 26.4843 27.0061
    endloop
  endfacet
  facet normal 0.995418 0.095619 0
    outer loop
      vertex 19.45 26.1803 21.0046
      vertex 19.4539 26.1397 26.994
      vertex 19.4539 26.1397 21.006
    endloop
  endfacet
  facet normal 0.704014 0.0672241 -0.706998
    outer loop
      vertex 19.4539 26.1397 0.599991
      vertex 18.8553 26.0985 0
      vertex 18.7603 27.0934 0
    endloop
  endfacet
  facet normal 0.704005 0.0672114 -0.707008
    outer loop
      vertex 19.3559 27.1662 0.599991
      vertex 19.4539 26.1397 0.599991
      vertex 18.7603 27.0934 0
    endloop
  endfacet
  facet normal -0.699518 -0.104397 -0.706949
    outer loop
      vertex 16.4773 26.8143 0
      vertex 15.8818 26.7415 0.599991
      vertex 15.7569 27.5784 0.599991
    endloop
  endfacet
  facet normal -0.699479 -0.104322 -0.706998
    outer loop
      vertex 16.3478 27.6826 0
      vertex 16.4773 26.8143 0
      vertex 15.7569 27.5784 0.599991
    endloop
  endfacet
  facet normal -0.989046 -0.147606 0
    outer loop
      vertex 15.8818 26.7415 0.599991
      vertex 15.7569 27.5784 47.4
      vertex 15.7569 27.5784 0.599991
    endloop
  endfacet
  facet normal -0.989046 -0.147606 0
    outer loop
      vertex 15.7569 27.5784 47.4
      vertex 15.8818 26.7415 0.599991
      vertex 15.8818 26.7415 47.4
    endloop
  endfacet
  facet normal -0.699532 -0.10433 0.706944
    outer loop
      vertex 16.4773 26.8143 48
      vertex 16.3478 27.6826 48
      vertex 15.8818 26.7415 47.4
    endloop
  endfacet
  facet normal -0.699473 -0.10439 0.706994
    outer loop
      vertex 15.8818 26.7415 47.4
      vertex 16.3478 27.6826 48
      vertex 15.7569 27.5784 47.4
    endloop
  endfacet
  facet normal 0.699475 0.104314 0.707003
    outer loop
      vertex 19.3559 27.1662 47.4
      vertex 19.2038 28.1861 47.4
      vertex 18.7603 27.0934 48
    endloop
  endfacet
  facet normal 0.699487 0.104304 0.706992
    outer loop
      vertex 18.7603 27.0934 48
      vertex 19.2038 28.1861 47.4
      vertex 18.6129 28.0819 48
    endloop
  endfacet
  facet normal 0.989068 0.147462 0
    outer loop
      vertex 19.2038 28.1861 47.4
      vertex 19.3056 27.5033 36.994
      vertex 19.2038 28.1861 37.0059
    endloop
  endfacet
  facet normal 0.989062 0.147501 -2.61499e-06
    outer loop
      vertex 19.3559 27.1662 47.4
      vertex 19.3056 27.5033 36.994
      vertex 19.2038 28.1861 47.4
    endloop
  endfacet
  facet normal 0.989032 0.1477 3.97314e-06
    outer loop
      vertex 19.3056 27.5033 36.994
      vertex 19.3559 27.1662 47.4
      vertex 19.3507 27.2013 37.0047
    endloop
  endfacet
  facet normal 0.989203 0.146549 0
    outer loop
      vertex 19.3507 27.2013 37.0047
      vertex 19.3559 27.1662 47.4
      vertex 19.3559 27.1662 37.006
    endloop
  endfacet
  facet normal 0.989081 0.147371 0
    outer loop
      vertex 19.2603 27.8069 11.0007
      vertex 19.2038 28.1861 0.599991
      vertex 19.2038 28.1861 10.9941
    endloop
  endfacet
  facet normal 0.989051 0.147576 1.40799e-07
    outer loop
      vertex 19.3559 27.1662 0.599991
      vertex 19.2603 27.8069 11.0007
      vertex 19.3056 27.5033 11.006
    endloop
  endfacet
  facet normal 0.98905 0.14758 -0
    outer loop
      vertex 19.3559 27.1662 0.599991
      vertex 19.3056 27.5033 11.006
      vertex 19.3559 27.1662 10.994
    endloop
  endfacet
  facet normal 0.989062 0.147501 4.84569e-06
    outer loop
      vertex 19.2603 27.8069 11.0007
      vertex 19.3559 27.1662 0.599991
      vertex 19.2038 28.1861 0.599991
    endloop
  endfacet
  facet normal 0.989081 0.147371 0
    outer loop
      vertex 19.2603 27.8069 27.0007
      vertex 19.2038 28.1861 21.0059
      vertex 19.2038 28.1861 26.9941
    endloop
  endfacet
  facet normal 0.989051 0.147576 -0
    outer loop
      vertex 19.3056 27.5033 20.994
      vertex 19.2603 27.8069 27.0007
      vertex 19.3056 27.5033 27.006
    endloop
  endfacet
  facet normal 0.989068 0.147462 5.87972e-06
    outer loop
      vertex 19.2603 27.8069 27.0007
      vertex 19.3056 27.5033 20.994
      vertex 19.2038 28.1861 21.0059
    endloop
  endfacet
  facet normal 0.989032 0.1477 0
    outer loop
      vertex 19.3056 27.5033 27.006
      vertex 19.3507 27.2013 21.0047
      vertex 19.3056 27.5033 20.994
    endloop
  endfacet
  facet normal 0.98905 0.14758 6.17601e-06
    outer loop
      vertex 19.3559 27.1662 26.994
      vertex 19.3507 27.2013 21.0047
      vertex 19.3056 27.5033 27.006
    endloop
  endfacet
  facet normal 0.989203 0.146549 0
    outer loop
      vertex 19.3507 27.2013 21.0047
      vertex 19.3559 27.1662 26.994
      vertex 19.3559 27.1662 21.006
    endloop
  endfacet
  facet normal 0.699472 0.104302 -0.707008
    outer loop
      vertex 19.3559 27.1662 0.599991
      vertex 18.7603 27.0934 0
      vertex 18.6129 28.0819 0
    endloop
  endfacet
  facet normal 0.69948 0.104315 -0.706998
    outer loop
      vertex 19.2038 28.1861 0.599991
      vertex 19.3559 27.1662 0.599991
      vertex 18.6129 28.0819 0
    endloop
  endfacet
  facet normal -0.697593 0.116437 0.706969
    outer loop
      vertex -17.2289 27.8379 13
      vertex -19.1112 28.1698 11.088
      vertex -17.3309 27.2268 13
    endloop
  endfacet
  facet normal -0.697028 0.116253 0.707558
    outer loop
      vertex -19.3056 27.5033 11.006
      vertex -19.1112 28.1698 11.088
      vertex -19.2038 28.1861 10.9941
    endloop
  endfacet
  facet normal -0.697577 0.116484 0.706978
    outer loop
      vertex -19.1112 28.1698 11.088
      vertex -19.3056 27.5033 11.006
      vertex -17.3309 27.2268 13
    endloop
  endfacet
  facet normal -0.986355 0.164635 0
    outer loop
      vertex -17.3309 27.2268 13
      vertex -17.2289 27.8379 19
      vertex -17.2289 27.8379 13
    endloop
  endfacet
  facet normal -0.986355 0.164635 0
    outer loop
      vertex -17.2289 27.8379 19
      vertex -17.3309 27.2268 13
      vertex -17.3309 27.2268 19
    endloop
  endfacet
  facet normal -0.697598 0.116246 -0.706997
    outer loop
      vertex -18.0947 27.9906 19.8794
      vertex -19.2603 27.8069 20.9993
      vertex -19.2038 28.1861 21.0059
    endloop
  endfacet
  facet normal -0.697567 0.116432 -0.706996
    outer loop
      vertex -17.3309 27.2268 19
      vertex -18.0947 27.9906 19.8794
      vertex -17.2289 27.8379 19
    endloop
  endfacet
  facet normal -0.697592 0.116387 -0.706979
    outer loop
      vertex -19.3056 27.5033 20.994
      vertex -18.0947 27.9906 19.8794
      vertex -17.3309 27.2268 19
    endloop
  endfacet
  facet normal -0.697598 0.11643 -0.706966
    outer loop
      vertex -18.0947 27.9906 19.8794
      vertex -19.3056 27.5033 20.994
      vertex -19.2603 27.8069 20.9993
    endloop
  endfacet
  facet normal -0.702705 0.0798917 0.706982
    outer loop
      vertex -19.3507 27.2013 10.9953
      vertex -17.3309 27.2268 13
      vertex -19.3056 27.5033 11.006
    endloop
  endfacet
  facet normal -0.702717 0.0796586 0.706996
    outer loop
      vertex -17.3309 27.2268 13
      vertex -19.3507 27.2013 10.9953
      vertex -17.4346 26.312 13
    endloop
  endfacet
  facet normal -0.703188 0.0780015 0.706712
    outer loop
      vertex -19.3559 27.1662 10.994
      vertex -17.4346 26.312 13
      vertex -19.3507 27.2013 10.9953
    endloop
  endfacet
  facet normal -0.702739 0.0796344 0.706977
    outer loop
      vertex -17.4346 26.312 13
      vertex -19.3559 27.1662 10.994
      vertex -19.421 26.4843 11.0061
    endloop
  endfacet
  facet normal -0.993636 0.112637 0
    outer loop
      vertex -17.4346 26.312 13
      vertex -17.3309 27.2268 19
      vertex -17.3309 27.2268 13
    endloop
  endfacet
  facet normal -0.993636 0.112637 0
    outer loop
      vertex -17.3309 27.2268 19
      vertex -17.4346 26.312 13
      vertex -17.4346 26.312 19
    endloop
  endfacet
  facet normal -0.70273 0.0796903 -0.706979
    outer loop
      vertex -17.3309 27.2268 19
      vertex -19.3559 27.1662 21.006
      vertex -19.3056 27.5033 20.994
    endloop
  endfacet
  facet normal -0.702733 0.0796303 -0.706983
    outer loop
      vertex -19.3559 27.1662 21.006
      vertex -17.3309 27.2268 19
      vertex -19.3918 26.7899 20.9993
    endloop
  endfacet
  facet normal -0.702735 0.0796607 -0.706978
    outer loop
      vertex -17.4346 26.312 19
      vertex -19.3918 26.7899 20.9993
      vertex -17.3309 27.2268 19
    endloop
  endfacet
  facet normal -0.702738 0.0796389 -0.706977
    outer loop
      vertex -19.3918 26.7899 20.9993
      vertex -17.4346 26.312 19
      vertex -19.421 26.4843 20.9939
    endloop
  endfacet
  facet normal -0.705962 0.0424614 0.706976
    outer loop
      vertex -19.45 26.1803 10.9954
      vertex -17.4346 26.312 13
      vertex -19.421 26.4843 11.0061
    endloop
  endfacet
  facet normal -0.705962 0.0424806 0.706975
    outer loop
      vertex -17.4346 26.312 13
      vertex -19.45 26.1803 10.9954
      vertex -17.4899 25.393 13
    endloop
  endfacet
  facet normal -0.705749 0.0434098 0.707131
    outer loop
      vertex -19.4539 26.1397 10.994
      vertex -17.4899 25.393 13
      vertex -19.45 26.1803 10.9954
    endloop
  endfacet
  facet normal -0.70594 0.0425353 0.706993
    outer loop
      vertex -17.4899 25.393 13
      vertex -19.4539 26.1397 10.994
      vertex -19.4827 25.4606 11.0061
    endloop
  endfacet
  facet normal -0.998194 0.0600655 0
    outer loop
      vertex -17.4899 25.393 13
      vertex -17.4346 26.312 19
      vertex -17.4346 26.312 13
    endloop
  endfacet
  facet normal -0.998194 0.0600655 0
    outer loop
      vertex -17.4346 26.312 19
      vertex -17.4899 25.393 13
      vertex -17.4899 25.393 19
    endloop
  endfacet
  facet normal -0.705954 0.0425753 -0.706977
    outer loop
      vertex -17.4346 26.312 19
      vertex -19.4539 26.1397 21.006
      vertex -19.421 26.4843 20.9939
    endloop
  endfacet
  facet normal -0.705952 0.0424816 -0.706984
    outer loop
      vertex -19.4539 26.1397 21.006
      vertex -17.4346 26.312 19
      vertex -19.4697 25.7673 20.9994
    endloop
  endfacet
  facet normal -0.705952 0.04248 -0.706984
    outer loop
      vertex -17.4899 25.393 19
      vertex -19.4697 25.7673 20.9994
      vertex -17.4346 26.312 19
    endloop
  endfacet
  facet normal -0.705937 0.0426007 -0.706992
    outer loop
      vertex -19.4697 25.7673 20.9994
      vertex -17.4899 25.393 19
      vertex -19.4827 25.4606 20.9939
    endloop
  endfacet
  facet normal -0.707201 0.00533851 0.706992
    outer loop
      vertex -19.4956 25.1555 10.9955
      vertex -17.4899 25.393 13
      vertex -19.4827 25.4606 11.0061
    endloop
  endfacet
  facet normal -0.707203 0.00537797 0.70699
    outer loop
      vertex -17.4899 25.393 13
      vertex -19.4956 25.1555 10.9955
      vertex -17.4969 24.4725 13
    endloop
  endfacet
  facet normal -0.707336 0.00461946 0.706863
    outer loop
      vertex -19.4975 25.1094 10.9939
      vertex -17.4969 24.4725 13
      vertex -19.4956 25.1555 10.9955
    endloop
  endfacet
  facet normal -0.707201 0.00544991 0.706992
    outer loop
      vertex -17.4969 24.4725 13
      vertex -19.4975 25.1094 10.9939
      vertex -19.4904 24.4351 11.0062
    endloop
  endfacet
  facet normal -0.999971 0.00760434 0
    outer loop
      vertex -17.4969 24.4725 13
      vertex -17.4899 25.393 19
      vertex -17.4899 25.393 13
    endloop
  endfacet
  facet normal -0.999971 0.00760434 0
    outer loop
      vertex -17.4899 25.393 19
      vertex -17.4969 24.4725 13
      vertex -17.4969 24.4725 19
    endloop
  endfacet
  facet normal -0.707203 0.00524294 -0.706991
    outer loop
      vertex -17.4899 25.393 19
      vertex -19.4975 25.1094 21.0061
      vertex -19.4827 25.4606 20.9939
    endloop
  endfacet
  facet normal -0.707226 0.00557913 -0.706966
    outer loop
      vertex -19.4975 25.1094 21.0061
      vertex -17.4899 25.393 19
      vertex -19.4937 24.7421 20.9994
    endloop
  endfacet
  facet normal -0.707194 0.0053779 -0.706999
    outer loop
      vertex -17.4969 24.4725 19
      vertex -19.4937 24.7421 20.9994
      vertex -17.4899 25.393 19
    endloop
  endfacet
  facet normal -0.7072 0.00529449 -0.706994
    outer loop
      vertex -19.4937 24.7421 20.9994
      vertex -17.4969 24.4725 19
      vertex -19.4904 24.4351 20.9938
    endloop
  endfacet
  facet normal -0.706514 -0.0318035 0.706984
    outer loop
      vertex -17.4969 24.4725 13
      vertex -19.4872 24.1297 10.9956
      vertex -17.4555 23.5528 13
    endloop
  endfacet
  facet normal -0.7065 -0.0319414 0.706992
    outer loop
      vertex -19.4872 24.1297 10.9956
      vertex -17.4969 24.4725 13
      vertex -19.4904 24.4351 11.0062
    endloop
  endfacet
  facet normal -0.706517 -0.0318509 0.706979
    outer loop
      vertex -17.4555 23.5528 13
      vertex -19.4866 24.0782 10.9939
      vertex -19.4442 23.4107 11.0062
    endloop
  endfacet
  facet normal -0.706486 -0.0315695 0.707022
    outer loop
      vertex -19.4866 24.0782 10.9939
      vertex -17.4555 23.5528 13
      vertex -19.4872 24.1297 10.9956
    endloop
  endfacet
  facet normal -0.998988 -0.0449691 0
    outer loop
      vertex -17.4555 23.5528 13
      vertex -17.4969 24.4725 19
      vertex -17.4969 24.4725 13
    endloop
  endfacet
  facet normal -0.998988 -0.0449691 0
    outer loop
      vertex -17.4969 24.4725 19
      vertex -17.4555 23.5528 13
      vertex -17.4555 23.5528 19
    endloop
  endfacet
  facet normal -0.706526 -0.0316797 -0.706977
    outer loop
      vertex -19.4866 24.0782 21.0061
      vertex -17.4969 24.4725 19
      vertex -19.4637 23.717 20.9994
    endloop
  endfacet
  facet normal -0.706501 -0.0318877 -0.706993
    outer loop
      vertex -17.4969 24.4725 19
      vertex -19.4866 24.0782 21.0061
      vertex -19.4904 24.4351 20.9938
    endloop
  endfacet
  facet normal -0.706505 -0.0320527 -0.706982
    outer loop
      vertex -19.4637 23.717 20.9994
      vertex -17.4555 23.5528 19
      vertex -19.4442 23.4107 20.9938
    endloop
  endfacet
  facet normal -0.7065 -0.0318029 -0.706998
    outer loop
      vertex -17.4555 23.5528 19
      vertex -19.4637 23.717 20.9994
      vertex -17.4969 24.4725 19
    endloop
  endfacet
  facet normal -0.703869 -0.0689043 0.70698
    outer loop
      vertex -17.4555 23.5528 13
      vertex -19.4248 23.1058 10.9958
      vertex -17.3658 22.6365 13
    endloop
  endfacet
  facet normal -0.70387 -0.0689002 0.70698
    outer loop
      vertex -19.4248 23.1058 10.9958
      vertex -17.4555 23.5528 13
      vertex -19.4442 23.4107 11.0062
    endloop
  endfacet
  facet normal -0.703875 -0.0688333 0.706981
    outer loop
      vertex -17.3658 22.6365 13
      vertex -19.4212 23.0491 10.9938
      vertex -19.3442 22.3901 11.0063
    endloop
  endfacet
  facet normal -0.703918 -0.0696265 0.706861
    outer loop
      vertex -19.4212 23.0491 10.9938
      vertex -17.3658 22.6365 13
      vertex -19.4248 23.1058 10.9958
    endloop
  endfacet
  facet normal -0.995243 -0.097428 0
    outer loop
      vertex -17.3658 22.6365 13
      vertex -17.4555 23.5528 19
      vertex -17.4555 23.5528 13
    endloop
  endfacet
  facet normal -0.995243 -0.097428 0
    outer loop
      vertex -17.4555 23.5528 19
      vertex -17.3658 22.6365 13
      vertex -17.3658 22.6365 19
    endloop
  endfacet
  facet normal -0.70388 -0.0688988 -0.706969
    outer loop
      vertex -19.4212 23.0491 21.0062
      vertex -17.4555 23.5528 19
      vertex -19.3798 22.6949 20.9995
    endloop
  endfacet
  facet normal -0.70386 -0.0690136 -0.706978
    outer loop
      vertex -17.4555 23.5528 19
      vertex -19.4212 23.0491 21.0062
      vertex -19.4442 23.4107 20.9938
    endloop
  endfacet
  facet normal -0.703883 -0.0687591 -0.70698
    outer loop
      vertex -19.3798 22.6949 20.9995
      vertex -17.3658 22.6365 19
      vertex -19.3442 22.3901 20.9937
    endloop
  endfacet
  facet normal -0.703879 -0.0689053 -0.70697
    outer loop
      vertex -17.3658 22.6365 19
      vertex -19.3798 22.6949 20.9995
      vertex -17.4555 23.5528 19
    endloop
  endfacet
  facet normal -0.699275 -0.105867 0.70697
    outer loop
      vertex -17.3658 22.6365 13
      vertex -19.3087 22.0866 10.9959
      vertex -17.228 21.7263 13
    endloop
  endfacet
  facet normal -0.699243 -0.106016 0.706979
    outer loop
      vertex -19.3087 22.0866 10.9959
      vertex -17.3658 22.6365 13
      vertex -19.3442 22.3901 11.0063
    endloop
  endfacet
  facet normal -0.699272 -0.105799 0.706983
    outer loop
      vertex -17.228 21.7263 13
      vertex -19.3015 22.0249 10.9938
      vertex -19.1907 21.3761 11.0063
    endloop
  endfacet
  facet normal -0.699272 -0.105664 0.707003
    outer loop
      vertex -19.3015 22.0249 10.9938
      vertex -17.228 21.7263 13
      vertex -19.3087 22.0866 10.9959
    endloop
  endfacet
  facet normal -0.988733 -0.14969 0
    outer loop
      vertex -17.228 21.7263 13
      vertex -17.3658 22.6365 19
      vertex -17.3658 22.6365 13
    endloop
  endfacet
  facet normal -0.988733 -0.14969 0
    outer loop
      vertex -17.3658 22.6365 19
      vertex -17.228 21.7263 13
      vertex -17.228 21.7263 19
    endloop
  endfacet
  facet normal -0.699318 -0.105669 -0.706957
    outer loop
      vertex -19.3015 22.0249 21.0062
      vertex -17.3658 22.6365 19
      vertex -19.2424 21.6786 20.9995
    endloop
  endfacet
  facet normal -0.699251 -0.105956 -0.70698
    outer loop
      vertex -17.3658 22.6365 19
      vertex -19.3015 22.0249 21.0062
      vertex -19.3442 22.3901 20.9937
    endloop
  endfacet
  facet normal -0.699247 -0.105952 -0.706985
    outer loop
      vertex -19.2424 21.6786 20.9995
      vertex -17.228 21.7263 19
      vertex -19.1907 21.3761 20.9937
    endloop
  endfacet
  facet normal -0.699255 -0.105864 -0.706991
    outer loop
      vertex -17.228 21.7263 19
      vertex -19.2424 21.6786 20.9995
      vertex -17.3658 22.6365 19
    endloop
  endfacet
  facet normal -0.692735 -0.142495 0.706975
    outer loop
      vertex -17.228 21.7263 13
      vertex -19.1392 21.0749 10.996
      vertex -17.0425 20.8245 13
    endloop
  endfacet
  facet normal -0.692702 -0.142616 0.706982
    outer loop
      vertex -19.1392 21.0749 10.996
      vertex -17.228 21.7263 13
      vertex -19.1907 21.3761 11.0063
    endloop
  endfacet
  facet normal -0.692725 -0.142574 0.706969
    outer loop
      vertex -17.0425 20.8245 13
      vertex -19.1278 21.0084 10.9938
      vertex -18.984 20.3717 11.0063
    endloop
  endfacet
  facet normal -0.692748 -0.142147 0.707032
    outer loop
      vertex -19.1278 21.0084 10.9938
      vertex -17.0425 20.8245 13
      vertex -19.1392 21.0749 10.996
    endloop
  endfacet
  facet normal -0.979492 -0.201481 0
    outer loop
      vertex -17.0425 20.8245 13
      vertex -17.228 21.7263 19
      vertex -17.228 21.7263 13
    endloop
  endfacet
  facet normal -0.979492 -0.201481 0
    outer loop
      vertex -17.228 21.7263 19
      vertex -17.0425 20.8245 13
      vertex -17.0425 20.8245 19
    endloop
  endfacet
  facet normal -0.692695 -0.142612 -0.70699
    outer loop
      vertex -19.1278 21.0084 21.0062
      vertex -17.228 21.7263 19
      vertex -19.0516 20.671 20.9996
    endloop
  endfacet
  facet normal -0.692718 -0.142533 -0.706984
    outer loop
      vertex -17.228 21.7263 19
      vertex -19.1278 21.0084 21.0062
      vertex -19.1907 21.3761 20.9937
    endloop
  endfacet
  facet normal -0.692736 -0.142525 -0.706968
    outer loop
      vertex -19.0516 20.671 20.9996
      vertex -17.0425 20.8245 19
      vertex -18.984 20.3717 20.9937
    endloop
  endfacet
  facet normal -0.69274 -0.142496 -0.70697
    outer loop
      vertex -17.0425 20.8245 19
      vertex -19.0516 20.671 20.9996
      vertex -17.228 21.7263 19
    endloop
  endfacet
  facet normal -0.684273 -0.17877 0.706973
    outer loop
      vertex -17.0425 20.8245 13
      vertex -18.9167 20.0736 10.9961
      vertex -16.8098 19.9338 13
    endloop
  endfacet
  facet normal -0.684303 -0.17868 0.706967
    outer loop
      vertex -18.9167 20.0736 10.9961
      vertex -17.0425 20.8245 13
      vertex -18.984 20.3717 11.0063
    endloop
  endfacet
  facet normal -0.684287 -0.178653 0.70699
    outer loop
      vertex -16.8098 19.9338 13
      vertex -18.9006 20.0025 10.9937
      vertex -18.7248 19.3794 11.0064
    endloop
  endfacet
  facet normal -0.68427 -0.178811 0.706966
    outer loop
      vertex -18.9006 20.0025 10.9937
      vertex -16.8098 19.9338 13
      vertex -18.9167 20.0736 10.9961
    endloop
  endfacet
  facet normal -0.967526 -0.252771 0
    outer loop
      vertex -16.8098 19.9338 13
      vertex -17.0425 20.8245 19
      vertex -17.0425 20.8245 13
    endloop
  endfacet
  facet normal -0.967526 -0.252771 0
    outer loop
      vertex -17.0425 20.8245 19
      vertex -16.8098 19.9338 13
      vertex -16.8098 19.9338 19
    endloop
  endfacet
  facet normal -0.684364 -0.178513 -0.70695
    outer loop
      vertex -18.9006 20.0025 21.0063
      vertex -17.0425 20.8245 19
      vertex -18.8082 19.6748 20.9996
    endloop
  endfacet
  facet normal -0.684297 -0.178706 -0.706967
    outer loop
      vertex -17.0425 20.8245 19
      vertex -18.9006 20.0025 21.0063
      vertex -18.984 20.3717 20.9937
    endloop
  endfacet
  facet normal -0.684241 -0.178821 -0.706992
    outer loop
      vertex -18.8082 19.6748 20.9996
      vertex -16.8098 19.9338 19
      vertex -18.7248 19.3794 20.9936
    endloop
  endfacet
  facet normal -0.684252 -0.178764 -0.706996
    outer loop
      vertex -16.8098 19.9338 19
      vertex -18.8082 19.6748 20.9996
      vertex -17.0425 20.8245 19
    endloop
  endfacet
  facet normal -0.673944 -0.214405 0.706986
    outer loop
      vertex -16.8098 19.9338 13
      vertex -18.6418 19.0853 10.9963
      vertex -16.5307 19.0565 13
    endloop
  endfacet
  facet normal -0.673919 -0.214471 0.706991
    outer loop
      vertex -18.6418 19.0853 10.9963
      vertex -16.8098 19.9338 13
      vertex -18.7248 19.3794 11.0064
    endloop
  endfacet
  facet normal -0.67393 -0.214493 0.706973
    outer loop
      vertex -16.5307 19.0565 13
      vertex -18.6206 19.0101 10.9937
      vertex -18.4138 18.4022 11.0064
    endloop
  endfacet
  facet normal -0.67394 -0.214437 0.706981
    outer loop
      vertex -18.6206 19.0101 10.9937
      vertex -16.5307 19.0565 13
      vertex -18.6418 19.0853 10.9963
    endloop
  endfacet
  facet normal -0.952939 -0.303163 0
    outer loop
      vertex -16.5307 19.0565 13
      vertex -16.8098 19.9338 19
      vertex -16.8098 19.9338 13
    endloop
  endfacet
  facet normal -0.952939 -0.303163 0
    outer loop
      vertex -16.8098 19.9338 19
      vertex -16.5307 19.0565 13
      vertex -16.5307 19.0565 19
    endloop
  endfacet
  facet normal -0.67392 -0.214465 -0.706991
    outer loop
      vertex -18.6206 19.0101 21.0063
      vertex -16.8098 19.9338 19
      vertex -18.5127 18.6928 20.9997
    endloop
  endfacet
  facet normal -0.673921 -0.214463 -0.706991
    outer loop
      vertex -16.8098 19.9338 19
      vertex -18.6206 19.0101 21.0063
      vertex -18.7248 19.3794 20.9936
    endloop
  endfacet
  facet normal -0.673923 -0.214516 -0.706973
    outer loop
      vertex -18.5127 18.6928 20.9997
      vertex -16.5307 19.0565 19
      vertex -18.4138 18.4022 20.9936
    endloop
  endfacet
  facet normal -0.67395 -0.214407 -0.70698
    outer loop
      vertex -16.5307 19.0565 19
      vertex -18.5127 18.6928 20.9997
      vertex -16.8098 19.9338 19
    endloop
  endfacet
  facet normal -0.661689 -0.24968 0.706985
    outer loop
      vertex -16.5307 19.0565 13
      vertex -18.3154 18.1129 10.9964
      vertex -16.2057 18.1952 13
    endloop
  endfacet
  facet normal -0.66176 -0.249523 0.706974
    outer loop
      vertex -18.3154 18.1129 10.9964
      vertex -16.5307 19.0565 13
      vertex -18.4138 18.4022 11.0064
    endloop
  endfacet
  facet normal -0.661715 -0.249598 0.70699
    outer loop
      vertex -16.2057 18.1952 13
      vertex -18.2885 18.0338 10.9936
      vertex -18.0519 17.4428 11.0064
    endloop
  endfacet
  facet normal -0.661621 -0.250025 0.706927
    outer loop
      vertex -18.2885 18.0338 10.9936
      vertex -16.2057 18.1952 13
      vertex -18.3154 18.1129 10.9964
    endloop
  endfacet
  facet normal -0.935608 -0.353039 0
    outer loop
      vertex -16.2057 18.1952 13
      vertex -16.5307 19.0565 19
      vertex -16.5307 19.0565 13
    endloop
  endfacet
  facet normal -0.935608 -0.353039 0
    outer loop
      vertex -16.5307 19.0565 19
      vertex -16.2057 18.1952 13
      vertex -16.2057 18.1952 19
    endloop
  endfacet
  facet normal -0.661782 -0.249503 -0.706961
    outer loop
      vertex -18.2885 18.0338 21.0064
      vertex -16.5307 19.0565 19
      vertex -18.1659 17.7276 20.9997
    endloop
  endfacet
  facet normal -0.661722 -0.249628 -0.706972
    outer loop
      vertex -16.5307 19.0565 19
      vertex -18.2885 18.0338 21.0064
      vertex -18.4138 18.4022 20.9936
    endloop
  endfacet
  facet normal -0.66167 -0.249711 -0.706991
    outer loop
      vertex -18.1659 17.7276 20.9997
      vertex -16.2057 18.1952 19
      vertex -18.0519 17.4428 20.9936
    endloop
  endfacet
  facet normal -0.661681 -0.249676 -0.706994
    outer loop
      vertex -16.2057 18.1952 19
      vertex -18.1659 17.7276 20.9997
      vertex -16.5307 19.0565 19
    endloop
  endfacet
  facet normal -0.647699 -0.284016 0.70698
    outer loop
      vertex -16.2057 18.1952 13
      vertex -17.9382 17.159 10.9965
      vertex -15.836 17.3521 13
    endloop
  endfacet
  facet normal -0.64764 -0.284129 0.706988
    outer loop
      vertex -17.9382 17.159 10.9965
      vertex -16.2057 18.1952 13
      vertex -18.0519 17.4428 11.0064
    endloop
  endfacet
  facet normal -0.647678 -0.284059 0.706982
    outer loop
      vertex -15.836 17.3521 13
      vertex -17.9052 17.0764 10.9936
      vertex -17.6399 16.5036 11.0065
    endloop
  endfacet
  facet normal -0.647797 -0.283629 0.707046
    outer loop
      vertex -17.9052 17.0764 10.9936
      vertex -15.836 17.3521 13
      vertex -17.9382 17.159 10.9965
    endloop
  endfacet
  facet normal -0.91582 -0.401588 0
    outer loop
      vertex -15.836 17.3521 13
      vertex -16.2057 18.1952 19
      vertex -16.2057 18.1952 13
    endloop
  endfacet
  facet normal -0.91582 -0.401588 0
    outer loop
      vertex -16.2057 18.1952 19
      vertex -15.836 17.3521 13
      vertex -15.836 17.3521 19
    endloop
  endfacet
  facet normal -0.647647 -0.284092 -0.706997
    outer loop
      vertex -17.9052 17.0764 21.0064
      vertex -16.2057 18.1952 19
      vertex -17.7689 16.7821 20.9998
    endloop
  endfacet
  facet normal -0.647686 -0.28402 -0.70699
    outer loop
      vertex -16.2057 18.1952 19
      vertex -17.9052 17.0764 21.0064
      vertex -18.0519 17.4428 20.9936
    endloop
  endfacet
  facet normal -0.647696 -0.284017 -0.706982
    outer loop
      vertex -17.7689 16.7821 20.9998
      vertex -15.836 17.3521 19
      vertex -17.6399 16.5036 20.9935
    endloop
  endfacet
  facet normal -0.647697 -0.284016 -0.706982
    outer loop
      vertex -15.836 17.3521 19
      vertex -17.7689 16.7821 20.9998
      vertex -16.2057 18.1952 19
    endloop
  endfacet
  facet normal -0.63184 -0.317725 0.706986
    outer loop
      vertex -15.836 17.3521 13
      vertex -17.5115 16.2262 10.9966
      vertex -15.4224 16.5296 13
    endloop
  endfacet
  facet normal -0.631856 -0.317698 0.706984
    outer loop
      vertex -17.5115 16.2262 10.9966
      vertex -15.836 17.3521 13
      vertex -17.6399 16.5036 11.0065
    endloop
  endfacet
  facet normal -0.631807 -0.317805 0.706979
    outer loop
      vertex -15.4224 16.5296 13
      vertex -17.4719 16.1407 10.9936
      vertex -17.1792 15.5875 11.0065
    endloop
  endfacet
  facet normal -0.631915 -0.317484 0.707027
    outer loop
      vertex -17.4719 16.1407 10.9936
      vertex -15.4224 16.5296 13
      vertex -17.5115 16.2262 10.9966
    endloop
  endfacet
  facet normal -0.893404 -0.449254 0
    outer loop
      vertex -15.4224 16.5296 13
      vertex -15.836 17.3521 19
      vertex -15.836 17.3521 13
    endloop
  endfacet
  facet normal -0.893404 -0.449254 0
    outer loop
      vertex -15.836 17.3521 19
      vertex -15.4224 16.5296 13
      vertex -15.4224 16.5296 19
    endloop
  endfacet
  facet normal -0.631825 -0.317738 -0.706993
    outer loop
      vertex -17.4719 16.1407 21.0064
      vertex -15.836 17.3521 19
      vertex -17.3227 15.8587 20.9998
    endloop
  endfacet
  facet normal -0.631879 -0.317651 -0.706984
    outer loop
      vertex -15.836 17.3521 19
      vertex -17.4719 16.1407 21.0064
      vertex -17.6399 16.5036 20.9935
    endloop
  endfacet
  facet normal -0.631775 -0.317868 -0.70698
    outer loop
      vertex -17.3227 15.8587 20.9998
      vertex -15.4224 16.5296 19
      vertex -17.1792 15.5875 20.9935
    endloop
  endfacet
  facet normal -0.631836 -0.317723 -0.70699
    outer loop
      vertex -15.4224 16.5296 19
      vertex -17.3227 15.8587 20.9998
      vertex -15.836 17.3521 19
    endloop
  endfacet
  facet normal -0.61426 -0.350534 0.706973
    outer loop
      vertex -15.4224 16.5296 13
      vertex -17.0362 15.3172 10.9967
      vertex -14.9661 15.73 13
    endloop
  endfacet
  facet normal -0.614227 -0.350584 0.706977
    outer loop
      vertex -17.0362 15.3172 10.9967
      vertex -15.4224 16.5296 13
      vertex -17.1792 15.5875 11.0065
    endloop
  endfacet
  facet normal -0.614248 -0.350548 0.706976
    outer loop
      vertex -14.9661 15.73 13
      vertex -16.9897 15.2292 10.9935
      vertex -16.6709 14.6968 11.0065
    endloop
  endfacet
  facet normal -0.614335 -0.35033 0.707009
    outer loop
      vertex -16.9897 15.2292 10.9935
      vertex -14.9661 15.73 13
      vertex -17.0362 15.3172 10.9967
    endloop
  endfacet
  facet normal -0.86853 -0.495636 0
    outer loop
      vertex -14.9661 15.73 13
      vertex -15.4224 16.5296 19
      vertex -15.4224 16.5296 13
    endloop
  endfacet
  facet normal -0.86853 -0.495636 0
    outer loop
      vertex -15.4224 16.5296 19
      vertex -14.9661 15.73 13
      vertex -14.9661 15.73 19
    endloop
  endfacet
  facet normal -0.614275 -0.350502 -0.706975
    outer loop
      vertex -16.9897 15.2292 21.0065
      vertex -15.4224 16.5296 19
      vertex -16.8285 14.96 20.9999
    endloop
  endfacet
  facet normal -0.61426 -0.350524 -0.706978
    outer loop
      vertex -15.4224 16.5296 19
      vertex -16.9897 15.2292 21.0065
      vertex -17.1792 15.5875 20.9935
    endloop
  endfacet
  facet normal -0.614221 -0.350595 -0.706977
    outer loop
      vertex -16.8285 14.96 20.9999
      vertex -14.9661 15.73 19
      vertex -16.6709 14.6968 20.9935
    endloop
  endfacet
  facet normal -0.614253 -0.35053 -0.706981
    outer loop
      vertex -14.9661 15.73 19
      vertex -16.8285 14.96 20.9999
      vertex -15.4224 16.5296 19
    endloop
  endfacet
  facet normal -0.594969 -0.382332 0.70699
    outer loop
      vertex -14.9661 15.73 13
      vertex -16.5139 14.4344 10.9968
      vertex -14.4684 14.9555 13
    endloop
  endfacet
  facet normal -0.595078 -0.382183 0.706978
    outer loop
      vertex -16.5139 14.4344 10.9968
      vertex -14.9661 15.73 13
      vertex -16.6709 14.6968 11.0065
    endloop
  endfacet
  facet normal -0.594963 -0.38234 0.70699
    outer loop
      vertex -14.4684 14.9555 13
      vertex -16.46 14.3444 10.9935
      vertex -16.1165 13.8341 11.0066
    endloop
  endfacet
  facet normal -0.594999 -0.382262 0.707002
    outer loop
      vertex -16.46 14.3444 10.9935
      vertex -14.4684 14.9555 13
      vertex -16.5139 14.4344 10.9968
    endloop
  endfacet
  facet normal -0.841274 -0.540609 0
    outer loop
      vertex -14.4684 14.9555 13
      vertex -14.9661 15.73 19
      vertex -14.9661 15.73 13
    endloop
  endfacet
  facet normal -0.841274 -0.540609 0
    outer loop
      vertex -14.9661 15.73 19
      vertex -14.4684 14.9555 13
      vertex -14.4684 14.9555 19
    endloop
  endfacet
  facet normal -0.594993 -0.382297 -0.706988
    outer loop
      vertex -16.46 14.3444 21.0065
      vertex -14.9661 15.73 19
      vertex -16.2878 14.0886 20.9999
    endloop
  endfacet
  facet normal -0.595064 -0.382207 -0.706978
    outer loop
      vertex -14.9661 15.73 19
      vertex -16.46 14.3444 21.0065
      vertex -16.6709 14.6968 20.9935
    endloop
  endfacet
  facet normal -0.594934 -0.382384 -0.706991
    outer loop
      vertex -16.2878 14.0886 20.9999
      vertex -14.4684 14.9555 19
      vertex -16.1165 13.8341 20.9934
    endloop
  endfacet
  facet normal -0.594964 -0.382329 -0.706995
    outer loop
      vertex -14.4684 14.9555 19
      vertex -16.2878 14.0886 20.9999
      vertex -14.9661 15.73 19
    endloop
  endfacet
  facet normal -0.574063 -0.413052 0.706994
    outer loop
      vertex -14.4684 14.9555 13
      vertex -15.9458 13.5804 10.997
      vertex -13.9307 14.2082 13
    endloop
  endfacet
  facet normal -0.574087 -0.413022 0.706991
    outer loop
      vertex -15.9458 13.5804 10.997
      vertex -14.4684 14.9555 13
      vertex -16.1165 13.8341 11.0066
    endloop
  endfacet
  facet normal -0.574065 -0.413071 0.706981
    outer loop
      vertex -13.9307 14.2082 13
      vertex -15.8842 13.4889 10.9935
      vertex -15.5175 13.0017 11.0066
    endloop
  endfacet
  facet normal -0.573892 -0.413399 0.70693
    outer loop
      vertex -15.8842 13.4889 10.9935
      vertex -13.9307 14.2082 13
      vertex -15.9458 13.5804 10.997
    endloop
  endfacet
  facet normal -0.811718 -0.58405 0
    outer loop
      vertex -13.9307 14.2082 13
      vertex -14.4684 14.9555 19
      vertex -14.4684 14.9555 13
    endloop
  endfacet
  facet normal -0.811718 -0.58405 0
    outer loop
      vertex -14.4684 14.9555 19
      vertex -13.9307 14.2082 13
      vertex -13.9307 14.2082 19
    endloop
  endfacet
  facet normal -0.574073 -0.413056 -0.706983
    outer loop
      vertex -15.8842 13.4889 21.0065
      vertex -14.4684 14.9555 19
      vertex -15.702 13.2468 21
    endloop
  endfacet
  facet normal -0.574023 -0.413114 -0.70699
    outer loop
      vertex -14.4684 14.9555 19
      vertex -15.8842 13.4889 21.0065
      vertex -16.1165 13.8341 20.9934
    endloop
  endfacet
  facet normal -0.574055 -0.413084 -0.706981
    outer loop
      vertex -15.702 13.2468 21
      vertex -13.9307 14.2082 19
      vertex -15.5175 13.0017 20.9934
    endloop
  endfacet
  facet normal -0.574071 -0.413058 -0.706983
    outer loop
      vertex -13.9307 14.2082 19
      vertex -15.702 13.2468 21
      vertex -14.4684 14.9555 19
    endloop
  endfacet
  facet normal -0.551509 -0.442728 0.706986
    outer loop
      vertex -13.9307 14.2082 13
      vertex -15.3336 12.7574 10.9971
      vertex -13.3544 13.4903 13
    endloop
  endfacet
  facet normal -0.551553 -0.442681 0.706982
    outer loop
      vertex -15.3336 12.7574 10.9971
      vertex -13.9307 14.2082 13
      vertex -15.5175 13.0017 11.0066
    endloop
  endfacet
  facet normal -0.551489 -0.442747 0.706991
    outer loop
      vertex -13.3544 13.4903 13
      vertex -15.2641 12.665 10.9935
      vertex -14.8756 12.202 11.0066
    endloop
  endfacet
  facet normal -0.55165 -0.442478 0.707033
    outer loop
      vertex -15.2641 12.665 10.9935
      vertex -13.3544 13.4903 13
      vertex -15.3336 12.7574 10.9971
    endloop
  endfacet
  facet normal -0.779819 -0.626006 0
    outer loop
      vertex -13.3544 13.4903 13
      vertex -13.9307 14.2082 19
      vertex -13.9307 14.2082 13
    endloop
  endfacet
  facet normal -0.779819 -0.626006 0
    outer loop
      vertex -13.9307 14.2082 19
      vertex -13.3544 13.4903 13
      vertex -13.3544 13.4903 19
    endloop
  endfacet
  facet normal -0.551417 -0.442812 -0.707006
    outer loop
      vertex -15.2641 12.665 21.0065
      vertex -13.9307 14.2082 19
      vertex -15.0728 12.437 21.0001
    endloop
  endfacet
  facet normal -0.55159 -0.442633 -0.706983
    outer loop
      vertex -13.9307 14.2082 19
      vertex -15.2641 12.665 21.0065
      vertex -15.5175 13.0017 20.9934
    endloop
  endfacet
  facet normal -0.551548 -0.442674 -0.706989
    outer loop
      vertex -15.0728 12.437 21.0001
      vertex -13.3544 13.4903 19
      vertex -14.8756 12.202 20.9934
    endloop
  endfacet
  facet normal -0.55151 -0.442729 -0.706985
    outer loop
      vertex -13.3544 13.4903 19
      vertex -15.0728 12.437 21.0001
      vertex -13.9307 14.2082 19
    endloop
  endfacet
  facet normal -0.527477 -0.471088 0.706997
    outer loop
      vertex -13.3544 13.4903 13
      vertex -14.679 11.9677 10.9972
      vertex -12.7412 12.8037 13
    endloop
  endfacet
  facet normal -0.527543 -0.471023 0.706991
    outer loop
      vertex -14.679 11.9677 10.9972
      vertex -13.3544 13.4903 13
      vertex -14.8756 12.202 11.0066
    endloop
  endfacet
  facet normal -0.527482 -0.471104 0.706982
    outer loop
      vertex -12.7412 12.8037 13
      vertex -14.6012 11.875 10.9934
      vertex -14.1925 11.4372 11.0066
    endloop
  endfacet
  facet normal -0.527235 -0.471469 0.706923
    outer loop
      vertex -14.6012 11.875 10.9934
      vertex -12.7412 12.8037 13
      vertex -14.679 11.9677 10.9972
    endloop
  endfacet
  facet normal -0.745849 -0.666115 0
    outer loop
      vertex -12.7412 12.8037 13
      vertex -13.3544 13.4903 19
      vertex -13.3544 13.4903 13
    endloop
  endfacet
  facet normal -0.745849 -0.666115 0
    outer loop
      vertex -13.3544 13.4903 19
      vertex -12.7412 12.8037 13
      vertex -12.7412 12.8037 19
    endloop
  endfacet
  facet normal -0.527589 -0.471002 -0.70697
    outer loop
      vertex -14.6012 11.875 21.0066
      vertex -13.3544 13.4903 19
      vertex -14.4018 11.6614 21.0001
    endloop
  endfacet
  facet normal -0.527442 -0.471138 -0.706989
    outer loop
      vertex -13.3544 13.4903 19
      vertex -14.6012 11.875 21.0066
      vertex -14.8756 12.202 20.9934
    endloop
  endfacet
  facet normal -0.527386 -0.471209 -0.706984
    outer loop
      vertex -14.4018 11.6614 21.0001
      vertex -12.7412 12.8037 19
      vertex -14.1925 11.4372 20.9934
    endloop
  endfacet
  facet normal -0.527479 -0.47109 -0.706994
    outer loop
      vertex -12.7412 12.8037 19
      vertex -14.4018 11.6614 21.0001
      vertex -13.3544 13.4903 19
    endloop
  endfacet
  facet normal -0.502005 -0.498164 0.706982
    outer loop
      vertex -12.7412 12.8037 13
      vertex -13.9837 11.2136 10.9973
      vertex -12.0927 12.1502 13
    endloop
  endfacet
  facet normal -0.501995 -0.498173 0.706983
    outer loop
      vertex -13.9837 11.2136 10.9973
      vertex -12.7412 12.8037 13
      vertex -14.1925 11.4372 11.0066
    endloop
  endfacet
  facet normal -0.502046 -0.49811 0.706991
    outer loop
      vertex -12.0927 12.1502 13
      vertex -13.8975 11.1212 10.9934
      vertex -13.4701 10.7093 11.0067
    endloop
  endfacet
  facet normal -0.502007 -0.498162 0.706982
    outer loop
      vertex -13.8975 11.1212 10.9934
      vertex -12.0927 12.1502 13
      vertex -13.9837 11.2136 10.9973
    endloop
  endfacet
  facet normal -0.709817 -0.704386 0
    outer loop
      vertex -12.0927 12.1502 13
      vertex -12.7412 12.8037 19
      vertex -12.7412 12.8037 13
    endloop
  endfacet
  facet normal -0.709817 -0.704386 0
    outer loop
      vertex -12.7412 12.8037 19
      vertex -12.0927 12.1502 13
      vertex -12.0927 12.1502 19
    endloop
  endfacet
  facet normal -0.501993 -0.498175 -0.706983
    outer loop
      vertex -13.8975 11.1212 21.0066
      vertex -12.7412 12.8037 19
      vertex -13.691 10.9222 21.0002
    endloop
  endfacet
  facet normal -0.501998 -0.49817 -0.706983
    outer loop
      vertex -12.7412 12.8037 19
      vertex -13.8975 11.1212 21.0066
      vertex -14.1925 11.4372 20.9934
    endloop
  endfacet
  facet normal -0.502102 -0.498055 -0.70699
    outer loop
      vertex -13.691 10.9222 21.0002
      vertex -12.0927 12.1502 19
      vertex -13.4701 10.7093 20.9933
    endloop
  endfacet
  facet normal -0.502006 -0.498165 -0.706981
    outer loop
      vertex -12.0927 12.1502 19
      vertex -13.691 10.9222 21.0002
      vertex -12.7412 12.8037 19
    endloop
  endfacet
  facet normal -0.475056 -0.523913 0.706991
    outer loop
      vertex -12.0927 12.1502 13
      vertex -13.2498 10.497 10.9974
      vertex -11.4107 11.5318 13
    endloop
  endfacet
  facet normal -0.475048 -0.52392 0.706992
    outer loop
      vertex -13.2498 10.497 10.9974
      vertex -12.0927 12.1502 13
      vertex -13.4701 10.7093 11.0067
    endloop
  endfacet
  facet normal -0.475066 -0.523913 0.706985
    outer loop
      vertex -11.4107 11.5318 13
      vertex -13.155 10.4057 10.9934
      vertex -12.7104 10.0205 11.0067
    endloop
  endfacet
  facet normal -0.474914 -0.524093 0.706954
    outer loop
      vertex -13.155 10.4057 10.9934
      vertex -11.4107 11.5318 13
      vertex -13.2498 10.497 10.9974
    endloop
  endfacet
  facet normal -0.671721 -0.740805 0
    outer loop
      vertex -12.0927 12.1502 13
      vertex -11.4107 11.5318 19
      vertex -12.0927 12.1502 19
    endloop
  endfacet
  facet normal -0.671721 -0.740805 -0
    outer loop
      vertex -11.4107 11.5318 19
      vertex -12.0927 12.1502 13
      vertex -11.4107 11.5318 13
    endloop
  endfacet
  facet normal -0.475182 -0.523829 -0.706969
    outer loop
      vertex -13.155 10.4057 21.0066
      vertex -12.0927 12.1502 19
      vertex -12.9422 10.2213 21.0002
    endloop
  endfacet
  facet normal -0.475 -0.523964 -0.706991
    outer loop
      vertex -12.0927 12.1502 19
      vertex -13.155 10.4057 21.0066
      vertex -13.4701 10.7093 20.9933
    endloop
  endfacet
  facet normal -0.474967 -0.524 -0.706987
    outer loop
      vertex -12.9422 10.2213 21.0002
      vertex -11.4107 11.5318 19
      vertex -12.7104 10.0205 20.9933
    endloop
  endfacet
  facet normal -0.475054 -0.523911 -0.706994
    outer loop
      vertex -11.4107 11.5318 19
      vertex -12.9422 10.2213 21.0002
      vertex -12.0927 12.1502 19
    endloop
  endfacet
  facet normal -0.446886 -0.54814 0.706991
    outer loop
      vertex -11.4107 11.5318 13
      vertex -12.4792 9.8201 10.9975
      vertex -10.6972 10.9501 13
    endloop
  endfacet
  facet normal -0.446947 -0.548096 0.706986
    outer loop
      vertex -12.4792 9.8201 10.9975
      vertex -11.4107 11.5318 13
      vertex -12.7104 10.0205 11.0067
    endloop
  endfacet
  facet normal -0.446821 -0.548201 0.706984
    outer loop
      vertex -10.6972 10.9501 13
      vertex -12.3757 9.73039 10.9934
      vertex -11.9156 9.37253 11.0067
    endloop
  endfacet
  facet normal -0.446994 -0.548017 0.707017
    outer loop
      vertex -12.3757 9.73039 10.9934
      vertex -10.6972 10.9501 13
      vertex -12.4792 9.8201 10.9975
    endloop
  endfacet
  facet normal -0.631888 -0.77506 0
    outer loop
      vertex -11.4107 11.5318 13
      vertex -10.6972 10.9501 19
      vertex -11.4107 11.5318 19
    endloop
  endfacet
  facet normal -0.631888 -0.77506 -0
    outer loop
      vertex -10.6972 10.9501 19
      vertex -11.4107 11.5318 13
      vertex -10.6972 10.9501 13
    endloop
  endfacet
  facet normal -0.446825 -0.548174 -0.707003
    outer loop
      vertex -12.3757 9.73039 21.0066
      vertex -11.4107 11.5318 19
      vertex -12.1577 9.56082 21.0003
    endloop
  endfacet
  facet normal -0.446968 -0.548079 -0.706986
    outer loop
      vertex -11.4107 11.5318 19
      vertex -12.3757 9.73039 21.0066
      vertex -12.7104 10.0205 20.9933
    endloop
  endfacet
  facet normal -0.446806 -0.548212 -0.706985
    outer loop
      vertex -12.1577 9.56082 21.0003
      vertex -10.6972 10.9501 19
      vertex -11.9156 9.37253 20.9933
    endloop
  endfacet
  facet normal -0.446885 -0.548139 -0.706991
    outer loop
      vertex -10.6972 10.9501 19
      vertex -12.1577 9.56082 21.0003
      vertex -11.4107 11.5318 19
    endloop
  endfacet
  facet normal -0.417426 -0.570892 0.706992
    outer loop
      vertex -10.6972 10.9501 13
      vertex -11.6741 9.18462 10.9976
      vertex -9.95402 10.4067 13
    endloop
  endfacet
  facet normal -0.417521 -0.570831 0.706985
    outer loop
      vertex -11.6741 9.18462 10.9976
      vertex -10.6972 10.9501 13
      vertex -11.9156 9.37253 11.0067
    endloop
  endfacet
  facet normal -0.417408 -0.570908 0.70699
    outer loop
      vertex -9.95402 10.4067 13
      vertex -11.5617 9.09723 10.9934
      vertex -11.1467 8.8083 11.0051
    endloop
  endfacet
  facet normal -0.417437 -0.570881 0.706995
    outer loop
      vertex -11.5617 9.09723 10.9934
      vertex -9.95402 10.4067 13
      vertex -11.6741 9.18462 10.9976
    endloop
  endfacet
  facet normal -0.417148 -0.5711 0.706988
    outer loop
      vertex -9.95402 10.4067 13
      vertex -11.1467 8.8083 11.0051
      vertex -11.1467 8.68203 10.9031
    endloop
  endfacet
  facet normal -0.590234 -0.807232 0
    outer loop
      vertex -10.6972 10.9501 13
      vertex -9.95402 10.4067 19
      vertex -10.6972 10.9501 19
    endloop
  endfacet
  facet normal -0.590234 -0.807232 -0
    outer loop
      vertex -9.95402 10.4067 19
      vertex -10.6972 10.9501 13
      vertex -9.95402 10.4067 13
    endloop
  endfacet
  facet normal -0.417334 -0.570946 -0.707003
    outer loop
      vertex -11.5617 9.09723 21.0066
      vertex -10.6972 10.9501 19
      vertex -11.3395 8.94249 21.0004
    endloop
  endfacet
  facet normal -0.417496 -0.57085 -0.706985
    outer loop
      vertex -10.6972 10.9501 19
      vertex -11.5617 9.09723 21.0066
      vertex -11.9156 9.37253 20.9933
    endloop
  endfacet
  facet normal -0.417148 -0.5711 -0.706988
    outer loop
      vertex -11.1467 8.8083 20.9949
      vertex -9.95402 10.4067 19
      vertex -11.1467 8.68203 21.0969
    endloop
  endfacet
  facet normal -0.417485 -0.570852 -0.70699
    outer loop
      vertex -11.3395 8.94249 21.0004
      vertex -9.95402 10.4067 19
      vertex -11.1467 8.8083 20.9949
    endloop
  endfacet
  facet normal -0.41743 -0.570897 -0.706986
    outer loop
      vertex -9.95402 10.4067 19
      vertex -11.3395 8.94249 21.0004
      vertex -10.6972 10.9501 19
    endloop
  endfacet
  facet normal -0.386843 -0.592052 0.706984
    outer loop
      vertex -11.1467 8.68203 10.9031
      vertex -9.18332 9.90313 13
      vertex -9.95402 10.4067 13
    endloop
  endfacet
  facet normal -0.386804 -0.592093 0.706971
    outer loop
      vertex -9.18332 9.90313 13
      vertex -11.1467 8.68203 10.9031
      vertex -11.1467 8.34651 10.6221
    endloop
  endfacet
  facet normal -0.386856 -0.592045 0.706983
    outer loop
      vertex -11.1467 8.34651 10.6221
      vertex -10.7576 7.34939 10
      vertex -9.18332 9.90313 13
    endloop
  endfacet
  facet normal -0.386861 -0.592045 0.70698
    outer loop
      vertex -10.7576 7.34939 10
      vertex -11.1467 8.34651 10.6221
      vertex -11.1467 7.60364 10
    endloop
  endfacet
  facet normal -0.546984 -0.837143 0
    outer loop
      vertex -9.95402 10.4067 13
      vertex -9.18332 9.90313 19
      vertex -9.95402 10.4067 19
    endloop
  endfacet
  facet normal -0.546984 -0.837143 -0
    outer loop
      vertex -9.18332 9.90313 19
      vertex -9.95402 10.4067 13
      vertex -9.18332 9.90313 13
    endloop
  endfacet
  facet normal -0.386866 -0.592054 -0.70697
    outer loop
      vertex -11.1467 8.68203 21.0969
      vertex -10.7576 7.34939 22
      vertex -11.1467 7.60364 22
    endloop
  endfacet
  facet normal -0.386839 -0.592055 -0.706984
    outer loop
      vertex -10.7576 7.34939 22
      vertex -11.1467 8.68203 21.0969
      vertex -9.95402 10.4067 19
    endloop
  endfacet
  facet normal -0.386843 -0.592053 -0.706983
    outer loop
      vertex -9.18332 9.90313 19
      vertex -10.7576 7.34939 22
      vertex -9.95402 10.4067 19
    endloop
  endfacet
  facet normal 0.547006 0.837129 -0
    outer loop
      vertex -10.7576 7.34939 10
      vertex -11.1467 7.60364 22
      vertex -10.7576 7.34939 22
    endloop
  endfacet
  facet normal 0.547006 0.837129 0
    outer loop
      vertex -11.1467 7.60364 22
      vertex -10.7576 7.34939 10
      vertex -11.1467 7.60364 10
    endloop
  endfacet
  facet normal -0.355161 -0.611584 0.706983
    outer loop
      vertex -9.18332 9.90313 13
      vertex -10.7576 7.34939 10
      vertex -8.38721 9.44081 13
    endloop
  endfacet
  facet normal -0.355165 -0.611581 0.706984
    outer loop
      vertex -8.38721 9.44081 13
      vertex -10.7576 7.34939 10
      vertex -9.82502 6.80781 10
    endloop
  endfacet
  facet normal -0.502186 -0.864759 0
    outer loop
      vertex -9.18332 9.90313 13
      vertex -8.38721 9.44081 19
      vertex -9.18332 9.90313 19
    endloop
  endfacet
  facet normal -0.502186 -0.864759 -0
    outer loop
      vertex -8.38721 9.44081 19
      vertex -9.18332 9.90313 13
      vertex -8.38721 9.44081 13
    endloop
  endfacet
  facet normal -0.355166 -0.611581 -0.706983
    outer loop
      vertex -9.82502 6.80781 22
      vertex -10.7576 7.34939 22
      vertex -9.18332 9.90313 19
    endloop
  endfacet
  facet normal -0.355161 -0.611583 -0.706984
    outer loop
      vertex -8.38721 9.44081 19
      vertex -9.82502 6.80781 22
      vertex -9.18332 9.90313 19
    endloop
  endfacet
  facet normal 0.502192 0.864756 -0
    outer loop
      vertex -9.82502 6.80781 10
      vertex -10.7576 7.34939 22
      vertex -9.82502 6.80781 22
    endloop
  endfacet
  facet normal 0.502192 0.864756 0
    outer loop
      vertex -10.7576 7.34939 22
      vertex -9.82502 6.80781 10
      vertex -10.7576 7.34939 10
    endloop
  endfacet
  facet normal -0.322511 -0.629412 0.706984
    outer loop
      vertex -8.38721 9.44081 13
      vertex -9.82502 6.80781 10
      vertex -7.56789 9.02099 13
    endloop
  endfacet
  facet normal -0.32251 -0.629413 0.706984
    outer loop
      vertex -7.56789 9.02099 13
      vertex -9.82502 6.80781 10
      vertex -8.86524 6.31602 10
    endloop
  endfacet
  facet normal -0.456021 -0.889969 0
    outer loop
      vertex -8.38721 9.44081 13
      vertex -7.56789 9.02099 19
      vertex -8.38721 9.44081 19
    endloop
  endfacet
  facet normal -0.456021 -0.889969 -0
    outer loop
      vertex -7.56789 9.02099 19
      vertex -8.38721 9.44081 13
      vertex -7.56789 9.02099 13
    endloop
  endfacet
  facet normal -0.32251 -0.629413 -0.706984
    outer loop
      vertex -8.86524 6.31602 22
      vertex -9.82502 6.80781 22
      vertex -8.38721 9.44081 19
    endloop
  endfacet
  facet normal -0.322511 -0.629413 -0.706984
    outer loop
      vertex -7.56789 9.02099 19
      vertex -8.86524 6.31602 22
      vertex -8.38721 9.44081 19
    endloop
  endfacet
  facet normal 0.456019 0.88997 -0
    outer loop
      vertex -8.86524 6.31602 10
      vertex -9.82502 6.80781 22
      vertex -8.86524 6.31602 22
    endloop
  endfacet
  facet normal 0.456019 0.88997 0
    outer loop
      vertex -9.82502 6.80781 22
      vertex -8.86524 6.31602 10
      vertex -9.82502 6.80781 10
    endloop
  endfacet
  facet normal -0.288962 -0.645503 0.706984
    outer loop
      vertex -7.56789 9.02099 13
      vertex -8.86524 6.31602 10
      vertex -6.72762 8.64484 13
    endloop
  endfacet
  facet normal -0.288962 -0.645503 0.706984
    outer loop
      vertex -6.72762 8.64484 13
      vertex -8.86524 6.31602 10
      vertex -7.88093 5.87539 10
    endloop
  endfacet
  facet normal -0.408583 -0.912721 0
    outer loop
      vertex -7.56789 9.02099 13
      vertex -6.72762 8.64484 19
      vertex -7.56789 9.02099 19
    endloop
  endfacet
  facet normal -0.408583 -0.912721 -0
    outer loop
      vertex -6.72762 8.64484 19
      vertex -7.56789 9.02099 13
      vertex -6.72762 8.64484 13
    endloop
  endfacet
  facet normal -0.288962 -0.645503 -0.706984
    outer loop
      vertex -7.88093 5.87539 22
      vertex -8.86524 6.31602 22
      vertex -7.56789 9.02099 19
    endloop
  endfacet
  facet normal -0.288962 -0.645503 -0.706984
    outer loop
      vertex -6.72762 8.64484 19
      vertex -7.88093 5.87539 22
      vertex -7.56789 9.02099 19
    endloop
  endfacet
  facet normal 0.408583 0.912721 -0
    outer loop
      vertex -7.88093 5.87539 10
      vertex -8.86524 6.31602 22
      vertex -7.88093 5.87539 22
    endloop
  endfacet
  facet normal 0.408583 0.912721 0
    outer loop
      vertex -8.86524 6.31602 22
      vertex -7.88093 5.87539 10
      vertex -8.86524 6.31602 10
    endloop
  endfacet
  facet normal -0.254615 -0.659807 0.706984
    outer loop
      vertex -6.72762 8.64484 13
      vertex -7.88093 5.87539 10
      vertex -5.86873 8.3134 13
    endloop
  endfacet
  facet normal -0.254616 -0.659806 0.706984
    outer loop
      vertex -5.86873 8.3134 13
      vertex -7.88093 5.87539 10
      vertex -6.8748 5.48713 10
    endloop
  endfacet
  facet normal -0.360018 -0.932946 0
    outer loop
      vertex -6.72762 8.64484 13
      vertex -5.86873 8.3134 19
      vertex -6.72762 8.64484 19
    endloop
  endfacet
  facet normal -0.360018 -0.932946 -0
    outer loop
      vertex -5.86873 8.3134 19
      vertex -6.72762 8.64484 13
      vertex -5.86873 8.3134 13
    endloop
  endfacet
  facet normal -0.254616 -0.659806 -0.706984
    outer loop
      vertex -6.8748 5.48713 22
      vertex -7.88093 5.87539 22
      vertex -6.72762 8.64484 19
    endloop
  endfacet
  facet normal -0.254615 -0.659807 -0.706984
    outer loop
      vertex -5.86873 8.3134 19
      vertex -6.8748 5.48713 22
      vertex -6.72762 8.64484 19
    endloop
  endfacet
  facet normal 0.360018 0.932945 -0
    outer loop
      vertex -6.8748 5.48713 10
      vertex -7.88093 5.87539 22
      vertex -6.8748 5.48713 22
    endloop
  endfacet
  facet normal 0.360018 0.932945 0
    outer loop
      vertex -7.88093 5.87539 22
      vertex -6.8748 5.48713 10
      vertex -7.88093 5.87539 10
    endloop
  endfacet
  facet normal -0.219565 -0.672283 0.706984
    outer loop
      vertex -5.86873 8.3134 13
      vertex -6.8748 5.48713 10
      vertex -4.99361 8.02759 13
    endloop
  endfacet
  facet normal -0.219571 -0.67228 0.706985
    outer loop
      vertex -4.99361 8.02759 13
      vertex -6.8748 5.48713 10
      vertex -5.84965 5.15231 10
    endloop
  endfacet
  facet normal -0.310457 -0.950587 0
    outer loop
      vertex -5.86873 8.3134 13
      vertex -4.99361 8.02759 19
      vertex -5.86873 8.3134 19
    endloop
  endfacet
  facet normal -0.310457 -0.950587 -0
    outer loop
      vertex -4.99361 8.02759 19
      vertex -5.86873 8.3134 13
      vertex -4.99361 8.02759 13
    endloop
  endfacet
  facet normal -0.219571 -0.672281 -0.706984
    outer loop
      vertex -5.84965 5.15231 22
      vertex -6.8748 5.48713 22
      vertex -5.86873 8.3134 19
    endloop
  endfacet
  facet normal -0.219564 -0.672282 -0.706985
    outer loop
      vertex -5.84965 5.15231 22
      vertex -5.86873 8.3134 19
      vertex -4.99361 8.02759 19
    endloop
  endfacet
  facet normal 0.310466 0.950584 -0
    outer loop
      vertex -5.84965 5.15231 10
      vertex -6.8748 5.48713 22
      vertex -5.84965 5.15231 22
    endloop
  endfacet
  facet normal 0.310466 0.950584 0
    outer loop
      vertex -6.8748 5.48713 22
      vertex -5.84965 5.15231 10
      vertex -6.8748 5.48713 10
    endloop
  endfacet
  facet normal -0.183909 -0.682898 0.706985
    outer loop
      vertex -4.99361 8.02759 13
      vertex -5.84965 5.15231 10
      vertex -4.10466 7.78819 13
    endloop
  endfacet
  facet normal -0.183905 -0.6829 0.706985
    outer loop
      vertex -4.10466 7.78819 13
      vertex -5.84965 5.15231 10
      vertex -4.80832 4.87188 10
    endloop
  endfacet
  facet normal -0.260042 -0.965597 0
    outer loop
      vertex -4.99361 8.02759 13
      vertex -4.10466 7.78819 19
      vertex -4.99361 8.02759 19
    endloop
  endfacet
  facet normal -0.260042 -0.965597 -0
    outer loop
      vertex -4.10466 7.78819 19
      vertex -4.99361 8.02759 13
      vertex -4.10466 7.78819 13
    endloop
  endfacet
  facet normal -0.183905 -0.682899 -0.706985
    outer loop
      vertex -4.80832 4.87188 22
      vertex -5.84965 5.15231 22
      vertex -4.99361 8.02759 19
    endloop
  endfacet
  facet normal -0.183909 -0.682899 -0.706984
    outer loop
      vertex -4.80832 4.87188 22
      vertex -4.99361 8.02759 19
      vertex -4.10466 7.78819 19
    endloop
  endfacet
  facet normal 0.260036 0.965599 -0
    outer loop
      vertex -4.80832 4.87188 10
      vertex -5.84965 5.15231 22
      vertex -4.80832 4.87188 22
    endloop
  endfacet
  facet normal 0.260036 0.965599 0
    outer loop
      vertex -5.84965 5.15231 22
      vertex -4.80832 4.87188 10
      vertex -5.84965 5.15231 10
    endloop
  endfacet
  facet normal -0.147742 -0.691625 0.706984
    outer loop
      vertex -4.10466 7.78819 13
      vertex -4.80832 4.87188 10
      vertex -3.20435 7.59587 13
    endloop
  endfacet
  facet normal -0.147742 -0.691625 0.706985
    outer loop
      vertex -3.20435 7.59587 13
      vertex -4.80832 4.87188 10
      vertex -3.75367 4.64659 10
    endloop
  endfacet
  facet normal -0.208902 -0.977937 0
    outer loop
      vertex -4.10466 7.78819 13
      vertex -3.20435 7.59587 19
      vertex -4.10466 7.78819 19
    endloop
  endfacet
  facet normal -0.208902 -0.977937 -0
    outer loop
      vertex -3.20435 7.59587 19
      vertex -4.10466 7.78819 13
      vertex -3.20435 7.59587 13
    endloop
  endfacet
  facet normal -0.147742 -0.691625 -0.706984
    outer loop
      vertex -3.75367 4.64659 22
      vertex -4.80832 4.87188 22
      vertex -4.10466 7.78819 19
    endloop
  endfacet
  facet normal -0.147742 -0.691625 -0.706985
    outer loop
      vertex -3.75367 4.64659 22
      vertex -4.10466 7.78819 19
      vertex -3.20435 7.59587 19
    endloop
  endfacet
  facet normal 0.208903 0.977936 -0
    outer loop
      vertex -3.75367 4.64659 10
      vertex -4.80832 4.87188 22
      vertex -3.75367 4.64659 22
    endloop
  endfacet
  facet normal 0.208903 0.977936 0
    outer loop
      vertex -4.80832 4.87188 22
      vertex -3.75367 4.64659 10
      vertex -4.80832 4.87188 10
    endloop
  endfacet
  facet normal -0.111168 -0.698437 0.706985
    outer loop
      vertex -3.20435 7.59587 13
      vertex -3.75367 4.64659 10
      vertex -2.29518 7.45116 13
    endloop
  endfacet
  facet normal -0.111163 -0.698439 0.706984
    outer loop
      vertex -2.29518 7.45116 13
      vertex -3.75367 4.64659 10
      vertex -2.68864 4.47708 10
    endloop
  endfacet
  facet normal -0.157188 -0.987569 0
    outer loop
      vertex -3.20435 7.59587 13
      vertex -2.29518 7.45116 19
      vertex -3.20435 7.59587 19
    endloop
  endfacet
  facet normal -0.157188 -0.987569 -0
    outer loop
      vertex -2.29518 7.45116 19
      vertex -3.20435 7.59587 13
      vertex -2.29518 7.45116 13
    endloop
  endfacet
  facet normal -0.111163 -0.698438 -0.706984
    outer loop
      vertex -2.68864 4.47708 22
      vertex -3.75367 4.64659 22
      vertex -3.20435 7.59587 19
    endloop
  endfacet
  facet normal -0.111168 -0.698438 -0.706984
    outer loop
      vertex -2.68864 4.47708 22
      vertex -3.20435 7.59587 19
      vertex -2.29518 7.45116 19
    endloop
  endfacet
  facet normal 0.157181 0.98757 -0
    outer loop
      vertex -2.68864 4.47708 10
      vertex -3.75367 4.64659 22
      vertex -2.68864 4.47708 22
    endloop
  endfacet
  facet normal 0.157181 0.98757 0
    outer loop
      vertex -3.75367 4.64659 22
      vertex -2.68864 4.47708 10
      vertex -3.75367 4.64659 10
    endloop
  endfacet
  facet normal -0.0742781 -0.703318 0.706984
    outer loop
      vertex -2.29518 7.45116 13
      vertex -2.68864 4.47708 10
      vertex -1.37965 7.35447 13
    endloop
  endfacet
  facet normal -0.0742816 -0.703318 0.706984
    outer loop
      vertex -1.37965 7.35447 13
      vertex -2.68864 4.47708 10
      vertex -1.61617 4.36381 10
    endloop
  endfacet
  facet normal -0.105027 -0.994469 0
    outer loop
      vertex -2.29518 7.45116 13
      vertex -1.37965 7.35447 19
      vertex -2.29518 7.45116 19
    endloop
  endfacet
  facet normal -0.105027 -0.994469 -0
    outer loop
      vertex -1.37965 7.35447 19
      vertex -2.29518 7.45116 13
      vertex -1.37965 7.35447 13
    endloop
  endfacet
  facet normal -0.0742816 -0.703318 -0.706984
    outer loop
      vertex -1.61617 4.36381 22
      vertex -2.68864 4.47708 22
      vertex -2.29518 7.45116 19
    endloop
  endfacet
  facet normal -0.0742781 -0.703318 -0.706984
    outer loop
      vertex -1.61617 4.36381 22
      vertex -2.29518 7.45116 19
      vertex -1.37965 7.35447 19
    endloop
  endfacet
  facet normal 0.105032 0.994469 -0
    outer loop
      vertex -1.61617 4.36381 10
      vertex -2.68864 4.47708 22
      vertex -1.61617 4.36381 22
    endloop
  endfacet
  facet normal 0.105032 0.994469 0
    outer loop
      vertex -2.68864 4.47708 22
      vertex -1.61617 4.36381 10
      vertex -2.68864 4.47708 10
    endloop
  endfacet
  facet normal -0.0371969 -0.70625 0.706984
    outer loop
      vertex -1.37965 7.35447 13
      vertex -1.61617 4.36381 10
      vertex -0.460309 7.30605 13
    endloop
  endfacet
  facet normal -0.0371962 -0.706251 0.706984
    outer loop
      vertex -0.460309 7.30605 13
      vertex -1.61617 4.36381 10
      vertex -0.539219 4.30709 10
    endloop
  endfacet
  facet normal -0.0525953 -0.998616 0
    outer loop
      vertex -1.37965 7.35447 13
      vertex -0.460309 7.30605 19
      vertex -1.37965 7.35447 19
    endloop
  endfacet
  facet normal -0.0525953 -0.998616 -0
    outer loop
      vertex -0.460309 7.30605 19
      vertex -1.37965 7.35447 13
      vertex -0.460309 7.30605 13
    endloop
  endfacet
  facet normal -0.0371962 -0.70625 -0.706984
    outer loop
      vertex -0.539219 4.30709 22
      vertex -1.61617 4.36381 22
      vertex -1.37965 7.35447 19
    endloop
  endfacet
  facet normal -0.0371969 -0.706251 -0.706984
    outer loop
      vertex -0.539219 4.30709 22
      vertex -1.37965 7.35447 19
      vertex -0.460309 7.30605 19
    endloop
  endfacet
  facet normal 0.0525943 0.998616 -0
    outer loop
      vertex -0.539219 4.30709 10
      vertex -1.61617 4.36381 22
      vertex -0.539219 4.30709 22
    endloop
  endfacet
  facet normal 0.0525943 0.998616 0
    outer loop
      vertex -1.61617 4.36381 22
      vertex -0.539219 4.30709 10
      vertex -1.61617 4.36381 10
    endloop
  endfacet
  facet normal 0 -0.707229 0.706984
    outer loop
      vertex -0.539219 4.30709 10
      vertex 0.460309 7.30605 13
      vertex -0.460309 7.30605 13
    endloop
  endfacet
  facet normal 0 -0.707229 0.706984
    outer loop
      vertex 0.460309 7.30605 13
      vertex -0.539219 4.30709 10
      vertex 0.539219 4.30709 10
    endloop
  endfacet
  facet normal 0 -1 0
    outer loop
      vertex -0.460309 7.30605 13
      vertex 0.460309 7.30605 19
      vertex -0.460309 7.30605 19
    endloop
  endfacet
  facet normal 0 -1 -0
    outer loop
      vertex 0.460309 7.30605 19
      vertex -0.460309 7.30605 13
      vertex 0.460309 7.30605 13
    endloop
  endfacet
  facet normal 0 -0.707229 -0.706984
    outer loop
      vertex -0.460309 7.30605 19
      vertex 0.539219 4.30709 22
      vertex -0.539219 4.30709 22
    endloop
  endfacet
  facet normal 0 -0.707229 -0.706984
    outer loop
      vertex 0.539219 4.30709 22
      vertex -0.460309 7.30605 19
      vertex 0.460309 7.30605 19
    endloop
  endfacet
  facet normal 0 1 -0
    outer loop
      vertex 0.539219 4.30709 10
      vertex -0.539219 4.30709 22
      vertex 0.539219 4.30709 22
    endloop
  endfacet
  facet normal 0 1 0
    outer loop
      vertex -0.539219 4.30709 22
      vertex 0.539219 4.30709 10
      vertex -0.539219 4.30709 10
    endloop
  endfacet
  facet normal 0.0371969 -0.706251 0.706984
    outer loop
      vertex 1.37965 7.35447 13
      vertex 0.460309 7.30605 13
      vertex 0.539219 4.30709 10
    endloop
  endfacet
  facet normal 0.0371962 -0.70625 0.706984
    outer loop
      vertex 1.37965 7.35447 13
      vertex 0.539219 4.30709 10
      vertex 1.61617 4.36381 10
    endloop
  endfacet
  facet normal 0.0525953 -0.998616 0
    outer loop
      vertex 0.460309 7.30605 13
      vertex 1.37965 7.35447 19
      vertex 0.460309 7.30605 19
    endloop
  endfacet
  facet normal 0.0525953 -0.998616 0
    outer loop
      vertex 1.37965 7.35447 19
      vertex 0.460309 7.30605 13
      vertex 1.37965 7.35447 13
    endloop
  endfacet
  facet normal 0.0371962 -0.706251 -0.706984
    outer loop
      vertex 0.539219 4.30709 22
      vertex 0.460309 7.30605 19
      vertex 1.61617 4.36381 22
    endloop
  endfacet
  facet normal 0.0371969 -0.70625 -0.706984
    outer loop
      vertex 1.61617 4.36381 22
      vertex 0.460309 7.30605 19
      vertex 1.37965 7.35447 19
    endloop
  endfacet
  facet normal -0.0525943 0.998616 0
    outer loop
      vertex 1.61617 4.36381 10
      vertex 0.539219 4.30709 22
      vertex 1.61617 4.36381 22
    endloop
  endfacet
  facet normal -0.0525943 0.998616 0
    outer loop
      vertex 0.539219 4.30709 22
      vertex 1.61617 4.36381 10
      vertex 0.539219 4.30709 10
    endloop
  endfacet
  facet normal 0.0742781 -0.703318 0.706984
    outer loop
      vertex 2.29518 7.45116 13
      vertex 1.37965 7.35447 13
      vertex 1.61617 4.36381 10
    endloop
  endfacet
  facet normal 0.0742816 -0.703318 0.706984
    outer loop
      vertex 2.29518 7.45116 13
      vertex 1.61617 4.36381 10
      vertex 2.68864 4.47708 10
    endloop
  endfacet
  facet normal 0.105027 -0.994469 0
    outer loop
      vertex 1.37965 7.35447 13
      vertex 2.29518 7.45116 19
      vertex 1.37965 7.35447 19
    endloop
  endfacet
  facet normal 0.105027 -0.994469 0
    outer loop
      vertex 2.29518 7.45116 19
      vertex 1.37965 7.35447 13
      vertex 2.29518 7.45116 13
    endloop
  endfacet
  facet normal 0.0742816 -0.703318 -0.706984
    outer loop
      vertex 1.61617 4.36381 22
      vertex 1.37965 7.35447 19
      vertex 2.68864 4.47708 22
    endloop
  endfacet
  facet normal 0.0742781 -0.703318 -0.706984
    outer loop
      vertex 2.68864 4.47708 22
      vertex 1.37965 7.35447 19
      vertex 2.29518 7.45116 19
    endloop
  endfacet
  facet normal -0.105032 0.994469 0
    outer loop
      vertex 2.68864 4.47708 10
      vertex 1.61617 4.36381 22
      vertex 2.68864 4.47708 22
    endloop
  endfacet
  facet normal -0.105032 0.994469 0
    outer loop
      vertex 1.61617 4.36381 22
      vertex 2.68864 4.47708 10
      vertex 1.61617 4.36381 10
    endloop
  endfacet
  facet normal 0.111168 -0.698438 0.706984
    outer loop
      vertex 3.20435 7.59587 13
      vertex 2.29518 7.45116 13
      vertex 2.68864 4.47708 10
    endloop
  endfacet
  facet normal 0.111163 -0.698438 0.706984
    outer loop
      vertex 3.20435 7.59587 13
      vertex 2.68864 4.47708 10
      vertex 3.75367 4.64659 10
    endloop
  endfacet
  facet normal 0.157188 -0.987569 0
    outer loop
      vertex 2.29518 7.45116 13
      vertex 3.20435 7.59587 19
      vertex 2.29518 7.45116 19
    endloop
  endfacet
  facet normal 0.157188 -0.987569 0
    outer loop
      vertex 3.20435 7.59587 19
      vertex 2.29518 7.45116 13
      vertex 3.20435 7.59587 13
    endloop
  endfacet
  facet normal 0.111163 -0.698439 -0.706984
    outer loop
      vertex 2.68864 4.47708 22
      vertex 2.29518 7.45116 19
      vertex 3.75367 4.64659 22
    endloop
  endfacet
  facet normal 0.111168 -0.698437 -0.706985
    outer loop
      vertex 3.75367 4.64659 22
      vertex 2.29518 7.45116 19
      vertex 3.20435 7.59587 19
    endloop
  endfacet
  facet normal -0.157181 0.98757 0
    outer loop
      vertex 3.75367 4.64659 10
      vertex 2.68864 4.47708 22
      vertex 3.75367 4.64659 22
    endloop
  endfacet
  facet normal -0.157181 0.98757 0
    outer loop
      vertex 2.68864 4.47708 22
      vertex 3.75367 4.64659 10
      vertex 2.68864 4.47708 10
    endloop
  endfacet
  facet normal 0.147742 -0.691625 0.706985
    outer loop
      vertex 4.10466 7.78819 13
      vertex 3.20435 7.59587 13
      vertex 3.75367 4.64659 10
    endloop
  endfacet
  facet normal 0.147742 -0.691625 0.706984
    outer loop
      vertex 4.10466 7.78819 13
      vertex 3.75367 4.64659 10
      vertex 4.80832 4.87188 10
    endloop
  endfacet
  facet normal 0.208902 -0.977937 0
    outer loop
      vertex 3.20435 7.59587 13
      vertex 4.10466 7.78819 19
      vertex 3.20435 7.59587 19
    endloop
  endfacet
  facet normal 0.208902 -0.977937 0
    outer loop
      vertex 4.10466 7.78819 19
      vertex 3.20435 7.59587 13
      vertex 4.10466 7.78819 13
    endloop
  endfacet
  facet normal 0.147742 -0.691625 -0.706985
    outer loop
      vertex 3.75367 4.64659 22
      vertex 3.20435 7.59587 19
      vertex 4.80832 4.87188 22
    endloop
  endfacet
  facet normal 0.147742 -0.691625 -0.706984
    outer loop
      vertex 4.80832 4.87188 22
      vertex 3.20435 7.59587 19
      vertex 4.10466 7.78819 19
    endloop
  endfacet
  facet normal -0.208903 0.977936 0
    outer loop
      vertex 4.80832 4.87188 10
      vertex 3.75367 4.64659 22
      vertex 4.80832 4.87188 22
    endloop
  endfacet
  facet normal -0.208903 0.977936 0
    outer loop
      vertex 3.75367 4.64659 22
      vertex 4.80832 4.87188 10
      vertex 3.75367 4.64659 10
    endloop
  endfacet
  facet normal 0.183909 -0.682899 0.706984
    outer loop
      vertex 4.99361 8.02759 13
      vertex 4.10466 7.78819 13
      vertex 4.80832 4.87188 10
    endloop
  endfacet
  facet normal 0.183905 -0.682899 0.706985
    outer loop
      vertex 4.99361 8.02759 13
      vertex 4.80832 4.87188 10
      vertex 5.84965 5.15231 10
    endloop
  endfacet
  facet normal 0.260042 -0.965597 0
    outer loop
      vertex 4.10466 7.78819 13
      vertex 4.99361 8.02759 19
      vertex 4.10466 7.78819 19
    endloop
  endfacet
  facet normal 0.260042 -0.965597 0
    outer loop
      vertex 4.99361 8.02759 19
      vertex 4.10466 7.78819 13
      vertex 4.99361 8.02759 13
    endloop
  endfacet
  facet normal 0.183905 -0.6829 -0.706985
    outer loop
      vertex 4.80832 4.87188 22
      vertex 4.10466 7.78819 19
      vertex 5.84965 5.15231 22
    endloop
  endfacet
  facet normal 0.183909 -0.682898 -0.706985
    outer loop
      vertex 5.84965 5.15231 22
      vertex 4.10466 7.78819 19
      vertex 4.99361 8.02759 19
    endloop
  endfacet
  facet normal -0.260036 0.965599 0
    outer loop
      vertex 5.84965 5.15231 10
      vertex 4.80832 4.87188 22
      vertex 5.84965 5.15231 22
    endloop
  endfacet
  facet normal -0.260036 0.965599 0
    outer loop
      vertex 4.80832 4.87188 22
      vertex 5.84965 5.15231 10
      vertex 4.80832 4.87188 10
    endloop
  endfacet
  facet normal 0.219564 -0.672282 0.706985
    outer loop
      vertex 5.86873 8.3134 13
      vertex 4.99361 8.02759 13
      vertex 5.84965 5.15231 10
    endloop
  endfacet
  facet normal 0.219571 -0.672281 0.706984
    outer loop
      vertex 5.86873 8.3134 13
      vertex 5.84965 5.15231 10
      vertex 6.8748 5.48713 10
    endloop
  endfacet
  facet normal 0.310457 -0.950587 0
    outer loop
      vertex 4.99361 8.02759 13
      vertex 5.86873 8.3134 19
      vertex 4.99361 8.02759 19
    endloop
  endfacet
  facet normal 0.310457 -0.950587 0
    outer loop
      vertex 5.86873 8.3134 19
      vertex 4.99361 8.02759 13
      vertex 5.86873 8.3134 13
    endloop
  endfacet
  facet normal 0.219571 -0.67228 -0.706985
    outer loop
      vertex 5.84965 5.15231 22
      vertex 4.99361 8.02759 19
      vertex 6.8748 5.48713 22
    endloop
  endfacet
  facet normal 0.219565 -0.672283 -0.706984
    outer loop
      vertex 6.8748 5.48713 22
      vertex 4.99361 8.02759 19
      vertex 5.86873 8.3134 19
    endloop
  endfacet
  facet normal -0.310466 0.950584 0
    outer loop
      vertex 6.8748 5.48713 10
      vertex 5.84965 5.15231 22
      vertex 6.8748 5.48713 22
    endloop
  endfacet
  facet normal -0.310466 0.950584 0
    outer loop
      vertex 5.84965 5.15231 22
      vertex 6.8748 5.48713 10
      vertex 5.84965 5.15231 10
    endloop
  endfacet
  facet normal 0.254615 -0.659807 0.706984
    outer loop
      vertex 6.72762 8.64484 13
      vertex 5.86873 8.3134 13
      vertex 6.8748 5.48713 10
    endloop
  endfacet
  facet normal 0.254616 -0.659806 0.706984
    outer loop
      vertex 7.88093 5.87539 10
      vertex 6.72762 8.64484 13
      vertex 6.8748 5.48713 10
    endloop
  endfacet
  facet normal 0.360018 -0.932946 0
    outer loop
      vertex 5.86873 8.3134 13
      vertex 6.72762 8.64484 19
      vertex 5.86873 8.3134 19
    endloop
  endfacet
  facet normal 0.360018 -0.932946 0
    outer loop
      vertex 6.72762 8.64484 19
      vertex 5.86873 8.3134 13
      vertex 6.72762 8.64484 13
    endloop
  endfacet
  facet normal 0.254616 -0.659806 -0.706984
    outer loop
      vertex 6.8748 5.48713 22
      vertex 5.86873 8.3134 19
      vertex 7.88093 5.87539 22
    endloop
  endfacet
  facet normal 0.254615 -0.659807 -0.706984
    outer loop
      vertex 7.88093 5.87539 22
      vertex 5.86873 8.3134 19
      vertex 6.72762 8.64484 19
    endloop
  endfacet
  facet normal -0.360018 0.932945 0
    outer loop
      vertex 7.88093 5.87539 10
      vertex 6.8748 5.48713 22
      vertex 7.88093 5.87539 22
    endloop
  endfacet
  facet normal -0.360018 0.932945 0
    outer loop
      vertex 6.8748 5.48713 22
      vertex 7.88093 5.87539 10
      vertex 6.8748 5.48713 10
    endloop
  endfacet
  facet normal 0.288962 -0.645503 0.706984
    outer loop
      vertex 7.56789 9.02099 13
      vertex 6.72762 8.64484 13
      vertex 7.88093 5.87539 10
    endloop
  endfacet
  facet normal 0.288962 -0.645503 0.706984
    outer loop
      vertex 8.86524 6.31602 10
      vertex 7.56789 9.02099 13
      vertex 7.88093 5.87539 10
    endloop
  endfacet
  facet normal 0.408583 -0.912721 0
    outer loop
      vertex 6.72762 8.64484 13
      vertex 7.56789 9.02099 19
      vertex 6.72762 8.64484 19
    endloop
  endfacet
  facet normal 0.408583 -0.912721 0
    outer loop
      vertex 7.56789 9.02099 19
      vertex 6.72762 8.64484 13
      vertex 7.56789 9.02099 13
    endloop
  endfacet
  facet normal 0.288962 -0.645503 -0.706984
    outer loop
      vertex 7.88093 5.87539 22
      vertex 6.72762 8.64484 19
      vertex 8.86524 6.31602 22
    endloop
  endfacet
  facet normal 0.288962 -0.645503 -0.706984
    outer loop
      vertex 8.86524 6.31602 22
      vertex 6.72762 8.64484 19
      vertex 7.56789 9.02099 19
    endloop
  endfacet
  facet normal -0.408583 0.912721 0
    outer loop
      vertex 8.86524 6.31602 10
      vertex 7.88093 5.87539 22
      vertex 8.86524 6.31602 22
    endloop
  endfacet
  facet normal -0.408583 0.912721 0
    outer loop
      vertex 7.88093 5.87539 22
      vertex 8.86524 6.31602 10
      vertex 7.88093 5.87539 10
    endloop
  endfacet
  facet normal 0.322511 -0.629413 0.706984
    outer loop
      vertex 8.38721 9.44081 13
      vertex 7.56789 9.02099 13
      vertex 8.86524 6.31602 10
    endloop
  endfacet
  facet normal 0.32251 -0.629413 0.706984
    outer loop
      vertex 9.82502 6.80781 10
      vertex 8.38721 9.44081 13
      vertex 8.86524 6.31602 10
    endloop
  endfacet
  facet normal 0.456021 -0.889969 0
    outer loop
      vertex 7.56789 9.02099 13
      vertex 8.38721 9.44081 19
      vertex 7.56789 9.02099 19
    endloop
  endfacet
  facet normal 0.456021 -0.889969 0
    outer loop
      vertex 8.38721 9.44081 19
      vertex 7.56789 9.02099 13
      vertex 8.38721 9.44081 13
    endloop
  endfacet
  facet normal 0.32251 -0.629413 -0.706984
    outer loop
      vertex 8.86524 6.31602 22
      vertex 7.56789 9.02099 19
      vertex 9.82502 6.80781 22
    endloop
  endfacet
  facet normal 0.322511 -0.629412 -0.706984
    outer loop
      vertex 9.82502 6.80781 22
      vertex 7.56789 9.02099 19
      vertex 8.38721 9.44081 19
    endloop
  endfacet
  facet normal -0.456019 0.88997 0
    outer loop
      vertex 9.82502 6.80781 10
      vertex 8.86524 6.31602 22
      vertex 9.82502 6.80781 22
    endloop
  endfacet
  facet normal -0.456019 0.88997 0
    outer loop
      vertex 8.86524 6.31602 22
      vertex 9.82502 6.80781 10
      vertex 8.86524 6.31602 10
    endloop
  endfacet
  facet normal 0.355161 -0.611583 0.706984
    outer loop
      vertex 9.18332 9.90313 13
      vertex 8.38721 9.44081 13
      vertex 9.82502 6.80781 10
    endloop
  endfacet
  facet normal 0.355166 -0.611581 0.706983
    outer loop
      vertex 10.7576 7.34939 10
      vertex 9.18332 9.90313 13
      vertex 9.82502 6.80781 10
    endloop
  endfacet
  facet normal 0.502186 -0.864759 0
    outer loop
      vertex 8.38721 9.44081 13
      vertex 9.18332 9.90313 19
      vertex 8.38721 9.44081 19
    endloop
  endfacet
  facet normal 0.502186 -0.864759 0
    outer loop
      vertex 9.18332 9.90313 19
      vertex 8.38721 9.44081 13
      vertex 9.18332 9.90313 13
    endloop
  endfacet
  facet normal 0.355165 -0.611581 -0.706984
    outer loop
      vertex 9.82502 6.80781 22
      vertex 8.38721 9.44081 19
      vertex 10.7576 7.34939 22
    endloop
  endfacet
  facet normal 0.355161 -0.611584 -0.706983
    outer loop
      vertex 10.7576 7.34939 22
      vertex 8.38721 9.44081 19
      vertex 9.18332 9.90313 19
    endloop
  endfacet
  facet normal -0.502192 0.864756 0
    outer loop
      vertex 10.7576 7.34939 10
      vertex 9.82502 6.80781 22
      vertex 10.7576 7.34939 22
    endloop
  endfacet
  facet normal -0.502192 0.864756 0
    outer loop
      vertex 9.82502 6.80781 22
      vertex 10.7576 7.34939 10
      vertex 9.82502 6.80781 10
    endloop
  endfacet
  facet normal 0.386843 -0.592053 0.706983
    outer loop
      vertex 9.95402 10.4067 13
      vertex 9.18332 9.90313 13
      vertex 10.7576 7.34939 10
    endloop
  endfacet
  facet normal 0.386866 -0.592054 0.70697
    outer loop
      vertex 11.1467 8.68203 10.9031
      vertex 10.7576 7.34939 10
      vertex 11.1467 7.60364 10
    endloop
  endfacet
  facet normal 0.386839 -0.592055 0.706984
    outer loop
      vertex 10.7576 7.34939 10
      vertex 11.1467 8.68203 10.9031
      vertex 9.95402 10.4067 13
    endloop
  endfacet
  facet normal 0.546984 -0.837143 0
    outer loop
      vertex 9.18332 9.90313 13
      vertex 9.95402 10.4067 19
      vertex 9.18332 9.90313 19
    endloop
  endfacet
  facet normal 0.546984 -0.837143 0
    outer loop
      vertex 9.95402 10.4067 19
      vertex 9.18332 9.90313 13
      vertex 9.95402 10.4067 13
    endloop
  endfacet
  facet normal 0.386861 -0.592045 -0.70698
    outer loop
      vertex 10.7576 7.34939 22
      vertex 11.1467 8.34651 21.3779
      vertex 11.1467 7.60364 22
    endloop
  endfacet
  facet normal 0.386856 -0.592045 -0.706983
    outer loop
      vertex 11.1467 8.34651 21.3779
      vertex 10.7576 7.34939 22
      vertex 9.18332 9.90313 19
    endloop
  endfacet
  facet normal 0.386804 -0.592093 -0.706971
    outer loop
      vertex 9.18332 9.90313 19
      vertex 11.1467 8.68203 21.0969
      vertex 11.1467 8.34651 21.3779
    endloop
  endfacet
  facet normal 0.386843 -0.592052 -0.706984
    outer loop
      vertex 11.1467 8.68203 21.0969
      vertex 9.18332 9.90313 19
      vertex 9.95402 10.4067 19
    endloop
  endfacet
  facet normal -0.547006 0.837129 0
    outer loop
      vertex 11.1467 7.60364 10
      vertex 10.7576 7.34939 22
      vertex 11.1467 7.60364 22
    endloop
  endfacet
  facet normal -0.547006 0.837129 0
    outer loop
      vertex 10.7576 7.34939 22
      vertex 11.1467 7.60364 10
      vertex 10.7576 7.34939 10
    endloop
  endfacet
  facet normal 0.41743 -0.570897 0.706986
    outer loop
      vertex 9.95402 10.4067 13
      vertex 11.3395 8.94249 10.9996
      vertex 10.6972 10.9501 13
    endloop
  endfacet
  facet normal 0.417485 -0.570852 0.70699
    outer loop
      vertex 11.3395 8.94249 10.9996
      vertex 9.95402 10.4067 13
      vertex 11.1467 8.8083 11.0051
    endloop
  endfacet
  facet normal 0.417148 -0.5711 0.706988
    outer loop
      vertex 11.1467 8.8083 11.0051
      vertex 9.95402 10.4067 13
      vertex 11.1467 8.68203 10.9031
    endloop
  endfacet
  facet normal 0.417496 -0.57085 0.706985
    outer loop
      vertex 10.6972 10.9501 13
      vertex 11.5617 9.09723 10.9934
      vertex 11.9156 9.37253 11.0067
    endloop
  endfacet
  facet normal 0.417334 -0.570946 0.707003
    outer loop
      vertex 11.5617 9.09723 10.9934
      vertex 10.6972 10.9501 13
      vertex 11.3395 8.94249 10.9996
    endloop
  endfacet
  facet normal 0.590234 -0.807232 0
    outer loop
      vertex 9.95402 10.4067 13
      vertex 10.6972 10.9501 19
      vertex 9.95402 10.4067 19
    endloop
  endfacet
  facet normal 0.590234 -0.807232 0
    outer loop
      vertex 10.6972 10.9501 19
      vertex 9.95402 10.4067 13
      vertex 10.6972 10.9501 13
    endloop
  endfacet
  facet normal 0.417148 -0.5711 -0.706988
    outer loop
      vertex 11.1467 8.68203 21.0969
      vertex 9.95402 10.4067 19
      vertex 11.1467 8.8083 20.9949
    endloop
  endfacet
  facet normal 0.417408 -0.570908 -0.70699
    outer loop
      vertex 9.95402 10.4067 19
      vertex 11.5617 9.09723 21.0066
      vertex 11.1467 8.8083 20.9949
    endloop
  endfacet
  facet normal 0.417437 -0.570881 -0.706995
    outer loop
      vertex 11.5617 9.09723 21.0066
      vertex 9.95402 10.4067 19
      vertex 11.6741 9.18462 21.0024
    endloop
  endfacet
  facet normal 0.417521 -0.570831 -0.706985
    outer loop
      vertex 11.6741 9.18462 21.0024
      vertex 10.6972 10.9501 19
      vertex 11.9156 9.37253 20.9933
    endloop
  endfacet
  facet normal 0.417426 -0.570892 -0.706992
    outer loop
      vertex 10.6972 10.9501 19
      vertex 11.6741 9.18462 21.0024
      vertex 9.95402 10.4067 19
    endloop
  endfacet
  facet normal 0.446885 -0.548139 0.706991
    outer loop
      vertex 10.6972 10.9501 13
      vertex 12.1577 9.56082 10.9997
      vertex 11.4107 11.5318 13
    endloop
  endfacet
  facet normal 0.446806 -0.548212 0.706985
    outer loop
      vertex 12.1577 9.56082 10.9997
      vertex 10.6972 10.9501 13
      vertex 11.9156 9.37253 11.0067
    endloop
  endfacet
  facet normal 0.446968 -0.548079 0.706986
    outer loop
      vertex 11.4107 11.5318 13
      vertex 12.3757 9.73039 10.9934
      vertex 12.7104 10.0205 11.0067
    endloop
  endfacet
  facet normal 0.446825 -0.548174 0.707003
    outer loop
      vertex 12.3757 9.73039 10.9934
      vertex 11.4107 11.5318 13
      vertex 12.1577 9.56082 10.9997
    endloop
  endfacet
  facet normal 0.631888 -0.77506 0
    outer loop
      vertex 10.6972 10.9501 13
      vertex 11.4107 11.5318 19
      vertex 10.6972 10.9501 19
    endloop
  endfacet
  facet normal 0.631888 -0.77506 0
    outer loop
      vertex 11.4107 11.5318 19
      vertex 10.6972 10.9501 13
      vertex 11.4107 11.5318 13
    endloop
  endfacet
  facet normal 0.446821 -0.548201 -0.706984
    outer loop
      vertex 10.6972 10.9501 19
      vertex 12.3757 9.73039 21.0066
      vertex 11.9156 9.37253 20.9933
    endloop
  endfacet
  facet normal 0.446994 -0.548017 -0.707017
    outer loop
      vertex 12.3757 9.73039 21.0066
      vertex 10.6972 10.9501 19
      vertex 12.4792 9.8201 21.0025
    endloop
  endfacet
  facet normal 0.446947 -0.548096 -0.706986
    outer loop
      vertex 12.4792 9.8201 21.0025
      vertex 11.4107 11.5318 19
      vertex 12.7104 10.0205 20.9933
    endloop
  endfacet
  facet normal 0.446886 -0.54814 -0.706991
    outer loop
      vertex 11.4107 11.5318 19
      vertex 12.4792 9.8201 21.0025
      vertex 10.6972 10.9501 19
    endloop
  endfacet
  facet normal 0.475054 -0.523911 0.706994
    outer loop
      vertex 11.4107 11.5318 13
      vertex 12.9422 10.2213 10.9998
      vertex 12.0927 12.1502 13
    endloop
  endfacet
  facet normal 0.474967 -0.524 0.706987
    outer loop
      vertex 12.9422 10.2213 10.9998
      vertex 11.4107 11.5318 13
      vertex 12.7104 10.0205 11.0067
    endloop
  endfacet
  facet normal 0.475 -0.523964 0.706991
    outer loop
      vertex 12.0927 12.1502 13
      vertex 13.155 10.4057 10.9934
      vertex 13.4701 10.7093 11.0067
    endloop
  endfacet
  facet normal 0.475182 -0.523829 0.706969
    outer loop
      vertex 13.155 10.4057 10.9934
      vertex 12.0927 12.1502 13
      vertex 12.9422 10.2213 10.9998
    endloop
  endfacet
  facet normal 0.671721 -0.740805 0
    outer loop
      vertex 11.4107 11.5318 13
      vertex 12.0927 12.1502 19
      vertex 11.4107 11.5318 19
    endloop
  endfacet
  facet normal 0.671721 -0.740805 0
    outer loop
      vertex 12.0927 12.1502 19
      vertex 11.4107 11.5318 13
      vertex 12.0927 12.1502 13
    endloop
  endfacet
  facet normal 0.475066 -0.523913 -0.706985
    outer loop
      vertex 11.4107 11.5318 19
      vertex 13.155 10.4057 21.0066
      vertex 12.7104 10.0205 20.9933
    endloop
  endfacet
  facet normal 0.474914 -0.524093 -0.706954
    outer loop
      vertex 13.155 10.4057 21.0066
      vertex 11.4107 11.5318 19
      vertex 13.2498 10.497 21.0026
    endloop
  endfacet
  facet normal 0.475048 -0.52392 -0.706992
    outer loop
      vertex 13.2498 10.497 21.0026
      vertex 12.0927 12.1502 19
      vertex 13.4701 10.7093 20.9933
    endloop
  endfacet
  facet normal 0.475056 -0.523913 -0.706991
    outer loop
      vertex 12.0927 12.1502 19
      vertex 13.2498 10.497 21.0026
      vertex 11.4107 11.5318 19
    endloop
  endfacet
  facet normal 0.502006 -0.498165 0.706981
    outer loop
      vertex 12.0927 12.1502 13
      vertex 13.691 10.9222 10.9998
      vertex 12.7412 12.8037 13
    endloop
  endfacet
  facet normal 0.502102 -0.498055 0.70699
    outer loop
      vertex 13.691 10.9222 10.9998
      vertex 12.0927 12.1502 13
      vertex 13.4701 10.7093 11.0067
    endloop
  endfacet
  facet normal 0.501998 -0.49817 0.706983
    outer loop
      vertex 12.7412 12.8037 13
      vertex 13.8975 11.1212 10.9934
      vertex 14.1925 11.4372 11.0066
    endloop
  endfacet
  facet normal 0.501993 -0.498175 0.706983
    outer loop
      vertex 13.8975 11.1212 10.9934
      vertex 12.7412 12.8037 13
      vertex 13.691 10.9222 10.9998
    endloop
  endfacet
  facet normal 0.709817 -0.704386 0
    outer loop
      vertex 12.0927 12.1502 19
      vertex 12.7412 12.8037 13
      vertex 12.7412 12.8037 19
    endloop
  endfacet
  facet normal 0.709817 -0.704386 0
    outer loop
      vertex 12.7412 12.8037 13
      vertex 12.0927 12.1502 19
      vertex 12.0927 12.1502 13
    endloop
  endfacet
  facet normal 0.502046 -0.49811 -0.706991
    outer loop
      vertex 12.0927 12.1502 19
      vertex 13.8975 11.1212 21.0066
      vertex 13.4701 10.7093 20.9933
    endloop
  endfacet
  facet normal 0.502007 -0.498162 -0.706982
    outer loop
      vertex 13.8975 11.1212 21.0066
      vertex 12.0927 12.1502 19
      vertex 13.9837 11.2136 21.0027
    endloop
  endfacet
  facet normal 0.501995 -0.498173 -0.706983
    outer loop
      vertex 13.9837 11.2136 21.0027
      vertex 12.7412 12.8037 19
      vertex 14.1925 11.4372 20.9934
    endloop
  endfacet
  facet normal 0.502005 -0.498164 -0.706982
    outer loop
      vertex 12.7412 12.8037 19
      vertex 13.9837 11.2136 21.0027
      vertex 12.0927 12.1502 19
    endloop
  endfacet
  facet normal 0.527479 -0.47109 0.706994
    outer loop
      vertex 12.7412 12.8037 13
      vertex 14.4018 11.6614 10.9999
      vertex 13.3544 13.4903 13
    endloop
  endfacet
  facet normal 0.527386 -0.471209 0.706984
    outer loop
      vertex 14.4018 11.6614 10.9999
      vertex 12.7412 12.8037 13
      vertex 14.1925 11.4372 11.0066
    endloop
  endfacet
  facet normal 0.527442 -0.471138 0.706989
    outer loop
      vertex 13.3544 13.4903 13
      vertex 14.6012 11.875 10.9934
      vertex 14.8756 12.202 11.0066
    endloop
  endfacet
  facet normal 0.527589 -0.471002 0.70697
    outer loop
      vertex 14.6012 11.875 10.9934
      vertex 13.3544 13.4903 13
      vertex 14.4018 11.6614 10.9999
    endloop
  endfacet
  facet normal 0.745849 -0.666115 0
    outer loop
      vertex 12.7412 12.8037 19
      vertex 13.3544 13.4903 13
      vertex 13.3544 13.4903 19
    endloop
  endfacet
  facet normal 0.745849 -0.666115 0
    outer loop
      vertex 13.3544 13.4903 13
      vertex 12.7412 12.8037 19
      vertex 12.7412 12.8037 13
    endloop
  endfacet
  facet normal 0.527482 -0.471104 -0.706982
    outer loop
      vertex 12.7412 12.8037 19
      vertex 14.6012 11.875 21.0066
      vertex 14.1925 11.4372 20.9934
    endloop
  endfacet
  facet normal 0.527235 -0.471469 -0.706923
    outer loop
      vertex 14.6012 11.875 21.0066
      vertex 12.7412 12.8037 19
      vertex 14.679 11.9677 21.0028
    endloop
  endfacet
  facet normal 0.527543 -0.471023 -0.706991
    outer loop
      vertex 14.679 11.9677 21.0028
      vertex 13.3544 13.4903 19
      vertex 14.8756 12.202 20.9934
    endloop
  endfacet
  facet normal 0.527477 -0.471088 -0.706997
    outer loop
      vertex 13.3544 13.4903 19
      vertex 14.679 11.9677 21.0028
      vertex 12.7412 12.8037 19
    endloop
  endfacet
  facet normal 0.55151 -0.442729 0.706985
    outer loop
      vertex 13.3544 13.4903 13
      vertex 15.0728 12.437 10.9999
      vertex 13.9307 14.2082 13
    endloop
  endfacet
  facet normal 0.551548 -0.442674 0.706989
    outer loop
      vertex 15.0728 12.437 10.9999
      vertex 13.3544 13.4903 13
      vertex 14.8756 12.202 11.0066
    endloop
  endfacet
  facet normal 0.55159 -0.442633 0.706983
    outer loop
      vertex 13.9307 14.2082 13
      vertex 15.2641 12.665 10.9935
      vertex 15.5175 13.0017 11.0066
    endloop
  endfacet
  facet normal 0.551417 -0.442812 0.707006
    outer loop
      vertex 15.2641 12.665 10.9935
      vertex 13.9307 14.2082 13
      vertex 15.0728 12.437 10.9999
    endloop
  endfacet
  facet normal 0.779819 -0.626006 0
    outer loop
      vertex 13.3544 13.4903 19
      vertex 13.9307 14.2082 13
      vertex 13.9307 14.2082 19
    endloop
  endfacet
  facet normal 0.779819 -0.626006 0
    outer loop
      vertex 13.9307 14.2082 13
      vertex 13.3544 13.4903 19
      vertex 13.3544 13.4903 13
    endloop
  endfacet
  facet normal 0.551489 -0.442747 -0.706991
    outer loop
      vertex 13.3544 13.4903 19
      vertex 15.2641 12.665 21.0065
      vertex 14.8756 12.202 20.9934
    endloop
  endfacet
  facet normal 0.55165 -0.442478 -0.707033
    outer loop
      vertex 15.2641 12.665 21.0065
      vertex 13.3544 13.4903 19
      vertex 15.3336 12.7574 21.0029
    endloop
  endfacet
  facet normal 0.551553 -0.442681 -0.706982
    outer loop
      vertex 15.3336 12.7574 21.0029
      vertex 13.9307 14.2082 19
      vertex 15.5175 13.0017 20.9934
    endloop
  endfacet
  facet normal 0.551509 -0.442728 -0.706986
    outer loop
      vertex 13.9307 14.2082 19
      vertex 15.3336 12.7574 21.0029
      vertex 13.3544 13.4903 19
    endloop
  endfacet
  facet normal 0.574071 -0.413058 0.706983
    outer loop
      vertex 13.9307 14.2082 13
      vertex 15.702 13.2468 11
      vertex 14.4684 14.9555 13
    endloop
  endfacet
  facet normal 0.574055 -0.413084 0.706981
    outer loop
      vertex 15.702 13.2468 11
      vertex 13.9307 14.2082 13
      vertex 15.5175 13.0017 11.0066
    endloop
  endfacet
  facet normal 0.574023 -0.413114 0.70699
    outer loop
      vertex 14.4684 14.9555 13
      vertex 15.8842 13.4889 10.9935
      vertex 16.1165 13.8341 11.0066
    endloop
  endfacet
  facet normal 0.574073 -0.413056 0.706983
    outer loop
      vertex 15.8842 13.4889 10.9935
      vertex 14.4684 14.9555 13
      vertex 15.702 13.2468 11
    endloop
  endfacet
  facet normal 0.811718 -0.58405 0
    outer loop
      vertex 13.9307 14.2082 19
      vertex 14.4684 14.9555 13
      vertex 14.4684 14.9555 19
    endloop
  endfacet
  facet normal 0.811718 -0.58405 0
    outer loop
      vertex 14.4684 14.9555 13
      vertex 13.9307 14.2082 19
      vertex 13.9307 14.2082 13
    endloop
  endfacet
  facet normal 0.574065 -0.413071 -0.706981
    outer loop
      vertex 13.9307 14.2082 19
      vertex 15.8842 13.4889 21.0065
      vertex 15.5175 13.0017 20.9934
    endloop
  endfacet
  facet normal 0.573892 -0.413399 -0.70693
    outer loop
      vertex 15.8842 13.4889 21.0065
      vertex 13.9307 14.2082 19
      vertex 15.9458 13.5804 21.003
    endloop
  endfacet
  facet normal 0.574087 -0.413022 -0.706991
    outer loop
      vertex 15.9458 13.5804 21.003
      vertex 14.4684 14.9555 19
      vertex 16.1165 13.8341 20.9934
    endloop
  endfacet
  facet normal 0.574063 -0.413052 -0.706994
    outer loop
      vertex 14.4684 14.9555 19
      vertex 15.9458 13.5804 21.003
      vertex 13.9307 14.2082 19
    endloop
  endfacet
  facet normal 0.594964 -0.382329 0.706995
    outer loop
      vertex 14.4684 14.9555 13
      vertex 16.2878 14.0886 11.0001
      vertex 14.9661 15.73 13
    endloop
  endfacet
  facet normal 0.594934 -0.382384 0.706991
    outer loop
      vertex 16.2878 14.0886 11.0001
      vertex 14.4684 14.9555 13
      vertex 16.1165 13.8341 11.0066
    endloop
  endfacet
  facet normal 0.595064 -0.382207 0.706978
    outer loop
      vertex 14.9661 15.73 13
      vertex 16.46 14.3444 10.9935
      vertex 16.6709 14.6968 11.0065
    endloop
  endfacet
  facet normal 0.594993 -0.382297 0.706988
    outer loop
      vertex 16.46 14.3444 10.9935
      vertex 14.9661 15.73 13
      vertex 16.2878 14.0886 11.0001
    endloop
  endfacet
  facet normal 0.841274 -0.540609 0
    outer loop
      vertex 14.4684 14.9555 19
      vertex 14.9661 15.73 13
      vertex 14.9661 15.73 19
    endloop
  endfacet
  facet normal 0.841274 -0.540609 0
    outer loop
      vertex 14.9661 15.73 13
      vertex 14.4684 14.9555 19
      vertex 14.4684 14.9555 13
    endloop
  endfacet
  facet normal 0.594963 -0.38234 -0.70699
    outer loop
      vertex 14.4684 14.9555 19
      vertex 16.46 14.3444 21.0065
      vertex 16.1165 13.8341 20.9934
    endloop
  endfacet
  facet normal 0.594999 -0.382262 -0.707002
    outer loop
      vertex 16.46 14.3444 21.0065
      vertex 14.4684 14.9555 19
      vertex 16.5139 14.4344 21.0032
    endloop
  endfacet
  facet normal 0.595078 -0.382183 -0.706978
    outer loop
      vertex 16.5139 14.4344 21.0032
      vertex 14.9661 15.73 19
      vertex 16.6709 14.6968 20.9935
    endloop
  endfacet
  facet normal 0.594969 -0.382332 -0.70699
    outer loop
      vertex 14.9661 15.73 19
      vertex 16.5139 14.4344 21.0032
      vertex 14.4684 14.9555 19
    endloop
  endfacet
  facet normal 0.614253 -0.35053 0.706981
    outer loop
      vertex 14.9661 15.73 13
      vertex 16.8285 14.96 11.0001
      vertex 15.4224 16.5296 13
    endloop
  endfacet
  facet normal 0.614221 -0.350595 0.706977
    outer loop
      vertex 16.8285 14.96 11.0001
      vertex 14.9661 15.73 13
      vertex 16.6709 14.6968 11.0065
    endloop
  endfacet
  facet normal 0.61426 -0.350524 0.706978
    outer loop
      vertex 15.4224 16.5296 13
      vertex 16.9897 15.2292 10.9935
      vertex 17.1792 15.5875 11.0065
    endloop
  endfacet
  facet normal 0.614275 -0.350502 0.706975
    outer loop
      vertex 16.9897 15.2292 10.9935
      vertex 15.4224 16.5296 13
      vertex 16.8285 14.96 11.0001
    endloop
  endfacet
  facet normal 0.86853 -0.495636 0
    outer loop
      vertex 14.9661 15.73 19
      vertex 15.4224 16.5296 13
      vertex 15.4224 16.5296 19
    endloop
  endfacet
  facet normal 0.86853 -0.495636 0
    outer loop
      vertex 15.4224 16.5296 13
      vertex 14.9661 15.73 19
      vertex 14.9661 15.73 13
    endloop
  endfacet
  facet normal 0.614248 -0.350548 -0.706976
    outer loop
      vertex 14.9661 15.73 19
      vertex 16.9897 15.2292 21.0065
      vertex 16.6709 14.6968 20.9935
    endloop
  endfacet
  facet normal 0.614335 -0.35033 -0.707009
    outer loop
      vertex 16.9897 15.2292 21.0065
      vertex 14.9661 15.73 19
      vertex 17.0362 15.3172 21.0033
    endloop
  endfacet
  facet normal 0.614227 -0.350584 -0.706977
    outer loop
      vertex 17.0362 15.3172 21.0033
      vertex 15.4224 16.5296 19
      vertex 17.1792 15.5875 20.9935
    endloop
  endfacet
  facet normal 0.61426 -0.350534 -0.706973
    outer loop
      vertex 15.4224 16.5296 19
      vertex 17.0362 15.3172 21.0033
      vertex 14.9661 15.73 19
    endloop
  endfacet
  facet normal 0.631836 -0.317723 0.70699
    outer loop
      vertex 15.4224 16.5296 13
      vertex 17.3227 15.8587 11.0002
      vertex 15.836 17.3521 13
    endloop
  endfacet
  facet normal 0.631775 -0.317868 0.70698
    outer loop
      vertex 17.3227 15.8587 11.0002
      vertex 15.4224 16.5296 13
      vertex 17.1792 15.5875 11.0065
    endloop
  endfacet
  facet normal 0.631879 -0.317651 0.706984
    outer loop
      vertex 15.836 17.3521 13
      vertex 17.4719 16.1407 10.9936
      vertex 17.6399 16.5036 11.0065
    endloop
  endfacet
  facet normal 0.631825 -0.317738 0.706993
    outer loop
      vertex 17.4719 16.1407 10.9936
      vertex 15.836 17.3521 13
      vertex 17.3227 15.8587 11.0002
    endloop
  endfacet
  facet normal 0.893404 -0.449254 0
    outer loop
      vertex 15.4224 16.5296 19
      vertex 15.836 17.3521 13
      vertex 15.836 17.3521 19
    endloop
  endfacet
  facet normal 0.893404 -0.449254 0
    outer loop
      vertex 15.836 17.3521 13
      vertex 15.4224 16.5296 19
      vertex 15.4224 16.5296 13
    endloop
  endfacet
  facet normal 0.631807 -0.317805 -0.706979
    outer loop
      vertex 15.4224 16.5296 19
      vertex 17.4719 16.1407 21.0064
      vertex 17.1792 15.5875 20.9935
    endloop
  endfacet
  facet normal 0.631915 -0.317484 -0.707027
    outer loop
      vertex 17.4719 16.1407 21.0064
      vertex 15.4224 16.5296 19
      vertex 17.5115 16.2262 21.0034
    endloop
  endfacet
  facet normal 0.631856 -0.317698 -0.706984
    outer loop
      vertex 17.5115 16.2262 21.0034
      vertex 15.836 17.3521 19
      vertex 17.6399 16.5036 20.9935
    endloop
  endfacet
  facet normal 0.63184 -0.317725 -0.706986
    outer loop
      vertex 15.836 17.3521 19
      vertex 17.5115 16.2262 21.0034
      vertex 15.4224 16.5296 19
    endloop
  endfacet
  facet normal 0.647697 -0.284016 0.706982
    outer loop
      vertex 15.836 17.3521 13
      vertex 17.7689 16.7821 11.0002
      vertex 16.2057 18.1952 13
    endloop
  endfacet
  facet normal 0.647696 -0.284017 0.706982
    outer loop
      vertex 17.7689 16.7821 11.0002
      vertex 15.836 17.3521 13
      vertex 17.6399 16.5036 11.0065
    endloop
  endfacet
  facet normal 0.647686 -0.28402 0.70699
    outer loop
      vertex 16.2057 18.1952 13
      vertex 17.9052 17.0764 10.9936
      vertex 18.0519 17.4428 11.0064
    endloop
  endfacet
  facet normal 0.647647 -0.284092 0.706997
    outer loop
      vertex 17.9052 17.0764 10.9936
      vertex 16.2057 18.1952 13
      vertex 17.7689 16.7821 11.0002
    endloop
  endfacet
  facet normal 0.91582 -0.401588 0
    outer loop
      vertex 15.836 17.3521 19
      vertex 16.2057 18.1952 13
      vertex 16.2057 18.1952 19
    endloop
  endfacet
  facet normal 0.91582 -0.401588 0
    outer loop
      vertex 16.2057 18.1952 13
      vertex 15.836 17.3521 19
      vertex 15.836 17.3521 13
    endloop
  endfacet
  facet normal 0.647678 -0.284059 -0.706982
    outer loop
      vertex 15.836 17.3521 19
      vertex 17.9052 17.0764 21.0064
      vertex 17.6399 16.5036 20.9935
    endloop
  endfacet
  facet normal 0.647797 -0.283629 -0.707046
    outer loop
      vertex 17.9052 17.0764 21.0064
      vertex 15.836 17.3521 19
      vertex 17.9382 17.159 21.0035
    endloop
  endfacet
  facet normal 0.64764 -0.284129 -0.706988
    outer loop
      vertex 17.9382 17.159 21.0035
      vertex 16.2057 18.1952 19
      vertex 18.0519 17.4428 20.9936
    endloop
  endfacet
  facet normal 0.647699 -0.284016 -0.70698
    outer loop
      vertex 16.2057 18.1952 19
      vertex 17.9382 17.159 21.0035
      vertex 15.836 17.3521 19
    endloop
  endfacet
  facet normal 0.661681 -0.249676 0.706994
    outer loop
      vertex 16.2057 18.1952 13
      vertex 18.1659 17.7276 11.0003
      vertex 16.5307 19.0565 13
    endloop
  endfacet
  facet normal 0.66167 -0.249711 0.706991
    outer loop
      vertex 18.1659 17.7276 11.0003
      vertex 16.2057 18.1952 13
      vertex 18.0519 17.4428 11.0064
    endloop
  endfacet
  facet normal 0.661722 -0.249628 0.706972
    outer loop
      vertex 16.5307 19.0565 13
      vertex 18.2885 18.0338 10.9936
      vertex 18.4138 18.4022 11.0064
    endloop
  endfacet
  facet normal 0.661782 -0.249503 0.706961
    outer loop
      vertex 18.2885 18.0338 10.9936
      vertex 16.5307 19.0565 13
      vertex 18.1659 17.7276 11.0003
    endloop
  endfacet
  facet normal 0.935608 -0.353039 0
    outer loop
      vertex 16.2057 18.1952 19
      vertex 16.5307 19.0565 13
      vertex 16.5307 19.0565 19
    endloop
  endfacet
  facet normal 0.935608 -0.353039 0
    outer loop
      vertex 16.5307 19.0565 13
      vertex 16.2057 18.1952 19
      vertex 16.2057 18.1952 13
    endloop
  endfacet
  facet normal 0.661715 -0.249598 -0.70699
    outer loop
      vertex 16.2057 18.1952 19
      vertex 18.2885 18.0338 21.0064
      vertex 18.0519 17.4428 20.9936
    endloop
  endfacet
  facet normal 0.661621 -0.250025 -0.706927
    outer loop
      vertex 18.2885 18.0338 21.0064
      vertex 16.2057 18.1952 19
      vertex 18.3154 18.1129 21.0036
    endloop
  endfacet
  facet normal 0.66176 -0.249523 -0.706974
    outer loop
      vertex 18.3154 18.1129 21.0036
      vertex 16.5307 19.0565 19
      vertex 18.4138 18.4022 20.9936
    endloop
  endfacet
  facet normal 0.661689 -0.24968 -0.706985
    outer loop
      vertex 16.5307 19.0565 19
      vertex 18.3154 18.1129 21.0036
      vertex 16.2057 18.1952 19
    endloop
  endfacet
  facet normal 0.67395 -0.214407 0.70698
    outer loop
      vertex 16.5307 19.0565 13
      vertex 18.5127 18.6928 11.0003
      vertex 16.8098 19.9338 13
    endloop
  endfacet
  facet normal 0.673923 -0.214516 0.706973
    outer loop
      vertex 18.5127 18.6928 11.0003
      vertex 16.5307 19.0565 13
      vertex 18.4138 18.4022 11.0064
    endloop
  endfacet
  facet normal 0.673921 -0.214463 0.706991
    outer loop
      vertex 16.8098 19.9338 13
      vertex 18.6206 19.0101 10.9937
      vertex 18.7248 19.3794 11.0064
    endloop
  endfacet
  facet normal 0.67392 -0.214465 0.706991
    outer loop
      vertex 18.6206 19.0101 10.9937
      vertex 16.8098 19.9338 13
      vertex 18.5127 18.6928 11.0003
    endloop
  endfacet
  facet normal 0.952939 -0.303163 0
    outer loop
      vertex 16.5307 19.0565 19
      vertex 16.8098 19.9338 13
      vertex 16.8098 19.9338 19
    endloop
  endfacet
  facet normal 0.952939 -0.303163 0
    outer loop
      vertex 16.8098 19.9338 13
      vertex 16.5307 19.0565 19
      vertex 16.5307 19.0565 13
    endloop
  endfacet
  facet normal 0.67393 -0.214493 -0.706973
    outer loop
      vertex 16.5307 19.0565 19
      vertex 18.6206 19.0101 21.0063
      vertex 18.4138 18.4022 20.9936
    endloop
  endfacet
  facet normal 0.67394 -0.214437 -0.706981
    outer loop
      vertex 18.6206 19.0101 21.0063
      vertex 16.5307 19.0565 19
      vertex 18.6418 19.0853 21.0037
    endloop
  endfacet
  facet normal 0.673919 -0.214471 -0.706991
    outer loop
      vertex 18.6418 19.0853 21.0037
      vertex 16.8098 19.9338 19
      vertex 18.7248 19.3794 20.9936
    endloop
  endfacet
  facet normal 0.673944 -0.214405 -0.706986
    outer loop
      vertex 16.8098 19.9338 19
      vertex 18.6418 19.0853 21.0037
      vertex 16.5307 19.0565 19
    endloop
  endfacet
  facet normal 0.684252 -0.178764 0.706996
    outer loop
      vertex 16.8098 19.9338 13
      vertex 18.8082 19.6748 11.0004
      vertex 17.0425 20.8245 13
    endloop
  endfacet
  facet normal 0.684241 -0.178821 0.706992
    outer loop
      vertex 18.8082 19.6748 11.0004
      vertex 16.8098 19.9338 13
      vertex 18.7248 19.3794 11.0064
    endloop
  endfacet
  facet normal 0.684297 -0.178706 0.706967
    outer loop
      vertex 17.0425 20.8245 13
      vertex 18.9006 20.0025 10.9937
      vertex 18.984 20.3717 11.0063
    endloop
  endfacet
  facet normal 0.684364 -0.178513 0.70695
    outer loop
      vertex 18.9006 20.0025 10.9937
      vertex 17.0425 20.8245 13
      vertex 18.8082 19.6748 11.0004
    endloop
  endfacet
  facet normal 0.967526 -0.252771 0
    outer loop
      vertex 16.8098 19.9338 19
      vertex 17.0425 20.8245 13
      vertex 17.0425 20.8245 19
    endloop
  endfacet
  facet normal 0.967526 -0.252771 0
    outer loop
      vertex 17.0425 20.8245 13
      vertex 16.8098 19.9338 19
      vertex 16.8098 19.9338 13
    endloop
  endfacet
  facet normal 0.684287 -0.178653 -0.70699
    outer loop
      vertex 16.8098 19.9338 19
      vertex 18.9006 20.0025 21.0063
      vertex 18.7248 19.3794 20.9936
    endloop
  endfacet
  facet normal 0.68427 -0.178811 -0.706966
    outer loop
      vertex 18.9006 20.0025 21.0063
      vertex 16.8098 19.9338 19
      vertex 18.9167 20.0736 21.0039
    endloop
  endfacet
  facet normal 0.684303 -0.17868 -0.706967
    outer loop
      vertex 18.9167 20.0736 21.0039
      vertex 17.0425 20.8245 19
      vertex 18.984 20.3717 20.9937
    endloop
  endfacet
  facet normal 0.684273 -0.17877 -0.706973
    outer loop
      vertex 17.0425 20.8245 19
      vertex 18.9167 20.0736 21.0039
      vertex 16.8098 19.9338 19
    endloop
  endfacet
  facet normal 0.69274 -0.142496 0.70697
    outer loop
      vertex 17.0425 20.8245 13
      vertex 19.0516 20.671 11.0004
      vertex 17.228 21.7263 13
    endloop
  endfacet
  facet normal 0.692736 -0.142525 0.706968
    outer loop
      vertex 19.0516 20.671 11.0004
      vertex 17.0425 20.8245 13
      vertex 18.984 20.3717 11.0063
    endloop
  endfacet
  facet normal 0.692718 -0.142533 0.706984
    outer loop
      vertex 17.228 21.7263 13
      vertex 19.1278 21.0084 10.9938
      vertex 19.1907 21.3761 11.0063
    endloop
  endfacet
  facet normal 0.692695 -0.142612 0.70699
    outer loop
      vertex 19.1278 21.0084 10.9938
      vertex 17.228 21.7263 13
      vertex 19.0516 20.671 11.0004
    endloop
  endfacet
  facet normal 0.979492 -0.201481 0
    outer loop
      vertex 17.0425 20.8245 19
      vertex 17.228 21.7263 13
      vertex 17.228 21.7263 19
    endloop
  endfacet
  facet normal 0.979492 -0.201481 0
    outer loop
      vertex 17.228 21.7263 13
      vertex 17.0425 20.8245 19
      vertex 17.0425 20.8245 13
    endloop
  endfacet
  facet normal 0.692725 -0.142574 -0.706969
    outer loop
      vertex 17.0425 20.8245 19
      vertex 19.1278 21.0084 21.0062
      vertex 18.984 20.3717 20.9937
    endloop
  endfacet
  facet normal 0.692748 -0.142147 -0.707032
    outer loop
      vertex 19.1278 21.0084 21.0062
      vertex 17.0425 20.8245 19
      vertex 19.1392 21.0749 21.004
    endloop
  endfacet
  facet normal 0.692702 -0.142616 -0.706982
    outer loop
      vertex 19.1392 21.0749 21.004
      vertex 17.228 21.7263 19
      vertex 19.1907 21.3761 20.9937
    endloop
  endfacet
  facet normal 0.692735 -0.142495 -0.706975
    outer loop
      vertex 17.228 21.7263 19
      vertex 19.1392 21.0749 21.004
      vertex 17.0425 20.8245 19
    endloop
  endfacet
  facet normal 0.699255 -0.105864 0.706991
    outer loop
      vertex 17.228 21.7263 13
      vertex 19.2424 21.6786 11.0005
      vertex 17.3658 22.6365 13
    endloop
  endfacet
  facet normal 0.699247 -0.105952 0.706985
    outer loop
      vertex 19.2424 21.6786 11.0005
      vertex 17.228 21.7263 13
      vertex 19.1907 21.3761 11.0063
    endloop
  endfacet
  facet normal 0.699251 -0.105956 0.70698
    outer loop
      vertex 17.3658 22.6365 13
      vertex 19.3015 22.0249 10.9938
      vertex 19.3442 22.3901 11.0063
    endloop
  endfacet
  facet normal 0.699318 -0.105669 0.706957
    outer loop
      vertex 19.3015 22.0249 10.9938
      vertex 17.3658 22.6365 13
      vertex 19.2424 21.6786 11.0005
    endloop
  endfacet
  facet normal 0.988733 -0.14969 0
    outer loop
      vertex 17.228 21.7263 19
      vertex 17.3658 22.6365 13
      vertex 17.3658 22.6365 19
    endloop
  endfacet
  facet normal 0.988733 -0.14969 0
    outer loop
      vertex 17.3658 22.6365 13
      vertex 17.228 21.7263 19
      vertex 17.228 21.7263 13
    endloop
  endfacet
  facet normal 0.699272 -0.105799 -0.706983
    outer loop
      vertex 17.228 21.7263 19
      vertex 19.3015 22.0249 21.0062
      vertex 19.1907 21.3761 20.9937
    endloop
  endfacet
  facet normal 0.699272 -0.105664 -0.707003
    outer loop
      vertex 19.3015 22.0249 21.0062
      vertex 17.228 21.7263 19
      vertex 19.3087 22.0866 21.0041
    endloop
  endfacet
  facet normal 0.699243 -0.106016 -0.706979
    outer loop
      vertex 19.3087 22.0866 21.0041
      vertex 17.3658 22.6365 19
      vertex 19.3442 22.3901 20.9937
    endloop
  endfacet
  facet normal 0.699275 -0.105867 -0.70697
    outer loop
      vertex 17.3658 22.6365 19
      vertex 19.3087 22.0866 21.0041
      vertex 17.228 21.7263 19
    endloop
  endfacet
  facet normal 0.703879 -0.0689053 0.70697
    outer loop
      vertex 17.3658 22.6365 13
      vertex 19.3798 22.6949 11.0005
      vertex 17.4555 23.5528 13
    endloop
  endfacet
  facet normal 0.703883 -0.0687591 0.70698
    outer loop
      vertex 19.3798 22.6949 11.0005
      vertex 17.3658 22.6365 13
      vertex 19.3442 22.3901 11.0063
    endloop
  endfacet
  facet normal 0.70386 -0.0690136 0.706978
    outer loop
      vertex 17.4555 23.5528 13
      vertex 19.4212 23.0491 10.9938
      vertex 19.4442 23.4107 11.0062
    endloop
  endfacet
  facet normal 0.70388 -0.0688988 0.706969
    outer loop
      vertex 19.4212 23.0491 10.9938
      vertex 17.4555 23.5528 13
      vertex 19.3798 22.6949 11.0005
    endloop
  endfacet
  facet normal 0.995243 -0.097428 0
    outer loop
      vertex 17.3658 22.6365 19
      vertex 17.4555 23.5528 13
      vertex 17.4555 23.5528 19
    endloop
  endfacet
  facet normal 0.995243 -0.097428 0
    outer loop
      vertex 17.4555 23.5528 13
      vertex 17.3658 22.6365 19
      vertex 17.3658 22.6365 13
    endloop
  endfacet
  facet normal 0.703875 -0.0688333 -0.706981
    outer loop
      vertex 17.3658 22.6365 19
      vertex 19.4212 23.0491 21.0062
      vertex 19.3442 22.3901 20.9937
    endloop
  endfacet
  facet normal 0.703918 -0.0696265 -0.706861
    outer loop
      vertex 19.4212 23.0491 21.0062
      vertex 17.3658 22.6365 19
      vertex 19.4248 23.1058 21.0042
    endloop
  endfacet
  facet normal 0.70387 -0.0689002 -0.70698
    outer loop
      vertex 19.4248 23.1058 21.0042
      vertex 17.4555 23.5528 19
      vertex 19.4442 23.4107 20.9938
    endloop
  endfacet
  facet normal 0.703869 -0.0689043 -0.70698
    outer loop
      vertex 17.4555 23.5528 19
      vertex 19.4248 23.1058 21.0042
      vertex 17.3658 22.6365 19
    endloop
  endfacet
  facet normal 0.7065 -0.0318029 0.706998
    outer loop
      vertex 17.4555 23.5528 13
      vertex 19.4637 23.717 11.0006
      vertex 17.4969 24.4725 13
    endloop
  endfacet
  facet normal 0.706505 -0.0320527 0.706982
    outer loop
      vertex 19.4637 23.717 11.0006
      vertex 17.4555 23.5528 13
      vertex 19.4442 23.4107 11.0062
    endloop
  endfacet
  facet normal 0.706501 -0.0318877 0.706993
    outer loop
      vertex 17.4969 24.4725 13
      vertex 19.4866 24.0782 10.9939
      vertex 19.4904 24.4351 11.0062
    endloop
  endfacet
  facet normal 0.706526 -0.0316797 0.706977
    outer loop
      vertex 19.4866 24.0782 10.9939
      vertex 17.4969 24.4725 13
      vertex 19.4637 23.717 11.0006
    endloop
  endfacet
  facet normal 0.998988 -0.0449691 0
    outer loop
      vertex 17.4555 23.5528 19
      vertex 17.4969 24.4725 13
      vertex 17.4969 24.4725 19
    endloop
  endfacet
  facet normal 0.998988 -0.0449691 0
    outer loop
      vertex 17.4969 24.4725 13
      vertex 17.4555 23.5528 19
      vertex 17.4555 23.5528 13
    endloop
  endfacet
  facet normal 0.706517 -0.0318509 -0.706979
    outer loop
      vertex 17.4555 23.5528 19
      vertex 19.4866 24.0782 21.0061
      vertex 19.4442 23.4107 20.9938
    endloop
  endfacet
  facet normal 0.706486 -0.0315695 -0.707022
    outer loop
      vertex 19.4866 24.0782 21.0061
      vertex 17.4555 23.5528 19
      vertex 19.4872 24.1297 21.0044
    endloop
  endfacet
  facet normal 0.7065 -0.0319414 -0.706992
    outer loop
      vertex 19.4872 24.1297 21.0044
      vertex 17.4969 24.4725 19
      vertex 19.4904 24.4351 20.9938
    endloop
  endfacet
  facet normal 0.706514 -0.0318035 -0.706984
    outer loop
      vertex 17.4969 24.4725 19
      vertex 19.4872 24.1297 21.0044
      vertex 17.4555 23.5528 19
    endloop
  endfacet
  facet normal 0.707194 0.0053779 0.706999
    outer loop
      vertex 17.4969 24.4725 13
      vertex 19.4937 24.7421 11.0006
      vertex 17.4899 25.393 13
    endloop
  endfacet
  facet normal 0.7072 0.00529449 0.706994
    outer loop
      vertex 19.4937 24.7421 11.0006
      vertex 17.4969 24.4725 13
      vertex 19.4904 24.4351 11.0062
    endloop
  endfacet
  facet normal 0.707203 0.00524294 0.706991
    outer loop
      vertex 17.4899 25.393 13
      vertex 19.4975 25.1094 10.9939
      vertex 19.4827 25.4606 11.0061
    endloop
  endfacet
  facet normal 0.707226 0.00557913 0.706966
    outer loop
      vertex 19.4975 25.1094 10.9939
      vertex 17.4899 25.393 13
      vertex 19.4937 24.7421 11.0006
    endloop
  endfacet
  facet normal 0.999971 0.00760434 0
    outer loop
      vertex 17.4969 24.4725 19
      vertex 17.4899 25.393 13
      vertex 17.4899 25.393 19
    endloop
  endfacet
  facet normal 0.999971 0.00760434 0
    outer loop
      vertex 17.4899 25.393 13
      vertex 17.4969 24.4725 19
      vertex 17.4969 24.4725 13
    endloop
  endfacet
  facet normal 0.707336 0.00461946 -0.706863
    outer loop
      vertex 19.4975 25.1094 21.0061
      vertex 17.4969 24.4725 19
      vertex 19.4956 25.1555 21.0045
    endloop
  endfacet
  facet normal 0.707201 0.00544991 -0.706992
    outer loop
      vertex 17.4969 24.4725 19
      vertex 19.4975 25.1094 21.0061
      vertex 19.4904 24.4351 20.9938
    endloop
  endfacet
  facet normal 0.707201 0.00533851 -0.706992
    outer loop
      vertex 19.4956 25.1555 21.0045
      vertex 17.4899 25.393 19
      vertex 19.4827 25.4606 20.9939
    endloop
  endfacet
  facet normal 0.707203 0.00537797 -0.70699
    outer loop
      vertex 17.4899 25.393 19
      vertex 19.4956 25.1555 21.0045
      vertex 17.4969 24.4725 19
    endloop
  endfacet
  facet normal 0.705937 0.0426007 0.706992
    outer loop
      vertex 19.4697 25.7673 11.0006
      vertex 17.4899 25.393 13
      vertex 19.4827 25.4606 11.0061
    endloop
  endfacet
  facet normal 0.705952 0.04248 0.706984
    outer loop
      vertex 17.4899 25.393 13
      vertex 19.4697 25.7673 11.0006
      vertex 17.4346 26.312 13
    endloop
  endfacet
  facet normal 0.705954 0.0425753 0.706977
    outer loop
      vertex 17.4346 26.312 13
      vertex 19.4539 26.1397 10.994
      vertex 19.421 26.4843 11.0061
    endloop
  endfacet
  facet normal 0.705952 0.0424816 0.706984
    outer loop
      vertex 19.4539 26.1397 10.994
      vertex 17.4346 26.312 13
      vertex 19.4697 25.7673 11.0006
    endloop
  endfacet
  facet normal 0.998194 0.0600655 0
    outer loop
      vertex 17.4899 25.393 19
      vertex 17.4346 26.312 13
      vertex 17.4346 26.312 19
    endloop
  endfacet
  facet normal 0.998194 0.0600655 0
    outer loop
      vertex 17.4346 26.312 13
      vertex 17.4899 25.393 19
      vertex 17.4899 25.393 13
    endloop
  endfacet
  facet normal 0.70594 0.0425353 -0.706993
    outer loop
      vertex 17.4899 25.393 19
      vertex 19.4539 26.1397 21.006
      vertex 19.4827 25.4606 20.9939
    endloop
  endfacet
  facet normal 0.705749 0.0434098 -0.707131
    outer loop
      vertex 19.4539 26.1397 21.006
      vertex 17.4899 25.393 19
      vertex 19.45 26.1803 21.0046
    endloop
  endfacet
  facet normal 0.705962 0.0424806 -0.706975
    outer loop
      vertex 17.4346 26.312 19
      vertex 19.45 26.1803 21.0046
      vertex 17.4899 25.393 19
    endloop
  endfacet
  facet normal 0.705962 0.0424614 -0.706976
    outer loop
      vertex 19.45 26.1803 21.0046
      vertex 17.4346 26.312 19
      vertex 19.421 26.4843 20.9939
    endloop
  endfacet
  facet normal 0.702738 0.0796389 0.706977
    outer loop
      vertex 19.3918 26.7899 11.0007
      vertex 17.4346 26.312 13
      vertex 19.421 26.4843 11.0061
    endloop
  endfacet
  facet normal 0.702735 0.0796607 0.706978
    outer loop
      vertex 17.4346 26.312 13
      vertex 19.3918 26.7899 11.0007
      vertex 17.3309 27.2268 13
    endloop
  endfacet
  facet normal 0.70273 0.0796903 0.706979
    outer loop
      vertex 17.3309 27.2268 13
      vertex 19.3559 27.1662 10.994
      vertex 19.3056 27.5033 11.006
    endloop
  endfacet
  facet normal 0.702733 0.0796303 0.706983
    outer loop
      vertex 19.3559 27.1662 10.994
      vertex 17.3309 27.2268 13
      vertex 19.3918 26.7899 11.0007
    endloop
  endfacet
  facet normal 0.993636 0.112637 0
    outer loop
      vertex 17.4346 26.312 19
      vertex 17.3309 27.2268 13
      vertex 17.3309 27.2268 19
    endloop
  endfacet
  facet normal 0.993636 0.112637 0
    outer loop
      vertex 17.3309 27.2268 13
      vertex 17.4346 26.312 19
      vertex 17.4346 26.312 13
    endloop
  endfacet
  facet normal 0.702739 0.0796344 -0.706977
    outer loop
      vertex 17.4346 26.312 19
      vertex 19.3559 27.1662 21.006
      vertex 19.421 26.4843 20.9939
    endloop
  endfacet
  facet normal 0.703188 0.0780015 -0.706712
    outer loop
      vertex 19.3559 27.1662 21.006
      vertex 17.4346 26.312 19
      vertex 19.3507 27.2013 21.0047
    endloop
  endfacet
  facet normal 0.702717 0.0796586 -0.706996
    outer loop
      vertex 17.3309 27.2268 19
      vertex 19.3507 27.2013 21.0047
      vertex 17.4346 26.312 19
    endloop
  endfacet
  facet normal 0.702705 0.0798917 -0.706982
    outer loop
      vertex 19.3507 27.2013 21.0047
      vertex 17.3309 27.2268 19
      vertex 19.3056 27.5033 20.994
    endloop
  endfacet
  facet normal 0.697598 0.11643 0.706966
    outer loop
      vertex 18.0947 27.9906 12.1206
      vertex 19.3056 27.5033 11.006
      vertex 19.2603 27.8069 11.0007
    endloop
  endfacet
  facet normal 0.697592 0.116387 0.706979
    outer loop
      vertex 18.0947 27.9906 12.1206
      vertex 17.3309 27.2268 13
      vertex 19.3056 27.5033 11.006
    endloop
  endfacet
  facet normal 0.697567 0.116432 0.706996
    outer loop
      vertex 17.3309 27.2268 13
      vertex 18.0947 27.9906 12.1206
      vertex 17.2289 27.8379 13
    endloop
  endfacet
  facet normal 0.697598 0.116246 0.706997
    outer loop
      vertex 19.2038 28.1861 10.9941
      vertex 18.0947 27.9906 12.1206
      vertex 19.2603 27.8069 11.0007
    endloop
  endfacet
  facet normal 0.986355 0.164635 0
    outer loop
      vertex 17.3309 27.2268 19
      vertex 17.2289 27.8379 13
      vertex 17.2289 27.8379 19
    endloop
  endfacet
  facet normal 0.986355 0.164635 0
    outer loop
      vertex 17.2289 27.8379 13
      vertex 17.3309 27.2268 19
      vertex 17.3309 27.2268 13
    endloop
  endfacet
  facet normal 0.697028 0.116253 -0.707558
    outer loop
      vertex 19.3056 27.5033 20.994
      vertex 19.1112 28.1698 20.912
      vertex 19.2038 28.1861 21.0059
    endloop
  endfacet
  facet normal 0.697577 0.116484 -0.706978
    outer loop
      vertex 19.1112 28.1698 20.912
      vertex 19.3056 27.5033 20.994
      vertex 17.3309 27.2268 19
    endloop
  endfacet
  facet normal 0.697593 0.116437 -0.706969
    outer loop
      vertex 17.3309 27.2268 19
      vertex 17.2289 27.8379 19
      vertex 19.1112 28.1698 20.912
    endloop
  endfacet
  facet normal -0.697593 0.116437 0.706969
    outer loop
      vertex -17.2289 27.8379 29
      vertex -19.1112 28.1698 27.088
      vertex -17.3309 27.2268 29
    endloop
  endfacet
  facet normal -0.697028 0.116253 0.707558
    outer loop
      vertex -19.3056 27.5033 27.006
      vertex -19.1112 28.1698 27.088
      vertex -19.2038 28.1861 26.9941
    endloop
  endfacet
  facet normal -0.697577 0.116484 0.706978
    outer loop
      vertex -19.1112 28.1698 27.088
      vertex -19.3056 27.5033 27.006
      vertex -17.3309 27.2268 29
    endloop
  endfacet
  facet normal -0.986355 0.164635 0
    outer loop
      vertex -17.3309 27.2268 29
      vertex -17.2289 27.8379 35
      vertex -17.2289 27.8379 29
    endloop
  endfacet
  facet normal -0.986355 0.164635 0
    outer loop
      vertex -17.2289 27.8379 35
      vertex -17.3309 27.2268 29
      vertex -17.3309 27.2268 35
    endloop
  endfacet
  facet normal -0.697598 0.116246 -0.706997
    outer loop
      vertex -18.0947 27.9906 35.8794
      vertex -19.2603 27.8069 36.9993
      vertex -19.2038 28.1861 37.0059
    endloop
  endfacet
  facet normal -0.697567 0.116432 -0.706996
    outer loop
      vertex -17.3309 27.2268 35
      vertex -18.0947 27.9906 35.8794
      vertex -17.2289 27.8379 35
    endloop
  endfacet
  facet normal -0.697592 0.116387 -0.706979
    outer loop
      vertex -19.3056 27.5033 36.994
      vertex -18.0947 27.9906 35.8794
      vertex -17.3309 27.2268 35
    endloop
  endfacet
  facet normal -0.697598 0.11643 -0.706966
    outer loop
      vertex -18.0947 27.9906 35.8794
      vertex -19.3056 27.5033 36.994
      vertex -19.2603 27.8069 36.9993
    endloop
  endfacet
  facet normal -0.702705 0.0798917 0.706982
    outer loop
      vertex -19.3507 27.2013 26.9953
      vertex -17.3309 27.2268 29
      vertex -19.3056 27.5033 27.006
    endloop
  endfacet
  facet normal -0.702717 0.0796586 0.706996
    outer loop
      vertex -17.3309 27.2268 29
      vertex -19.3507 27.2013 26.9953
      vertex -17.4346 26.312 29
    endloop
  endfacet
  facet normal -0.703188 0.0780015 0.706712
    outer loop
      vertex -19.3559 27.1662 26.994
      vertex -17.4346 26.312 29
      vertex -19.3507 27.2013 26.9953
    endloop
  endfacet
  facet normal -0.702739 0.0796344 0.706977
    outer loop
      vertex -17.4346 26.312 29
      vertex -19.3559 27.1662 26.994
      vertex -19.421 26.4843 27.0061
    endloop
  endfacet
  facet normal -0.993636 0.112637 0
    outer loop
      vertex -17.4346 26.312 29
      vertex -17.3309 27.2268 35
      vertex -17.3309 27.2268 29
    endloop
  endfacet
  facet normal -0.993636 0.112637 0
    outer loop
      vertex -17.3309 27.2268 35
      vertex -17.4346 26.312 29
      vertex -17.4346 26.312 35
    endloop
  endfacet
  facet normal -0.70273 0.0796903 -0.706979
    outer loop
      vertex -17.3309 27.2268 35
      vertex -19.3559 27.1662 37.006
      vertex -19.3056 27.5033 36.994
    endloop
  endfacet
  facet normal -0.702733 0.0796303 -0.706983
    outer loop
      vertex -19.3559 27.1662 37.006
      vertex -17.3309 27.2268 35
      vertex -19.3918 26.7899 36.9993
    endloop
  endfacet
  facet normal -0.702735 0.0796607 -0.706978
    outer loop
      vertex -17.4346 26.312 35
      vertex -19.3918 26.7899 36.9993
      vertex -17.3309 27.2268 35
    endloop
  endfacet
  facet normal -0.702738 0.0796389 -0.706977
    outer loop
      vertex -19.3918 26.7899 36.9993
      vertex -17.4346 26.312 35
      vertex -19.421 26.4843 36.9939
    endloop
  endfacet
  facet normal -0.705962 0.0424614 0.706976
    outer loop
      vertex -19.45 26.1803 26.9954
      vertex -17.4346 26.312 29
      vertex -19.421 26.4843 27.0061
    endloop
  endfacet
  facet normal -0.705962 0.0424806 0.706975
    outer loop
      vertex -17.4346 26.312 29
      vertex -19.45 26.1803 26.9954
      vertex -17.4899 25.393 29
    endloop
  endfacet
  facet normal -0.705749 0.0434098 0.707131
    outer loop
      vertex -19.4539 26.1397 26.994
      vertex -17.4899 25.393 29
      vertex -19.45 26.1803 26.9954
    endloop
  endfacet
  facet normal -0.70594 0.0425353 0.706993
    outer loop
      vertex -17.4899 25.393 29
      vertex -19.4539 26.1397 26.994
      vertex -19.4827 25.4606 27.0061
    endloop
  endfacet
  facet normal -0.998194 0.0600655 0
    outer loop
      vertex -17.4899 25.393 29
      vertex -17.4346 26.312 35
      vertex -17.4346 26.312 29
    endloop
  endfacet
  facet normal -0.998194 0.0600655 0
    outer loop
      vertex -17.4346 26.312 35
      vertex -17.4899 25.393 29
      vertex -17.4899 25.393 35
    endloop
  endfacet
  facet normal -0.705954 0.0425753 -0.706977
    outer loop
      vertex -17.4346 26.312 35
      vertex -19.4539 26.1397 37.006
      vertex -19.421 26.4843 36.9939
    endloop
  endfacet
  facet normal -0.705952 0.0424816 -0.706984
    outer loop
      vertex -19.4539 26.1397 37.006
      vertex -17.4346 26.312 35
      vertex -19.4697 25.7673 36.9994
    endloop
  endfacet
  facet normal -0.705952 0.04248 -0.706984
    outer loop
      vertex -17.4899 25.393 35
      vertex -19.4697 25.7673 36.9994
      vertex -17.4346 26.312 35
    endloop
  endfacet
  facet normal -0.705937 0.0426007 -0.706992
    outer loop
      vertex -19.4697 25.7673 36.9994
      vertex -17.4899 25.393 35
      vertex -19.4827 25.4606 36.9939
    endloop
  endfacet
  facet normal -0.707201 0.00533851 0.706992
    outer loop
      vertex -19.4956 25.1555 26.9955
      vertex -17.4899 25.393 29
      vertex -19.4827 25.4606 27.0061
    endloop
  endfacet
  facet normal -0.707203 0.00537797 0.70699
    outer loop
      vertex -17.4899 25.393 29
      vertex -19.4956 25.1555 26.9955
      vertex -17.4969 24.4725 29
    endloop
  endfacet
  facet normal -0.707336 0.00461946 0.706863
    outer loop
      vertex -19.4975 25.1094 26.9939
      vertex -17.4969 24.4725 29
      vertex -19.4956 25.1555 26.9955
    endloop
  endfacet
  facet normal -0.707201 0.00544991 0.706992
    outer loop
      vertex -17.4969 24.4725 29
      vertex -19.4975 25.1094 26.9939
      vertex -19.4904 24.4351 27.0062
    endloop
  endfacet
  facet normal -0.999971 0.00760434 0
    outer loop
      vertex -17.4969 24.4725 29
      vertex -17.4899 25.393 35
      vertex -17.4899 25.393 29
    endloop
  endfacet
  facet normal -0.999971 0.00760434 0
    outer loop
      vertex -17.4899 25.393 35
      vertex -17.4969 24.4725 29
      vertex -17.4969 24.4725 35
    endloop
  endfacet
  facet normal -0.707203 0.00524294 -0.706991
    outer loop
      vertex -17.4899 25.393 35
      vertex -19.4975 25.1094 37.0061
      vertex -19.4827 25.4606 36.9939
    endloop
  endfacet
  facet normal -0.707226 0.00557913 -0.706966
    outer loop
      vertex -19.4975 25.1094 37.0061
      vertex -17.4899 25.393 35
      vertex -19.4937 24.7421 36.9994
    endloop
  endfacet
  facet normal -0.707194 0.0053779 -0.706999
    outer loop
      vertex -17.4969 24.4725 35
      vertex -19.4937 24.7421 36.9994
      vertex -17.4899 25.393 35
    endloop
  endfacet
  facet normal -0.7072 0.00529449 -0.706994
    outer loop
      vertex -19.4937 24.7421 36.9994
      vertex -17.4969 24.4725 35
      vertex -19.4904 24.4351 36.9938
    endloop
  endfacet
  facet normal -0.706514 -0.0318035 0.706984
    outer loop
      vertex -17.4969 24.4725 29
      vertex -19.4872 24.1297 26.9956
      vertex -17.4555 23.5528 29
    endloop
  endfacet
  facet normal -0.7065 -0.0319414 0.706992
    outer loop
      vertex -19.4872 24.1297 26.9956
      vertex -17.4969 24.4725 29
      vertex -19.4904 24.4351 27.0062
    endloop
  endfacet
  facet normal -0.706517 -0.0318509 0.706979
    outer loop
      vertex -17.4555 23.5528 29
      vertex -19.4866 24.0782 26.9939
      vertex -19.4442 23.4107 27.0062
    endloop
  endfacet
  facet normal -0.706486 -0.0315695 0.707022
    outer loop
      vertex -19.4866 24.0782 26.9939
      vertex -17.4555 23.5528 29
      vertex -19.4872 24.1297 26.9956
    endloop
  endfacet
  facet normal -0.998988 -0.0449691 0
    outer loop
      vertex -17.4555 23.5528 29
      vertex -17.4969 24.4725 35
      vertex -17.4969 24.4725 29
    endloop
  endfacet
  facet normal -0.998988 -0.0449691 0
    outer loop
      vertex -17.4969 24.4725 35
      vertex -17.4555 23.5528 29
      vertex -17.4555 23.5528 35
    endloop
  endfacet
  facet normal -0.706526 -0.0316797 -0.706977
    outer loop
      vertex -19.4866 24.0782 37.0061
      vertex -17.4969 24.4725 35
      vertex -19.4637 23.717 36.9994
    endloop
  endfacet
  facet normal -0.706501 -0.0318877 -0.706993
    outer loop
      vertex -17.4969 24.4725 35
      vertex -19.4866 24.0782 37.0061
      vertex -19.4904 24.4351 36.9938
    endloop
  endfacet
  facet normal -0.706505 -0.0320527 -0.706982
    outer loop
      vertex -19.4637 23.717 36.9994
      vertex -17.4555 23.5528 35
      vertex -19.4442 23.4107 36.9938
    endloop
  endfacet
  facet normal -0.7065 -0.0318029 -0.706998
    outer loop
      vertex -17.4555 23.5528 35
      vertex -19.4637 23.717 36.9994
      vertex -17.4969 24.4725 35
    endloop
  endfacet
  facet normal -0.703869 -0.0689043 0.70698
    outer loop
      vertex -17.4555 23.5528 29
      vertex -19.4248 23.1058 26.9958
      vertex -17.3658 22.6365 29
    endloop
  endfacet
  facet normal -0.70387 -0.0689002 0.70698
    outer loop
      vertex -19.4248 23.1058 26.9958
      vertex -17.4555 23.5528 29
      vertex -19.4442 23.4107 27.0062
    endloop
  endfacet
  facet normal -0.703875 -0.0688333 0.706981
    outer loop
      vertex -17.3658 22.6365 29
      vertex -19.4212 23.0491 26.9938
      vertex -19.3442 22.3901 27.0063
    endloop
  endfacet
  facet normal -0.703918 -0.0696265 0.706861
    outer loop
      vertex -19.4212 23.0491 26.9938
      vertex -17.3658 22.6365 29
      vertex -19.4248 23.1058 26.9958
    endloop
  endfacet
  facet normal -0.995243 -0.097428 0
    outer loop
      vertex -17.3658 22.6365 29
      vertex -17.4555 23.5528 35
      vertex -17.4555 23.5528 29
    endloop
  endfacet
  facet normal -0.995243 -0.097428 0
    outer loop
      vertex -17.4555 23.5528 35
      vertex -17.3658 22.6365 29
      vertex -17.3658 22.6365 35
    endloop
  endfacet
  facet normal -0.70388 -0.0688988 -0.706969
    outer loop
      vertex -19.4212 23.0491 37.0062
      vertex -17.4555 23.5528 35
      vertex -19.3798 22.6949 36.9995
    endloop
  endfacet
  facet normal -0.70386 -0.0690136 -0.706978
    outer loop
      vertex -17.4555 23.5528 35
      vertex -19.4212 23.0491 37.0062
      vertex -19.4442 23.4107 36.9938
    endloop
  endfacet
  facet normal -0.703883 -0.0687591 -0.70698
    outer loop
      vertex -19.3798 22.6949 36.9995
      vertex -17.3658 22.6365 35
      vertex -19.3442 22.3901 36.9937
    endloop
  endfacet
  facet normal -0.703879 -0.0689053 -0.70697
    outer loop
      vertex -17.3658 22.6365 35
      vertex -19.3798 22.6949 36.9995
      vertex -17.4555 23.5528 35
    endloop
  endfacet
  facet normal -0.699275 -0.105867 0.70697
    outer loop
      vertex -17.3658 22.6365 29
      vertex -19.3087 22.0866 26.9959
      vertex -17.228 21.7263 29
    endloop
  endfacet
  facet normal -0.699243 -0.106016 0.706979
    outer loop
      vertex -19.3087 22.0866 26.9959
      vertex -17.3658 22.6365 29
      vertex -19.3442 22.3901 27.0063
    endloop
  endfacet
  facet normal -0.699272 -0.105799 0.706983
    outer loop
      vertex -17.228 21.7263 29
      vertex -19.3015 22.0249 26.9938
      vertex -19.1907 21.3761 27.0063
    endloop
  endfacet
  facet normal -0.699272 -0.105664 0.707003
    outer loop
      vertex -19.3015 22.0249 26.9938
      vertex -17.228 21.7263 29
      vertex -19.3087 22.0866 26.9959
    endloop
  endfacet
  facet normal -0.988733 -0.14969 0
    outer loop
      vertex -17.228 21.7263 29
      vertex -17.3658 22.6365 35
      vertex -17.3658 22.6365 29
    endloop
  endfacet
  facet normal -0.988733 -0.14969 0
    outer loop
      vertex -17.3658 22.6365 35
      vertex -17.228 21.7263 29
      vertex -17.228 21.7263 35
    endloop
  endfacet
  facet normal -0.699318 -0.105669 -0.706957
    outer loop
      vertex -19.3015 22.0249 37.0062
      vertex -17.3658 22.6365 35
      vertex -19.2424 21.6786 36.9995
    endloop
  endfacet
  facet normal -0.699251 -0.105956 -0.70698
    outer loop
      vertex -17.3658 22.6365 35
      vertex -19.3015 22.0249 37.0062
      vertex -19.3442 22.3901 36.9937
    endloop
  endfacet
  facet normal -0.699247 -0.105952 -0.706985
    outer loop
      vertex -19.2424 21.6786 36.9995
      vertex -17.228 21.7263 35
      vertex -19.1907 21.3761 36.9937
    endloop
  endfacet
  facet normal -0.699255 -0.105864 -0.706991
    outer loop
      vertex -17.228 21.7263 35
      vertex -19.2424 21.6786 36.9995
      vertex -17.3658 22.6365 35
    endloop
  endfacet
  facet normal -0.692735 -0.142495 0.706975
    outer loop
      vertex -17.228 21.7263 29
      vertex -19.1392 21.0749 26.996
      vertex -17.0425 20.8245 29
    endloop
  endfacet
  facet normal -0.692702 -0.142616 0.706982
    outer loop
      vertex -19.1392 21.0749 26.996
      vertex -17.228 21.7263 29
      vertex -19.1907 21.3761 27.0063
    endloop
  endfacet
  facet normal -0.692725 -0.142574 0.706969
    outer loop
      vertex -17.0425 20.8245 29
      vertex -19.1278 21.0084 26.9938
      vertex -18.984 20.3717 27.0063
    endloop
  endfacet
  facet normal -0.692748 -0.142147 0.707032
    outer loop
      vertex -19.1278 21.0084 26.9938
      vertex -17.0425 20.8245 29
      vertex -19.1392 21.0749 26.996
    endloop
  endfacet
  facet normal -0.979492 -0.201481 0
    outer loop
      vertex -17.0425 20.8245 29
      vertex -17.228 21.7263 35
      vertex -17.228 21.7263 29
    endloop
  endfacet
  facet normal -0.979492 -0.201481 0
    outer loop
      vertex -17.228 21.7263 35
      vertex -17.0425 20.8245 29
      vertex -17.0425 20.8245 35
    endloop
  endfacet
  facet normal -0.692695 -0.142612 -0.70699
    outer loop
      vertex -19.1278 21.0084 37.0062
      vertex -17.228 21.7263 35
      vertex -19.0516 20.671 36.9996
    endloop
  endfacet
  facet normal -0.692718 -0.142533 -0.706984
    outer loop
      vertex -17.228 21.7263 35
      vertex -19.1278 21.0084 37.0062
      vertex -19.1907 21.3761 36.9937
    endloop
  endfacet
  facet normal -0.692736 -0.142525 -0.706968
    outer loop
      vertex -19.0516 20.671 36.9996
      vertex -17.0425 20.8245 35
      vertex -18.984 20.3717 36.9937
    endloop
  endfacet
  facet normal -0.69274 -0.142496 -0.70697
    outer loop
      vertex -17.0425 20.8245 35
      vertex -19.0516 20.671 36.9996
      vertex -17.228 21.7263 35
    endloop
  endfacet
  facet normal -0.684273 -0.17877 0.706973
    outer loop
      vertex -17.0425 20.8245 29
      vertex -18.9167 20.0736 26.9961
      vertex -16.8098 19.9338 29
    endloop
  endfacet
  facet normal -0.684303 -0.17868 0.706967
    outer loop
      vertex -18.9167 20.0736 26.9961
      vertex -17.0425 20.8245 29
      vertex -18.984 20.3717 27.0063
    endloop
  endfacet
  facet normal -0.684287 -0.178653 0.70699
    outer loop
      vertex -16.8098 19.9338 29
      vertex -18.9006 20.0025 26.9937
      vertex -18.7248 19.3794 27.0064
    endloop
  endfacet
  facet normal -0.68427 -0.178811 0.706966
    outer loop
      vertex -18.9006 20.0025 26.9937
      vertex -16.8098 19.9338 29
      vertex -18.9167 20.0736 26.9961
    endloop
  endfacet
  facet normal -0.967526 -0.252771 0
    outer loop
      vertex -16.8098 19.9338 29
      vertex -17.0425 20.8245 35
      vertex -17.0425 20.8245 29
    endloop
  endfacet
  facet normal -0.967526 -0.252771 0
    outer loop
      vertex -17.0425 20.8245 35
      vertex -16.8098 19.9338 29
      vertex -16.8098 19.9338 35
    endloop
  endfacet
  facet normal -0.684364 -0.178513 -0.70695
    outer loop
      vertex -18.9006 20.0025 37.0063
      vertex -17.0425 20.8245 35
      vertex -18.8082 19.6748 36.9996
    endloop
  endfacet
  facet normal -0.684297 -0.178706 -0.706967
    outer loop
      vertex -17.0425 20.8245 35
      vertex -18.9006 20.0025 37.0063
      vertex -18.984 20.3717 36.9937
    endloop
  endfacet
  facet normal -0.684241 -0.178821 -0.706992
    outer loop
      vertex -18.8082 19.6748 36.9996
      vertex -16.8098 19.9338 35
      vertex -18.7248 19.3794 36.9936
    endloop
  endfacet
  facet normal -0.684252 -0.178764 -0.706996
    outer loop
      vertex -16.8098 19.9338 35
      vertex -18.8082 19.6748 36.9996
      vertex -17.0425 20.8245 35
    endloop
  endfacet
  facet normal -0.673944 -0.214405 0.706986
    outer loop
      vertex -16.8098 19.9338 29
      vertex -18.6418 19.0853 26.9963
      vertex -16.5307 19.0565 29
    endloop
  endfacet
  facet normal -0.673919 -0.214471 0.706991
    outer loop
      vertex -18.6418 19.0853 26.9963
      vertex -16.8098 19.9338 29
      vertex -18.7248 19.3794 27.0064
    endloop
  endfacet
  facet normal -0.67393 -0.214493 0.706973
    outer loop
      vertex -16.5307 19.0565 29
      vertex -18.6206 19.0101 26.9937
      vertex -18.4138 18.4022 27.0064
    endloop
  endfacet
  facet normal -0.67394 -0.214437 0.706981
    outer loop
      vertex -18.6206 19.0101 26.9937
      vertex -16.5307 19.0565 29
      vertex -18.6418 19.0853 26.9963
    endloop
  endfacet
  facet normal -0.952939 -0.303163 0
    outer loop
      vertex -16.5307 19.0565 29
      vertex -16.8098 19.9338 35
      vertex -16.8098 19.9338 29
    endloop
  endfacet
  facet normal -0.952939 -0.303163 0
    outer loop
      vertex -16.8098 19.9338 35
      vertex -16.5307 19.0565 29
      vertex -16.5307 19.0565 35
    endloop
  endfacet
  facet normal -0.67392 -0.214465 -0.706991
    outer loop
      vertex -18.6206 19.0101 37.0063
      vertex -16.8098 19.9338 35
      vertex -18.5127 18.6928 36.9997
    endloop
  endfacet
  facet normal -0.673921 -0.214463 -0.706991
    outer loop
      vertex -16.8098 19.9338 35
      vertex -18.6206 19.0101 37.0063
      vertex -18.7248 19.3794 36.9936
    endloop
  endfacet
  facet normal -0.673923 -0.214516 -0.706973
    outer loop
      vertex -18.5127 18.6928 36.9997
      vertex -16.5307 19.0565 35
      vertex -18.4138 18.4022 36.9936
    endloop
  endfacet
  facet normal -0.67395 -0.214407 -0.70698
    outer loop
      vertex -16.5307 19.0565 35
      vertex -18.5127 18.6928 36.9997
      vertex -16.8098 19.9338 35
    endloop
  endfacet
  facet normal -0.661689 -0.24968 0.706985
    outer loop
      vertex -16.5307 19.0565 29
      vertex -18.3154 18.1129 26.9964
      vertex -16.2057 18.1952 29
    endloop
  endfacet
  facet normal -0.66176 -0.249523 0.706974
    outer loop
      vertex -18.3154 18.1129 26.9964
      vertex -16.5307 19.0565 29
      vertex -18.4138 18.4022 27.0064
    endloop
  endfacet
  facet normal -0.661715 -0.249598 0.70699
    outer loop
      vertex -16.2057 18.1952 29
      vertex -18.2885 18.0338 26.9936
      vertex -18.0519 17.4428 27.0064
    endloop
  endfacet
  facet normal -0.661621 -0.250025 0.706927
    outer loop
      vertex -18.2885 18.0338 26.9936
      vertex -16.2057 18.1952 29
      vertex -18.3154 18.1129 26.9964
    endloop
  endfacet
  facet normal -0.935608 -0.353039 0
    outer loop
      vertex -16.2057 18.1952 29
      vertex -16.5307 19.0565 35
      vertex -16.5307 19.0565 29
    endloop
  endfacet
  facet normal -0.935608 -0.353039 0
    outer loop
      vertex -16.5307 19.0565 35
      vertex -16.2057 18.1952 29
      vertex -16.2057 18.1952 35
    endloop
  endfacet
  facet normal -0.661782 -0.249503 -0.706961
    outer loop
      vertex -18.2885 18.0338 37.0064
      vertex -16.5307 19.0565 35
      vertex -18.1659 17.7276 36.9997
    endloop
  endfacet
  facet normal -0.661722 -0.249628 -0.706972
    outer loop
      vertex -16.5307 19.0565 35
      vertex -18.2885 18.0338 37.0064
      vertex -18.4138 18.4022 36.9936
    endloop
  endfacet
  facet normal -0.66167 -0.249711 -0.706991
    outer loop
      vertex -18.1659 17.7276 36.9997
      vertex -16.2057 18.1952 35
      vertex -18.0519 17.4428 36.9936
    endloop
  endfacet
  facet normal -0.661681 -0.249676 -0.706994
    outer loop
      vertex -16.2057 18.1952 35
      vertex -18.1659 17.7276 36.9997
      vertex -16.5307 19.0565 35
    endloop
  endfacet
  facet normal -0.647699 -0.284016 0.70698
    outer loop
      vertex -16.2057 18.1952 29
      vertex -17.9382 17.159 26.9965
      vertex -15.836 17.3521 29
    endloop
  endfacet
  facet normal -0.64764 -0.284129 0.706988
    outer loop
      vertex -17.9382 17.159 26.9965
      vertex -16.2057 18.1952 29
      vertex -18.0519 17.4428 27.0064
    endloop
  endfacet
  facet normal -0.647678 -0.284059 0.706982
    outer loop
      vertex -15.836 17.3521 29
      vertex -17.9052 17.0764 26.9936
      vertex -17.6399 16.5036 27.0065
    endloop
  endfacet
  facet normal -0.647797 -0.283629 0.707046
    outer loop
      vertex -17.9052 17.0764 26.9936
      vertex -15.836 17.3521 29
      vertex -17.9382 17.159 26.9965
    endloop
  endfacet
  facet normal -0.91582 -0.401588 0
    outer loop
      vertex -15.836 17.3521 29
      vertex -16.2057 18.1952 35
      vertex -16.2057 18.1952 29
    endloop
  endfacet
  facet normal -0.91582 -0.401588 0
    outer loop
      vertex -16.2057 18.1952 35
      vertex -15.836 17.3521 29
      vertex -15.836 17.3521 35
    endloop
  endfacet
  facet normal -0.647647 -0.284092 -0.706997
    outer loop
      vertex -17.9052 17.0764 37.0064
      vertex -16.2057 18.1952 35
      vertex -17.7689 16.7821 36.9998
    endloop
  endfacet
  facet normal -0.647686 -0.28402 -0.70699
    outer loop
      vertex -16.2057 18.1952 35
      vertex -17.9052 17.0764 37.0064
      vertex -18.0519 17.4428 36.9936
    endloop
  endfacet
  facet normal -0.647696 -0.284017 -0.706982
    outer loop
      vertex -17.7689 16.7821 36.9998
      vertex -15.836 17.3521 35
      vertex -17.6399 16.5036 36.9935
    endloop
  endfacet
  facet normal -0.647697 -0.284016 -0.706982
    outer loop
      vertex -15.836 17.3521 35
      vertex -17.7689 16.7821 36.9998
      vertex -16.2057 18.1952 35
    endloop
  endfacet
  facet normal -0.63184 -0.317725 0.706986
    outer loop
      vertex -15.836 17.3521 29
      vertex -17.5115 16.2262 26.9966
      vertex -15.4224 16.5296 29
    endloop
  endfacet
  facet normal -0.631856 -0.317698 0.706984
    outer loop
      vertex -17.5115 16.2262 26.9966
      vertex -15.836 17.3521 29
      vertex -17.6399 16.5036 27.0065
    endloop
  endfacet
  facet normal -0.631807 -0.317805 0.706979
    outer loop
      vertex -15.4224 16.5296 29
      vertex -17.4719 16.1407 26.9936
      vertex -17.1792 15.5875 27.0065
    endloop
  endfacet
  facet normal -0.631915 -0.317484 0.707027
    outer loop
      vertex -17.4719 16.1407 26.9936
      vertex -15.4224 16.5296 29
      vertex -17.5115 16.2262 26.9966
    endloop
  endfacet
  facet normal -0.893404 -0.449254 0
    outer loop
      vertex -15.4224 16.5296 29
      vertex -15.836 17.3521 35
      vertex -15.836 17.3521 29
    endloop
  endfacet
  facet normal -0.893404 -0.449254 0
    outer loop
      vertex -15.836 17.3521 35
      vertex -15.4224 16.5296 29
      vertex -15.4224 16.5296 35
    endloop
  endfacet
  facet normal -0.631825 -0.317738 -0.706993
    outer loop
      vertex -17.4719 16.1407 37.0064
      vertex -15.836 17.3521 35
      vertex -17.3227 15.8587 36.9998
    endloop
  endfacet
  facet normal -0.631879 -0.317651 -0.706984
    outer loop
      vertex -15.836 17.3521 35
      vertex -17.4719 16.1407 37.0064
      vertex -17.6399 16.5036 36.9935
    endloop
  endfacet
  facet normal -0.631775 -0.317868 -0.70698
    outer loop
      vertex -17.3227 15.8587 36.9998
      vertex -15.4224 16.5296 35
      vertex -17.1792 15.5875 36.9935
    endloop
  endfacet
  facet normal -0.631836 -0.317723 -0.70699
    outer loop
      vertex -15.4224 16.5296 35
      vertex -17.3227 15.8587 36.9998
      vertex -15.836 17.3521 35
    endloop
  endfacet
  facet normal -0.61426 -0.350534 0.706973
    outer loop
      vertex -15.4224 16.5296 29
      vertex -17.0362 15.3172 26.9967
      vertex -14.9661 15.73 29
    endloop
  endfacet
  facet normal -0.614227 -0.350584 0.706977
    outer loop
      vertex -17.0362 15.3172 26.9967
      vertex -15.4224 16.5296 29
      vertex -17.1792 15.5875 27.0065
    endloop
  endfacet
  facet normal -0.614248 -0.350548 0.706976
    outer loop
      vertex -14.9661 15.73 29
      vertex -16.9897 15.2292 26.9935
      vertex -16.6709 14.6968 27.0065
    endloop
  endfacet
  facet normal -0.614335 -0.35033 0.707009
    outer loop
      vertex -16.9897 15.2292 26.9935
      vertex -14.9661 15.73 29
      vertex -17.0362 15.3172 26.9967
    endloop
  endfacet
  facet normal -0.86853 -0.495636 0
    outer loop
      vertex -14.9661 15.73 29
      vertex -15.4224 16.5296 35
      vertex -15.4224 16.5296 29
    endloop
  endfacet
  facet normal -0.86853 -0.495636 0
    outer loop
      vertex -15.4224 16.5296 35
      vertex -14.9661 15.73 29
      vertex -14.9661 15.73 35
    endloop
  endfacet
  facet normal -0.614275 -0.350502 -0.706975
    outer loop
      vertex -16.9897 15.2292 37.0065
      vertex -15.4224 16.5296 35
      vertex -16.8285 14.96 36.9999
    endloop
  endfacet
  facet normal -0.61426 -0.350524 -0.706978
    outer loop
      vertex -15.4224 16.5296 35
      vertex -16.9897 15.2292 37.0065
      vertex -17.1792 15.5875 36.9935
    endloop
  endfacet
  facet normal -0.614221 -0.350595 -0.706977
    outer loop
      vertex -16.8285 14.96 36.9999
      vertex -14.9661 15.73 35
      vertex -16.6709 14.6968 36.9935
    endloop
  endfacet
  facet normal -0.614253 -0.35053 -0.706981
    outer loop
      vertex -14.9661 15.73 35
      vertex -16.8285 14.96 36.9999
      vertex -15.4224 16.5296 35
    endloop
  endfacet
  facet normal -0.594969 -0.382332 0.70699
    outer loop
      vertex -14.9661 15.73 29
      vertex -16.5139 14.4344 26.9968
      vertex -14.4684 14.9555 29
    endloop
  endfacet
  facet normal -0.595078 -0.382183 0.706978
    outer loop
      vertex -16.5139 14.4344 26.9968
      vertex -14.9661 15.73 29
      vertex -16.6709 14.6968 27.0065
    endloop
  endfacet
  facet normal -0.594963 -0.38234 0.70699
    outer loop
      vertex -14.4684 14.9555 29
      vertex -16.46 14.3444 26.9935
      vertex -16.1165 13.8341 27.0066
    endloop
  endfacet
  facet normal -0.594999 -0.382262 0.707002
    outer loop
      vertex -16.46 14.3444 26.9935
      vertex -14.4684 14.9555 29
      vertex -16.5139 14.4344 26.9968
    endloop
  endfacet
  facet normal -0.841274 -0.540609 0
    outer loop
      vertex -14.4684 14.9555 29
      vertex -14.9661 15.73 35
      vertex -14.9661 15.73 29
    endloop
  endfacet
  facet normal -0.841274 -0.540609 0
    outer loop
      vertex -14.9661 15.73 35
      vertex -14.4684 14.9555 29
      vertex -14.4684 14.9555 35
    endloop
  endfacet
  facet normal -0.594993 -0.382297 -0.706988
    outer loop
      vertex -16.46 14.3444 37.0065
      vertex -14.9661 15.73 35
      vertex -16.2878 14.0886 36.9999
    endloop
  endfacet
  facet normal -0.595064 -0.382207 -0.706978
    outer loop
      vertex -14.9661 15.73 35
      vertex -16.46 14.3444 37.0065
      vertex -16.6709 14.6968 36.9935
    endloop
  endfacet
  facet normal -0.594934 -0.382384 -0.706991
    outer loop
      vertex -16.2878 14.0886 36.9999
      vertex -14.4684 14.9555 35
      vertex -16.1165 13.8341 36.9934
    endloop
  endfacet
  facet normal -0.594964 -0.382329 -0.706995
    outer loop
      vertex -14.4684 14.9555 35
      vertex -16.2878 14.0886 36.9999
      vertex -14.9661 15.73 35
    endloop
  endfacet
  facet normal -0.574063 -0.413052 0.706994
    outer loop
      vertex -14.4684 14.9555 29
      vertex -15.9458 13.5804 26.997
      vertex -13.9307 14.2082 29
    endloop
  endfacet
  facet normal -0.574087 -0.413022 0.706991
    outer loop
      vertex -15.9458 13.5804 26.997
      vertex -14.4684 14.9555 29
      vertex -16.1165 13.8341 27.0066
    endloop
  endfacet
  facet normal -0.574065 -0.413071 0.706981
    outer loop
      vertex -13.9307 14.2082 29
      vertex -15.8842 13.4889 26.9935
      vertex -15.5175 13.0017 27.0066
    endloop
  endfacet
  facet normal -0.573892 -0.413399 0.70693
    outer loop
      vertex -15.8842 13.4889 26.9935
      vertex -13.9307 14.2082 29
      vertex -15.9458 13.5804 26.997
    endloop
  endfacet
  facet normal -0.811718 -0.58405 0
    outer loop
      vertex -13.9307 14.2082 29
      vertex -14.4684 14.9555 35
      vertex -14.4684 14.9555 29
    endloop
  endfacet
  facet normal -0.811718 -0.58405 0
    outer loop
      vertex -14.4684 14.9555 35
      vertex -13.9307 14.2082 29
      vertex -13.9307 14.2082 35
    endloop
  endfacet
  facet normal -0.574073 -0.413056 -0.706983
    outer loop
      vertex -15.8842 13.4889 37.0065
      vertex -14.4684 14.9555 35
      vertex -15.702 13.2468 37
    endloop
  endfacet
  facet normal -0.574023 -0.413114 -0.70699
    outer loop
      vertex -14.4684 14.9555 35
      vertex -15.8842 13.4889 37.0065
      vertex -16.1165 13.8341 36.9934
    endloop
  endfacet
  facet normal -0.574055 -0.413084 -0.706981
    outer loop
      vertex -15.702 13.2468 37
      vertex -13.9307 14.2082 35
      vertex -15.5175 13.0017 36.9934
    endloop
  endfacet
  facet normal -0.574071 -0.413058 -0.706983
    outer loop
      vertex -13.9307 14.2082 35
      vertex -15.702 13.2468 37
      vertex -14.4684 14.9555 35
    endloop
  endfacet
  facet normal -0.551509 -0.442728 0.706986
    outer loop
      vertex -13.9307 14.2082 29
      vertex -15.3336 12.7574 26.9971
      vertex -13.3544 13.4903 29
    endloop
  endfacet
  facet normal -0.551553 -0.442681 0.706982
    outer loop
      vertex -15.3336 12.7574 26.9971
      vertex -13.9307 14.2082 29
      vertex -15.5175 13.0017 27.0066
    endloop
  endfacet
  facet normal -0.551489 -0.442747 0.706991
    outer loop
      vertex -13.3544 13.4903 29
      vertex -15.2641 12.665 26.9935
      vertex -14.8756 12.202 27.0066
    endloop
  endfacet
  facet normal -0.55165 -0.442478 0.707033
    outer loop
      vertex -15.2641 12.665 26.9935
      vertex -13.3544 13.4903 29
      vertex -15.3336 12.7574 26.9971
    endloop
  endfacet
  facet normal -0.779819 -0.626006 0
    outer loop
      vertex -13.3544 13.4903 29
      vertex -13.9307 14.2082 35
      vertex -13.9307 14.2082 29
    endloop
  endfacet
  facet normal -0.779819 -0.626006 0
    outer loop
      vertex -13.9307 14.2082 35
      vertex -13.3544 13.4903 29
      vertex -13.3544 13.4903 35
    endloop
  endfacet
  facet normal -0.551417 -0.442812 -0.707006
    outer loop
      vertex -15.2641 12.665 37.0065
      vertex -13.9307 14.2082 35
      vertex -15.0728 12.437 37.0001
    endloop
  endfacet
  facet normal -0.55159 -0.442633 -0.706983
    outer loop
      vertex -13.9307 14.2082 35
      vertex -15.2641 12.665 37.0065
      vertex -15.5175 13.0017 36.9934
    endloop
  endfacet
  facet normal -0.551548 -0.442674 -0.706989
    outer loop
      vertex -15.0728 12.437 37.0001
      vertex -13.3544 13.4903 35
      vertex -14.8756 12.202 36.9934
    endloop
  endfacet
  facet normal -0.55151 -0.442729 -0.706985
    outer loop
      vertex -13.3544 13.4903 35
      vertex -15.0728 12.437 37.0001
      vertex -13.9307 14.2082 35
    endloop
  endfacet
  facet normal -0.527477 -0.471088 0.706997
    outer loop
      vertex -13.3544 13.4903 29
      vertex -14.679 11.9677 26.9972
      vertex -12.7412 12.8037 29
    endloop
  endfacet
  facet normal -0.527543 -0.471023 0.706991
    outer loop
      vertex -14.679 11.9677 26.9972
      vertex -13.3544 13.4903 29
      vertex -14.8756 12.202 27.0066
    endloop
  endfacet
  facet normal -0.527482 -0.471104 0.706982
    outer loop
      vertex -12.7412 12.8037 29
      vertex -14.6012 11.875 26.9934
      vertex -14.1925 11.4372 27.0066
    endloop
  endfacet
  facet normal -0.527235 -0.471469 0.706923
    outer loop
      vertex -14.6012 11.875 26.9934
      vertex -12.7412 12.8037 29
      vertex -14.679 11.9677 26.9972
    endloop
  endfacet
  facet normal -0.745849 -0.666115 0
    outer loop
      vertex -12.7412 12.8037 29
      vertex -13.3544 13.4903 35
      vertex -13.3544 13.4903 29
    endloop
  endfacet
  facet normal -0.745849 -0.666115 0
    outer loop
      vertex -13.3544 13.4903 35
      vertex -12.7412 12.8037 29
      vertex -12.7412 12.8037 35
    endloop
  endfacet
  facet normal -0.527589 -0.471002 -0.70697
    outer loop
      vertex -14.6012 11.875 37.0066
      vertex -13.3544 13.4903 35
      vertex -14.4018 11.6614 37.0001
    endloop
  endfacet
  facet normal -0.527442 -0.471138 -0.706989
    outer loop
      vertex -13.3544 13.4903 35
      vertex -14.6012 11.875 37.0066
      vertex -14.8756 12.202 36.9934
    endloop
  endfacet
  facet normal -0.527386 -0.471209 -0.706984
    outer loop
      vertex -14.4018 11.6614 37.0001
      vertex -12.7412 12.8037 35
      vertex -14.1925 11.4372 36.9934
    endloop
  endfacet
  facet normal -0.527479 -0.47109 -0.706994
    outer loop
      vertex -12.7412 12.8037 35
      vertex -14.4018 11.6614 37.0001
      vertex -13.3544 13.4903 35
    endloop
  endfacet
  facet normal -0.502005 -0.498164 0.706982
    outer loop
      vertex -12.7412 12.8037 29
      vertex -13.9837 11.2136 26.9973
      vertex -12.0927 12.1502 29
    endloop
  endfacet
  facet normal -0.501995 -0.498173 0.706983
    outer loop
      vertex -13.9837 11.2136 26.9973
      vertex -12.7412 12.8037 29
      vertex -14.1925 11.4372 27.0066
    endloop
  endfacet
  facet normal -0.502046 -0.49811 0.706991
    outer loop
      vertex -12.0927 12.1502 29
      vertex -13.8975 11.1212 26.9934
      vertex -13.4701 10.7093 27.0067
    endloop
  endfacet
  facet normal -0.502007 -0.498162 0.706982
    outer loop
      vertex -13.8975 11.1212 26.9934
      vertex -12.0927 12.1502 29
      vertex -13.9837 11.2136 26.9973
    endloop
  endfacet
  facet normal -0.709817 -0.704386 0
    outer loop
      vertex -12.0927 12.1502 29
      vertex -12.7412 12.8037 35
      vertex -12.7412 12.8037 29
    endloop
  endfacet
  facet normal -0.709817 -0.704386 0
    outer loop
      vertex -12.7412 12.8037 35
      vertex -12.0927 12.1502 29
      vertex -12.0927 12.1502 35
    endloop
  endfacet
  facet normal -0.501993 -0.498175 -0.706983
    outer loop
      vertex -13.8975 11.1212 37.0066
      vertex -12.7412 12.8037 35
      vertex -13.691 10.9222 37.0002
    endloop
  endfacet
  facet normal -0.501998 -0.49817 -0.706983
    outer loop
      vertex -12.7412 12.8037 35
      vertex -13.8975 11.1212 37.0066
      vertex -14.1925 11.4372 36.9934
    endloop
  endfacet
  facet normal -0.502102 -0.498055 -0.70699
    outer loop
      vertex -13.691 10.9222 37.0002
      vertex -12.0927 12.1502 35
      vertex -13.4701 10.7093 36.9933
    endloop
  endfacet
  facet normal -0.502006 -0.498165 -0.706981
    outer loop
      vertex -12.0927 12.1502 35
      vertex -13.691 10.9222 37.0002
      vertex -12.7412 12.8037 35
    endloop
  endfacet
  facet normal -0.475056 -0.523913 0.706991
    outer loop
      vertex -12.0927 12.1502 29
      vertex -13.2498 10.497 26.9974
      vertex -11.4107 11.5318 29
    endloop
  endfacet
  facet normal -0.475048 -0.52392 0.706992
    outer loop
      vertex -13.2498 10.497 26.9974
      vertex -12.0927 12.1502 29
      vertex -13.4701 10.7093 27.0067
    endloop
  endfacet
  facet normal -0.475066 -0.523913 0.706985
    outer loop
      vertex -11.4107 11.5318 29
      vertex -13.155 10.4057 26.9934
      vertex -12.7104 10.0205 27.0067
    endloop
  endfacet
  facet normal -0.474914 -0.524093 0.706954
    outer loop
      vertex -13.155 10.4057 26.9934
      vertex -11.4107 11.5318 29
      vertex -13.2498 10.497 26.9974
    endloop
  endfacet
  facet normal -0.671721 -0.740805 0
    outer loop
      vertex -12.0927 12.1502 29
      vertex -11.4107 11.5318 35
      vertex -12.0927 12.1502 35
    endloop
  endfacet
  facet normal -0.671721 -0.740805 -0
    outer loop
      vertex -11.4107 11.5318 35
      vertex -12.0927 12.1502 29
      vertex -11.4107 11.5318 29
    endloop
  endfacet
  facet normal -0.475182 -0.523829 -0.706969
    outer loop
      vertex -13.155 10.4057 37.0066
      vertex -12.0927 12.1502 35
      vertex -12.9422 10.2213 37.0002
    endloop
  endfacet
  facet normal -0.475 -0.523964 -0.706991
    outer loop
      vertex -12.0927 12.1502 35
      vertex -13.155 10.4057 37.0066
      vertex -13.4701 10.7093 36.9933
    endloop
  endfacet
  facet normal -0.474967 -0.524 -0.706987
    outer loop
      vertex -12.9422 10.2213 37.0002
      vertex -11.4107 11.5318 35
      vertex -12.7104 10.0205 36.9933
    endloop
  endfacet
  facet normal -0.475054 -0.523911 -0.706994
    outer loop
      vertex -11.4107 11.5318 35
      vertex -12.9422 10.2213 37.0002
      vertex -12.0927 12.1502 35
    endloop
  endfacet
  facet normal -0.446886 -0.54814 0.706991
    outer loop
      vertex -11.4107 11.5318 29
      vertex -12.4792 9.8201 26.9975
      vertex -10.6972 10.9501 29
    endloop
  endfacet
  facet normal -0.446947 -0.548096 0.706986
    outer loop
      vertex -12.4792 9.8201 26.9975
      vertex -11.4107 11.5318 29
      vertex -12.7104 10.0205 27.0067
    endloop
  endfacet
  facet normal -0.446821 -0.548201 0.706984
    outer loop
      vertex -10.6972 10.9501 29
      vertex -12.3757 9.73039 26.9934
      vertex -11.9156 9.37253 27.0067
    endloop
  endfacet
  facet normal -0.446994 -0.548017 0.707017
    outer loop
      vertex -12.3757 9.73039 26.9934
      vertex -10.6972 10.9501 29
      vertex -12.4792 9.8201 26.9975
    endloop
  endfacet
  facet normal -0.631888 -0.77506 0
    outer loop
      vertex -11.4107 11.5318 29
      vertex -10.6972 10.9501 35
      vertex -11.4107 11.5318 35
    endloop
  endfacet
  facet normal -0.631888 -0.77506 -0
    outer loop
      vertex -10.6972 10.9501 35
      vertex -11.4107 11.5318 29
      vertex -10.6972 10.9501 29
    endloop
  endfacet
  facet normal -0.446825 -0.548174 -0.707003
    outer loop
      vertex -12.3757 9.73039 37.0066
      vertex -11.4107 11.5318 35
      vertex -12.1577 9.56082 37.0003
    endloop
  endfacet
  facet normal -0.446968 -0.548079 -0.706986
    outer loop
      vertex -11.4107 11.5318 35
      vertex -12.3757 9.73039 37.0066
      vertex -12.7104 10.0205 36.9933
    endloop
  endfacet
  facet normal -0.446806 -0.548212 -0.706985
    outer loop
      vertex -12.1577 9.56082 37.0003
      vertex -10.6972 10.9501 35
      vertex -11.9156 9.37253 36.9933
    endloop
  endfacet
  facet normal -0.446885 -0.548139 -0.706991
    outer loop
      vertex -10.6972 10.9501 35
      vertex -12.1577 9.56082 37.0003
      vertex -11.4107 11.5318 35
    endloop
  endfacet
  facet normal -0.417426 -0.570892 0.706992
    outer loop
      vertex -10.6972 10.9501 29
      vertex -11.6741 9.18462 26.9976
      vertex -9.95402 10.4067 29
    endloop
  endfacet
  facet normal -0.417521 -0.570831 0.706985
    outer loop
      vertex -11.6741 9.18462 26.9976
      vertex -10.6972 10.9501 29
      vertex -11.9156 9.37253 27.0067
    endloop
  endfacet
  facet normal -0.417408 -0.570908 0.70699
    outer loop
      vertex -9.95402 10.4067 29
      vertex -11.5617 9.09723 26.9934
      vertex -11.1467 8.8083 27.0051
    endloop
  endfacet
  facet normal -0.417437 -0.570881 0.706995
    outer loop
      vertex -11.5617 9.09723 26.9934
      vertex -9.95402 10.4067 29
      vertex -11.6741 9.18462 26.9976
    endloop
  endfacet
  facet normal -0.417148 -0.5711 0.706988
    outer loop
      vertex -9.95402 10.4067 29
      vertex -11.1467 8.8083 27.0051
      vertex -11.1467 8.68203 26.9031
    endloop
  endfacet
  facet normal -0.590234 -0.807232 0
    outer loop
      vertex -10.6972 10.9501 29
      vertex -9.95402 10.4067 35
      vertex -10.6972 10.9501 35
    endloop
  endfacet
  facet normal -0.590234 -0.807232 -0
    outer loop
      vertex -9.95402 10.4067 35
      vertex -10.6972 10.9501 29
      vertex -9.95402 10.4067 29
    endloop
  endfacet
  facet normal -0.417334 -0.570946 -0.707003
    outer loop
      vertex -11.5617 9.09723 37.0066
      vertex -10.6972 10.9501 35
      vertex -11.3395 8.94249 37.0004
    endloop
  endfacet
  facet normal -0.417496 -0.57085 -0.706985
    outer loop
      vertex -10.6972 10.9501 35
      vertex -11.5617 9.09723 37.0066
      vertex -11.9156 9.37253 36.9933
    endloop
  endfacet
  facet normal -0.417148 -0.5711 -0.706988
    outer loop
      vertex -11.1467 8.8083 36.9949
      vertex -9.95402 10.4067 35
      vertex -11.1467 8.68203 37.0969
    endloop
  endfacet
  facet normal -0.417485 -0.570852 -0.70699
    outer loop
      vertex -11.3395 8.94249 37.0004
      vertex -9.95402 10.4067 35
      vertex -11.1467 8.8083 36.9949
    endloop
  endfacet
  facet normal -0.41743 -0.570897 -0.706986
    outer loop
      vertex -9.95402 10.4067 35
      vertex -11.3395 8.94249 37.0004
      vertex -10.6972 10.9501 35
    endloop
  endfacet
  facet normal -0.386843 -0.592052 0.706984
    outer loop
      vertex -11.1467 8.68203 26.9031
      vertex -9.18332 9.90313 29
      vertex -9.95402 10.4067 29
    endloop
  endfacet
  facet normal -0.386804 -0.592093 0.706971
    outer loop
      vertex -9.18332 9.90313 29
      vertex -11.1467 8.68203 26.9031
      vertex -11.1467 8.34651 26.6221
    endloop
  endfacet
  facet normal -0.386856 -0.592045 0.706983
    outer loop
      vertex -11.1467 8.34651 26.6221
      vertex -10.7576 7.34939 26
      vertex -9.18332 9.90313 29
    endloop
  endfacet
  facet normal -0.386861 -0.592045 0.70698
    outer loop
      vertex -10.7576 7.34939 26
      vertex -11.1467 8.34651 26.6221
      vertex -11.1467 7.60364 26
    endloop
  endfacet
  facet normal -0.546984 -0.837143 0
    outer loop
      vertex -9.95402 10.4067 29
      vertex -9.18332 9.90313 35
      vertex -9.95402 10.4067 35
    endloop
  endfacet
  facet normal -0.546984 -0.837143 -0
    outer loop
      vertex -9.18332 9.90313 35
      vertex -9.95402 10.4067 29
      vertex -9.18332 9.90313 29
    endloop
  endfacet
  facet normal -0.386866 -0.592054 -0.70697
    outer loop
      vertex -11.1467 8.68203 37.0969
      vertex -10.7576 7.34939 38
      vertex -11.1467 7.60364 38
    endloop
  endfacet
  facet normal -0.386839 -0.592055 -0.706984
    outer loop
      vertex -10.7576 7.34939 38
      vertex -11.1467 8.68203 37.0969
      vertex -9.95402 10.4067 35
    endloop
  endfacet
  facet normal -0.386843 -0.592053 -0.706983
    outer loop
      vertex -9.18332 9.90313 35
      vertex -10.7576 7.34939 38
      vertex -9.95402 10.4067 35
    endloop
  endfacet
  facet normal 0.547006 0.837129 -0
    outer loop
      vertex -10.7576 7.34939 26
      vertex -11.1467 7.60364 38
      vertex -10.7576 7.34939 38
    endloop
  endfacet
  facet normal 0.547006 0.837129 0
    outer loop
      vertex -11.1467 7.60364 38
      vertex -10.7576 7.34939 26
      vertex -11.1467 7.60364 26
    endloop
  endfacet
  facet normal -0.355161 -0.611584 0.706983
    outer loop
      vertex -9.18332 9.90313 29
      vertex -10.7576 7.34939 26
      vertex -8.38721 9.44081 29
    endloop
  endfacet
  facet normal -0.355165 -0.611581 0.706984
    outer loop
      vertex -8.38721 9.44081 29
      vertex -10.7576 7.34939 26
      vertex -9.82502 6.80781 26
    endloop
  endfacet
  facet normal -0.502186 -0.864759 0
    outer loop
      vertex -9.18332 9.90313 29
      vertex -8.38721 9.44081 35
      vertex -9.18332 9.90313 35
    endloop
  endfacet
  facet normal -0.502186 -0.864759 -0
    outer loop
      vertex -8.38721 9.44081 35
      vertex -9.18332 9.90313 29
      vertex -8.38721 9.44081 29
    endloop
  endfacet
  facet normal -0.355166 -0.611581 -0.706983
    outer loop
      vertex -9.82502 6.80781 38
      vertex -10.7576 7.34939 38
      vertex -9.18332 9.90313 35
    endloop
  endfacet
  facet normal -0.355161 -0.611583 -0.706984
    outer loop
      vertex -8.38721 9.44081 35
      vertex -9.82502 6.80781 38
      vertex -9.18332 9.90313 35
    endloop
  endfacet
  facet normal 0.502192 0.864756 -0
    outer loop
      vertex -9.82502 6.80781 26
      vertex -10.7576 7.34939 38
      vertex -9.82502 6.80781 38
    endloop
  endfacet
  facet normal 0.502192 0.864756 0
    outer loop
      vertex -10.7576 7.34939 38
      vertex -9.82502 6.80781 26
      vertex -10.7576 7.34939 26
    endloop
  endfacet
  facet normal -0.322511 -0.629412 0.706984
    outer loop
      vertex -8.38721 9.44081 29
      vertex -9.82502 6.80781 26
      vertex -7.56789 9.02099 29
    endloop
  endfacet
  facet normal -0.32251 -0.629413 0.706984
    outer loop
      vertex -7.56789 9.02099 29
      vertex -9.82502 6.80781 26
      vertex -8.86524 6.31602 26
    endloop
  endfacet
  facet normal -0.456021 -0.889969 0
    outer loop
      vertex -8.38721 9.44081 29
      vertex -7.56789 9.02099 35
      vertex -8.38721 9.44081 35
    endloop
  endfacet
  facet normal -0.456021 -0.889969 -0
    outer loop
      vertex -7.56789 9.02099 35
      vertex -8.38721 9.44081 29
      vertex -7.56789 9.02099 29
    endloop
  endfacet
  facet normal -0.32251 -0.629413 -0.706984
    outer loop
      vertex -8.86524 6.31602 38
      vertex -9.82502 6.80781 38
      vertex -8.38721 9.44081 35
    endloop
  endfacet
  facet normal -0.322511 -0.629413 -0.706984
    outer loop
      vertex -7.56789 9.02099 35
      vertex -8.86524 6.31602 38
      vertex -8.38721 9.44081 35
    endloop
  endfacet
  facet normal 0.456019 0.88997 -0
    outer loop
      vertex -8.86524 6.31602 26
      vertex -9.82502 6.80781 38
      vertex -8.86524 6.31602 38
    endloop
  endfacet
  facet normal 0.456019 0.88997 0
    outer loop
      vertex -9.82502 6.80781 38
      vertex -8.86524 6.31602 26
      vertex -9.82502 6.80781 26
    endloop
  endfacet
  facet normal -0.288962 -0.645503 0.706984
    outer loop
      vertex -7.56789 9.02099 29
      vertex -8.86524 6.31602 26
      vertex -6.72762 8.64484 29
    endloop
  endfacet
  facet normal -0.288962 -0.645503 0.706984
    outer loop
      vertex -6.72762 8.64484 29
      vertex -8.86524 6.31602 26
      vertex -7.88093 5.87539 26
    endloop
  endfacet
  facet normal -0.408583 -0.912721 0
    outer loop
      vertex -7.56789 9.02099 29
      vertex -6.72762 8.64484 35
      vertex -7.56789 9.02099 35
    endloop
  endfacet
  facet normal -0.408583 -0.912721 -0
    outer loop
      vertex -6.72762 8.64484 35
      vertex -7.56789 9.02099 29
      vertex -6.72762 8.64484 29
    endloop
  endfacet
  facet normal -0.288962 -0.645503 -0.706984
    outer loop
      vertex -7.88093 5.87539 38
      vertex -8.86524 6.31602 38
      vertex -7.56789 9.02099 35
    endloop
  endfacet
  facet normal -0.288962 -0.645503 -0.706984
    outer loop
      vertex -6.72762 8.64484 35
      vertex -7.88093 5.87539 38
      vertex -7.56789 9.02099 35
    endloop
  endfacet
  facet normal 0.408583 0.912721 -0
    outer loop
      vertex -7.88093 5.87539 26
      vertex -8.86524 6.31602 38
      vertex -7.88093 5.87539 38
    endloop
  endfacet
  facet normal 0.408583 0.912721 0
    outer loop
      vertex -8.86524 6.31602 38
      vertex -7.88093 5.87539 26
      vertex -8.86524 6.31602 26
    endloop
  endfacet
  facet normal -0.254615 -0.659807 0.706984
    outer loop
      vertex -6.72762 8.64484 29
      vertex -7.88093 5.87539 26
      vertex -5.86873 8.3134 29
    endloop
  endfacet
  facet normal -0.254616 -0.659806 0.706984
    outer loop
      vertex -5.86873 8.3134 29
      vertex -7.88093 5.87539 26
      vertex -6.8748 5.48713 26
    endloop
  endfacet
  facet normal -0.360018 -0.932946 0
    outer loop
      vertex -6.72762 8.64484 29
      vertex -5.86873 8.3134 35
      vertex -6.72762 8.64484 35
    endloop
  endfacet
  facet normal -0.360018 -0.932946 -0
    outer loop
      vertex -5.86873 8.3134 35
      vertex -6.72762 8.64484 29
      vertex -5.86873 8.3134 29
    endloop
  endfacet
  facet normal -0.254616 -0.659806 -0.706984
    outer loop
      vertex -6.8748 5.48713 38
      vertex -7.88093 5.87539 38
      vertex -6.72762 8.64484 35
    endloop
  endfacet
  facet normal -0.254615 -0.659807 -0.706984
    outer loop
      vertex -5.86873 8.3134 35
      vertex -6.8748 5.48713 38
      vertex -6.72762 8.64484 35
    endloop
  endfacet
  facet normal 0.360018 0.932945 -0
    outer loop
      vertex -6.8748 5.48713 26
      vertex -7.88093 5.87539 38
      vertex -6.8748 5.48713 38
    endloop
  endfacet
  facet normal 0.360018 0.932945 0
    outer loop
      vertex -7.88093 5.87539 38
      vertex -6.8748 5.48713 26
      vertex -7.88093 5.87539 26
    endloop
  endfacet
  facet normal -0.219565 -0.672283 0.706984
    outer loop
      vertex -5.86873 8.3134 29
      vertex -6.8748 5.48713 26
      vertex -4.99361 8.02759 29
    endloop
  endfacet
  facet normal -0.219571 -0.67228 0.706985
    outer loop
      vertex -4.99361 8.02759 29
      vertex -6.8748 5.48713 26
      vertex -5.84965 5.15231 26
    endloop
  endfacet
  facet normal -0.310457 -0.950587 0
    outer loop
      vertex -5.86873 8.3134 29
      vertex -4.99361 8.02759 35
      vertex -5.86873 8.3134 35
    endloop
  endfacet
  facet normal -0.310457 -0.950587 -0
    outer loop
      vertex -4.99361 8.02759 35
      vertex -5.86873 8.3134 29
      vertex -4.99361 8.02759 29
    endloop
  endfacet
  facet normal -0.219571 -0.672281 -0.706984
    outer loop
      vertex -5.84965 5.15231 38
      vertex -6.8748 5.48713 38
      vertex -5.86873 8.3134 35
    endloop
  endfacet
  facet normal -0.219564 -0.672282 -0.706985
    outer loop
      vertex -5.84965 5.15231 38
      vertex -5.86873 8.3134 35
      vertex -4.99361 8.02759 35
    endloop
  endfacet
  facet normal 0.310466 0.950584 -0
    outer loop
      vertex -5.84965 5.15231 26
      vertex -6.8748 5.48713 38
      vertex -5.84965 5.15231 38
    endloop
  endfacet
  facet normal 0.310466 0.950584 0
    outer loop
      vertex -6.8748 5.48713 38
      vertex -5.84965 5.15231 26
      vertex -6.8748 5.48713 26
    endloop
  endfacet
  facet normal -0.183909 -0.682898 0.706985
    outer loop
      vertex -4.99361 8.02759 29
      vertex -5.84965 5.15231 26
      vertex -4.10466 7.78819 29
    endloop
  endfacet
  facet normal -0.183905 -0.6829 0.706985
    outer loop
      vertex -4.10466 7.78819 29
      vertex -5.84965 5.15231 26
      vertex -4.80832 4.87188 26
    endloop
  endfacet
  facet normal -0.260042 -0.965597 0
    outer loop
      vertex -4.99361 8.02759 29
      vertex -4.10466 7.78819 35
      vertex -4.99361 8.02759 35
    endloop
  endfacet
  facet normal -0.260042 -0.965597 -0
    outer loop
      vertex -4.10466 7.78819 35
      vertex -4.99361 8.02759 29
      vertex -4.10466 7.78819 29
    endloop
  endfacet
  facet normal -0.183905 -0.682899 -0.706985
    outer loop
      vertex -4.80832 4.87188 38
      vertex -5.84965 5.15231 38
      vertex -4.99361 8.02759 35
    endloop
  endfacet
  facet normal -0.183909 -0.682899 -0.706984
    outer loop
      vertex -4.80832 4.87188 38
      vertex -4.99361 8.02759 35
      vertex -4.10466 7.78819 35
    endloop
  endfacet
  facet normal 0.260036 0.965599 -0
    outer loop
      vertex -4.80832 4.87188 26
      vertex -5.84965 5.15231 38
      vertex -4.80832 4.87188 38
    endloop
  endfacet
  facet normal 0.260036 0.965599 0
    outer loop
      vertex -5.84965 5.15231 38
      vertex -4.80832 4.87188 26
      vertex -5.84965 5.15231 26
    endloop
  endfacet
  facet normal -0.147742 -0.691625 0.706984
    outer loop
      vertex -4.10466 7.78819 29
      vertex -4.80832 4.87188 26
      vertex -3.20435 7.59587 29
    endloop
  endfacet
  facet normal -0.147742 -0.691625 0.706985
    outer loop
      vertex -3.20435 7.59587 29
      vertex -4.80832 4.87188 26
      vertex -3.75367 4.64659 26
    endloop
  endfacet
  facet normal -0.208902 -0.977937 0
    outer loop
      vertex -4.10466 7.78819 29
      vertex -3.20435 7.59587 35
      vertex -4.10466 7.78819 35
    endloop
  endfacet
  facet normal -0.208902 -0.977937 -0
    outer loop
      vertex -3.20435 7.59587 35
      vertex -4.10466 7.78819 29
      vertex -3.20435 7.59587 29
    endloop
  endfacet
  facet normal -0.147742 -0.691625 -0.706984
    outer loop
      vertex -3.75367 4.64659 38
      vertex -4.80832 4.87188 38
      vertex -4.10466 7.78819 35
    endloop
  endfacet
  facet normal -0.147742 -0.691625 -0.706985
    outer loop
      vertex -3.75367 4.64659 38
      vertex -4.10466 7.78819 35
      vertex -3.20435 7.59587 35
    endloop
  endfacet
  facet normal 0.208903 0.977936 -0
    outer loop
      vertex -3.75367 4.64659 26
      vertex -4.80832 4.87188 38
      vertex -3.75367 4.64659 38
    endloop
  endfacet
  facet normal 0.208903 0.977936 0
    outer loop
      vertex -4.80832 4.87188 38
      vertex -3.75367 4.64659 26
      vertex -4.80832 4.87188 26
    endloop
  endfacet
  facet normal -0.111168 -0.698437 0.706985
    outer loop
      vertex -3.20435 7.59587 29
      vertex -3.75367 4.64659 26
      vertex -2.29518 7.45116 29
    endloop
  endfacet
  facet normal -0.111163 -0.698439 0.706984
    outer loop
      vertex -2.29518 7.45116 29
      vertex -3.75367 4.64659 26
      vertex -2.68864 4.47708 26
    endloop
  endfacet
  facet normal -0.157188 -0.987569 0
    outer loop
      vertex -3.20435 7.59587 29
      vertex -2.29518 7.45116 35
      vertex -3.20435 7.59587 35
    endloop
  endfacet
  facet normal -0.157188 -0.987569 -0
    outer loop
      vertex -2.29518 7.45116 35
      vertex -3.20435 7.59587 29
      vertex -2.29518 7.45116 29
    endloop
  endfacet
  facet normal -0.111163 -0.698438 -0.706984
    outer loop
      vertex -2.68864 4.47708 38
      vertex -3.75367 4.64659 38
      vertex -3.20435 7.59587 35
    endloop
  endfacet
  facet normal -0.111168 -0.698438 -0.706984
    outer loop
      vertex -2.68864 4.47708 38
      vertex -3.20435 7.59587 35
      vertex -2.29518 7.45116 35
    endloop
  endfacet
  facet normal 0.157181 0.98757 -0
    outer loop
      vertex -2.68864 4.47708 26
      vertex -3.75367 4.64659 38
      vertex -2.68864 4.47708 38
    endloop
  endfacet
  facet normal 0.157181 0.98757 0
    outer loop
      vertex -3.75367 4.64659 38
      vertex -2.68864 4.47708 26
      vertex -3.75367 4.64659 26
    endloop
  endfacet
  facet normal -0.0742781 -0.703318 0.706984
    outer loop
      vertex -2.29518 7.45116 29
      vertex -2.68864 4.47708 26
      vertex -1.37965 7.35447 29
    endloop
  endfacet
  facet normal -0.0742816 -0.703318 0.706984
    outer loop
      vertex -1.37965 7.35447 29
      vertex -2.68864 4.47708 26
      vertex -1.61617 4.36381 26
    endloop
  endfacet
  facet normal -0.105027 -0.994469 0
    outer loop
      vertex -2.29518 7.45116 29
      vertex -1.37965 7.35447 35
      vertex -2.29518 7.45116 35
    endloop
  endfacet
  facet normal -0.105027 -0.994469 -0
    outer loop
      vertex -1.37965 7.35447 35
      vertex -2.29518 7.45116 29
      vertex -1.37965 7.35447 29
    endloop
  endfacet
  facet normal -0.0742816 -0.703318 -0.706984
    outer loop
      vertex -1.61617 4.36381 38
      vertex -2.68864 4.47708 38
      vertex -2.29518 7.45116 35
    endloop
  endfacet
  facet normal -0.0742781 -0.703318 -0.706984
    outer loop
      vertex -1.61617 4.36381 38
      vertex -2.29518 7.45116 35
      vertex -1.37965 7.35447 35
    endloop
  endfacet
  facet normal 0.105032 0.994469 -0
    outer loop
      vertex -1.61617 4.36381 26
      vertex -2.68864 4.47708 38
      vertex -1.61617 4.36381 38
    endloop
  endfacet
  facet normal 0.105032 0.994469 0
    outer loop
      vertex -2.68864 4.47708 38
      vertex -1.61617 4.36381 26
      vertex -2.68864 4.47708 26
    endloop
  endfacet
  facet normal -0.0371969 -0.70625 0.706984
    outer loop
      vertex -1.37965 7.35447 29
      vertex -1.61617 4.36381 26
      vertex -0.460309 7.30605 29
    endloop
  endfacet
  facet normal -0.0371962 -0.706251 0.706984
    outer loop
      vertex -0.460309 7.30605 29
      vertex -1.61617 4.36381 26
      vertex -0.539219 4.30709 26
    endloop
  endfacet
  facet normal -0.0525953 -0.998616 0
    outer loop
      vertex -1.37965 7.35447 29
      vertex -0.460309 7.30605 35
      vertex -1.37965 7.35447 35
    endloop
  endfacet
  facet normal -0.0525953 -0.998616 -0
    outer loop
      vertex -0.460309 7.30605 35
      vertex -1.37965 7.35447 29
      vertex -0.460309 7.30605 29
    endloop
  endfacet
  facet normal -0.0371962 -0.70625 -0.706984
    outer loop
      vertex -0.539219 4.30709 38
      vertex -1.61617 4.36381 38
      vertex -1.37965 7.35447 35
    endloop
  endfacet
  facet normal -0.0371969 -0.706251 -0.706984
    outer loop
      vertex -0.539219 4.30709 38
      vertex -1.37965 7.35447 35
      vertex -0.460309 7.30605 35
    endloop
  endfacet
  facet normal 0.0525943 0.998616 -0
    outer loop
      vertex -0.539219 4.30709 26
      vertex -1.61617 4.36381 38
      vertex -0.539219 4.30709 38
    endloop
  endfacet
  facet normal 0.0525943 0.998616 0
    outer loop
      vertex -1.61617 4.36381 38
      vertex -0.539219 4.30709 26
      vertex -1.61617 4.36381 26
    endloop
  endfacet
  facet normal 0 -0.707229 0.706984
    outer loop
      vertex -0.539219 4.30709 26
      vertex 0.460309 7.30605 29
      vertex -0.460309 7.30605 29
    endloop
  endfacet
  facet normal 0 -0.707229 0.706984
    outer loop
      vertex 0.460309 7.30605 29
      vertex -0.539219 4.30709 26
      vertex 0.539219 4.30709 26
    endloop
  endfacet
  facet normal 0 -1 0
    outer loop
      vertex -0.460309 7.30605 29
      vertex 0.460309 7.30605 35
      vertex -0.460309 7.30605 35
    endloop
  endfacet
  facet normal 0 -1 -0
    outer loop
      vertex 0.460309 7.30605 35
      vertex -0.460309 7.30605 29
      vertex 0.460309 7.30605 29
    endloop
  endfacet
  facet normal 0 -0.707229 -0.706984
    outer loop
      vertex -0.460309 7.30605 35
      vertex 0.539219 4.30709 38
      vertex -0.539219 4.30709 38
    endloop
  endfacet
  facet normal 0 -0.707229 -0.706984
    outer loop
      vertex 0.539219 4.30709 38
      vertex -0.460309 7.30605 35
      vertex 0.460309 7.30605 35
    endloop
  endfacet
  facet normal 0 1 -0
    outer loop
      vertex 0.539219 4.30709 26
      vertex -0.539219 4.30709 38
      vertex 0.539219 4.30709 38
    endloop
  endfacet
  facet normal 0 1 0
    outer loop
      vertex -0.539219 4.30709 38
      vertex 0.539219 4.30709 26
      vertex -0.539219 4.30709 26
    endloop
  endfacet
  facet normal 0.0371969 -0.706251 0.706984
    outer loop
      vertex 1.37965 7.35447 29
      vertex 0.460309 7.30605 29
      vertex 0.539219 4.30709 26
    endloop
  endfacet
  facet normal 0.0371962 -0.70625 0.706984
    outer loop
      vertex 1.37965 7.35447 29
      vertex 0.539219 4.30709 26
      vertex 1.61617 4.36381 26
    endloop
  endfacet
  facet normal 0.0525953 -0.998616 0
    outer loop
      vertex 0.460309 7.30605 29
      vertex 1.37965 7.35447 35
      vertex 0.460309 7.30605 35
    endloop
  endfacet
  facet normal 0.0525953 -0.998616 0
    outer loop
      vertex 1.37965 7.35447 35
      vertex 0.460309 7.30605 29
      vertex 1.37965 7.35447 29
    endloop
  endfacet
  facet normal 0.0371962 -0.706251 -0.706984
    outer loop
      vertex 0.539219 4.30709 38
      vertex 0.460309 7.30605 35
      vertex 1.61617 4.36381 38
    endloop
  endfacet
  facet normal 0.0371969 -0.70625 -0.706984
    outer loop
      vertex 1.61617 4.36381 38
      vertex 0.460309 7.30605 35
      vertex 1.37965 7.35447 35
    endloop
  endfacet
  facet normal -0.0525943 0.998616 0
    outer loop
      vertex 1.61617 4.36381 26
      vertex 0.539219 4.30709 38
      vertex 1.61617 4.36381 38
    endloop
  endfacet
  facet normal -0.0525943 0.998616 0
    outer loop
      vertex 0.539219 4.30709 38
      vertex 1.61617 4.36381 26
      vertex 0.539219 4.30709 26
    endloop
  endfacet
  facet normal 0.0742781 -0.703318 0.706984
    outer loop
      vertex 2.29518 7.45116 29
      vertex 1.37965 7.35447 29
      vertex 1.61617 4.36381 26
    endloop
  endfacet
  facet normal 0.0742816 -0.703318 0.706984
    outer loop
      vertex 2.29518 7.45116 29
      vertex 1.61617 4.36381 26
      vertex 2.68864 4.47708 26
    endloop
  endfacet
  facet normal 0.105027 -0.994469 0
    outer loop
      vertex 1.37965 7.35447 29
      vertex 2.29518 7.45116 35
      vertex 1.37965 7.35447 35
    endloop
  endfacet
  facet normal 0.105027 -0.994469 0
    outer loop
      vertex 2.29518 7.45116 35
      vertex 1.37965 7.35447 29
      vertex 2.29518 7.45116 29
    endloop
  endfacet
  facet normal 0.0742816 -0.703318 -0.706984
    outer loop
      vertex 1.61617 4.36381 38
      vertex 1.37965 7.35447 35
      vertex 2.68864 4.47708 38
    endloop
  endfacet
  facet normal 0.0742781 -0.703318 -0.706984
    outer loop
      vertex 2.68864 4.47708 38
      vertex 1.37965 7.35447 35
      vertex 2.29518 7.45116 35
    endloop
  endfacet
  facet normal -0.105032 0.994469 0
    outer loop
      vertex 2.68864 4.47708 26
      vertex 1.61617 4.36381 38
      vertex 2.68864 4.47708 38
    endloop
  endfacet
  facet normal -0.105032 0.994469 0
    outer loop
      vertex 1.61617 4.36381 38
      vertex 2.68864 4.47708 26
      vertex 1.61617 4.36381 26
    endloop
  endfacet
  facet normal 0.111168 -0.698438 0.706984
    outer loop
      vertex 3.20435 7.59587 29
      vertex 2.29518 7.45116 29
      vertex 2.68864 4.47708 26
    endloop
  endfacet
  facet normal 0.111163 -0.698438 0.706984
    outer loop
      vertex 3.20435 7.59587 29
      vertex 2.68864 4.47708 26
      vertex 3.75367 4.64659 26
    endloop
  endfacet
  facet normal 0.157188 -0.987569 0
    outer loop
      vertex 2.29518 7.45116 29
      vertex 3.20435 7.59587 35
      vertex 2.29518 7.45116 35
    endloop
  endfacet
  facet normal 0.157188 -0.987569 0
    outer loop
      vertex 3.20435 7.59587 35
      vertex 2.29518 7.45116 29
      vertex 3.20435 7.59587 29
    endloop
  endfacet
  facet normal 0.111163 -0.698439 -0.706984
    outer loop
      vertex 2.68864 4.47708 38
      vertex 2.29518 7.45116 35
      vertex 3.75367 4.64659 38
    endloop
  endfacet
  facet normal 0.111168 -0.698437 -0.706985
    outer loop
      vertex 3.75367 4.64659 38
      vertex 2.29518 7.45116 35
      vertex 3.20435 7.59587 35
    endloop
  endfacet
  facet normal -0.157181 0.98757 0
    outer loop
      vertex 3.75367 4.64659 26
      vertex 2.68864 4.47708 38
      vertex 3.75367 4.64659 38
    endloop
  endfacet
  facet normal -0.157181 0.98757 0
    outer loop
      vertex 2.68864 4.47708 38
      vertex 3.75367 4.64659 26
      vertex 2.68864 4.47708 26
    endloop
  endfacet
  facet normal 0.147742 -0.691625 0.706985
    outer loop
      vertex 4.10466 7.78819 29
      vertex 3.20435 7.59587 29
      vertex 3.75367 4.64659 26
    endloop
  endfacet
  facet normal 0.147742 -0.691625 0.706984
    outer loop
      vertex 4.10466 7.78819 29
      vertex 3.75367 4.64659 26
      vertex 4.80832 4.87188 26
    endloop
  endfacet
  facet normal 0.208902 -0.977937 0
    outer loop
      vertex 3.20435 7.59587 29
      vertex 4.10466 7.78819 35
      vertex 3.20435 7.59587 35
    endloop
  endfacet
  facet normal 0.208902 -0.977937 0
    outer loop
      vertex 4.10466 7.78819 35
      vertex 3.20435 7.59587 29
      vertex 4.10466 7.78819 29
    endloop
  endfacet
  facet normal 0.147742 -0.691625 -0.706985
    outer loop
      vertex 3.75367 4.64659 38
      vertex 3.20435 7.59587 35
      vertex 4.80832 4.87188 38
    endloop
  endfacet
  facet normal 0.147742 -0.691625 -0.706984
    outer loop
      vertex 4.80832 4.87188 38
      vertex 3.20435 7.59587 35
      vertex 4.10466 7.78819 35
    endloop
  endfacet
  facet normal -0.208903 0.977936 0
    outer loop
      vertex 4.80832 4.87188 26
      vertex 3.75367 4.64659 38
      vertex 4.80832 4.87188 38
    endloop
  endfacet
  facet normal -0.208903 0.977936 0
    outer loop
      vertex 3.75367 4.64659 38
      vertex 4.80832 4.87188 26
      vertex 3.75367 4.64659 26
    endloop
  endfacet
  facet normal 0.183909 -0.682899 0.706984
    outer loop
      vertex 4.99361 8.02759 29
      vertex 4.10466 7.78819 29
      vertex 4.80832 4.87188 26
    endloop
  endfacet
  facet normal 0.183905 -0.682899 0.706985
    outer loop
      vertex 4.99361 8.02759 29
      vertex 4.80832 4.87188 26
      vertex 5.84965 5.15231 26
    endloop
  endfacet
  facet normal 0.260042 -0.965597 0
    outer loop
      vertex 4.10466 7.78819 29
      vertex 4.99361 8.02759 35
      vertex 4.10466 7.78819 35
    endloop
  endfacet
  facet normal 0.260042 -0.965597 0
    outer loop
      vertex 4.99361 8.02759 35
      vertex 4.10466 7.78819 29
      vertex 4.99361 8.02759 29
    endloop
  endfacet
  facet normal 0.183905 -0.6829 -0.706985
    outer loop
      vertex 4.80832 4.87188 38
      vertex 4.10466 7.78819 35
      vertex 5.84965 5.15231 38
    endloop
  endfacet
  facet normal 0.183909 -0.682898 -0.706985
    outer loop
      vertex 5.84965 5.15231 38
      vertex 4.10466 7.78819 35
      vertex 4.99361 8.02759 35
    endloop
  endfacet
  facet normal -0.260036 0.965599 0
    outer loop
      vertex 5.84965 5.15231 26
      vertex 4.80832 4.87188 38
      vertex 5.84965 5.15231 38
    endloop
  endfacet
  facet normal -0.260036 0.965599 0
    outer loop
      vertex 4.80832 4.87188 38
      vertex 5.84965 5.15231 26
      vertex 4.80832 4.87188 26
    endloop
  endfacet
  facet normal 0.219564 -0.672282 0.706985
    outer loop
      vertex 5.86873 8.3134 29
      vertex 4.99361 8.02759 29
      vertex 5.84965 5.15231 26
    endloop
  endfacet
  facet normal 0.219571 -0.672281 0.706984
    outer loop
      vertex 5.86873 8.3134 29
      vertex 5.84965 5.15231 26
      vertex 6.8748 5.48713 26
    endloop
  endfacet
  facet normal 0.310457 -0.950587 0
    outer loop
      vertex 4.99361 8.02759 29
      vertex 5.86873 8.3134 35
      vertex 4.99361 8.02759 35
    endloop
  endfacet
  facet normal 0.310457 -0.950587 0
    outer loop
      vertex 5.86873 8.3134 35
      vertex 4.99361 8.02759 29
      vertex 5.86873 8.3134 29
    endloop
  endfacet
  facet normal 0.219571 -0.67228 -0.706985
    outer loop
      vertex 5.84965 5.15231 38
      vertex 4.99361 8.02759 35
      vertex 6.8748 5.48713 38
    endloop
  endfacet
  facet normal 0.219565 -0.672283 -0.706984
    outer loop
      vertex 6.8748 5.48713 38
      vertex 4.99361 8.02759 35
      vertex 5.86873 8.3134 35
    endloop
  endfacet
  facet normal -0.310466 0.950584 0
    outer loop
      vertex 6.8748 5.48713 26
      vertex 5.84965 5.15231 38
      vertex 6.8748 5.48713 38
    endloop
  endfacet
  facet normal -0.310466 0.950584 0
    outer loop
      vertex 5.84965 5.15231 38
      vertex 6.8748 5.48713 26
      vertex 5.84965 5.15231 26
    endloop
  endfacet
  facet normal 0.254615 -0.659807 0.706984
    outer loop
      vertex 6.72762 8.64484 29
      vertex 5.86873 8.3134 29
      vertex 6.8748 5.48713 26
    endloop
  endfacet
  facet normal 0.254616 -0.659806 0.706984
    outer loop
      vertex 7.88093 5.87539 26
      vertex 6.72762 8.64484 29
      vertex 6.8748 5.48713 26
    endloop
  endfacet
  facet normal 0.360018 -0.932946 0
    outer loop
      vertex 5.86873 8.3134 29
      vertex 6.72762 8.64484 35
      vertex 5.86873 8.3134 35
    endloop
  endfacet
  facet normal 0.360018 -0.932946 0
    outer loop
      vertex 6.72762 8.64484 35
      vertex 5.86873 8.3134 29
      vertex 6.72762 8.64484 29
    endloop
  endfacet
  facet normal 0.254616 -0.659806 -0.706984
    outer loop
      vertex 6.8748 5.48713 38
      vertex 5.86873 8.3134 35
      vertex 7.88093 5.87539 38
    endloop
  endfacet
  facet normal 0.254615 -0.659807 -0.706984
    outer loop
      vertex 7.88093 5.87539 38
      vertex 5.86873 8.3134 35
      vertex 6.72762 8.64484 35
    endloop
  endfacet
  facet normal -0.360018 0.932945 0
    outer loop
      vertex 7.88093 5.87539 26
      vertex 6.8748 5.48713 38
      vertex 7.88093 5.87539 38
    endloop
  endfacet
  facet normal -0.360018 0.932945 0
    outer loop
      vertex 6.8748 5.48713 38
      vertex 7.88093 5.87539 26
      vertex 6.8748 5.48713 26
    endloop
  endfacet
  facet normal 0.288962 -0.645503 0.706984
    outer loop
      vertex 7.56789 9.02099 29
      vertex 6.72762 8.64484 29
      vertex 7.88093 5.87539 26
    endloop
  endfacet
  facet normal 0.288962 -0.645503 0.706984
    outer loop
      vertex 8.86524 6.31602 26
      vertex 7.56789 9.02099 29
      vertex 7.88093 5.87539 26
    endloop
  endfacet
  facet normal 0.408583 -0.912721 0
    outer loop
      vertex 6.72762 8.64484 29
      vertex 7.56789 9.02099 35
      vertex 6.72762 8.64484 35
    endloop
  endfacet
  facet normal 0.408583 -0.912721 0
    outer loop
      vertex 7.56789 9.02099 35
      vertex 6.72762 8.64484 29
      vertex 7.56789 9.02099 29
    endloop
  endfacet
  facet normal 0.288962 -0.645503 -0.706984
    outer loop
      vertex 7.88093 5.87539 38
      vertex 6.72762 8.64484 35
      vertex 8.86524 6.31602 38
    endloop
  endfacet
  facet normal 0.288962 -0.645503 -0.706984
    outer loop
      vertex 8.86524 6.31602 38
      vertex 6.72762 8.64484 35
      vertex 7.56789 9.02099 35
    endloop
  endfacet
  facet normal -0.408583 0.912721 0
    outer loop
      vertex 8.86524 6.31602 26
      vertex 7.88093 5.87539 38
      vertex 8.86524 6.31602 38
    endloop
  endfacet
  facet normal -0.408583 0.912721 0
    outer loop
      vertex 7.88093 5.87539 38
      vertex 8.86524 6.31602 26
      vertex 7.88093 5.87539 26
    endloop
  endfacet
  facet normal 0.322511 -0.629413 0.706984
    outer loop
      vertex 8.38721 9.44081 29
      vertex 7.56789 9.02099 29
      vertex 8.86524 6.31602 26
    endloop
  endfacet
  facet normal 0.32251 -0.629413 0.706984
    outer loop
      vertex 9.82502 6.80781 26
      vertex 8.38721 9.44081 29
      vertex 8.86524 6.31602 26
    endloop
  endfacet
  facet normal 0.456021 -0.889969 0
    outer loop
      vertex 7.56789 9.02099 29
      vertex 8.38721 9.44081 35
      vertex 7.56789 9.02099 35
    endloop
  endfacet
  facet normal 0.456021 -0.889969 0
    outer loop
      vertex 8.38721 9.44081 35
      vertex 7.56789 9.02099 29
      vertex 8.38721 9.44081 29
    endloop
  endfacet
  facet normal 0.32251 -0.629413 -0.706984
    outer loop
      vertex 8.86524 6.31602 38
      vertex 7.56789 9.02099 35
      vertex 9.82502 6.80781 38
    endloop
  endfacet
  facet normal 0.322511 -0.629412 -0.706984
    outer loop
      vertex 9.82502 6.80781 38
      vertex 7.56789 9.02099 35
      vertex 8.38721 9.44081 35
    endloop
  endfacet
  facet normal -0.456019 0.88997 0
    outer loop
      vertex 9.82502 6.80781 26
      vertex 8.86524 6.31602 38
      vertex 9.82502 6.80781 38
    endloop
  endfacet
  facet normal -0.456019 0.88997 0
    outer loop
      vertex 8.86524 6.31602 38
      vertex 9.82502 6.80781 26
      vertex 8.86524 6.31602 26
    endloop
  endfacet
  facet normal 0.355161 -0.611583 0.706984
    outer loop
      vertex 9.18332 9.90313 29
      vertex 8.38721 9.44081 29
      vertex 9.82502 6.80781 26
    endloop
  endfacet
  facet normal 0.355166 -0.611581 0.706983
    outer loop
      vertex 10.7576 7.34939 26
      vertex 9.18332 9.90313 29
      vertex 9.82502 6.80781 26
    endloop
  endfacet
  facet normal 0.502186 -0.864759 0
    outer loop
      vertex 8.38721 9.44081 29
      vertex 9.18332 9.90313 35
      vertex 8.38721 9.44081 35
    endloop
  endfacet
  facet normal 0.502186 -0.864759 0
    outer loop
      vertex 9.18332 9.90313 35
      vertex 8.38721 9.44081 29
      vertex 9.18332 9.90313 29
    endloop
  endfacet
  facet normal 0.355165 -0.611581 -0.706984
    outer loop
      vertex 9.82502 6.80781 38
      vertex 8.38721 9.44081 35
      vertex 10.7576 7.34939 38
    endloop
  endfacet
  facet normal 0.355161 -0.611584 -0.706983
    outer loop
      vertex 10.7576 7.34939 38
      vertex 8.38721 9.44081 35
      vertex 9.18332 9.90313 35
    endloop
  endfacet
  facet normal -0.502192 0.864756 0
    outer loop
      vertex 10.7576 7.34939 26
      vertex 9.82502 6.80781 38
      vertex 10.7576 7.34939 38
    endloop
  endfacet
  facet normal -0.502192 0.864756 0
    outer loop
      vertex 9.82502 6.80781 38
      vertex 10.7576 7.34939 26
      vertex 9.82502 6.80781 26
    endloop
  endfacet
  facet normal 0.386843 -0.592053 0.706983
    outer loop
      vertex 9.95402 10.4067 29
      vertex 9.18332 9.90313 29
      vertex 10.7576 7.34939 26
    endloop
  endfacet
  facet normal 0.386866 -0.592054 0.70697
    outer loop
      vertex 11.1467 8.68203 26.9031
      vertex 10.7576 7.34939 26
      vertex 11.1467 7.60364 26
    endloop
  endfacet
  facet normal 0.386839 -0.592055 0.706984
    outer loop
      vertex 10.7576 7.34939 26
      vertex 11.1467 8.68203 26.9031
      vertex 9.95402 10.4067 29
    endloop
  endfacet
  facet normal 0.546984 -0.837143 0
    outer loop
      vertex 9.18332 9.90313 29
      vertex 9.95402 10.4067 35
      vertex 9.18332 9.90313 35
    endloop
  endfacet
  facet normal 0.546984 -0.837143 0
    outer loop
      vertex 9.95402 10.4067 35
      vertex 9.18332 9.90313 29
      vertex 9.95402 10.4067 29
    endloop
  endfacet
  facet normal 0.386861 -0.592045 -0.70698
    outer loop
      vertex 10.7576 7.34939 38
      vertex 11.1467 8.34651 37.3779
      vertex 11.1467 7.60364 38
    endloop
  endfacet
  facet normal 0.386856 -0.592045 -0.706983
    outer loop
      vertex 11.1467 8.34651 37.3779
      vertex 10.7576 7.34939 38
      vertex 9.18332 9.90313 35
    endloop
  endfacet
  facet normal 0.386804 -0.592093 -0.706971
    outer loop
      vertex 9.18332 9.90313 35
      vertex 11.1467 8.68203 37.0969
      vertex 11.1467 8.34651 37.3779
    endloop
  endfacet
  facet normal 0.386843 -0.592052 -0.706984
    outer loop
      vertex 11.1467 8.68203 37.0969
      vertex 9.18332 9.90313 35
      vertex 9.95402 10.4067 35
    endloop
  endfacet
  facet normal -0.547006 0.837129 0
    outer loop
      vertex 11.1467 7.60364 26
      vertex 10.7576 7.34939 38
      vertex 11.1467 7.60364 38
    endloop
  endfacet
  facet normal -0.547006 0.837129 0
    outer loop
      vertex 10.7576 7.34939 38
      vertex 11.1467 7.60364 26
      vertex 10.7576 7.34939 26
    endloop
  endfacet
  facet normal 0.41743 -0.570897 0.706986
    outer loop
      vertex 9.95402 10.4067 29
      vertex 11.3395 8.94249 26.9996
      vertex 10.6972 10.9501 29
    endloop
  endfacet
  facet normal 0.417485 -0.570852 0.70699
    outer loop
      vertex 11.3395 8.94249 26.9996
      vertex 9.95402 10.4067 29
      vertex 11.1467 8.8083 27.0051
    endloop
  endfacet
  facet normal 0.417148 -0.5711 0.706988
    outer loop
      vertex 11.1467 8.8083 27.0051
      vertex 9.95402 10.4067 29
      vertex 11.1467 8.68203 26.9031
    endloop
  endfacet
  facet normal 0.417496 -0.57085 0.706985
    outer loop
      vertex 10.6972 10.9501 29
      vertex 11.5617 9.09723 26.9934
      vertex 11.9156 9.37253 27.0067
    endloop
  endfacet
  facet normal 0.417334 -0.570946 0.707003
    outer loop
      vertex 11.5617 9.09723 26.9934
      vertex 10.6972 10.9501 29
      vertex 11.3395 8.94249 26.9996
    endloop
  endfacet
  facet normal 0.590234 -0.807232 0
    outer loop
      vertex 9.95402 10.4067 29
      vertex 10.6972 10.9501 35
      vertex 9.95402 10.4067 35
    endloop
  endfacet
  facet normal 0.590234 -0.807232 0
    outer loop
      vertex 10.6972 10.9501 35
      vertex 9.95402 10.4067 29
      vertex 10.6972 10.9501 29
    endloop
  endfacet
  facet normal 0.417148 -0.5711 -0.706988
    outer loop
      vertex 11.1467 8.68203 37.0969
      vertex 9.95402 10.4067 35
      vertex 11.1467 8.8083 36.9949
    endloop
  endfacet
  facet normal 0.417408 -0.570908 -0.70699
    outer loop
      vertex 9.95402 10.4067 35
      vertex 11.5617 9.09723 37.0066
      vertex 11.1467 8.8083 36.9949
    endloop
  endfacet
  facet normal 0.417437 -0.570881 -0.706995
    outer loop
      vertex 11.5617 9.09723 37.0066
      vertex 9.95402 10.4067 35
      vertex 11.6741 9.18462 37.0024
    endloop
  endfacet
  facet normal 0.417521 -0.570831 -0.706985
    outer loop
      vertex 11.6741 9.18462 37.0024
      vertex 10.6972 10.9501 35
      vertex 11.9156 9.37253 36.9933
    endloop
  endfacet
  facet normal 0.417426 -0.570892 -0.706992
    outer loop
      vertex 10.6972 10.9501 35
      vertex 11.6741 9.18462 37.0024
      vertex 9.95402 10.4067 35
    endloop
  endfacet
  facet normal 0.446885 -0.548139 0.706991
    outer loop
      vertex 10.6972 10.9501 29
      vertex 12.1577 9.56082 26.9997
      vertex 11.4107 11.5318 29
    endloop
  endfacet
  facet normal 0.446806 -0.548212 0.706985
    outer loop
      vertex 12.1577 9.56082 26.9997
      vertex 10.6972 10.9501 29
      vertex 11.9156 9.37253 27.0067
    endloop
  endfacet
  facet normal 0.446968 -0.548079 0.706986
    outer loop
      vertex 11.4107 11.5318 29
      vertex 12.3757 9.73039 26.9934
      vertex 12.7104 10.0205 27.0067
    endloop
  endfacet
  facet normal 0.446825 -0.548174 0.707003
    outer loop
      vertex 12.3757 9.73039 26.9934
      vertex 11.4107 11.5318 29
      vertex 12.1577 9.56082 26.9997
    endloop
  endfacet
  facet normal 0.631888 -0.77506 0
    outer loop
      vertex 10.6972 10.9501 29
      vertex 11.4107 11.5318 35
      vertex 10.6972 10.9501 35
    endloop
  endfacet
  facet normal 0.631888 -0.77506 0
    outer loop
      vertex 11.4107 11.5318 35
      vertex 10.6972 10.9501 29
      vertex 11.4107 11.5318 29
    endloop
  endfacet
  facet normal 0.446821 -0.548201 -0.706984
    outer loop
      vertex 10.6972 10.9501 35
      vertex 12.3757 9.73039 37.0066
      vertex 11.9156 9.37253 36.9933
    endloop
  endfacet
  facet normal 0.446994 -0.548017 -0.707017
    outer loop
      vertex 12.3757 9.73039 37.0066
      vertex 10.6972 10.9501 35
      vertex 12.4792 9.8201 37.0025
    endloop
  endfacet
  facet normal 0.446947 -0.548096 -0.706986
    outer loop
      vertex 12.4792 9.8201 37.0025
      vertex 11.4107 11.5318 35
      vertex 12.7104 10.0205 36.9933
    endloop
  endfacet
  facet normal 0.446886 -0.54814 -0.706991
    outer loop
      vertex 11.4107 11.5318 35
      vertex 12.4792 9.8201 37.0025
      vertex 10.6972 10.9501 35
    endloop
  endfacet
  facet normal 0.475054 -0.523911 0.706994
    outer loop
      vertex 11.4107 11.5318 29
      vertex 12.9422 10.2213 26.9998
      vertex 12.0927 12.1502 29
    endloop
  endfacet
  facet normal 0.474967 -0.524 0.706987
    outer loop
      vertex 12.9422 10.2213 26.9998
      vertex 11.4107 11.5318 29
      vertex 12.7104 10.0205 27.0067
    endloop
  endfacet
  facet normal 0.475 -0.523964 0.706991
    outer loop
      vertex 12.0927 12.1502 29
      vertex 13.155 10.4057 26.9934
      vertex 13.4701 10.7093 27.0067
    endloop
  endfacet
  facet normal 0.475182 -0.523829 0.706969
    outer loop
      vertex 13.155 10.4057 26.9934
      vertex 12.0927 12.1502 29
      vertex 12.9422 10.2213 26.9998
    endloop
  endfacet
  facet normal 0.671721 -0.740805 0
    outer loop
      vertex 11.4107 11.5318 29
      vertex 12.0927 12.1502 35
      vertex 11.4107 11.5318 35
    endloop
  endfacet
  facet normal 0.671721 -0.740805 0
    outer loop
      vertex 12.0927 12.1502 35
      vertex 11.4107 11.5318 29
      vertex 12.0927 12.1502 29
    endloop
  endfacet
  facet normal 0.475066 -0.523913 -0.706985
    outer loop
      vertex 11.4107 11.5318 35
      vertex 13.155 10.4057 37.0066
      vertex 12.7104 10.0205 36.9933
    endloop
  endfacet
  facet normal 0.474914 -0.524093 -0.706954
    outer loop
      vertex 13.155 10.4057 37.0066
      vertex 11.4107 11.5318 35
      vertex 13.2498 10.497 37.0026
    endloop
  endfacet
  facet normal 0.475048 -0.52392 -0.706992
    outer loop
      vertex 13.2498 10.497 37.0026
      vertex 12.0927 12.1502 35
      vertex 13.4701 10.7093 36.9933
    endloop
  endfacet
  facet normal 0.475056 -0.523913 -0.706991
    outer loop
      vertex 12.0927 12.1502 35
      vertex 13.2498 10.497 37.0026
      vertex 11.4107 11.5318 35
    endloop
  endfacet
  facet normal 0.502006 -0.498165 0.706981
    outer loop
      vertex 12.0927 12.1502 29
      vertex 13.691 10.9222 26.9998
      vertex 12.7412 12.8037 29
    endloop
  endfacet
  facet normal 0.502102 -0.498055 0.70699
    outer loop
      vertex 13.691 10.9222 26.9998
      vertex 12.0927 12.1502 29
      vertex 13.4701 10.7093 27.0067
    endloop
  endfacet
  facet normal 0.501998 -0.49817 0.706983
    outer loop
      vertex 12.7412 12.8037 29
      vertex 13.8975 11.1212 26.9934
      vertex 14.1925 11.4372 27.0066
    endloop
  endfacet
  facet normal 0.501993 -0.498175 0.706983
    outer loop
      vertex 13.8975 11.1212 26.9934
      vertex 12.7412 12.8037 29
      vertex 13.691 10.9222 26.9998
    endloop
  endfacet
  facet normal 0.709817 -0.704386 0
    outer loop
      vertex 12.0927 12.1502 35
      vertex 12.7412 12.8037 29
      vertex 12.7412 12.8037 35
    endloop
  endfacet
  facet normal 0.709817 -0.704386 0
    outer loop
      vertex 12.7412 12.8037 29
      vertex 12.0927 12.1502 35
      vertex 12.0927 12.1502 29
    endloop
  endfacet
  facet normal 0.502046 -0.49811 -0.706991
    outer loop
      vertex 12.0927 12.1502 35
      vertex 13.8975 11.1212 37.0066
      vertex 13.4701 10.7093 36.9933
    endloop
  endfacet
  facet normal 0.502007 -0.498162 -0.706982
    outer loop
      vertex 13.8975 11.1212 37.0066
      vertex 12.0927 12.1502 35
      vertex 13.9837 11.2136 37.0027
    endloop
  endfacet
  facet normal 0.501995 -0.498173 -0.706983
    outer loop
      vertex 13.9837 11.2136 37.0027
      vertex 12.7412 12.8037 35
      vertex 14.1925 11.4372 36.9934
    endloop
  endfacet
  facet normal 0.502005 -0.498164 -0.706982
    outer loop
      vertex 12.7412 12.8037 35
      vertex 13.9837 11.2136 37.0027
      vertex 12.0927 12.1502 35
    endloop
  endfacet
  facet normal 0.527479 -0.47109 0.706994
    outer loop
      vertex 12.7412 12.8037 29
      vertex 14.4018 11.6614 26.9999
      vertex 13.3544 13.4903 29
    endloop
  endfacet
  facet normal 0.527386 -0.471209 0.706984
    outer loop
      vertex 14.4018 11.6614 26.9999
      vertex 12.7412 12.8037 29
      vertex 14.1925 11.4372 27.0066
    endloop
  endfacet
  facet normal 0.527442 -0.471138 0.706989
    outer loop
      vertex 13.3544 13.4903 29
      vertex 14.6012 11.875 26.9934
      vertex 14.8756 12.202 27.0066
    endloop
  endfacet
  facet normal 0.527589 -0.471002 0.70697
    outer loop
      vertex 14.6012 11.875 26.9934
      vertex 13.3544 13.4903 29
      vertex 14.4018 11.6614 26.9999
    endloop
  endfacet
  facet normal 0.745849 -0.666115 0
    outer loop
      vertex 12.7412 12.8037 35
      vertex 13.3544 13.4903 29
      vertex 13.3544 13.4903 35
    endloop
  endfacet
  facet normal 0.745849 -0.666115 0
    outer loop
      vertex 13.3544 13.4903 29
      vertex 12.7412 12.8037 35
      vertex 12.7412 12.8037 29
    endloop
  endfacet
  facet normal 0.527482 -0.471104 -0.706982
    outer loop
      vertex 12.7412 12.8037 35
      vertex 14.6012 11.875 37.0066
      vertex 14.1925 11.4372 36.9934
    endloop
  endfacet
  facet normal 0.527235 -0.471469 -0.706923
    outer loop
      vertex 14.6012 11.875 37.0066
      vertex 12.7412 12.8037 35
      vertex 14.679 11.9677 37.0028
    endloop
  endfacet
  facet normal 0.527543 -0.471023 -0.706991
    outer loop
      vertex 14.679 11.9677 37.0028
      vertex 13.3544 13.4903 35
      vertex 14.8756 12.202 36.9934
    endloop
  endfacet
  facet normal 0.527477 -0.471088 -0.706997
    outer loop
      vertex 13.3544 13.4903 35
      vertex 14.679 11.9677 37.0028
      vertex 12.7412 12.8037 35
    endloop
  endfacet
  facet normal 0.55151 -0.442729 0.706985
    outer loop
      vertex 13.3544 13.4903 29
      vertex 15.0728 12.437 26.9999
      vertex 13.9307 14.2082 29
    endloop
  endfacet
  facet normal 0.551548 -0.442674 0.706989
    outer loop
      vertex 15.0728 12.437 26.9999
      vertex 13.3544 13.4903 29
      vertex 14.8756 12.202 27.0066
    endloop
  endfacet
  facet normal 0.55159 -0.442633 0.706983
    outer loop
      vertex 13.9307 14.2082 29
      vertex 15.2641 12.665 26.9935
      vertex 15.5175 13.0017 27.0066
    endloop
  endfacet
  facet normal 0.551417 -0.442812 0.707006
    outer loop
      vertex 15.2641 12.665 26.9935
      vertex 13.9307 14.2082 29
      vertex 15.0728 12.437 26.9999
    endloop
  endfacet
  facet normal 0.779819 -0.626006 0
    outer loop
      vertex 13.3544 13.4903 35
      vertex 13.9307 14.2082 29
      vertex 13.9307 14.2082 35
    endloop
  endfacet
  facet normal 0.779819 -0.626006 0
    outer loop
      vertex 13.9307 14.2082 29
      vertex 13.3544 13.4903 35
      vertex 13.3544 13.4903 29
    endloop
  endfacet
  facet normal 0.551489 -0.442747 -0.706991
    outer loop
      vertex 13.3544 13.4903 35
      vertex 15.2641 12.665 37.0065
      vertex 14.8756 12.202 36.9934
    endloop
  endfacet
  facet normal 0.55165 -0.442478 -0.707033
    outer loop
      vertex 15.2641 12.665 37.0065
      vertex 13.3544 13.4903 35
      vertex 15.3336 12.7574 37.0029
    endloop
  endfacet
  facet normal 0.551553 -0.442681 -0.706982
    outer loop
      vertex 15.3336 12.7574 37.0029
      vertex 13.9307 14.2082 35
      vertex 15.5175 13.0017 36.9934
    endloop
  endfacet
  facet normal 0.551509 -0.442728 -0.706986
    outer loop
      vertex 13.9307 14.2082 35
      vertex 15.3336 12.7574 37.0029
      vertex 13.3544 13.4903 35
    endloop
  endfacet
  facet normal 0.574071 -0.413058 0.706983
    outer loop
      vertex 13.9307 14.2082 29
      vertex 15.702 13.2468 27
      vertex 14.4684 14.9555 29
    endloop
  endfacet
  facet normal 0.574055 -0.413084 0.706981
    outer loop
      vertex 15.702 13.2468 27
      vertex 13.9307 14.2082 29
      vertex 15.5175 13.0017 27.0066
    endloop
  endfacet
  facet normal 0.574023 -0.413114 0.70699
    outer loop
      vertex 14.4684 14.9555 29
      vertex 15.8842 13.4889 26.9935
      vertex 16.1165 13.8341 27.0066
    endloop
  endfacet
  facet normal 0.574073 -0.413056 0.706983
    outer loop
      vertex 15.8842 13.4889 26.9935
      vertex 14.4684 14.9555 29
      vertex 15.702 13.2468 27
    endloop
  endfacet
  facet normal 0.811718 -0.58405 0
    outer loop
      vertex 13.9307 14.2082 35
      vertex 14.4684 14.9555 29
      vertex 14.4684 14.9555 35
    endloop
  endfacet
  facet normal 0.811718 -0.58405 0
    outer loop
      vertex 14.4684 14.9555 29
      vertex 13.9307 14.2082 35
      vertex 13.9307 14.2082 29
    endloop
  endfacet
  facet normal 0.574065 -0.413071 -0.706981
    outer loop
      vertex 13.9307 14.2082 35
      vertex 15.8842 13.4889 37.0065
      vertex 15.5175 13.0017 36.9934
    endloop
  endfacet
  facet normal 0.573892 -0.413399 -0.70693
    outer loop
      vertex 15.8842 13.4889 37.0065
      vertex 13.9307 14.2082 35
      vertex 15.9458 13.5804 37.003
    endloop
  endfacet
  facet normal 0.574087 -0.413022 -0.706991
    outer loop
      vertex 15.9458 13.5804 37.003
      vertex 14.4684 14.9555 35
      vertex 16.1165 13.8341 36.9934
    endloop
  endfacet
  facet normal 0.574063 -0.413052 -0.706994
    outer loop
      vertex 14.4684 14.9555 35
      vertex 15.9458 13.5804 37.003
      vertex 13.9307 14.2082 35
    endloop
  endfacet
  facet normal 0.594964 -0.382329 0.706995
    outer loop
      vertex 14.4684 14.9555 29
      vertex 16.2878 14.0886 27.0001
      vertex 14.9661 15.73 29
    endloop
  endfacet
  facet normal 0.594934 -0.382384 0.706991
    outer loop
      vertex 16.2878 14.0886 27.0001
      vertex 14.4684 14.9555 29
      vertex 16.1165 13.8341 27.0066
    endloop
  endfacet
  facet normal 0.595064 -0.382207 0.706978
    outer loop
      vertex 14.9661 15.73 29
      vertex 16.46 14.3444 26.9935
      vertex 16.6709 14.6968 27.0065
    endloop
  endfacet
  facet normal 0.594993 -0.382297 0.706988
    outer loop
      vertex 16.46 14.3444 26.9935
      vertex 14.9661 15.73 29
      vertex 16.2878 14.0886 27.0001
    endloop
  endfacet
  facet normal 0.841274 -0.540609 0
    outer loop
      vertex 14.4684 14.9555 35
      vertex 14.9661 15.73 29
      vertex 14.9661 15.73 35
    endloop
  endfacet
  facet normal 0.841274 -0.540609 0
    outer loop
      vertex 14.9661 15.73 29
      vertex 14.4684 14.9555 35
      vertex 14.4684 14.9555 29
    endloop
  endfacet
  facet normal 0.594963 -0.38234 -0.70699
    outer loop
      vertex 14.4684 14.9555 35
      vertex 16.46 14.3444 37.0065
      vertex 16.1165 13.8341 36.9934
    endloop
  endfacet
  facet normal 0.594999 -0.382262 -0.707002
    outer loop
      vertex 16.46 14.3444 37.0065
      vertex 14.4684 14.9555 35
      vertex 16.5139 14.4344 37.0032
    endloop
  endfacet
  facet normal 0.595078 -0.382183 -0.706978
    outer loop
      vertex 16.5139 14.4344 37.0032
      vertex 14.9661 15.73 35
      vertex 16.6709 14.6968 36.9935
    endloop
  endfacet
  facet normal 0.594969 -0.382332 -0.70699
    outer loop
      vertex 14.9661 15.73 35
      vertex 16.5139 14.4344 37.0032
      vertex 14.4684 14.9555 35
    endloop
  endfacet
  facet normal 0.614253 -0.35053 0.706981
    outer loop
      vertex 14.9661 15.73 29
      vertex 16.8285 14.96 27.0001
      vertex 15.4224 16.5296 29
    endloop
  endfacet
  facet normal 0.614221 -0.350595 0.706977
    outer loop
      vertex 16.8285 14.96 27.0001
      vertex 14.9661 15.73 29
      vertex 16.6709 14.6968 27.0065
    endloop
  endfacet
  facet normal 0.61426 -0.350524 0.706978
    outer loop
      vertex 15.4224 16.5296 29
      vertex 16.9897 15.2292 26.9935
      vertex 17.1792 15.5875 27.0065
    endloop
  endfacet
  facet normal 0.614275 -0.350502 0.706975
    outer loop
      vertex 16.9897 15.2292 26.9935
      vertex 15.4224 16.5296 29
      vertex 16.8285 14.96 27.0001
    endloop
  endfacet
  facet normal 0.86853 -0.495636 0
    outer loop
      vertex 14.9661 15.73 35
      vertex 15.4224 16.5296 29
      vertex 15.4224 16.5296 35
    endloop
  endfacet
  facet normal 0.86853 -0.495636 0
    outer loop
      vertex 15.4224 16.5296 29
      vertex 14.9661 15.73 35
      vertex 14.9661 15.73 29
    endloop
  endfacet
  facet normal 0.614248 -0.350548 -0.706976
    outer loop
      vertex 14.9661 15.73 35
      vertex 16.9897 15.2292 37.0065
      vertex 16.6709 14.6968 36.9935
    endloop
  endfacet
  facet normal 0.614335 -0.35033 -0.707009
    outer loop
      vertex 16.9897 15.2292 37.0065
      vertex 14.9661 15.73 35
      vertex 17.0362 15.3172 37.0033
    endloop
  endfacet
  facet normal 0.614227 -0.350584 -0.706977
    outer loop
      vertex 17.0362 15.3172 37.0033
      vertex 15.4224 16.5296 35
      vertex 17.1792 15.5875 36.9935
    endloop
  endfacet
  facet normal 0.61426 -0.350534 -0.706973
    outer loop
      vertex 15.4224 16.5296 35
      vertex 17.0362 15.3172 37.0033
      vertex 14.9661 15.73 35
    endloop
  endfacet
  facet normal 0.631836 -0.317723 0.70699
    outer loop
      vertex 15.4224 16.5296 29
      vertex 17.3227 15.8587 27.0002
      vertex 15.836 17.3521 29
    endloop
  endfacet
  facet normal 0.631775 -0.317868 0.70698
    outer loop
      vertex 17.3227 15.8587 27.0002
      vertex 15.4224 16.5296 29
      vertex 17.1792 15.5875 27.0065
    endloop
  endfacet
  facet normal 0.631879 -0.317651 0.706984
    outer loop
      vertex 15.836 17.3521 29
      vertex 17.4719 16.1407 26.9936
      vertex 17.6399 16.5036 27.0065
    endloop
  endfacet
  facet normal 0.631825 -0.317738 0.706993
    outer loop
      vertex 17.4719 16.1407 26.9936
      vertex 15.836 17.3521 29
      vertex 17.3227 15.8587 27.0002
    endloop
  endfacet
  facet normal 0.893404 -0.449254 0
    outer loop
      vertex 15.4224 16.5296 35
      vertex 15.836 17.3521 29
      vertex 15.836 17.3521 35
    endloop
  endfacet
  facet normal 0.893404 -0.449254 0
    outer loop
      vertex 15.836 17.3521 29
      vertex 15.4224 16.5296 35
      vertex 15.4224 16.5296 29
    endloop
  endfacet
  facet normal 0.631807 -0.317805 -0.706979
    outer loop
      vertex 15.4224 16.5296 35
      vertex 17.4719 16.1407 37.0064
      vertex 17.1792 15.5875 36.9935
    endloop
  endfacet
  facet normal 0.631915 -0.317484 -0.707027
    outer loop
      vertex 17.4719 16.1407 37.0064
      vertex 15.4224 16.5296 35
      vertex 17.5115 16.2262 37.0034
    endloop
  endfacet
  facet normal 0.631856 -0.317698 -0.706984
    outer loop
      vertex 17.5115 16.2262 37.0034
      vertex 15.836 17.3521 35
      vertex 17.6399 16.5036 36.9935
    endloop
  endfacet
  facet normal 0.63184 -0.317725 -0.706986
    outer loop
      vertex 15.836 17.3521 35
      vertex 17.5115 16.2262 37.0034
      vertex 15.4224 16.5296 35
    endloop
  endfacet
  facet normal 0.647697 -0.284016 0.706982
    outer loop
      vertex 15.836 17.3521 29
      vertex 17.7689 16.7821 27.0002
      vertex 16.2057 18.1952 29
    endloop
  endfacet
  facet normal 0.647696 -0.284017 0.706982
    outer loop
      vertex 17.7689 16.7821 27.0002
      vertex 15.836 17.3521 29
      vertex 17.6399 16.5036 27.0065
    endloop
  endfacet
  facet normal 0.647686 -0.28402 0.70699
    outer loop
      vertex 16.2057 18.1952 29
      vertex 17.9052 17.0764 26.9936
      vertex 18.0519 17.4428 27.0064
    endloop
  endfacet
  facet normal 0.647647 -0.284092 0.706997
    outer loop
      vertex 17.9052 17.0764 26.9936
      vertex 16.2057 18.1952 29
      vertex 17.7689 16.7821 27.0002
    endloop
  endfacet
  facet normal 0.91582 -0.401588 0
    outer loop
      vertex 15.836 17.3521 35
      vertex 16.2057 18.1952 29
      vertex 16.2057 18.1952 35
    endloop
  endfacet
  facet normal 0.91582 -0.401588 0
    outer loop
      vertex 16.2057 18.1952 29
      vertex 15.836 17.3521 35
      vertex 15.836 17.3521 29
    endloop
  endfacet
  facet normal 0.647678 -0.284059 -0.706982
    outer loop
      vertex 15.836 17.3521 35
      vertex 17.9052 17.0764 37.0064
      vertex 17.6399 16.5036 36.9935
    endloop
  endfacet
  facet normal 0.647797 -0.283629 -0.707046
    outer loop
      vertex 17.9052 17.0764 37.0064
      vertex 15.836 17.3521 35
      vertex 17.9382 17.159 37.0035
    endloop
  endfacet
  facet normal 0.64764 -0.284129 -0.706988
    outer loop
      vertex 17.9382 17.159 37.0035
      vertex 16.2057 18.1952 35
      vertex 18.0519 17.4428 36.9936
    endloop
  endfacet
  facet normal 0.647699 -0.284016 -0.70698
    outer loop
      vertex 16.2057 18.1952 35
      vertex 17.9382 17.159 37.0035
      vertex 15.836 17.3521 35
    endloop
  endfacet
  facet normal 0.661681 -0.249676 0.706994
    outer loop
      vertex 16.2057 18.1952 29
      vertex 18.1659 17.7276 27.0003
      vertex 16.5307 19.0565 29
    endloop
  endfacet
  facet normal 0.66167 -0.249711 0.706991
    outer loop
      vertex 18.1659 17.7276 27.0003
      vertex 16.2057 18.1952 29
      vertex 18.0519 17.4428 27.0064
    endloop
  endfacet
  facet normal 0.661722 -0.249628 0.706972
    outer loop
      vertex 16.5307 19.0565 29
      vertex 18.2885 18.0338 26.9936
      vertex 18.4138 18.4022 27.0064
    endloop
  endfacet
  facet normal 0.661782 -0.249503 0.706961
    outer loop
      vertex 18.2885 18.0338 26.9936
      vertex 16.5307 19.0565 29
      vertex 18.1659 17.7276 27.0003
    endloop
  endfacet
  facet normal 0.935608 -0.353039 0
    outer loop
      vertex 16.2057 18.1952 35
      vertex 16.5307 19.0565 29
      vertex 16.5307 19.0565 35
    endloop
  endfacet
  facet normal 0.935608 -0.353039 0
    outer loop
      vertex 16.5307 19.0565 29
      vertex 16.2057 18.1952 35
      vertex 16.2057 18.1952 29
    endloop
  endfacet
  facet normal 0.661715 -0.249598 -0.70699
    outer loop
      vertex 16.2057 18.1952 35
      vertex 18.2885 18.0338 37.0064
      vertex 18.0519 17.4428 36.9936
    endloop
  endfacet
  facet normal 0.661621 -0.250025 -0.706927
    outer loop
      vertex 18.2885 18.0338 37.0064
      vertex 16.2057 18.1952 35
      vertex 18.3154 18.1129 37.0036
    endloop
  endfacet
  facet normal 0.66176 -0.249523 -0.706974
    outer loop
      vertex 18.3154 18.1129 37.0036
      vertex 16.5307 19.0565 35
      vertex 18.4138 18.4022 36.9936
    endloop
  endfacet
  facet normal 0.661689 -0.24968 -0.706985
    outer loop
      vertex 16.5307 19.0565 35
      vertex 18.3154 18.1129 37.0036
      vertex 16.2057 18.1952 35
    endloop
  endfacet
  facet normal 0.67395 -0.214407 0.70698
    outer loop
      vertex 16.5307 19.0565 29
      vertex 18.5127 18.6928 27.0003
      vertex 16.8098 19.9338 29
    endloop
  endfacet
  facet normal 0.673923 -0.214516 0.706973
    outer loop
      vertex 18.5127 18.6928 27.0003
      vertex 16.5307 19.0565 29
      vertex 18.4138 18.4022 27.0064
    endloop
  endfacet
  facet normal 0.673921 -0.214463 0.706991
    outer loop
      vertex 16.8098 19.9338 29
      vertex 18.6206 19.0101 26.9937
      vertex 18.7248 19.3794 27.0064
    endloop
  endfacet
  facet normal 0.67392 -0.214465 0.706991
    outer loop
      vertex 18.6206 19.0101 26.9937
      vertex 16.8098 19.9338 29
      vertex 18.5127 18.6928 27.0003
    endloop
  endfacet
  facet normal 0.952939 -0.303163 0
    outer loop
      vertex 16.5307 19.0565 35
      vertex 16.8098 19.9338 29
      vertex 16.8098 19.9338 35
    endloop
  endfacet
  facet normal 0.952939 -0.303163 0
    outer loop
      vertex 16.8098 19.9338 29
      vertex 16.5307 19.0565 35
      vertex 16.5307 19.0565 29
    endloop
  endfacet
  facet normal 0.67393 -0.214493 -0.706973
    outer loop
      vertex 16.5307 19.0565 35
      vertex 18.6206 19.0101 37.0063
      vertex 18.4138 18.4022 36.9936
    endloop
  endfacet
  facet normal 0.67394 -0.214437 -0.706981
    outer loop
      vertex 18.6206 19.0101 37.0063
      vertex 16.5307 19.0565 35
      vertex 18.6418 19.0853 37.0037
    endloop
  endfacet
  facet normal 0.673919 -0.214471 -0.706991
    outer loop
      vertex 18.6418 19.0853 37.0037
      vertex 16.8098 19.9338 35
      vertex 18.7248 19.3794 36.9936
    endloop
  endfacet
  facet normal 0.673944 -0.214405 -0.706986
    outer loop
      vertex 16.8098 19.9338 35
      vertex 18.6418 19.0853 37.0037
      vertex 16.5307 19.0565 35
    endloop
  endfacet
  facet normal 0.684252 -0.178764 0.706996
    outer loop
      vertex 16.8098 19.9338 29
      vertex 18.8082 19.6748 27.0004
      vertex 17.0425 20.8245 29
    endloop
  endfacet
  facet normal 0.684241 -0.178821 0.706992
    outer loop
      vertex 18.8082 19.6748 27.0004
      vertex 16.8098 19.9338 29
      vertex 18.7248 19.3794 27.0064
    endloop
  endfacet
  facet normal 0.684297 -0.178706 0.706967
    outer loop
      vertex 17.0425 20.8245 29
      vertex 18.9006 20.0025 26.9937
      vertex 18.984 20.3717 27.0063
    endloop
  endfacet
  facet normal 0.684364 -0.178513 0.70695
    outer loop
      vertex 18.9006 20.0025 26.9937
      vertex 17.0425 20.8245 29
      vertex 18.8082 19.6748 27.0004
    endloop
  endfacet
  facet normal 0.967526 -0.252771 0
    outer loop
      vertex 16.8098 19.9338 35
      vertex 17.0425 20.8245 29
      vertex 17.0425 20.8245 35
    endloop
  endfacet
  facet normal 0.967526 -0.252771 0
    outer loop
      vertex 17.0425 20.8245 29
      vertex 16.8098 19.9338 35
      vertex 16.8098 19.9338 29
    endloop
  endfacet
  facet normal 0.684287 -0.178653 -0.70699
    outer loop
      vertex 16.8098 19.9338 35
      vertex 18.9006 20.0025 37.0063
      vertex 18.7248 19.3794 36.9936
    endloop
  endfacet
  facet normal 0.68427 -0.178811 -0.706966
    outer loop
      vertex 18.9006 20.0025 37.0063
      vertex 16.8098 19.9338 35
      vertex 18.9167 20.0736 37.0039
    endloop
  endfacet
  facet normal 0.684303 -0.17868 -0.706967
    outer loop
      vertex 18.9167 20.0736 37.0039
      vertex 17.0425 20.8245 35
      vertex 18.984 20.3717 36.9937
    endloop
  endfacet
  facet normal 0.684273 -0.17877 -0.706973
    outer loop
      vertex 17.0425 20.8245 35
      vertex 18.9167 20.0736 37.0039
      vertex 16.8098 19.9338 35
    endloop
  endfacet
  facet normal 0.69274 -0.142496 0.70697
    outer loop
      vertex 17.0425 20.8245 29
      vertex 19.0516 20.671 27.0004
      vertex 17.228 21.7263 29
    endloop
  endfacet
  facet normal 0.692736 -0.142525 0.706968
    outer loop
      vertex 19.0516 20.671 27.0004
      vertex 17.0425 20.8245 29
      vertex 18.984 20.3717 27.0063
    endloop
  endfacet
  facet normal 0.692718 -0.142533 0.706984
    outer loop
      vertex 17.228 21.7263 29
      vertex 19.1278 21.0084 26.9938
      vertex 19.1907 21.3761 27.0063
    endloop
  endfacet
  facet normal 0.692695 -0.142612 0.70699
    outer loop
      vertex 19.1278 21.0084 26.9938
      vertex 17.228 21.7263 29
      vertex 19.0516 20.671 27.0004
    endloop
  endfacet
  facet normal 0.979492 -0.201481 0
    outer loop
      vertex 17.0425 20.8245 35
      vertex 17.228 21.7263 29
      vertex 17.228 21.7263 35
    endloop
  endfacet
  facet normal 0.979492 -0.201481 0
    outer loop
      vertex 17.228 21.7263 29
      vertex 17.0425 20.8245 35
      vertex 17.0425 20.8245 29
    endloop
  endfacet
  facet normal 0.692725 -0.142574 -0.706969
    outer loop
      vertex 17.0425 20.8245 35
      vertex 19.1278 21.0084 37.0062
      vertex 18.984 20.3717 36.9937
    endloop
  endfacet
  facet normal 0.692748 -0.142147 -0.707032
    outer loop
      vertex 19.1278 21.0084 37.0062
      vertex 17.0425 20.8245 35
      vertex 19.1392 21.0749 37.004
    endloop
  endfacet
  facet normal 0.692702 -0.142616 -0.706982
    outer loop
      vertex 19.1392 21.0749 37.004
      vertex 17.228 21.7263 35
      vertex 19.1907 21.3761 36.9937
    endloop
  endfacet
  facet normal 0.692735 -0.142495 -0.706975
    outer loop
      vertex 17.228 21.7263 35
      vertex 19.1392 21.0749 37.004
      vertex 17.0425 20.8245 35
    endloop
  endfacet
  facet normal 0.699255 -0.105864 0.706991
    outer loop
      vertex 17.228 21.7263 29
      vertex 19.2424 21.6786 27.0005
      vertex 17.3658 22.6365 29
    endloop
  endfacet
  facet normal 0.699247 -0.105952 0.706985
    outer loop
      vertex 19.2424 21.6786 27.0005
      vertex 17.228 21.7263 29
      vertex 19.1907 21.3761 27.0063
    endloop
  endfacet
  facet normal 0.699251 -0.105956 0.70698
    outer loop
      vertex 17.3658 22.6365 29
      vertex 19.3015 22.0249 26.9938
      vertex 19.3442 22.3901 27.0063
    endloop
  endfacet
  facet normal 0.699318 -0.105669 0.706957
    outer loop
      vertex 19.3015 22.0249 26.9938
      vertex 17.3658 22.6365 29
      vertex 19.2424 21.6786 27.0005
    endloop
  endfacet
  facet normal 0.988733 -0.14969 0
    outer loop
      vertex 17.228 21.7263 35
      vertex 17.3658 22.6365 29
      vertex 17.3658 22.6365 35
    endloop
  endfacet
  facet normal 0.988733 -0.14969 0
    outer loop
      vertex 17.3658 22.6365 29
      vertex 17.228 21.7263 35
      vertex 17.228 21.7263 29
    endloop
  endfacet
  facet normal 0.699272 -0.105799 -0.706983
    outer loop
      vertex 17.228 21.7263 35
      vertex 19.3015 22.0249 37.0062
      vertex 19.1907 21.3761 36.9937
    endloop
  endfacet
  facet normal 0.699272 -0.105664 -0.707003
    outer loop
      vertex 19.3015 22.0249 37.0062
      vertex 17.228 21.7263 35
      vertex 19.3087 22.0866 37.0041
    endloop
  endfacet
  facet normal 0.699243 -0.106016 -0.706979
    outer loop
      vertex 19.3087 22.0866 37.0041
      vertex 17.3658 22.6365 35
      vertex 19.3442 22.3901 36.9937
    endloop
  endfacet
  facet normal 0.699275 -0.105867 -0.70697
    outer loop
      vertex 17.3658 22.6365 35
      vertex 19.3087 22.0866 37.0041
      vertex 17.228 21.7263 35
    endloop
  endfacet
  facet normal 0.703879 -0.0689053 0.70697
    outer loop
      vertex 17.3658 22.6365 29
      vertex 19.3798 22.6949 27.0005
      vertex 17.4555 23.5528 29
    endloop
  endfacet
  facet normal 0.703883 -0.0687591 0.70698
    outer loop
      vertex 19.3798 22.6949 27.0005
      vertex 17.3658 22.6365 29
      vertex 19.3442 22.3901 27.0063
    endloop
  endfacet
  facet normal 0.70386 -0.0690136 0.706978
    outer loop
      vertex 17.4555 23.5528 29
      vertex 19.4212 23.0491 26.9938
      vertex 19.4442 23.4107 27.0062
    endloop
  endfacet
  facet normal 0.70388 -0.0688988 0.706969
    outer loop
      vertex 19.4212 23.0491 26.9938
      vertex 17.4555 23.5528 29
      vertex 19.3798 22.6949 27.0005
    endloop
  endfacet
  facet normal 0.995243 -0.097428 0
    outer loop
      vertex 17.3658 22.6365 35
      vertex 17.4555 23.5528 29
      vertex 17.4555 23.5528 35
    endloop
  endfacet
  facet normal 0.995243 -0.097428 0
    outer loop
      vertex 17.4555 23.5528 29
      vertex 17.3658 22.6365 35
      vertex 17.3658 22.6365 29
    endloop
  endfacet
  facet normal 0.703875 -0.0688333 -0.706981
    outer loop
      vertex 17.3658 22.6365 35
      vertex 19.4212 23.0491 37.0062
      vertex 19.3442 22.3901 36.9937
    endloop
  endfacet
  facet normal 0.703918 -0.0696265 -0.706861
    outer loop
      vertex 19.4212 23.0491 37.0062
      vertex 17.3658 22.6365 35
      vertex 19.4248 23.1058 37.0042
    endloop
  endfacet
  facet normal 0.70387 -0.0689002 -0.70698
    outer loop
      vertex 19.4248 23.1058 37.0042
      vertex 17.4555 23.5528 35
      vertex 19.4442 23.4107 36.9938
    endloop
  endfacet
  facet normal 0.703869 -0.0689043 -0.70698
    outer loop
      vertex 17.4555 23.5528 35
      vertex 19.4248 23.1058 37.0042
      vertex 17.3658 22.6365 35
    endloop
  endfacet
  facet normal 0.7065 -0.0318029 0.706998
    outer loop
      vertex 17.4555 23.5528 29
      vertex 19.4637 23.717 27.0006
      vertex 17.4969 24.4725 29
    endloop
  endfacet
  facet normal 0.706505 -0.0320527 0.706982
    outer loop
      vertex 19.4637 23.717 27.0006
      vertex 17.4555 23.5528 29
      vertex 19.4442 23.4107 27.0062
    endloop
  endfacet
  facet normal 0.706501 -0.0318877 0.706993
    outer loop
      vertex 17.4969 24.4725 29
      vertex 19.4866 24.0782 26.9939
      vertex 19.4904 24.4351 27.0062
    endloop
  endfacet
  facet normal 0.706526 -0.0316797 0.706977
    outer loop
      vertex 19.4866 24.0782 26.9939
      vertex 17.4969 24.4725 29
      vertex 19.4637 23.717 27.0006
    endloop
  endfacet
  facet normal 0.998988 -0.0449691 0
    outer loop
      vertex 17.4555 23.5528 35
      vertex 17.4969 24.4725 29
      vertex 17.4969 24.4725 35
    endloop
  endfacet
  facet normal 0.998988 -0.0449691 0
    outer loop
      vertex 17.4969 24.4725 29
      vertex 17.4555 23.5528 35
      vertex 17.4555 23.5528 29
    endloop
  endfacet
  facet normal 0.706517 -0.0318509 -0.706979
    outer loop
      vertex 17.4555 23.5528 35
      vertex 19.4866 24.0782 37.0061
      vertex 19.4442 23.4107 36.9938
    endloop
  endfacet
  facet normal 0.706486 -0.0315695 -0.707022
    outer loop
      vertex 19.4866 24.0782 37.0061
      vertex 17.4555 23.5528 35
      vertex 19.4872 24.1297 37.0044
    endloop
  endfacet
  facet normal 0.7065 -0.0319414 -0.706992
    outer loop
      vertex 19.4872 24.1297 37.0044
      vertex 17.4969 24.4725 35
      vertex 19.4904 24.4351 36.9938
    endloop
  endfacet
  facet normal 0.706514 -0.0318035 -0.706984
    outer loop
      vertex 17.4969 24.4725 35
      vertex 19.4872 24.1297 37.0044
      vertex 17.4555 23.5528 35
    endloop
  endfacet
  facet normal 0.707194 0.0053779 0.706999
    outer loop
      vertex 17.4969 24.4725 29
      vertex 19.4937 24.7421 27.0006
      vertex 17.4899 25.393 29
    endloop
  endfacet
  facet normal 0.7072 0.00529449 0.706994
    outer loop
      vertex 19.4937 24.7421 27.0006
      vertex 17.4969 24.4725 29
      vertex 19.4904 24.4351 27.0062
    endloop
  endfacet
  facet normal 0.707203 0.00524294 0.706991
    outer loop
      vertex 17.4899 25.393 29
      vertex 19.4975 25.1094 26.9939
      vertex 19.4827 25.4606 27.0061
    endloop
  endfacet
  facet normal 0.707226 0.00557913 0.706966
    outer loop
      vertex 19.4975 25.1094 26.9939
      vertex 17.4899 25.393 29
      vertex 19.4937 24.7421 27.0006
    endloop
  endfacet
  facet normal 0.999971 0.00760434 0
    outer loop
      vertex 17.4969 24.4725 35
      vertex 17.4899 25.393 29
      vertex 17.4899 25.393 35
    endloop
  endfacet
  facet normal 0.999971 0.00760434 0
    outer loop
      vertex 17.4899 25.393 29
      vertex 17.4969 24.4725 35
      vertex 17.4969 24.4725 29
    endloop
  endfacet
  facet normal 0.707336 0.00461946 -0.706863
    outer loop
      vertex 19.4975 25.1094 37.0061
      vertex 17.4969 24.4725 35
      vertex 19.4956 25.1555 37.0045
    endloop
  endfacet
  facet normal 0.707201 0.00544991 -0.706992
    outer loop
      vertex 17.4969 24.4725 35
      vertex 19.4975 25.1094 37.0061
      vertex 19.4904 24.4351 36.9938
    endloop
  endfacet
  facet normal 0.707201 0.00533851 -0.706992
    outer loop
      vertex 19.4956 25.1555 37.0045
      vertex 17.4899 25.393 35
      vertex 19.4827 25.4606 36.9939
    endloop
  endfacet
  facet normal 0.707203 0.00537797 -0.70699
    outer loop
      vertex 17.4899 25.393 35
      vertex 19.4956 25.1555 37.0045
      vertex 17.4969 24.4725 35
    endloop
  endfacet
  facet normal 0.705937 0.0426007 0.706992
    outer loop
      vertex 19.4697 25.7673 27.0006
      vertex 17.4899 25.393 29
      vertex 19.4827 25.4606 27.0061
    endloop
  endfacet
  facet normal 0.705952 0.04248 0.706984
    outer loop
      vertex 17.4899 25.393 29
      vertex 19.4697 25.7673 27.0006
      vertex 17.4346 26.312 29
    endloop
  endfacet
  facet normal 0.705954 0.0425753 0.706977
    outer loop
      vertex 17.4346 26.312 29
      vertex 19.4539 26.1397 26.994
      vertex 19.421 26.4843 27.0061
    endloop
  endfacet
  facet normal 0.705952 0.0424816 0.706984
    outer loop
      vertex 19.4539 26.1397 26.994
      vertex 17.4346 26.312 29
      vertex 19.4697 25.7673 27.0006
    endloop
  endfacet
  facet normal 0.998194 0.0600655 0
    outer loop
      vertex 17.4899 25.393 35
      vertex 17.4346 26.312 29
      vertex 17.4346 26.312 35
    endloop
  endfacet
  facet normal 0.998194 0.0600655 0
    outer loop
      vertex 17.4346 26.312 29
      vertex 17.4899 25.393 35
      vertex 17.4899 25.393 29
    endloop
  endfacet
  facet normal 0.70594 0.0425353 -0.706993
    outer loop
      vertex 17.4899 25.393 35
      vertex 19.4539 26.1397 37.006
      vertex 19.4827 25.4606 36.9939
    endloop
  endfacet
  facet normal 0.705749 0.0434098 -0.707131
    outer loop
      vertex 19.4539 26.1397 37.006
      vertex 17.4899 25.393 35
      vertex 19.45 26.1803 37.0046
    endloop
  endfacet
  facet normal 0.705962 0.0424806 -0.706975
    outer loop
      vertex 17.4346 26.312 35
      vertex 19.45 26.1803 37.0046
      vertex 17.4899 25.393 35
    endloop
  endfacet
  facet normal 0.705962 0.0424614 -0.706976
    outer loop
      vertex 19.45 26.1803 37.0046
      vertex 17.4346 26.312 35
      vertex 19.421 26.4843 36.9939
    endloop
  endfacet
  facet normal 0.702738 0.0796389 0.706977
    outer loop
      vertex 19.3918 26.7899 27.0007
      vertex 17.4346 26.312 29
      vertex 19.421 26.4843 27.0061
    endloop
  endfacet
  facet normal 0.702735 0.0796607 0.706978
    outer loop
      vertex 17.4346 26.312 29
      vertex 19.3918 26.7899 27.0007
      vertex 17.3309 27.2268 29
    endloop
  endfacet
  facet normal 0.70273 0.0796903 0.706979
    outer loop
      vertex 17.3309 27.2268 29
      vertex 19.3559 27.1662 26.994
      vertex 19.3056 27.5033 27.006
    endloop
  endfacet
  facet normal 0.702733 0.0796303 0.706983
    outer loop
      vertex 19.3559 27.1662 26.994
      vertex 17.3309 27.2268 29
      vertex 19.3918 26.7899 27.0007
    endloop
  endfacet
  facet normal 0.993636 0.112637 0
    outer loop
      vertex 17.4346 26.312 35
      vertex 17.3309 27.2268 29
      vertex 17.3309 27.2268 35
    endloop
  endfacet
  facet normal 0.993636 0.112637 0
    outer loop
      vertex 17.3309 27.2268 29
      vertex 17.4346 26.312 35
      vertex 17.4346 26.312 29
    endloop
  endfacet
  facet normal 0.702739 0.0796344 -0.706977
    outer loop
      vertex 17.4346 26.312 35
      vertex 19.3559 27.1662 37.006
      vertex 19.421 26.4843 36.9939
    endloop
  endfacet
  facet normal 0.703188 0.0780015 -0.706712
    outer loop
      vertex 19.3559 27.1662 37.006
      vertex 17.4346 26.312 35
      vertex 19.3507 27.2013 37.0047
    endloop
  endfacet
  facet normal 0.702717 0.0796586 -0.706996
    outer loop
      vertex 17.3309 27.2268 35
      vertex 19.3507 27.2013 37.0047
      vertex 17.4346 26.312 35
    endloop
  endfacet
  facet normal 0.702705 0.0798917 -0.706982
    outer loop
      vertex 19.3507 27.2013 37.0047
      vertex 17.3309 27.2268 35
      vertex 19.3056 27.5033 36.994
    endloop
  endfacet
  facet normal 0.697598 0.11643 0.706966
    outer loop
      vertex 18.0947 27.9906 28.1206
      vertex 19.3056 27.5033 27.006
      vertex 19.2603 27.8069 27.0007
    endloop
  endfacet
  facet normal 0.697592 0.116387 0.706979
    outer loop
      vertex 18.0947 27.9906 28.1206
      vertex 17.3309 27.2268 29
      vertex 19.3056 27.5033 27.006
    endloop
  endfacet
  facet normal 0.697567 0.116432 0.706996
    outer loop
      vertex 17.3309 27.2268 29
      vertex 18.0947 27.9906 28.1206
      vertex 17.2289 27.8379 29
    endloop
  endfacet
  facet normal 0.697598 0.116246 0.706997
    outer loop
      vertex 19.2038 28.1861 26.9941
      vertex 18.0947 27.9906 28.1206
      vertex 19.2603 27.8069 27.0007
    endloop
  endfacet
  facet normal 0.986355 0.164635 0
    outer loop
      vertex 17.3309 27.2268 35
      vertex 17.2289 27.8379 29
      vertex 17.2289 27.8379 35
    endloop
  endfacet
  facet normal 0.986355 0.164635 0
    outer loop
      vertex 17.2289 27.8379 29
      vertex 17.3309 27.2268 35
      vertex 17.3309 27.2268 29
    endloop
  endfacet
  facet normal 0.697028 0.116253 -0.707558
    outer loop
      vertex 19.3056 27.5033 36.994
      vertex 19.1112 28.1698 36.912
      vertex 19.2038 28.1861 37.0059
    endloop
  endfacet
  facet normal 0.697577 0.116484 -0.706978
    outer loop
      vertex 19.1112 28.1698 36.912
      vertex 19.3056 27.5033 36.994
      vertex 17.3309 27.2268 35
    endloop
  endfacet
  facet normal 0.697593 0.116437 -0.706969
    outer loop
      vertex 17.3309 27.2268 35
      vertex 17.2289 27.8379 35
      vertex 19.1112 28.1698 36.912
    endloop
  endfacet
  facet normal 0 0 -1
    outer loop
      vertex 15.5 -4 0
      vertex 13.0172 0 0
      vertex 15.5 -2.48283 0
    endloop
  endfacet
  facet normal 0 0 -1
    outer loop
      vertex 13.0172 0 0
      vertex -13.0172 0 0
      vertex 13.0172 0.00999451 0
    endloop
  endfacet
  facet normal 0 0 -1
    outer loop
      vertex 15.5 -4 0
      vertex -13.0172 0 0
      vertex 13.0172 0 0
    endloop
  endfacet
  facet normal 0 0 -1
    outer loop
      vertex -15.5 -4 0
      vertex -13.0172 0 0
      vertex 15.5 -4 0
    endloop
  endfacet
  facet normal 0 0 -1
    outer loop
      vertex -13.0172 0 0
      vertex -15.5 -4 0
      vertex -15.5 -2.48283 0
    endloop
  endfacet
  facet normal -0 0 -1
    outer loop
      vertex 13.0172 0.00999451 0
      vertex -13.0172 0 0
      vertex -13.0172 0.00999451 0
    endloop
  endfacet
  facet normal -0 0 1
    outer loop
      vertex -13.0172 0.00999451 48
      vertex 13.0172 0 48
      vertex 13.0172 0.00999451 48
    endloop
  endfacet
  facet normal 0 0 1
    outer loop
      vertex 13.0172 0 48
      vertex -13.0172 0.00999451 48
      vertex -13.0172 0 48
    endloop
  endfacet
  facet normal 0.707111 0.707103 0
    outer loop
      vertex 15.5 -2.48283 45.5172
      vertex 13.0172 0 47.401
      vertex 13.0172 0 48
    endloop
  endfacet
  facet normal 0.707111 0.707103 0
    outer loop
      vertex 15.5 -2.48283 45.5172
      vertex 13.0172 0 0.599999
      vertex 13.0172 0 47.401
    endloop
  endfacet
  facet normal 0.707111 0.707103 -0
    outer loop
      vertex 15.5 -2.48283 0
      vertex 13.0172 0 0.599999
      vertex 15.5 -2.48283 45.5172
    endloop
  endfacet
  facet normal 0.707111 0.707103 0
    outer loop
      vertex 13.0172 0 0.599999
      vertex 15.5 -2.48283 0
      vertex 13.0172 0 0
    endloop
  endfacet
  facet normal 1 0 0
    outer loop
      vertex 13.0172 0 0
      vertex 13.0172 0.00999451 0.590005
      vertex 13.0172 0 0.599999
    endloop
  endfacet
  facet normal 1 0 0
    outer loop
      vertex 13.0172 0.00999451 0.590005
      vertex 13.0172 0 0
      vertex 13.0172 0.00999451 0
    endloop
  endfacet
  facet normal 1 -0 0
    outer loop
      vertex 13.0172 0 48
      vertex 13.0172 0.00999451 47.411
      vertex 13.0172 0.00999451 48
    endloop
  endfacet
  facet normal 1 0 0
    outer loop
      vertex 13.0172 0.00999451 47.411
      vertex 13.0172 0 48
      vertex 13.0172 0 47.401
    endloop
  endfacet
  facet normal 0 1 -0
    outer loop
      vertex 13.0172 0.00999451 0
      vertex -13.0172 0.00999451 0.590005
      vertex 13.0172 0.00999451 0.590005
    endloop
  endfacet
  facet normal 0 1 0
    outer loop
      vertex -13.0172 0.00999451 0.590005
      vertex 13.0172 0.00999451 0
      vertex -13.0172 0.00999451 0
    endloop
  endfacet
  facet normal 0 1 -0
    outer loop
      vertex 13.0172 0.00999451 47.411
      vertex -13.0172 0.00999451 48
      vertex 13.0172 0.00999451 48
    endloop
  endfacet
  facet normal 0 1 0
    outer loop
      vertex -13.0172 0.00999451 48
      vertex 13.0172 0.00999451 47.411
      vertex -13.0172 0.00999451 47.411
    endloop
  endfacet
  facet normal -1 0 0
    outer loop
      vertex -13.0172 0 0
      vertex -13.0172 0.00999451 0.590005
      vertex -13.0172 0.00999451 0
    endloop
  endfacet
  facet normal -1 -0 0
    outer loop
      vertex -13.0172 0.00999451 0.590005
      vertex -13.0172 0 0
      vertex -13.0172 0 0.599999
    endloop
  endfacet
  facet normal -1 0 0
    outer loop
      vertex -13.0172 0 48
      vertex -13.0172 0.00999451 47.411
      vertex -13.0172 0 47.401
    endloop
  endfacet
  facet normal -1 0 0
    outer loop
      vertex -13.0172 0.00999451 47.411
      vertex -13.0172 0 48
      vertex -13.0172 0.00999451 48
    endloop
  endfacet
  facet normal -0.707111 0.707103 0
    outer loop
      vertex -13.0172 0 47.401
      vertex -15.5 -2.48283 45.5172
      vertex -13.0172 0 48
    endloop
  endfacet
  facet normal -0.707111 0.707103 0
    outer loop
      vertex -13.0172 0 0.599999
      vertex -15.5 -2.48283 45.5172
      vertex -13.0172 0 47.401
    endloop
  endfacet
  facet normal -0.707111 0.707103 0
    outer loop
      vertex -15.5 -2.48283 0
      vertex -13.0172 0 0.599999
      vertex -13.0172 0 0
    endloop
  endfacet
  facet normal -0.707111 0.707103 0
    outer loop
      vertex -13.0172 0 0.599999
      vertex -15.5 -2.48283 0
      vertex -15.5 -2.48283 45.5172
    endloop
  endfacet
  facet normal -1 0 0
    outer loop
      vertex -15.5 -4 44
      vertex -15.5 -2.48283 0
      vertex -15.5 -4 0
    endloop
  endfacet
  facet normal -1 0 0
    outer loop
      vertex -15.5 -2.48283 0
      vertex -15.5 -4 44
      vertex -15.5 -2.48283 45.5172
    endloop
  endfacet
  facet normal 0 -1 0
    outer loop
      vertex -15.5 -4 44
      vertex 0 -4 18.65
      vertex 15.5 -4 44
    endloop
  endfacet
  facet normal 0 -1 0
    outer loop
      vertex -15.5 -4 44
      vertex -0.198884 -4 18.638
      vertex 0 -4 18.65
    endloop
  endfacet
  facet normal 0 -1 0
    outer loop
      vertex -15.5 -4 44
      vertex -0.394869 -4 18.602
      vertex -0.198884 -4 18.638
    endloop
  endfacet
  facet normal 0 -1 0
    outer loop
      vertex -15.5 -4 44
      vertex -0.585095 -4 18.5428
      vertex -0.394869 -4 18.602
    endloop
  endfacet
  facet normal 0 -1 0
    outer loop
      vertex -15.5 -4 44
      vertex -0.76679 -4 18.461
      vertex -0.585095 -4 18.5428
    endloop
  endfacet
  facet normal 0 -1 0
    outer loop
      vertex -15.5 -4 44
      vertex -0.937303 -4 18.3579
      vertex -0.76679 -4 18.461
    endloop
  endfacet
  facet normal 0 -1 0
    outer loop
      vertex -15.5 -4 44
      vertex -1.09415 -4 18.235
      vertex -0.937303 -4 18.3579
    endloop
  endfacet
  facet normal 0 -1 0
    outer loop
      vertex -15.5 -4 44
      vertex -1.23504 -4 18.0941
      vertex -1.09415 -4 18.235
    endloop
  endfacet
  facet normal 0 -1 0
    outer loop
      vertex -15.5 -4 44
      vertex -1.35792 -4 17.9373
      vertex -1.23504 -4 18.0941
    endloop
  endfacet
  facet normal 0 -1 0
    outer loop
      vertex -15.5 -4 44
      vertex -1.461 -4 17.7668
      vertex -1.35792 -4 17.9373
    endloop
  endfacet
  facet normal 0 -1 0
    outer loop
      vertex -15.5 -4 44
      vertex -1.54277 -4 17.5851
      vertex -1.461 -4 17.7668
    endloop
  endfacet
  facet normal 0 -1 0
    outer loop
      vertex -15.5 -4 44
      vertex -1.60205 -4 17.3949
      vertex -1.54277 -4 17.5851
    endloop
  endfacet
  facet normal 0 -1 0
    outer loop
      vertex -15.5 -4 0
      vertex -1.60205 -4 17.3949
      vertex -15.5 -4 44
    endloop
  endfacet
  facet normal 0 -1 0
    outer loop
      vertex -1.60205 -4 17.3949
      vertex -15.5 -4 0
      vertex -1.63796 -4 17.1989
    endloop
  endfacet
  facet normal 0 -1 0
    outer loop
      vertex -1.63796 -4 17.1989
      vertex -15.5 -4 0
      vertex -1.64999 -4 17
    endloop
  endfacet
  facet normal 0 -1 -0
    outer loop
      vertex -1.64999 -4 17
      vertex -15.5 -4 0
      vertex -1.63796 -4 16.8011
    endloop
  endfacet
  facet normal 0 -1 -0
    outer loop
      vertex -1.63796 -4 16.8011
      vertex -15.5 -4 0
      vertex -1.60205 -4 16.6051
    endloop
  endfacet
  facet normal 0 -1 -0
    outer loop
      vertex -1.60205 -4 16.6051
      vertex -15.5 -4 0
      vertex -1.54277 -4 16.4149
    endloop
  endfacet
  facet normal 0 -1 -0
    outer loop
      vertex -0.198884 -4 15.362
      vertex -15.5 -4 0
      vertex 0 -4 15.35
    endloop
  endfacet
  facet normal 0 -1 -0
    outer loop
      vertex -0.394869 -4 15.398
      vertex -15.5 -4 0
      vertex -0.198884 -4 15.362
    endloop
  endfacet
  facet normal 0 -1 -0
    outer loop
      vertex -0.585095 -4 15.4572
      vertex -15.5 -4 0
      vertex -0.394869 -4 15.398
    endloop
  endfacet
  facet normal 0 -1 -0
    outer loop
      vertex -0.76679 -4 15.539
      vertex -15.5 -4 0
      vertex -0.585095 -4 15.4572
    endloop
  endfacet
  facet normal 0 -1 -0
    outer loop
      vertex -0.937303 -4 15.6421
      vertex -15.5 -4 0
      vertex -0.76679 -4 15.539
    endloop
  endfacet
  facet normal 0 -1 -0
    outer loop
      vertex -1.09415 -4 15.765
      vertex -15.5 -4 0
      vertex -0.937303 -4 15.6421
    endloop
  endfacet
  facet normal 0 -1 -0
    outer loop
      vertex -1.23504 -4 15.9059
      vertex -15.5 -4 0
      vertex -1.09415 -4 15.765
    endloop
  endfacet
  facet normal 0 -1 -0
    outer loop
      vertex -1.35792 -4 16.0627
      vertex -15.5 -4 0
      vertex -1.23504 -4 15.9059
    endloop
  endfacet
  facet normal 0 -1 -0
    outer loop
      vertex -1.461 -4 16.2332
      vertex -15.5 -4 0
      vertex -1.35792 -4 16.0627
    endloop
  endfacet
  facet normal 0 -1 -0
    outer loop
      vertex -1.54277 -4 16.4149
      vertex -15.5 -4 0
      vertex -1.461 -4 16.2332
    endloop
  endfacet
  facet normal 0 -1 0
    outer loop
      vertex 0.198884 -4 18.638
      vertex 15.5 -4 44
      vertex 0 -4 18.65
    endloop
  endfacet
  facet normal 0 -1 0
    outer loop
      vertex 0.394869 -4 18.602
      vertex 15.5 -4 44
      vertex 0.198884 -4 18.638
    endloop
  endfacet
  facet normal 0 -1 0
    outer loop
      vertex 0.585095 -4 18.5428
      vertex 15.5 -4 44
      vertex 0.394869 -4 18.602
    endloop
  endfacet
  facet normal 0 -1 0
    outer loop
      vertex 0.76679 -4 18.461
      vertex 15.5 -4 44
      vertex 0.585095 -4 18.5428
    endloop
  endfacet
  facet normal 0 -1 0
    outer loop
      vertex 0.937303 -4 18.3579
      vertex 15.5 -4 44
      vertex 0.76679 -4 18.461
    endloop
  endfacet
  facet normal 0 -1 0
    outer loop
      vertex 1.09415 -4 18.235
      vertex 15.5 -4 44
      vertex 0.937303 -4 18.3579
    endloop
  endfacet
  facet normal 0 -1 0
    outer loop
      vertex 1.23504 -4 18.0941
      vertex 15.5 -4 44
      vertex 1.09415 -4 18.235
    endloop
  endfacet
  facet normal 0 -1 0
    outer loop
      vertex 1.35792 -4 17.9373
      vertex 15.5 -4 44
      vertex 1.23504 -4 18.0941
    endloop
  endfacet
  facet normal 0 -1 0
    outer loop
      vertex 1.461 -4 17.7668
      vertex 15.5 -4 44
      vertex 1.35792 -4 17.9373
    endloop
  endfacet
  facet normal 0 -1 0
    outer loop
      vertex 1.54277 -4 17.5851
      vertex 15.5 -4 44
      vertex 1.461 -4 17.7668
    endloop
  endfacet
  facet normal 0 -1 0
    outer loop
      vertex 1.60205 -4 17.3949
      vertex 15.5 -4 44
      vertex 1.54277 -4 17.5851
    endloop
  endfacet
  facet normal 0 -1 0
    outer loop
      vertex 15.5 -4 0
      vertex 1.60205 -4 17.3949
      vertex 1.63796 -4 17.1989
    endloop
  endfacet
  facet normal 0 -1 0
    outer loop
      vertex 15.5 -4 0
      vertex 1.63796 -4 17.1989
      vertex 1.64999 -4 17
    endloop
  endfacet
  facet normal 0 -1 0
    outer loop
      vertex 15.5 -4 0
      vertex 1.64999 -4 17
      vertex 1.63796 -4 16.8011
    endloop
  endfacet
  facet normal 0 -1 0
    outer loop
      vertex 15.5 -4 0
      vertex 1.63796 -4 16.8011
      vertex 1.60205 -4 16.6051
    endloop
  endfacet
  facet normal 0 -1 0
    outer loop
      vertex 15.5 -4 0
      vertex 1.60205 -4 16.6051
      vertex 1.54277 -4 16.4149
    endloop
  endfacet
  facet normal 0 -1 0
    outer loop
      vertex 15.5 -4 0
      vertex 1.54277 -4 16.4149
      vertex 1.461 -4 16.2332
    endloop
  endfacet
  facet normal 0 -1 0
    outer loop
      vertex 15.5 -4 0
      vertex 0 -4 15.35
      vertex -15.5 -4 0
    endloop
  endfacet
  facet normal 0 -1 0
    outer loop
      vertex 0 -4 15.35
      vertex 15.5 -4 0
      vertex 0.198884 -4 15.362
    endloop
  endfacet
  facet normal 0 -1 0
    outer loop
      vertex 0.198884 -4 15.362
      vertex 15.5 -4 0
      vertex 0.394869 -4 15.398
    endloop
  endfacet
  facet normal 0 -1 0
    outer loop
      vertex 0.394869 -4 15.398
      vertex 15.5 -4 0
      vertex 0.585095 -4 15.4572
    endloop
  endfacet
  facet normal 0 -1 0
    outer loop
      vertex 0.585095 -4 15.4572
      vertex 15.5 -4 0
      vertex 0.76679 -4 15.539
    endloop
  endfacet
  facet normal 0 -1 0
    outer loop
      vertex 0.76679 -4 15.539
      vertex 15.5 -4 0
      vertex 0.937303 -4 15.6421
    endloop
  endfacet
  facet normal 0 -1 0
    outer loop
      vertex 1.60205 -4 17.3949
      vertex 15.5 -4 0
      vertex 15.5 -4 44
    endloop
  endfacet
  facet normal 0 -1 0
    outer loop
      vertex 1.35792 -4 16.0627
      vertex 15.5 -4 0
      vertex 1.461 -4 16.2332
    endloop
  endfacet
  facet normal 0 -1 0
    outer loop
      vertex 1.23504 -4 15.9059
      vertex 15.5 -4 0
      vertex 1.35792 -4 16.0627
    endloop
  endfacet
  facet normal 0 -1 0
    outer loop
      vertex 1.09415 -4 15.765
      vertex 15.5 -4 0
      vertex 1.23504 -4 15.9059
    endloop
  endfacet
  facet normal 0 -1 0
    outer loop
      vertex 0.937303 -4 15.6421
      vertex 15.5 -4 0
      vertex 1.09415 -4 15.765
    endloop
  endfacet
  facet normal 1 -0 0
    outer loop
      vertex 15.5 -4 44
      vertex 15.5 -2.48283 0
      vertex 15.5 -2.48283 45.5172
    endloop
  endfacet
  facet normal 1 0 0
    outer loop
      vertex 15.5 -2.48283 0
      vertex 15.5 -4 44
      vertex 15.5 -4 0
    endloop
  endfacet
  facet normal 2.25261e-05 -0.707114 0.7071
    outer loop
      vertex -15.5 -4 44
      vertex -13.0172 0 48
      vertex -15.5 -2.48283 45.5172
    endloop
  endfacet
  facet normal 0 -0.707107 0.707107
    outer loop
      vertex -13.0172 0 48
      vertex -15.5 -4 44
      vertex 13.0172 0 48
    endloop
  endfacet
  facet normal 0 -0.707107 0.707107
    outer loop
      vertex 15.5 -4 44
      vertex 13.0172 0 48
      vertex -15.5 -4 44
    endloop
  endfacet
  facet normal -2.25261e-05 -0.707114 0.7071
    outer loop
      vertex 13.0172 0 48
      vertex 15.5 -4 44
      vertex 15.5 -2.48283 45.5172
    endloop
  endfacet
  facet normal 0.0700944 -0.921382 0.382285
    outer loop
      vertex 0.198884 -4 18.638
      vertex 0.0271196 -4.59999 17.2234
      vertex 0.0538435 -4.59999 17.2185
    endloop
  endfacet
  facet normal -0.371049 -0.921384 0.115646
    outer loop
      vertex -1.54277 -4 17.5851
      vertex -1.60205 -4 17.3949
      vertex -0.21037 -4.59999 17.0798
    endloop
  endfacet
  facet normal -0.332592 -0.921385 0.201077
    outer loop
      vertex -1.35792 -4 17.9373
      vertex -1.461 -4 17.7668
      vertex -0.185163 -4.59999 17.1278
    endloop
  endfacet
  facet normal -0.387945 -0.921384 -0.0234639
    outer loop
      vertex -0.224991 -4.59999 17
      vertex -1.64999 -4 17
      vertex -1.63796 -4 16.8011
    endloop
  endfacet
  facet normal 0.0228882 -0.921396 -0.38795
    outer loop
      vertex 0.0271196 -4.59999 16.7766
      vertex 0 -4.59999 16.775
      vertex 0 -4 15.35
    endloop
  endfacet
  facet normal -0.159551 -0.921383 0.354396
    outer loop
      vertex -0.585095 -4 18.5428
      vertex -0.76679 -4 18.461
      vertex -0.0797825 -4.59999 17.2104
    endloop
  endfacet
  facet normal 0.115858 -0.92137 -0.371017
    outer loop
      vertex 0.0797825 -4.59999 16.7896
      vertex 0.0538435 -4.59999 16.7815
      vertex 0.394869 -4 15.398
    endloop
  endfacet
  facet normal 0.239719 -0.921379 -0.305933
    outer loop
      vertex 1.09415 -4 15.765
      vertex 0.127809 -4.59999 16.8148
      vertex 0.937303 -4 15.6421
    endloop
  endfacet
  facet normal -0.354478 -0.92138 0.159386
    outer loop
      vertex -0.199219 -4.59999 17.1046
      vertex -1.461 -4 17.7668
      vertex -0.21037 -4.59999 17.0798
    endloop
  endfacet
  facet normal 0.0234078 -0.921382 -0.387954
    outer loop
      vertex 0.0271196 -4.59999 16.7766
      vertex 0 -4 15.35
      vertex 0.198884 -4 15.362
    endloop
  endfacet
  facet normal 0.0702184 -0.921379 -0.382271
    outer loop
      vertex 0.394869 -4 15.398
      vertex 0.0538435 -4.59999 16.7815
      vertex 0.198884 -4 15.362
    endloop
  endfacet
  facet normal -0.354418 -0.921384 0.159498
    outer loop
      vertex -1.461 -4 17.7668
      vertex -1.54277 -4 17.5851
      vertex -0.21037 -4.59999 17.0798
    endloop
  endfacet
  facet normal 0.387945 -0.921384 -0.0234639
    outer loop
      vertex 1.64999 -4 17
      vertex 0.224991 -4.59999 17
      vertex 1.63796 -4 16.8011
    endloop
  endfacet
  facet normal -0.2011 -0.92138 0.332591
    outer loop
      vertex -0.76679 -4 18.461
      vertex -0.937303 -4 18.3579
      vertex -0.127809 -4.59999 17.1852
    endloop
  endfacet
  facet normal -0.382277 -0.921383 0.0701271
    outer loop
      vertex -0.218452 -4.59999 17.0538
      vertex -1.63796 -4 17.1989
      vertex -0.22335 -4.59999 17.0271
    endloop
  endfacet
  facet normal 0.159551 -0.921383 0.354396
    outer loop
      vertex 0.585095 -4 18.5428
      vertex 0.0797825 -4.59999 17.2104
      vertex 0.76679 -4 18.461
    endloop
  endfacet
  facet normal 0.0702184 -0.921379 0.382271
    outer loop
      vertex 0.198884 -4 18.638
      vertex 0.0538435 -4.59999 17.2185
      vertex 0.394869 -4 18.602
    endloop
  endfacet
  facet normal -0.371117 -0.921392 0.11536
    outer loop
      vertex -0.21037 -4.59999 17.0798
      vertex -1.60205 -4 17.3949
      vertex -0.218452 -4.59999 17.0538
    endloop
  endfacet
  facet normal -0.2011 -0.92138 -0.332591
    outer loop
      vertex -0.127809 -4.59999 16.8148
      vertex -0.937303 -4 15.6421
      vertex -0.76679 -4 15.539
    endloop
  endfacet
  facet normal -0.382287 -0.921385 -0.0700404
    outer loop
      vertex -0.218452 -4.59999 16.9462
      vertex -1.63796 -4 16.8011
      vertex -1.60205 -4 16.6051
    endloop
  endfacet
  facet normal 0.382277 -0.921383 -0.0701271
    outer loop
      vertex 0.22335 -4.59999 16.9729
      vertex 0.218452 -4.59999 16.9462
      vertex 1.63796 -4 16.8011
    endloop
  endfacet
  facet normal 0.332592 -0.921385 -0.201077
    outer loop
      vertex 1.461 -4 16.2332
      vertex 0.185163 -4.59999 16.8722
      vertex 1.35792 -4 16.0627
    endloop
  endfacet
  facet normal -0.159551 -0.921383 -0.354396
    outer loop
      vertex -0.0797825 -4.59999 16.7896
      vertex -0.76679 -4 15.539
      vertex -0.585095 -4 15.4572
    endloop
  endfacet
  facet normal -0.382287 -0.921385 0.0700404
    outer loop
      vertex -1.60205 -4 17.3949
      vertex -1.63796 -4 17.1989
      vertex -0.218452 -4.59999 17.0538
    endloop
  endfacet
  facet normal -0.306019 -0.921379 0.23961
    outer loop
      vertex -0.168407 -4.59999 17.1492
      vertex -1.23504 -4 18.0941
      vertex -0.185163 -4.59999 17.1278
    endloop
  endfacet
  facet normal 0.0700944 -0.921382 -0.382285
    outer loop
      vertex 0.0538435 -4.59999 16.7815
      vertex 0.0271196 -4.59999 16.7766
      vertex 0.198884 -4 15.362
    endloop
  endfacet
  facet normal -0.115858 -0.92137 0.371017
    outer loop
      vertex -0.0538435 -4.59999 17.2185
      vertex -0.394869 -4 18.602
      vertex -0.0797825 -4.59999 17.2104
    endloop
  endfacet
  facet normal 0.0228919 -0.92137 0.388011
    outer loop
      vertex 0.198884 -4 18.638
      vertex 0 -4.59999 17.225
      vertex 0.0271196 -4.59999 17.2234
    endloop
  endfacet
  facet normal -0.387941 -0.921385 -0.0234912
    outer loop
      vertex -0.224991 -4.59999 17
      vertex -1.63796 -4 16.8011
      vertex -0.22335 -4.59999 16.9729
    endloop
  endfacet
  facet normal -0.387945 -0.921384 0.0234639
    outer loop
      vertex -1.63796 -4 17.1989
      vertex -1.64999 -4 17
      vertex -0.224991 -4.59999 17
    endloop
  endfacet
  facet normal -0.387941 -0.921385 0.0234912
    outer loop
      vertex -0.22335 -4.59999 17.0271
      vertex -1.63796 -4 17.1989
      vertex -0.224991 -4.59999 17
    endloop
  endfacet
  facet normal -0.0234073 -0.921385 0.387945
    outer loop
      vertex 0 -4 18.65
      vertex -0.198884 -4 18.638
      vertex 0 -4.59999 17.225
    endloop
  endfacet
  facet normal -0.24007 -0.921393 -0.305617
    outer loop
      vertex -0.149196 -4.59999 16.8316
      vertex -1.09415 -4 15.765
      vertex -0.127809 -4.59999 16.8148
    endloop
  endfacet
  facet normal 0.354478 -0.92138 -0.159386
    outer loop
      vertex 0.21037 -4.59999 16.9202
      vertex 0.199219 -4.59999 16.8954
      vertex 1.461 -4 16.2332
    endloop
  endfacet
  facet normal 0.387941 -0.921385 -0.0234912
    outer loop
      vertex 0.224991 -4.59999 17
      vertex 0.22335 -4.59999 16.9729
      vertex 1.63796 -4 16.8011
    endloop
  endfacet
  facet normal -0.0234078 -0.921382 -0.387954
    outer loop
      vertex -0.0271196 -4.59999 16.7766
      vertex -0.198884 -4 15.362
      vertex 0 -4 15.35
    endloop
  endfacet
  facet normal 0.305909 -0.921384 -0.239733
    outer loop
      vertex 1.35792 -4 16.0627
      vertex 0.185163 -4.59999 16.8722
      vertex 1.23504 -4 15.9059
    endloop
  endfacet
  facet normal 0.305909 -0.921384 0.239733
    outer loop
      vertex 1.23504 -4 18.0941
      vertex 0.185163 -4.59999 17.1278
      vertex 1.35792 -4 17.9373
    endloop
  endfacet
  facet normal -0.239719 -0.921379 0.305933
    outer loop
      vertex -0.937303 -4 18.3579
      vertex -1.09415 -4 18.235
      vertex -0.127809 -4.59999 17.1852
    endloop
  endfacet
  facet normal 0.27475 -0.921378 -0.274908
    outer loop
      vertex 0.149196 -4.59999 16.8316
      vertex 1.23504 -4 15.9059
      vertex 0.168407 -4.59999 16.8508
    endloop
  endfacet
  facet normal 0.274833 -0.921382 -0.274813
    outer loop
      vertex 1.23504 -4 15.9059
      vertex 0.149196 -4.59999 16.8316
      vertex 1.09415 -4 15.765
    endloop
  endfacet
  facet normal -0.306019 -0.921379 -0.23961
    outer loop
      vertex -0.185163 -4.59999 16.8722
      vertex -1.23504 -4 15.9059
      vertex -0.168407 -4.59999 16.8508
    endloop
  endfacet
  facet normal -0.0702184 -0.921379 0.382271
    outer loop
      vertex -0.198884 -4 18.638
      vertex -0.394869 -4 18.602
      vertex -0.0538435 -4.59999 17.2185
    endloop
  endfacet
  facet normal 0.332592 -0.921385 0.201077
    outer loop
      vertex 1.35792 -4 17.9373
      vertex 0.185163 -4.59999 17.1278
      vertex 1.461 -4 17.7668
    endloop
  endfacet
  facet normal -0.115491 -0.921381 0.371105
    outer loop
      vertex -0.394869 -4 18.602
      vertex -0.585095 -4 18.5428
      vertex -0.0797825 -4.59999 17.2104
    endloop
  endfacet
  facet normal 0.115491 -0.921381 -0.371105
    outer loop
      vertex 0.585095 -4 15.4572
      vertex 0.0797825 -4.59999 16.7896
      vertex 0.394869 -4 15.398
    endloop
  endfacet
  facet normal -0.115491 -0.921381 -0.371105
    outer loop
      vertex -0.0797825 -4.59999 16.7896
      vertex -0.585095 -4 15.4572
      vertex -0.394869 -4 15.398
    endloop
  endfacet
  facet normal -0.239719 -0.921379 -0.305933
    outer loop
      vertex -0.127809 -4.59999 16.8148
      vertex -1.09415 -4 15.765
      vertex -0.937303 -4 15.6421
    endloop
  endfacet
  facet normal -0.16008 -0.9214 0.354114
    outer loop
      vertex -0.0797825 -4.59999 17.2104
      vertex -0.76679 -4 18.461
      vertex -0.104558 -4.59999 17.1992
    endloop
  endfacet
  facet normal -0.20046 -0.921401 0.332921
    outer loop
      vertex -0.104558 -4.59999 17.1992
      vertex -0.76679 -4 18.461
      vertex -0.127809 -4.59999 17.1852
    endloop
  endfacet
  facet normal -0.0702184 -0.921379 -0.382271
    outer loop
      vertex -0.0538435 -4.59999 16.7815
      vertex -0.394869 -4 15.398
      vertex -0.198884 -4 15.362
    endloop
  endfacet
  facet normal 0.16008 -0.9214 -0.354114
    outer loop
      vertex 0.104558 -4.59999 16.8008
      vertex 0.0797825 -4.59999 16.7896
      vertex 0.76679 -4 15.539
    endloop
  endfacet
  facet normal -0.305909 -0.921384 0.239733
    outer loop
      vertex -1.23504 -4 18.0941
      vertex -1.35792 -4 17.9373
      vertex -0.185163 -4.59999 17.1278
    endloop
  endfacet
  facet normal -0.305909 -0.921384 -0.239733
    outer loop
      vertex -0.185163 -4.59999 16.8722
      vertex -1.35792 -4 16.0627
      vertex -1.23504 -4 15.9059
    endloop
  endfacet
  facet normal -0.115858 -0.92137 -0.371017
    outer loop
      vertex -0.0797825 -4.59999 16.7896
      vertex -0.394869 -4 15.398
      vertex -0.0538435 -4.59999 16.7815
    endloop
  endfacet
  facet normal -0.24007 -0.921393 0.305617
    outer loop
      vertex -0.127809 -4.59999 17.1852
      vertex -1.09415 -4 18.235
      vertex -0.149196 -4.59999 17.1684
    endloop
  endfacet
  facet normal -0.274833 -0.921382 0.274813
    outer loop
      vertex -1.23504 -4 18.0941
      vertex -0.149196 -4.59999 17.1684
      vertex -1.09415 -4 18.235
    endloop
  endfacet
  facet normal -0.27475 -0.921378 0.274908
    outer loop
      vertex -0.149196 -4.59999 17.1684
      vertex -1.23504 -4 18.0941
      vertex -0.168407 -4.59999 17.1492
    endloop
  endfacet
  facet normal 0.0234073 -0.921385 0.387945
    outer loop
      vertex 0 -4 18.65
      vertex 0 -4.59999 17.225
      vertex 0.198884 -4 18.638
    endloop
  endfacet
  facet normal 0.371049 -0.921384 -0.115646
    outer loop
      vertex 1.60205 -4 16.6051
      vertex 0.21037 -4.59999 16.9202
      vertex 1.54277 -4 16.4149
    endloop
  endfacet
  facet normal 0.354478 -0.92138 0.159386
    outer loop
      vertex 1.461 -4 17.7668
      vertex 0.199219 -4.59999 17.1046
      vertex 0.21037 -4.59999 17.0798
    endloop
  endfacet
  facet normal -0.0700944 -0.921382 -0.382285
    outer loop
      vertex -0.0538435 -4.59999 16.7815
      vertex -0.198884 -4 15.362
      vertex -0.0271196 -4.59999 16.7766
    endloop
  endfacet
  facet normal 0.2011 -0.92138 -0.332591
    outer loop
      vertex 0.937303 -4 15.6421
      vertex 0.127809 -4.59999 16.8148
      vertex 0.76679 -4 15.539
    endloop
  endfacet
  facet normal -0.354478 -0.92138 -0.159386
    outer loop
      vertex -0.21037 -4.59999 16.9202
      vertex -1.461 -4 16.2332
      vertex -0.199219 -4.59999 16.8954
    endloop
  endfacet
  facet normal -0.20046 -0.921401 -0.332921
    outer loop
      vertex -0.127809 -4.59999 16.8148
      vertex -0.76679 -4 15.539
      vertex -0.104558 -4.59999 16.8008
    endloop
  endfacet
  facet normal 0.159551 -0.921383 -0.354396
    outer loop
      vertex 0.76679 -4 15.539
      vertex 0.0797825 -4.59999 16.7896
      vertex 0.585095 -4 15.4572
    endloop
  endfacet
  facet normal -0.354418 -0.921384 -0.159498
    outer loop
      vertex -0.21037 -4.59999 16.9202
      vertex -1.54277 -4 16.4149
      vertex -1.461 -4 16.2332
    endloop
  endfacet
  facet normal -0.371049 -0.921384 -0.115646
    outer loop
      vertex -0.21037 -4.59999 16.9202
      vertex -1.60205 -4 16.6051
      vertex -1.54277 -4 16.4149
    endloop
  endfacet
  facet normal 0.371117 -0.921392 -0.11536
    outer loop
      vertex 0.218452 -4.59999 16.9462
      vertex 0.21037 -4.59999 16.9202
      vertex 1.60205 -4 16.6051
    endloop
  endfacet
  facet normal -0.382277 -0.921383 -0.0701271
    outer loop
      vertex -0.22335 -4.59999 16.9729
      vertex -1.63796 -4 16.8011
      vertex -0.218452 -4.59999 16.9462
    endloop
  endfacet
  facet normal -0.371117 -0.921392 -0.11536
    outer loop
      vertex -0.218452 -4.59999 16.9462
      vertex -1.60205 -4 16.6051
      vertex -0.21037 -4.59999 16.9202
    endloop
  endfacet
  facet normal -0.332424 -0.921375 0.201403
    outer loop
      vertex -0.185163 -4.59999 17.1278
      vertex -1.461 -4 17.7668
      vertex -0.199219 -4.59999 17.1046
    endloop
  endfacet
  facet normal 0 -1 0
    outer loop
      vertex -0.0271196 -4.59999 17.2234
      vertex 0.0271196 -4.59999 17.2234
      vertex 0 -4.59999 17.225
    endloop
  endfacet
  facet normal 0 -1 0
    outer loop
      vertex -0.0538435 -4.59999 17.2185
      vertex 0.0271196 -4.59999 17.2234
      vertex -0.0271196 -4.59999 17.2234
    endloop
  endfacet
  facet normal 0 -1 0
    outer loop
      vertex -0.0538435 -4.59999 17.2185
      vertex 0.0538435 -4.59999 17.2185
      vertex 0.0271196 -4.59999 17.2234
    endloop
  endfacet
  facet normal 0 -1 0
    outer loop
      vertex -0.0797825 -4.59999 17.2104
      vertex 0.0538435 -4.59999 17.2185
      vertex -0.0538435 -4.59999 17.2185
    endloop
  endfacet
  facet normal 0 -1 0
    outer loop
      vertex -0.0797825 -4.59999 17.2104
      vertex 0.0797825 -4.59999 17.2104
      vertex 0.0538435 -4.59999 17.2185
    endloop
  endfacet
  facet normal 0 -1 0
    outer loop
      vertex -0.104558 -4.59999 17.1992
      vertex 0.0797825 -4.59999 17.2104
      vertex -0.0797825 -4.59999 17.2104
    endloop
  endfacet
  facet normal 0 -1 0
    outer loop
      vertex -0.104558 -4.59999 17.1992
      vertex 0.104558 -4.59999 17.1992
      vertex 0.0797825 -4.59999 17.2104
    endloop
  endfacet
  facet normal 0 -1 0
    outer loop
      vertex -0.127809 -4.59999 17.1852
      vertex 0.104558 -4.59999 17.1992
      vertex -0.104558 -4.59999 17.1992
    endloop
  endfacet
  facet normal 0 -1 0
    outer loop
      vertex -0.127809 -4.59999 17.1852
      vertex 0.127809 -4.59999 17.1852
      vertex 0.104558 -4.59999 17.1992
    endloop
  endfacet
  facet normal 0 -1 0
    outer loop
      vertex -0.149196 -4.59999 17.1684
      vertex 0.127809 -4.59999 17.1852
      vertex -0.127809 -4.59999 17.1852
    endloop
  endfacet
  facet normal 0 -1 0
    outer loop
      vertex -0.149196 -4.59999 17.1684
      vertex 0.149196 -4.59999 17.1684
      vertex 0.127809 -4.59999 17.1852
    endloop
  endfacet
  facet normal 0 -1 0
    outer loop
      vertex -0.168407 -4.59999 17.1492
      vertex 0.149196 -4.59999 17.1684
      vertex -0.149196 -4.59999 17.1684
    endloop
  endfacet
  facet normal 0 -1 0
    outer loop
      vertex -0.168407 -4.59999 17.1492
      vertex 0.168407 -4.59999 17.1492
      vertex 0.149196 -4.59999 17.1684
    endloop
  endfacet
  facet normal 0 -1 0
    outer loop
      vertex -0.185163 -4.59999 17.1278
      vertex 0.168407 -4.59999 17.1492
      vertex -0.168407 -4.59999 17.1492
    endloop
  endfacet
  facet normal 0 -1 0
    outer loop
      vertex -0.185163 -4.59999 17.1278
      vertex 0.185163 -4.59999 17.1278
      vertex 0.168407 -4.59999 17.1492
    endloop
  endfacet
  facet normal 0 -1 0
    outer loop
      vertex -0.199219 -4.59999 17.1046
      vertex 0.185163 -4.59999 17.1278
      vertex -0.185163 -4.59999 17.1278
    endloop
  endfacet
  facet normal 0 -1 0
    outer loop
      vertex -0.199219 -4.59999 17.1046
      vertex 0.199219 -4.59999 17.1046
      vertex 0.185163 -4.59999 17.1278
    endloop
  endfacet
  facet normal 0 -1 0
    outer loop
      vertex -0.21037 -4.59999 17.0798
      vertex 0.199219 -4.59999 17.1046
      vertex -0.199219 -4.59999 17.1046
    endloop
  endfacet
  facet normal 0 -1 0
    outer loop
      vertex -0.21037 -4.59999 17.0798
      vertex 0.21037 -4.59999 17.0798
      vertex 0.199219 -4.59999 17.1046
    endloop
  endfacet
  facet normal 0 -1 0
    outer loop
      vertex -0.218452 -4.59999 17.0538
      vertex 0.21037 -4.59999 17.0798
      vertex -0.21037 -4.59999 17.0798
    endloop
  endfacet
  facet normal 0 -1 0
    outer loop
      vertex -0.218452 -4.59999 17.0538
      vertex 0.218452 -4.59999 17.0538
      vertex 0.21037 -4.59999 17.0798
    endloop
  endfacet
  facet normal 0 -1 0
    outer loop
      vertex -0.22335 -4.59999 17.0271
      vertex 0.218452 -4.59999 17.0538
      vertex -0.218452 -4.59999 17.0538
    endloop
  endfacet
  facet normal 0 -1 0
    outer loop
      vertex -0.22335 -4.59999 17.0271
      vertex 0.22335 -4.59999 17.0271
      vertex 0.218452 -4.59999 17.0538
    endloop
  endfacet
  facet normal 0 -1 0
    outer loop
      vertex -0.224991 -4.59999 17
      vertex 0.22335 -4.59999 17.0271
      vertex -0.22335 -4.59999 17.0271
    endloop
  endfacet
  facet normal 0 -1 0
    outer loop
      vertex -0.224991 -4.59999 17
      vertex 0.224991 -4.59999 17
      vertex 0.22335 -4.59999 17.0271
    endloop
  endfacet
  facet normal 0 -1 0
    outer loop
      vertex -0.22335 -4.59999 16.9729
      vertex 0.224991 -4.59999 17
      vertex -0.224991 -4.59999 17
    endloop
  endfacet
  facet normal 0 -1 0
    outer loop
      vertex -0.22335 -4.59999 16.9729
      vertex 0.22335 -4.59999 16.9729
      vertex 0.224991 -4.59999 17
    endloop
  endfacet
  facet normal 0 -1 0
    outer loop
      vertex -0.218452 -4.59999 16.9462
      vertex 0.22335 -4.59999 16.9729
      vertex -0.22335 -4.59999 16.9729
    endloop
  endfacet
  facet normal 0 -1 0
    outer loop
      vertex -0.218452 -4.59999 16.9462
      vertex 0.218452 -4.59999 16.9462
      vertex 0.22335 -4.59999 16.9729
    endloop
  endfacet
  facet normal 0 -1 0
    outer loop
      vertex -0.21037 -4.59999 16.9202
      vertex 0.218452 -4.59999 16.9462
      vertex -0.218452 -4.59999 16.9462
    endloop
  endfacet
  facet normal 0 -1 0
    outer loop
      vertex -0.21037 -4.59999 16.9202
      vertex 0.21037 -4.59999 16.9202
      vertex 0.218452 -4.59999 16.9462
    endloop
  endfacet
  facet normal 0 -1 0
    outer loop
      vertex -0.199219 -4.59999 16.8954
      vertex 0.21037 -4.59999 16.9202
      vertex -0.21037 -4.59999 16.9202
    endloop
  endfacet
  facet normal 0 -1 0
    outer loop
      vertex -0.199219 -4.59999 16.8954
      vertex 0.199219 -4.59999 16.8954
      vertex 0.21037 -4.59999 16.9202
    endloop
  endfacet
  facet normal 0 -1 0
    outer loop
      vertex -0.185163 -4.59999 16.8722
      vertex 0.199219 -4.59999 16.8954
      vertex -0.199219 -4.59999 16.8954
    endloop
  endfacet
  facet normal 0 -1 0
    outer loop
      vertex -0.185163 -4.59999 16.8722
      vertex 0.185163 -4.59999 16.8722
      vertex 0.199219 -4.59999 16.8954
    endloop
  endfacet
  facet normal 0 -1 0
    outer loop
      vertex -0.168407 -4.59999 16.8508
      vertex 0.185163 -4.59999 16.8722
      vertex -0.185163 -4.59999 16.8722
    endloop
  endfacet
  facet normal 0 -1 0
    outer loop
      vertex -0.168407 -4.59999 16.8508
      vertex 0.168407 -4.59999 16.8508
      vertex 0.185163 -4.59999 16.8722
    endloop
  endfacet
  facet normal 0 -1 0
    outer loop
      vertex -0.149196 -4.59999 16.8316
      vertex 0.168407 -4.59999 16.8508
      vertex -0.168407 -4.59999 16.8508
    endloop
  endfacet
  facet normal 0 -1 0
    outer loop
      vertex -0.149196 -4.59999 16.8316
      vertex 0.149196 -4.59999 16.8316
      vertex 0.168407 -4.59999 16.8508
    endloop
  endfacet
  facet normal 0 -1 0
    outer loop
      vertex -0.127809 -4.59999 16.8148
      vertex 0.149196 -4.59999 16.8316
      vertex -0.149196 -4.59999 16.8316
    endloop
  endfacet
  facet normal 0 -1 0
    outer loop
      vertex -0.127809 -4.59999 16.8148
      vertex 0.127809 -4.59999 16.8148
      vertex 0.149196 -4.59999 16.8316
    endloop
  endfacet
  facet normal 0 -1 0
    outer loop
      vertex -0.104558 -4.59999 16.8008
      vertex 0.127809 -4.59999 16.8148
      vertex -0.127809 -4.59999 16.8148
    endloop
  endfacet
  facet normal 0 -1 0
    outer loop
      vertex -0.104558 -4.59999 16.8008
      vertex 0.104558 -4.59999 16.8008
      vertex 0.127809 -4.59999 16.8148
    endloop
  endfacet
  facet normal 0 -1 0
    outer loop
      vertex -0.0797825 -4.59999 16.7896
      vertex 0.104558 -4.59999 16.8008
      vertex -0.104558 -4.59999 16.8008
    endloop
  endfacet
  facet normal 0 -1 0
    outer loop
      vertex -0.0797825 -4.59999 16.7896
      vertex 0.0797825 -4.59999 16.7896
      vertex 0.104558 -4.59999 16.8008
    endloop
  endfacet
  facet normal 0 -1 0
    outer loop
      vertex -0.0538435 -4.59999 16.7815
      vertex 0.0797825 -4.59999 16.7896
      vertex -0.0797825 -4.59999 16.7896
    endloop
  endfacet
  facet normal 0 -1 0
    outer loop
      vertex -0.0538435 -4.59999 16.7815
      vertex 0.0538435 -4.59999 16.7815
      vertex 0.0797825 -4.59999 16.7896
    endloop
  endfacet
  facet normal 0 -1 0
    outer loop
      vertex -0.0271196 -4.59999 16.7766
      vertex 0.0538435 -4.59999 16.7815
      vertex -0.0538435 -4.59999 16.7815
    endloop
  endfacet
  facet normal 0 -1 0
    outer loop
      vertex -0.0271196 -4.59999 16.7766
      vertex 0.0271196 -4.59999 16.7766
      vertex 0.0538435 -4.59999 16.7815
    endloop
  endfacet
  facet normal -0 -1 0
    outer loop
      vertex 0.0271196 -4.59999 16.7766
      vertex -0.0271196 -4.59999 16.7766
      vertex 0 -4.59999 16.775
    endloop
  endfacet
  facet normal 0.382287 -0.921385 0.0700404
    outer loop
      vertex 1.60205 -4 17.3949
      vertex 0.218452 -4.59999 17.0538
      vertex 1.63796 -4 17.1989
    endloop
  endfacet
  facet normal -0.27475 -0.921378 -0.274908
    outer loop
      vertex -1.23504 -4 15.9059
      vertex -0.149196 -4.59999 16.8316
      vertex -0.168407 -4.59999 16.8508
    endloop
  endfacet
  facet normal -0.274833 -0.921382 -0.274813
    outer loop
      vertex -0.149196 -4.59999 16.8316
      vertex -1.23504 -4 15.9059
      vertex -1.09415 -4 15.765
    endloop
  endfacet
  facet normal 0.306019 -0.921379 -0.23961
    outer loop
      vertex 0.185163 -4.59999 16.8722
      vertex 0.168407 -4.59999 16.8508
      vertex 1.23504 -4 15.9059
    endloop
  endfacet
  facet normal -0.0228882 -0.921396 -0.38795
    outer loop
      vertex 0 -4.59999 16.775
      vertex -0.0271196 -4.59999 16.7766
      vertex 0 -4 15.35
    endloop
  endfacet
  facet normal 0.387941 -0.921385 0.0234912
    outer loop
      vertex 1.63796 -4 17.1989
      vertex 0.22335 -4.59999 17.0271
      vertex 0.224991 -4.59999 17
    endloop
  endfacet
  facet normal -0.0228919 -0.92137 0.388011
    outer loop
      vertex 0 -4.59999 17.225
      vertex -0.198884 -4 18.638
      vertex -0.0271196 -4.59999 17.2234
    endloop
  endfacet
  facet normal -0.0700944 -0.921382 0.382285
    outer loop
      vertex -0.0271196 -4.59999 17.2234
      vertex -0.198884 -4 18.638
      vertex -0.0538435 -4.59999 17.2185
    endloop
  endfacet
  facet normal -0.332592 -0.921385 -0.201077
    outer loop
      vertex -0.185163 -4.59999 16.8722
      vertex -1.461 -4 16.2332
      vertex -1.35792 -4 16.0627
    endloop
  endfacet
  facet normal -0.16008 -0.9214 -0.354114
    outer loop
      vertex -0.104558 -4.59999 16.8008
      vertex -0.76679 -4 15.539
      vertex -0.0797825 -4.59999 16.7896
    endloop
  endfacet
  facet normal 0.24007 -0.921393 0.305617
    outer loop
      vertex 1.09415 -4 18.235
      vertex 0.127809 -4.59999 17.1852
      vertex 0.149196 -4.59999 17.1684
    endloop
  endfacet
  facet normal 0.371117 -0.921392 0.11536
    outer loop
      vertex 1.60205 -4 17.3949
      vertex 0.21037 -4.59999 17.0798
      vertex 0.218452 -4.59999 17.0538
    endloop
  endfacet
  facet normal -0.332424 -0.921375 -0.201403
    outer loop
      vertex -0.199219 -4.59999 16.8954
      vertex -1.461 -4 16.2332
      vertex -0.185163 -4.59999 16.8722
    endloop
  endfacet
  facet normal 0.239719 -0.921379 0.305933
    outer loop
      vertex 0.937303 -4 18.3579
      vertex 0.127809 -4.59999 17.1852
      vertex 1.09415 -4 18.235
    endloop
  endfacet
  facet normal 0.2011 -0.92138 0.332591
    outer loop
      vertex 0.76679 -4 18.461
      vertex 0.127809 -4.59999 17.1852
      vertex 0.937303 -4 18.3579
    endloop
  endfacet
  facet normal 0.382287 -0.921385 -0.0700404
    outer loop
      vertex 1.63796 -4 16.8011
      vertex 0.218452 -4.59999 16.9462
      vertex 1.60205 -4 16.6051
    endloop
  endfacet
  facet normal 0.274833 -0.921382 0.274813
    outer loop
      vertex 0.149196 -4.59999 17.1684
      vertex 1.23504 -4 18.0941
      vertex 1.09415 -4 18.235
    endloop
  endfacet
  facet normal 0.27475 -0.921378 0.274908
    outer loop
      vertex 1.23504 -4 18.0941
      vertex 0.149196 -4.59999 17.1684
      vertex 0.168407 -4.59999 17.1492
    endloop
  endfacet
  facet normal 0.332424 -0.921375 0.201403
    outer loop
      vertex 1.461 -4 17.7668
      vertex 0.185163 -4.59999 17.1278
      vertex 0.199219 -4.59999 17.1046
    endloop
  endfacet
  facet normal 0.371049 -0.921384 0.115646
    outer loop
      vertex 1.54277 -4 17.5851
      vertex 0.21037 -4.59999 17.0798
      vertex 1.60205 -4 17.3949
    endloop
  endfacet
  facet normal 0.332424 -0.921375 -0.201403
    outer loop
      vertex 0.199219 -4.59999 16.8954
      vertex 0.185163 -4.59999 16.8722
      vertex 1.461 -4 16.2332
    endloop
  endfacet
  facet normal 0.382277 -0.921383 0.0701271
    outer loop
      vertex 1.63796 -4 17.1989
      vertex 0.218452 -4.59999 17.0538
      vertex 0.22335 -4.59999 17.0271
    endloop
  endfacet
  facet normal 0.387945 -0.921384 0.0234639
    outer loop
      vertex 1.63796 -4 17.1989
      vertex 0.224991 -4.59999 17
      vertex 1.64999 -4 17
    endloop
  endfacet
  facet normal 0.306019 -0.921379 0.23961
    outer loop
      vertex 1.23504 -4 18.0941
      vertex 0.168407 -4.59999 17.1492
      vertex 0.185163 -4.59999 17.1278
    endloop
  endfacet
  facet normal 0.354418 -0.921384 -0.159498
    outer loop
      vertex 1.54277 -4 16.4149
      vertex 0.21037 -4.59999 16.9202
      vertex 1.461 -4 16.2332
    endloop
  endfacet
  facet normal 0.16008 -0.9214 0.354114
    outer loop
      vertex 0.76679 -4 18.461
      vertex 0.0797825 -4.59999 17.2104
      vertex 0.104558 -4.59999 17.1992
    endloop
  endfacet
  facet normal 0.24007 -0.921393 -0.305617
    outer loop
      vertex 0.149196 -4.59999 16.8316
      vertex 0.127809 -4.59999 16.8148
      vertex 1.09415 -4 15.765
    endloop
  endfacet
  facet normal 0.20046 -0.921401 -0.332921
    outer loop
      vertex 0.127809 -4.59999 16.8148
      vertex 0.104558 -4.59999 16.8008
      vertex 0.76679 -4 15.539
    endloop
  endfacet
  facet normal 0.354418 -0.921384 0.159498
    outer loop
      vertex 1.461 -4 17.7668
      vertex 0.21037 -4.59999 17.0798
      vertex 1.54277 -4 17.5851
    endloop
  endfacet
  facet normal 0.115491 -0.921381 0.371105
    outer loop
      vertex 0.394869 -4 18.602
      vertex 0.0797825 -4.59999 17.2104
      vertex 0.585095 -4 18.5428
    endloop
  endfacet
  facet normal 0.115858 -0.92137 0.371017
    outer loop
      vertex 0.394869 -4 18.602
      vertex 0.0538435 -4.59999 17.2185
      vertex 0.0797825 -4.59999 17.2104
    endloop
  endfacet
  facet normal 0.20046 -0.921401 0.332921
    outer loop
      vertex 0.76679 -4 18.461
      vertex 0.104558 -4.59999 17.1992
      vertex 0.127809 -4.59999 17.1852
    endloop
  endfacet
  facet normal 0.261466 0 0.965213
    outer loop
      vertex -9.87975 -1.7 4.13189
      vertex -9.68827 -3.09999 4.08002
      vertex -9.68827 -1.7 4.08002
    endloop
  endfacet
  facet normal 0.261466 0 0.965213
    outer loop
      vertex -9.68827 -3.09999 4.08002
      vertex -9.87975 -1.7 4.13189
      vertex -9.87975 -3.09999 4.13189
    endloop
  endfacet
  facet normal 0.386598 0 0.922248
    outer loop
      vertex -10.2503 -1.7 4.27298
      vertex -10.0674 -3.09999 4.19631
      vertex -10.0674 -1.7 4.19631
    endloop
  endfacet
  facet normal 0.386598 0 0.922248
    outer loop
      vertex -10.0674 -3.09999 4.19631
      vertex -10.2503 -1.7 4.27298
      vertex -10.2503 -3.09999 4.27298
    endloop
  endfacet
  facet normal -0.0660841 0 0.997814
    outer loop
      vertex 9.09919 -1.7 4.00164
      vertex 9.29714 -3.09999 4.01475
      vertex 9.29714 -1.7 4.01475
    endloop
  endfacet
  facet normal -0.0660841 0 0.997814
    outer loop
      vertex 9.29714 -3.09999 4.01475
      vertex 9.09919 -1.7 4.00164
      vertex 9.09919 -3.09999 4.00164
    endloop
  endfacet
  facet normal -0.614342 0 0.78904
    outer loop
      vertex 10.7634 -1.7 4.57295
      vertex 10.9199 -3.09999 4.6948
      vertex 10.9199 -1.7 4.6948
    endloop
  endfacet
  facet normal -0.614342 0 0.78904
    outer loop
      vertex 10.9199 -3.09999 4.6948
      vertex 10.7634 -1.7 4.57295
      vertex 10.7634 -3.09999 4.57295
    endloop
  endfacet
  facet normal -0 0 1
    outer loop
      vertex -9.09919 -1.7 4.00164
      vertex 9.09919 -3.09999 4.00164
      vertex 9.09919 -1.7 4.00164
    endloop
  endfacet
  facet normal 0 0 1
    outer loop
      vertex 9.09919 -3.09999 4.00164
      vertex -9.09919 -1.7 4.00164
      vertex -9.09919 -3.09999 4.00164
    endloop
  endfacet
  facet normal -0.998779 0 0.0493996
    outer loop
      vertex 11.9898 -3.09999 6.75226
      vertex 11.9996 -1.7 6.9504
      vertex 11.9898 -1.7 6.75226
    endloop
  endfacet
  facet normal -0.998779 0 0.0493996
    outer loop
      vertex 11.9996 -1.7 6.9504
      vertex 11.9898 -3.09999 6.75226
      vertex 11.9996 -3.09999 6.9504
    endloop
  endfacet
  facet normal -0.95106 0 0.309005
    outer loop
      vertex 11.821 -3.09999 5.97912
      vertex 11.8823 -1.7 6.16779
      vertex 11.821 -1.7 5.97912
    endloop
  endfacet
  facet normal -0.95106 0 0.309005
    outer loop
      vertex 11.8823 -1.7 6.16779
      vertex 11.821 -3.09999 5.97912
      vertex 11.8823 -3.09999 6.16779
    endloop
  endfacet
  facet normal -0.131923 0 0.99126
    outer loop
      vertex 9.29714 -1.7 4.01475
      vertex 9.49378 -3.09999 4.04092
      vertex 9.49378 -1.7 4.04092
    endloop
  endfacet
  facet normal -0.131923 0 0.99126
    outer loop
      vertex 9.49378 -3.09999 4.04092
      vertex 9.29714 -1.7 4.01475
      vertex 9.29714 -3.09999 4.01475
    endloop
  endfacet
  facet normal 1 0 0
    outer loop
      vertex -12 -3.09999 29.5958
      vertex -12 -1.7 29.5958
      vertex -12 -2.38267 29.99
    endloop
  endfacet
  facet normal 1 0 0
    outer loop
      vertex -12 -3.09999 29.5958
      vertex -12 -2.38267 29.99
      vertex -12 -2.41731 29.99
    endloop
  endfacet
  facet normal 1 0 1.76636e-05
    outer loop
      vertex -12 -1.7 29.5958
      vertex -12 -3.09999 29.5958
      vertex -11.9996 -1.7 6.9504
    endloop
  endfacet
  facet normal 1 0 1.76636e-05
    outer loop
      vertex -11.9996 -1.7 6.9504
      vertex -12 -3.09999 29.5958
      vertex -11.9996 -3.09999 6.9504
    endloop
  endfacet
  facet normal -0.324698 0 0.945818
    outer loop
      vertex 9.87975 -1.7 4.13189
      vertex 10.0674 -3.09999 4.19631
      vertex 10.0674 -1.7 4.19631
    endloop
  endfacet
  facet normal -0.324698 0 0.945818
    outer loop
      vertex 10.0674 -3.09999 4.19631
      vertex 9.87975 -1.7 4.13189
      vertex 9.87975 -3.09999 4.13189
    endloop
  endfacet
  facet normal 0.0660841 0 0.997814
    outer loop
      vertex -9.29714 -1.7 4.01475
      vertex -9.09919 -3.09999 4.00164
      vertex -9.09919 -1.7 4.00164
    endloop
  endfacet
  facet normal 0.0660841 0 0.997814
    outer loop
      vertex -9.09919 -3.09999 4.00164
      vertex -9.29714 -1.7 4.01475
      vertex -9.29714 -3.09999 4.01475
    endloop
  endfacet
  facet normal -0.928449 0 0.37146
    outer loop
      vertex 11.7473 -3.09999 5.79491
      vertex 11.821 -1.7 5.97912
      vertex 11.7473 -1.7 5.79491
    endloop
  endfacet
  facet normal -0.928449 0 0.37146
    outer loop
      vertex 11.821 -1.7 5.97912
      vertex 11.7473 -3.09999 5.79491
      vertex 11.821 -3.09999 5.97912
    endloop
  endfacet
  facet normal 0.504642 0 0.863329
    outer loop
      vertex -10.5991 -1.7 4.46171
      vertex -10.4278 -3.09999 4.36158
      vertex -10.4278 -1.7 4.36158
    endloop
  endfacet
  facet normal 0.504642 0 0.863329
    outer loop
      vertex -10.4278 -3.09999 4.36158
      vertex -10.5991 -1.7 4.46171
      vertex -10.5991 -3.09999 4.46171
    endloop
  endfacet
  facet normal 0.998779 -0 0.0493996
    outer loop
      vertex -11.9996 -3.09999 6.9504
      vertex -11.9898 -1.7 6.75226
      vertex -11.9996 -1.7 6.9504
    endloop
  endfacet
  facet normal 0.998779 0 0.0493996
    outer loop
      vertex -11.9898 -1.7 6.75226
      vertex -11.9996 -3.09999 6.9504
      vertex -11.9898 -3.09999 6.75226
    endloop
  endfacet
  facet normal -0.712955 0 0.70121
    outer loop
      vertex 11.0681 -3.09999 4.82673
      vertex 11.2072 -1.7 4.96816
      vertex 11.0681 -1.7 4.82673
    endloop
  endfacet
  facet normal -0.712955 0 0.70121
    outer loop
      vertex 11.2072 -1.7 4.96816
      vertex 11.0681 -3.09999 4.82673
      vertex 11.2072 -3.09999 4.96816
    endloop
  endfacet
  facet normal 0.446609 0 0.894729
    outer loop
      vertex -10.4278 -1.7 4.36158
      vertex -10.2503 -3.09999 4.27298
      vertex -10.2503 -1.7 4.27298
    endloop
  endfacet
  facet normal 0.446609 0 0.894729
    outer loop
      vertex -10.2503 -3.09999 4.27298
      vertex -10.4278 -1.7 4.36158
      vertex -10.4278 -3.09999 4.36158
    endloop
  endfacet
  facet normal -1 0 -0
    outer loop
      vertex 12 -2.39999 30
      vertex 12 -2.38267 29.99
      vertex 12 -2.41731 29.99
    endloop
  endfacet
  facet normal 0.131923 0 0.99126
    outer loop
      vertex -9.49378 -1.7 4.04092
      vertex -9.29714 -3.09999 4.01475
      vertex -9.29714 -1.7 4.01475
    endloop
  endfacet
  facet normal 0.131923 0 0.99126
    outer loop
      vertex -9.29714 -3.09999 4.01475
      vertex -9.49378 -1.7 4.04092
      vertex -9.49378 -3.09999 4.04092
    endloop
  endfacet
  facet normal -1 0 1.76636e-05
    outer loop
      vertex 12 -3.09999 29.5958
      vertex 12 -1.7 29.5958
      vertex 11.9996 -1.7 6.9504
    endloop
  endfacet
  facet normal -1 0 0
    outer loop
      vertex 12 -1.7 29.5958
      vertex 12 -3.09999 29.5958
      vertex 12 -2.38267 29.99
    endloop
  endfacet
  facet normal -1 0 1.76636e-05
    outer loop
      vertex 12 -3.09999 29.5958
      vertex 11.9996 -1.7 6.9504
      vertex 11.9996 -3.09999 6.9504
    endloop
  endfacet
  facet normal -1 -0 0
    outer loop
      vertex 12 -2.38267 29.99
      vertex 12 -3.09999 29.5958
      vertex 12 -2.41731 29.99
    endloop
  endfacet
  facet normal 0.324698 0 0.945818
    outer loop
      vertex -10.0674 -1.7 4.19631
      vertex -9.87975 -3.09999 4.13189
      vertex -9.87975 -1.7 4.13189
    endloop
  endfacet
  facet normal 0.324698 0 0.945818
    outer loop
      vertex -9.87975 -3.09999 4.13189
      vertex -10.0674 -1.7 4.19631
      vertex -10.0674 -3.09999 4.19631
    endloop
  endfacet
  facet normal 0.993257 -0 0.115935
    outer loop
      vertex -11.9898 -3.09999 6.75226
      vertex -11.9668 -1.7 6.55521
      vertex -11.9898 -1.7 6.75226
    endloop
  endfacet
  facet normal 0.993257 0 0.115935
    outer loop
      vertex -11.9668 -1.7 6.55521
      vertex -11.9898 -3.09999 6.75226
      vertex -11.9668 -3.09999 6.55521
    endloop
  endfacet
  facet normal 0.614342 0 0.78904
    outer loop
      vertex -10.9199 -1.7 4.6948
      vertex -10.7634 -3.09999 4.57295
      vertex -10.7634 -1.7 4.57295
    endloop
  endfacet
  facet normal 0.614342 0 0.78904
    outer loop
      vertex -10.7634 -3.09999 4.57295
      vertex -10.9199 -1.7 4.6948
      vertex -10.9199 -3.09999 4.6948
    endloop
  endfacet
  facet normal -0.757853 0 0.652426
    outer loop
      vertex 11.2072 -3.09999 4.96816
      vertex 11.3366 -1.7 5.11847
      vertex 11.2072 -1.7 4.96816
    endloop
  endfacet
  facet normal -0.757853 0 0.652426
    outer loop
      vertex 11.3366 -1.7 5.11847
      vertex 11.2072 -3.09999 4.96816
      vertex 11.3366 -3.09999 5.11847
    endloop
  endfacet
  facet normal -0.98358 0 0.180473
    outer loop
      vertex 11.931 -3.09999 6.3601
      vertex 11.9668 -1.7 6.55521
      vertex 11.931 -1.7 6.3601
    endloop
  endfacet
  facet normal -0.98358 0 0.180473
    outer loop
      vertex 11.9668 -1.7 6.55521
      vertex 11.931 -3.09999 6.3601
      vertex 11.9668 -3.09999 6.55521
    endloop
  endfacet
  facet normal 0.560641 0 0.828059
    outer loop
      vertex -10.7634 -1.7 4.57295
      vertex -10.5991 -3.09999 4.46171
      vertex -10.5991 -1.7 4.46171
    endloop
  endfacet
  facet normal 0.560641 0 0.828059
    outer loop
      vertex -10.5991 -3.09999 4.46171
      vertex -10.7634 -1.7 4.57295
      vertex -10.7634 -3.09999 4.57295
    endloop
  endfacet
  facet normal -0.197095 0 0.980384
    outer loop
      vertex 9.49378 -1.7 4.04092
      vertex 9.68827 -3.09999 4.08002
      vertex 9.68827 -1.7 4.08002
    endloop
  endfacet
  facet normal -0.197095 0 0.980384
    outer loop
      vertex 9.68827 -3.09999 4.08002
      vertex 9.49378 -1.7 4.04092
      vertex 9.49378 -3.09999 4.04092
    endloop
  endfacet
  facet normal -0.664917 0 0.746917
    outer loop
      vertex 10.9199 -1.7 4.6948
      vertex 11.0681 -3.09999 4.82673
      vertex 11.0681 -1.7 4.82673
    endloop
  endfacet
  facet normal -0.664917 0 0.746917
    outer loop
      vertex 11.0681 -3.09999 4.82673
      vertex 10.9199 -1.7 4.6948
      vertex 10.9199 -3.09999 4.6948
    endloop
  endfacet
  facet normal 0.902086 -0 0.431557
    outer loop
      vertex -11.7473 -3.09999 5.79491
      vertex -11.6617 -1.7 5.61598
      vertex -11.7473 -1.7 5.79491
    endloop
  endfacet
  facet normal 0.902086 0 0.431557
    outer loop
      vertex -11.6617 -1.7 5.61598
      vertex -11.7473 -3.09999 5.79491
      vertex -11.6617 -3.09999 5.61598
    endloop
  endfacet
  facet normal -0.560641 0 0.828059
    outer loop
      vertex 10.5991 -1.7 4.46171
      vertex 10.7634 -3.09999 4.57295
      vertex 10.7634 -1.7 4.57295
    endloop
  endfacet
  facet normal -0.560641 0 0.828059
    outer loop
      vertex 10.7634 -3.09999 4.57295
      vertex 10.5991 -1.7 4.46171
      vertex 10.5991 -3.09999 4.46171
    endloop
  endfacet
  facet normal 1 0 0
    outer loop
      vertex -12 -2.38267 29.99
      vertex -12 -2.39999 30
      vertex -12 -2.41731 29.99
    endloop
  endfacet
  facet normal 0.664917 0 0.746917
    outer loop
      vertex -11.0681 -1.7 4.82673
      vertex -10.9199 -3.09999 4.6948
      vertex -10.9199 -1.7 4.6948
    endloop
  endfacet
  facet normal 0.664917 0 0.746917
    outer loop
      vertex -10.9199 -3.09999 4.6948
      vertex -11.0681 -1.7 4.82673
      vertex -11.0681 -3.09999 4.82673
    endloop
  endfacet
  facet normal 0.837179 -0 0.546929
    outer loop
      vertex -11.5644 -3.09999 5.44309
      vertex -11.4559 -1.7 5.27701
      vertex -11.5644 -1.7 5.44309
    endloop
  endfacet
  facet normal 0.837179 0 0.546929
    outer loop
      vertex -11.4559 -1.7 5.27701
      vertex -11.5644 -3.09999 5.44309
      vertex -11.4559 -3.09999 5.27701
    endloop
  endfacet
  facet normal -0.504642 0 0.863329
    outer loop
      vertex 10.4278 -1.7 4.36158
      vertex 10.5991 -3.09999 4.46171
      vertex 10.5991 -1.7 4.46171
    endloop
  endfacet
  facet normal -0.504642 0 0.863329
    outer loop
      vertex 10.5991 -3.09999 4.46171
      vertex 10.4278 -1.7 4.36158
      vertex 10.4278 -3.09999 4.36158
    endloop
  endfacet
  facet normal 0.9694 -0 0.245488
    outer loop
      vertex -11.931 -3.09999 6.3601
      vertex -11.8823 -1.7 6.16779
      vertex -11.931 -1.7 6.3601
    endloop
  endfacet
  facet normal 0.9694 0 0.245488
    outer loop
      vertex -11.8823 -1.7 6.16779
      vertex -11.931 -3.09999 6.3601
      vertex -11.8823 -3.09999 6.16779
    endloop
  endfacet
  facet normal -0.261466 0 0.965213
    outer loop
      vertex 9.68827 -1.7 4.08002
      vertex 9.87975 -3.09999 4.13189
      vertex 9.87975 -1.7 4.13189
    endloop
  endfacet
  facet normal -0.261466 0 0.965213
    outer loop
      vertex 9.87975 -3.09999 4.13189
      vertex 9.68827 -1.7 4.08002
      vertex 9.68827 -3.09999 4.08002
    endloop
  endfacet
  facet normal 0.98358 -0 0.180473
    outer loop
      vertex -11.9668 -3.09999 6.55521
      vertex -11.931 -1.7 6.3601
      vertex -11.9668 -1.7 6.55521
    endloop
  endfacet
  facet normal 0.98358 0 0.180473
    outer loop
      vertex -11.931 -1.7 6.3601
      vertex -11.9668 -3.09999 6.55521
      vertex -11.931 -3.09999 6.3601
    endloop
  endfacet
  facet normal 0.871469 -0 0.49045
    outer loop
      vertex -11.6617 -3.09999 5.61598
      vertex -11.5644 -1.7 5.44309
      vertex -11.6617 -1.7 5.61598
    endloop
  endfacet
  facet normal 0.871469 0 0.49045
    outer loop
      vertex -11.5644 -1.7 5.44309
      vertex -11.6617 -3.09999 5.61598
      vertex -11.5644 -3.09999 5.44309
    endloop
  endfacet
  facet normal 0.799043 -0 0.601273
    outer loop
      vertex -11.4559 -3.09999 5.27701
      vertex -11.3366 -1.7 5.11847
      vertex -11.4559 -1.7 5.27701
    endloop
  endfacet
  facet normal 0.799043 0 0.601273
    outer loop
      vertex -11.3366 -1.7 5.11847
      vertex -11.4559 -3.09999 5.27701
      vertex -11.3366 -3.09999 5.11847
    endloop
  endfacet
  facet normal 0.197095 0 0.980384
    outer loop
      vertex -9.68827 -1.7 4.08002
      vertex -9.49378 -3.09999 4.04092
      vertex -9.49378 -1.7 4.04092
    endloop
  endfacet
  facet normal 0.197095 0 0.980384
    outer loop
      vertex -9.49378 -3.09999 4.04092
      vertex -9.68827 -1.7 4.08002
      vertex -9.68827 -3.09999 4.08002
    endloop
  endfacet
  facet normal -0.993257 0 0.115935
    outer loop
      vertex 11.9668 -3.09999 6.55521
      vertex 11.9898 -1.7 6.75226
      vertex 11.9668 -1.7 6.55521
    endloop
  endfacet
  facet normal -0.993257 0 0.115935
    outer loop
      vertex 11.9898 -1.7 6.75226
      vertex 11.9668 -3.09999 6.55521
      vertex 11.9898 -3.09999 6.75226
    endloop
  endfacet
  facet normal 0.928449 -0 0.37146
    outer loop
      vertex -11.821 -3.09999 5.97912
      vertex -11.7473 -1.7 5.79491
      vertex -11.821 -1.7 5.97912
    endloop
  endfacet
  facet normal 0.928449 0 0.37146
    outer loop
      vertex -11.7473 -1.7 5.79491
      vertex -11.821 -3.09999 5.97912
      vertex -11.7473 -3.09999 5.79491
    endloop
  endfacet
  facet normal -0.799043 0 0.601273
    outer loop
      vertex 11.3366 -3.09999 5.11847
      vertex 11.4559 -1.7 5.27701
      vertex 11.3366 -1.7 5.11847
    endloop
  endfacet
  facet normal -0.799043 0 0.601273
    outer loop
      vertex 11.4559 -1.7 5.27701
      vertex 11.3366 -3.09999 5.11847
      vertex 11.4559 -3.09999 5.27701
    endloop
  endfacet
  facet normal -0.902086 0 0.431557
    outer loop
      vertex 11.6617 -3.09999 5.61598
      vertex 11.7473 -1.7 5.79491
      vertex 11.6617 -1.7 5.61598
    endloop
  endfacet
  facet normal -0.902086 0 0.431557
    outer loop
      vertex 11.7473 -1.7 5.79491
      vertex 11.6617 -3.09999 5.61598
      vertex 11.7473 -3.09999 5.79491
    endloop
  endfacet
  facet normal 0.95106 -0 0.309005
    outer loop
      vertex -11.8823 -3.09999 6.16779
      vertex -11.821 -1.7 5.97912
      vertex -11.8823 -1.7 6.16779
    endloop
  endfacet
  facet normal 0.95106 0 0.309005
    outer loop
      vertex -11.821 -1.7 5.97912
      vertex -11.8823 -3.09999 6.16779
      vertex -11.821 -3.09999 5.97912
    endloop
  endfacet
  facet normal -0.837179 0 0.546929
    outer loop
      vertex 11.4559 -3.09999 5.27701
      vertex 11.5644 -1.7 5.44309
      vertex 11.4559 -1.7 5.27701
    endloop
  endfacet
  facet normal -0.837179 0 0.546929
    outer loop
      vertex 11.5644 -1.7 5.44309
      vertex 11.4559 -3.09999 5.27701
      vertex 11.5644 -3.09999 5.44309
    endloop
  endfacet
  facet normal 0 -1 0
    outer loop
      vertex -11.9996 -1.7 6.9504
      vertex 12 -1.7 29.5958
      vertex -12 -1.7 29.5958
    endloop
  endfacet
  facet normal 0 -1 0
    outer loop
      vertex -11.9996 -1.7 6.9504
      vertex 11.9996 -1.7 6.9504
      vertex 12 -1.7 29.5958
    endloop
  endfacet
  facet normal 0 -1 0
    outer loop
      vertex -9.09919 -1.7 4.00164
      vertex -11.9996 -1.7 6.9504
      vertex -11.9898 -1.7 6.75226
    endloop
  endfacet
  facet normal 0 -1 0
    outer loop
      vertex -11.9996 -1.7 6.9504
      vertex -9.09919 -1.7 4.00164
      vertex 11.9996 -1.7 6.9504
    endloop
  endfacet
  facet normal 0 -1 0
    outer loop
      vertex -9.09919 -1.7 4.00164
      vertex -11.9898 -1.7 6.75226
      vertex -11.9668 -1.7 6.55521
    endloop
  endfacet
  facet normal 0 -1 0
    outer loop
      vertex 9.09919 -1.7 4.00164
      vertex 11.9996 -1.7 6.9504
      vertex -9.09919 -1.7 4.00164
    endloop
  endfacet
  facet normal 0 -1 0
    outer loop
      vertex -9.09919 -1.7 4.00164
      vertex -11.9668 -1.7 6.55521
      vertex -11.931 -1.7 6.3601
    endloop
  endfacet
  facet normal 0 -1 0
    outer loop
      vertex 11.9996 -1.7 6.9504
      vertex 9.09919 -1.7 4.00164
      vertex 11.9898 -1.7 6.75226
    endloop
  endfacet
  facet normal 0 -1 0
    outer loop
      vertex -9.09919 -1.7 4.00164
      vertex -11.931 -1.7 6.3601
      vertex -11.8823 -1.7 6.16779
    endloop
  endfacet
  facet normal 0 -1 0
    outer loop
      vertex 11.9898 -1.7 6.75226
      vertex 9.09919 -1.7 4.00164
      vertex 11.9668 -1.7 6.55521
    endloop
  endfacet
  facet normal 0 -1 0
    outer loop
      vertex -9.09919 -1.7 4.00164
      vertex -11.8823 -1.7 6.16779
      vertex -11.821 -1.7 5.97912
    endloop
  endfacet
  facet normal 0 -1 0
    outer loop
      vertex 11.9668 -1.7 6.55521
      vertex 9.09919 -1.7 4.00164
      vertex 11.931 -1.7 6.3601
    endloop
  endfacet
  facet normal 0 -1 0
    outer loop
      vertex -9.09919 -1.7 4.00164
      vertex -11.821 -1.7 5.97912
      vertex -11.7473 -1.7 5.79491
    endloop
  endfacet
  facet normal 0 -1 0
    outer loop
      vertex 11.931 -1.7 6.3601
      vertex 9.09919 -1.7 4.00164
      vertex 11.8823 -1.7 6.16779
    endloop
  endfacet
  facet normal 0 -1 0
    outer loop
      vertex -9.09919 -1.7 4.00164
      vertex -11.7473 -1.7 5.79491
      vertex -11.6617 -1.7 5.61598
    endloop
  endfacet
  facet normal 0 -1 0
    outer loop
      vertex 11.8823 -1.7 6.16779
      vertex 9.09919 -1.7 4.00164
      vertex 11.821 -1.7 5.97912
    endloop
  endfacet
  facet normal 0 -1 0
    outer loop
      vertex -9.09919 -1.7 4.00164
      vertex -11.6617 -1.7 5.61598
      vertex -11.5644 -1.7 5.44309
    endloop
  endfacet
  facet normal 0 -1 0
    outer loop
      vertex 11.821 -1.7 5.97912
      vertex 9.09919 -1.7 4.00164
      vertex 11.7473 -1.7 5.79491
    endloop
  endfacet
  facet normal 0 -1 0
    outer loop
      vertex -9.09919 -1.7 4.00164
      vertex -11.5644 -1.7 5.44309
      vertex -11.4559 -1.7 5.27701
    endloop
  endfacet
  facet normal 0 -1 0
    outer loop
      vertex 11.7473 -1.7 5.79491
      vertex 9.09919 -1.7 4.00164
      vertex 11.6617 -1.7 5.61598
    endloop
  endfacet
  facet normal 0 -1 0
    outer loop
      vertex -9.09919 -1.7 4.00164
      vertex -11.4559 -1.7 5.27701
      vertex -11.3366 -1.7 5.11847
    endloop
  endfacet
  facet normal 0 -1 0
    outer loop
      vertex 11.6617 -1.7 5.61598
      vertex 9.09919 -1.7 4.00164
      vertex 11.5644 -1.7 5.44309
    endloop
  endfacet
  facet normal 0 -1 0
    outer loop
      vertex -9.09919 -1.7 4.00164
      vertex -11.3366 -1.7 5.11847
      vertex -11.2072 -1.7 4.96816
    endloop
  endfacet
  facet normal 0 -1 0
    outer loop
      vertex 11.5644 -1.7 5.44309
      vertex 9.09919 -1.7 4.00164
      vertex 11.4559 -1.7 5.27701
    endloop
  endfacet
  facet normal 0 -1 0
    outer loop
      vertex -9.09919 -1.7 4.00164
      vertex -11.2072 -1.7 4.96816
      vertex -11.0681 -1.7 4.82673
    endloop
  endfacet
  facet normal 0 -1 0
    outer loop
      vertex 11.4559 -1.7 5.27701
      vertex 9.09919 -1.7 4.00164
      vertex 11.3366 -1.7 5.11847
    endloop
  endfacet
  facet normal 0 -1 0
    outer loop
      vertex -9.09919 -1.7 4.00164
      vertex -11.0681 -1.7 4.82673
      vertex -10.9199 -1.7 4.6948
    endloop
  endfacet
  facet normal 0 -1 0
    outer loop
      vertex 11.3366 -1.7 5.11847
      vertex 9.09919 -1.7 4.00164
      vertex 11.2072 -1.7 4.96816
    endloop
  endfacet
  facet normal 0 -1 0
    outer loop
      vertex -9.09919 -1.7 4.00164
      vertex -10.9199 -1.7 4.6948
      vertex -10.7634 -1.7 4.57295
    endloop
  endfacet
  facet normal 0 -1 0
    outer loop
      vertex 11.2072 -1.7 4.96816
      vertex 9.09919 -1.7 4.00164
      vertex 11.0681 -1.7 4.82673
    endloop
  endfacet
  facet normal 0 -1 0
    outer loop
      vertex -9.09919 -1.7 4.00164
      vertex -10.7634 -1.7 4.57295
      vertex -10.5991 -1.7 4.46171
    endloop
  endfacet
  facet normal 0 -1 0
    outer loop
      vertex 11.0681 -1.7 4.82673
      vertex 9.09919 -1.7 4.00164
      vertex 10.9199 -1.7 4.6948
    endloop
  endfacet
  facet normal 0 -1 0
    outer loop
      vertex -9.09919 -1.7 4.00164
      vertex -10.5991 -1.7 4.46171
      vertex -10.4278 -1.7 4.36158
    endloop
  endfacet
  facet normal 0 -1 0
    outer loop
      vertex 10.9199 -1.7 4.6948
      vertex 9.09919 -1.7 4.00164
      vertex 10.7634 -1.7 4.57295
    endloop
  endfacet
  facet normal 0 -1 0
    outer loop
      vertex -9.09919 -1.7 4.00164
      vertex -10.4278 -1.7 4.36158
      vertex -10.2503 -1.7 4.27298
    endloop
  endfacet
  facet normal 0 -1 0
    outer loop
      vertex 10.7634 -1.7 4.57295
      vertex 9.09919 -1.7 4.00164
      vertex 10.5991 -1.7 4.46171
    endloop
  endfacet
  facet normal 0 -1 0
    outer loop
      vertex -9.09919 -1.7 4.00164
      vertex -10.2503 -1.7 4.27298
      vertex -10.0674 -1.7 4.19631
    endloop
  endfacet
  facet normal 0 -1 0
    outer loop
      vertex 10.5991 -1.7 4.46171
      vertex 9.09919 -1.7 4.00164
      vertex 10.4278 -1.7 4.36158
    endloop
  endfacet
  facet normal 0 -1 0
    outer loop
      vertex -9.09919 -1.7 4.00164
      vertex -10.0674 -1.7 4.19631
      vertex -9.87975 -1.7 4.13189
    endloop
  endfacet
  facet normal 0 -1 0
    outer loop
      vertex 10.4278 -1.7 4.36158
      vertex 9.09919 -1.7 4.00164
      vertex 10.2503 -1.7 4.27298
    endloop
  endfacet
  facet normal 0 -1 0
    outer loop
      vertex -9.09919 -1.7 4.00164
      vertex -9.87975 -1.7 4.13189
      vertex -9.68827 -1.7 4.08002
    endloop
  endfacet
  facet normal 0 -1 0
    outer loop
      vertex 10.2503 -1.7 4.27298
      vertex 9.09919 -1.7 4.00164
      vertex 10.0674 -1.7 4.19631
    endloop
  endfacet
  facet normal 0 -1 0
    outer loop
      vertex -9.09919 -1.7 4.00164
      vertex -9.68827 -1.7 4.08002
      vertex -9.49378 -1.7 4.04092
    endloop
  endfacet
  facet normal 0 -1 0
    outer loop
      vertex 10.0674 -1.7 4.19631
      vertex 9.09919 -1.7 4.00164
      vertex 9.87975 -1.7 4.13189
    endloop
  endfacet
  facet normal 0 -1 0
    outer loop
      vertex -9.09919 -1.7 4.00164
      vertex -9.49378 -1.7 4.04092
      vertex -9.29714 -1.7 4.01475
    endloop
  endfacet
  facet normal 0 -1 0
    outer loop
      vertex 9.87975 -1.7 4.13189
      vertex 9.09919 -1.7 4.00164
      vertex 9.68827 -1.7 4.08002
    endloop
  endfacet
  facet normal 0 -1 0
    outer loop
      vertex 9.68827 -1.7 4.08002
      vertex 9.09919 -1.7 4.00164
      vertex 9.49378 -1.7 4.04092
    endloop
  endfacet
  facet normal 0 -1 0
    outer loop
      vertex 9.49378 -1.7 4.04092
      vertex 9.09919 -1.7 4.00164
      vertex 9.29714 -1.7 4.01475
    endloop
  endfacet
  facet normal -0.9694 0 0.245488
    outer loop
      vertex 11.8823 -3.09999 6.16779
      vertex 11.931 -1.7 6.3601
      vertex 11.8823 -1.7 6.16779
    endloop
  endfacet
  facet normal -0.9694 0 0.245488
    outer loop
      vertex 11.931 -1.7 6.3601
      vertex 11.8823 -3.09999 6.16779
      vertex 11.931 -3.09999 6.3601
    endloop
  endfacet
  facet normal -0.871469 0 0.49045
    outer loop
      vertex 11.5644 -3.09999 5.44309
      vertex 11.6617 -1.7 5.61598
      vertex 11.5644 -1.7 5.44309
    endloop
  endfacet
  facet normal -0.871469 0 0.49045
    outer loop
      vertex 11.6617 -1.7 5.61598
      vertex 11.5644 -3.09999 5.44309
      vertex 11.6617 -3.09999 5.61598
    endloop
  endfacet
  facet normal 0.757853 -0 0.652426
    outer loop
      vertex -11.3366 -3.09999 5.11847
      vertex -11.2072 -1.7 4.96816
      vertex -11.3366 -1.7 5.11847
    endloop
  endfacet
  facet normal 0.757853 0 0.652426
    outer loop
      vertex -11.2072 -1.7 4.96816
      vertex -11.3366 -3.09999 5.11847
      vertex -11.2072 -3.09999 4.96816
    endloop
  endfacet
  facet normal 0.712955 -0 0.70121
    outer loop
      vertex -11.2072 -3.09999 4.96816
      vertex -11.0681 -1.7 4.82673
      vertex -11.2072 -1.7 4.96816
    endloop
  endfacet
  facet normal 0.712955 0 0.70121
    outer loop
      vertex -11.0681 -1.7 4.82673
      vertex -11.2072 -3.09999 4.96816
      vertex -11.0681 -3.09999 4.82673
    endloop
  endfacet
  facet normal -0.386598 0 0.922248
    outer loop
      vertex 10.0674 -1.7 4.19631
      vertex 10.2503 -3.09999 4.27298
      vertex 10.2503 -1.7 4.27298
    endloop
  endfacet
  facet normal -0.386598 0 0.922248
    outer loop
      vertex 10.2503 -3.09999 4.27298
      vertex 10.0674 -1.7 4.19631
      vertex 10.0674 -3.09999 4.19631
    endloop
  endfacet
  facet normal -0.446609 0 0.894729
    outer loop
      vertex 10.2503 -1.7 4.27298
      vertex 10.4278 -3.09999 4.36158
      vertex 10.4278 -1.7 4.36158
    endloop
  endfacet
  facet normal -0.446609 0 0.894729
    outer loop
      vertex 10.4278 -3.09999 4.36158
      vertex 10.2503 -1.7 4.27298
      vertex 10.2503 -3.09999 4.27298
    endloop
  endfacet
  facet normal 0 0.500052 -0.865995
    outer loop
      vertex -12 -3.09999 29.5958
      vertex 12 -2.41731 29.99
      vertex 12 -3.09999 29.5958
    endloop
  endfacet
  facet normal 0 0.500052 -0.865995
    outer loop
      vertex -12 -2.41731 29.99
      vertex 12 -2.41731 29.99
      vertex -12 -3.09999 29.5958
    endloop
  endfacet
  facet normal 0 0.500011 -0.866019
    outer loop
      vertex 12 -2.41731 29.99
      vertex -12 -2.41731 29.99
      vertex 12 -2.39999 30
    endloop
  endfacet
  facet normal 0 0.500011 -0.866019
    outer loop
      vertex 12 -2.39999 30
      vertex -12 -2.41731 29.99
      vertex -12 -2.39999 30
    endloop
  endfacet
  facet normal 0 1 -0
    outer loop
      vertex 11.9996 -3.09999 6.9504
      vertex -12 -3.09999 29.5958
      vertex 12 -3.09999 29.5958
    endloop
  endfacet
  facet normal 0 1 0
    outer loop
      vertex 11.9996 -3.09999 6.9504
      vertex -11.9996 -3.09999 6.9504
      vertex -12 -3.09999 29.5958
    endloop
  endfacet
  facet normal 0 1 0
    outer loop
      vertex 9.09919 -3.09999 4.00164
      vertex 11.9996 -3.09999 6.9504
      vertex 11.9898 -3.09999 6.75226
    endloop
  endfacet
  facet normal 0 1 0
    outer loop
      vertex 11.9996 -3.09999 6.9504
      vertex 9.09919 -3.09999 4.00164
      vertex -11.9996 -3.09999 6.9504
    endloop
  endfacet
  facet normal 0 1 0
    outer loop
      vertex 9.09919 -3.09999 4.00164
      vertex 11.9898 -3.09999 6.75226
      vertex 11.9668 -3.09999 6.55521
    endloop
  endfacet
  facet normal 0 1 -0
    outer loop
      vertex -9.09919 -3.09999 4.00164
      vertex -11.9996 -3.09999 6.9504
      vertex 9.09919 -3.09999 4.00164
    endloop
  endfacet
  facet normal 0 1 0
    outer loop
      vertex 9.09919 -3.09999 4.00164
      vertex 11.9668 -3.09999 6.55521
      vertex 11.931 -3.09999 6.3601
    endloop
  endfacet
  facet normal 0 1 0
    outer loop
      vertex -11.9996 -3.09999 6.9504
      vertex -9.09919 -3.09999 4.00164
      vertex -11.9898 -3.09999 6.75226
    endloop
  endfacet
  facet normal 0 1 0
    outer loop
      vertex 9.09919 -3.09999 4.00164
      vertex 11.931 -3.09999 6.3601
      vertex 11.8823 -3.09999 6.16779
    endloop
  endfacet
  facet normal 0 1 0
    outer loop
      vertex -11.9898 -3.09999 6.75226
      vertex -9.09919 -3.09999 4.00164
      vertex -11.9668 -3.09999 6.55521
    endloop
  endfacet
  facet normal 0 1 0
    outer loop
      vertex 9.09919 -3.09999 4.00164
      vertex 11.8823 -3.09999 6.16779
      vertex 11.821 -3.09999 5.97912
    endloop
  endfacet
  facet normal 0 1 0
    outer loop
      vertex -11.9668 -3.09999 6.55521
      vertex -9.09919 -3.09999 4.00164
      vertex -11.931 -3.09999 6.3601
    endloop
  endfacet
  facet normal 0 1 0
    outer loop
      vertex 9.09919 -3.09999 4.00164
      vertex 11.821 -3.09999 5.97912
      vertex 11.7473 -3.09999 5.79491
    endloop
  endfacet
  facet normal 0 1 0
    outer loop
      vertex -11.931 -3.09999 6.3601
      vertex -9.09919 -3.09999 4.00164
      vertex -11.8823 -3.09999 6.16779
    endloop
  endfacet
  facet normal 0 1 0
    outer loop
      vertex 9.09919 -3.09999 4.00164
      vertex 11.7473 -3.09999 5.79491
      vertex 11.6617 -3.09999 5.61598
    endloop
  endfacet
  facet normal 0 1 0
    outer loop
      vertex -11.8823 -3.09999 6.16779
      vertex -9.09919 -3.09999 4.00164
      vertex -11.821 -3.09999 5.97912
    endloop
  endfacet
  facet normal 0 1 0
    outer loop
      vertex 9.09919 -3.09999 4.00164
      vertex 11.6617 -3.09999 5.61598
      vertex 11.5644 -3.09999 5.44309
    endloop
  endfacet
  facet normal 0 1 0
    outer loop
      vertex -11.821 -3.09999 5.97912
      vertex -9.09919 -3.09999 4.00164
      vertex -11.7473 -3.09999 5.79491
    endloop
  endfacet
  facet normal 0 1 0
    outer loop
      vertex 9.09919 -3.09999 4.00164
      vertex 11.5644 -3.09999 5.44309
      vertex 11.4559 -3.09999 5.27701
    endloop
  endfacet
  facet normal 0 1 0
    outer loop
      vertex -11.7473 -3.09999 5.79491
      vertex -9.09919 -3.09999 4.00164
      vertex -11.6617 -3.09999 5.61598
    endloop
  endfacet
  facet normal 0 1 0
    outer loop
      vertex 9.09919 -3.09999 4.00164
      vertex 11.4559 -3.09999 5.27701
      vertex 11.3366 -3.09999 5.11847
    endloop
  endfacet
  facet normal 0 1 0
    outer loop
      vertex -11.6617 -3.09999 5.61598
      vertex -9.09919 -3.09999 4.00164
      vertex -11.5644 -3.09999 5.44309
    endloop
  endfacet
  facet normal 0 1 0
    outer loop
      vertex 9.09919 -3.09999 4.00164
      vertex 11.3366 -3.09999 5.11847
      vertex 11.2072 -3.09999 4.96816
    endloop
  endfacet
  facet normal 0 1 0
    outer loop
      vertex -11.5644 -3.09999 5.44309
      vertex -9.09919 -3.09999 4.00164
      vertex -11.4559 -3.09999 5.27701
    endloop
  endfacet
  facet normal 0 1 0
    outer loop
      vertex 9.09919 -3.09999 4.00164
      vertex 11.2072 -3.09999 4.96816
      vertex 11.0681 -3.09999 4.82673
    endloop
  endfacet
  facet normal 0 1 0
    outer loop
      vertex -11.4559 -3.09999 5.27701
      vertex -9.09919 -3.09999 4.00164
      vertex -11.3366 -3.09999 5.11847
    endloop
  endfacet
  facet normal 0 1 0
    outer loop
      vertex 9.09919 -3.09999 4.00164
      vertex 11.0681 -3.09999 4.82673
      vertex 10.9199 -3.09999 4.6948
    endloop
  endfacet
  facet normal 0 1 0
    outer loop
      vertex -11.3366 -3.09999 5.11847
      vertex -9.09919 -3.09999 4.00164
      vertex -11.2072 -3.09999 4.96816
    endloop
  endfacet
  facet normal 0 1 0
    outer loop
      vertex 9.09919 -3.09999 4.00164
      vertex 10.9199 -3.09999 4.6948
      vertex 10.7634 -3.09999 4.57295
    endloop
  endfacet
  facet normal 0 1 0
    outer loop
      vertex -11.2072 -3.09999 4.96816
      vertex -9.09919 -3.09999 4.00164
      vertex -11.0681 -3.09999 4.82673
    endloop
  endfacet
  facet normal 0 1 0
    outer loop
      vertex 9.09919 -3.09999 4.00164
      vertex 10.7634 -3.09999 4.57295
      vertex 10.5991 -3.09999 4.46171
    endloop
  endfacet
  facet normal 0 1 0
    outer loop
      vertex -11.0681 -3.09999 4.82673
      vertex -9.09919 -3.09999 4.00164
      vertex -10.9199 -3.09999 4.6948
    endloop
  endfacet
  facet normal 0 1 0
    outer loop
      vertex 9.09919 -3.09999 4.00164
      vertex 10.5991 -3.09999 4.46171
      vertex 10.4278 -3.09999 4.36158
    endloop
  endfacet
  facet normal 0 1 0
    outer loop
      vertex -10.9199 -3.09999 4.6948
      vertex -9.09919 -3.09999 4.00164
      vertex -10.7634 -3.09999 4.57295
    endloop
  endfacet
  facet normal 0 1 0
    outer loop
      vertex 9.09919 -3.09999 4.00164
      vertex 10.4278 -3.09999 4.36158
      vertex 10.2503 -3.09999 4.27298
    endloop
  endfacet
  facet normal 0 1 0
    outer loop
      vertex -10.7634 -3.09999 4.57295
      vertex -9.09919 -3.09999 4.00164
      vertex -10.5991 -3.09999 4.46171
    endloop
  endfacet
  facet normal 0 1 0
    outer loop
      vertex 9.09919 -3.09999 4.00164
      vertex 10.2503 -3.09999 4.27298
      vertex 10.0674 -3.09999 4.19631
    endloop
  endfacet
  facet normal 0 1 0
    outer loop
      vertex -10.5991 -3.09999 4.46171
      vertex -9.09919 -3.09999 4.00164
      vertex -10.4278 -3.09999 4.36158
    endloop
  endfacet
  facet normal 0 1 0
    outer loop
      vertex 9.09919 -3.09999 4.00164
      vertex 10.0674 -3.09999 4.19631
      vertex 9.87975 -3.09999 4.13189
    endloop
  endfacet
  facet normal 0 1 0
    outer loop
      vertex -10.4278 -3.09999 4.36158
      vertex -9.09919 -3.09999 4.00164
      vertex -10.2503 -3.09999 4.27298
    endloop
  endfacet
  facet normal 0 1 0
    outer loop
      vertex 9.09919 -3.09999 4.00164
      vertex 9.87975 -3.09999 4.13189
      vertex 9.68827 -3.09999 4.08002
    endloop
  endfacet
  facet normal 0 1 0
    outer loop
      vertex -10.2503 -3.09999 4.27298
      vertex -9.09919 -3.09999 4.00164
      vertex -10.0674 -3.09999 4.19631
    endloop
  endfacet
  facet normal 0 1 0
    outer loop
      vertex 9.09919 -3.09999 4.00164
      vertex 9.68827 -3.09999 4.08002
      vertex 9.49378 -3.09999 4.04092
    endloop
  endfacet
  facet normal 0 1 0
    outer loop
      vertex -10.0674 -3.09999 4.19631
      vertex -9.09919 -3.09999 4.00164
      vertex -9.87975 -3.09999 4.13189
    endloop
  endfacet
  facet normal 0 1 0
    outer loop
      vertex 9.09919 -3.09999 4.00164
      vertex 9.49378 -3.09999 4.04092
      vertex 9.29714 -3.09999 4.01475
    endloop
  endfacet
  facet normal 0 1 0
    outer loop
      vertex -9.87975 -3.09999 4.13189
      vertex -9.09919 -3.09999 4.00164
      vertex -9.68827 -3.09999 4.08002
    endloop
  endfacet
  facet normal 0 1 0
    outer loop
      vertex -9.68827 -3.09999 4.08002
      vertex -9.09919 -3.09999 4.00164
      vertex -9.49378 -3.09999 4.04092
    endloop
  endfacet
  facet normal 0 1 0
    outer loop
      vertex -9.49378 -3.09999 4.04092
      vertex -9.09919 -3.09999 4.00164
      vertex -9.29714 -3.09999 4.01475
    endloop
  endfacet
  facet normal 0 -0.500011 -0.866019
    outer loop
      vertex -12 -2.38267 29.99
      vertex 12 -2.38267 29.99
      vertex 12 -2.39999 30
    endloop
  endfacet
  facet normal 0 -0.500057 -0.865992
    outer loop
      vertex 12 -2.38267 29.99
      vertex -12 -1.7 29.5958
      vertex 12 -1.7 29.5958
    endloop
  endfacet
  facet normal 0 -0.500011 -0.866019
    outer loop
      vertex -12 -2.38267 29.99
      vertex 12 -2.39999 30
      vertex -12 -2.39999 30
    endloop
  endfacet
  facet normal -0 -0.500057 -0.865992
    outer loop
      vertex 12 -2.38267 29.99
      vertex -12 -2.38267 29.99
      vertex -12 -1.7 29.5958
    endloop
  endfacet
endsolid OpenSCAD_Model
