solid OpenSCAD_Model
  facet normal 0 0.7071 -0.707113
    outer loop
      vertex -14.9 3.19998 0
      vertex -9.98749 3.79999 0.599999
      vertex -9.38748 3.19998 0
    endloop
  endfacet
  facet normal 0 0.7071 -0.707113
    outer loop
      vertex -9.98749 3.79999 0.599999
      vertex -14.9 3.19998 0
      vertex -15.5 3.79999 0.599999
    endloop
  endfacet
  facet normal 0 0.7071 -0.707113
    outer loop
      vertex 14.9 3.19998 0
      vertex 9.98749 3.79999 0.599999
      vertex 15.5 3.79999 0.599999
    endloop
  endfacet
  facet normal 0 0.7071 -0.707113
    outer loop
      vertex 9.98749 3.79999 0.599999
      vertex 14.9 3.19998 0
      vertex 9.38748 3.19998 0
    endloop
  endfacet
  facet normal 1 -0 0
    outer loop
      vertex 15.5 0 47.401
      vertex 15.5 3.79999 0.599999
      vertex 15.5 3.79999 47.401
    endloop
  endfacet
  facet normal 1 0 0
    outer loop
      vertex 15.5 3.79999 0.599999
      vertex 15.5 0 47.401
      vertex 15.5 0 0.599999
    endloop
  endfacet
  facet normal 0 -1 0
    outer loop
      vertex -15.5 0 0.599999
      vertex -13.0172 0 47.401
      vertex -15.5 0 47.401
    endloop
  endfacet
  facet normal 0 -1 -0
    outer loop
      vertex -13.0172 0 47.401
      vertex -15.5 0 0.599999
      vertex -13.0172 0 0.599999
    endloop
  endfacet
  facet normal 0 -1 0
    outer loop
      vertex 13.0172 0 0.599999
      vertex 15.5 0 47.401
      vertex 13.0172 0 47.401
    endloop
  endfacet
  facet normal 0 -1 -0
    outer loop
      vertex 15.5 0 47.401
      vertex 13.0172 0 0.599999
      vertex 15.5 0 0.599999
    endloop
  endfacet
  facet normal -1 0 0
    outer loop
      vertex -15.5 0 0.599999
      vertex -15.5 3.79999 47.401
      vertex -15.5 3.79999 0.599999
    endloop
  endfacet
  facet normal -1 -0 0
    outer loop
      vertex -15.5 3.79999 47.401
      vertex -15.5 0 0.599999
      vertex -15.5 0 47.401
    endloop
  endfacet
  facet normal 0.707106 0 -0.707107
    outer loop
      vertex 14.9 0.600006 0
      vertex 15.5 3.79999 0.599999
      vertex 15.5 0 0.599999
    endloop
  endfacet
  facet normal 0.707106 0 -0.707107
    outer loop
      vertex 15.5 3.79999 0.599999
      vertex 14.9 0.600006 0
      vertex 14.9 3.19998 0
    endloop
  endfacet
  facet normal 0 1 -0
    outer loop
      vertex 15.5 3.79999 0.599999
      vertex 9.98749 3.79999 47.401
      vertex 15.5 3.79999 47.401
    endloop
  endfacet
  facet normal 0 1 0
    outer loop
      vertex 9.98749 3.79999 47.401
      vertex 15.5 3.79999 0.599999
      vertex 9.98749 3.79999 0.599999
    endloop
  endfacet
  facet normal 0 1 -0
    outer loop
      vertex -9.98749 3.79999 0.599999
      vertex -15.5 3.79999 47.401
      vertex -9.98749 3.79999 47.401
    endloop
  endfacet
  facet normal 0 1 0
    outer loop
      vertex -15.5 3.79999 47.401
      vertex -9.98749 3.79999 0.599999
      vertex -15.5 3.79999 0.599999
    endloop
  endfacet
  facet normal -0.707106 0 -0.707107
    outer loop
      vertex -15.5 0 0.599999
      vertex -14.9 3.19998 0
      vertex -14.9 0.600006 0
    endloop
  endfacet
  facet normal -0.707106 0 -0.707107
    outer loop
      vertex -14.9 3.19998 0
      vertex -15.5 0 0.599999
      vertex -15.5 3.79999 0.599999
    endloop
  endfacet
  facet normal 0 0 1
    outer loop
      vertex 13.0983 21.5078 48
      vertex 15.3981 21.5443 48
      vertex 15.3636 22.358 48
    endloop
  endfacet
  facet normal 0 0 1
    outer loop
      vertex 15.3981 21.5443 48
      vertex 13.0983 21.5078 48
      vertex 15.3894 20.73 48
    endloop
  endfacet
  facet normal 0 0 1
    outer loop
      vertex 13.069 22.2 48
      vertex 15.3636 22.358 48
      vertex 15.2862 23.1687 48
    endloop
  endfacet
  facet normal -0 0 1
    outer loop
      vertex 13.091 20.8151 48
      vertex 15.3894 20.73 48
      vertex 13.0983 21.5078 48
    endloop
  endfacet
  facet normal 0 0 1
    outer loop
      vertex 13.0032 22.8896 48
      vertex 15.2862 23.1687 48
      vertex 15.166 23.9742 48
    endloop
  endfacet
  facet normal 0 0 1
    outer loop
      vertex 15.3894 20.73 48
      vertex 13.091 20.8151 48
      vertex 15.3378 19.9172 48
    endloop
  endfacet
  facet normal 0 0 1
    outer loop
      vertex 15.3378 19.9172 48
      vertex 13.0471 20.1238 48
      vertex 15.2432 19.1084 48
    endloop
  endfacet
  facet normal -0 0 1
    outer loop
      vertex 12.9667 19.4357 48
      vertex 15.2432 19.1084 48
      vertex 13.0471 20.1238 48
    endloop
  endfacet
  facet normal -0 0 1
    outer loop
      vertex 12.85 18.7528 48
      vertex 15.1061 18.3056 48
      vertex 12.9667 19.4357 48
    endloop
  endfacet
  facet normal 0 0 1
    outer loop
      vertex 15.1061 18.3056 48
      vertex 12.85 18.7528 48
      vertex 14.9267 17.5112 48
    endloop
  endfacet
  facet normal 0 0 1
    outer loop
      vertex 14.9267 17.5112 48
      vertex 12.6973 18.0771 48
      vertex 14.7055 16.7274 48
    endloop
  endfacet
  facet normal -0 0 1
    outer loop
      vertex 12.5092 17.4103 48
      vertex 14.7055 16.7274 48
      vertex 12.6973 18.0771 48
    endloop
  endfacet
  facet normal -0 0 1
    outer loop
      vertex 13.0471 20.1238 48
      vertex 15.3378 19.9172 48
      vertex 13.091 20.8151 48
    endloop
  endfacet
  facet normal 0 0 1
    outer loop
      vertex 15.3636 22.358 48
      vertex 13.069 22.2 48
      vertex 13.0983 21.5078 48
    endloop
  endfacet
  facet normal 0 0 1
    outer loop
      vertex 15.2862 23.1687 48
      vertex 13.0032 22.8896 48
      vertex 13.069 22.2 48
    endloop
  endfacet
  facet normal 0 -0 1
    outer loop
      vertex 13.0032 22.8896 48
      vertex 15.166 23.9742 48
      vertex 12.901 23.5748 48
    endloop
  endfacet
  facet normal 0 0 1
    outer loop
      vertex 15.2432 19.1084 48
      vertex 12.9667 19.4357 48
      vertex 15.1061 18.3056 48
    endloop
  endfacet
  facet normal -0 0 1
    outer loop
      vertex 12.6973 18.0771 48
      vertex 14.9267 17.5112 48
      vertex 12.85 18.7528 48
    endloop
  endfacet
  facet normal 0 0 1
    outer loop
      vertex 14.7055 16.7274 48
      vertex 12.5092 17.4103 48
      vertex 14.4432 15.9564 48
    endloop
  endfacet
  facet normal -0 0 1
    outer loop
      vertex 12.2861 16.7545 48
      vertex 14.4432 15.9564 48
      vertex 12.5092 17.4103 48
    endloop
  endfacet
  facet normal 0 0 1
    outer loop
      vertex 14.4432 15.9564 48
      vertex 12.2861 16.7545 48
      vertex 14.1405 15.2004 48
    endloop
  endfacet
  facet normal -0 0 1
    outer loop
      vertex 12.0286 16.1114 48
      vertex 14.1405 15.2004 48
      vertex 12.2861 16.7545 48
    endloop
  endfacet
  facet normal 0 0 1
    outer loop
      vertex 14.1405 15.2004 48
      vertex 12.0286 16.1114 48
      vertex 13.7983 14.4614 48
    endloop
  endfacet
  facet normal -0 0 1
    outer loop
      vertex 11.7375 15.4827 48
      vertex 13.7983 14.4614 48
      vertex 12.0286 16.1114 48
    endloop
  endfacet
  facet normal 0 0 1
    outer loop
      vertex 13.7983 14.4614 48
      vertex 11.7375 15.4827 48
      vertex 13.4175 13.7415 48
    endloop
  endfacet
  facet normal -0 0 1
    outer loop
      vertex 11.4136 14.8704 48
      vertex 13.4175 13.7415 48
      vertex 11.7375 15.4827 48
    endloop
  endfacet
  facet normal 0 0 1
    outer loop
      vertex 13.4175 13.7415 48
      vertex 11.4136 14.8704 48
      vertex 12.9992 13.0428 48
    endloop
  endfacet
  facet normal -0 0 1
    outer loop
      vertex 11.0577 14.276 48
      vertex 12.9992 13.0428 48
      vertex 11.4136 14.8704 48
    endloop
  endfacet
  facet normal 0 0 1
    outer loop
      vertex 12.9992 13.0428 48
      vertex 11.0577 14.276 48
      vertex 12.5445 12.3671 48
    endloop
  endfacet
  facet normal -0 0 1
    outer loop
      vertex 10.6709 13.7013 48
      vertex 12.5445 12.3671 48
      vertex 11.0577 14.276 48
    endloop
  endfacet
  facet normal 0 0 1
    outer loop
      vertex 12.5445 12.3671 48
      vertex 10.6709 13.7013 48
      vertex 12.0547 11.7165 48
    endloop
  endfacet
  facet normal -0 0 1
    outer loop
      vertex 10.2543 13.1478 48
      vertex 12.0547 11.7165 48
      vertex 10.6709 13.7013 48
    endloop
  endfacet
  facet normal 0 0 1
    outer loop
      vertex 12.0547 11.7165 48
      vertex 10.2543 13.1478 48
      vertex 11.5312 11.0926 48
    endloop
  endfacet
  facet normal -0 0 1
    outer loop
      vertex 9.80902 12.6171 48
      vertex 11.5312 11.0926 48
      vertex 10.2543 13.1478 48
    endloop
  endfacet
  facet normal 0 0 1
    outer loop
      vertex 11.5312 11.0926 48
      vertex 9.80902 12.6171 48
      vertex 10.9755 10.4973 48
    endloop
  endfacet
  facet normal -0 0 1
    outer loop
      vertex 9.33629 12.1107 48
      vertex 10.9755 10.4973 48
      vertex 9.80902 12.6171 48
    endloop
  endfacet
  facet normal 0 0 1
    outer loop
      vertex 10.9755 10.4973 48
      vertex 9.33629 12.1107 48
      vertex 10.3891 9.93219 48
    endloop
  endfacet
  facet normal -0 0 1
    outer loop
      vertex 8.83745 11.63 48
      vertex 10.3891 9.93219 48
      vertex 9.33629 12.1107 48
    endloop
  endfacet
  facet normal 0 0 1
    outer loop
      vertex 10.3891 9.93219 48
      vertex 8.83745 11.63 48
      vertex 9.77359 9.39887 48
    endloop
  endfacet
  facet normal -0 0 1
    outer loop
      vertex 8.31389 11.1763 48
      vertex 9.77359 9.39887 48
      vertex 8.83745 11.63 48
    endloop
  endfacet
  facet normal 0 0 1
    outer loop
      vertex 9.77359 9.39887 48
      vertex 8.31389 11.1763 48
      vertex 9.13078 8.89884 48
    endloop
  endfacet
  facet normal 0 0 1
    outer loop
      vertex 9.38748 8.69998 48
      vertex 8.84517 8.69998 48
      vertex 9.38748 3.19998 48
    endloop
  endfacet
  facet normal -0 0 1
    outer loop
      vertex 9.38748 3.19998 48
      vertex 14.9 0.600006 48
      vertex 14.9 3.19998 48
    endloop
  endfacet
  facet normal -0 0 1
    outer loop
      vertex 7.76709 10.751 48
      vertex 9.13078 8.89884 48
      vertex 8.31389 11.1763 48
    endloop
  endfacet
  facet normal 0 0 1
    outer loop
      vertex 9.13078 8.89884 48
      vertex 7.76709 10.751 48
      vertex 8.84517 8.69998 48
    endloop
  endfacet
  facet normal -0 0 1
    outer loop
      vertex 7.19856 10.3551 48
      vertex 8.84517 8.69998 48
      vertex 7.76709 10.751 48
    endloop
  endfacet
  facet normal -0 0 1
    outer loop
      vertex 6.60991 9.98987 48
      vertex 8.84517 8.69998 48
      vertex 7.19856 10.3551 48
    endloop
  endfacet
  facet normal -0 0 1
    outer loop
      vertex 6.00276 9.65626 48
      vertex 8.84517 8.69998 48
      vertex 6.60991 9.98987 48
    endloop
  endfacet
  facet normal -0 0 1
    outer loop
      vertex 5.37883 9.35521 48
      vertex 8.84517 8.69998 48
      vertex 6.00276 9.65626 48
    endloop
  endfacet
  facet normal -0 0 1
    outer loop
      vertex 4.73986 9.08757 48
      vertex 8.84517 8.69998 48
      vertex 5.37883 9.35521 48
    endloop
  endfacet
  facet normal 0 0 1
    outer loop
      vertex 8.84517 8.69998 48
      vertex 4.73986 9.08757 48
      vertex 9.38748 3.19998 48
    endloop
  endfacet
  facet normal -0 0 1
    outer loop
      vertex 4.08764 8.85408 48
      vertex 9.38748 3.19998 48
      vertex 4.73986 9.08757 48
    endloop
  endfacet
  facet normal -0 0 1
    outer loop
      vertex 3.57292 8.69998 48
      vertex 9.38748 3.19998 48
      vertex 4.08764 8.85408 48
    endloop
  endfacet
  facet normal -0 0 1
    outer loop
      vertex -3.57292 8.69998 48
      vertex 9.38748 3.19998 48
      vertex 3.57292 8.69998 48
    endloop
  endfacet
  facet normal 0 0 1
    outer loop
      vertex -9.38748 3.19998 48
      vertex 9.38748 3.19998 48
      vertex -3.57292 8.69998 48
    endloop
  endfacet
  facet normal 0 0 1
    outer loop
      vertex -9.38748 3.19998 48
      vertex -3.57292 8.69998 48
      vertex -4.08764 8.85408 48
    endloop
  endfacet
  facet normal 0 0 1
    outer loop
      vertex -9.38748 3.19998 48
      vertex -4.08764 8.85408 48
      vertex -4.73986 9.08757 48
    endloop
  endfacet
  facet normal 0 0 1
    outer loop
      vertex -8.84517 8.69998 48
      vertex -4.73986 9.08757 48
      vertex -5.37883 9.35521 48
    endloop
  endfacet
  facet normal 0 0 1
    outer loop
      vertex -9.77359 9.39887 48
      vertex -8.31389 11.1763 48
      vertex -8.83745 11.63 48
    endloop
  endfacet
  facet normal 0 0 1
    outer loop
      vertex -9.13078 8.89884 48
      vertex -7.76709 10.751 48
      vertex -8.31389 11.1763 48
    endloop
  endfacet
  facet normal 0 0 1
    outer loop
      vertex -8.84517 8.69998 48
      vertex -7.19856 10.3551 48
      vertex -7.76709 10.751 48
    endloop
  endfacet
  facet normal 0 0 1
    outer loop
      vertex -8.84517 8.69998 48
      vertex -6.60991 9.98987 48
      vertex -7.19856 10.3551 48
    endloop
  endfacet
  facet normal 0 0 1
    outer loop
      vertex -8.84517 8.69998 48
      vertex -6.00276 9.65626 48
      vertex -6.60991 9.98987 48
    endloop
  endfacet
  facet normal 0 0 1
    outer loop
      vertex -8.84517 8.69998 48
      vertex -5.37883 9.35521 48
      vertex -6.00276 9.65626 48
    endloop
  endfacet
  facet normal 0 0 1
    outer loop
      vertex -4.73986 9.08757 48
      vertex -8.84517 8.69998 48
      vertex -9.38748 3.19998 48
    endloop
  endfacet
  facet normal 0 0 1
    outer loop
      vertex -9.38748 3.19998 48
      vertex -8.84517 8.69998 48
      vertex -9.38748 8.69998 48
    endloop
  endfacet
  facet normal 0 0 1
    outer loop
      vertex 9.38748 3.19998 48
      vertex -9.38748 3.19998 48
      vertex 14.9 0.600006 48
    endloop
  endfacet
  facet normal 0 0 1
    outer loop
      vertex -14.9 0.600006 48
      vertex -9.38748 3.19998 48
      vertex -14.9 3.19998 48
    endloop
  endfacet
  facet normal 0 0 1
    outer loop
      vertex -9.38748 3.19998 48
      vertex -14.9 0.600006 48
      vertex 14.9 0.600006 48
    endloop
  endfacet
  facet normal 0 0 1
    outer loop
      vertex -11.7375 15.4827 48
      vertex -13.7983 14.4614 48
      vertex -13.4175 13.7415 48
    endloop
  endfacet
  facet normal -0 0 1
    outer loop
      vertex -15.3981 21.5443 48
      vertex -13.0983 21.5078 48
      vertex -13.069 22.2 48
    endloop
  endfacet
  facet normal 0 0 1
    outer loop
      vertex -13.091 20.8151 48
      vertex -14.1405 15.2004 48
      vertex -13.7983 14.4614 48
    endloop
  endfacet
  facet normal -0 0 1
    outer loop
      vertex -15.3636 22.358 48
      vertex -13.069 22.2 48
      vertex -13.0032 22.8896 48
    endloop
  endfacet
  facet normal 0 0 1
    outer loop
      vertex -13.091 20.8151 48
      vertex -14.4432 15.9564 48
      vertex -14.1405 15.2004 48
    endloop
  endfacet
  facet normal -0 0 1
    outer loop
      vertex -15.2862 23.1687 48
      vertex -13.0032 22.8896 48
      vertex -12.901 23.5748 48
    endloop
  endfacet
  facet normal 0 0 1
    outer loop
      vertex -13.091 20.8151 48
      vertex -14.7055 16.7274 48
      vertex -14.4432 15.9564 48
    endloop
  endfacet
  facet normal 0 0 1
    outer loop
      vertex -13.091 20.8151 48
      vertex -14.9267 17.5112 48
      vertex -14.7055 16.7274 48
    endloop
  endfacet
  facet normal 0 0 1
    outer loop
      vertex -13.091 20.8151 48
      vertex -15.1061 18.3056 48
      vertex -14.9267 17.5112 48
    endloop
  endfacet
  facet normal 0 0 1
    outer loop
      vertex -15.2862 23.1687 48
      vertex -12.901 23.5748 48
      vertex -15.166 23.9742 48
    endloop
  endfacet
  facet normal 0 0 1
    outer loop
      vertex -13.091 20.8151 48
      vertex -15.2432 19.1084 48
      vertex -15.1061 18.3056 48
    endloop
  endfacet
  facet normal 0 0 1
    outer loop
      vertex -13.0032 22.8896 48
      vertex -15.2862 23.1687 48
      vertex -15.3636 22.358 48
    endloop
  endfacet
  facet normal 0 0 1
    outer loop
      vertex -13.091 20.8151 48
      vertex -15.3378 19.9172 48
      vertex -15.2432 19.1084 48
    endloop
  endfacet
  facet normal 0 0 1
    outer loop
      vertex -13.069 22.2 48
      vertex -15.3636 22.358 48
      vertex -15.3981 21.5443 48
    endloop
  endfacet
  facet normal 0 0 1
    outer loop
      vertex -13.091 20.8151 48
      vertex -15.3894 20.73 48
      vertex -15.3378 19.9172 48
    endloop
  endfacet
  facet normal 0 0 1
    outer loop
      vertex -13.0983 21.5078 48
      vertex -15.3981 21.5443 48
      vertex -15.3894 20.73 48
    endloop
  endfacet
  facet normal 0 0 1
    outer loop
      vertex -7.76709 10.751 48
      vertex -9.13078 8.89884 48
      vertex -8.84517 8.69998 48
    endloop
  endfacet
  facet normal 0 0 1
    outer loop
      vertex -10.3891 9.93219 48
      vertex -8.83745 11.63 48
      vertex -9.33629 12.1107 48
    endloop
  endfacet
  facet normal 0 0 1
    outer loop
      vertex -8.31389 11.1763 48
      vertex -9.77359 9.39887 48
      vertex -9.13078 8.89884 48
    endloop
  endfacet
  facet normal 0 0 1
    outer loop
      vertex -10.9755 10.4973 48
      vertex -9.33629 12.1107 48
      vertex -9.80902 12.6171 48
    endloop
  endfacet
  facet normal 0 0 1
    outer loop
      vertex -11.5312 11.0926 48
      vertex -9.80902 12.6171 48
      vertex -10.2543 13.1478 48
    endloop
  endfacet
  facet normal 0 0 1
    outer loop
      vertex -8.83745 11.63 48
      vertex -10.3891 9.93219 48
      vertex -9.77359 9.39887 48
    endloop
  endfacet
  facet normal 0 0 1
    outer loop
      vertex -12.0547 11.7165 48
      vertex -10.2543 13.1478 48
      vertex -10.6709 13.7013 48
    endloop
  endfacet
  facet normal 0 0 1
    outer loop
      vertex -9.33629 12.1107 48
      vertex -10.9755 10.4973 48
      vertex -10.3891 9.93219 48
    endloop
  endfacet
  facet normal 0 0 1
    outer loop
      vertex -12.5445 12.3671 48
      vertex -10.6709 13.7013 48
      vertex -11.0577 14.276 48
    endloop
  endfacet
  facet normal 0 0 1
    outer loop
      vertex -12.9992 13.0428 48
      vertex -11.0577 14.276 48
      vertex -11.4136 14.8704 48
    endloop
  endfacet
  facet normal 0 0 1
    outer loop
      vertex -9.80902 12.6171 48
      vertex -11.5312 11.0926 48
      vertex -10.9755 10.4973 48
    endloop
  endfacet
  facet normal 0 0 1
    outer loop
      vertex -13.4175 13.7415 48
      vertex -11.4136 14.8704 48
      vertex -11.7375 15.4827 48
    endloop
  endfacet
  facet normal 0 0 1
    outer loop
      vertex -13.7983 14.4614 48
      vertex -11.7375 15.4827 48
      vertex -12.0286 16.1114 48
    endloop
  endfacet
  facet normal 0 0 1
    outer loop
      vertex -10.2543 13.1478 48
      vertex -12.0547 11.7165 48
      vertex -11.5312 11.0926 48
    endloop
  endfacet
  facet normal 0 0 1
    outer loop
      vertex -13.7983 14.4614 48
      vertex -12.0286 16.1114 48
      vertex -12.2861 16.7545 48
    endloop
  endfacet
  facet normal 0 0 1
    outer loop
      vertex -13.7983 14.4614 48
      vertex -12.2861 16.7545 48
      vertex -12.5092 17.4103 48
    endloop
  endfacet
  facet normal 0 0 1
    outer loop
      vertex -10.6709 13.7013 48
      vertex -12.5445 12.3671 48
      vertex -12.0547 11.7165 48
    endloop
  endfacet
  facet normal 0 0 1
    outer loop
      vertex -13.7983 14.4614 48
      vertex -12.5092 17.4103 48
      vertex -12.6973 18.0771 48
    endloop
  endfacet
  facet normal 0 0 1
    outer loop
      vertex -13.7983 14.4614 48
      vertex -12.6973 18.0771 48
      vertex -12.85 18.7528 48
    endloop
  endfacet
  facet normal 0 0 1
    outer loop
      vertex -13.7983 14.4614 48
      vertex -12.85 18.7528 48
      vertex -12.9667 19.4357 48
    endloop
  endfacet
  facet normal 0 0 1
    outer loop
      vertex -11.0577 14.276 48
      vertex -12.9992 13.0428 48
      vertex -12.5445 12.3671 48
    endloop
  endfacet
  facet normal 0 0 1
    outer loop
      vertex -13.7983 14.4614 48
      vertex -12.9667 19.4357 48
      vertex -13.0471 20.1238 48
    endloop
  endfacet
  facet normal 0 0 1
    outer loop
      vertex -13.7983 14.4614 48
      vertex -13.0471 20.1238 48
      vertex -13.091 20.8151 48
    endloop
  endfacet
  facet normal 0 0 1
    outer loop
      vertex -11.4136 14.8704 48
      vertex -13.4175 13.7415 48
      vertex -12.9992 13.0428 48
    endloop
  endfacet
  facet normal 0 0 1
    outer loop
      vertex -15.3894 20.73 48
      vertex -13.091 20.8151 48
      vertex -13.0983 21.5078 48
    endloop
  endfacet
  facet normal -0.706517 0 0.707696
    outer loop
      vertex -15.5 3.79999 47.401
      vertex -14.9 0.600006 48
      vertex -14.9 3.19998 48
    endloop
  endfacet
  facet normal -0.706517 0 0.707696
    outer loop
      vertex -14.9 0.600006 48
      vertex -15.5 3.79999 47.401
      vertex -15.5 0 47.401
    endloop
  endfacet
  facet normal 0 0.706511 0.707702
    outer loop
      vertex -9.98749 3.79999 47.401
      vertex -14.9 3.19998 48
      vertex -9.38748 3.19998 48
    endloop
  endfacet
  facet normal 0 0.706511 0.707702
    outer loop
      vertex -14.9 3.19998 48
      vertex -9.98749 3.79999 47.401
      vertex -15.5 3.79999 47.401
    endloop
  endfacet
  facet normal -0 0.706511 0.707702
    outer loop
      vertex 9.98749 3.79999 47.401
      vertex 14.9 3.19998 48
      vertex 15.5 3.79999 47.401
    endloop
  endfacet
  facet normal 0 0.706511 0.707702
    outer loop
      vertex 14.9 3.19998 48
      vertex 9.98749 3.79999 47.401
      vertex 9.38748 3.19998 48
    endloop
  endfacet
  facet normal 0 0 -1
    outer loop
      vertex 14.9 0.600006 0
      vertex 9.38748 3.19998 0
      vertex 14.9 3.19998 0
    endloop
  endfacet
  facet normal 0 0 -1
    outer loop
      vertex 9.38748 3.19998 0
      vertex 8.84517 8.69998 0
      vertex 9.38748 8.69998 0
    endloop
  endfacet
  facet normal 0 0 -1
    outer loop
      vertex 9.77359 9.39887 0
      vertex 8.31389 11.1763 0
      vertex 8.83745 11.63 0
    endloop
  endfacet
  facet normal 0 0 -1
    outer loop
      vertex 4.73986 9.08757 0
      vertex 8.84517 8.69998 0
      vertex 9.38748 3.19998 0
    endloop
  endfacet
  facet normal 0 0 -1
    outer loop
      vertex 9.13078 8.89884 0
      vertex 7.76709 10.751 0
      vertex 8.31389 11.1763 0
    endloop
  endfacet
  facet normal 0 0 -1
    outer loop
      vertex 8.84517 8.69998 0
      vertex 7.19856 10.3551 0
      vertex 7.76709 10.751 0
    endloop
  endfacet
  facet normal 0 0 -1
    outer loop
      vertex 8.84517 8.69998 0
      vertex 6.60991 9.98987 0
      vertex 7.19856 10.3551 0
    endloop
  endfacet
  facet normal 0 0 -1
    outer loop
      vertex 8.84517 8.69998 0
      vertex 6.00276 9.65626 0
      vertex 6.60991 9.98987 0
    endloop
  endfacet
  facet normal 0 0 -1
    outer loop
      vertex 8.84517 8.69998 0
      vertex 5.37883 9.35521 0
      vertex 6.00276 9.65626 0
    endloop
  endfacet
  facet normal 0 0 -1
    outer loop
      vertex 8.84517 8.69998 0
      vertex 4.73986 9.08757 0
      vertex 5.37883 9.35521 0
    endloop
  endfacet
  facet normal 0 0 -1
    outer loop
      vertex 9.38748 3.19998 0
      vertex 4.08764 8.85408 0
      vertex 4.73986 9.08757 0
    endloop
  endfacet
  facet normal 0 0 -1
    outer loop
      vertex 9.38748 3.19998 0
      vertex 3.57292 8.69998 0
      vertex 4.08764 8.85408 0
    endloop
  endfacet
  facet normal 0 0 -1
    outer loop
      vertex 9.38748 3.19998 0
      vertex -3.57292 8.69998 0
      vertex 3.57292 8.69998 0
    endloop
  endfacet
  facet normal 0 0 -1
    outer loop
      vertex -9.38748 3.19998 0
      vertex 9.38748 3.19998 0
      vertex 14.9 0.600006 0
    endloop
  endfacet
  facet normal 0 0 -1
    outer loop
      vertex 9.38748 3.19998 0
      vertex -9.38748 3.19998 0
      vertex -3.57292 8.69998 0
    endloop
  endfacet
  facet normal -0 0 -1
    outer loop
      vertex -3.57292 8.69998 0
      vertex -9.38748 3.19998 0
      vertex -4.08764 8.85408 0
    endloop
  endfacet
  facet normal -0 0 -1
    outer loop
      vertex -4.08764 8.85408 0
      vertex -9.38748 3.19998 0
      vertex -4.73986 9.08757 0
    endloop
  endfacet
  facet normal -0 0 -1
    outer loop
      vertex -7.76709 10.751 0
      vertex -9.13078 8.89884 0
      vertex -8.31389 11.1763 0
    endloop
  endfacet
  facet normal 0 0 -1
    outer loop
      vertex -9.13078 8.89884 0
      vertex -7.76709 10.751 0
      vertex -8.84517 8.69998 0
    endloop
  endfacet
  facet normal -0 0 -1
    outer loop
      vertex -7.19856 10.3551 0
      vertex -8.84517 8.69998 0
      vertex -7.76709 10.751 0
    endloop
  endfacet
  facet normal -0 0 -1
    outer loop
      vertex -6.60991 9.98987 0
      vertex -8.84517 8.69998 0
      vertex -7.19856 10.3551 0
    endloop
  endfacet
  facet normal -0 0 -1
    outer loop
      vertex -6.00276 9.65626 0
      vertex -8.84517 8.69998 0
      vertex -6.60991 9.98987 0
    endloop
  endfacet
  facet normal -0 0 -1
    outer loop
      vertex -5.37883 9.35521 0
      vertex -8.84517 8.69998 0
      vertex -6.00276 9.65626 0
    endloop
  endfacet
  facet normal 0 -0 -1
    outer loop
      vertex -8.84517 8.69998 0
      vertex -4.73986 9.08757 0
      vertex -9.38748 3.19998 0
    endloop
  endfacet
  facet normal -0 0 -1
    outer loop
      vertex -4.73986 9.08757 0
      vertex -8.84517 8.69998 0
      vertex -5.37883 9.35521 0
    endloop
  endfacet
  facet normal 0 0 -1
    outer loop
      vertex -14.9 0.600006 0
      vertex -9.38748 3.19998 0
      vertex 14.9 0.600006 0
    endloop
  endfacet
  facet normal -0 0 -1
    outer loop
      vertex -9.38748 3.19998 0
      vertex -14.9 0.600006 0
      vertex -14.9 3.19998 0
    endloop
  endfacet
  facet normal 0 0 -1
    outer loop
      vertex 15.3894 20.73 0
      vertex 13.091 20.8151 0
      vertex 13.0983 21.5078 0
    endloop
  endfacet
  facet normal 0 0 -1
    outer loop
      vertex 13.7983 14.4614 0
      vertex 13.0471 20.1238 0
      vertex 13.091 20.8151 0
    endloop
  endfacet
  facet normal 0 0 -1
    outer loop
      vertex 11.4136 14.8704 0
      vertex 13.4175 13.7415 0
      vertex 12.9992 13.0428 0
    endloop
  endfacet
  facet normal 0 0 -1
    outer loop
      vertex 13.7983 14.4614 0
      vertex 12.9667 19.4357 0
      vertex 13.0471 20.1238 0
    endloop
  endfacet
  facet normal 0 0 -1
    outer loop
      vertex 13.7983 14.4614 0
      vertex 12.85 18.7528 0
      vertex 12.9667 19.4357 0
    endloop
  endfacet
  facet normal 0 0 -1
    outer loop
      vertex 13.7983 14.4614 0
      vertex 12.6973 18.0771 0
      vertex 12.85 18.7528 0
    endloop
  endfacet
  facet normal 0 0 -1
    outer loop
      vertex 11.0577 14.276 0
      vertex 12.9992 13.0428 0
      vertex 12.5445 12.3671 0
    endloop
  endfacet
  facet normal 0 0 -1
    outer loop
      vertex 13.7983 14.4614 0
      vertex 12.5092 17.4103 0
      vertex 12.6973 18.0771 0
    endloop
  endfacet
  facet normal 0 0 -1
    outer loop
      vertex 13.7983 14.4614 0
      vertex 12.2861 16.7545 0
      vertex 12.5092 17.4103 0
    endloop
  endfacet
  facet normal 0 0 -1
    outer loop
      vertex 10.6709 13.7013 0
      vertex 12.5445 12.3671 0
      vertex 12.0547 11.7165 0
    endloop
  endfacet
  facet normal 0 0 -1
    outer loop
      vertex 13.7983 14.4614 0
      vertex 12.0286 16.1114 0
      vertex 12.2861 16.7545 0
    endloop
  endfacet
  facet normal 0 0 -1
    outer loop
      vertex 13.7983 14.4614 0
      vertex 11.7375 15.4827 0
      vertex 12.0286 16.1114 0
    endloop
  endfacet
  facet normal 0 0 -1
    outer loop
      vertex 10.2543 13.1478 0
      vertex 12.0547 11.7165 0
      vertex 11.5312 11.0926 0
    endloop
  endfacet
  facet normal 0 0 -1
    outer loop
      vertex 13.4175 13.7415 0
      vertex 11.4136 14.8704 0
      vertex 11.7375 15.4827 0
    endloop
  endfacet
  facet normal 0 0 -1
    outer loop
      vertex 12.9992 13.0428 0
      vertex 11.0577 14.276 0
      vertex 11.4136 14.8704 0
    endloop
  endfacet
  facet normal 0 0 -1
    outer loop
      vertex 9.80902 12.6171 0
      vertex 11.5312 11.0926 0
      vertex 10.9755 10.4973 0
    endloop
  endfacet
  facet normal 0 0 -1
    outer loop
      vertex 12.5445 12.3671 0
      vertex 10.6709 13.7013 0
      vertex 11.0577 14.276 0
    endloop
  endfacet
  facet normal 0 0 -1
    outer loop
      vertex 9.33629 12.1107 0
      vertex 10.9755 10.4973 0
      vertex 10.3891 9.93219 0
    endloop
  endfacet
  facet normal 0 0 -1
    outer loop
      vertex 12.0547 11.7165 0
      vertex 10.2543 13.1478 0
      vertex 10.6709 13.7013 0
    endloop
  endfacet
  facet normal 0 0 -1
    outer loop
      vertex 11.5312 11.0926 0
      vertex 9.80902 12.6171 0
      vertex 10.2543 13.1478 0
    endloop
  endfacet
  facet normal 0 0 -1
    outer loop
      vertex 8.83745 11.63 0
      vertex 10.3891 9.93219 0
      vertex 9.77359 9.39887 0
    endloop
  endfacet
  facet normal 0 0 -1
    outer loop
      vertex 10.9755 10.4973 0
      vertex 9.33629 12.1107 0
      vertex 9.80902 12.6171 0
    endloop
  endfacet
  facet normal 0 0 -1
    outer loop
      vertex 8.31389 11.1763 0
      vertex 9.77359 9.39887 0
      vertex 9.13078 8.89884 0
    endloop
  endfacet
  facet normal 0 0 -1
    outer loop
      vertex 7.76709 10.751 0
      vertex 9.13078 8.89884 0
      vertex 8.84517 8.69998 0
    endloop
  endfacet
  facet normal 0 0 -1
    outer loop
      vertex 10.3891 9.93219 0
      vertex 8.83745 11.63 0
      vertex 9.33629 12.1107 0
    endloop
  endfacet
  facet normal 0 0 -1
    outer loop
      vertex 13.0983 21.5078 0
      vertex 15.3981 21.5443 0
      vertex 15.3894 20.73 0
    endloop
  endfacet
  facet normal 0 0 -1
    outer loop
      vertex 13.091 20.8151 0
      vertex 15.3894 20.73 0
      vertex 15.3378 19.9172 0
    endloop
  endfacet
  facet normal -0 0 -1
    outer loop
      vertex 15.3981 21.5443 0
      vertex 13.0983 21.5078 0
      vertex 15.3636 22.358 0
    endloop
  endfacet
  facet normal 0 0 -1
    outer loop
      vertex 13.091 20.8151 0
      vertex 15.3378 19.9172 0
      vertex 15.2432 19.1084 0
    endloop
  endfacet
  facet normal 0 0 -1
    outer loop
      vertex 13.069 22.2 0
      vertex 15.3636 22.358 0
      vertex 13.0983 21.5078 0
    endloop
  endfacet
  facet normal 0 0 -1
    outer loop
      vertex 13.091 20.8151 0
      vertex 15.2432 19.1084 0
      vertex 15.1061 18.3056 0
    endloop
  endfacet
  facet normal 0 0 -1
    outer loop
      vertex 13.091 20.8151 0
      vertex 15.1061 18.3056 0
      vertex 14.9267 17.5112 0
    endloop
  endfacet
  facet normal 0 0 -1
    outer loop
      vertex 13.091 20.8151 0
      vertex 14.9267 17.5112 0
      vertex 14.7055 16.7274 0
    endloop
  endfacet
  facet normal 0 0 -1
    outer loop
      vertex 13.091 20.8151 0
      vertex 14.7055 16.7274 0
      vertex 14.4432 15.9564 0
    endloop
  endfacet
  facet normal 0 0 -1
    outer loop
      vertex 13.091 20.8151 0
      vertex 14.4432 15.9564 0
      vertex 14.1405 15.2004 0
    endloop
  endfacet
  facet normal 0 0 -1
    outer loop
      vertex 13.091 20.8151 0
      vertex 14.1405 15.2004 0
      vertex 13.7983 14.4614 0
    endloop
  endfacet
  facet normal 0 0 -1
    outer loop
      vertex 11.7375 15.4827 0
      vertex 13.7983 14.4614 0
      vertex 13.4175 13.7415 0
    endloop
  endfacet
  facet normal -0 0 -1
    outer loop
      vertex 15.3636 22.358 0
      vertex 13.069 22.2 0
      vertex 15.2862 23.1687 0
    endloop
  endfacet
  facet normal 0 0 -1
    outer loop
      vertex 13.0032 22.8896 0
      vertex 15.2862 23.1687 0
      vertex 13.069 22.2 0
    endloop
  endfacet
  facet normal -0 0 -1
    outer loop
      vertex 15.2862 23.1687 0
      vertex 13.0032 22.8896 0
      vertex 15.166 23.9742 0
    endloop
  endfacet
  facet normal 0 0 -1
    outer loop
      vertex 15.166 23.9742 0
      vertex 13.0032 22.8896 0
      vertex 12.901 23.5748 0
    endloop
  endfacet
  facet normal 0 0 -1
    outer loop
      vertex -9.77359 9.39887 0
      vertex -8.31389 11.1763 0
      vertex -9.13078 8.89884 0
    endloop
  endfacet
  facet normal -0 0 -1
    outer loop
      vertex -8.31389 11.1763 0
      vertex -9.77359 9.39887 0
      vertex -8.83745 11.63 0
    endloop
  endfacet
  facet normal 0 0 -1
    outer loop
      vertex -10.3891 9.93219 0
      vertex -8.83745 11.63 0
      vertex -9.77359 9.39887 0
    endloop
  endfacet
  facet normal -0 0 -1
    outer loop
      vertex -8.83745 11.63 0
      vertex -10.3891 9.93219 0
      vertex -9.33629 12.1107 0
    endloop
  endfacet
  facet normal 0 0 -1
    outer loop
      vertex -10.9755 10.4973 0
      vertex -9.33629 12.1107 0
      vertex -10.3891 9.93219 0
    endloop
  endfacet
  facet normal -0 0 -1
    outer loop
      vertex -9.33629 12.1107 0
      vertex -10.9755 10.4973 0
      vertex -9.80902 12.6171 0
    endloop
  endfacet
  facet normal 0 0 -1
    outer loop
      vertex -11.5312 11.0926 0
      vertex -9.80902 12.6171 0
      vertex -10.9755 10.4973 0
    endloop
  endfacet
  facet normal -0 0 -1
    outer loop
      vertex -9.80902 12.6171 0
      vertex -11.5312 11.0926 0
      vertex -10.2543 13.1478 0
    endloop
  endfacet
  facet normal 0 0 -1
    outer loop
      vertex -12.0547 11.7165 0
      vertex -10.2543 13.1478 0
      vertex -11.5312 11.0926 0
    endloop
  endfacet
  facet normal -0 0 -1
    outer loop
      vertex -10.2543 13.1478 0
      vertex -12.0547 11.7165 0
      vertex -10.6709 13.7013 0
    endloop
  endfacet
  facet normal 0 0 -1
    outer loop
      vertex -12.5445 12.3671 0
      vertex -10.6709 13.7013 0
      vertex -12.0547 11.7165 0
    endloop
  endfacet
  facet normal -0 0 -1
    outer loop
      vertex -10.6709 13.7013 0
      vertex -12.5445 12.3671 0
      vertex -11.0577 14.276 0
    endloop
  endfacet
  facet normal 0 0 -1
    outer loop
      vertex -12.9992 13.0428 0
      vertex -11.0577 14.276 0
      vertex -12.5445 12.3671 0
    endloop
  endfacet
  facet normal -0 0 -1
    outer loop
      vertex -11.0577 14.276 0
      vertex -12.9992 13.0428 0
      vertex -11.4136 14.8704 0
    endloop
  endfacet
  facet normal 0 0 -1
    outer loop
      vertex -13.4175 13.7415 0
      vertex -11.4136 14.8704 0
      vertex -12.9992 13.0428 0
    endloop
  endfacet
  facet normal -0 0 -1
    outer loop
      vertex -11.4136 14.8704 0
      vertex -13.4175 13.7415 0
      vertex -11.7375 15.4827 0
    endloop
  endfacet
  facet normal 0 0 -1
    outer loop
      vertex -13.7983 14.4614 0
      vertex -11.7375 15.4827 0
      vertex -13.4175 13.7415 0
    endloop
  endfacet
  facet normal -0 0 -1
    outer loop
      vertex -11.7375 15.4827 0
      vertex -13.7983 14.4614 0
      vertex -12.0286 16.1114 0
    endloop
  endfacet
  facet normal 0 0 -1
    outer loop
      vertex -14.1405 15.2004 0
      vertex -12.0286 16.1114 0
      vertex -13.7983 14.4614 0
    endloop
  endfacet
  facet normal -0 0 -1
    outer loop
      vertex -12.0286 16.1114 0
      vertex -14.1405 15.2004 0
      vertex -12.2861 16.7545 0
    endloop
  endfacet
  facet normal 0 0 -1
    outer loop
      vertex -14.4432 15.9564 0
      vertex -12.2861 16.7545 0
      vertex -14.1405 15.2004 0
    endloop
  endfacet
  facet normal -0 0 -1
    outer loop
      vertex -12.2861 16.7545 0
      vertex -14.4432 15.9564 0
      vertex -12.5092 17.4103 0
    endloop
  endfacet
  facet normal 0 0 -1
    outer loop
      vertex -14.7055 16.7274 0
      vertex -12.5092 17.4103 0
      vertex -14.4432 15.9564 0
    endloop
  endfacet
  facet normal 0 0 -1
    outer loop
      vertex -14.9267 17.5112 0
      vertex -12.6973 18.0771 0
      vertex -14.7055 16.7274 0
    endloop
  endfacet
  facet normal -0 0 -1
    outer loop
      vertex -12.5092 17.4103 0
      vertex -14.7055 16.7274 0
      vertex -12.6973 18.0771 0
    endloop
  endfacet
  facet normal -0 0 -1
    outer loop
      vertex -8.84517 8.69998 0
      vertex -9.38748 3.19998 0
      vertex -9.38748 8.69998 0
    endloop
  endfacet
  facet normal -0 0 -1
    outer loop
      vertex -12.6973 18.0771 0
      vertex -14.9267 17.5112 0
      vertex -12.85 18.7528 0
    endloop
  endfacet
  facet normal 0 0 -1
    outer loop
      vertex -15.1061 18.3056 0
      vertex -12.85 18.7528 0
      vertex -14.9267 17.5112 0
    endloop
  endfacet
  facet normal -0 0 -1
    outer loop
      vertex -12.85 18.7528 0
      vertex -15.1061 18.3056 0
      vertex -12.9667 19.4357 0
    endloop
  endfacet
  facet normal 0 0 -1
    outer loop
      vertex -15.2432 19.1084 0
      vertex -12.9667 19.4357 0
      vertex -15.1061 18.3056 0
    endloop
  endfacet
  facet normal -0 0 -1
    outer loop
      vertex -12.9667 19.4357 0
      vertex -15.2432 19.1084 0
      vertex -13.0471 20.1238 0
    endloop
  endfacet
  facet normal 0 0 -1
    outer loop
      vertex -15.3378 19.9172 0
      vertex -13.0471 20.1238 0
      vertex -15.2432 19.1084 0
    endloop
  endfacet
  facet normal -0 0 -1
    outer loop
      vertex -13.0471 20.1238 0
      vertex -15.3378 19.9172 0
      vertex -13.091 20.8151 0
    endloop
  endfacet
  facet normal 0 0 -1
    outer loop
      vertex -15.3894 20.73 0
      vertex -13.091 20.8151 0
      vertex -15.3378 19.9172 0
    endloop
  endfacet
  facet normal -0 0 -1
    outer loop
      vertex -13.091 20.8151 0
      vertex -15.3894 20.73 0
      vertex -13.0983 21.5078 0
    endloop
  endfacet
  facet normal 0 0 -1
    outer loop
      vertex -15.3981 21.5443 0
      vertex -13.0983 21.5078 0
      vertex -15.3894 20.73 0
    endloop
  endfacet
  facet normal 0 0 -1
    outer loop
      vertex -13.0983 21.5078 0
      vertex -15.3981 21.5443 0
      vertex -13.069 22.2 0
    endloop
  endfacet
  facet normal -0 0 -1
    outer loop
      vertex -12.901 23.5748 0
      vertex -15.2862 23.1687 0
      vertex -15.166 23.9742 0
    endloop
  endfacet
  facet normal 0 -0 -1
    outer loop
      vertex -15.3636 22.358 0
      vertex -13.069 22.2 0
      vertex -15.3981 21.5443 0
    endloop
  endfacet
  facet normal 0 0 -1
    outer loop
      vertex -13.0032 22.8896 0
      vertex -15.2862 23.1687 0
      vertex -12.901 23.5748 0
    endloop
  endfacet
  facet normal 0 0 -1
    outer loop
      vertex -13.069 22.2 0
      vertex -15.3636 22.358 0
      vertex -13.0032 22.8896 0
    endloop
  endfacet
  facet normal 0 -0 -1
    outer loop
      vertex -15.2862 23.1687 0
      vertex -13.0032 22.8896 0
      vertex -15.3636 22.358 0
    endloop
  endfacet
  facet normal 0 -0.7065 0.707713
    outer loop
      vertex 14.9 0.600006 48
      vertex -13.0172 0.00999451 47.411
      vertex 13.0172 0.00999451 47.411
    endloop
  endfacet
  facet normal 0 -0.7065 0.707713
    outer loop
      vertex -14.9 0.600006 48
      vertex -13.0172 0.00999451 47.411
      vertex 14.9 0.600006 48
    endloop
  endfacet
  facet normal -0.000501456 -0.707301 0.706913
    outer loop
      vertex -14.9 0.600006 48
      vertex -13.0172 0 47.401
      vertex -13.0172 0.00999451 47.411
    endloop
  endfacet
  facet normal 0 -0.706513 0.7077
    outer loop
      vertex -13.0172 0 47.401
      vertex -14.9 0.600006 48
      vertex -15.5 0 47.401
    endloop
  endfacet
  facet normal 0.000501456 -0.707301 0.706913
    outer loop
      vertex 13.0172 0 47.401
      vertex 14.9 0.600006 48
      vertex 13.0172 0.00999451 47.411
    endloop
  endfacet
  facet normal 0 -0.706513 0.7077
    outer loop
      vertex 14.9 0.600006 48
      vertex 13.0172 0 47.401
      vertex 15.5 0 47.401
    endloop
  endfacet
  facet normal 8.8699e-06 -0.707089 -0.707125
    outer loop
      vertex -13.0172 0 0.599999
      vertex -14.9 0.600006 0
      vertex -13.0172 0.00999451 0.590005
    endloop
  endfacet
  facet normal 0 -0.707103 -0.707111
    outer loop
      vertex -14.9 0.600006 0
      vertex -13.0172 0 0.599999
      vertex -15.5 0 0.599999
    endloop
  endfacet
  facet normal 0 -0.707103 -0.707111
    outer loop
      vertex 13.0172 0 0.599999
      vertex 14.9 0.600006 0
      vertex 15.5 0 0.599999
    endloop
  endfacet
  facet normal -8.8699e-06 -0.707089 -0.707125
    outer loop
      vertex 13.0172 0.00999451 0.590005
      vertex 14.9 0.600006 0
      vertex 13.0172 0 0.599999
    endloop
  endfacet
  facet normal 0 -0.707103 -0.707111
    outer loop
      vertex -13.0172 0.00999451 0.590005
      vertex 14.9 0.600006 0
      vertex 13.0172 0.00999451 0.590005
    endloop
  endfacet
  facet normal -0 -0.707103 -0.707111
    outer loop
      vertex 14.9 0.600006 0
      vertex -13.0172 0.00999451 0.590005
      vertex -14.9 0.600006 0
    endloop
  endfacet
  facet normal 0.706517 0 0.707696
    outer loop
      vertex 14.9 3.19998 48
      vertex 15.5 0 47.401
      vertex 15.5 3.79999 47.401
    endloop
  endfacet
  facet normal 0.706517 0 0.707696
    outer loop
      vertex 15.5 0 47.401
      vertex 14.9 3.19998 48
      vertex 14.9 0.600006 48
    endloop
  endfacet
  facet normal 0 0.707088 -0.707126
    outer loop
      vertex -9.38748 8.69998 0
      vertex -9.19609 8.81014 0.110154
      vertex -8.84517 8.69998 0
    endloop
  endfacet
  facet normal -5.28594e-06 0.707092 -0.707121
    outer loop
      vertex -9.38748 8.69998 0
      vertex -9.49191 8.91167 0.211682
      vertex -9.19609 8.81014 0.110154
    endloop
  endfacet
  facet normal -3.18904e-05 0.707086 -0.707128
    outer loop
      vertex -9.49191 8.91167 0.211682
      vertex -9.38748 8.69998 0
      vertex -9.65521 8.96771 0.267726
    endloop
  endfacet
  facet normal 0.000521846 0.70684 -0.707373
    outer loop
      vertex 9.38748 8.69998 0
      vertex 9.64687 8.96485 0.264862
      vertex 9.65521 8.96771 0.267726
    endloop
  endfacet
  facet normal 6.31528e-06 0.707093 -0.707121
    outer loop
      vertex 9.38748 8.69998 0
      vertex 9.19609 8.81014 0.110154
      vertex 9.64687 8.96485 0.264862
    endloop
  endfacet
  facet normal -1.49909e-05 0.707075 -0.707139
    outer loop
      vertex 9.38748 8.69998 0
      vertex 9.08779 8.77614 0.0761594
      vertex 9.19609 8.81014 0.110154
    endloop
  endfacet
  facet normal 0 0.707104 -0.70711
    outer loop
      vertex 9.08779 8.77614 0.0761594
      vertex 9.38748 8.69998 0
      vertex 8.84517 8.69998 0
    endloop
  endfacet
  facet normal -7.6331e-08 0.7071 -0.707113
    outer loop
      vertex -3.51177 9.1211 0.421115
      vertex 3.48579 9.29998 0.599991
      vertex 3.54989 8.85855 0.158569
    endloop
  endfacet
  facet normal 0 0.707105 -0.707109
    outer loop
      vertex -3.57292 8.69998 0
      vertex 3.54989 8.85855 0.158569
      vertex 3.57292 8.69998 0
    endloop
  endfacet
  facet normal 0 0.707099 -0.707115
    outer loop
      vertex 3.48579 9.29998 0.599991
      vertex -3.51177 9.1211 0.421115
      vertex -3.48579 9.29998 0.599991
    endloop
  endfacet
  facet normal 8.79152e-08 0.707103 -0.707111
    outer loop
      vertex 3.54989 8.85855 0.158569
      vertex -3.57292 8.69998 0
      vertex -3.51177 9.1211 0.421115
    endloop
  endfacet
  facet normal 0 0.624695 -0.780869
    outer loop
      vertex -3.48579 9.29998 0.599991
      vertex 3.48582 9.29999 0.599999
      vertex 3.48579 9.29998 0.599991
    endloop
  endfacet
  facet normal 0 0.624695 -0.780869
    outer loop
      vertex 3.48582 9.29999 0.599999
      vertex -3.48579 9.29998 0.599991
      vertex -3.48582 9.29999 0.599999
    endloop
  endfacet
  facet normal 1 0 0
    outer loop
      vertex 9.98749 8.80537 47.4
      vertex 9.98749 8.36891 37.339
      vertex 9.98749 8.80537 37.0006
    endloop
  endfacet
  facet normal 1 0 0
    outer loop
      vertex 9.98749 8.80537 47.4
      vertex 9.98749 8.16851 37.5008
      vertex 9.98749 8.36891 37.339
    endloop
  endfacet
  facet normal 1 0 0
    outer loop
      vertex 9.98749 8.80537 47.4
      vertex 9.98749 7.55035 38
      vertex 9.98749 8.16851 37.5008
    endloop
  endfacet
  facet normal 1 0 0
    outer loop
      vertex 9.98749 3.79999 47.401
      vertex 9.98749 7.55035 26
      vertex 9.98749 7.55035 38
    endloop
  endfacet
  facet normal 1 0 0
    outer loop
      vertex 9.98749 7.55035 26
      vertex 9.98749 3.79999 47.401
      vertex 9.98749 7.55035 22
    endloop
  endfacet
  facet normal 1 0 0
    outer loop
      vertex 9.98749 3.79999 0.599999
      vertex 9.98749 7.55035 22
      vertex 9.98749 3.79999 47.401
    endloop
  endfacet
  facet normal 1 0 0
    outer loop
      vertex 9.98749 8.80537 47.4
      vertex 9.98749 3.79999 47.401
      vertex 9.98749 7.55035 38
    endloop
  endfacet
  facet normal 1 -0 0
    outer loop
      vertex 9.98749 3.79999 47.401
      vertex 9.98749 8.80537 47.4
      vertex 9.98749 8.80664 47.401
    endloop
  endfacet
  facet normal 1 -0 0
    outer loop
      vertex 9.98749 8.75424 26.9598
      vertex 9.98749 8.80537 21.0006
      vertex 9.98749 8.80537 26.9994
    endloop
  endfacet
  facet normal 1 -0 0
    outer loop
      vertex 9.98749 8.36891 26.661
      vertex 9.98749 8.80537 21.0006
      vertex 9.98749 8.75424 26.9598
    endloop
  endfacet
  facet normal 1 0 0
    outer loop
      vertex 9.98749 8.36891 26.661
      vertex 9.98749 8.36891 21.339
      vertex 9.98749 8.80537 21.0006
    endloop
  endfacet
  facet normal 1 0 0
    outer loop
      vertex 9.98749 8.36891 26.661
      vertex 9.98749 8.16851 21.5008
      vertex 9.98749 8.36891 21.339
    endloop
  endfacet
  facet normal 1 -0 0
    outer loop
      vertex 9.98749 7.55035 26
      vertex 9.98749 8.16851 21.5008
      vertex 9.98749 8.36891 26.661
    endloop
  endfacet
  facet normal 1 0 0
    outer loop
      vertex 9.98749 8.16851 21.5008
      vertex 9.98749 7.55035 26
      vertex 9.98749 7.55035 22
    endloop
  endfacet
  facet normal 1 -0 0
    outer loop
      vertex 9.98749 8.75424 10.9598
      vertex 9.98749 8.80537 0.599999
      vertex 9.98749 8.80537 10.9994
    endloop
  endfacet
  facet normal 1 -0 0
    outer loop
      vertex 9.98749 8.36891 10.661
      vertex 9.98749 8.80537 0.599999
      vertex 9.98749 8.75424 10.9598
    endloop
  endfacet
  facet normal 1 -0 0
    outer loop
      vertex 9.98749 7.55035 10
      vertex 9.98749 8.80537 0.599999
      vertex 9.98749 8.36891 10.661
    endloop
  endfacet
  facet normal 1 0 0
    outer loop
      vertex 9.98749 7.55035 10
      vertex 9.98749 3.79999 0.599999
      vertex 9.98749 8.80537 0.599999
    endloop
  endfacet
  facet normal 1 0 0
    outer loop
      vertex 9.98749 7.55035 22
      vertex 9.98749 3.79999 0.599999
      vertex 9.98749 7.55035 10
    endloop
  endfacet
  facet normal -1 0 0
    outer loop
      vertex -9.98749 8.80537 0.599999
      vertex -9.98749 8.36891 10.661
      vertex -9.98749 8.80537 10.9994
    endloop
  endfacet
  facet normal -1 0 0
    outer loop
      vertex -9.98749 8.80537 0.599999
      vertex -9.98749 8.16851 10.4992
      vertex -9.98749 8.36891 10.661
    endloop
  endfacet
  facet normal -1 0 0
    outer loop
      vertex -9.98749 8.80537 0.599999
      vertex -9.98749 7.55035 10
      vertex -9.98749 8.16851 10.4992
    endloop
  endfacet
  facet normal -1 0 0
    outer loop
      vertex -9.98749 3.79999 0.599999
      vertex -9.98749 7.55035 22
      vertex -9.98749 7.55035 10
    endloop
  endfacet
  facet normal -1 -0 0
    outer loop
      vertex -9.98749 7.55035 22
      vertex -9.98749 3.79999 0.599999
      vertex -9.98749 7.55035 26
    endloop
  endfacet
  facet normal -1 0 0
    outer loop
      vertex -9.98749 3.79999 47.401
      vertex -9.98749 7.55035 26
      vertex -9.98749 3.79999 0.599999
    endloop
  endfacet
  facet normal -1 0 0
    outer loop
      vertex -9.98749 3.79999 0.599999
      vertex -9.98749 7.55035 10
      vertex -9.98749 8.80537 0.599999
    endloop
  endfacet
  facet normal -1 0 0
    outer loop
      vertex -9.98749 8.75424 21.0402
      vertex -9.98749 8.80537 26.9994
      vertex -9.98749 8.80537 21.0006
    endloop
  endfacet
  facet normal -1 0 0
    outer loop
      vertex -9.98749 8.36891 21.339
      vertex -9.98749 8.80537 26.9994
      vertex -9.98749 8.75424 21.0402
    endloop
  endfacet
  facet normal -1 0 0
    outer loop
      vertex -9.98749 8.36891 21.339
      vertex -9.98749 8.36891 26.661
      vertex -9.98749 8.80537 26.9994
    endloop
  endfacet
  facet normal -1 0 0
    outer loop
      vertex -9.98749 8.36891 21.339
      vertex -9.98749 8.16851 26.4992
      vertex -9.98749 8.36891 26.661
    endloop
  endfacet
  facet normal -1 0 0
    outer loop
      vertex -9.98749 7.55035 22
      vertex -9.98749 8.16851 26.4992
      vertex -9.98749 8.36891 21.339
    endloop
  endfacet
  facet normal -1 0 0
    outer loop
      vertex -9.98749 8.16851 26.4992
      vertex -9.98749 7.55035 22
      vertex -9.98749 7.55035 26
    endloop
  endfacet
  facet normal -1 0 0
    outer loop
      vertex -9.98749 8.80537 37.0006
      vertex -9.98749 8.75424 37.0402
      vertex -9.98749 8.80537 47.4
    endloop
  endfacet
  facet normal -1 0 0
    outer loop
      vertex -9.98749 8.36891 37.339
      vertex -9.98749 8.80537 47.4
      vertex -9.98749 8.75424 37.0402
    endloop
  endfacet
  facet normal -1 0 0
    outer loop
      vertex -9.98749 7.55035 38
      vertex -9.98749 8.80537 47.4
      vertex -9.98749 8.36891 37.339
    endloop
  endfacet
  facet normal -1 0 0
    outer loop
      vertex -9.98749 8.80537 47.4
      vertex -9.98749 3.79999 47.401
      vertex -9.98749 8.80664 47.401
    endloop
  endfacet
  facet normal -1 0 0
    outer loop
      vertex -9.98749 7.55035 38
      vertex -9.98749 3.79999 47.401
      vertex -9.98749 8.80537 47.4
    endloop
  endfacet
  facet normal -1 0 0
    outer loop
      vertex -9.98749 7.55035 26
      vertex -9.98749 3.79999 47.401
      vertex -9.98749 7.55035 38
    endloop
  endfacet
  facet normal 0 1 -0
    outer loop
      vertex 3.48582 9.29999 47.4
      vertex -3.48932 9.29999 47.401
      vertex 3.48932 9.29999 47.401
    endloop
  endfacet
  facet normal 0 1 0
    outer loop
      vertex 3.48582 9.29999 47.4
      vertex -3.48582 9.29999 47.4
      vertex -3.48932 9.29999 47.401
    endloop
  endfacet
  facet normal 0 1 -0
    outer loop
      vertex 3.48582 9.29999 0.599999
      vertex -3.48582 9.29999 47.4
      vertex 3.48582 9.29999 47.4
    endloop
  endfacet
  facet normal 0 1 0
    outer loop
      vertex -3.48582 9.29999 47.4
      vertex 3.48582 9.29999 0.599999
      vertex -3.48582 9.29999 0.599999
    endloop
  endfacet
  facet normal -0.7071 0 -0.707113
    outer loop
      vertex -9.98749 3.79999 0.599999
      vertex -9.38748 8.69998 0
      vertex -9.38748 3.19998 0
    endloop
  endfacet
  facet normal -0.707101 2.8252e-07 -0.707112
    outer loop
      vertex -9.98748 8.80536 0.599991
      vertex -9.38748 8.69998 0
      vertex -9.98749 3.79999 0.599999
    endloop
  endfacet
  facet normal -0.7071 2.8127e-06 -0.707113
    outer loop
      vertex -9.38748 8.69998 0
      vertex -9.75108 8.92087 0.363594
      vertex -9.65521 8.96771 0.267726
    endloop
  endfacet
  facet normal -0.707102 -2.45866e-06 -0.707112
    outer loop
      vertex -9.38748 8.69998 0
      vertex -9.98748 8.80536 0.599991
      vertex -9.75108 8.92087 0.363594
    endloop
  endfacet
  facet normal -0.624695 0 -0.780869
    outer loop
      vertex -9.98748 8.80536 0.599991
      vertex -9.98749 3.79999 0.599999
      vertex -9.98749 8.80537 0.599999
    endloop
  endfacet
  facet normal -0.706502 0.000100568 0.707711
    outer loop
      vertex -9.98749 8.80664 47.401
      vertex -9.38748 8.69998 48
      vertex -9.6556 8.9681 47.7323
    endloop
  endfacet
  facet normal -0.706511 0 0.707702
    outer loop
      vertex -9.38748 8.69998 48
      vertex -9.98749 8.80664 47.401
      vertex -9.98749 3.79999 47.401
    endloop
  endfacet
  facet normal -0.706511 0 0.707702
    outer loop
      vertex -9.38748 8.69998 48
      vertex -9.98749 3.79999 47.401
      vertex -9.38748 3.19998 48
    endloop
  endfacet
  facet normal 0 0.706457 0.707756
    outer loop
      vertex -9.08782 8.77622 47.9239
      vertex -9.38748 8.69998 48
      vertex -8.84517 8.69998 48
    endloop
  endfacet
  facet normal -0.00018262 0.706816 0.707397
    outer loop
      vertex -9.19603 8.81022 47.8899
      vertex -9.38748 8.69998 48
      vertex -9.08782 8.77622 47.9239
    endloop
  endfacet
  facet normal 0.000111337 0.706561 0.707653
    outer loop
      vertex -9.64695 8.96513 47.7353
      vertex -9.38748 8.69998 48
      vertex -9.19603 8.81022 47.8899
    endloop
  endfacet
  facet normal -0.00433043 0.704374 0.709816
    outer loop
      vertex -9.38748 8.69998 48
      vertex -9.64695 8.96513 47.7353
      vertex -9.6556 8.9681 47.7323
    endloop
  endfacet
  facet normal 0.000186599 0.706459 0.707754
    outer loop
      vertex 9.49126 8.91164 47.7887
      vertex 9.38748 8.69998 48
      vertex 9.6556 8.9681 47.7323
    endloop
  endfacet
  facet normal -0.000136924 0.706538 0.707675
    outer loop
      vertex 9.19603 8.81022 47.8899
      vertex 9.38748 8.69998 48
      vertex 9.49126 8.91164 47.7887
    endloop
  endfacet
  facet normal 0 0.706657 0.707556
    outer loop
      vertex 9.38748 8.69998 48
      vertex 9.19603 8.81022 47.8899
      vertex 8.84517 8.69998 48
    endloop
  endfacet
  facet normal -0 0.706478 0.707735
    outer loop
      vertex -3.48932 9.29999 47.401
      vertex 3.51442 9.11987 47.5808
      vertex 3.48932 9.29999 47.401
    endloop
  endfacet
  facet normal 2.96916e-06 0.706536 0.707677
    outer loop
      vertex 3.51442 9.11987 47.5808
      vertex -3.48932 9.29999 47.401
      vertex -3.55066 8.85978 47.8405
    endloop
  endfacet
  facet normal 3.72739e-06 0.706525 0.707688
    outer loop
      vertex 3.51442 9.11987 47.5808
      vertex -3.55066 8.85978 47.8405
      vertex 3.57292 8.69998 48
    endloop
  endfacet
  facet normal 0 0.706442 0.707771
    outer loop
      vertex 3.57292 8.69998 48
      vertex -3.55066 8.85978 47.8405
      vertex -3.57292 8.69998 48
    endloop
  endfacet
  facet normal 0.624695 0 -0.780869
    outer loop
      vertex 9.98749 3.79999 0.599999
      vertex 9.98748 8.80536 0.599991
      vertex 9.98749 8.80537 0.599999
    endloop
  endfacet
  facet normal 0.707101 2.8252e-07 -0.707112
    outer loop
      vertex 9.38748 8.69998 0
      vertex 9.98748 8.80536 0.599991
      vertex 9.98749 3.79999 0.599999
    endloop
  endfacet
  facet normal 0.7071 0 -0.707113
    outer loop
      vertex 9.38748 8.69998 0
      vertex 9.98749 3.79999 0.599999
      vertex 9.38748 3.19998 0
    endloop
  endfacet
  facet normal 0.707101 5.11012e-08 -0.707112
    outer loop
      vertex 9.98748 8.80536 0.599991
      vertex 9.38748 8.69998 0
      vertex 9.65521 8.96771 0.267726
    endloop
  endfacet
  facet normal 0.706501 0.000111381 0.707712
    outer loop
      vertex 9.38748 8.69998 48
      vertex 9.98749 8.80664 47.401
      vertex 9.75257 8.92092 47.6355
    endloop
  endfacet
  facet normal 0.706508 8.88626e-05 0.707705
    outer loop
      vertex 9.38748 8.69998 48
      vertex 9.75257 8.92092 47.6355
      vertex 9.6556 8.9681 47.7323
    endloop
  endfacet
  facet normal 0.706511 0 0.707702
    outer loop
      vertex 9.98749 8.80664 47.401
      vertex 9.38748 8.69998 48
      vertex 9.98749 3.79999 47.401
    endloop
  endfacet
  facet normal 0.706511 0 0.707702
    outer loop
      vertex 9.98749 3.79999 47.401
      vertex 9.38748 8.69998 48
      vertex 9.38748 3.19998 48
    endloop
  endfacet
  facet normal 0.173658 0.984806 3.5905e-06
    outer loop
      vertex -15.166 23.9742 48
      vertex -12.3101 23.4706 47.4
      vertex -15.7569 24.0784 47.4
    endloop
  endfacet
  facet normal 0.173658 0.984806 0
    outer loop
      vertex -12.3101 23.4706 47.4
      vertex -15.7569 24.0784 37.0049
      vertex -15.7569 24.0784 47.4
    endloop
  endfacet
  facet normal 0.173705 0.984798 -1.59823e-05
    outer loop
      vertex -12.3101 23.4706 47.4
      vertex -14.6271 23.8791 35.8572
      vertex -15.7569 24.0784 37.0049
    endloop
  endfacet
  facet normal 0.173626 0.984812 3.69464e-07
    outer loop
      vertex -12.3101 23.4706 47.4
      vertex -13.7831 23.7303 35
      vertex -14.6271 23.8791 35.8572
    endloop
  endfacet
  facet normal 0.173629 0.984811 0
    outer loop
      vertex -12.3101 23.4706 47.4
      vertex -13.7831 23.7303 29
      vertex -13.7831 23.7303 35
    endloop
  endfacet
  facet normal 0.173882 0.984766 0
    outer loop
      vertex -15.6408 24.0579 27.1131
      vertex -15.7569 24.0784 21.0049
      vertex -15.7569 24.0784 26.9951
    endloop
  endfacet
  facet normal 0.173672 0.984804 -4.39168e-06
    outer loop
      vertex -14.6271 23.8791 19.8572
      vertex -15.6408 24.0579 27.1131
      vertex -13.7831 23.7303 29
    endloop
  endfacet
  facet normal 0.173724 0.984794 3.10378e-06
    outer loop
      vertex -15.6408 24.0579 27.1131
      vertex -14.6271 23.8791 19.8572
      vertex -15.7569 24.0784 21.0049
    endloop
  endfacet
  facet normal 0.173626 0.984812 0
    outer loop
      vertex -13.7831 23.7303 29
      vertex -13.7831 23.7303 19
      vertex -14.6271 23.8791 19.8572
    endloop
  endfacet
  facet normal 0.173629 0.984811 0
    outer loop
      vertex -12.3101 23.4706 47.4
      vertex -13.7831 23.7303 19
      vertex -13.7831 23.7303 29
    endloop
  endfacet
  facet normal 0.173629 0.984811 -0
    outer loop
      vertex -12.3101 23.4706 0.599991
      vertex -13.7831 23.7303 19
      vertex -12.3101 23.4706 47.4
    endloop
  endfacet
  facet normal 0.173629 0.984811 0
    outer loop
      vertex -13.7831 23.7303 19
      vertex -12.3101 23.4706 0.599991
      vertex -13.7831 23.7303 13
    endloop
  endfacet
  facet normal 0.173663 0.984805 4.20055e-06
    outer loop
      vertex -12.3101 23.4706 0.599991
      vertex -15.6408 24.0579 11.1131
      vertex -13.7831 23.7303 13
    endloop
  endfacet
  facet normal 0.173826 0.984776 5.72583e-05
    outer loop
      vertex -12.3101 23.4706 0.599991
      vertex -15.7569 24.0784 10.9951
      vertex -15.6408 24.0579 11.1131
    endloop
  endfacet
  facet normal 0.173658 0.984806 0
    outer loop
      vertex -15.7569 24.0784 10.9951
      vertex -12.3101 23.4706 0.599991
      vertex -15.7569 24.0784 0.599991
    endloop
  endfacet
  facet normal 0.173656 0.984806 -5.4639e-06
    outer loop
      vertex -12.901 23.5748 48
      vertex -12.3101 23.4706 47.4
      vertex -15.166 23.9742 48
    endloop
  endfacet
  facet normal 0.173658 0.984806 -3.59055e-06
    outer loop
      vertex -12.3101 23.4706 0.599991
      vertex -15.166 23.9742 0
      vertex -15.7569 24.0784 0.599991
    endloop
  endfacet
  facet normal 0.173656 0.984806 5.46398e-06
    outer loop
      vertex -12.3101 23.4706 0.599991
      vertex -12.901 23.5748 0
      vertex -15.166 23.9742 0
    endloop
  endfacet
  facet normal -0.173658 0.984806 3.5905e-06
    outer loop
      vertex 15.166 23.9742 48
      vertex 15.7569 24.0784 47.4
      vertex 12.3101 23.4706 47.4
    endloop
  endfacet
  facet normal -0.173656 0.984806 -5.4639e-06
    outer loop
      vertex 12.901 23.5748 48
      vertex 15.166 23.9742 48
      vertex 12.3101 23.4706 47.4
    endloop
  endfacet
  facet normal -0.173658 0.984806 0
    outer loop
      vertex 15.7569 24.0784 37.0049
      vertex 12.3101 23.4706 47.4
      vertex 15.7569 24.0784 47.4
    endloop
  endfacet
  facet normal -0.173826 0.984776 -5.72584e-05
    outer loop
      vertex 15.6408 24.0579 36.8869
      vertex 12.3101 23.4706 47.4
      vertex 15.7569 24.0784 37.0049
    endloop
  endfacet
  facet normal -0.173663 0.984805 -4.20056e-06
    outer loop
      vertex 13.7831 23.7303 35
      vertex 12.3101 23.4706 47.4
      vertex 15.6408 24.0579 36.8869
    endloop
  endfacet
  facet normal -0.173629 0.984811 0
    outer loop
      vertex 13.7831 23.7303 29
      vertex 12.3101 23.4706 47.4
      vertex 13.7831 23.7303 35
    endloop
  endfacet
  facet normal -0.173724 0.984794 -3.10378e-06
    outer loop
      vertex 15.6408 24.0579 20.8869
      vertex 14.6271 23.8791 28.1428
      vertex 15.7569 24.0784 26.9951
    endloop
  endfacet
  facet normal -0.173882 0.984766 0
    outer loop
      vertex 15.6408 24.0579 20.8869
      vertex 15.7569 24.0784 26.9951
      vertex 15.7569 24.0784 21.0049
    endloop
  endfacet
  facet normal -0.173672 0.984804 4.39168e-06
    outer loop
      vertex 13.7831 23.7303 19
      vertex 14.6271 23.8791 28.1428
      vertex 15.6408 24.0579 20.8869
    endloop
  endfacet
  facet normal -0.173626 0.984812 0
    outer loop
      vertex 14.6271 23.8791 28.1428
      vertex 13.7831 23.7303 19
      vertex 13.7831 23.7303 29
    endloop
  endfacet
  facet normal -0.173629 0.984811 0
    outer loop
      vertex 13.7831 23.7303 19
      vertex 12.3101 23.4706 47.4
      vertex 13.7831 23.7303 29
    endloop
  endfacet
  facet normal -0.173629 0.984811 0
    outer loop
      vertex 12.3101 23.4706 0.599991
      vertex 13.7831 23.7303 19
      vertex 13.7831 23.7303 13
    endloop
  endfacet
  facet normal -0.173705 0.984798 1.59823e-05
    outer loop
      vertex 12.3101 23.4706 0.599991
      vertex 14.6271 23.8791 12.1428
      vertex 15.7569 24.0784 10.9951
    endloop
  endfacet
  facet normal -0.173658 0.984806 0
    outer loop
      vertex 12.3101 23.4706 0.599991
      vertex 15.7569 24.0784 10.9951
      vertex 15.7569 24.0784 0.599991
    endloop
  endfacet
  facet normal -0.173629 0.984811 0
    outer loop
      vertex 13.7831 23.7303 19
      vertex 12.3101 23.4706 0.599991
      vertex 12.3101 23.4706 47.4
    endloop
  endfacet
  facet normal -0.173626 0.984812 -3.69464e-07
    outer loop
      vertex 14.6271 23.8791 12.1428
      vertex 12.3101 23.4706 0.599991
      vertex 13.7831 23.7303 13
    endloop
  endfacet
  facet normal -0.173658 0.984806 -3.59055e-06
    outer loop
      vertex 15.7569 24.0784 0.599991
      vertex 15.166 23.9742 0
      vertex 12.3101 23.4706 0.599991
    endloop
  endfacet
  facet normal -0.173656 0.984806 5.46398e-06
    outer loop
      vertex 15.166 23.9742 0
      vertex 12.901 23.5748 0
      vertex 12.3101 23.4706 0.599991
    endloop
  endfacet
  facet normal 0.69948 -0.104312 -0.706998
    outer loop
      vertex -12.3101 23.4706 0.599991
      vertex -12.4076 22.8168 0.599991
      vertex -12.901 23.5748 0
    endloop
  endfacet
  facet normal 0.699468 -0.104328 -0.707008
    outer loop
      vertex -12.901 23.5748 0
      vertex -12.4076 22.8168 0.599991
      vertex -13.0032 22.8896 0
    endloop
  endfacet
  facet normal 0.989062 -0.147497 0
    outer loop
      vertex -12.4076 22.8168 47.4
      vertex -12.3101 23.4706 0.599991
      vertex -12.3101 23.4706 47.4
    endloop
  endfacet
  facet normal 0.989062 -0.147497 0
    outer loop
      vertex -12.3101 23.4706 0.599991
      vertex -12.4076 22.8168 47.4
      vertex -12.4076 22.8168 0.599991
    endloop
  endfacet
  facet normal 0.699483 -0.10433 0.706993
    outer loop
      vertex -12.3101 23.4706 47.4
      vertex -12.901 23.5748 48
      vertex -13.0032 22.8896 48
    endloop
  endfacet
  facet normal 0.699476 -0.104312 0.707003
    outer loop
      vertex -12.4076 22.8168 47.4
      vertex -12.3101 23.4706 47.4
      vertex -13.0032 22.8896 48
    endloop
  endfacet
  facet normal -0.699473 0.10439 0.706994
    outer loop
      vertex -15.166 23.9742 48
      vertex -15.7569 24.0784 47.4
      vertex -15.8818 23.2415 47.4
    endloop
  endfacet
  facet normal -0.699467 0.104377 0.707002
    outer loop
      vertex -15.2862 23.1687 48
      vertex -15.166 23.9742 48
      vertex -15.8818 23.2415 47.4
    endloop
  endfacet
  facet normal -0.989032 0.1477 0
    outer loop
      vertex -15.8043 23.761 36.9993
      vertex -15.7569 24.0784 47.4
      vertex -15.7569 24.0784 37.0049
    endloop
  endfacet
  facet normal -0.989076 0.147405 -7.37339e-06
    outer loop
      vertex -15.8818 23.2415 47.4
      vertex -15.8043 23.761 36.9993
      vertex -15.8405 23.5181 36.995
    endloop
  endfacet
  facet normal -0.989036 0.147676 0
    outer loop
      vertex -15.8818 23.2415 47.4
      vertex -15.8405 23.5181 36.995
      vertex -15.8818 23.2415 37.0049
    endloop
  endfacet
  facet normal -0.989046 0.147606 2.93157e-06
    outer loop
      vertex -15.8043 23.761 36.9993
      vertex -15.8818 23.2415 47.4
      vertex -15.7569 24.0784 47.4
    endloop
  endfacet
  facet normal -0.989051 0.147572 0
    outer loop
      vertex -15.7569 24.0784 0.599991
      vertex -15.8405 23.5181 11.005
      vertex -15.7569 24.0784 10.9951
    endloop
  endfacet
  facet normal -0.989046 0.147606 1.88883e-06
    outer loop
      vertex -15.8818 23.2415 0.599991
      vertex -15.8405 23.5181 11.005
      vertex -15.7569 24.0784 0.599991
    endloop
  endfacet
  facet normal -0.989047 0.147601 2.04923e-06
    outer loop
      vertex -15.8405 23.5181 11.005
      vertex -15.8818 23.2415 0.599991
      vertex -15.8766 23.2762 10.9963
    endloop
  endfacet
  facet normal -0.988957 0.148201 0
    outer loop
      vertex -15.8766 23.2762 10.9963
      vertex -15.8818 23.2415 0.599991
      vertex -15.8818 23.2415 10.9951
    endloop
  endfacet
  facet normal -0.989032 0.1477 0
    outer loop
      vertex -15.8043 23.761 20.9993
      vertex -15.7569 24.0784 26.9951
      vertex -15.7569 24.0784 21.0049
    endloop
  endfacet
  facet normal -0.989076 0.147405 0
    outer loop
      vertex -15.8405 23.5181 27.005
      vertex -15.8043 23.761 20.9993
      vertex -15.8405 23.5181 20.995
    endloop
  endfacet
  facet normal -0.989051 0.147572 6.93568e-06
    outer loop
      vertex -15.8043 23.761 20.9993
      vertex -15.8405 23.5181 27.005
      vertex -15.7569 24.0784 26.9951
    endloop
  endfacet
  facet normal -0.989047 0.147601 0
    outer loop
      vertex -15.8405 23.5181 20.995
      vertex -15.8766 23.2762 26.9963
      vertex -15.8405 23.5181 27.005
    endloop
  endfacet
  facet normal -0.989036 0.147676 3.1087e-06
    outer loop
      vertex -15.8818 23.2415 21.0049
      vertex -15.8766 23.2762 26.9963
      vertex -15.8405 23.5181 20.995
    endloop
  endfacet
  facet normal -0.988957 0.148201 0
    outer loop
      vertex -15.8766 23.2762 26.9963
      vertex -15.8818 23.2415 21.0049
      vertex -15.8818 23.2415 26.9951
    endloop
  endfacet
  facet normal -0.69947 0.104378 -0.706999
    outer loop
      vertex -15.166 23.9742 0
      vertex -15.2862 23.1687 0
      vertex -15.7569 24.0784 0.599991
    endloop
  endfacet
  facet normal -0.69946 0.104388 -0.707007
    outer loop
      vertex -15.7569 24.0784 0.599991
      vertex -15.2862 23.1687 0
      vertex -15.8818 23.2415 0.599991
    endloop
  endfacet
  facet normal 0.703995 -0.0672968 -0.707009
    outer loop
      vertex -12.4076 22.8168 0.599991
      vertex -12.4705 22.1588 0.599991
      vertex -13.0032 22.8896 0
    endloop
  endfacet
  facet normal 0.704076 -0.0671813 -0.70694
    outer loop
      vertex -13.0032 22.8896 0
      vertex -12.4705 22.1588 0.599991
      vertex -13.069 22.2 0
    endloop
  endfacet
  facet normal 0.995462 -0.0951589 0
    outer loop
      vertex -12.4705 22.1588 47.4
      vertex -12.4076 22.8168 0.599991
      vertex -12.4076 22.8168 47.4
    endloop
  endfacet
  facet normal 0.995462 -0.0951589 0
    outer loop
      vertex -12.4076 22.8168 0.599991
      vertex -12.4705 22.1588 47.4
      vertex -12.4705 22.1588 0.599991
    endloop
  endfacet
  facet normal 0.704014 -0.0671754 0.707002
    outer loop
      vertex -12.4076 22.8168 47.4
      vertex -13.0032 22.8896 48
      vertex -13.069 22.2 48
    endloop
  endfacet
  facet normal 0.704071 -0.0673041 0.706933
    outer loop
      vertex -12.4705 22.1588 47.4
      vertex -12.4076 22.8168 47.4
      vertex -13.069 22.2 48
    endloop
  endfacet
  facet normal -0.704011 0.0671999 0.707002
    outer loop
      vertex -15.2862 23.1687 48
      vertex -15.8818 23.2415 47.4
      vertex -15.9622 22.3992 47.4
    endloop
  endfacet
  facet normal -0.70402 0.0672149 0.706992
    outer loop
      vertex -15.3636 22.358 48
      vertex -15.2862 23.1687 48
      vertex -15.9622 22.3992 47.4
    endloop
  endfacet
  facet normal -0.995468 0.0950924 0
    outer loop
      vertex -15.9119 22.9264 36.9993
      vertex -15.8818 23.2415 47.4
      vertex -15.8818 23.2415 37.0049
    endloop
  endfacet
  facet normal -0.995486 0.0949053 -3.74061e-06
    outer loop
      vertex -15.9622 22.3992 47.4
      vertex -15.9119 22.9264 36.9993
      vertex -15.9352 22.682 36.995
    endloop
  endfacet
  facet normal -0.995473 0.0950417 0
    outer loop
      vertex -15.9622 22.3992 47.4
      vertex -15.9352 22.682 36.995
      vertex -15.9622 22.3992 37.005
    endloop
  endfacet
  facet normal -0.995475 0.095021 2.1806e-06
    outer loop
      vertex -15.9119 22.9264 36.9993
      vertex -15.9622 22.3992 47.4
      vertex -15.8818 23.2415 47.4
    endloop
  endfacet
  facet normal -0.995476 0.0950106 0
    outer loop
      vertex -15.8818 23.2415 0.599991
      vertex -15.9352 22.682 11.005
      vertex -15.8818 23.2415 10.9951
    endloop
  endfacet
  facet normal -0.995475 0.095021 5.65654e-07
    outer loop
      vertex -15.9622 22.3992 0.599991
      vertex -15.9352 22.682 11.005
      vertex -15.8818 23.2415 0.599991
    endloop
  endfacet
  facet normal -0.995492 0.0948475 5.32515e-06
    outer loop
      vertex -15.9352 22.682 11.005
      vertex -15.9622 22.3992 0.599991
      vertex -15.9584 22.4385 10.9964
    endloop
  endfacet
  facet normal -0.995358 0.0962433 0
    outer loop
      vertex -15.9584 22.4385 10.9964
      vertex -15.9622 22.3992 0.599991
      vertex -15.9622 22.3992 10.995
    endloop
  endfacet
  facet normal -0.995468 0.0950924 0
    outer loop
      vertex -15.9119 22.9264 20.9993
      vertex -15.8818 23.2415 26.9951
      vertex -15.8818 23.2415 21.0049
    endloop
  endfacet
  facet normal -0.995486 0.0949052 0
    outer loop
      vertex -15.9352 22.682 27.005
      vertex -15.9119 22.9264 20.9993
      vertex -15.9352 22.682 20.995
    endloop
  endfacet
  facet normal -0.995476 0.0950107 4.33142e-06
    outer loop
      vertex -15.9119 22.9264 20.9993
      vertex -15.9352 22.682 27.005
      vertex -15.8818 23.2415 26.9951
    endloop
  endfacet
  facet normal -0.995492 0.0948477 0
    outer loop
      vertex -15.9352 22.682 20.995
      vertex -15.9584 22.4385 26.9964
      vertex -15.9352 22.682 27.005
    endloop
  endfacet
  facet normal -0.995473 0.0950419 7.95316e-06
    outer loop
      vertex -15.9622 22.3992 21.005
      vertex -15.9584 22.4385 26.9964
      vertex -15.9352 22.682 20.995
    endloop
  endfacet
  facet normal -0.995358 0.0962433 0
    outer loop
      vertex -15.9584 22.4385 26.9964
      vertex -15.9622 22.3992 21.005
      vertex -15.9622 22.3992 26.995
    endloop
  endfacet
  facet normal -0.704005 0.0672135 -0.707008
    outer loop
      vertex -15.2862 23.1687 0
      vertex -15.3636 22.358 0
      vertex -15.8818 23.2415 0.599991
    endloop
  endfacet
  facet normal -0.704016 0.0672004 -0.706998
    outer loop
      vertex -15.8818 23.2415 0.599991
      vertex -15.3636 22.358 0
      vertex -15.9622 22.3992 0.599991
    endloop
  endfacet
  facet normal 0.706645 -0.0298492 -0.706939
    outer loop
      vertex -12.4705 22.1588 0.599991
      vertex -12.4984 21.4983 0.599991
      vertex -13.069 22.2 0
    endloop
  endfacet
  facet normal 0.706607 -0.0299098 -0.706974
    outer loop
      vertex -13.069 22.2 0
      vertex -12.4984 21.4983 0.599991
      vertex -13.0983 21.5078 0
    endloop
  endfacet
  facet normal 0.999109 -0.0422031 0
    outer loop
      vertex -12.4984 21.4983 47.4
      vertex -12.4705 22.1588 0.599991
      vertex -12.4705 22.1588 47.4
    endloop
  endfacet
  facet normal 0.999109 -0.0422031 0
    outer loop
      vertex -12.4705 22.1588 0.599991
      vertex -12.4984 21.4983 47.4
      vertex -12.4984 21.4983 0.599991
    endloop
  endfacet
  facet normal 0.706647 -0.0299115 0.706934
    outer loop
      vertex -12.4705 22.1588 47.4
      vertex -13.069 22.2 48
      vertex -13.0983 21.5078 48
    endloop
  endfacet
  facet normal 0.706614 -0.0298479 0.706969
    outer loop
      vertex -12.4984 21.4983 47.4
      vertex -12.4705 22.1588 47.4
      vertex -13.0983 21.5078 48
    endloop
  endfacet
  facet normal -0.706587 0.0299253 0.706993
    outer loop
      vertex -15.3636 22.358 48
      vertex -15.9622 22.3992 47.4
      vertex -15.998 21.5539 47.4
    endloop
  endfacet
  facet normal -0.706609 0.0299594 0.70697
    outer loop
      vertex -15.3981 21.5443 48
      vertex -15.3636 22.358 48
      vertex -15.998 21.5539 47.4
    endloop
  endfacet
  facet normal -0.999105 0.0422969 0
    outer loop
      vertex -15.9754 22.0874 36.9994
      vertex -15.9622 22.3992 47.4
      vertex -15.9622 22.3992 37.005
    endloop
  endfacet
  facet normal -0.999103 0.0423418 9.22975e-07
    outer loop
      vertex -15.998 21.5539 47.4
      vertex -15.9754 22.0874 36.9994
      vertex -15.9858 21.842 36.995
    endloop
  endfacet
  facet normal -0.999105 0.0423085 0
    outer loop
      vertex -15.998 21.5539 47.4
      vertex -15.9858 21.842 36.995
      vertex -15.998 21.5539 37.005
    endloop
  endfacet
  facet normal -0.999104 0.0423139 -5.09119e-07
    outer loop
      vertex -15.9754 22.0874 36.9994
      vertex -15.998 21.5539 47.4
      vertex -15.9622 22.3992 47.4
    endloop
  endfacet
  facet normal -0.999104 0.0423167 0
    outer loop
      vertex -15.9622 22.3992 0.599991
      vertex -15.9858 21.842 11.005
      vertex -15.9622 22.3992 10.995
    endloop
  endfacet
  facet normal -0.999104 0.0423139 -1.49945e-07
    outer loop
      vertex -15.998 21.5539 0.599991
      vertex -15.9858 21.842 11.005
      vertex -15.9622 22.3992 0.599991
    endloop
  endfacet
  facet normal -0.999112 0.0421237 5.12639e-06
    outer loop
      vertex -15.9858 21.842 11.005
      vertex -15.998 21.5539 0.599991
      vertex -15.9961 21.5977 10.9965
    endloop
  endfacet
  facet normal -0.99906 0.0433382 0
    outer loop
      vertex -15.9961 21.5977 10.9965
      vertex -15.998 21.5539 0.599991
      vertex -15.998 21.5539 10.995
    endloop
  endfacet
  facet normal -0.999105 0.0422969 0
    outer loop
      vertex -15.9754 22.0874 20.9994
      vertex -15.9622 22.3992 26.995
      vertex -15.9622 22.3992 21.005
    endloop
  endfacet
  facet normal -0.999103 0.0423418 0
    outer loop
      vertex -15.9858 21.842 27.005
      vertex -15.9754 22.0874 20.9994
      vertex -15.9858 21.842 20.995
    endloop
  endfacet
  facet normal -0.999104 0.0423167 -1.02783e-06
    outer loop
      vertex -15.9754 22.0874 20.9994
      vertex -15.9858 21.842 27.005
      vertex -15.9622 22.3992 26.995
    endloop
  endfacet
  facet normal -0.999112 0.0421239 0
    outer loop
      vertex -15.9858 21.842 20.995
      vertex -15.9961 21.5977 26.9965
      vertex -15.9858 21.842 27.005
    endloop
  endfacet
  facet normal -0.999105 0.0423088 7.53991e-06
    outer loop
      vertex -15.998 21.5539 21.005
      vertex -15.9961 21.5977 26.9965
      vertex -15.9858 21.842 20.995
    endloop
  endfacet
  facet normal -0.99906 0.0433382 0
    outer loop
      vertex -15.9961 21.5977 26.9965
      vertex -15.998 21.5539 21.005
      vertex -15.998 21.5539 26.995
    endloop
  endfacet
  facet normal -0.70658 0.0299582 -0.706999
    outer loop
      vertex -15.3636 22.358 0
      vertex -15.3981 21.5443 0
      vertex -15.9622 22.3992 0.599991
    endloop
  endfacet
  facet normal -0.706604 0.029926 -0.706976
    outer loop
      vertex -15.9622 22.3992 0.599991
      vertex -15.3981 21.5443 0
      vertex -15.998 21.5539 0.599991
    endloop
  endfacet
  facet normal 0.7072 0.00748926 -0.706974
    outer loop
      vertex -12.4984 21.4983 0.599991
      vertex -12.4914 20.8373 0.599991
      vertex -13.0983 21.5078 0
    endloop
  endfacet
  facet normal 0.70718 0.00745259 -0.706995
    outer loop
      vertex -12.4914 20.8373 0.599991
      vertex -13.091 20.8151 0
      vertex -13.0983 21.5078 0
    endloop
  endfacet
  facet normal 0.999944 0.0105894 0
    outer loop
      vertex -12.4914 20.8373 47.4
      vertex -12.4984 21.4983 0.599991
      vertex -12.4984 21.4983 47.4
    endloop
  endfacet
  facet normal 0.999944 0.0105894 0
    outer loop
      vertex -12.4984 21.4983 0.599991
      vertex -12.4914 20.8373 47.4
      vertex -12.4914 20.8373 0.599991
    endloop
  endfacet
  facet normal 0.707205 0.00745286 0.706969
    outer loop
      vertex -13.091 20.8151 48
      vertex -12.4984 21.4983 47.4
      vertex -13.0983 21.5078 48
    endloop
  endfacet
  facet normal 0.707184 0.00748909 0.70699
    outer loop
      vertex -12.4914 20.8373 47.4
      vertex -12.4984 21.4983 47.4
      vertex -13.091 20.8151 48
    endloop
  endfacet
  facet normal -0.707206 -0.00752258 0.706968
    outer loop
      vertex -15.989 20.7078 47.4
      vertex -15.3981 21.5443 48
      vertex -15.998 21.5539 47.4
    endloop
  endfacet
  facet normal -0.707183 -0.00755555 0.706991
    outer loop
      vertex -15.3894 20.73 48
      vertex -15.3981 21.5443 48
      vertex -15.989 20.7078 47.4
    endloop
  endfacet
  facet normal -0.999942 -0.0107241 0
    outer loop
      vertex -15.9947 21.2462 36.9994
      vertex -15.998 21.5539 47.4
      vertex -15.998 21.5539 37.005
    endloop
  endfacet
  facet normal -0.999944 -0.0105857 3.12872e-08
    outer loop
      vertex -15.989 20.7078 47.4
      vertex -15.9947 21.2462 36.9994
      vertex -15.9921 21.0006 36.9949
    endloop
  endfacet
  facet normal -0.999944 -0.0105868 -0
    outer loop
      vertex -15.989 20.7078 47.4
      vertex -15.9921 21.0006 36.9949
      vertex -15.989 20.7078 37.005
    endloop
  endfacet
  facet normal -0.999943 -0.0106364 -2.59419e-06
    outer loop
      vertex -15.9947 21.2462 36.9994
      vertex -15.989 20.7078 47.4
      vertex -15.998 21.5539 47.4
    endloop
  endfacet
  facet normal -0.999943 -0.0106627 0
    outer loop
      vertex -15.998 21.5539 0.599991
      vertex -15.9921 21.0006 11.0051
      vertex -15.998 21.5539 10.995
    endloop
  endfacet
  facet normal -0.999943 -0.0106364 1.39592e-06
    outer loop
      vertex -15.989 20.7078 0.599991
      vertex -15.9921 21.0006 11.0051
      vertex -15.998 21.5539 0.599991
    endloop
  endfacet
  facet normal -0.999944 -0.010629 1.18769e-06
    outer loop
      vertex -15.9921 21.0006 11.0051
      vertex -15.989 20.7078 0.599991
      vertex -15.9895 20.756 10.9966
    endloop
  endfacet
  facet normal -0.999946 -0.0103729 0
    outer loop
      vertex -15.9895 20.756 10.9966
      vertex -15.989 20.7078 0.599991
      vertex -15.989 20.7078 10.995
    endloop
  endfacet
  facet normal -0.999942 -0.0107241 0
    outer loop
      vertex -15.9947 21.2462 20.9994
      vertex -15.998 21.5539 26.995
      vertex -15.998 21.5539 21.005
    endloop
  endfacet
  facet normal -0.999944 -0.0105857 -0
    outer loop
      vertex -15.9921 21.0006 27.0051
      vertex -15.9947 21.2462 20.9994
      vertex -15.9921 21.0006 20.9949
    endloop
  endfacet
  facet normal -0.999943 -0.0106627 -3.14997e-06
    outer loop
      vertex -15.9947 21.2462 20.9994
      vertex -15.9921 21.0006 27.0051
      vertex -15.998 21.5539 26.995
    endloop
  endfacet
  facet normal -0.999944 -0.010629 0
    outer loop
      vertex -15.9921 21.0006 20.9949
      vertex -15.9895 20.756 26.9966
      vertex -15.9921 21.0006 27.0051
    endloop
  endfacet
  facet normal -0.999944 -0.0105868 1.72087e-06
    outer loop
      vertex -15.989 20.7078 21.005
      vertex -15.9895 20.756 26.9966
      vertex -15.9921 21.0006 20.9949
    endloop
  endfacet
  facet normal -0.999946 -0.0103729 0
    outer loop
      vertex -15.9895 20.756 26.9966
      vertex -15.989 20.7078 21.005
      vertex -15.989 20.7078 26.995
    endloop
  endfacet
  facet normal -0.707201 -0.00755575 -0.706973
    outer loop
      vertex -15.3981 21.5443 0
      vertex -15.3894 20.73 0
      vertex -15.998 21.5539 0.599991
    endloop
  endfacet
  facet normal -0.707178 -0.00752228 -0.706996
    outer loop
      vertex -15.3894 20.73 0
      vertex -15.989 20.7078 0.599991
      vertex -15.998 21.5539 0.599991
    endloop
  endfacet
  facet normal 0.705796 0.0448278 -0.706995
    outer loop
      vertex -12.4914 20.8373 0.599991
      vertex -12.4495 20.1776 0.599991
      vertex -13.091 20.8151 0
    endloop
  endfacet
  facet normal 0.705793 0.0448203 -0.706999
    outer loop
      vertex -12.4495 20.1776 0.599991
      vertex -13.0471 20.1238 0
      vertex -13.091 20.8151 0
    endloop
  endfacet
  facet normal 0.997989 0.063386 0
    outer loop
      vertex -12.4495 20.1776 47.4
      vertex -12.4914 20.8373 0.599991
      vertex -12.4914 20.8373 47.4
    endloop
  endfacet
  facet normal 0.997989 0.063386 0
    outer loop
      vertex -12.4914 20.8373 0.599991
      vertex -12.4495 20.1776 47.4
      vertex -12.4495 20.1776 0.599991
    endloop
  endfacet
  facet normal 0.705802 0.0448209 0.70699
    outer loop
      vertex -13.0471 20.1238 48
      vertex -12.4914 20.8373 47.4
      vertex -13.091 20.8151 48
    endloop
  endfacet
  facet normal 0.705798 0.0448278 0.706994
    outer loop
      vertex -12.4495 20.1776 47.4
      vertex -12.4914 20.8373 47.4
      vertex -13.0471 20.1238 48
    endloop
  endfacet
  facet normal -0.705803 -0.0448023 0.70699
    outer loop
      vertex -15.9354 19.8634 47.4
      vertex -15.3894 20.73 48
      vertex -15.989 20.7078 47.4
    endloop
  endfacet
  facet normal -0.705799 -0.0448071 0.706994
    outer loop
      vertex -15.3378 19.9172 48
      vertex -15.3894 20.73 48
      vertex -15.9354 19.8634 47.4
    endloop
  endfacet
  facet normal -0.997994 -0.0633019 0
    outer loop
      vertex -15.9698 20.4051 36.9994
      vertex -15.989 20.7078 47.4
      vertex -15.989 20.7078 37.005
    endloop
  endfacet
  facet normal -0.997981 -0.0635188 -7.46249e-06
    outer loop
      vertex -15.9354 19.8634 47.4
      vertex -15.9698 20.4051 36.9994
      vertex -15.9542 20.16 36.9949
    endloop
  endfacet
  facet normal -0.997997 -0.0632581 -0
    outer loop
      vertex -15.9354 19.8634 47.4
      vertex -15.9542 20.16 36.9949
      vertex -15.9354 19.8634 37.0051
    endloop
  endfacet
  facet normal -0.997991 -0.0633495 1.39092e-06
    outer loop
      vertex -15.9698 20.4051 36.9994
      vertex -15.9354 19.8634 47.4
      vertex -15.989 20.7078 47.4
    endloop
  endfacet
  facet normal -0.997988 -0.063399 0
    outer loop
      vertex -15.989 20.7078 0.599991
      vertex -15.9542 20.16 11.0051
      vertex -15.989 20.7078 10.995
    endloop
  endfacet
  facet normal -0.997991 -0.0633495 2.61706e-06
    outer loop
      vertex -15.9354 19.8634 0.599991
      vertex -15.9542 20.16 11.0051
      vertex -15.989 20.7078 0.599991
    endloop
  endfacet
  facet normal -0.99799 -0.063371 3.23303e-06
    outer loop
      vertex -15.9542 20.16 11.0051
      vertex -15.9354 19.8634 0.599991
      vertex -15.9387 19.9159 10.9967
    endloop
  endfacet
  facet normal -0.99803 -0.0627333 0
    outer loop
      vertex -15.9387 19.9159 10.9967
      vertex -15.9354 19.8634 0.599991
      vertex -15.9354 19.8634 10.9949
    endloop
  endfacet
  facet normal -0.997994 -0.0633019 0
    outer loop
      vertex -15.9698 20.4051 20.9994
      vertex -15.989 20.7078 26.995
      vertex -15.989 20.7078 21.005
    endloop
  endfacet
  facet normal -0.997981 -0.063519 -0
    outer loop
      vertex -15.9542 20.16 27.0051
      vertex -15.9698 20.4051 20.9994
      vertex -15.9542 20.16 20.9949
    endloop
  endfacet
  facet normal -0.997988 -0.0633989 4.91792e-06
    outer loop
      vertex -15.9698 20.4051 20.9994
      vertex -15.9542 20.16 27.0051
      vertex -15.989 20.7078 26.995
    endloop
  endfacet
  facet normal -0.99799 -0.0633709 0
    outer loop
      vertex -15.9542 20.16 20.9949
      vertex -15.9387 19.9159 26.9967
      vertex -15.9542 20.16 27.0051
    endloop
  endfacet
  facet normal -0.997997 -0.0632579 4.61484e-06
    outer loop
      vertex -15.9354 19.8634 21.0051
      vertex -15.9387 19.9159 26.9967
      vertex -15.9542 20.16 20.9949
    endloop
  endfacet
  facet normal -0.99803 -0.0627333 0
    outer loop
      vertex -15.9387 19.9159 26.9967
      vertex -15.9354 19.8634 21.0051
      vertex -15.9354 19.8634 26.9949
    endloop
  endfacet
  facet normal -0.705797 -0.044807 -0.706995
    outer loop
      vertex -15.3894 20.73 0
      vertex -15.3378 19.9172 0
      vertex -15.989 20.7078 0.599991
    endloop
  endfacet
  facet normal -0.705794 -0.0448017 -0.706999
    outer loop
      vertex -15.3378 19.9172 0
      vertex -15.9354 19.8634 0.599991
      vertex -15.989 20.7078 0.599991
    endloop
  endfacet
  facet normal 0.702438 0.082067 -0.706998
    outer loop
      vertex -12.4495 20.1776 0.599991
      vertex -12.3728 19.5211 0.599991
      vertex -13.0471 20.1238 0
    endloop
  endfacet
  facet normal 0.702442 0.0820757 -0.706993
    outer loop
      vertex -12.3728 19.5211 0.599991
      vertex -12.9667 19.4357 0
      vertex -13.0471 20.1238 0
    endloop
  endfacet
  facet normal 0.993244 0.116042 0
    outer loop
      vertex -12.3728 19.5211 47.4
      vertex -12.4495 20.1776 0.599991
      vertex -12.4495 20.1776 47.4
    endloop
  endfacet
  facet normal 0.993244 0.116042 0
    outer loop
      vertex -12.4495 20.1776 0.599991
      vertex -12.3728 19.5211 47.4
      vertex -12.3728 19.5211 0.599991
    endloop
  endfacet
  facet normal 0.702443 0.0820758 0.706992
    outer loop
      vertex -12.9667 19.4357 48
      vertex -12.4495 20.1776 47.4
      vertex -13.0471 20.1238 48
    endloop
  endfacet
  facet normal 0.702448 0.0820682 0.706988
    outer loop
      vertex -12.3728 19.5211 47.4
      vertex -12.4495 20.1776 47.4
      vertex -12.9667 19.4357 48
    endloop
  endfacet
  facet normal -0.702434 -0.0821623 0.706991
    outer loop
      vertex -15.8371 19.023 47.4
      vertex -15.3378 19.9172 48
      vertex -15.9354 19.8634 47.4
    endloop
  endfacet
  facet normal -0.702436 -0.0821593 0.706989
    outer loop
      vertex -15.2432 19.1084 48
      vertex -15.3378 19.9172 48
      vertex -15.8371 19.023 47.4
    endloop
  endfacet
  facet normal -0.993239 -0.116084 0
    outer loop
      vertex -15.9007 19.5665 36.9995
      vertex -15.9354 19.8634 47.4
      vertex -15.9354 19.8634 37.0051
    endloop
  endfacet
  facet normal -0.993242 -0.116062 8.71909e-06
    outer loop
      vertex -15.8371 19.023 47.4
      vertex -15.9007 19.5665 36.9995
      vertex -15.8722 19.3226 36.9949
    endloop
  endfacet
  facet normal -0.993207 -0.11636 -0
    outer loop
      vertex -15.8371 19.023 47.4
      vertex -15.8722 19.3226 36.9949
      vertex -15.8371 19.023 37.0051
    endloop
  endfacet
  facet normal -0.993229 -0.116176 2.6579e-06
    outer loop
      vertex -15.9007 19.5665 36.9995
      vertex -15.8371 19.023 47.4
      vertex -15.9354 19.8634 47.4
    endloop
  endfacet
  facet normal -0.993241 -0.116074 0
    outer loop
      vertex -15.9354 19.8634 0.599991
      vertex -15.8722 19.3226 11.0051
      vertex -15.9354 19.8634 10.9949
    endloop
  endfacet
  facet normal -0.993229 -0.116176 -5.37933e-06
    outer loop
      vertex -15.8371 19.023 0.599991
      vertex -15.8722 19.3226 11.0051
      vertex -15.9354 19.8634 0.599991
    endloop
  endfacet
  facet normal -0.99324 -0.116082 -8.12379e-06
    outer loop
      vertex -15.8722 19.3226 11.0051
      vertex -15.8371 19.023 0.599991
      vertex -15.8438 19.0796 10.9968
    endloop
  endfacet
  facet normal -0.993067 -0.117554 0
    outer loop
      vertex -15.8438 19.0796 10.9968
      vertex -15.8371 19.023 0.599991
      vertex -15.8371 19.023 10.9949
    endloop
  endfacet
  facet normal -0.993239 -0.116084 0
    outer loop
      vertex -15.9007 19.5665 20.9995
      vertex -15.9354 19.8634 26.9949
      vertex -15.9354 19.8634 21.0051
    endloop
  endfacet
  facet normal -0.993242 -0.116061 -0
    outer loop
      vertex -15.8722 19.3226 27.0051
      vertex -15.9007 19.5665 20.9995
      vertex -15.8722 19.3226 20.9949
    endloop
  endfacet
  facet normal -0.993241 -0.116074 -5.14166e-07
    outer loop
      vertex -15.9007 19.5665 20.9995
      vertex -15.8722 19.3226 27.0051
      vertex -15.9354 19.8634 26.9949
    endloop
  endfacet
  facet normal -0.99324 -0.116082 0
    outer loop
      vertex -15.8722 19.3226 20.9949
      vertex -15.8438 19.0796 26.9968
      vertex -15.8722 19.3226 27.0051
    endloop
  endfacet
  facet normal -0.993207 -0.116361 -1.14272e-05
    outer loop
      vertex -15.8371 19.023 21.0051
      vertex -15.8438 19.0796 26.9968
      vertex -15.8722 19.3226 20.9949
    endloop
  endfacet
  facet normal -0.993067 -0.117554 0
    outer loop
      vertex -15.8438 19.0796 26.9968
      vertex -15.8371 19.023 21.0051
      vertex -15.8371 19.023 26.9949
    endloop
  endfacet
  facet normal -0.702429 -0.0821584 -0.706996
    outer loop
      vertex -15.3378 19.9172 0
      vertex -15.2432 19.1084 0
      vertex -15.9354 19.8634 0.599991
    endloop
  endfacet
  facet normal -0.702431 -0.082162 -0.706994
    outer loop
      vertex -15.2432 19.1084 0
      vertex -15.8371 19.023 0.599991
      vertex -15.9354 19.8634 0.599991
    endloop
  endfacet
  facet normal 0.697106 0.11918 -0.706993
    outer loop
      vertex -12.3728 19.5211 0.599991
      vertex -12.2614 18.8695 0.599991
      vertex -12.9667 19.4357 0
    endloop
  endfacet
  facet normal 0.697086 0.119124 -0.707022
    outer loop
      vertex -12.2614 18.8695 0.599991
      vertex -12.85 18.7528 0
      vertex -12.9667 19.4357 0
    endloop
  endfacet
  facet normal 0.985698 0.168519 0
    outer loop
      vertex -12.2614 18.8695 47.4
      vertex -12.3728 19.5211 0.599991
      vertex -12.3728 19.5211 47.4
    endloop
  endfacet
  facet normal 0.985698 0.168519 0
    outer loop
      vertex -12.3728 19.5211 0.599991
      vertex -12.2614 18.8695 47.4
      vertex -12.2614 18.8695 0.599991
    endloop
  endfacet
  facet normal 0.69712 0.11913 0.706988
    outer loop
      vertex -12.85 18.7528 48
      vertex -12.3728 19.5211 47.4
      vertex -12.9667 19.4357 48
    endloop
  endfacet
  facet normal 0.697082 0.119176 0.707017
    outer loop
      vertex -12.2614 18.8695 47.4
      vertex -12.3728 19.5211 47.4
      vertex -12.85 18.7528 48
    endloop
  endfacet
  facet normal -0.697124 -0.119099 0.706989
    outer loop
      vertex -15.6946 18.1889 47.4
      vertex -15.2432 19.1084 48
      vertex -15.8371 19.023 47.4
    endloop
  endfacet
  facet normal -0.697163 -0.11906 0.706958
    outer loop
      vertex -15.1061 18.3056 48
      vertex -15.2432 19.1084 48
      vertex -15.6946 18.1889 47.4
    endloop
  endfacet
  facet normal -0.985716 -0.168417 0
    outer loop
      vertex -15.7875 18.7327 36.9995
      vertex -15.8371 19.023 47.4
      vertex -15.8371 19.023 37.0051
    endloop
  endfacet
  facet normal -0.985748 -0.168229 8.944e-06
    outer loop
      vertex -15.6946 18.1889 47.4
      vertex -15.7875 18.7327 36.9995
      vertex -15.7462 18.4907 36.9948
    endloop
  endfacet
  facet normal -0.985697 -0.168529 -0
    outer loop
      vertex -15.6946 18.1889 47.4
      vertex -15.7462 18.4907 36.9948
      vertex -15.6946 18.1889 37.0051
    endloop
  endfacet
  facet normal -0.985718 -0.168403 -4.10192e-07
    outer loop
      vertex -15.7875 18.7327 36.9995
      vertex -15.6946 18.1889 47.4
      vertex -15.8371 19.023 47.4
    endloop
  endfacet
  facet normal -0.98573 -0.168332 0
    outer loop
      vertex -15.8371 19.023 0.599991
      vertex -15.7462 18.4907 11.0052
      vertex -15.8371 19.023 10.9949
    endloop
  endfacet
  facet normal -0.985718 -0.168403 -3.7548e-06
    outer loop
      vertex -15.6946 18.1889 0.599991
      vertex -15.7462 18.4907 11.0052
      vertex -15.8371 19.023 0.599991
    endloop
  endfacet
  facet normal -0.985723 -0.168374 -4.62347e-06
    outer loop
      vertex -15.7462 18.4907 11.0052
      vertex -15.6946 18.1889 0.599991
      vertex -15.705 18.2495 10.9969
    endloop
  endfacet
  facet normal -0.985591 -0.169144 0
    outer loop
      vertex -15.705 18.2495 10.9969
      vertex -15.6946 18.1889 0.599991
      vertex -15.6946 18.1889 10.9949
    endloop
  endfacet
  facet normal -0.985716 -0.168417 0
    outer loop
      vertex -15.7875 18.7327 20.9995
      vertex -15.8371 19.023 26.9949
      vertex -15.8371 19.023 21.0051
    endloop
  endfacet
  facet normal -0.985748 -0.168229 -0
    outer loop
      vertex -15.7462 18.4907 27.0052
      vertex -15.7875 18.7327 20.9995
      vertex -15.7462 18.4907 20.9948
    endloop
  endfacet
  facet normal -0.98573 -0.168332 -4.26158e-06
    outer loop
      vertex -15.7875 18.7327 20.9995
      vertex -15.7462 18.4907 27.0052
      vertex -15.8371 19.023 26.9949
    endloop
  endfacet
  facet normal -0.985723 -0.168374 0
    outer loop
      vertex -15.7462 18.4907 20.9948
      vertex -15.705 18.2495 26.9969
      vertex -15.7462 18.4907 27.0052
    endloop
  endfacet
  facet normal -0.985697 -0.168529 -6.40803e-06
    outer loop
      vertex -15.6946 18.1889 21.0051
      vertex -15.705 18.2495 26.9969
      vertex -15.7462 18.4907 20.9948
    endloop
  endfacet
  facet normal -0.985591 -0.169144 0
    outer loop
      vertex -15.705 18.2495 26.9969
      vertex -15.6946 18.1889 21.0051
      vertex -15.6946 18.1889 26.9949
    endloop
  endfacet
  facet normal -0.697126 -0.119053 -0.706995
    outer loop
      vertex -15.2432 19.1084 0
      vertex -15.1061 18.3056 0
      vertex -15.8371 19.023 0.599991
    endloop
  endfacet
  facet normal -0.697149 -0.119103 -0.706963
    outer loop
      vertex -15.1061 18.3056 0
      vertex -15.6946 18.1889 0.599991
      vertex -15.8371 19.023 0.599991
    endloop
  endfacet
  facet normal 0.689823 0.155766 -0.707023
    outer loop
      vertex -12.2614 18.8695 0.599991
      vertex -12.1158 18.2247 0.599991
      vertex -12.85 18.7528 0
    endloop
  endfacet
  facet normal 0.689863 0.155901 -0.706954
    outer loop
      vertex -12.1158 18.2247 0.599991
      vertex -12.6973 18.0771 0
      vertex -12.85 18.7528 0
    endloop
  endfacet
  facet normal 0.975441 0.220261 0
    outer loop
      vertex -12.1158 18.2247 47.4
      vertex -12.2614 18.8695 0.599991
      vertex -12.2614 18.8695 47.4
    endloop
  endfacet
  facet normal 0.975441 0.220261 0
    outer loop
      vertex -12.2614 18.8695 0.599991
      vertex -12.1158 18.2247 47.4
      vertex -12.1158 18.2247 0.599991
    endloop
  endfacet
  facet normal 0.689802 0.155887 0.707016
    outer loop
      vertex -12.6973 18.0771 48
      vertex -12.2614 18.8695 47.4
      vertex -12.85 18.7528 48
    endloop
  endfacet
  facet normal 0.689896 0.155783 0.706947
    outer loop
      vertex -12.1158 18.2247 47.4
      vertex -12.2614 18.8695 47.4
      vertex -12.6973 18.0771 48
    endloop
  endfacet
  facet normal -0.689877 -0.155814 0.70696
    outer loop
      vertex -15.5082 17.3636 47.4
      vertex -15.1061 18.3056 48
      vertex -15.6946 18.1889 47.4
    endloop
  endfacet
  facet normal -0.689893 -0.155799 0.706948
    outer loop
      vertex -14.9267 17.5112 48
      vertex -15.1061 18.3056 48
      vertex -15.5082 17.3636 47.4
    endloop
  endfacet
  facet normal -0.975427 -0.220324 0
    outer loop
      vertex -15.6307 17.906 36.9995
      vertex -15.6946 18.1889 47.4
      vertex -15.6946 18.1889 37.0051
    endloop
  endfacet
  facet normal -0.975424 -0.220336 -1.99117e-06
    outer loop
      vertex -15.5082 17.3636 47.4
      vertex -15.6307 17.906 36.9995
      vertex -15.5766 17.6665 36.9948
    endloop
  endfacet
  facet normal -0.975439 -0.220271 -0
    outer loop
      vertex -15.5082 17.3636 47.4
      vertex -15.5766 17.6665 36.9948
      vertex -15.5082 17.3636 37.0052
    endloop
  endfacet
  facet normal -0.97543 -0.220308 -4.67059e-07
    outer loop
      vertex -15.6307 17.906 36.9995
      vertex -15.5082 17.3636 47.4
      vertex -15.6946 18.1889 47.4
    endloop
  endfacet
  facet normal -0.975425 -0.22033 0
    outer loop
      vertex -15.6946 18.1889 0.599991
      vertex -15.5766 17.6665 11.0052
      vertex -15.6946 18.1889 10.9949
    endloop
  endfacet
  facet normal -0.975441 -0.220261 3.62261e-06
    outer loop
      vertex -15.6946 18.1889 0.599991
      vertex -15.5227 17.4278 10.997
      vertex -15.5766 17.6665 11.0052
    endloop
  endfacet
  facet normal -0.97543 -0.220308 3.41034e-09
    outer loop
      vertex -15.5082 17.3636 0.599991
      vertex -15.5227 17.4278 10.997
      vertex -15.6946 18.1889 0.599991
    endloop
  endfacet
  facet normal -0.97543 -0.220308 0
    outer loop
      vertex -15.5227 17.4278 10.997
      vertex -15.5082 17.3636 0.599991
      vertex -15.5082 17.3636 10.9948
    endloop
  endfacet
  facet normal -0.975427 -0.220324 0
    outer loop
      vertex -15.6307 17.906 20.9995
      vertex -15.6946 18.1889 26.9949
      vertex -15.6946 18.1889 21.0051
    endloop
  endfacet
  facet normal -0.975424 -0.220336 -0
    outer loop
      vertex -15.5766 17.6665 27.0052
      vertex -15.6307 17.906 20.9995
      vertex -15.5766 17.6665 20.9948
    endloop
  endfacet
  facet normal -0.975425 -0.22033 2.61365e-07
    outer loop
      vertex -15.6307 17.906 20.9995
      vertex -15.5766 17.6665 27.0052
      vertex -15.6946 18.1889 26.9949
    endloop
  endfacet
  facet normal -0.975441 -0.220261 0
    outer loop
      vertex -15.5766 17.6665 20.9948
      vertex -15.5227 17.4278 26.997
      vertex -15.5766 17.6665 27.0052
    endloop
  endfacet
  facet normal -0.975439 -0.220271 -4.13689e-07
    outer loop
      vertex -15.5082 17.3636 21.0052
      vertex -15.5227 17.4278 26.997
      vertex -15.5766 17.6665 20.9948
    endloop
  endfacet
  facet normal -0.97543 -0.220308 0
    outer loop
      vertex -15.5227 17.4278 26.997
      vertex -15.5082 17.3636 21.0052
      vertex -15.5082 17.3636 26.9948
    endloop
  endfacet
  facet normal -0.689875 -0.155795 -0.706965
    outer loop
      vertex -15.1061 18.3056 0
      vertex -14.9267 17.5112 0
      vertex -15.6946 18.1889 0.599991
    endloop
  endfacet
  facet normal -0.689883 -0.155815 -0.706953
    outer loop
      vertex -14.9267 17.5112 0
      vertex -15.5082 17.3636 0.599991
      vertex -15.6946 18.1889 0.599991
    endloop
  endfacet
  facet normal 0.680686 0.192051 -0.706953
    outer loop
      vertex -12.1158 18.2247 0.599991
      vertex -11.9363 17.5885 0.599991
      vertex -12.6973 18.0771 0
    endloop
  endfacet
  facet normal 0.680677 0.192015 -0.706972
    outer loop
      vertex -11.9363 17.5885 0.599991
      vertex -12.5092 17.4103 0
      vertex -12.6973 18.0771 0
    endloop
  endfacet
  facet normal 0.962426 0.271543 0
    outer loop
      vertex -11.9363 17.5885 47.4
      vertex -12.1158 18.2247 0.599991
      vertex -12.1158 18.2247 47.4
    endloop
  endfacet
  facet normal 0.962426 0.271543 0
    outer loop
      vertex -12.1158 18.2247 0.599991
      vertex -11.9363 17.5885 47.4
      vertex -11.9363 17.5885 0.599991
    endloop
  endfacet
  facet normal 0.6807 0.192021 0.706948
    outer loop
      vertex -12.5092 17.4103 48
      vertex -12.1158 18.2247 47.4
      vertex -12.6973 18.0771 48
    endloop
  endfacet
  facet normal 0.680673 0.192048 0.706967
    outer loop
      vertex -11.9363 17.5885 47.4
      vertex -12.1158 18.2247 47.4
      vertex -12.5092 17.4103 48
    endloop
  endfacet
  facet normal -0.680681 -0.192092 0.706947
    outer loop
      vertex -15.2784 16.5493 47.4
      vertex -14.9267 17.5112 48
      vertex -15.5082 17.3636 47.4
    endloop
  endfacet
  facet normal -0.680675 -0.192097 0.706952
    outer loop
      vertex -14.7055 16.7274 48
      vertex -14.9267 17.5112 48
      vertex -15.2784 16.5493 47.4
    endloop
  endfacet
  facet normal -0.962391 -0.271668 0
    outer loop
      vertex -15.4306 17.0887 36.9996
      vertex -15.5082 17.3636 47.4
      vertex -15.5082 17.3636 37.0052
    endloop
  endfacet
  facet normal -0.962501 -0.271277 1.59699e-05
    outer loop
      vertex -15.2784 16.5493 47.4
      vertex -15.4306 17.0887 36.9996
      vertex -15.364 16.8524 36.9948
    endloop
  endfacet
  facet normal -0.962358 -0.271784 -0
    outer loop
      vertex -15.2784 16.5493 47.4
      vertex -15.364 16.8524 36.9948
      vertex -15.2784 16.5493 37.0052
    endloop
  endfacet
  facet normal -0.962411 -0.271598 -2.00686e-06
    outer loop
      vertex -15.4306 17.0887 36.9996
      vertex -15.2784 16.5493 47.4
      vertex -15.5082 17.3636 47.4
    endloop
  endfacet
  facet normal -0.962442 -0.271487 0
    outer loop
      vertex -15.5082 17.3636 0.599991
      vertex -15.364 16.8524 11.0052
      vertex -15.5082 17.3636 10.9948
    endloop
  endfacet
  facet normal -0.962398 -0.271644 -8.34002e-06
    outer loop
      vertex -15.5082 17.3636 0.599991
      vertex -15.2975 16.6168 10.9971
      vertex -15.364 16.8524 11.0052
    endloop
  endfacet
  facet normal -0.962411 -0.271598 -4.73227e-06
    outer loop
      vertex -15.2784 16.5493 0.599991
      vertex -15.2975 16.6168 10.9971
      vertex -15.5082 17.3636 0.599991
    endloop
  endfacet
  facet normal -0.96222 -0.272273 0
    outer loop
      vertex -15.2975 16.6168 10.9971
      vertex -15.2784 16.5493 0.599991
      vertex -15.2784 16.5493 10.9948
    endloop
  endfacet
  facet normal -0.962391 -0.271668 0
    outer loop
      vertex -15.4306 17.0887 20.9996
      vertex -15.5082 17.3636 26.9948
      vertex -15.5082 17.3636 21.0052
    endloop
  endfacet
  facet normal -0.962502 -0.271276 -0
    outer loop
      vertex -15.364 16.8524 27.0052
      vertex -15.4306 17.0887 20.9996
      vertex -15.364 16.8524 20.9948
    endloop
  endfacet
  facet normal -0.962442 -0.271487 -8.95425e-06
    outer loop
      vertex -15.4306 17.0887 20.9996
      vertex -15.364 16.8524 27.0052
      vertex -15.5082 17.3636 26.9948
    endloop
  endfacet
  facet normal -0.962398 -0.271645 0
    outer loop
      vertex -15.364 16.8524 20.9948
      vertex -15.2975 16.6168 26.9971
      vertex -15.364 16.8524 27.0052
    endloop
  endfacet
  facet normal -0.962358 -0.271785 -5.93778e-06
    outer loop
      vertex -15.2784 16.5493 21.0052
      vertex -15.2975 16.6168 26.9971
      vertex -15.364 16.8524 20.9948
    endloop
  endfacet
  facet normal -0.96222 -0.272273 0
    outer loop
      vertex -15.2975 16.6168 26.9971
      vertex -15.2784 16.5493 21.0052
      vertex -15.2784 16.5493 26.9948
    endloop
  endfacet
  facet normal -0.680674 -0.192096 -0.706953
    outer loop
      vertex -14.9267 17.5112 0
      vertex -14.7055 16.7274 0
      vertex -15.5082 17.3636 0.599991
    endloop
  endfacet
  facet normal -0.680671 -0.192089 -0.706957
    outer loop
      vertex -14.7055 16.7274 0
      vertex -15.2784 16.5493 0.599991
      vertex -15.5082 17.3636 0.599991
    endloop
  endfacet
  facet normal 0.669553 0.227785 -0.706974
    outer loop
      vertex -11.9363 17.5885 0.599991
      vertex -11.7234 16.9627 0.599991
      vertex -12.5092 17.4103 0
    endloop
  endfacet
  facet normal 0.669552 0.227778 -0.706978
    outer loop
      vertex -11.7234 16.9627 0.599991
      vertex -12.2861 16.7545 0
      vertex -12.5092 17.4103 0
    endloop
  endfacet
  facet normal 0.946714 0.322076 0
    outer loop
      vertex -11.7234 16.9627 47.4
      vertex -11.9363 17.5885 0.599991
      vertex -11.9363 17.5885 47.4
    endloop
  endfacet
  facet normal 0.946714 0.322076 0
    outer loop
      vertex -11.9363 17.5885 0.599991
      vertex -11.7234 16.9627 47.4
      vertex -11.7234 16.9627 0.599991
    endloop
  endfacet
  facet normal 0.66956 0.227781 0.706969
    outer loop
      vertex -12.2861 16.7545 48
      vertex -11.9363 17.5885 47.4
      vertex -12.5092 17.4103 48
    endloop
  endfacet
  facet normal 0.669555 0.227786 0.706972
    outer loop
      vertex -11.7234 16.9627 47.4
      vertex -11.9363 17.5885 47.4
      vertex -12.2861 16.7545 48
    endloop
  endfacet
  facet normal -0.669585 -0.227764 0.70695
    outer loop
      vertex -15.0059 15.7482 47.4
      vertex -14.7055 16.7274 48
      vertex -15.2784 16.5493 47.4
    endloop
  endfacet
  facet normal -0.669554 -0.227787 0.706972
    outer loop
      vertex -14.4432 15.9564 48
      vertex -14.7055 16.7274 48
      vertex -15.0059 15.7482 47.4
    endloop
  endfacet
  facet normal -0.94671 -0.322088 0
    outer loop
      vertex -15.1878 16.283 36.9996
      vertex -15.2784 16.5493 47.4
      vertex -15.2784 16.5493 37.0052
    endloop
  endfacet
  facet normal -0.946793 -0.321844 9.53181e-06
    outer loop
      vertex -15.0059 15.7482 47.4
      vertex -15.1878 16.283 36.9996
      vertex -15.1088 16.0506 36.9947
    endloop
  endfacet
  facet normal -0.946693 -0.322138 -0
    outer loop
      vertex -15.0059 15.7482 47.4
      vertex -15.1088 16.0506 36.9947
      vertex -15.0059 15.7482 37.0052
    endloop
  endfacet
  facet normal -0.946727 -0.322036 -1.46695e-06
    outer loop
      vertex -15.1878 16.283 36.9996
      vertex -15.0059 15.7482 47.4
      vertex -15.2784 16.5493 47.4
    endloop
  endfacet
  facet normal -0.946748 -0.321974 0
    outer loop
      vertex -15.2784 16.5493 0.599991
      vertex -15.1088 16.0506 11.0053
      vertex -15.2784 16.5493 10.9948
    endloop
  endfacet
  facet normal -0.946745 -0.321983 -4.86124e-07
    outer loop
      vertex -15.2784 16.5493 0.599991
      vertex -15.03 15.8189 10.9972
      vertex -15.1088 16.0506 11.0053
    endloop
  endfacet
  facet normal -0.946727 -0.322036 -4.63293e-06
    outer loop
      vertex -15.0059 15.7482 0.599991
      vertex -15.03 15.8189 10.9972
      vertex -15.2784 16.5493 0.599991
    endloop
  endfacet
  facet normal -0.946519 -0.322647 0
    outer loop
      vertex -15.03 15.8189 10.9972
      vertex -15.0059 15.7482 0.599991
      vertex -15.0059 15.7482 10.9948
    endloop
  endfacet
  facet normal -0.94671 -0.322088 0
    outer loop
      vertex -15.1878 16.283 20.9996
      vertex -15.2784 16.5493 26.9948
      vertex -15.2784 16.5493 21.0052
    endloop
  endfacet
  facet normal -0.946793 -0.321844 -0
    outer loop
      vertex -15.1088 16.0506 27.0053
      vertex -15.1878 16.283 20.9996
      vertex -15.1088 16.0506 20.9947
    endloop
  endfacet
  facet normal -0.946748 -0.321974 -5.61228e-06
    outer loop
      vertex -15.1878 16.283 20.9996
      vertex -15.1088 16.0506 27.0053
      vertex -15.2784 16.5493 26.9948
    endloop
  endfacet
  facet normal -0.946745 -0.321983 0
    outer loop
      vertex -15.1088 16.0506 20.9947
      vertex -15.03 15.8189 26.9972
      vertex -15.1088 16.0506 27.0053
    endloop
  endfacet
  facet normal -0.946692 -0.322139 -6.69001e-06
    outer loop
      vertex -15.0059 15.7482 21.0052
      vertex -15.03 15.8189 26.9972
      vertex -15.1088 16.0506 20.9947
    endloop
  endfacet
  facet normal -0.946519 -0.322647 0
    outer loop
      vertex -15.03 15.8189 26.9972
      vertex -15.0059 15.7482 21.0052
      vertex -15.0059 15.7482 26.9948
    endloop
  endfacet
  facet normal -0.66957 -0.227793 -0.706955
    outer loop
      vertex -14.7055 16.7274 0
      vertex -14.4432 15.9564 0
      vertex -15.2784 16.5493 0.599991
    endloop
  endfacet
  facet normal -0.66956 -0.227756 -0.706977
    outer loop
      vertex -14.4432 15.9564 0
      vertex -15.0059 15.7482 0.599991
      vertex -15.2784 16.5493 0.599991
    endloop
  endfacet
  facet normal 0.656571 0.262864 -0.706978
    outer loop
      vertex -11.7234 16.9627 0.599991
      vertex -11.4777 16.349 0.599991
      vertex -12.2861 16.7545 0
    endloop
  endfacet
  facet normal 0.656575 0.262895 -0.706962
    outer loop
      vertex -11.4777 16.349 0.599991
      vertex -12.0286 16.1114 0
      vertex -12.2861 16.7545 0
    endloop
  endfacet
  facet normal 0.928362 0.371678 0
    outer loop
      vertex -11.4777 16.349 47.4
      vertex -11.7234 16.9627 0.599991
      vertex -11.7234 16.9627 47.4
    endloop
  endfacet
  facet normal 0.928362 0.371678 0
    outer loop
      vertex -11.7234 16.9627 0.599991
      vertex -11.4777 16.349 47.4
      vertex -11.4777 16.349 0.599991
    endloop
  endfacet
  facet normal 0.656565 0.262892 0.706972
    outer loop
      vertex -12.0286 16.1114 48
      vertex -11.7234 16.9627 47.4
      vertex -12.2861 16.7545 48
    endloop
  endfacet
  facet normal 0.65659 0.262872 0.706957
    outer loop
      vertex -11.4777 16.349 47.4
      vertex -11.7234 16.9627 47.4
      vertex -12.0286 16.1114 48
    endloop
  endfacet
  facet normal -0.656598 -0.262806 0.706974
    outer loop
      vertex -14.6915 14.9627 47.4
      vertex -14.4432 15.9564 48
      vertex -15.0059 15.7482 47.4
    endloop
  endfacet
  facet normal -0.65651 -0.262865 0.707034
    outer loop
      vertex -14.1405 15.2004 48
      vertex -14.4432 15.9564 48
      vertex -14.6915 14.9627 47.4
    endloop
  endfacet
  facet normal -0.928352 -0.371702 0
    outer loop
      vertex -14.903 15.4912 36.9996
      vertex -15.0059 15.7482 47.4
      vertex -15.0059 15.7482 37.0052
    endloop
  endfacet
  facet normal -0.92842 -0.371531 6.45595e-07
    outer loop
      vertex -14.6915 14.9627 47.4
      vertex -14.903 15.4912 36.9996
      vertex -14.8118 15.2633 36.9947
    endloop
  endfacet
  facet normal -0.928413 -0.37155 -0
    outer loop
      vertex -14.6915 14.9627 47.4
      vertex -14.8118 15.2633 36.9947
      vertex -14.6915 14.9627 37.0052
    endloop
  endfacet
  facet normal -0.928395 -0.371594 -3.08536e-06
    outer loop
      vertex -14.903 15.4912 36.9996
      vertex -14.6915 14.9627 47.4
      vertex -15.0059 15.7482 47.4
    endloop
  endfacet
  facet normal -0.928384 -0.371622 0
    outer loop
      vertex -15.0059 15.7482 0.599991
      vertex -14.8118 15.2633 11.0053
      vertex -15.0059 15.7482 10.9948
    endloop
  endfacet
  facet normal -0.928308 -0.371813 -1.03417e-05
    outer loop
      vertex -15.0059 15.7482 0.599991
      vertex -14.7208 15.0361 10.9973
      vertex -14.8118 15.2633 11.0053
    endloop
  endfacet
  facet normal -0.928395 -0.371594 7.02626e-06
    outer loop
      vertex -14.6915 14.9627 0.599991
      vertex -14.7208 15.0361 10.9973
      vertex -15.0059 15.7482 0.599991
    endloop
  endfacet
  facet normal -0.928738 -0.370736 0
    outer loop
      vertex -14.7208 15.0361 10.9973
      vertex -14.6915 14.9627 0.599991
      vertex -14.6915 14.9627 10.9948
    endloop
  endfacet
  facet normal -0.928352 -0.371702 0
    outer loop
      vertex -14.903 15.4912 20.9996
      vertex -15.0059 15.7482 26.9948
      vertex -15.0059 15.7482 21.0052
    endloop
  endfacet
  facet normal -0.92842 -0.371531 -0
    outer loop
      vertex -14.8118 15.2633 27.0053
      vertex -14.903 15.4912 20.9996
      vertex -14.8118 15.2633 20.9947
    endloop
  endfacet
  facet normal -0.928384 -0.371622 -3.99141e-06
    outer loop
      vertex -14.903 15.4912 20.9996
      vertex -14.8118 15.2633 27.0053
      vertex -15.0059 15.7482 26.9948
    endloop
  endfacet
  facet normal -0.928308 -0.371813 0
    outer loop
      vertex -14.8118 15.2633 20.9947
      vertex -14.7208 15.0361 26.9973
      vertex -14.8118 15.2633 27.0053
    endloop
  endfacet
  facet normal -0.928413 -0.37155 1.15614e-05
    outer loop
      vertex -14.6915 14.9627 21.0052
      vertex -14.7208 15.0361 26.9973
      vertex -14.8118 15.2633 20.9947
    endloop
  endfacet
  facet normal -0.928738 -0.370736 0
    outer loop
      vertex -14.7208 15.0361 26.9973
      vertex -14.6915 14.9627 21.0052
      vertex -14.6915 14.9627 26.9948
    endloop
  endfacet
  facet normal -0.656562 -0.262885 -0.706978
    outer loop
      vertex -14.4432 15.9564 0
      vertex -14.1405 15.2004 0
      vertex -15.0059 15.7482 0.599991
    endloop
  endfacet
  facet normal -0.656539 -0.262783 -0.707038
    outer loop
      vertex -14.1405 15.2004 0
      vertex -14.6915 14.9627 0.599991
      vertex -15.0059 15.7482 0.599991
    endloop
  endfacet
  facet normal 0.641762 0.297235 -0.70696
    outer loop
      vertex -11.4777 16.349 0.599991
      vertex -11.1999 15.7492 0.599991
      vertex -12.0286 16.1114 0
    endloop
  endfacet
  facet normal 0.641755 0.297145 -0.707005
    outer loop
      vertex -11.1999 15.7492 0.599991
      vertex -11.7375 15.4827 0
      vertex -12.0286 16.1114 0
    endloop
  endfacet
  facet normal 0.907401 0.420267 0
    outer loop
      vertex -11.1999 15.7492 47.4
      vertex -11.4777 16.349 0.599991
      vertex -11.4777 16.349 47.4
    endloop
  endfacet
  facet normal 0.907401 0.420267 0
    outer loop
      vertex -11.4777 16.349 0.599991
      vertex -11.1999 15.7492 47.4
      vertex -11.1999 15.7492 0.599991
    endloop
  endfacet
  facet normal 0.641799 0.297165 0.706956
    outer loop
      vertex -11.7375 15.4827 48
      vertex -11.4777 16.349 47.4
      vertex -12.0286 16.1114 48
    endloop
  endfacet
  facet normal 0.641726 0.297218 0.707
    outer loop
      vertex -11.1999 15.7492 47.4
      vertex -11.4777 16.349 47.4
      vertex -11.7375 15.4827 48
    endloop
  endfacet
  facet normal -0.641699 -0.297197 0.707033
    outer loop
      vertex -14.3359 14.1949 47.4
      vertex -14.1405 15.2004 48
      vertex -14.6915 14.9627 47.4
    endloop
  endfacet
  facet normal -0.64175 -0.297168 0.707
    outer loop
      vertex -13.7983 14.4614 48
      vertex -14.1405 15.2004 48
      vertex -14.3359 14.1949 47.4
    endloop
  endfacet
  facet normal -0.907389 -0.420291 0
    outer loop
      vertex -14.577 14.7155 36.9997
      vertex -14.6915 14.9627 47.4
      vertex -14.6915 14.9627 37.0052
    endloop
  endfacet
  facet normal -0.907386 -0.420297 1.72391e-07
    outer loop
      vertex -14.4738 14.4927 36.9947
      vertex -14.6915 14.9627 47.4
      vertex -14.577 14.7155 36.9997
    endloop
  endfacet
  facet normal -0.907432 -0.420198 -5.28026e-06
    outer loop
      vertex -14.3359 14.1949 37.0053
      vertex -14.6915 14.9627 47.4
      vertex -14.4738 14.4927 36.9947
    endloop
  endfacet
  facet normal -0.907405 -0.420257 0
    outer loop
      vertex -14.6915 14.9627 47.4
      vertex -14.3359 14.1949 37.0053
      vertex -14.3359 14.1949 47.4
    endloop
  endfacet
  facet normal -0.907388 -0.420294 0
    outer loop
      vertex -14.6915 14.9627 0.599991
      vertex -14.4738 14.4927 11.0053
      vertex -14.6915 14.9627 10.9948
    endloop
  endfacet
  facet normal -0.907349 -0.420379 -4.63723e-06
    outer loop
      vertex -14.6915 14.9627 0.599991
      vertex -14.3709 14.2706 10.9974
      vertex -14.4738 14.4927 11.0053
    endloop
  endfacet
  facet normal -0.907405 -0.420257 5.21951e-06
    outer loop
      vertex -14.3359 14.1949 0.599991
      vertex -14.3709 14.2706 10.9974
      vertex -14.6915 14.9627 0.599991
    endloop
  endfacet
  facet normal -0.907678 -0.419666 0
    outer loop
      vertex -14.3709 14.2706 10.9974
      vertex -14.3359 14.1949 0.599991
      vertex -14.3359 14.1949 10.9947
    endloop
  endfacet
  facet normal -0.907389 -0.420291 0
    outer loop
      vertex -14.577 14.7155 20.9997
      vertex -14.6915 14.9627 26.9948
      vertex -14.6915 14.9627 21.0052
    endloop
  endfacet
  facet normal -0.907386 -0.420297 -0
    outer loop
      vertex -14.4738 14.4927 27.0053
      vertex -14.577 14.7155 20.9997
      vertex -14.4738 14.4927 20.9947
    endloop
  endfacet
  facet normal -0.907388 -0.420294 1.41564e-07
    outer loop
      vertex -14.577 14.7155 20.9997
      vertex -14.4738 14.4927 27.0053
      vertex -14.6915 14.9627 26.9948
    endloop
  endfacet
  facet normal -0.907349 -0.420379 0
    outer loop
      vertex -14.4738 14.4927 20.9947
      vertex -14.3709 14.2706 26.9974
      vertex -14.4738 14.4927 27.0053
    endloop
  endfacet
  facet normal -0.907433 -0.420198 8.14796e-06
    outer loop
      vertex -14.3359 14.1949 21.0053
      vertex -14.3709 14.2706 26.9974
      vertex -14.4738 14.4927 20.9947
    endloop
  endfacet
  facet normal -0.907678 -0.419666 0
    outer loop
      vertex -14.3709 14.2706 26.9974
      vertex -14.3359 14.1949 21.0053
      vertex -14.3359 14.1949 26.9947
    endloop
  endfacet
  facet normal -0.641714 -0.297151 -0.707039
    outer loop
      vertex -14.1405 15.2004 0
      vertex -13.7983 14.4614 0
      vertex -14.6915 14.9627 0.599991
    endloop
  endfacet
  facet normal -0.641724 -0.297209 -0.707006
    outer loop
      vertex -13.7983 14.4614 0
      vertex -14.3359 14.1949 0.599991
      vertex -14.6915 14.9627 0.599991
    endloop
  endfacet
  facet normal 0.625125 0.330697 -0.707007
    outer loop
      vertex -11.1999 15.7492 0.599991
      vertex -10.8908 15.1649 0.599991
      vertex -11.7375 15.4827 0
    endloop
  endfacet
  facet normal 0.625124 0.330684 -0.707013
    outer loop
      vertex -10.8908 15.1649 0.599991
      vertex -11.4136 14.8704 0
      vertex -11.7375 15.4827 0
    endloop
  endfacet
  facet normal 0.883935 0.46761 0
    outer loop
      vertex -10.8908 15.1649 47.4
      vertex -11.1999 15.7492 0.599991
      vertex -11.1999 15.7492 47.4
    endloop
  endfacet
  facet normal 0.883935 0.46761 0
    outer loop
      vertex -11.1999 15.7492 0.599991
      vertex -10.8908 15.1649 47.4
      vertex -10.8908 15.1649 0.599991
    endloop
  endfacet
  facet normal 0.625135 0.330689 0.707002
    outer loop
      vertex -11.4136 14.8704 48
      vertex -11.1999 15.7492 47.4
      vertex -11.7375 15.4827 48
    endloop
  endfacet
  facet normal 0.625124 0.330696 0.707008
    outer loop
      vertex -10.8908 15.1649 47.4
      vertex -11.1999 15.7492 47.4
      vertex -11.4136 14.8704 48
    endloop
  endfacet
  facet normal -0.625145 -0.330669 0.707002
    outer loop
      vertex -13.9403 13.447 47.4
      vertex -13.7983 14.4614 48
      vertex -14.3359 14.1949 47.4
    endloop
  endfacet
  facet normal -0.625136 -0.330674 0.707008
    outer loop
      vertex -13.4175 13.7415 48
      vertex -13.7983 14.4614 48
      vertex -13.9403 13.447 47.4
    endloop
  endfacet
  facet normal -0.883969 -0.467545 0
    outer loop
      vertex -14.2106 13.958 36.9997
      vertex -14.3359 14.1949 47.4
      vertex -14.3359 14.1949 37.0053
    endloop
  endfacet
  facet normal -0.883942 -0.467592 -0.0018053
    outer loop
      vertex -13.9403 13.447 37.0053
      vertex -14.2106 13.958 36.9997
      vertex -14.0958 13.741 36.9947
    endloop
  endfacet
  facet normal -0.883952 -0.467578 -0
    outer loop
      vertex -13.9403 13.447 47.4
      vertex -14.2106 13.958 36.9997
      vertex -13.9403 13.447 37.0053
    endloop
  endfacet
  facet normal -0.883957 -0.467567 6.55719e-07
    outer loop
      vertex -14.2106 13.958 36.9997
      vertex -13.9403 13.447 47.4
      vertex -14.3359 14.1949 47.4
    endloop
  endfacet
  facet normal -0.883949 -0.467583 0
    outer loop
      vertex -14.3359 14.1949 0.599991
      vertex -14.0958 13.741 11.0053
      vertex -14.3359 14.1949 10.9947
    endloop
  endfacet
  facet normal -0.883897 -0.467681 -5.45173e-06
    outer loop
      vertex -14.3359 14.1949 0.599991
      vertex -13.9813 13.5246 10.9975
      vertex -14.0958 13.741 11.0053
    endloop
  endfacet
  facet normal -0.883957 -0.467567 3.93992e-06
    outer loop
      vertex -13.9403 13.447 0.599991
      vertex -13.9813 13.5246 10.9975
      vertex -14.3359 14.1949 0.599991
    endloop
  endfacet
  facet normal -0.884176 -0.467155 0
    outer loop
      vertex -13.9813 13.5246 10.9975
      vertex -13.9403 13.447 0.599991
      vertex -13.9403 13.447 10.9947
    endloop
  endfacet
  facet normal -0.883969 -0.467545 0
    outer loop
      vertex -14.2106 13.958 20.9997
      vertex -14.3359 14.1949 26.9947
      vertex -14.3359 14.1949 21.0053
    endloop
  endfacet
  facet normal -0.883927 -0.467626 -0
    outer loop
      vertex -14.0958 13.741 27.0053
      vertex -14.2106 13.958 20.9997
      vertex -14.0958 13.741 20.9947
    endloop
  endfacet
  facet normal -0.883949 -0.467583 1.95377e-06
    outer loop
      vertex -14.2106 13.958 20.9997
      vertex -14.0958 13.741 27.0053
      vertex -14.3359 14.1949 26.9947
    endloop
  endfacet
  facet normal -0.883897 -0.467681 0
    outer loop
      vertex -14.0958 13.741 20.9947
      vertex -13.9813 13.5246 26.9975
      vertex -14.0958 13.741 27.0053
    endloop
  endfacet
  facet normal -0.883971 -0.467542 6.41965e-06
    outer loop
      vertex -13.9403 13.447 21.0053
      vertex -13.9813 13.5246 26.9975
      vertex -14.0958 13.741 20.9947
    endloop
  endfacet
  facet normal -0.884176 -0.467155 0
    outer loop
      vertex -13.9813 13.5246 26.9975
      vertex -13.9403 13.447 21.0053
      vertex -13.9403 13.447 26.9947
    endloop
  endfacet
  facet normal -0.625137 -0.330674 -0.707007
    outer loop
      vertex -13.7983 14.4614 0
      vertex -13.4175 13.7415 0
      vertex -14.3359 14.1949 0.599991
    endloop
  endfacet
  facet normal -0.625135 -0.330664 -0.707013
    outer loop
      vertex -13.4175 13.7415 0
      vertex -13.9403 13.447 0.599991
      vertex -14.3359 14.1949 0.599991
    endloop
  endfacet
  facet normal 0.606805 0.363206 -0.707014
    outer loop
      vertex -10.8908 15.1649 0.599991
      vertex -10.5513 14.5977 0.599991
      vertex -11.4136 14.8704 0
    endloop
  endfacet
  facet normal 0.606802 0.363326 -0.706955
    outer loop
      vertex -10.5513 14.5977 0.599991
      vertex -11.0577 14.276 0
      vertex -11.4136 14.8704 0
    endloop
  endfacet
  facet normal 0.85804 0.513583 0
    outer loop
      vertex -10.5513 14.5977 47.4
      vertex -10.8908 15.1649 0.599991
      vertex -10.8908 15.1649 47.4
    endloop
  endfacet
  facet normal 0.85804 0.513583 0
    outer loop
      vertex -10.8908 15.1649 0.599991
      vertex -10.5513 14.5977 47.4
      vertex -10.5513 14.5977 0.599991
    endloop
  endfacet
  facet normal 0.606757 0.363299 0.707007
    outer loop
      vertex -11.0577 14.276 48
      vertex -10.8908 15.1649 47.4
      vertex -11.4136 14.8704 48
    endloop
  endfacet
  facet normal 0.606862 0.36324 0.706948
    outer loop
      vertex -10.5513 14.5977 47.4
      vertex -10.8908 15.1649 47.4
      vertex -11.0577 14.276 48
    endloop
  endfacet
  facet normal -0.606734 -0.363339 0.707007
    outer loop
      vertex -13.5056 12.7211 47.4
      vertex -13.4175 13.7415 48
      vertex -13.9403 13.447 47.4
    endloop
  endfacet
  facet normal -0.606826 -0.363297 0.706949
    outer loop
      vertex -12.9992 13.0428 48
      vertex -13.4175 13.7415 48
      vertex -13.5056 12.7211 47.4
    endloop
  endfacet
  facet normal -0.857861 -0.513882 0
    outer loop
      vertex -13.8048 13.2208 36.9998
      vertex -13.9403 13.447 47.4
      vertex -13.9403 13.447 37.0053
    endloop
  endfacet
  facet normal -0.857961 -0.513714 -0.000148447
    outer loop
      vertex -13.5056 12.7211 37.0053
      vertex -13.8048 13.2208 36.9998
      vertex -13.6787 13.0102 36.9946
    endloop
  endfacet
  facet normal -0.857962 -0.513713 -0
    outer loop
      vertex -13.5056 12.7211 47.4
      vertex -13.8048 13.2208 36.9998
      vertex -13.5056 12.7211 37.0053
    endloop
  endfacet
  facet normal -0.857931 -0.513766 -3.44445e-06
    outer loop
      vertex -13.8048 13.2208 36.9998
      vertex -13.5056 12.7211 47.4
      vertex -13.9403 13.447 47.4
    endloop
  endfacet
  facet normal -0.857909 -0.513802 0
    outer loop
      vertex -13.9403 13.447 0.599991
      vertex -13.6787 13.0102 11.0054
      vertex -13.9403 13.447 10.9947
    endloop
  endfacet
  facet normal -0.858141 -0.513415 2.21043e-05
    outer loop
      vertex -13.9403 13.447 0.599991
      vertex -13.553 12.8001 10.9976
      vertex -13.6787 13.0102 11.0054
    endloop
  endfacet
  facet normal -0.857931 -0.513766 -7.54307e-06
    outer loop
      vertex -13.5056 12.7211 0.599991
      vertex -13.553 12.8001 10.9976
      vertex -13.9403 13.447 0.599991
    endloop
  endfacet
  facet normal -0.857493 -0.514496 0
    outer loop
      vertex -13.553 12.8001 10.9976
      vertex -13.5056 12.7211 0.599991
      vertex -13.5056 12.7211 10.9947
    endloop
  endfacet
  facet normal -0.857861 -0.513882 0
    outer loop
      vertex -13.8048 13.2208 20.9998
      vertex -13.9403 13.447 26.9947
      vertex -13.9403 13.447 21.0053
    endloop
  endfacet
  facet normal -0.85796 -0.513717 -0
    outer loop
      vertex -13.6787 13.0102 27.0054
      vertex -13.8048 13.2208 20.9998
      vertex -13.6787 13.0102 20.9946
    endloop
  endfacet
  facet normal -0.857909 -0.513802 -4.08498e-06
    outer loop
      vertex -13.8048 13.2208 20.9998
      vertex -13.6787 13.0102 27.0054
      vertex -13.9403 13.447 26.9947
    endloop
  endfacet
  facet normal -0.858141 -0.513414 0
    outer loop
      vertex -13.6787 13.0102 20.9946
      vertex -13.553 12.8001 26.9976
      vertex -13.6787 13.0102 27.0054
    endloop
  endfacet
  facet normal -0.857964 -0.51371 -1.40781e-05
    outer loop
      vertex -13.5056 12.7211 21.0053
      vertex -13.553 12.8001 26.9976
      vertex -13.6787 13.0102 20.9946
    endloop
  endfacet
  facet normal -0.857493 -0.514496 0
    outer loop
      vertex -13.553 12.8001 26.9976
      vertex -13.5056 12.7211 21.0053
      vertex -13.5056 12.7211 26.9947
    endloop
  endfacet
  facet normal -0.606772 -0.363264 -0.707013
    outer loop
      vertex -13.4175 13.7415 0
      vertex -12.9992 13.0428 0
      vertex -13.9403 13.447 0.599991
    endloop
  endfacet
  facet normal -0.606778 -0.363365 -0.706956
    outer loop
      vertex -12.9992 13.0428 0
      vertex -13.5056 12.7211 0.599991
      vertex -13.9403 13.447 0.599991
    endloop
  endfacet
  facet normal 0.586741 0.394905 -0.706955
    outer loop
      vertex -10.5513 14.5977 0.599991
      vertex -10.1822 14.0493 0.599991
      vertex -11.0577 14.276 0
    endloop
  endfacet
  facet normal 0.586741 0.394904 -0.706955
    outer loop
      vertex -10.1822 14.0493 0.599991
      vertex -10.6709 13.7013 0
      vertex -11.0577 14.276 0
    endloop
  endfacet
  facet normal 0.829599 0.55836 0
    outer loop
      vertex -10.1822 14.0493 47.4
      vertex -10.5513 14.5977 0.599991
      vertex -10.5513 14.5977 47.4
    endloop
  endfacet
  facet normal 0.829599 0.55836 0
    outer loop
      vertex -10.5513 14.5977 0.599991
      vertex -10.1822 14.0493 47.4
      vertex -10.1822 14.0493 0.599991
    endloop
  endfacet
  facet normal 0.586746 0.394907 0.70695
    outer loop
      vertex -10.6709 13.7013 48
      vertex -10.5513 14.5977 47.4
      vertex -11.0577 14.276 48
    endloop
  endfacet
  facet normal 0.586745 0.394908 0.70695
    outer loop
      vertex -10.1822 14.0493 47.4
      vertex -10.5513 14.5977 47.4
      vertex -10.6709 13.7013 48
    endloop
  endfacet
  facet normal -0.586776 -0.394862 0.70695
    outer loop
      vertex -13.0332 12.0191 47.4
      vertex -12.9992 13.0428 48
      vertex -13.5056 12.7211 47.4
    endloop
  endfacet
  facet normal -0.586777 -0.394861 0.706949
    outer loop
      vertex -12.5445 12.3671 48
      vertex -12.9992 13.0428 48
      vertex -13.0332 12.0191 47.4
    endloop
  endfacet
  facet normal -0.829729 -0.558167 0
    outer loop
      vertex -13.3609 12.506 36.9998
      vertex -13.5056 12.7211 47.4
      vertex -13.5056 12.7211 37.0053
    endloop
  endfacet
  facet normal -0.829603 -0.558354 -0.000340724
    outer loop
      vertex -13.0332 12.0191 37.0053
      vertex -13.3609 12.506 36.9998
      vertex -13.2238 12.3023 36.9946
    endloop
  endfacet
  facet normal -0.829604 -0.558352 5.54266e-06
    outer loop
      vertex -13.3609 12.506 36.9998
      vertex -13.0332 12.0191 37.0053
      vertex -13.5056 12.7211 47.4
    endloop
  endfacet
  facet normal -0.829642 -0.558295 0
    outer loop
      vertex -13.5056 12.7211 47.4
      vertex -13.0332 12.0191 37.0053
      vertex -13.0332 12.0191 47.4
    endloop
  endfacet
  facet normal -0.829665 -0.558261 0
    outer loop
      vertex -13.5056 12.7211 0.599991
      vertex -13.2238 12.3023 11.0054
      vertex -13.5056 12.7211 10.9947
    endloop
  endfacet
  facet normal -0.829591 -0.558371 -6.42018e-06
    outer loop
      vertex -13.5056 12.7211 0.599991
      vertex -13.0871 12.0992 10.9977
      vertex -13.2238 12.3023 11.0054
    endloop
  endfacet
  facet normal -0.829642 -0.558295 1.63674e-07
    outer loop
      vertex -13.0332 12.0191 0.599991
      vertex -13.0871 12.0992 10.9977
      vertex -13.5056 12.7211 0.599991
    endloop
  endfacet
  facet normal -0.829652 -0.55828 0
    outer loop
      vertex -13.0871 12.0992 10.9977
      vertex -13.0332 12.0191 0.599991
      vertex -13.0332 12.0191 10.9947
    endloop
  endfacet
  facet normal -0.829729 -0.558167 0
    outer loop
      vertex -13.3609 12.506 20.9998
      vertex -13.5056 12.7211 26.9947
      vertex -13.5056 12.7211 21.0053
    endloop
  endfacet
  facet normal -0.829599 -0.55836 -0
    outer loop
      vertex -13.2238 12.3023 27.0054
      vertex -13.3609 12.506 20.9998
      vertex -13.2238 12.3023 20.9946
    endloop
  endfacet
  facet normal -0.829665 -0.558261 4.89288e-06
    outer loop
      vertex -13.3609 12.506 20.9998
      vertex -13.2238 12.3023 27.0054
      vertex -13.5056 12.7211 26.9947
    endloop
  endfacet
  facet normal -0.829591 -0.558371 0
    outer loop
      vertex -13.2238 12.3023 20.9946
      vertex -13.0871 12.0992 26.9977
      vertex -13.2238 12.3023 27.0054
    endloop
  endfacet
  facet normal -0.829609 -0.558345 1.26061e-06
    outer loop
      vertex -13.0332 12.0191 21.0053
      vertex -13.0871 12.0992 26.9977
      vertex -13.2238 12.3023 20.9946
    endloop
  endfacet
  facet normal -0.829652 -0.55828 0
    outer loop
      vertex -13.0871 12.0992 26.9977
      vertex -13.0332 12.0191 21.0053
      vertex -13.0332 12.0191 26.9947
    endloop
  endfacet
  facet normal -0.586772 -0.394858 -0.706956
    outer loop
      vertex -12.9992 13.0428 0
      vertex -12.5445 12.3671 0
      vertex -13.5056 12.7211 0.599991
    endloop
  endfacet
  facet normal -0.586772 -0.394859 -0.706955
    outer loop
      vertex -12.5445 12.3671 0
      vertex -13.0332 12.0191 0.599991
      vertex -13.5056 12.7211 0.599991
    endloop
  endfacet
  facet normal 0.565054 0.425358 -0.706955
    outer loop
      vertex -10.1822 14.0493 0.599991
      vertex -9.78466 13.5212 0.599991
      vertex -10.6709 13.7013 0
    endloop
  endfacet
  facet normal 0.565061 0.425302 -0.706982
    outer loop
      vertex -9.78466 13.5212 0.599991
      vertex -10.2543 13.1478 0
      vertex -10.6709 13.7013 0
    endloop
  endfacet
  facet normal 0.798935 0.601418 0
    outer loop
      vertex -9.78466 13.5212 47.4
      vertex -10.1822 14.0493 0.599991
      vertex -10.1822 14.0493 47.4
    endloop
  endfacet
  facet normal 0.798935 0.601418 0
    outer loop
      vertex -10.1822 14.0493 0.599991
      vertex -9.78466 13.5212 47.4
      vertex -9.78466 13.5212 0.599991
    endloop
  endfacet
  facet normal 0.565087 0.425321 0.70695
    outer loop
      vertex -10.2543 13.1478 48
      vertex -10.1822 14.0493 47.4
      vertex -10.6709 13.7013 48
    endloop
  endfacet
  facet normal 0.565035 0.425344 0.706978
    outer loop
      vertex -9.78466 13.5212 47.4
      vertex -10.1822 14.0493 47.4
      vertex -10.2543 13.1478 48
    endloop
  endfacet
  facet normal -0.565088 -0.425321 0.70695
    outer loop
      vertex -12.5244 11.3431 47.4
      vertex -12.5445 12.3671 48
      vertex -13.0332 12.0191 47.4
    endloop
  endfacet
  facet normal -0.564994 -0.425352 0.707006
    outer loop
      vertex -12.5244 11.3431 47.4
      vertex -12.0547 11.7165 48
      vertex -12.5445 12.3671 48
    endloop
  endfacet
  facet normal -0.799057 -0.601255 0
    outer loop
      vertex -12.88 11.8155 36.9999
      vertex -13.0332 12.0191 47.4
      vertex -13.0332 12.0191 37.0053
    endloop
  endfacet
  facet normal -0.798861 -0.601449 -0.00899152
    outer loop
      vertex -12.5244 11.3431 37.0054
      vertex -12.88 11.8155 36.9999
      vertex -12.7323 11.6194 36.9946
    endloop
  endfacet
  facet normal -0.798943 -0.601406 4.63031e-06
    outer loop
      vertex -12.88 11.8155 36.9999
      vertex -12.5244 11.3431 37.0054
      vertex -13.0332 12.0191 47.4
    endloop
  endfacet
  facet normal -0.798978 -0.601361 0
    outer loop
      vertex -13.0332 12.0191 47.4
      vertex -12.5244 11.3431 37.0054
      vertex -12.5244 11.3431 47.4
    endloop
  endfacet
  facet normal -0.798919 -0.601438 0
    outer loop
      vertex -13.0332 12.0191 0.599991
      vertex -12.7323 11.6194 11.0054
      vertex -13.0332 12.0191 10.9947
    endloop
  endfacet
  facet normal -0.799166 -0.601111 1.9707e-05
    outer loop
      vertex -13.0332 12.0191 0.599991
      vertex -12.5851 11.4237 10.9978
      vertex -12.7323 11.6194 11.0054
    endloop
  endfacet
  facet normal -0.798978 -0.601361 -2.71899e-06
    outer loop
      vertex -12.5244 11.3431 0.599991
      vertex -12.5851 11.4237 10.9978
      vertex -13.0332 12.0191 0.599991
    endloop
  endfacet
  facet normal -0.798809 -0.601585 0
    outer loop
      vertex -12.5851 11.4237 10.9978
      vertex -12.5244 11.3431 0.599991
      vertex -12.5244 11.3431 10.9946
    endloop
  endfacet
  facet normal -0.799057 -0.601255 0
    outer loop
      vertex -12.88 11.8155 20.9999
      vertex -13.0332 12.0191 26.9947
      vertex -13.0332 12.0191 21.0053
    endloop
  endfacet
  facet normal -0.798776 -0.601628 -0
    outer loop
      vertex -12.7323 11.6194 27.0054
      vertex -12.88 11.8155 20.9999
      vertex -12.7323 11.6194 20.9946
    endloop
  endfacet
  facet normal -0.798919 -0.601438 9.72708e-06
    outer loop
      vertex -12.88 11.8155 20.9999
      vertex -12.7323 11.6194 27.0054
      vertex -13.0332 12.0191 26.9947
    endloop
  endfacet
  facet normal -0.799166 -0.60111 0
    outer loop
      vertex -12.7323 11.6194 20.9946
      vertex -12.5851 11.4237 26.9978
      vertex -12.7323 11.6194 27.0054
    endloop
  endfacet
  facet normal -0.799062 -0.601249 -7.07621e-06
    outer loop
      vertex -12.5244 11.3431 21.0054
      vertex -12.5851 11.4237 26.9978
      vertex -12.7323 11.6194 20.9946
    endloop
  endfacet
  facet normal -0.798809 -0.601585 0
    outer loop
      vertex -12.5851 11.4237 26.9978
      vertex -12.5244 11.3431 21.0054
      vertex -12.5244 11.3431 26.9946
    endloop
  endfacet
  facet normal -0.565035 -0.425383 -0.706954
    outer loop
      vertex -12.5445 12.3671 0
      vertex -12.0547 11.7165 0
      vertex -13.0332 12.0191 0.599991
    endloop
  endfacet
  facet normal -0.565039 -0.425284 -0.707011
    outer loop
      vertex -12.0547 11.7165 0
      vertex -12.5244 11.3431 0.599991
      vertex -13.0332 12.0191 0.599991
    endloop
  endfacet
  facet normal 0.54178 0.454586 -0.706984
    outer loop
      vertex -9.78466 13.5212 0.599991
      vertex -9.35976 13.0148 0.599991
      vertex -10.2543 13.1478 0
    endloop
  endfacet
  facet normal 0.541781 0.454578 -0.706988
    outer loop
      vertex -9.35976 13.0148 0.599991
      vertex -9.80902 12.6171 0
      vertex -10.2543 13.1478 0
    endloop
  endfacet
  facet normal 0.766059 0.64277 0
    outer loop
      vertex -9.35976 13.0148 47.4
      vertex -9.78466 13.5212 0.599991
      vertex -9.78466 13.5212 47.4
    endloop
  endfacet
  facet normal 0.766059 0.64277 0
    outer loop
      vertex -9.78466 13.5212 0.599991
      vertex -9.35976 13.0148 47.4
      vertex -9.35976 13.0148 0.599991
    endloop
  endfacet
  facet normal 0.541789 0.454584 0.706979
    outer loop
      vertex -9.80902 12.6171 48
      vertex -9.78466 13.5212 47.4
      vertex -10.2543 13.1478 48
    endloop
  endfacet
  facet normal 0.541781 0.454587 0.706983
    outer loop
      vertex -9.35976 13.0148 47.4
      vertex -9.78466 13.5212 47.4
      vertex -9.80902 12.6171 48
    endloop
  endfacet
  facet normal -0.541755 -0.454582 0.707005
    outer loop
      vertex -11.9805 10.6949 47.4
      vertex -12.0547 11.7165 48
      vertex -12.5244 11.3431 47.4
    endloop
  endfacet
  facet normal -0.541762 -0.45458 0.707001
    outer loop
      vertex -11.9805 10.6949 47.4
      vertex -11.5312 11.0926 48
      vertex -12.0547 11.7165 48
    endloop
  endfacet
  facet normal -0.76609 -0.642733 0
    outer loop
      vertex -12.3634 11.1512 36.9999
      vertex -12.5244 11.3431 47.4
      vertex -12.5244 11.3431 37.0054
    endloop
  endfacet
  facet normal -0.765997 -0.64283 -0.0042023
    outer loop
      vertex -11.9805 10.6949 37.0054
      vertex -12.3634 11.1512 36.9999
      vertex -12.2056 10.9632 36.9946
    endloop
  endfacet
  facet normal -0.766029 -0.642806 2.29327e-06
    outer loop
      vertex -12.3634 11.1512 36.9999
      vertex -11.9805 10.6949 37.0054
      vertex -12.5244 11.3431 47.4
    endloop
  endfacet
  facet normal -0.766047 -0.642785 0
    outer loop
      vertex -12.5244 11.3431 47.4
      vertex -11.9805 10.6949 37.0054
      vertex -11.9805 10.6949 47.4
    endloop
  endfacet
  facet normal -0.766037 -0.642796 0
    outer loop
      vertex -12.0482 10.7756 10.9979
      vertex -12.5244 11.3431 10.9946
      vertex -12.5244 11.3431 0.599991
    endloop
  endfacet
  facet normal -0.766041 -0.64279 0.00166868
    outer loop
      vertex -12.5244 11.3431 10.9946
      vertex -12.0482 10.7756 10.9979
      vertex -12.2056 10.9632 11.0054
    endloop
  endfacet
  facet normal -0.766047 -0.642785 1.08998e-06
    outer loop
      vertex -11.9805 10.6949 0.599991
      vertex -12.0482 10.7756 10.9979
      vertex -12.5244 11.3431 0.599991
    endloop
  endfacet
  facet normal -0.766116 -0.642702 0
    outer loop
      vertex -12.0482 10.7756 10.9979
      vertex -11.9805 10.6949 0.599991
      vertex -11.9805 10.6949 10.9946
    endloop
  endfacet
  facet normal -0.76609 -0.642733 0
    outer loop
      vertex -12.3634 11.1512 20.9999
      vertex -12.5244 11.3431 26.9946
      vertex -12.5244 11.3431 21.0054
    endloop
  endfacet
  facet normal -0.765946 -0.642905 -0
    outer loop
      vertex -12.2056 10.9632 27.0054
      vertex -12.3634 11.1512 20.9999
      vertex -12.2056 10.9632 20.9946
    endloop
  endfacet
  facet normal -0.766019 -0.642818 4.64425e-06
    outer loop
      vertex -12.3634 11.1512 20.9999
      vertex -12.2056 10.9632 27.0054
      vertex -12.5244 11.3431 26.9946
    endloop
  endfacet
  facet normal -0.766075 -0.642751 0
    outer loop
      vertex -12.2056 10.9632 20.9946
      vertex -12.0482 10.7756 26.9979
      vertex -12.2056 10.9632 27.0054
    endloop
  endfacet
  facet normal -0.766087 -0.642737 7.90537e-07
    outer loop
      vertex -11.9805 10.6949 21.0054
      vertex -12.0482 10.7756 26.9979
      vertex -12.2056 10.9632 20.9946
    endloop
  endfacet
  facet normal -0.766116 -0.642702 0
    outer loop
      vertex -12.0482 10.7756 26.9979
      vertex -11.9805 10.6949 21.0054
      vertex -11.9805 10.6949 26.9946
    endloop
  endfacet
  facet normal -0.541755 -0.454574 -0.707011
    outer loop
      vertex -12.0547 11.7165 0
      vertex -11.5312 11.0926 0
      vertex -12.5244 11.3431 0.599991
    endloop
  endfacet
  facet normal -0.541754 -0.454582 -0.707006
    outer loop
      vertex -11.5312 11.0926 0
      vertex -11.9805 10.6949 0.599991
      vertex -12.5244 11.3431 0.599991
    endloop
  endfacet
  facet normal 0.516971 0.482606 -0.706988
    outer loop
      vertex -9.35976 13.0148 0.599991
      vertex -8.90868 12.5316 0.599991
      vertex -9.80902 12.6171 0
    endloop
  endfacet
  facet normal 0.516972 0.482599 -0.706992
    outer loop
      vertex -8.90868 12.5316 0.599991
      vertex -9.33629 12.1107 0
      vertex -9.80902 12.6171 0
    endloop
  endfacet
  facet normal 0.730985 0.682394 0
    outer loop
      vertex -8.90868 12.5316 47.4
      vertex -9.35976 13.0148 0.599991
      vertex -9.35976 13.0148 47.4
    endloop
  endfacet
  facet normal 0.730985 0.682394 0
    outer loop
      vertex -9.35976 13.0148 0.599991
      vertex -8.90868 12.5316 47.4
      vertex -8.90868 12.5316 0.599991
    endloop
  endfacet
  facet normal 0.516979 0.482605 0.706983
    outer loop
      vertex -9.33629 12.1107 48
      vertex -9.35976 13.0148 47.4
      vertex -9.80902 12.6171 48
    endloop
  endfacet
  facet normal 0.516972 0.482607 0.706987
    outer loop
      vertex -9.33629 12.1107 48
      vertex -8.90868 12.5316 47.4
      vertex -9.35976 13.0148 47.4
    endloop
  endfacet
  facet normal -0.516956 -0.482604 0.707
    outer loop
      vertex -11.4031 10.0764 47.4
      vertex -11.5312 11.0926 48
      vertex -11.9805 10.6949 47.4
    endloop
  endfacet
  facet normal -0.516988 -0.482597 0.706982
    outer loop
      vertex -11.4031 10.0764 47.4
      vertex -10.9755 10.4973 48
      vertex -11.5312 11.0926 48
    endloop
  endfacet
  facet normal -0.73088 -0.682507 0
    outer loop
      vertex -11.8126 10.5151 37
      vertex -11.9805 10.6949 47.4
      vertex -11.9805 10.6949 37.0054
    endloop
  endfacet
  facet normal -0.731038 -0.682318 0.00503669
    outer loop
      vertex -11.4031 10.0764 37.0054
      vertex -11.8126 10.5151 37
      vertex -11.6451 10.3356 36.9946
    endloop
  endfacet
  facet normal -0.731016 -0.68236 -4.74641e-06
    outer loop
      vertex -11.8126 10.5151 37
      vertex -11.4031 10.0764 37.0054
      vertex -11.9805 10.6949 47.4
    endloop
  endfacet
  facet normal -0.730977 -0.682402 0
    outer loop
      vertex -11.9805 10.6949 47.4
      vertex -11.4031 10.0764 37.0054
      vertex -11.4031 10.0764 47.4
    endloop
  endfacet
  facet normal -0.730997 -0.682381 0
    outer loop
      vertex -11.478 10.1566 10.998
      vertex -11.9805 10.6949 10.9946
      vertex -11.9805 10.6949 0.599991
    endloop
  endfacet
  facet normal -0.730995 -0.682382 -0.000386827
    outer loop
      vertex -11.9805 10.6949 10.9946
      vertex -11.478 10.1566 10.998
      vertex -11.6451 10.3356 11.0054
    endloop
  endfacet
  facet normal -0.730977 -0.682402 -2.06523e-06
    outer loop
      vertex -11.4031 10.0764 0.599991
      vertex -11.478 10.1566 10.998
      vertex -11.9805 10.6949 0.599991
    endloop
  endfacet
  facet normal -0.730843 -0.682545 0
    outer loop
      vertex -11.478 10.1566 10.998
      vertex -11.4031 10.0764 0.599991
      vertex -11.4031 10.0764 10.9946
    endloop
  endfacet
  facet normal -0.73088 -0.682507 0
    outer loop
      vertex -11.8126 10.5151 21
      vertex -11.9805 10.6949 26.9946
      vertex -11.9805 10.6949 21.0054
    endloop
  endfacet
  facet normal -0.731123 -0.682246 8.10041e-06
    outer loop
      vertex -11.478 10.1566 26.998
      vertex -11.8126 10.5151 21
      vertex -11.6451 10.3356 20.9946
    endloop
  endfacet
  facet normal -0.731001 -0.682376 -7.30729e-06
    outer loop
      vertex -11.8126 10.5151 21
      vertex -11.6451 10.3356 27.0054
      vertex -11.9805 10.6949 26.9946
    endloop
  endfacet
  facet normal -0.730988 -0.682391 -8.11609e-06
    outer loop
      vertex -11.8126 10.5151 21
      vertex -11.478 10.1566 26.998
      vertex -11.6451 10.3356 27.0054
    endloop
  endfacet
  facet normal -0.730943 -0.682439 -2.6714e-06
    outer loop
      vertex -11.4031 10.0764 21.0054
      vertex -11.478 10.1566 26.998
      vertex -11.6451 10.3356 20.9946
    endloop
  endfacet
  facet normal -0.730843 -0.682545 0
    outer loop
      vertex -11.478 10.1566 26.998
      vertex -11.4031 10.0764 21.0054
      vertex -11.4031 10.0764 26.9946
    endloop
  endfacet
  facet normal -0.51697 -0.482581 -0.707006
    outer loop
      vertex -11.5312 11.0926 0
      vertex -10.9755 10.4973 0
      vertex -11.9805 10.6949 0.599991
    endloop
  endfacet
  facet normal -0.516966 -0.482613 -0.706988
    outer loop
      vertex -10.9755 10.4973 0
      vertex -11.4031 10.0764 0.599991
      vertex -11.9805 10.6949 0.599991
    endloop
  endfacet
  facet normal 0.490741 0.50925 -0.706992
    outer loop
      vertex -8.90868 12.5316 0.599991
      vertex -8.43268 12.0729 0.599991
      vertex -9.33629 12.1107 0
    endloop
  endfacet
  facet normal 0.490739 0.509258 -0.706988
    outer loop
      vertex -8.43268 12.0729 0.599991
      vertex -8.83745 11.63 0
      vertex -9.33629 12.1107 0
    endloop
  endfacet
  facet normal 0.6939 0.720071 -0
    outer loop
      vertex -8.43268 12.0729 0.599991
      vertex -8.90868 12.5316 47.4
      vertex -8.43268 12.0729 47.4
    endloop
  endfacet
  facet normal 0.6939 0.720071 0
    outer loop
      vertex -8.90868 12.5316 47.4
      vertex -8.43268 12.0729 0.599991
      vertex -8.90868 12.5316 0.599991
    endloop
  endfacet
  facet normal 0.49074 0.509259 0.706987
    outer loop
      vertex -8.83745 11.63 48
      vertex -8.90868 12.5316 47.4
      vertex -9.33629 12.1107 48
    endloop
  endfacet
  facet normal 0.490748 0.509256 0.706983
    outer loop
      vertex -8.83745 11.63 48
      vertex -8.43268 12.0729 47.4
      vertex -8.90868 12.5316 47.4
    endloop
  endfacet
  facet normal -0.490733 -0.509271 0.706983
    outer loop
      vertex -10.7938 9.48928 47.4
      vertex -10.9755 10.4973 48
      vertex -11.4031 10.0764 47.4
    endloop
  endfacet
  facet normal -0.490775 -0.509264 0.706958
    outer loop
      vertex -10.7938 9.48928 47.4
      vertex -10.3891 9.93219 48
      vertex -10.9755 10.4973 48
    endloop
  endfacet
  facet normal -0.693879 -0.720092 0
    outer loop
      vertex -11.4031 10.0764 47.4
      vertex -10.7938 9.48928 37.0054
      vertex -10.7938 9.48928 47.4
    endloop
  endfacet
  facet normal -0.693909 -0.720063 0
    outer loop
      vertex -11.2291 9.90872 37
      vertex -11.4031 10.0764 47.4
      vertex -11.4031 10.0764 37.0054
    endloop
  endfacet
  facet normal -0.693867 -0.720103 1.35876e-06
    outer loop
      vertex -11.4031 10.0764 47.4
      vertex -11.2291 9.90872 37
      vertex -10.7938 9.48928 37.0054
    endloop
  endfacet
  facet normal -0.693881 -0.720085 0.00262134
    outer loop
      vertex -10.7938 9.48928 37.0054
      vertex -11.2291 9.90872 37
      vertex -11.0524 9.73843 36.9945
    endloop
  endfacet
  facet normal -0.693883 -0.720085 -0.0020459
    outer loop
      vertex -11.4031 10.0764 10.9946
      vertex -10.876 9.56847 10.998
      vertex -11.0524 9.73843 11.0055
    endloop
  endfacet
  facet normal -0.693874 -0.720087 -0.00375299
    outer loop
      vertex -11.4031 10.0764 10.9946
      vertex -10.7938 9.48928 10.9946
      vertex -10.876 9.56847 10.998
    endloop
  endfacet
  facet normal -0.693879 -0.720092 0
    outer loop
      vertex -11.4031 10.0764 0.599991
      vertex -10.7938 9.48928 10.9946
      vertex -11.4031 10.0764 10.9946
    endloop
  endfacet
  facet normal -0.693879 -0.720092 -0
    outer loop
      vertex -10.7938 9.48928 10.9946
      vertex -11.4031 10.0764 0.599991
      vertex -10.7938 9.48928 0.599991
    endloop
  endfacet
  facet normal -0.693917 -0.720055 -4.80446e-07
    outer loop
      vertex -11.2291 9.90872 21
      vertex -11.0524 9.73843 27.0055
      vertex -11.4031 10.0764 26.9946
    endloop
  endfacet
  facet normal -0.693839 -0.72013 -4.90453e-06
    outer loop
      vertex -11.0524 9.73843 27.0055
      vertex -11.2291 9.90872 21
      vertex -10.876 9.56847 26.998
    endloop
  endfacet
  facet normal -0.693867 -0.720103 -1.81087e-06
    outer loop
      vertex -10.7938 9.48928 21.0054
      vertex -10.876 9.56847 26.998
      vertex -11.2291 9.90872 21
    endloop
  endfacet
  facet normal -0.693909 -0.720063 0
    outer loop
      vertex -11.2291 9.90872 21
      vertex -11.4031 10.0764 26.9946
      vertex -11.4031 10.0764 21.0054
    endloop
  endfacet
  facet normal -0.693798 -0.720169 0
    outer loop
      vertex -10.876 9.56847 26.998
      vertex -10.7938 9.48928 21.0054
      vertex -10.7938 9.48928 26.9946
    endloop
  endfacet
  facet normal -0.693881 -0.720085 0.00262134
    outer loop
      vertex -10.7938 9.48928 21.0054
      vertex -11.2291 9.90872 21
      vertex -11.0524 9.73843 20.9945
    endloop
  endfacet
  facet normal -0.490754 -0.509243 -0.706988
    outer loop
      vertex -10.9755 10.4973 0
      vertex -10.3891 9.93219 0
      vertex -11.4031 10.0764 0.599991
    endloop
  endfacet
  facet normal -0.490745 -0.509285 -0.706964
    outer loop
      vertex -10.3891 9.93219 0
      vertex -10.7938 9.48928 0.599991
      vertex -11.4031 10.0764 0.599991
    endloop
  endfacet
  facet normal 0.463146 0.534475 -0.706988
    outer loop
      vertex -8.43268 12.0729 0.599991
      vertex -7.93311 11.64 0.599991
      vertex -8.83745 11.63 0
    endloop
  endfacet
  facet normal 0.46315 0.534465 -0.706993
    outer loop
      vertex -7.93311 11.64 0.599991
      vertex -8.31389 11.1763 0
      vertex -8.83745 11.63 0
    endloop
  endfacet
  facet normal 0.654878 0.755735 -0
    outer loop
      vertex -7.93311 11.64 0.599991
      vertex -8.43268 12.0729 47.4
      vertex -7.93311 11.64 47.4
    endloop
  endfacet
  facet normal 0.654878 0.755735 0
    outer loop
      vertex -8.43268 12.0729 47.4
      vertex -7.93311 11.64 0.599991
      vertex -8.43268 12.0729 0.599991
    endloop
  endfacet
  facet normal 0.463157 0.534473 0.706983
    outer loop
      vertex -8.31389 11.1763 48
      vertex -8.43268 12.0729 47.4
      vertex -8.83745 11.63 48
    endloop
  endfacet
  facet normal 0.463146 0.534475 0.706988
    outer loop
      vertex -8.31389 11.1763 48
      vertex -7.93311 11.64 47.4
      vertex -8.43268 12.0729 47.4
    endloop
  endfacet
  facet normal -0.463175 -0.534487 0.706961
    outer loop
      vertex -10.1544 8.93519 47.4
      vertex -10.3891 9.93219 48
      vertex -10.7938 9.48928 47.4
    endloop
  endfacet
  facet normal -0.463121 -0.534493 0.706991
    outer loop
      vertex -10.1544 8.93519 47.4
      vertex -9.77359 9.39887 48
      vertex -10.3891 9.93219 48
    endloop
  endfacet
  facet normal -0.654892 -0.755722 0
    outer loop
      vertex -10.7938 9.48928 47.4
      vertex -10.1544 8.93519 37.0054
      vertex -10.1544 8.93519 47.4
    endloop
  endfacet
  facet normal -0.65485 -0.755759 0
    outer loop
      vertex -10.6145 9.33392 37.0001
      vertex -10.7938 9.48928 47.4
      vertex -10.7938 9.48928 37.0054
    endloop
  endfacet
  facet normal -0.654909 -0.755708 -1.76108e-06
    outer loop
      vertex -10.7938 9.48928 47.4
      vertex -10.6145 9.33392 37.0001
      vertex -10.1544 8.93519 37.0054
    endloop
  endfacet
  facet normal -0.654925 -0.755689 0.00287228
    outer loop
      vertex -10.1544 8.93519 37.0054
      vertex -10.6145 9.33392 37.0001
      vertex -10.4291 9.17322 36.9945
    endloop
  endfacet
  facet normal -0.654921 -0.755697 0.000395444
    outer loop
      vertex -10.7938 9.48928 10.9946
      vertex -10.244 9.0128 10.9981
      vertex -10.4291 9.17322 11.0055
    endloop
  endfacet
  facet normal -0.65492 -0.755698 0
    outer loop
      vertex -10.7938 9.48928 0.599991
      vertex -10.244 9.0128 10.9981
      vertex -10.7938 9.48928 10.9946
    endloop
  endfacet
  facet normal -0.654892 -0.755722 -2.57229e-06
    outer loop
      vertex -10.1544 8.93519 0.599991
      vertex -10.244 9.0128 10.9981
      vertex -10.7938 9.48928 0.599991
    endloop
  endfacet
  facet normal -0.654722 -0.75587 0
    outer loop
      vertex -10.244 9.0128 10.9981
      vertex -10.1544 8.93519 0.599991
      vertex -10.1544 8.93519 10.9946
    endloop
  endfacet
  facet normal -0.654915 -0.755703 -3.3728e-06
    outer loop
      vertex -10.6145 9.33392 21.0001
      vertex -10.4291 9.17322 27.0055
      vertex -10.7938 9.48928 26.9946
    endloop
  endfacet
  facet normal -0.654931 -0.755689 -2.5136e-06
    outer loop
      vertex -10.4291 9.17322 27.0055
      vertex -10.6145 9.33392 21.0001
      vertex -10.244 9.0128 26.9981
    endloop
  endfacet
  facet normal -0.654909 -0.755708 -4.89069e-06
    outer loop
      vertex -10.1544 8.93519 21.0054
      vertex -10.244 9.0128 26.9981
      vertex -10.6145 9.33392 21.0001
    endloop
  endfacet
  facet normal -0.65485 -0.755759 0
    outer loop
      vertex -10.6145 9.33392 21.0001
      vertex -10.7938 9.48928 26.9946
      vertex -10.7938 9.48928 21.0054
    endloop
  endfacet
  facet normal -0.654722 -0.75587 0
    outer loop
      vertex -10.244 9.0128 26.9981
      vertex -10.1544 8.93519 21.0054
      vertex -10.1544 8.93519 26.9946
    endloop
  endfacet
  facet normal -0.654925 -0.755689 0.00287228
    outer loop
      vertex -10.1544 8.93519 21.0054
      vertex -10.6145 9.33392 21.0001
      vertex -10.4291 9.17322 20.9945
    endloop
  endfacet
  facet normal -0.463138 -0.534512 -0.706965
    outer loop
      vertex -10.3891 9.93219 0
      vertex -9.77359 9.39887 0
      vertex -10.7938 9.48928 0.599991
    endloop
  endfacet
  facet normal -0.463151 -0.53446 -0.706996
    outer loop
      vertex -9.77359 9.39887 0
      vertex -10.1544 8.93519 0.599991
      vertex -10.7938 9.48928 0.599991
    endloop
  endfacet
  facet normal 0.434248 0.5582 -0.706995
    outer loop
      vertex -7.93311 11.64 0.599991
      vertex -7.41135 11.2341 0.599991
      vertex -8.31389 11.1763 0
    endloop
  endfacet
  facet normal 0.43422 0.558268 -0.706958
    outer loop
      vertex -7.41135 11.2341 0.599991
      vertex -7.76709 10.751 0
      vertex -8.31389 11.1763 0
    endloop
  endfacet
  facet normal 0.614022 0.789289 -0
    outer loop
      vertex -7.41135 11.2341 0.599991
      vertex -7.93311 11.64 47.4
      vertex -7.41135 11.2341 47.4
    endloop
  endfacet
  facet normal 0.614022 0.789289 0
    outer loop
      vertex -7.93311 11.64 47.4
      vertex -7.41135 11.2341 0.599991
      vertex -7.93311 11.64 0.599991
    endloop
  endfacet
  facet normal 0.434201 0.558244 0.706988
    outer loop
      vertex -7.76709 10.751 48
      vertex -7.93311 11.64 47.4
      vertex -8.31389 11.1763 48
    endloop
  endfacet
  facet normal 0.434274 0.558233 0.706952
    outer loop
      vertex -7.76709 10.751 48
      vertex -7.41135 11.2341 47.4
      vertex -7.93311 11.64 47.4
    endloop
  endfacet
  facet normal -0.436395 -0.558111 0.705742
    outer loop
      vertex -9.77359 9.39887 48
      vertex -9.6556 8.9681 47.7323
      vertex -9.64695 8.96513 47.7353
    endloop
  endfacet
  facet normal -0.434161 -0.558274 0.706989
    outer loop
      vertex -10.1544 8.93519 47.4
      vertex -9.6556 8.9681 47.7323
      vertex -9.77359 9.39887 48
    endloop
  endfacet
  facet normal -0.433587 -0.557464 0.70798
    outer loop
      vertex -9.98749 8.80664 47.401
      vertex -10.1544 8.93519 47.4
      vertex -9.98749 8.80537 47.4
    endloop
  endfacet
  facet normal -0.434177 -0.558238 0.707009
    outer loop
      vertex -9.6556 8.9681 47.7323
      vertex -10.1544 8.93519 47.4
      vertex -9.98749 8.80664 47.401
    endloop
  endfacet
  facet normal -0.434192 -0.558457 0.706826
    outer loop
      vertex -9.13078 8.89884 48
      vertex -9.64695 8.96513 47.7353
      vertex -9.19603 8.81022 47.8899
    endloop
  endfacet
  facet normal -0.434239 -0.558233 0.706974
    outer loop
      vertex -9.64695 8.96513 47.7353
      vertex -9.13078 8.89884 48
      vertex -9.77359 9.39887 48
    endloop
  endfacet
  facet normal -0.613944 -0.78935 0
    outer loop
      vertex -10.1544 8.93519 37.0054
      vertex -9.98749 8.80537 47.4
      vertex -10.1544 8.93519 47.4
    endloop
  endfacet
  facet normal -0.613944 -0.78935 -0
    outer loop
      vertex -9.98749 8.80537 47.4
      vertex -10.1544 8.93519 37.0054
      vertex -9.98749 8.80537 37.0006
    endloop
  endfacet
  facet normal -0.613944 -0.78935 0
    outer loop
      vertex -10.1544 8.93519 10.9946
      vertex -9.98749 8.80537 0.599999
      vertex -9.98749 8.80537 10.9994
    endloop
  endfacet
  facet normal -0.613944 -0.78935 0
    outer loop
      vertex -10.1544 8.93519 0.599991
      vertex -9.98749 8.80537 0.599999
      vertex -10.1544 8.93519 10.9946
    endloop
  endfacet
  facet normal -0.599706 -0.771031 0.214156
    outer loop
      vertex -9.98749 8.80537 0.599999
      vertex -10.1544 8.93519 0.599991
      vertex -9.98748 8.80536 0.599991
    endloop
  endfacet
  facet normal -0.613944 -0.78935 0
    outer loop
      vertex -10.1544 8.93519 21.0054
      vertex -9.98749 8.80537 26.9994
      vertex -10.1544 8.93519 26.9946
    endloop
  endfacet
  facet normal -0.613944 -0.78935 -0
    outer loop
      vertex -9.98749 8.80537 26.9994
      vertex -10.1544 8.93519 21.0054
      vertex -9.98749 8.80537 21.0006
    endloop
  endfacet
  facet normal -0.434207 -0.558224 -0.707001
    outer loop
      vertex -9.77359 9.39887 0
      vertex -9.49191 8.91167 0.211682
      vertex -9.65521 8.96771 0.267726
    endloop
  endfacet
  facet normal -0.434238 -0.558231 -0.706976
    outer loop
      vertex -9.49191 8.91167 0.211682
      vertex -9.77359 9.39887 0
      vertex -9.13078 8.89884 0
    endloop
  endfacet
  facet normal -0.434235 -0.558222 -0.706985
    outer loop
      vertex -9.75108 8.92087 0.363594
      vertex -9.77359 9.39887 0
      vertex -9.65521 8.96771 0.267726
    endloop
  endfacet
  facet normal -0.43421 -0.558229 -0.706995
    outer loop
      vertex -9.77359 9.39887 0
      vertex -9.75108 8.92087 0.363594
      vertex -10.1544 8.93519 0.599991
    endloop
  endfacet
  facet normal -0.434204 -0.558248 -0.706984
    outer loop
      vertex -9.75108 8.92087 0.363594
      vertex -9.98748 8.80536 0.599991
      vertex -10.1544 8.93519 0.599991
    endloop
  endfacet
  facet normal -0.434235 -0.558239 -0.706971
    outer loop
      vertex -9.13078 8.89884 0
      vertex -9.19609 8.81014 0.110154
      vertex -9.49191 8.91167 0.211682
    endloop
  endfacet
  facet normal 0.404117 0.580433 -0.706957
    outer loop
      vertex -7.41135 11.2341 0.599991
      vertex -6.86886 10.8564 0.599991
      vertex -7.76709 10.751 0
    endloop
  endfacet
  facet normal 0.404146 0.580372 -0.70699
    outer loop
      vertex -6.86886 10.8564 0.599991
      vertex -7.19856 10.3551 0
      vertex -7.76709 10.751 0
    endloop
  endfacet
  facet normal 0.571386 0.820681 -0
    outer loop
      vertex -6.86886 10.8564 0.599991
      vertex -7.41135 11.2341 47.4
      vertex -6.86886 10.8564 47.4
    endloop
  endfacet
  facet normal 0.571386 0.820681 0
    outer loop
      vertex -7.41135 11.2341 47.4
      vertex -6.86886 10.8564 0.599991
      vertex -7.41135 11.2341 0.599991
    endloop
  endfacet
  facet normal 0.404168 0.580403 0.706952
    outer loop
      vertex -7.19856 10.3551 48
      vertex -7.41135 11.2341 47.4
      vertex -7.76709 10.751 48
    endloop
  endfacet
  facet normal 0.404101 0.580409 0.706985
    outer loop
      vertex -7.19856 10.3551 48
      vertex -6.86886 10.8564 47.4
      vertex -7.41135 11.2341 47.4
    endloop
  endfacet
  facet normal -0.404441 -0.580365 0.706827
    outer loop
      vertex -9.08782 8.77622 47.9239
      vertex -9.13078 8.89884 48
      vertex -9.19603 8.81022 47.8899
    endloop
  endfacet
  facet normal -0.404088 -0.580366 0.707028
    outer loop
      vertex -9.08782 8.77622 47.9239
      vertex -8.84517 8.69998 48
      vertex -9.13078 8.89884 48
    endloop
  endfacet
  facet normal -0.40412 -0.580412 -0.706971
    outer loop
      vertex -9.13078 8.89884 0
      vertex -8.84517 8.69998 0
      vertex -9.19609 8.81014 0.110154
    endloop
  endfacet
  facet normal 0.372859 0.60095 -0.70699
    outer loop
      vertex -6.86886 10.8564 0.599991
      vertex -6.30717 10.5079 0.599991
      vertex -7.19856 10.3551 0
    endloop
  endfacet
  facet normal 0.37286 0.600948 -0.706992
    outer loop
      vertex -6.30717 10.5079 0.599991
      vertex -6.60991 9.98987 0
      vertex -7.19856 10.3551 0
    endloop
  endfacet
  facet normal 0.527215 0.849732 -0
    outer loop
      vertex -6.30717 10.5079 0.599991
      vertex -6.86886 10.8564 47.4
      vertex -6.30717 10.5079 47.4
    endloop
  endfacet
  facet normal 0.527215 0.849732 0
    outer loop
      vertex -6.86886 10.8564 47.4
      vertex -6.30717 10.5079 0.599991
      vertex -6.86886 10.8564 0.599991
    endloop
  endfacet
  facet normal 0.372864 0.600953 0.706985
    outer loop
      vertex -6.60991 9.98987 48
      vertex -6.86886 10.8564 47.4
      vertex -7.19856 10.3551 48
    endloop
  endfacet
  facet normal 0.372861 0.600953 0.706986
    outer loop
      vertex -6.60991 9.98987 48
      vertex -6.30717 10.5079 47.4
      vertex -6.86886 10.8564 47.4
    endloop
  endfacet
  facet normal 0.340547 0.619832 -0.706991
    outer loop
      vertex -6.30717 10.5079 0.599991
      vertex -5.72783 10.1896 0.599991
      vertex -6.60991 9.98987 0
    endloop
  endfacet
  facet normal 0.340563 0.619805 -0.707007
    outer loop
      vertex -5.72783 10.1896 0.599991
      vertex -6.00276 9.65626 0
      vertex -6.60991 9.98987 0
    endloop
  endfacet
  facet normal 0.481527 0.876431 -0
    outer loop
      vertex -5.72783 10.1896 0.599991
      vertex -6.30717 10.5079 47.4
      vertex -5.72783 10.1896 47.4
    endloop
  endfacet
  facet normal 0.481527 0.876431 0
    outer loop
      vertex -6.30717 10.5079 47.4
      vertex -5.72783 10.1896 0.599991
      vertex -6.30717 10.5079 0.599991
    endloop
  endfacet
  facet normal 0.340573 0.619823 0.706986
    outer loop
      vertex -6.00276 9.65626 48
      vertex -6.30717 10.5079 47.4
      vertex -6.60991 9.98987 48
    endloop
  endfacet
  facet normal 0.340542 0.619822 0.707002
    outer loop
      vertex -6.00276 9.65626 48
      vertex -5.72783 10.1896 47.4
      vertex -6.30717 10.5079 47.4
    endloop
  endfacet
  facet normal 0.307361 0.636921 -0.707008
    outer loop
      vertex -5.72783 10.1896 0.599991
      vertex -5.13248 9.9023 0.599991
      vertex -6.00276 9.65626 0
    endloop
  endfacet
  facet normal 0.307336 0.636958 -0.706986
    outer loop
      vertex -5.13248 9.9023 0.599991
      vertex -5.37883 9.35521 0
      vertex -6.00276 9.65626 0
    endloop
  endfacet
  facet normal 0.434614 0.900617 -0
    outer loop
      vertex -5.13248 9.9023 0.599991
      vertex -5.72783 10.1896 47.4
      vertex -5.13248 9.9023 47.4
    endloop
  endfacet
  facet normal 0.434614 0.900617 0
    outer loop
      vertex -5.72783 10.1896 47.4
      vertex -5.13248 9.9023 0.599991
      vertex -5.72783 10.1896 0.599991
    endloop
  endfacet
  facet normal 0.307329 0.636943 0.707002
    outer loop
      vertex -5.37883 9.35521 48
      vertex -5.72783 10.1896 47.4
      vertex -6.00276 9.65626 48
    endloop
  endfacet
  facet normal 0.307373 0.636946 0.70698
    outer loop
      vertex -5.37883 9.35521 48
      vertex -5.13248 9.9023 47.4
      vertex -5.72783 10.1896 47.4
    endloop
  endfacet
  facet normal 0.273235 0.652313 -0.706987
    outer loop
      vertex -5.13248 9.9023 0.599991
      vertex -4.52277 9.64691 0.599991
      vertex -5.37883 9.35521 0
    endloop
  endfacet
  facet normal 0.273231 0.652318 -0.706983
    outer loop
      vertex -4.52277 9.64691 0.599991
      vertex -4.73986 9.08757 0
      vertex -5.37883 9.35521 0
    endloop
  endfacet
  facet normal 0.386347 0.922353 -0
    outer loop
      vertex -4.52277 9.64691 0.599991
      vertex -5.13248 9.9023 47.4
      vertex -4.52277 9.64691 47.4
    endloop
  endfacet
  facet normal 0.386347 0.922353 0
    outer loop
      vertex -5.13248 9.9023 47.4
      vertex -4.52277 9.64691 0.599991
      vertex -5.13248 9.9023 0.599991
    endloop
  endfacet
  facet normal 0.273232 0.65232 0.706981
    outer loop
      vertex -4.73986 9.08757 48
      vertex -5.13248 9.9023 47.4
      vertex -5.37883 9.35521 48
    endloop
  endfacet
  facet normal 0.273239 0.652321 0.706978
    outer loop
      vertex -4.73986 9.08757 48
      vertex -4.52277 9.64691 47.4
      vertex -5.13248 9.9023 47.4
    endloop
  endfacet
  facet normal 0.238372 0.665848 -0.706983
    outer loop
      vertex -4.52277 9.64691 0.599991
      vertex -3.90042 9.42411 0.599991
      vertex -4.73986 9.08757 0
    endloop
  endfacet
  facet normal 0.23837 0.665851 -0.706981
    outer loop
      vertex -3.90042 9.42411 0.599991
      vertex -4.08764 8.85408 0
      vertex -4.73986 9.08757 0
    endloop
  endfacet
  facet normal 0.33705 0.941487 -0
    outer loop
      vertex -3.90042 9.42411 0.599991
      vertex -4.52277 9.64691 47.4
      vertex -3.90042 9.42411 47.4
    endloop
  endfacet
  facet normal 0.33705 0.941487 0
    outer loop
      vertex -4.52277 9.64691 47.4
      vertex -3.90042 9.42411 0.599991
      vertex -4.52277 9.64691 0.599991
    endloop
  endfacet
  facet normal 0.238371 0.665854 0.706978
    outer loop
      vertex -4.08764 8.85408 48
      vertex -4.52277 9.64691 47.4
      vertex -4.73986 9.08757 48
    endloop
  endfacet
  facet normal 0.238375 0.665855 0.706976
    outer loop
      vertex -4.08764 8.85408 48
      vertex -3.90042 9.42411 47.4
      vertex -4.52277 9.64691 47.4
    endloop
  endfacet
  facet normal 0.202831 0.677515 -0.706989
    outer loop
      vertex -3.51177 9.1211 0.421115
      vertex -3.90042 9.42411 0.599991
      vertex -3.48579 9.29998 0.599991
    endloop
  endfacet
  facet normal 0.202839 0.67752 -0.706981
    outer loop
      vertex -3.90042 9.42411 0.599991
      vertex -3.51177 9.1211 0.421115
      vertex -4.08764 8.85408 0
    endloop
  endfacet
  facet normal 0.20284 0.677519 -0.706982
    outer loop
      vertex -3.51177 9.1211 0.421115
      vertex -3.57292 8.69998 0
      vertex -4.08764 8.85408 0
    endloop
  endfacet
  facet normal 0.286797 0.957991 -0
    outer loop
      vertex -3.48582 9.29999 0.599999
      vertex -3.90042 9.42411 47.4
      vertex -3.48582 9.29999 47.4
    endloop
  endfacet
  facet normal 0.286797 0.957991 0
    outer loop
      vertex -3.48582 9.29999 0.599999
      vertex -3.90042 9.42411 0.599991
      vertex -3.90042 9.42411 47.4
    endloop
  endfacet
  facet normal 0.284688 0.950941 -0.121095
    outer loop
      vertex -3.90042 9.42411 0.599991
      vertex -3.48582 9.29999 0.599999
      vertex -3.48579 9.29998 0.599991
    endloop
  endfacet
  facet normal 0.202802 0.677537 0.706975
    outer loop
      vertex -4.08764 8.85408 48
      vertex -3.55066 8.85978 47.8405
      vertex -3.90042 9.42411 47.4
    endloop
  endfacet
  facet normal 0.202823 0.677462 0.707042
    outer loop
      vertex -3.55066 8.85978 47.8405
      vertex -4.08764 8.85408 48
      vertex -3.57292 8.69998 48
    endloop
  endfacet
  facet normal 0.202847 0.677548 0.706953
    outer loop
      vertex -3.48932 9.29999 47.401
      vertex -3.90042 9.42411 47.4
      vertex -3.55066 8.85978 47.8405
    endloop
  endfacet
  facet normal 0.202412 0.67612 0.708442
    outer loop
      vertex -3.90042 9.42411 47.4
      vertex -3.48932 9.29999 47.401
      vertex -3.48582 9.29999 47.4
    endloop
  endfacet
  facet normal -0.202832 0.677519 -0.706985
    outer loop
      vertex 3.90042 9.42411 0.599991
      vertex 3.54989 8.85855 0.158569
      vertex 3.48579 9.29998 0.599991
    endloop
  endfacet
  facet normal -0.20284 0.677519 -0.706983
    outer loop
      vertex 3.54989 8.85855 0.158569
      vertex 4.08764 8.85408 0
      vertex 3.57292 8.69998 0
    endloop
  endfacet
  facet normal -0.202839 0.67752 -0.706981
    outer loop
      vertex 4.08764 8.85408 0
      vertex 3.54989 8.85855 0.158569
      vertex 3.90042 9.42411 0.599991
    endloop
  endfacet
  facet normal -0.286797 0.957991 0
    outer loop
      vertex 3.90042 9.42411 47.4
      vertex 3.48582 9.29999 0.599999
      vertex 3.48582 9.29999 47.4
    endloop
  endfacet
  facet normal -0.286797 0.957991 0
    outer loop
      vertex 3.90042 9.42411 0.599991
      vertex 3.48582 9.29999 0.599999
      vertex 3.90042 9.42411 47.4
    endloop
  endfacet
  facet normal -0.284688 0.950941 -0.121095
    outer loop
      vertex 3.48582 9.29999 0.599999
      vertex 3.90042 9.42411 0.599991
      vertex 3.48579 9.29998 0.599991
    endloop
  endfacet
  facet normal -0.202846 0.677539 0.706962
    outer loop
      vertex 3.57292 8.69998 48
      vertex 4.08764 8.85408 48
      vertex 3.51442 9.11987 47.5808
    endloop
  endfacet
  facet normal -0.202867 0.677517 0.706976
    outer loop
      vertex 3.90042 9.42411 47.4
      vertex 3.51442 9.11987 47.5808
      vertex 4.08764 8.85408 48
    endloop
  endfacet
  facet normal -0.202829 0.677491 0.707012
    outer loop
      vertex 3.90042 9.42411 47.4
      vertex 3.48932 9.29999 47.401
      vertex 3.51442 9.11987 47.5808
    endloop
  endfacet
  facet normal -0.202412 0.67612 0.708442
    outer loop
      vertex 3.48932 9.29999 47.401
      vertex 3.90042 9.42411 47.4
      vertex 3.48582 9.29999 47.4
    endloop
  endfacet
  facet normal -0.238373 0.66585 -0.706981
    outer loop
      vertex 4.52277 9.64691 0.599991
      vertex 4.08764 8.85408 0
      vertex 3.90042 9.42411 0.599991
    endloop
  endfacet
  facet normal -0.238369 0.665849 -0.706983
    outer loop
      vertex 4.52277 9.64691 0.599991
      vertex 4.73986 9.08757 0
      vertex 4.08764 8.85408 0
    endloop
  endfacet
  facet normal -0.33705 0.941487 0
    outer loop
      vertex 4.52277 9.64691 0.599991
      vertex 3.90042 9.42411 47.4
      vertex 4.52277 9.64691 47.4
    endloop
  endfacet
  facet normal -0.33705 0.941487 0
    outer loop
      vertex 3.90042 9.42411 47.4
      vertex 4.52277 9.64691 0.599991
      vertex 3.90042 9.42411 0.599991
    endloop
  endfacet
  facet normal -0.238371 0.665856 0.706976
    outer loop
      vertex 4.08764 8.85408 48
      vertex 4.73986 9.08757 48
      vertex 3.90042 9.42411 47.4
    endloop
  endfacet
  facet normal -0.238374 0.665853 0.706978
    outer loop
      vertex 4.73986 9.08757 48
      vertex 4.52277 9.64691 47.4
      vertex 3.90042 9.42411 47.4
    endloop
  endfacet
  facet normal -0.273237 0.652316 -0.706983
    outer loop
      vertex 5.13248 9.9023 0.599991
      vertex 4.73986 9.08757 0
      vertex 4.52277 9.64691 0.599991
    endloop
  endfacet
  facet normal -0.27323 0.652316 -0.706986
    outer loop
      vertex 5.13248 9.9023 0.599991
      vertex 5.37883 9.35521 0
      vertex 4.73986 9.08757 0
    endloop
  endfacet
  facet normal -0.386347 0.922353 0
    outer loop
      vertex 5.13248 9.9023 0.599991
      vertex 4.52277 9.64691 47.4
      vertex 5.13248 9.9023 47.4
    endloop
  endfacet
  facet normal -0.386347 0.922353 0
    outer loop
      vertex 4.52277 9.64691 47.4
      vertex 5.13248 9.9023 0.599991
      vertex 4.52277 9.64691 0.599991
    endloop
  endfacet
  facet normal -0.273233 0.652323 0.706978
    outer loop
      vertex 4.73986 9.08757 48
      vertex 5.37883 9.35521 48
      vertex 4.52277 9.64691 47.4
    endloop
  endfacet
  facet normal -0.273237 0.652318 0.706981
    outer loop
      vertex 5.37883 9.35521 48
      vertex 5.13248 9.9023 47.4
      vertex 4.52277 9.64691 47.4
    endloop
  endfacet
  facet normal -0.307371 0.636941 -0.706986
    outer loop
      vertex 5.72783 10.1896 0.599991
      vertex 5.37883 9.35521 0
      vertex 5.13248 9.9023 0.599991
    endloop
  endfacet
  facet normal -0.307327 0.636939 -0.707007
    outer loop
      vertex 5.72783 10.1896 0.599991
      vertex 6.00276 9.65626 0
      vertex 5.37883 9.35521 0
    endloop
  endfacet
  facet normal -0.434614 0.900617 0
    outer loop
      vertex 5.72783 10.1896 0.599991
      vertex 5.13248 9.9023 47.4
      vertex 5.72783 10.1896 47.4
    endloop
  endfacet
  facet normal -0.434614 0.900617 0
    outer loop
      vertex 5.13248 9.9023 47.4
      vertex 5.72783 10.1896 0.599991
      vertex 5.13248 9.9023 0.599991
    endloop
  endfacet
  facet normal -0.307338 0.636962 0.706981
    outer loop
      vertex 5.37883 9.35521 48
      vertex 6.00276 9.65626 48
      vertex 5.13248 9.9023 47.4
    endloop
  endfacet
  facet normal -0.307364 0.636926 0.707003
    outer loop
      vertex 6.00276 9.65626 48
      vertex 5.72783 10.1896 47.4
      vertex 5.13248 9.9023 47.4
    endloop
  endfacet
  facet normal -0.340539 0.619818 -0.707007
    outer loop
      vertex 6.30717 10.5079 0.599991
      vertex 6.00276 9.65626 0
      vertex 5.72783 10.1896 0.599991
    endloop
  endfacet
  facet normal -0.340571 0.619818 -0.706992
    outer loop
      vertex 6.30717 10.5079 0.599991
      vertex 6.60991 9.98987 0
      vertex 6.00276 9.65626 0
    endloop
  endfacet
  facet normal -0.481527 0.876431 0
    outer loop
      vertex 6.30717 10.5079 0.599991
      vertex 5.72783 10.1896 47.4
      vertex 6.30717 10.5079 47.4
    endloop
  endfacet
  facet normal -0.481527 0.876431 0
    outer loop
      vertex 5.72783 10.1896 47.4
      vertex 6.30717 10.5079 0.599991
      vertex 5.72783 10.1896 0.599991
    endloop
  endfacet
  facet normal -0.340566 0.619809 0.707002
    outer loop
      vertex 6.00276 9.65626 48
      vertex 6.60991 9.98987 48
      vertex 5.72783 10.1896 47.4
    endloop
  endfacet
  facet normal -0.340549 0.619836 0.706986
    outer loop
      vertex 6.60991 9.98987 48
      vertex 6.30717 10.5079 47.4
      vertex 5.72783 10.1896 47.4
    endloop
  endfacet
  facet normal -0.372858 0.600949 -0.706992
    outer loop
      vertex 6.86886 10.8564 0.599991
      vertex 6.60991 9.98987 0
      vertex 6.30717 10.5079 0.599991
    endloop
  endfacet
  facet normal -0.372861 0.600949 -0.70699
    outer loop
      vertex 6.86886 10.8564 0.599991
      vertex 7.19856 10.3551 0
      vertex 6.60991 9.98987 0
    endloop
  endfacet
  facet normal -0.527215 0.849732 0
    outer loop
      vertex 6.86886 10.8564 0.599991
      vertex 6.30717 10.5079 47.4
      vertex 6.86886 10.8564 47.4
    endloop
  endfacet
  facet normal -0.527215 0.849732 0
    outer loop
      vertex 6.30717 10.5079 47.4
      vertex 6.86886 10.8564 0.599991
      vertex 6.30717 10.5079 0.599991
    endloop
  endfacet
  facet normal -0.372863 0.600952 0.706986
    outer loop
      vertex 6.60991 9.98987 48
      vertex 7.19856 10.3551 48
      vertex 6.30717 10.5079 47.4
    endloop
  endfacet
  facet normal -0.372862 0.600955 0.706985
    outer loop
      vertex 7.19856 10.3551 48
      vertex 6.86886 10.8564 47.4
      vertex 6.30717 10.5079 47.4
    endloop
  endfacet
  facet normal -0.404098 0.580405 -0.70699
    outer loop
      vertex 7.41135 11.2341 0.599991
      vertex 7.19856 10.3551 0
      vertex 6.86886 10.8564 0.599991
    endloop
  endfacet
  facet normal -0.404165 0.580398 -0.706957
    outer loop
      vertex 7.41135 11.2341 0.599991
      vertex 7.76709 10.751 0
      vertex 7.19856 10.3551 0
    endloop
  endfacet
  facet normal -0.571386 0.820681 0
    outer loop
      vertex 7.41135 11.2341 0.599991
      vertex 6.86886 10.8564 47.4
      vertex 7.41135 11.2341 47.4
    endloop
  endfacet
  facet normal -0.571386 0.820681 0
    outer loop
      vertex 6.86886 10.8564 47.4
      vertex 7.41135 11.2341 0.599991
      vertex 6.86886 10.8564 0.599991
    endloop
  endfacet
  facet normal -0.404149 0.580376 0.706984
    outer loop
      vertex 7.19856 10.3551 48
      vertex 7.76709 10.751 48
      vertex 6.86886 10.8564 47.4
    endloop
  endfacet
  facet normal -0.40412 0.580437 0.706951
    outer loop
      vertex 7.76709 10.751 48
      vertex 7.41135 11.2341 47.4
      vertex 6.86886 10.8564 47.4
    endloop
  endfacet
  facet normal 0.404205 -0.580534 0.706823
    outer loop
      vertex 9.19603 8.81022 47.8899
      vertex 9.13078 8.89884 48
      vertex 8.84517 8.69998 48
    endloop
  endfacet
  facet normal 0.404117 -0.580407 -0.706978
    outer loop
      vertex 9.13078 8.89884 0
      vertex 9.08779 8.77614 0.0761594
      vertex 8.84517 8.69998 0
    endloop
  endfacet
  facet normal 0.404128 -0.580407 -0.706971
    outer loop
      vertex 9.13078 8.89884 0
      vertex 9.19609 8.81014 0.110154
      vertex 9.08779 8.77614 0.0761594
    endloop
  endfacet
  facet normal -0.434271 0.558229 -0.706957
    outer loop
      vertex 7.93311 11.64 0.599991
      vertex 7.76709 10.751 0
      vertex 7.41135 11.2341 0.599991
    endloop
  endfacet
  facet normal -0.434198 0.55824 -0.706994
    outer loop
      vertex 7.93311 11.64 0.599991
      vertex 8.31389 11.1763 0
      vertex 7.76709 10.751 0
    endloop
  endfacet
  facet normal -0.614022 0.789289 0
    outer loop
      vertex 7.93311 11.64 0.599991
      vertex 7.41135 11.2341 47.4
      vertex 7.93311 11.64 47.4
    endloop
  endfacet
  facet normal -0.614022 0.789289 0
    outer loop
      vertex 7.41135 11.2341 47.4
      vertex 7.93311 11.64 0.599991
      vertex 7.41135 11.2341 0.599991
    endloop
  endfacet
  facet normal -0.434223 0.558272 0.706953
    outer loop
      vertex 7.76709 10.751 48
      vertex 8.31389 11.1763 48
      vertex 7.41135 11.2341 47.4
    endloop
  endfacet
  facet normal -0.434251 0.558204 0.706989
    outer loop
      vertex 8.31389 11.1763 48
      vertex 7.93311 11.64 47.4
      vertex 7.41135 11.2341 47.4
    endloop
  endfacet
  facet normal 0.434147 -0.558492 0.706827
    outer loop
      vertex 9.19603 8.81022 47.8899
      vertex 9.49126 8.91164 47.7887
      vertex 9.13078 8.89884 48
    endloop
  endfacet
  facet normal 0.434179 -0.55824 0.707006
    outer loop
      vertex 10.1544 8.93519 47.4
      vertex 9.75257 8.92092 47.6355
      vertex 9.98749 8.80664 47.401
    endloop
  endfacet
  facet normal 0.433587 -0.557464 0.70798
    outer loop
      vertex 10.1544 8.93519 47.4
      vertex 9.98749 8.80664 47.401
      vertex 9.98749 8.80537 47.4
    endloop
  endfacet
  facet normal 0.43417 -0.558267 0.706989
    outer loop
      vertex 9.77359 9.39887 48
      vertex 9.75257 8.92092 47.6355
      vertex 10.1544 8.93519 47.4
    endloop
  endfacet
  facet normal 0.434138 -0.558276 0.707002
    outer loop
      vertex 9.77359 9.39887 48
      vertex 9.6556 8.9681 47.7323
      vertex 9.75257 8.92092 47.6355
    endloop
  endfacet
  facet normal 0.434383 -0.558258 0.706866
    outer loop
      vertex 9.77359 9.39887 48
      vertex 9.49126 8.91164 47.7887
      vertex 9.6556 8.9681 47.7323
    endloop
  endfacet
  facet normal 0.434231 -0.558223 0.706987
    outer loop
      vertex 9.49126 8.91164 47.7887
      vertex 9.77359 9.39887 48
      vertex 9.13078 8.89884 48
    endloop
  endfacet
  facet normal 0.613944 -0.78935 0
    outer loop
      vertex 9.98749 8.80537 47.4
      vertex 10.1544 8.93519 37.0054
      vertex 10.1544 8.93519 47.4
    endloop
  endfacet
  facet normal 0.613944 -0.78935 0
    outer loop
      vertex 10.1544 8.93519 37.0054
      vertex 9.98749 8.80537 47.4
      vertex 9.98749 8.80537 37.0006
    endloop
  endfacet
  facet normal 0.613944 -0.78935 0
    outer loop
      vertex 9.98749 8.80537 0.599999
      vertex 10.1544 8.93519 10.9946
      vertex 9.98749 8.80537 10.9994
    endloop
  endfacet
  facet normal 0.613944 -0.78935 0
    outer loop
      vertex 9.98749 8.80537 0.599999
      vertex 10.1544 8.93519 0.599991
      vertex 10.1544 8.93519 10.9946
    endloop
  endfacet
  facet normal 0.599706 -0.771031 0.214156
    outer loop
      vertex 10.1544 8.93519 0.599991
      vertex 9.98749 8.80537 0.599999
      vertex 9.98748 8.80536 0.599991
    endloop
  endfacet
  facet normal 0.613944 -0.78935 0
    outer loop
      vertex 9.98749 8.80537 26.9994
      vertex 10.1544 8.93519 21.0054
      vertex 10.1544 8.93519 26.9946
    endloop
  endfacet
  facet normal 0.613944 -0.78935 0
    outer loop
      vertex 10.1544 8.93519 21.0054
      vertex 9.98749 8.80537 26.9994
      vertex 9.98749 8.80537 21.0006
    endloop
  endfacet
  facet normal 0.434226 -0.558246 -0.706972
    outer loop
      vertex 9.13078 8.89884 0
      vertex 9.64687 8.96485 0.264862
      vertex 9.19609 8.81014 0.110154
    endloop
  endfacet
  facet normal 0.434231 -0.558223 -0.706987
    outer loop
      vertex 9.64687 8.96485 0.264862
      vertex 9.13078 8.89884 0
      vertex 9.77359 9.39887 0
    endloop
  endfacet
  facet normal 0.434205 -0.55825 -0.706982
    outer loop
      vertex 9.65521 8.96771 0.267726
      vertex 10.1544 8.93519 0.599991
      vertex 9.98748 8.80536 0.599991
    endloop
  endfacet
  facet normal 0.434216 -0.558223 -0.706996
    outer loop
      vertex 10.1544 8.93519 0.599991
      vertex 9.65521 8.96771 0.267726
      vertex 9.77359 9.39887 0
    endloop
  endfacet
  facet normal 0.434215 -0.558224 -0.706996
    outer loop
      vertex 9.77359 9.39887 0
      vertex 9.65521 8.96771 0.267726
      vertex 9.64687 8.96485 0.264862
    endloop
  endfacet
  facet normal -0.463143 0.534471 -0.706993
    outer loop
      vertex 8.43268 12.0729 0.599991
      vertex 8.31389 11.1763 0
      vertex 7.93311 11.64 0.599991
    endloop
  endfacet
  facet normal -0.463153 0.534469 -0.706988
    outer loop
      vertex 8.43268 12.0729 0.599991
      vertex 8.83745 11.63 0
      vertex 8.31389 11.1763 0
    endloop
  endfacet
  facet normal -0.654878 0.755735 0
    outer loop
      vertex 8.43268 12.0729 0.599991
      vertex 7.93311 11.64 47.4
      vertex 8.43268 12.0729 47.4
    endloop
  endfacet
  facet normal -0.654878 0.755735 0
    outer loop
      vertex 7.93311 11.64 47.4
      vertex 8.43268 12.0729 0.599991
      vertex 7.93311 11.64 0.599991
    endloop
  endfacet
  facet normal -0.463153 0.534469 0.706988
    outer loop
      vertex 8.31389 11.1763 48
      vertex 8.83745 11.63 48
      vertex 7.93311 11.64 47.4
    endloop
  endfacet
  facet normal -0.46315 0.534479 0.706983
    outer loop
      vertex 8.83745 11.63 48
      vertex 8.43268 12.0729 47.4
      vertex 7.93311 11.64 47.4
    endloop
  endfacet
  facet normal 0.463155 -0.534464 0.706991
    outer loop
      vertex 10.1544 8.93519 47.4
      vertex 10.7938 9.48928 47.4
      vertex 9.77359 9.39887 48
    endloop
  endfacet
  facet normal 0.463141 -0.534516 0.70696
    outer loop
      vertex 10.7938 9.48928 47.4
      vertex 10.3891 9.93219 48
      vertex 9.77359 9.39887 48
    endloop
  endfacet
  facet normal 0.654722 -0.75587 0
    outer loop
      vertex 10.244 9.0128 37.0019
      vertex 10.1544 8.93519 47.4
      vertex 10.1544 8.93519 37.0054
    endloop
  endfacet
  facet normal 0.654892 -0.755722 2.57229e-06
    outer loop
      vertex 10.1544 8.93519 47.4
      vertex 10.244 9.0128 37.0019
      vertex 10.7938 9.48928 47.4
    endloop
  endfacet
  facet normal 0.65492 -0.755698 0
    outer loop
      vertex 10.7938 9.48928 47.4
      vertex 10.244 9.0128 37.0019
      vertex 10.7938 9.48928 37.0054
    endloop
  endfacet
  facet normal 0.654921 -0.755697 -0.000395444
    outer loop
      vertex 10.7938 9.48928 37.0054
      vertex 10.244 9.0128 37.0019
      vertex 10.4291 9.17322 36.9945
    endloop
  endfacet
  facet normal 0.654925 -0.755689 -0.00287228
    outer loop
      vertex 10.1544 8.93519 10.9946
      vertex 10.6145 9.33392 10.9999
      vertex 10.4291 9.17322 11.0055
    endloop
  endfacet
  facet normal 0.654909 -0.755708 0
    outer loop
      vertex 10.1544 8.93519 0.599991
      vertex 10.6145 9.33392 10.9999
      vertex 10.1544 8.93519 10.9946
    endloop
  endfacet
  facet normal 0.654892 -0.755722 1.26751e-06
    outer loop
      vertex 10.7938 9.48928 0.599991
      vertex 10.6145 9.33392 10.9999
      vertex 10.1544 8.93519 0.599991
    endloop
  endfacet
  facet normal 0.65485 -0.755759 0
    outer loop
      vertex 10.6145 9.33392 10.9999
      vertex 10.7938 9.48928 0.599991
      vertex 10.7938 9.48928 10.9946
    endloop
  endfacet
  facet normal 0.654977 -0.755649 0
    outer loop
      vertex 10.4291 9.17322 20.9945
      vertex 10.6145 9.33392 26.9999
      vertex 10.4291 9.17322 27.0055
    endloop
  endfacet
  facet normal 0.654862 -0.755748 3.68016e-06
    outer loop
      vertex 10.244 9.0128 21.0019
      vertex 10.4291 9.17322 27.0055
      vertex 10.1544 8.93519 26.9946
    endloop
  endfacet
  facet normal 0.654722 -0.75587 0
    outer loop
      vertex 10.244 9.0128 21.0019
      vertex 10.1544 8.93519 26.9946
      vertex 10.1544 8.93519 21.0054
    endloop
  endfacet
  facet normal 0.654931 -0.755689 0
    outer loop
      vertex 10.4291 9.17322 20.9945
      vertex 10.4291 9.17322 27.0055
      vertex 10.244 9.0128 21.0019
    endloop
  endfacet
  facet normal 0.654915 -0.755703 3.3728e-06
    outer loop
      vertex 10.7938 9.48928 21.0054
      vertex 10.6145 9.33392 26.9999
      vertex 10.4291 9.17322 20.9945
    endloop
  endfacet
  facet normal 0.65485 -0.755759 0
    outer loop
      vertex 10.6145 9.33392 26.9999
      vertex 10.7938 9.48928 21.0054
      vertex 10.7938 9.48928 26.9946
    endloop
  endfacet
  facet normal 0.463118 -0.534489 -0.706996
    outer loop
      vertex 10.3891 9.93219 0
      vertex 10.1544 8.93519 0.599991
      vertex 9.77359 9.39887 0
    endloop
  endfacet
  facet normal 0.463171 -0.534483 -0.706966
    outer loop
      vertex 10.3891 9.93219 0
      vertex 10.7938 9.48928 0.599991
      vertex 10.1544 8.93519 0.599991
    endloop
  endfacet
  facet normal -0.490744 0.509253 -0.706988
    outer loop
      vertex 8.90868 12.5316 0.599991
      vertex 8.83745 11.63 0
      vertex 8.43268 12.0729 0.599991
    endloop
  endfacet
  facet normal -0.490736 0.509255 -0.706992
    outer loop
      vertex 8.90868 12.5316 0.599991
      vertex 9.33629 12.1107 0
      vertex 8.83745 11.63 0
    endloop
  endfacet
  facet normal -0.6939 0.720071 0
    outer loop
      vertex 8.90868 12.5316 0.599991
      vertex 8.43268 12.0729 47.4
      vertex 8.90868 12.5316 47.4
    endloop
  endfacet
  facet normal -0.6939 0.720071 0
    outer loop
      vertex 8.43268 12.0729 47.4
      vertex 8.90868 12.5316 0.599991
      vertex 8.43268 12.0729 0.599991
    endloop
  endfacet
  facet normal -0.490742 0.509261 0.706983
    outer loop
      vertex 8.83745 11.63 48
      vertex 9.33629 12.1107 48
      vertex 8.43268 12.0729 47.4
    endloop
  endfacet
  facet normal -0.490745 0.509253 0.706987
    outer loop
      vertex 9.33629 12.1107 48
      vertex 8.90868 12.5316 47.4
      vertex 8.43268 12.0729 47.4
    endloop
  endfacet
  facet normal 0.490749 -0.509289 0.706959
    outer loop
      vertex 10.7938 9.48928 47.4
      vertex 11.4031 10.0764 47.4
      vertex 10.3891 9.93219 48
    endloop
  endfacet
  facet normal 0.490758 -0.509246 0.706983
    outer loop
      vertex 11.4031 10.0764 47.4
      vertex 10.9755 10.4973 48
      vertex 10.3891 9.93219 48
    endloop
  endfacet
  facet normal 0.693879 -0.720092 0
    outer loop
      vertex 10.7938 9.48928 37.0054
      vertex 11.4031 10.0764 47.4
      vertex 10.7938 9.48928 47.4
    endloop
  endfacet
  facet normal 0.693879 -0.720092 0
    outer loop
      vertex 10.7938 9.48928 37.0054
      vertex 11.4031 10.0764 37.0054
      vertex 11.4031 10.0764 47.4
    endloop
  endfacet
  facet normal 0.693874 -0.720087 0.00375299
    outer loop
      vertex 10.876 9.56847 37.002
      vertex 11.4031 10.0764 37.0054
      vertex 10.7938 9.48928 37.0054
    endloop
  endfacet
  facet normal 0.693883 -0.720085 0.0020459
    outer loop
      vertex 11.4031 10.0764 37.0054
      vertex 10.876 9.56847 37.002
      vertex 11.0524 9.73843 36.9945
    endloop
  endfacet
  facet normal 0.693881 -0.720085 -0.00262134
    outer loop
      vertex 10.7938 9.48928 10.9946
      vertex 11.2291 9.90872 11
      vertex 11.0524 9.73843 11.0055
    endloop
  endfacet
  facet normal 0.693867 -0.720103 0
    outer loop
      vertex 10.7938 9.48928 0.599991
      vertex 11.2291 9.90872 11
      vertex 10.7938 9.48928 10.9946
    endloop
  endfacet
  facet normal 0.693879 -0.720092 -9.70922e-07
    outer loop
      vertex 11.4031 10.0764 0.599991
      vertex 11.2291 9.90872 11
      vertex 10.7938 9.48928 0.599991
    endloop
  endfacet
  facet normal 0.693909 -0.720063 0
    outer loop
      vertex 11.2291 9.90872 11
      vertex 11.4031 10.0764 0.599991
      vertex 11.4031 10.0764 10.9946
    endloop
  endfacet
  facet normal 0.693926 -0.720047 -4.89892e-06
    outer loop
      vertex 10.876 9.56847 21.002
      vertex 11.2291 9.90872 27
      vertex 11.0524 9.73843 27.0055
    endloop
  endfacet
  facet normal 0.693826 -0.720142 7.41236e-07
    outer loop
      vertex 10.876 9.56847 21.002
      vertex 11.0524 9.73843 27.0055
      vertex 10.7938 9.48928 26.9946
    endloop
  endfacet
  facet normal 0.693798 -0.720169 0
    outer loop
      vertex 10.876 9.56847 21.002
      vertex 10.7938 9.48928 26.9946
      vertex 10.7938 9.48928 21.0054
    endloop
  endfacet
  facet normal 0.693839 -0.72013 4.90453e-06
    outer loop
      vertex 11.2291 9.90872 27
      vertex 10.876 9.56847 21.002
      vertex 11.0524 9.73843 20.9945
    endloop
  endfacet
  facet normal 0.693917 -0.720055 4.80446e-07
    outer loop
      vertex 11.4031 10.0764 21.0054
      vertex 11.2291 9.90872 27
      vertex 11.0524 9.73843 20.9945
    endloop
  endfacet
  facet normal 0.693909 -0.720063 0
    outer loop
      vertex 11.2291 9.90872 27
      vertex 11.4031 10.0764 21.0054
      vertex 11.4031 10.0764 26.9946
    endloop
  endfacet
  facet normal 0.490771 -0.509261 -0.706963
    outer loop
      vertex 10.9755 10.4973 0
      vertex 10.7938 9.48928 0.599991
      vertex 10.3891 9.93219 0
    endloop
  endfacet
  facet normal 0.490729 -0.509267 -0.706988
    outer loop
      vertex 10.9755 10.4973 0
      vertex 11.4031 10.0764 0.599991
      vertex 10.7938 9.48928 0.599991
    endloop
  endfacet
  facet normal -0.516968 0.482604 -0.706992
    outer loop
      vertex 9.35976 13.0148 0.599991
      vertex 9.33629 12.1107 0
      vertex 8.90868 12.5316 0.599991
    endloop
  endfacet
  facet normal -0.516975 0.482602 -0.706989
    outer loop
      vertex 9.35976 13.0148 0.599991
      vertex 9.80902 12.6171 0
      vertex 9.33629 12.1107 0
    endloop
  endfacet
  facet normal -0.730985 0.682394 0
    outer loop
      vertex 8.90868 12.5316 0.599991
      vertex 9.35976 13.0148 47.4
      vertex 9.35976 13.0148 0.599991
    endloop
  endfacet
  facet normal -0.730985 0.682394 0
    outer loop
      vertex 9.35976 13.0148 47.4
      vertex 8.90868 12.5316 0.599991
      vertex 8.90868 12.5316 47.4
    endloop
  endfacet
  facet normal -0.516976 0.482603 0.706986
    outer loop
      vertex 9.33629 12.1107 48
      vertex 9.80902 12.6171 48
      vertex 8.90868 12.5316 47.4
    endloop
  endfacet
  facet normal -0.516975 0.48261 0.706983
    outer loop
      vertex 9.80902 12.6171 48
      vertex 9.35976 13.0148 47.4
      vertex 8.90868 12.5316 47.4
    endloop
  endfacet
  facet normal 0.51697 -0.482616 0.706982
    outer loop
      vertex 11.4031 10.0764 47.4
      vertex 11.9805 10.6949 47.4
      vertex 10.9755 10.4973 48
    endloop
  endfacet
  facet normal 0.516974 -0.482585 0.707001
    outer loop
      vertex 11.9805 10.6949 47.4
      vertex 11.5312 11.0926 48
      vertex 10.9755 10.4973 48
    endloop
  endfacet
  facet normal 0.730997 -0.682381 0
    outer loop
      vertex 11.478 10.1566 37.002
      vertex 11.9805 10.6949 37.0054
      vertex 11.9805 10.6949 47.4
    endloop
  endfacet
  facet normal 0.730995 -0.682382 0.000386827
    outer loop
      vertex 11.9805 10.6949 37.0054
      vertex 11.478 10.1566 37.002
      vertex 11.6451 10.3356 36.9946
    endloop
  endfacet
  facet normal 0.730977 -0.682402 2.06523e-06
    outer loop
      vertex 11.4031 10.0764 47.4
      vertex 11.478 10.1566 37.002
      vertex 11.9805 10.6949 47.4
    endloop
  endfacet
  facet normal 0.730843 -0.682545 0
    outer loop
      vertex 11.478 10.1566 37.002
      vertex 11.4031 10.0764 47.4
      vertex 11.4031 10.0764 37.0054
    endloop
  endfacet
  facet normal 0.73088 -0.682507 0
    outer loop
      vertex 11.8126 10.5151 11
      vertex 11.9805 10.6949 0.599991
      vertex 11.9805 10.6949 10.9946
    endloop
  endfacet
  facet normal 0.731038 -0.682318 -0.00503669
    outer loop
      vertex 11.4031 10.0764 10.9946
      vertex 11.8126 10.5151 11
      vertex 11.6451 10.3356 11.0054
    endloop
  endfacet
  facet normal 0.731016 -0.68236 4.74641e-06
    outer loop
      vertex 11.8126 10.5151 11
      vertex 11.4031 10.0764 10.9946
      vertex 11.9805 10.6949 0.599991
    endloop
  endfacet
  facet normal 0.730977 -0.682402 0
    outer loop
      vertex 11.9805 10.6949 0.599991
      vertex 11.4031 10.0764 10.9946
      vertex 11.4031 10.0764 0.599991
    endloop
  endfacet
  facet normal 0.73088 -0.682507 0
    outer loop
      vertex 11.8126 10.5151 27
      vertex 11.9805 10.6949 21.0054
      vertex 11.9805 10.6949 26.9946
    endloop
  endfacet
  facet normal 0.731123 -0.682246 -8.10041e-06
    outer loop
      vertex 11.478 10.1566 21.002
      vertex 11.8126 10.5151 27
      vertex 11.6451 10.3356 27.0054
    endloop
  endfacet
  facet normal 0.731001 -0.682376 7.30729e-06
    outer loop
      vertex 11.8126 10.5151 27
      vertex 11.6451 10.3356 20.9946
      vertex 11.9805 10.6949 21.0054
    endloop
  endfacet
  facet normal 0.730988 -0.682391 8.11609e-06
    outer loop
      vertex 11.8126 10.5151 27
      vertex 11.478 10.1566 21.002
      vertex 11.6451 10.3356 20.9946
    endloop
  endfacet
  facet normal 0.730943 -0.682439 2.6714e-06
    outer loop
      vertex 11.4031 10.0764 26.9946
      vertex 11.478 10.1566 21.002
      vertex 11.6451 10.3356 27.0054
    endloop
  endfacet
  facet normal 0.730843 -0.682545 0
    outer loop
      vertex 11.478 10.1566 21.002
      vertex 11.4031 10.0764 26.9946
      vertex 11.4031 10.0764 21.0054
    endloop
  endfacet
  facet normal 0.516984 -0.482594 -0.706987
    outer loop
      vertex 11.5312 11.0926 0
      vertex 11.4031 10.0764 0.599991
      vertex 10.9755 10.4973 0
    endloop
  endfacet
  facet normal 0.516953 -0.4826 -0.707006
    outer loop
      vertex 11.5312 11.0926 0
      vertex 11.9805 10.6949 0.599991
      vertex 11.4031 10.0764 0.599991
    endloop
  endfacet
  facet normal -0.541777 0.454583 -0.706988
    outer loop
      vertex 9.78466 13.5212 0.599991
      vertex 9.80902 12.6171 0
      vertex 9.35976 13.0148 0.599991
    endloop
  endfacet
  facet normal -0.541784 0.45458 -0.706984
    outer loop
      vertex 10.2543 13.1478 0
      vertex 9.80902 12.6171 0
      vertex 9.78466 13.5212 0.599991
    endloop
  endfacet
  facet normal -0.766059 0.64277 0
    outer loop
      vertex 9.35976 13.0148 0.599991
      vertex 9.78466 13.5212 47.4
      vertex 9.78466 13.5212 0.599991
    endloop
  endfacet
  facet normal -0.766059 0.64277 0
    outer loop
      vertex 9.78466 13.5212 47.4
      vertex 9.35976 13.0148 0.599991
      vertex 9.35976 13.0148 47.4
    endloop
  endfacet
  facet normal -0.541786 0.454581 0.706983
    outer loop
      vertex 9.80902 12.6171 48
      vertex 10.2543 13.1478 48
      vertex 9.35976 13.0148 47.4
    endloop
  endfacet
  facet normal -0.541784 0.454589 0.706979
    outer loop
      vertex 10.2543 13.1478 48
      vertex 9.78466 13.5212 47.4
      vertex 9.35976 13.0148 47.4
    endloop
  endfacet
  facet normal 0.541758 -0.454585 0.707001
    outer loop
      vertex 11.9805 10.6949 47.4
      vertex 12.5244 11.3431 47.4
      vertex 11.5312 11.0926 48
    endloop
  endfacet
  facet normal 0.541759 -0.454577 0.707006
    outer loop
      vertex 12.5244 11.3431 47.4
      vertex 12.0547 11.7165 48
      vertex 11.5312 11.0926 48
    endloop
  endfacet
  facet normal 0.766037 -0.642796 0
    outer loop
      vertex 12.0482 10.7756 37.0021
      vertex 12.5244 11.3431 37.0054
      vertex 12.5244 11.3431 47.4
    endloop
  endfacet
  facet normal 0.766041 -0.64279 -0.00166868
    outer loop
      vertex 12.5244 11.3431 37.0054
      vertex 12.0482 10.7756 37.0021
      vertex 12.2056 10.9632 36.9946
    endloop
  endfacet
  facet normal 0.766047 -0.642785 -1.08998e-06
    outer loop
      vertex 11.9805 10.6949 47.4
      vertex 12.0482 10.7756 37.0021
      vertex 12.5244 11.3431 47.4
    endloop
  endfacet
  facet normal 0.766116 -0.642702 0
    outer loop
      vertex 12.0482 10.7756 37.0021
      vertex 11.9805 10.6949 47.4
      vertex 11.9805 10.6949 37.0054
    endloop
  endfacet
  facet normal 0.76609 -0.642733 0
    outer loop
      vertex 12.3634 11.1512 11.0001
      vertex 12.5244 11.3431 0.599991
      vertex 12.5244 11.3431 10.9946
    endloop
  endfacet
  facet normal 0.765997 -0.64283 0.0042023
    outer loop
      vertex 11.9805 10.6949 10.9946
      vertex 12.3634 11.1512 11.0001
      vertex 12.2056 10.9632 11.0054
    endloop
  endfacet
  facet normal 0.766029 -0.642806 -2.29327e-06
    outer loop
      vertex 12.3634 11.1512 11.0001
      vertex 11.9805 10.6949 10.9946
      vertex 12.5244 11.3431 0.599991
    endloop
  endfacet
  facet normal 0.766047 -0.642785 0
    outer loop
      vertex 12.5244 11.3431 0.599991
      vertex 11.9805 10.6949 10.9946
      vertex 11.9805 10.6949 0.599991
    endloop
  endfacet
  facet normal 0.76609 -0.642733 0
    outer loop
      vertex 12.3634 11.1512 27.0001
      vertex 12.5244 11.3431 21.0054
      vertex 12.5244 11.3431 26.9946
    endloop
  endfacet
  facet normal 0.765946 -0.642905 0
    outer loop
      vertex 12.2056 10.9632 20.9946
      vertex 12.3634 11.1512 27.0001
      vertex 12.2056 10.9632 27.0054
    endloop
  endfacet
  facet normal 0.766019 -0.642818 -4.64425e-06
    outer loop
      vertex 12.3634 11.1512 27.0001
      vertex 12.2056 10.9632 20.9946
      vertex 12.5244 11.3431 21.0054
    endloop
  endfacet
  facet normal 0.766075 -0.642751 0
    outer loop
      vertex 12.2056 10.9632 27.0054
      vertex 12.0482 10.7756 21.0021
      vertex 12.2056 10.9632 20.9946
    endloop
  endfacet
  facet normal 0.766087 -0.642737 -7.90537e-07
    outer loop
      vertex 11.9805 10.6949 26.9946
      vertex 12.0482 10.7756 21.0021
      vertex 12.2056 10.9632 27.0054
    endloop
  endfacet
  facet normal 0.766116 -0.642702 0
    outer loop
      vertex 12.0482 10.7756 21.0021
      vertex 11.9805 10.6949 26.9946
      vertex 11.9805 10.6949 21.0054
    endloop
  endfacet
  facet normal 0.541758 -0.454577 -0.707006
    outer loop
      vertex 12.0547 11.7165 0
      vertex 11.9805 10.6949 0.599991
      vertex 11.5312 11.0926 0
    endloop
  endfacet
  facet normal 0.541751 -0.454579 -0.707011
    outer loop
      vertex 12.0547 11.7165 0
      vertex 12.5244 11.3431 0.599991
      vertex 11.9805 10.6949 0.599991
    endloop
  endfacet
  facet normal -0.565031 0.425341 -0.706983
    outer loop
      vertex 10.1822 14.0493 0.599991
      vertex 10.2543 13.1478 0
      vertex 9.78466 13.5212 0.599991
    endloop
  endfacet
  facet normal -0.565083 0.425318 -0.706955
    outer loop
      vertex 10.6709 13.7013 0
      vertex 10.2543 13.1478 0
      vertex 10.1822 14.0493 0.599991
    endloop
  endfacet
  facet normal -0.798935 0.601418 0
    outer loop
      vertex 9.78466 13.5212 0.599991
      vertex 10.1822 14.0493 47.4
      vertex 10.1822 14.0493 0.599991
    endloop
  endfacet
  facet normal -0.798935 0.601418 0
    outer loop
      vertex 10.1822 14.0493 47.4
      vertex 9.78466 13.5212 0.599991
      vertex 9.78466 13.5212 47.4
    endloop
  endfacet
  facet normal -0.565066 0.425305 0.706977
    outer loop
      vertex 10.2543 13.1478 48
      vertex 10.6709 13.7013 48
      vertex 9.78466 13.5212 47.4
    endloop
  endfacet
  facet normal -0.565058 0.425361 0.706949
    outer loop
      vertex 10.6709 13.7013 48
      vertex 10.1822 14.0493 47.4
      vertex 9.78466 13.5212 47.4
    endloop
  endfacet
  facet normal 0.565044 -0.425287 0.707005
    outer loop
      vertex 12.5244 11.3431 47.4
      vertex 13.0332 12.0191 47.4
      vertex 12.0547 11.7165 48
    endloop
  endfacet
  facet normal 0.56504 -0.425386 0.706949
    outer loop
      vertex 13.0332 12.0191 47.4
      vertex 12.5445 12.3671 48
      vertex 12.0547 11.7165 48
    endloop
  endfacet
  facet normal 0.798919 -0.601438 0
    outer loop
      vertex 13.0332 12.0191 47.4
      vertex 12.7323 11.6194 36.9946
      vertex 13.0332 12.0191 37.0053
    endloop
  endfacet
  facet normal 0.799166 -0.601111 -1.9707e-05
    outer loop
      vertex 13.0332 12.0191 47.4
      vertex 12.5851 11.4237 37.0022
      vertex 12.7323 11.6194 36.9946
    endloop
  endfacet
  facet normal 0.798978 -0.601361 2.71899e-06
    outer loop
      vertex 12.5244 11.3431 47.4
      vertex 12.5851 11.4237 37.0022
      vertex 13.0332 12.0191 47.4
    endloop
  endfacet
  facet normal 0.798809 -0.601585 0
    outer loop
      vertex 12.5851 11.4237 37.0022
      vertex 12.5244 11.3431 47.4
      vertex 12.5244 11.3431 37.0054
    endloop
  endfacet
  facet normal 0.799057 -0.601255 0
    outer loop
      vertex 12.88 11.8155 11.0001
      vertex 13.0332 12.0191 0.599991
      vertex 13.0332 12.0191 10.9947
    endloop
  endfacet
  facet normal 0.798861 -0.601449 0.00899152
    outer loop
      vertex 12.5244 11.3431 10.9946
      vertex 12.88 11.8155 11.0001
      vertex 12.7323 11.6194 11.0054
    endloop
  endfacet
  facet normal 0.798943 -0.601406 -4.6303e-06
    outer loop
      vertex 12.88 11.8155 11.0001
      vertex 12.5244 11.3431 10.9946
      vertex 13.0332 12.0191 0.599991
    endloop
  endfacet
  facet normal 0.798978 -0.601361 0
    outer loop
      vertex 13.0332 12.0191 0.599991
      vertex 12.5244 11.3431 10.9946
      vertex 12.5244 11.3431 0.599991
    endloop
  endfacet
  facet normal 0.799057 -0.601255 0
    outer loop
      vertex 12.88 11.8155 27.0001
      vertex 13.0332 12.0191 21.0053
      vertex 13.0332 12.0191 26.9947
    endloop
  endfacet
  facet normal 0.798776 -0.601628 0
    outer loop
      vertex 12.7323 11.6194 20.9946
      vertex 12.88 11.8155 27.0001
      vertex 12.7323 11.6194 27.0054
    endloop
  endfacet
  facet normal 0.798919 -0.601438 -9.72708e-06
    outer loop
      vertex 12.88 11.8155 27.0001
      vertex 12.7323 11.6194 20.9946
      vertex 13.0332 12.0191 21.0053
    endloop
  endfacet
  facet normal 0.799166 -0.60111 0
    outer loop
      vertex 12.7323 11.6194 27.0054
      vertex 12.5851 11.4237 21.0022
      vertex 12.7323 11.6194 20.9946
    endloop
  endfacet
  facet normal 0.799062 -0.601249 7.07621e-06
    outer loop
      vertex 12.5244 11.3431 26.9946
      vertex 12.5851 11.4237 21.0022
      vertex 12.7323 11.6194 27.0054
    endloop
  endfacet
  facet normal 0.798809 -0.601585 0
    outer loop
      vertex 12.5851 11.4237 21.0022
      vertex 12.5244 11.3431 26.9946
      vertex 12.5244 11.3431 21.0054
    endloop
  endfacet
  facet normal 0.564989 -0.425349 -0.707012
    outer loop
      vertex 12.5445 12.3671 0
      vertex 12.5244 11.3431 0.599991
      vertex 12.0547 11.7165 0
    endloop
  endfacet
  facet normal 0.565084 -0.425317 -0.706955
    outer loop
      vertex 12.5445 12.3671 0
      vertex 13.0332 12.0191 0.599991
      vertex 12.5244 11.3431 0.599991
    endloop
  endfacet
  facet normal -0.58674 0.394905 -0.706955
    outer loop
      vertex 10.5513 14.5977 0.599991
      vertex 10.6709 13.7013 0
      vertex 10.1822 14.0493 0.599991
    endloop
  endfacet
  facet normal -0.586741 0.394904 -0.706955
    outer loop
      vertex 11.0577 14.276 0
      vertex 10.6709 13.7013 0
      vertex 10.5513 14.5977 0.599991
    endloop
  endfacet
  facet normal -0.829599 0.55836 0
    outer loop
      vertex 10.1822 14.0493 0.599991
      vertex 10.5513 14.5977 47.4
      vertex 10.5513 14.5977 0.599991
    endloop
  endfacet
  facet normal -0.829599 0.55836 0
    outer loop
      vertex 10.5513 14.5977 47.4
      vertex 10.1822 14.0493 0.599991
      vertex 10.1822 14.0493 47.4
    endloop
  endfacet
  facet normal -0.586745 0.394907 0.70695
    outer loop
      vertex 10.6709 13.7013 48
      vertex 11.0577 14.276 48
      vertex 10.1822 14.0493 47.4
    endloop
  endfacet
  facet normal -0.586745 0.394908 0.70695
    outer loop
      vertex 11.0577 14.276 48
      vertex 10.5513 14.5977 47.4
      vertex 10.1822 14.0493 47.4
    endloop
  endfacet
  facet normal 0.586776 -0.394862 0.706949
    outer loop
      vertex 13.0332 12.0191 47.4
      vertex 13.5056 12.7211 47.4
      vertex 12.5445 12.3671 48
    endloop
  endfacet
  facet normal 0.586776 -0.39486 0.70695
    outer loop
      vertex 13.5056 12.7211 47.4
      vertex 12.9992 13.0428 48
      vertex 12.5445 12.3671 48
    endloop
  endfacet
  facet normal 0.829665 -0.558261 0
    outer loop
      vertex 13.5056 12.7211 47.4
      vertex 13.2238 12.3023 36.9946
      vertex 13.5056 12.7211 37.0053
    endloop
  endfacet
  facet normal 0.829591 -0.558371 6.42018e-06
    outer loop
      vertex 13.5056 12.7211 47.4
      vertex 13.0871 12.0992 37.0023
      vertex 13.2238 12.3023 36.9946
    endloop
  endfacet
  facet normal 0.829642 -0.558295 -1.63674e-07
    outer loop
      vertex 13.0332 12.0191 47.4
      vertex 13.0871 12.0992 37.0023
      vertex 13.5056 12.7211 47.4
    endloop
  endfacet
  facet normal 0.829652 -0.55828 0
    outer loop
      vertex 13.0871 12.0992 37.0023
      vertex 13.0332 12.0191 47.4
      vertex 13.0332 12.0191 37.0053
    endloop
  endfacet
  facet normal 0.829729 -0.558167 0
    outer loop
      vertex 13.3609 12.506 11.0002
      vertex 13.5056 12.7211 0.599991
      vertex 13.5056 12.7211 10.9947
    endloop
  endfacet
  facet normal 0.829603 -0.558354 0.000340724
    outer loop
      vertex 13.0332 12.0191 10.9947
      vertex 13.3609 12.506 11.0002
      vertex 13.2238 12.3023 11.0054
    endloop
  endfacet
  facet normal 0.829604 -0.558352 -5.54266e-06
    outer loop
      vertex 13.3609 12.506 11.0002
      vertex 13.0332 12.0191 10.9947
      vertex 13.5056 12.7211 0.599991
    endloop
  endfacet
  facet normal 0.829642 -0.558295 0
    outer loop
      vertex 13.5056 12.7211 0.599991
      vertex 13.0332 12.0191 10.9947
      vertex 13.0332 12.0191 0.599991
    endloop
  endfacet
  facet normal 0.829729 -0.558167 0
    outer loop
      vertex 13.3609 12.506 27.0002
      vertex 13.5056 12.7211 21.0053
      vertex 13.5056 12.7211 26.9947
    endloop
  endfacet
  facet normal 0.829599 -0.55836 0
    outer loop
      vertex 13.2238 12.3023 20.9946
      vertex 13.3609 12.506 27.0002
      vertex 13.2238 12.3023 27.0054
    endloop
  endfacet
  facet normal 0.829665 -0.558261 -4.89288e-06
    outer loop
      vertex 13.3609 12.506 27.0002
      vertex 13.2238 12.3023 20.9946
      vertex 13.5056 12.7211 21.0053
    endloop
  endfacet
  facet normal 0.829591 -0.558371 0
    outer loop
      vertex 13.2238 12.3023 27.0054
      vertex 13.0871 12.0992 21.0023
      vertex 13.2238 12.3023 20.9946
    endloop
  endfacet
  facet normal 0.829609 -0.558345 -1.26061e-06
    outer loop
      vertex 13.0332 12.0191 26.9947
      vertex 13.0871 12.0992 21.0023
      vertex 13.2238 12.3023 27.0054
    endloop
  endfacet
  facet normal 0.829652 -0.55828 0
    outer loop
      vertex 13.0871 12.0992 21.0023
      vertex 13.0332 12.0191 26.9947
      vertex 13.0332 12.0191 21.0053
    endloop
  endfacet
  facet normal 0.586773 -0.394858 -0.706955
    outer loop
      vertex 12.9992 13.0428 0
      vertex 13.0332 12.0191 0.599991
      vertex 12.5445 12.3671 0
    endloop
  endfacet
  facet normal 0.586771 -0.394859 -0.706956
    outer loop
      vertex 13.5056 12.7211 0.599991
      vertex 13.0332 12.0191 0.599991
      vertex 12.9992 13.0428 0
    endloop
  endfacet
  facet normal -0.606857 0.363237 -0.706954
    outer loop
      vertex 10.8908 15.1649 0.599991
      vertex 11.0577 14.276 0
      vertex 10.5513 14.5977 0.599991
    endloop
  endfacet
  facet normal -0.606753 0.363296 -0.707013
    outer loop
      vertex 11.4136 14.8704 0
      vertex 11.0577 14.276 0
      vertex 10.8908 15.1649 0.599991
    endloop
  endfacet
  facet normal -0.85804 0.513583 0
    outer loop
      vertex 10.5513 14.5977 0.599991
      vertex 10.8908 15.1649 47.4
      vertex 10.8908 15.1649 0.599991
    endloop
  endfacet
  facet normal -0.85804 0.513583 0
    outer loop
      vertex 10.8908 15.1649 47.4
      vertex 10.5513 14.5977 0.599991
      vertex 10.5513 14.5977 47.4
    endloop
  endfacet
  facet normal -0.606807 0.363329 0.70695
    outer loop
      vertex 11.0577 14.276 48
      vertex 11.4136 14.8704 48
      vertex 10.5513 14.5977 47.4
    endloop
  endfacet
  facet normal -0.60681 0.363209 0.707009
    outer loop
      vertex 11.4136 14.8704 48
      vertex 10.8908 15.1649 47.4
      vertex 10.5513 14.5977 47.4
    endloop
  endfacet
  facet normal 0.606783 -0.363368 0.70695
    outer loop
      vertex 13.5056 12.7211 47.4
      vertex 13.9403 13.447 47.4
      vertex 12.9992 13.0428 48
    endloop
  endfacet
  facet normal 0.606776 -0.363267 0.707008
    outer loop
      vertex 13.9403 13.447 47.4
      vertex 13.4175 13.7415 48
      vertex 12.9992 13.0428 48
    endloop
  endfacet
  facet normal 0.857909 -0.513802 0
    outer loop
      vertex 13.9403 13.447 47.4
      vertex 13.6787 13.0102 36.9946
      vertex 13.9403 13.447 37.0053
    endloop
  endfacet
  facet normal 0.858141 -0.513415 -2.21043e-05
    outer loop
      vertex 13.9403 13.447 47.4
      vertex 13.553 12.8001 37.0024
      vertex 13.6787 13.0102 36.9946
    endloop
  endfacet
  facet normal 0.857931 -0.513766 7.54308e-06
    outer loop
      vertex 13.5056 12.7211 47.4
      vertex 13.553 12.8001 37.0024
      vertex 13.9403 13.447 47.4
    endloop
  endfacet
  facet normal 0.857493 -0.514496 0
    outer loop
      vertex 13.553 12.8001 37.0024
      vertex 13.5056 12.7211 47.4
      vertex 13.5056 12.7211 37.0053
    endloop
  endfacet
  facet normal 0.857861 -0.513882 0
    outer loop
      vertex 13.8048 13.2208 11.0002
      vertex 13.9403 13.447 0.599991
      vertex 13.9403 13.447 10.9947
    endloop
  endfacet
  facet normal 0.857961 -0.513714 0.000148447
    outer loop
      vertex 13.5056 12.7211 10.9947
      vertex 13.8048 13.2208 11.0002
      vertex 13.6787 13.0102 11.0054
    endloop
  endfacet
  facet normal 0.857962 -0.513713 0
    outer loop
      vertex 13.5056 12.7211 0.599991
      vertex 13.8048 13.2208 11.0002
      vertex 13.5056 12.7211 10.9947
    endloop
  endfacet
  facet normal 0.857931 -0.513766 3.44444e-06
    outer loop
      vertex 13.8048 13.2208 11.0002
      vertex 13.5056 12.7211 0.599991
      vertex 13.9403 13.447 0.599991
    endloop
  endfacet
  facet normal 0.857861 -0.513882 0
    outer loop
      vertex 13.8048 13.2208 27.0002
      vertex 13.9403 13.447 21.0053
      vertex 13.9403 13.447 26.9947
    endloop
  endfacet
  facet normal 0.85796 -0.513717 0
    outer loop
      vertex 13.6787 13.0102 20.9946
      vertex 13.8048 13.2208 27.0002
      vertex 13.6787 13.0102 27.0054
    endloop
  endfacet
  facet normal 0.857909 -0.513802 4.08498e-06
    outer loop
      vertex 13.8048 13.2208 27.0002
      vertex 13.6787 13.0102 20.9946
      vertex 13.9403 13.447 21.0053
    endloop
  endfacet
  facet normal 0.858141 -0.513414 0
    outer loop
      vertex 13.6787 13.0102 27.0054
      vertex 13.553 12.8001 21.0024
      vertex 13.6787 13.0102 20.9946
    endloop
  endfacet
  facet normal 0.857964 -0.51371 1.40781e-05
    outer loop
      vertex 13.5056 12.7211 26.9947
      vertex 13.553 12.8001 21.0024
      vertex 13.6787 13.0102 27.0054
    endloop
  endfacet
  facet normal 0.857493 -0.514496 0
    outer loop
      vertex 13.553 12.8001 21.0024
      vertex 13.5056 12.7211 26.9947
      vertex 13.5056 12.7211 21.0053
    endloop
  endfacet
  facet normal 0.606822 -0.363294 -0.706954
    outer loop
      vertex 13.4175 13.7415 0
      vertex 13.5056 12.7211 0.599991
      vertex 12.9992 13.0428 0
    endloop
  endfacet
  facet normal 0.60673 -0.363336 -0.707012
    outer loop
      vertex 13.9403 13.447 0.599991
      vertex 13.5056 12.7211 0.599991
      vertex 13.4175 13.7415 0
    endloop
  endfacet
  facet normal -0.625119 0.330694 -0.707013
    outer loop
      vertex 11.1999 15.7492 0.599991
      vertex 11.4136 14.8704 0
      vertex 10.8908 15.1649 0.599991
    endloop
  endfacet
  facet normal -0.62513 0.330687 -0.707007
    outer loop
      vertex 11.7375 15.4827 0
      vertex 11.4136 14.8704 0
      vertex 11.1999 15.7492 0.599991
    endloop
  endfacet
  facet normal -0.883935 0.46761 0
    outer loop
      vertex 10.8908 15.1649 0.599991
      vertex 11.1999 15.7492 47.4
      vertex 11.1999 15.7492 0.599991
    endloop
  endfacet
  facet normal -0.883935 0.46761 0
    outer loop
      vertex 11.1999 15.7492 47.4
      vertex 10.8908 15.1649 0.599991
      vertex 10.8908 15.1649 47.4
    endloop
  endfacet
  facet normal -0.625129 0.330686 0.707008
    outer loop
      vertex 11.4136 14.8704 48
      vertex 11.7375 15.4827 48
      vertex 10.8908 15.1649 47.4
    endloop
  endfacet
  facet normal -0.625129 0.330699 0.707002
    outer loop
      vertex 11.7375 15.4827 48
      vertex 11.1999 15.7492 47.4
      vertex 10.8908 15.1649 47.4
    endloop
  endfacet
  facet normal 0.62514 -0.330666 0.707007
    outer loop
      vertex 13.9403 13.447 47.4
      vertex 14.3359 14.1949 47.4
      vertex 13.4175 13.7415 48
    endloop
  endfacet
  facet normal 0.625141 -0.330676 0.707002
    outer loop
      vertex 14.3359 14.1949 47.4
      vertex 13.7983 14.4614 48
      vertex 13.4175 13.7415 48
    endloop
  endfacet
  facet normal 0.883949 -0.467583 0
    outer loop
      vertex 14.3359 14.1949 47.4
      vertex 14.0958 13.741 36.9947
      vertex 14.3359 14.1949 37.0053
    endloop
  endfacet
  facet normal 0.883897 -0.467681 5.45174e-06
    outer loop
      vertex 14.3359 14.1949 47.4
      vertex 13.9813 13.5246 37.0025
      vertex 14.0958 13.741 36.9947
    endloop
  endfacet
  facet normal 0.883957 -0.467567 -3.93992e-06
    outer loop
      vertex 13.9403 13.447 47.4
      vertex 13.9813 13.5246 37.0025
      vertex 14.3359 14.1949 47.4
    endloop
  endfacet
  facet normal 0.884176 -0.467155 0
    outer loop
      vertex 13.9813 13.5246 37.0025
      vertex 13.9403 13.447 47.4
      vertex 13.9403 13.447 37.0053
    endloop
  endfacet
  facet normal 0.883969 -0.467545 0
    outer loop
      vertex 14.2106 13.958 11.0003
      vertex 14.3359 14.1949 0.599991
      vertex 14.3359 14.1949 10.9947
    endloop
  endfacet
  facet normal 0.883942 -0.467592 0.0018053
    outer loop
      vertex 13.9403 13.447 10.9947
      vertex 14.2106 13.958 11.0003
      vertex 14.0958 13.741 11.0053
    endloop
  endfacet
  facet normal 0.883952 -0.467578 0
    outer loop
      vertex 13.9403 13.447 0.599991
      vertex 14.2106 13.958 11.0003
      vertex 13.9403 13.447 10.9947
    endloop
  endfacet
  facet normal 0.883957 -0.467567 -6.55718e-07
    outer loop
      vertex 14.2106 13.958 11.0003
      vertex 13.9403 13.447 0.599991
      vertex 14.3359 14.1949 0.599991
    endloop
  endfacet
  facet normal 0.883969 -0.467545 0
    outer loop
      vertex 14.2106 13.958 27.0003
      vertex 14.3359 14.1949 21.0053
      vertex 14.3359 14.1949 26.9947
    endloop
  endfacet
  facet normal 0.883927 -0.467626 0
    outer loop
      vertex 14.0958 13.741 20.9947
      vertex 14.2106 13.958 27.0003
      vertex 14.0958 13.741 27.0053
    endloop
  endfacet
  facet normal 0.883949 -0.467583 -1.95377e-06
    outer loop
      vertex 14.2106 13.958 27.0003
      vertex 14.0958 13.741 20.9947
      vertex 14.3359 14.1949 21.0053
    endloop
  endfacet
  facet normal 0.883897 -0.467681 0
    outer loop
      vertex 14.0958 13.741 27.0053
      vertex 13.9813 13.5246 21.0025
      vertex 14.0958 13.741 20.9947
    endloop
  endfacet
  facet normal 0.883971 -0.467542 -6.41965e-06
    outer loop
      vertex 13.9403 13.447 26.9947
      vertex 13.9813 13.5246 21.0025
      vertex 14.0958 13.741 27.0053
    endloop
  endfacet
  facet normal 0.884176 -0.467155 0
    outer loop
      vertex 13.9813 13.5246 21.0025
      vertex 13.9403 13.447 26.9947
      vertex 13.9403 13.447 21.0053
    endloop
  endfacet
  facet normal 0.625132 -0.330671 -0.707013
    outer loop
      vertex 13.7983 14.4614 0
      vertex 13.9403 13.447 0.599991
      vertex 13.4175 13.7415 0
    endloop
  endfacet
  facet normal 0.62514 -0.330667 -0.707007
    outer loop
      vertex 14.3359 14.1949 0.599991
      vertex 13.9403 13.447 0.599991
      vertex 13.7983 14.4614 0
    endloop
  endfacet
  facet normal -0.641721 0.297216 -0.707006
    outer loop
      vertex 11.4777 16.349 0.599991
      vertex 11.7375 15.4827 0
      vertex 11.1999 15.7492 0.599991
    endloop
  endfacet
  facet normal -0.641794 0.297163 -0.706961
    outer loop
      vertex 12.0286 16.1114 0
      vertex 11.7375 15.4827 0
      vertex 11.4777 16.349 0.599991
    endloop
  endfacet
  facet normal -0.907401 0.420267 0
    outer loop
      vertex 11.1999 15.7492 0.599991
      vertex 11.4777 16.349 47.4
      vertex 11.4777 16.349 0.599991
    endloop
  endfacet
  facet normal -0.907401 0.420267 0
    outer loop
      vertex 11.4777 16.349 47.4
      vertex 11.1999 15.7492 0.599991
      vertex 11.1999 15.7492 47.4
    endloop
  endfacet
  facet normal -0.64176 0.297147 0.706999
    outer loop
      vertex 11.7375 15.4827 48
      vertex 12.0286 16.1114 48
      vertex 11.1999 15.7492 47.4
    endloop
  endfacet
  facet normal -0.641767 0.297237 0.706955
    outer loop
      vertex 12.0286 16.1114 48
      vertex 11.4777 16.349 47.4
      vertex 11.1999 15.7492 47.4
    endloop
  endfacet
  facet normal 0.641729 -0.297211 0.707
    outer loop
      vertex 14.3359 14.1949 47.4
      vertex 14.6915 14.9627 47.4
      vertex 13.7983 14.4614 48
    endloop
  endfacet
  facet normal 0.641719 -0.297153 0.707034
    outer loop
      vertex 14.6915 14.9627 47.4
      vertex 14.1405 15.2004 48
      vertex 13.7983 14.4614 48
    endloop
  endfacet
  facet normal 0.907388 -0.420294 0
    outer loop
      vertex 14.6915 14.9627 47.4
      vertex 14.4738 14.4927 36.9947
      vertex 14.6915 14.9627 37.0052
    endloop
  endfacet
  facet normal 0.907349 -0.420379 4.63723e-06
    outer loop
      vertex 14.6915 14.9627 47.4
      vertex 14.3709 14.2706 37.0026
      vertex 14.4738 14.4927 36.9947
    endloop
  endfacet
  facet normal 0.907405 -0.420257 -5.21952e-06
    outer loop
      vertex 14.3359 14.1949 47.4
      vertex 14.3709 14.2706 37.0026
      vertex 14.6915 14.9627 47.4
    endloop
  endfacet
  facet normal 0.907678 -0.419666 0
    outer loop
      vertex 14.3709 14.2706 37.0026
      vertex 14.3359 14.1949 47.4
      vertex 14.3359 14.1949 37.0053
    endloop
  endfacet
  facet normal 0.907389 -0.420291 0
    outer loop
      vertex 14.577 14.7155 11.0003
      vertex 14.6915 14.9627 0.599991
      vertex 14.6915 14.9627 10.9948
    endloop
  endfacet
  facet normal 0.907386 -0.420297 -1.72391e-07
    outer loop
      vertex 14.4738 14.4927 11.0053
      vertex 14.6915 14.9627 0.599991
      vertex 14.577 14.7155 11.0003
    endloop
  endfacet
  facet normal 0.907432 -0.420198 5.28025e-06
    outer loop
      vertex 14.3359 14.1949 10.9947
      vertex 14.6915 14.9627 0.599991
      vertex 14.4738 14.4927 11.0053
    endloop
  endfacet
  facet normal 0.907405 -0.420257 0
    outer loop
      vertex 14.6915 14.9627 0.599991
      vertex 14.3359 14.1949 10.9947
      vertex 14.3359 14.1949 0.599991
    endloop
  endfacet
  facet normal 0.907389 -0.420291 0
    outer loop
      vertex 14.577 14.7155 27.0003
      vertex 14.6915 14.9627 21.0052
      vertex 14.6915 14.9627 26.9948
    endloop
  endfacet
  facet normal 0.907386 -0.420297 0
    outer loop
      vertex 14.4738 14.4927 20.9947
      vertex 14.577 14.7155 27.0003
      vertex 14.4738 14.4927 27.0053
    endloop
  endfacet
  facet normal 0.907388 -0.420294 -1.41564e-07
    outer loop
      vertex 14.577 14.7155 27.0003
      vertex 14.4738 14.4927 20.9947
      vertex 14.6915 14.9627 21.0052
    endloop
  endfacet
  facet normal 0.907349 -0.420379 0
    outer loop
      vertex 14.4738 14.4927 27.0053
      vertex 14.3709 14.2706 21.0026
      vertex 14.4738 14.4927 20.9947
    endloop
  endfacet
  facet normal 0.907433 -0.420198 -8.14796e-06
    outer loop
      vertex 14.3359 14.1949 26.9947
      vertex 14.3709 14.2706 21.0026
      vertex 14.4738 14.4927 27.0053
    endloop
  endfacet
  facet normal 0.907678 -0.419666 0
    outer loop
      vertex 14.3709 14.2706 21.0026
      vertex 14.3359 14.1949 26.9947
      vertex 14.3359 14.1949 21.0053
    endloop
  endfacet
  facet normal 0.641745 -0.297165 -0.707005
    outer loop
      vertex 14.1405 15.2004 0
      vertex 14.3359 14.1949 0.599991
      vertex 13.7983 14.4614 0
    endloop
  endfacet
  facet normal 0.641694 -0.297195 -0.707039
    outer loop
      vertex 14.6915 14.9627 0.599991
      vertex 14.3359 14.1949 0.599991
      vertex 14.1405 15.2004 0
    endloop
  endfacet
  facet normal -0.656585 0.26287 -0.706962
    outer loop
      vertex 11.7234 16.9627 0.599991
      vertex 12.0286 16.1114 0
      vertex 11.4777 16.349 0.599991
    endloop
  endfacet
  facet normal -0.65656 0.26289 -0.706978
    outer loop
      vertex 12.2861 16.7545 0
      vertex 12.0286 16.1114 0
      vertex 11.7234 16.9627 0.599991
    endloop
  endfacet
  facet normal -0.928362 0.371678 0
    outer loop
      vertex 11.4777 16.349 0.599991
      vertex 11.7234 16.9627 47.4
      vertex 11.7234 16.9627 0.599991
    endloop
  endfacet
  facet normal -0.928362 0.371678 0
    outer loop
      vertex 11.7234 16.9627 47.4
      vertex 11.4777 16.349 0.599991
      vertex 11.4777 16.349 47.4
    endloop
  endfacet
  facet normal -0.65658 0.262897 0.706957
    outer loop
      vertex 12.0286 16.1114 48
      vertex 12.2861 16.7545 48
      vertex 11.4777 16.349 47.4
    endloop
  endfacet
  facet normal -0.656575 0.262866 0.706973
    outer loop
      vertex 12.2861 16.7545 48
      vertex 11.7234 16.9627 47.4
      vertex 11.4777 16.349 47.4
    endloop
  endfacet
  facet normal 0.656544 -0.262785 0.707032
    outer loop
      vertex 14.6915 14.9627 47.4
      vertex 15.0059 15.7482 47.4
      vertex 14.1405 15.2004 48
    endloop
  endfacet
  facet normal 0.656567 -0.262887 0.706972
    outer loop
      vertex 15.0059 15.7482 47.4
      vertex 14.4432 15.9564 48
      vertex 14.1405 15.2004 48
    endloop
  endfacet
  facet normal 0.928384 -0.371622 0
    outer loop
      vertex 15.0059 15.7482 47.4
      vertex 14.8118 15.2633 36.9947
      vertex 15.0059 15.7482 37.0052
    endloop
  endfacet
  facet normal 0.928308 -0.371813 1.03417e-05
    outer loop
      vertex 15.0059 15.7482 47.4
      vertex 14.7208 15.0361 37.0027
      vertex 14.8118 15.2633 36.9947
    endloop
  endfacet
  facet normal 0.928395 -0.371594 -7.02627e-06
    outer loop
      vertex 14.6915 14.9627 47.4
      vertex 14.7208 15.0361 37.0027
      vertex 15.0059 15.7482 47.4
    endloop
  endfacet
  facet normal 0.928738 -0.370736 0
    outer loop
      vertex 14.7208 15.0361 37.0027
      vertex 14.6915 14.9627 47.4
      vertex 14.6915 14.9627 37.0052
    endloop
  endfacet
  facet normal 0.928352 -0.371702 0
    outer loop
      vertex 14.903 15.4912 11.0004
      vertex 15.0059 15.7482 0.599991
      vertex 15.0059 15.7482 10.9948
    endloop
  endfacet
  facet normal 0.92842 -0.371531 -6.45594e-07
    outer loop
      vertex 14.6915 14.9627 0.599991
      vertex 14.903 15.4912 11.0004
      vertex 14.8118 15.2633 11.0053
    endloop
  endfacet
  facet normal 0.928413 -0.37155 0
    outer loop
      vertex 14.6915 14.9627 0.599991
      vertex 14.8118 15.2633 11.0053
      vertex 14.6915 14.9627 10.9948
    endloop
  endfacet
  facet normal 0.928395 -0.371594 3.08536e-06
    outer loop
      vertex 14.903 15.4912 11.0004
      vertex 14.6915 14.9627 0.599991
      vertex 15.0059 15.7482 0.599991
    endloop
  endfacet
  facet normal 0.928352 -0.371702 0
    outer loop
      vertex 14.903 15.4912 27.0004
      vertex 15.0059 15.7482 21.0052
      vertex 15.0059 15.7482 26.9948
    endloop
  endfacet
  facet normal 0.92842 -0.371531 0
    outer loop
      vertex 14.8118 15.2633 20.9947
      vertex 14.903 15.4912 27.0004
      vertex 14.8118 15.2633 27.0053
    endloop
  endfacet
  facet normal 0.928384 -0.371622 3.99141e-06
    outer loop
      vertex 14.903 15.4912 27.0004
      vertex 14.8118 15.2633 20.9947
      vertex 15.0059 15.7482 21.0052
    endloop
  endfacet
  facet normal 0.928308 -0.371813 0
    outer loop
      vertex 14.8118 15.2633 27.0053
      vertex 14.7208 15.0361 21.0027
      vertex 14.8118 15.2633 20.9947
    endloop
  endfacet
  facet normal 0.928413 -0.37155 -1.15614e-05
    outer loop
      vertex 14.6915 14.9627 26.9948
      vertex 14.7208 15.0361 21.0027
      vertex 14.8118 15.2633 27.0053
    endloop
  endfacet
  facet normal 0.928738 -0.370736 0
    outer loop
      vertex 14.7208 15.0361 21.0027
      vertex 14.6915 14.9627 26.9948
      vertex 14.6915 14.9627 21.0052
    endloop
  endfacet
  facet normal 0.656505 -0.262863 -0.707039
    outer loop
      vertex 14.4432 15.9564 0
      vertex 14.6915 14.9627 0.599991
      vertex 14.1405 15.2004 0
    endloop
  endfacet
  facet normal 0.656593 -0.262804 -0.706979
    outer loop
      vertex 15.0059 15.7482 0.599991
      vertex 14.6915 14.9627 0.599991
      vertex 14.4432 15.9564 0
    endloop
  endfacet
  facet normal -0.66955 0.227784 -0.706978
    outer loop
      vertex 11.9363 17.5885 0.599991
      vertex 12.2861 16.7545 0
      vertex 11.7234 16.9627 0.599991
    endloop
  endfacet
  facet normal -0.669555 0.227779 -0.706974
    outer loop
      vertex 12.5092 17.4103 0
      vertex 12.2861 16.7545 0
      vertex 11.9363 17.5885 0.599991
    endloop
  endfacet
  facet normal -0.946714 0.322076 0
    outer loop
      vertex 11.7234 16.9627 0.599991
      vertex 11.9363 17.5885 47.4
      vertex 11.9363 17.5885 0.599991
    endloop
  endfacet
  facet normal -0.946714 0.322076 0
    outer loop
      vertex 11.9363 17.5885 47.4
      vertex 11.7234 16.9627 0.599991
      vertex 11.7234 16.9627 47.4
    endloop
  endfacet
  facet normal -0.669557 0.22778 0.706972
    outer loop
      vertex 12.2861 16.7545 48
      vertex 12.5092 17.4103 48
      vertex 11.7234 16.9627 47.4
    endloop
  endfacet
  facet normal -0.669558 0.227787 0.706969
    outer loop
      vertex 12.5092 17.4103 48
      vertex 11.9363 17.5885 47.4
      vertex 11.7234 16.9627 47.4
    endloop
  endfacet
  facet normal 0.669565 -0.227757 0.706972
    outer loop
      vertex 15.0059 15.7482 47.4
      vertex 15.2784 16.5493 47.4
      vertex 14.4432 15.9564 48
    endloop
  endfacet
  facet normal 0.669575 -0.227795 0.70695
    outer loop
      vertex 15.2784 16.5493 47.4
      vertex 14.7055 16.7274 48
      vertex 14.4432 15.9564 48
    endloop
  endfacet
  facet normal 0.946748 -0.321974 0
    outer loop
      vertex 15.2784 16.5493 47.4
      vertex 15.1088 16.0506 36.9947
      vertex 15.2784 16.5493 37.0052
    endloop
  endfacet
  facet normal 0.946745 -0.321983 4.86124e-07
    outer loop
      vertex 15.2784 16.5493 47.4
      vertex 15.03 15.8189 37.0028
      vertex 15.1088 16.0506 36.9947
    endloop
  endfacet
  facet normal 0.946727 -0.322036 4.63293e-06
    outer loop
      vertex 15.0059 15.7482 47.4
      vertex 15.03 15.8189 37.0028
      vertex 15.2784 16.5493 47.4
    endloop
  endfacet
  facet normal 0.946519 -0.322647 0
    outer loop
      vertex 15.03 15.8189 37.0028
      vertex 15.0059 15.7482 47.4
      vertex 15.0059 15.7482 37.0052
    endloop
  endfacet
  facet normal 0.94671 -0.322088 0
    outer loop
      vertex 15.1878 16.283 11.0004
      vertex 15.2784 16.5493 0.599991
      vertex 15.2784 16.5493 10.9948
    endloop
  endfacet
  facet normal 0.946793 -0.321844 -9.5318e-06
    outer loop
      vertex 15.0059 15.7482 0.599991
      vertex 15.1878 16.283 11.0004
      vertex 15.1088 16.0506 11.0053
    endloop
  endfacet
  facet normal 0.946693 -0.322138 0
    outer loop
      vertex 15.0059 15.7482 0.599991
      vertex 15.1088 16.0506 11.0053
      vertex 15.0059 15.7482 10.9948
    endloop
  endfacet
  facet normal 0.946727 -0.322036 1.46695e-06
    outer loop
      vertex 15.1878 16.283 11.0004
      vertex 15.0059 15.7482 0.599991
      vertex 15.2784 16.5493 0.599991
    endloop
  endfacet
  facet normal 0.94671 -0.322088 0
    outer loop
      vertex 15.1878 16.283 27.0004
      vertex 15.2784 16.5493 21.0052
      vertex 15.2784 16.5493 26.9948
    endloop
  endfacet
  facet normal 0.946793 -0.321844 0
    outer loop
      vertex 15.1088 16.0506 20.9947
      vertex 15.1878 16.283 27.0004
      vertex 15.1088 16.0506 27.0053
    endloop
  endfacet
  facet normal 0.946748 -0.321974 5.61228e-06
    outer loop
      vertex 15.1878 16.283 27.0004
      vertex 15.1088 16.0506 20.9947
      vertex 15.2784 16.5493 21.0052
    endloop
  endfacet
  facet normal 0.946745 -0.321983 0
    outer loop
      vertex 15.1088 16.0506 27.0053
      vertex 15.03 15.8189 21.0028
      vertex 15.1088 16.0506 20.9947
    endloop
  endfacet
  facet normal 0.946692 -0.322139 6.69001e-06
    outer loop
      vertex 15.0059 15.7482 26.9948
      vertex 15.03 15.8189 21.0028
      vertex 15.1088 16.0506 27.0053
    endloop
  endfacet
  facet normal 0.946519 -0.322647 0
    outer loop
      vertex 15.03 15.8189 21.0028
      vertex 15.0059 15.7482 26.9948
      vertex 15.0059 15.7482 21.0052
    endloop
  endfacet
  facet normal 0.669549 -0.227786 -0.706978
    outer loop
      vertex 14.7055 16.7274 0
      vertex 15.0059 15.7482 0.599991
      vertex 14.4432 15.9564 0
    endloop
  endfacet
  facet normal 0.66958 -0.227763 -0.706956
    outer loop
      vertex 15.2784 16.5493 0.599991
      vertex 15.0059 15.7482 0.599991
      vertex 14.7055 16.7274 0
    endloop
  endfacet
  facet normal -0.680668 0.192046 -0.706972
    outer loop
      vertex 12.1158 18.2247 0.599991
      vertex 12.5092 17.4103 0
      vertex 11.9363 17.5885 0.599991
    endloop
  endfacet
  facet normal -0.680694 0.19202 -0.706954
    outer loop
      vertex 12.6973 18.0771 0
      vertex 12.5092 17.4103 0
      vertex 12.1158 18.2247 0.599991
    endloop
  endfacet
  facet normal -0.962426 0.271543 0
    outer loop
      vertex 11.9363 17.5885 0.599991
      vertex 12.1158 18.2247 47.4
      vertex 12.1158 18.2247 0.599991
    endloop
  endfacet
  facet normal -0.962426 0.271543 0
    outer loop
      vertex 12.1158 18.2247 47.4
      vertex 11.9363 17.5885 0.599991
      vertex 11.9363 17.5885 47.4
    endloop
  endfacet
  facet normal -0.680682 0.192016 0.706967
    outer loop
      vertex 12.5092 17.4103 48
      vertex 12.6973 18.0771 48
      vertex 11.9363 17.5885 47.4
    endloop
  endfacet
  facet normal -0.680691 0.192053 0.706948
    outer loop
      vertex 12.6973 18.0771 48
      vertex 12.1158 18.2247 47.4
      vertex 11.9363 17.5885 47.4
    endloop
  endfacet
  facet normal 0.680677 -0.192091 0.706952
    outer loop
      vertex 15.2784 16.5493 47.4
      vertex 15.5082 17.3636 47.4
      vertex 14.7055 16.7274 48
    endloop
  endfacet
  facet normal 0.680679 -0.192098 0.706947
    outer loop
      vertex 15.5082 17.3636 47.4
      vertex 14.9267 17.5112 48
      vertex 14.7055 16.7274 48
    endloop
  endfacet
  facet normal 0.962442 -0.271487 0
    outer loop
      vertex 15.5082 17.3636 47.4
      vertex 15.364 16.8524 36.9948
      vertex 15.5082 17.3636 37.0052
    endloop
  endfacet
  facet normal 0.962398 -0.271644 8.34003e-06
    outer loop
      vertex 15.5082 17.3636 47.4
      vertex 15.2975 16.6168 37.0029
      vertex 15.364 16.8524 36.9948
    endloop
  endfacet
  facet normal 0.962411 -0.271598 4.73228e-06
    outer loop
      vertex 15.2784 16.5493 47.4
      vertex 15.2975 16.6168 37.0029
      vertex 15.5082 17.3636 47.4
    endloop
  endfacet
  facet normal 0.96222 -0.272273 0
    outer loop
      vertex 15.2975 16.6168 37.0029
      vertex 15.2784 16.5493 47.4
      vertex 15.2784 16.5493 37.0052
    endloop
  endfacet
  facet normal 0.962391 -0.271668 0
    outer loop
      vertex 15.4306 17.0887 11.0004
      vertex 15.5082 17.3636 0.599991
      vertex 15.5082 17.3636 10.9948
    endloop
  endfacet
  facet normal 0.962501 -0.271277 -1.59699e-05
    outer loop
      vertex 15.2784 16.5493 0.599991
      vertex 15.4306 17.0887 11.0004
      vertex 15.364 16.8524 11.0052
    endloop
  endfacet
  facet normal 0.962358 -0.271784 0
    outer loop
      vertex 15.2784 16.5493 0.599991
      vertex 15.364 16.8524 11.0052
      vertex 15.2784 16.5493 10.9948
    endloop
  endfacet
  facet normal 0.962411 -0.271598 2.00686e-06
    outer loop
      vertex 15.4306 17.0887 11.0004
      vertex 15.2784 16.5493 0.599991
      vertex 15.5082 17.3636 0.599991
    endloop
  endfacet
  facet normal 0.962391 -0.271668 0
    outer loop
      vertex 15.4306 17.0887 27.0004
      vertex 15.5082 17.3636 21.0052
      vertex 15.5082 17.3636 26.9948
    endloop
  endfacet
  facet normal 0.962502 -0.271276 0
    outer loop
      vertex 15.364 16.8524 20.9948
      vertex 15.4306 17.0887 27.0004
      vertex 15.364 16.8524 27.0052
    endloop
  endfacet
  facet normal 0.962442 -0.271487 8.95425e-06
    outer loop
      vertex 15.4306 17.0887 27.0004
      vertex 15.364 16.8524 20.9948
      vertex 15.5082 17.3636 21.0052
    endloop
  endfacet
  facet normal 0.962398 -0.271645 0
    outer loop
      vertex 15.364 16.8524 27.0052
      vertex 15.2975 16.6168 21.0029
      vertex 15.364 16.8524 20.9948
    endloop
  endfacet
  facet normal 0.962358 -0.271785 5.93778e-06
    outer loop
      vertex 15.2784 16.5493 26.9948
      vertex 15.2975 16.6168 21.0029
      vertex 15.364 16.8524 27.0052
    endloop
  endfacet
  facet normal 0.96222 -0.272273 0
    outer loop
      vertex 15.2975 16.6168 21.0029
      vertex 15.2784 16.5493 26.9948
      vertex 15.2784 16.5493 21.0052
    endloop
  endfacet
  facet normal 0.68067 -0.192095 -0.706957
    outer loop
      vertex 14.9267 17.5112 0
      vertex 15.2784 16.5493 0.599991
      vertex 14.7055 16.7274 0
    endloop
  endfacet
  facet normal 0.680675 -0.19209 -0.706953
    outer loop
      vertex 15.5082 17.3636 0.599991
      vertex 15.2784 16.5493 0.599991
      vertex 14.9267 17.5112 0
    endloop
  endfacet
  facet normal -0.689891 0.155782 -0.706953
    outer loop
      vertex 12.2614 18.8695 0.599991
      vertex 12.6973 18.0771 0
      vertex 12.1158 18.2247 0.599991
    endloop
  endfacet
  facet normal -0.689797 0.155886 -0.707021
    outer loop
      vertex 12.85 18.7528 0
      vertex 12.6973 18.0771 0
      vertex 12.2614 18.8695 0.599991
    endloop
  endfacet
  facet normal -0.975441 0.220261 0
    outer loop
      vertex 12.1158 18.2247 0.599991
      vertex 12.2614 18.8695 47.4
      vertex 12.2614 18.8695 0.599991
    endloop
  endfacet
  facet normal -0.975441 0.220261 0
    outer loop
      vertex 12.2614 18.8695 47.4
      vertex 12.1158 18.2247 0.599991
      vertex 12.1158 18.2247 47.4
    endloop
  endfacet
  facet normal -0.689868 0.155902 0.706949
    outer loop
      vertex 12.6973 18.0771 48
      vertex 12.85 18.7528 48
      vertex 12.1158 18.2247 47.4
    endloop
  endfacet
  facet normal -0.689828 0.155768 0.707018
    outer loop
      vertex 12.85 18.7528 48
      vertex 12.2614 18.8695 47.4
      vertex 12.1158 18.2247 47.4
    endloop
  endfacet
  facet normal 0.689889 -0.155816 0.706948
    outer loop
      vertex 15.5082 17.3636 47.4
      vertex 15.6946 18.1889 47.4
      vertex 14.9267 17.5112 48
    endloop
  endfacet
  facet normal 0.68988 -0.155796 0.70696
    outer loop
      vertex 15.6946 18.1889 47.4
      vertex 15.1061 18.3056 48
      vertex 14.9267 17.5112 48
    endloop
  endfacet
  facet normal 0.975425 -0.22033 0
    outer loop
      vertex 15.6946 18.1889 47.4
      vertex 15.5766 17.6665 36.9948
      vertex 15.6946 18.1889 37.0051
    endloop
  endfacet
  facet normal 0.975441 -0.220261 -3.62261e-06
    outer loop
      vertex 15.6946 18.1889 47.4
      vertex 15.5227 17.4278 37.003
      vertex 15.5766 17.6665 36.9948
    endloop
  endfacet
  facet normal 0.97543 -0.220308 -3.41034e-09
    outer loop
      vertex 15.5082 17.3636 47.4
      vertex 15.5227 17.4278 37.003
      vertex 15.6946 18.1889 47.4
    endloop
  endfacet
  facet normal 0.97543 -0.220308 0
    outer loop
      vertex 15.5227 17.4278 37.003
      vertex 15.5082 17.3636 47.4
      vertex 15.5082 17.3636 37.0052
    endloop
  endfacet
  facet normal 0.975427 -0.220324 0
    outer loop
      vertex 15.6307 17.906 11.0005
      vertex 15.6946 18.1889 0.599991
      vertex 15.6946 18.1889 10.9949
    endloop
  endfacet
  facet normal 0.975424 -0.220336 1.99116e-06
    outer loop
      vertex 15.5082 17.3636 0.599991
      vertex 15.6307 17.906 11.0005
      vertex 15.5766 17.6665 11.0052
    endloop
  endfacet
  facet normal 0.975439 -0.220271 0
    outer loop
      vertex 15.5082 17.3636 0.599991
      vertex 15.5766 17.6665 11.0052
      vertex 15.5082 17.3636 10.9948
    endloop
  endfacet
  facet normal 0.97543 -0.220308 4.67059e-07
    outer loop
      vertex 15.6307 17.906 11.0005
      vertex 15.5082 17.3636 0.599991
      vertex 15.6946 18.1889 0.599991
    endloop
  endfacet
  facet normal 0.975427 -0.220324 0
    outer loop
      vertex 15.6307 17.906 27.0005
      vertex 15.6946 18.1889 21.0051
      vertex 15.6946 18.1889 26.9949
    endloop
  endfacet
  facet normal 0.975424 -0.220336 0
    outer loop
      vertex 15.5766 17.6665 20.9948
      vertex 15.6307 17.906 27.0005
      vertex 15.5766 17.6665 27.0052
    endloop
  endfacet
  facet normal 0.975425 -0.22033 -2.61365e-07
    outer loop
      vertex 15.6307 17.906 27.0005
      vertex 15.5766 17.6665 20.9948
      vertex 15.6946 18.1889 21.0051
    endloop
  endfacet
  facet normal 0.975441 -0.220261 0
    outer loop
      vertex 15.5766 17.6665 27.0052
      vertex 15.5227 17.4278 21.003
      vertex 15.5766 17.6665 20.9948
    endloop
  endfacet
  facet normal 0.975439 -0.220271 4.13689e-07
    outer loop
      vertex 15.5082 17.3636 26.9948
      vertex 15.5227 17.4278 21.003
      vertex 15.5766 17.6665 27.0052
    endloop
  endfacet
  facet normal 0.97543 -0.220308 0
    outer loop
      vertex 15.5227 17.4278 21.003
      vertex 15.5082 17.3636 26.9948
      vertex 15.5082 17.3636 21.0052
    endloop
  endfacet
  facet normal 0.689887 -0.155798 -0.706953
    outer loop
      vertex 15.1061 18.3056 0
      vertex 15.5082 17.3636 0.599991
      vertex 14.9267 17.5112 0
    endloop
  endfacet
  facet normal 0.689872 -0.155812 -0.706965
    outer loop
      vertex 15.6946 18.1889 0.599991
      vertex 15.5082 17.3636 0.599991
      vertex 15.1061 18.3056 0
    endloop
  endfacet
  facet normal -0.697077 0.119175 -0.707023
    outer loop
      vertex 12.3728 19.5211 0.599991
      vertex 12.85 18.7528 0
      vertex 12.2614 18.8695 0.599991
    endloop
  endfacet
  facet normal -0.697114 0.119129 -0.706994
    outer loop
      vertex 12.9667 19.4357 0
      vertex 12.85 18.7528 0
      vertex 12.3728 19.5211 0.599991
    endloop
  endfacet
  facet normal -0.985698 0.168519 0
    outer loop
      vertex 12.2614 18.8695 0.599991
      vertex 12.3728 19.5211 47.4
      vertex 12.3728 19.5211 0.599991
    endloop
  endfacet
  facet normal -0.985698 0.168519 0
    outer loop
      vertex 12.3728 19.5211 47.4
      vertex 12.2614 18.8695 0.599991
      vertex 12.2614 18.8695 47.4
    endloop
  endfacet
  facet normal -0.697092 0.119125 0.707017
    outer loop
      vertex 12.85 18.7528 48
      vertex 12.9667 19.4357 48
      vertex 12.2614 18.8695 47.4
    endloop
  endfacet
  facet normal -0.697112 0.119181 0.706988
    outer loop
      vertex 12.9667 19.4357 48
      vertex 12.3728 19.5211 47.4
      vertex 12.2614 18.8695 47.4
    endloop
  endfacet
  facet normal 0.697155 -0.119104 0.706958
    outer loop
      vertex 15.6946 18.1889 47.4
      vertex 15.8371 19.023 47.4
      vertex 15.1061 18.3056 48
    endloop
  endfacet
  facet normal 0.697131 -0.119054 0.706989
    outer loop
      vertex 15.8371 19.023 47.4
      vertex 15.2432 19.1084 48
      vertex 15.1061 18.3056 48
    endloop
  endfacet
  facet normal 0.98573 -0.168332 0
    outer loop
      vertex 15.8371 19.023 47.4
      vertex 15.7462 18.4907 36.9948
      vertex 15.8371 19.023 37.0051
    endloop
  endfacet
  facet normal 0.985718 -0.168403 3.7548e-06
    outer loop
      vertex 15.6946 18.1889 47.4
      vertex 15.7462 18.4907 36.9948
      vertex 15.8371 19.023 47.4
    endloop
  endfacet
  facet normal 0.985723 -0.168374 4.62347e-06
    outer loop
      vertex 15.7462 18.4907 36.9948
      vertex 15.6946 18.1889 47.4
      vertex 15.705 18.2495 37.0031
    endloop
  endfacet
  facet normal 0.985591 -0.169144 0
    outer loop
      vertex 15.705 18.2495 37.0031
      vertex 15.6946 18.1889 47.4
      vertex 15.6946 18.1889 37.0051
    endloop
  endfacet
  facet normal 0.985716 -0.168417 0
    outer loop
      vertex 15.7875 18.7327 11.0005
      vertex 15.8371 19.023 0.599991
      vertex 15.8371 19.023 10.9949
    endloop
  endfacet
  facet normal 0.985748 -0.168229 -8.94399e-06
    outer loop
      vertex 15.6946 18.1889 0.599991
      vertex 15.7875 18.7327 11.0005
      vertex 15.7462 18.4907 11.0052
    endloop
  endfacet
  facet normal 0.985697 -0.168529 0
    outer loop
      vertex 15.6946 18.1889 0.599991
      vertex 15.7462 18.4907 11.0052
      vertex 15.6946 18.1889 10.9949
    endloop
  endfacet
  facet normal 0.985718 -0.168403 4.10192e-07
    outer loop
      vertex 15.7875 18.7327 11.0005
      vertex 15.6946 18.1889 0.599991
      vertex 15.8371 19.023 0.599991
    endloop
  endfacet
  facet normal 0.985716 -0.168417 0
    outer loop
      vertex 15.7875 18.7327 27.0005
      vertex 15.8371 19.023 21.0051
      vertex 15.8371 19.023 26.9949
    endloop
  endfacet
  facet normal 0.985748 -0.168229 0
    outer loop
      vertex 15.7462 18.4907 20.9948
      vertex 15.7875 18.7327 27.0005
      vertex 15.7462 18.4907 27.0052
    endloop
  endfacet
  facet normal 0.98573 -0.168332 4.26158e-06
    outer loop
      vertex 15.7875 18.7327 27.0005
      vertex 15.7462 18.4907 20.9948
      vertex 15.8371 19.023 21.0051
    endloop
  endfacet
  facet normal 0.985723 -0.168374 0
    outer loop
      vertex 15.7462 18.4907 27.0052
      vertex 15.705 18.2495 21.0031
      vertex 15.7462 18.4907 20.9948
    endloop
  endfacet
  facet normal 0.985697 -0.168529 6.40803e-06
    outer loop
      vertex 15.6946 18.1889 26.9949
      vertex 15.705 18.2495 21.0031
      vertex 15.7462 18.4907 27.0052
    endloop
  endfacet
  facet normal 0.985591 -0.169144 0
    outer loop
      vertex 15.705 18.2495 21.0031
      vertex 15.6946 18.1889 26.9949
      vertex 15.6946 18.1889 21.0051
    endloop
  endfacet
  facet normal 0.697158 -0.119059 -0.706963
    outer loop
      vertex 15.2432 19.1084 0
      vertex 15.6946 18.1889 0.599991
      vertex 15.1061 18.3056 0
    endloop
  endfacet
  facet normal 0.697119 -0.119098 -0.706994
    outer loop
      vertex 15.8371 19.023 0.599991
      vertex 15.6946 18.1889 0.599991
      vertex 15.2432 19.1084 0
    endloop
  endfacet
  facet normal -0.702443 0.0820676 -0.706993
    outer loop
      vertex 12.4495 20.1776 0.599991
      vertex 12.9667 19.4357 0
      vertex 12.3728 19.5211 0.599991
    endloop
  endfacet
  facet normal -0.702437 0.0820752 -0.706998
    outer loop
      vertex 13.0471 20.1238 0
      vertex 12.9667 19.4357 0
      vertex 12.4495 20.1776 0.599991
    endloop
  endfacet
  facet normal -0.993244 0.116042 0
    outer loop
      vertex 12.3728 19.5211 0.599991
      vertex 12.4495 20.1776 47.4
      vertex 12.4495 20.1776 0.599991
    endloop
  endfacet
  facet normal -0.993244 0.116042 0
    outer loop
      vertex 12.4495 20.1776 47.4
      vertex 12.3728 19.5211 0.599991
      vertex 12.3728 19.5211 47.4
    endloop
  endfacet
  facet normal -0.702447 0.0820764 0.706988
    outer loop
      vertex 12.9667 19.4357 48
      vertex 13.0471 20.1238 48
      vertex 12.3728 19.5211 47.4
    endloop
  endfacet
  facet normal -0.702443 0.0820676 0.706992
    outer loop
      vertex 13.0471 20.1238 48
      vertex 12.4495 20.1776 47.4
      vertex 12.3728 19.5211 47.4
    endloop
  endfacet
  facet normal 0.702436 -0.0821626 0.706989
    outer loop
      vertex 15.8371 19.023 47.4
      vertex 15.9354 19.8634 47.4
      vertex 15.2432 19.1084 48
    endloop
  endfacet
  facet normal 0.702434 -0.0821591 0.706991
    outer loop
      vertex 15.9354 19.8634 47.4
      vertex 15.3378 19.9172 48
      vertex 15.2432 19.1084 48
    endloop
  endfacet
  facet normal 0.993241 -0.116074 0
    outer loop
      vertex 15.9354 19.8634 47.4
      vertex 15.8722 19.3226 36.9949
      vertex 15.9354 19.8634 37.0051
    endloop
  endfacet
  facet normal 0.993229 -0.116176 5.37934e-06
    outer loop
      vertex 15.8371 19.023 47.4
      vertex 15.8722 19.3226 36.9949
      vertex 15.9354 19.8634 47.4
    endloop
  endfacet
  facet normal 0.99324 -0.116082 8.1238e-06
    outer loop
      vertex 15.8722 19.3226 36.9949
      vertex 15.8371 19.023 47.4
      vertex 15.8438 19.0796 37.0032
    endloop
  endfacet
  facet normal 0.993067 -0.117554 0
    outer loop
      vertex 15.8438 19.0796 37.0032
      vertex 15.8371 19.023 47.4
      vertex 15.8371 19.023 37.0051
    endloop
  endfacet
  facet normal 0.993239 -0.116084 0
    outer loop
      vertex 15.9007 19.5665 11.0005
      vertex 15.9354 19.8634 0.599991
      vertex 15.9354 19.8634 10.9949
    endloop
  endfacet
  facet normal 0.993242 -0.116062 -8.71909e-06
    outer loop
      vertex 15.8371 19.023 0.599991
      vertex 15.9007 19.5665 11.0005
      vertex 15.8722 19.3226 11.0051
    endloop
  endfacet
  facet normal 0.993207 -0.11636 0
    outer loop
      vertex 15.8371 19.023 0.599991
      vertex 15.8722 19.3226 11.0051
      vertex 15.8371 19.023 10.9949
    endloop
  endfacet
  facet normal 0.993229 -0.116176 -2.6579e-06
    outer loop
      vertex 15.9007 19.5665 11.0005
      vertex 15.8371 19.023 0.599991
      vertex 15.9354 19.8634 0.599991
    endloop
  endfacet
  facet normal 0.993239 -0.116084 0
    outer loop
      vertex 15.9007 19.5665 27.0005
      vertex 15.9354 19.8634 21.0051
      vertex 15.9354 19.8634 26.9949
    endloop
  endfacet
  facet normal 0.993242 -0.116061 0
    outer loop
      vertex 15.8722 19.3226 20.9949
      vertex 15.9007 19.5665 27.0005
      vertex 15.8722 19.3226 27.0051
    endloop
  endfacet
  facet normal 0.993241 -0.116074 5.14166e-07
    outer loop
      vertex 15.9007 19.5665 27.0005
      vertex 15.8722 19.3226 20.9949
      vertex 15.9354 19.8634 21.0051
    endloop
  endfacet
  facet normal 0.99324 -0.116082 0
    outer loop
      vertex 15.8722 19.3226 27.0051
      vertex 15.8438 19.0796 21.0032
      vertex 15.8722 19.3226 20.9949
    endloop
  endfacet
  facet normal 0.993207 -0.116361 1.14272e-05
    outer loop
      vertex 15.8371 19.023 26.9949
      vertex 15.8438 19.0796 21.0032
      vertex 15.8722 19.3226 27.0051
    endloop
  endfacet
  facet normal 0.993067 -0.117554 0
    outer loop
      vertex 15.8438 19.0796 21.0032
      vertex 15.8371 19.023 26.9949
      vertex 15.8371 19.023 21.0051
    endloop
  endfacet
  facet normal 0.702431 -0.0821587 -0.706994
    outer loop
      vertex 15.3378 19.9172 0
      vertex 15.8371 19.023 0.599991
      vertex 15.2432 19.1084 0
    endloop
  endfacet
  facet normal 0.702428 -0.0821617 -0.706996
    outer loop
      vertex 15.9354 19.8634 0.599991
      vertex 15.8371 19.023 0.599991
      vertex 15.3378 19.9172 0
    endloop
  endfacet
  facet normal -0.705792 0.0448275 -0.706999
    outer loop
      vertex 12.4914 20.8373 0.599991
      vertex 13.0471 20.1238 0
      vertex 12.4495 20.1776 0.599991
    endloop
  endfacet
  facet normal -0.705797 0.0448206 -0.706995
    outer loop
      vertex 13.091 20.8151 0
      vertex 13.0471 20.1238 0
      vertex 12.4914 20.8373 0.599991
    endloop
  endfacet
  facet normal -0.997989 0.063386 0
    outer loop
      vertex 12.4495 20.1776 0.599991
      vertex 12.4914 20.8373 47.4
      vertex 12.4914 20.8373 0.599991
    endloop
  endfacet
  facet normal -0.997989 0.063386 0
    outer loop
      vertex 12.4914 20.8373 47.4
      vertex 12.4495 20.1776 0.599991
      vertex 12.4495 20.1776 47.4
    endloop
  endfacet
  facet normal -0.705798 0.0448207 0.706994
    outer loop
      vertex 13.0471 20.1238 48
      vertex 13.091 20.8151 48
      vertex 12.4495 20.1776 47.4
    endloop
  endfacet
  facet normal -0.705802 0.0448281 0.70699
    outer loop
      vertex 13.091 20.8151 48
      vertex 12.4914 20.8373 47.4
      vertex 12.4495 20.1776 47.4
    endloop
  endfacet
  facet normal 0.705799 -0.0448021 0.706994
    outer loop
      vertex 15.9354 19.8634 47.4
      vertex 15.989 20.7078 47.4
      vertex 15.3378 19.9172 48
    endloop
  endfacet
  facet normal 0.705803 -0.0448074 0.70699
    outer loop
      vertex 15.989 20.7078 47.4
      vertex 15.3894 20.73 48
      vertex 15.3378 19.9172 48
    endloop
  endfacet
  facet normal 0.997988 -0.063399 0
    outer loop
      vertex 15.989 20.7078 47.4
      vertex 15.9542 20.16 36.9949
      vertex 15.989 20.7078 37.005
    endloop
  endfacet
  facet normal 0.997991 -0.0633495 -2.61707e-06
    outer loop
      vertex 15.9354 19.8634 47.4
      vertex 15.9542 20.16 36.9949
      vertex 15.989 20.7078 47.4
    endloop
  endfacet
  facet normal 0.99799 -0.063371 -3.23303e-06
    outer loop
      vertex 15.9542 20.16 36.9949
      vertex 15.9354 19.8634 47.4
      vertex 15.9387 19.9159 37.0033
    endloop
  endfacet
  facet normal 0.99803 -0.0627333 0
    outer loop
      vertex 15.9387 19.9159 37.0033
      vertex 15.9354 19.8634 47.4
      vertex 15.9354 19.8634 37.0051
    endloop
  endfacet
  facet normal 0.997994 -0.0633019 0
    outer loop
      vertex 15.9698 20.4051 11.0006
      vertex 15.989 20.7078 0.599991
      vertex 15.989 20.7078 10.995
    endloop
  endfacet
  facet normal 0.997981 -0.0635188 7.46248e-06
    outer loop
      vertex 15.9354 19.8634 0.599991
      vertex 15.9698 20.4051 11.0006
      vertex 15.9542 20.16 11.0051
    endloop
  endfacet
  facet normal 0.997997 -0.0632581 0
    outer loop
      vertex 15.9354 19.8634 0.599991
      vertex 15.9542 20.16 11.0051
      vertex 15.9354 19.8634 10.9949
    endloop
  endfacet
  facet normal 0.997991 -0.0633495 -1.39092e-06
    outer loop
      vertex 15.9698 20.4051 11.0006
      vertex 15.9354 19.8634 0.599991
      vertex 15.989 20.7078 0.599991
    endloop
  endfacet
  facet normal 0.997994 -0.0633019 0
    outer loop
      vertex 15.9698 20.4051 27.0006
      vertex 15.989 20.7078 21.005
      vertex 15.989 20.7078 26.995
    endloop
  endfacet
  facet normal 0.997981 -0.063519 0
    outer loop
      vertex 15.9542 20.16 20.9949
      vertex 15.9698 20.4051 27.0006
      vertex 15.9542 20.16 27.0051
    endloop
  endfacet
  facet normal 0.997988 -0.0633989 -4.91792e-06
    outer loop
      vertex 15.9698 20.4051 27.0006
      vertex 15.9542 20.16 20.9949
      vertex 15.989 20.7078 21.005
    endloop
  endfacet
  facet normal 0.99799 -0.0633709 0
    outer loop
      vertex 15.9542 20.16 27.0051
      vertex 15.9387 19.9159 21.0033
      vertex 15.9542 20.16 20.9949
    endloop
  endfacet
  facet normal 0.997997 -0.0632579 -4.61484e-06
    outer loop
      vertex 15.9354 19.8634 26.9949
      vertex 15.9387 19.9159 21.0033
      vertex 15.9542 20.16 27.0051
    endloop
  endfacet
  facet normal 0.99803 -0.0627333 0
    outer loop
      vertex 15.9387 19.9159 21.0033
      vertex 15.9354 19.8634 26.9949
      vertex 15.9354 19.8634 21.0051
    endloop
  endfacet
  facet normal 0.705794 -0.0448068 -0.706999
    outer loop
      vertex 15.3894 20.73 0
      vertex 15.9354 19.8634 0.599991
      vertex 15.3378 19.9172 0
    endloop
  endfacet
  facet normal 0.705798 -0.0448019 -0.706995
    outer loop
      vertex 15.989 20.7078 0.599991
      vertex 15.9354 19.8634 0.599991
      vertex 15.3894 20.73 0
    endloop
  endfacet
  facet normal -0.707179 0.00748903 -0.706995
    outer loop
      vertex 12.4984 21.4983 0.599991
      vertex 13.091 20.8151 0
      vertex 12.4914 20.8373 0.599991
    endloop
  endfacet
  facet normal -0.7072 0.00745281 -0.706975
    outer loop
      vertex 13.0983 21.5078 0
      vertex 13.091 20.8151 0
      vertex 12.4984 21.4983 0.599991
    endloop
  endfacet
  facet normal -0.999944 0.0105894 0
    outer loop
      vertex 12.4914 20.8373 0.599991
      vertex 12.4984 21.4983 47.4
      vertex 12.4984 21.4983 0.599991
    endloop
  endfacet
  facet normal -0.999944 0.0105894 0
    outer loop
      vertex 12.4984 21.4983 47.4
      vertex 12.4914 20.8373 0.599991
      vertex 12.4914 20.8373 47.4
    endloop
  endfacet
  facet normal -0.707185 0.00745265 0.706989
    outer loop
      vertex 13.091 20.8151 48
      vertex 13.0983 21.5078 48
      vertex 12.4914 20.8373 47.4
    endloop
  endfacet
  facet normal -0.707205 0.00748931 0.706969
    outer loop
      vertex 13.0983 21.5078 48
      vertex 12.4984 21.4983 47.4
      vertex 12.4914 20.8373 47.4
    endloop
  endfacet
  facet normal 0.707183 -0.00752234 0.70699
    outer loop
      vertex 15.989 20.7078 47.4
      vertex 15.998 21.5539 47.4
      vertex 15.3894 20.73 48
    endloop
  endfacet
  facet normal 0.707206 -0.0075558 0.706967
    outer loop
      vertex 15.998 21.5539 47.4
      vertex 15.3981 21.5443 48
      vertex 15.3894 20.73 48
    endloop
  endfacet
  facet normal 0.999943 -0.0106627 0
    outer loop
      vertex 15.998 21.5539 47.4
      vertex 15.9921 21.0006 36.9949
      vertex 15.998 21.5539 37.005
    endloop
  endfacet
  facet normal 0.999943 -0.0106364 -1.39592e-06
    outer loop
      vertex 15.989 20.7078 47.4
      vertex 15.9921 21.0006 36.9949
      vertex 15.998 21.5539 47.4
    endloop
  endfacet
  facet normal 0.999944 -0.010629 -1.18769e-06
    outer loop
      vertex 15.9921 21.0006 36.9949
      vertex 15.989 20.7078 47.4
      vertex 15.9895 20.756 37.0034
    endloop
  endfacet
  facet normal 0.999946 -0.0103729 0
    outer loop
      vertex 15.9895 20.756 37.0034
      vertex 15.989 20.7078 47.4
      vertex 15.989 20.7078 37.005
    endloop
  endfacet
  facet normal 0.999942 -0.0107241 0
    outer loop
      vertex 15.9947 21.2462 11.0006
      vertex 15.998 21.5539 0.599991
      vertex 15.998 21.5539 10.995
    endloop
  endfacet
  facet normal 0.999944 -0.0105857 -3.12872e-08
    outer loop
      vertex 15.989 20.7078 0.599991
      vertex 15.9947 21.2462 11.0006
      vertex 15.9921 21.0006 11.0051
    endloop
  endfacet
  facet normal 0.999944 -0.0105868 0
    outer loop
      vertex 15.989 20.7078 0.599991
      vertex 15.9921 21.0006 11.0051
      vertex 15.989 20.7078 10.995
    endloop
  endfacet
  facet normal 0.999943 -0.0106364 2.59418e-06
    outer loop
      vertex 15.9947 21.2462 11.0006
      vertex 15.989 20.7078 0.599991
      vertex 15.998 21.5539 0.599991
    endloop
  endfacet
  facet normal 0.999942 -0.0107241 0
    outer loop
      vertex 15.9947 21.2462 27.0006
      vertex 15.998 21.5539 21.005
      vertex 15.998 21.5539 26.995
    endloop
  endfacet
  facet normal 0.999944 -0.0105857 0
    outer loop
      vertex 15.9921 21.0006 20.9949
      vertex 15.9947 21.2462 27.0006
      vertex 15.9921 21.0006 27.0051
    endloop
  endfacet
  facet normal 0.999943 -0.0106627 3.14997e-06
    outer loop
      vertex 15.9947 21.2462 27.0006
      vertex 15.9921 21.0006 20.9949
      vertex 15.998 21.5539 21.005
    endloop
  endfacet
  facet normal 0.999944 -0.010629 0
    outer loop
      vertex 15.9921 21.0006 27.0051
      vertex 15.9895 20.756 21.0034
      vertex 15.9921 21.0006 20.9949
    endloop
  endfacet
  facet normal 0.999944 -0.0105868 -1.72087e-06
    outer loop
      vertex 15.989 20.7078 26.995
      vertex 15.9895 20.756 21.0034
      vertex 15.9921 21.0006 27.0051
    endloop
  endfacet
  facet normal 0.999946 -0.0103729 0
    outer loop
      vertex 15.9895 20.756 21.0034
      vertex 15.989 20.7078 26.995
      vertex 15.989 20.7078 21.005
    endloop
  endfacet
  facet normal 0.707177 -0.0075555 -0.706996
    outer loop
      vertex 15.3981 21.5443 0
      vertex 15.989 20.7078 0.599991
      vertex 15.3894 20.73 0
    endloop
  endfacet
  facet normal 0.707201 -0.00752252 -0.706973
    outer loop
      vertex 15.998 21.5539 0.599991
      vertex 15.989 20.7078 0.599991
      vertex 15.3981 21.5443 0
    endloop
  endfacet
  facet normal -0.706609 -0.0298477 -0.706974
    outer loop
      vertex 13.0983 21.5078 0
      vertex 12.4984 21.4983 0.599991
      vertex 12.4705 22.1588 0.599991
    endloop
  endfacet
  facet normal -0.706641 -0.0299113 -0.706939
    outer loop
      vertex 13.069 22.2 0
      vertex 13.0983 21.5078 0
      vertex 12.4705 22.1588 0.599991
    endloop
  endfacet
  facet normal -0.999109 -0.0422031 0
    outer loop
      vertex 12.4984 21.4983 0.599991
      vertex 12.4705 22.1588 47.4
      vertex 12.4705 22.1588 0.599991
    endloop
  endfacet
  facet normal -0.999109 -0.0422031 0
    outer loop
      vertex 12.4705 22.1588 47.4
      vertex 12.4984 21.4983 0.599991
      vertex 12.4984 21.4983 47.4
    endloop
  endfacet
  facet normal -0.706612 -0.0299101 0.706968
    outer loop
      vertex 13.0983 21.5078 48
      vertex 13.069 22.2 48
      vertex 12.4984 21.4983 47.4
    endloop
  endfacet
  facet normal -0.70665 -0.0298494 0.706933
    outer loop
      vertex 12.4984 21.4983 47.4
      vertex 13.069 22.2 48
      vertex 12.4705 22.1588 47.4
    endloop
  endfacet
  facet normal 0.70661 0.0299262 0.706971
    outer loop
      vertex 15.998 21.5539 47.4
      vertex 15.9622 22.3992 47.4
      vertex 15.3981 21.5443 48
    endloop
  endfacet
  facet normal 0.706585 0.0299584 0.706994
    outer loop
      vertex 15.3981 21.5443 48
      vertex 15.9622 22.3992 47.4
      vertex 15.3636 22.358 48
    endloop
  endfacet
  facet normal 0.999104 0.0423167 0
    outer loop
      vertex 15.9622 22.3992 47.4
      vertex 15.9858 21.842 36.995
      vertex 15.9622 22.3992 37.005
    endloop
  endfacet
  facet normal 0.999104 0.0423139 1.49945e-07
    outer loop
      vertex 15.998 21.5539 47.4
      vertex 15.9858 21.842 36.995
      vertex 15.9622 22.3992 47.4
    endloop
  endfacet
  facet normal 0.999112 0.0421237 -5.12639e-06
    outer loop
      vertex 15.9858 21.842 36.995
      vertex 15.998 21.5539 47.4
      vertex 15.9961 21.5977 37.0035
    endloop
  endfacet
  facet normal 0.99906 0.0433382 0
    outer loop
      vertex 15.9961 21.5977 37.0035
      vertex 15.998 21.5539 47.4
      vertex 15.998 21.5539 37.005
    endloop
  endfacet
  facet normal 0.999105 0.0422969 0
    outer loop
      vertex 15.9754 22.0874 11.0006
      vertex 15.9622 22.3992 0.599991
      vertex 15.9622 22.3992 10.995
    endloop
  endfacet
  facet normal 0.999103 0.0423418 -9.22975e-07
    outer loop
      vertex 15.998 21.5539 0.599991
      vertex 15.9754 22.0874 11.0006
      vertex 15.9858 21.842 11.005
    endloop
  endfacet
  facet normal 0.999105 0.0423085 -0
    outer loop
      vertex 15.998 21.5539 0.599991
      vertex 15.9858 21.842 11.005
      vertex 15.998 21.5539 10.995
    endloop
  endfacet
  facet normal 0.999104 0.0423139 5.09119e-07
    outer loop
      vertex 15.9754 22.0874 11.0006
      vertex 15.998 21.5539 0.599991
      vertex 15.9622 22.3992 0.599991
    endloop
  endfacet
  facet normal 0.999105 0.0422969 0
    outer loop
      vertex 15.9754 22.0874 27.0006
      vertex 15.9622 22.3992 21.005
      vertex 15.9622 22.3992 26.995
    endloop
  endfacet
  facet normal 0.999103 0.0423418 -0
    outer loop
      vertex 15.9858 21.842 20.995
      vertex 15.9754 22.0874 27.0006
      vertex 15.9858 21.842 27.005
    endloop
  endfacet
  facet normal 0.999104 0.0423167 1.02783e-06
    outer loop
      vertex 15.9754 22.0874 27.0006
      vertex 15.9858 21.842 20.995
      vertex 15.9622 22.3992 21.005
    endloop
  endfacet
  facet normal 0.999112 0.0421239 0
    outer loop
      vertex 15.9858 21.842 27.005
      vertex 15.9961 21.5977 21.0035
      vertex 15.9858 21.842 20.995
    endloop
  endfacet
  facet normal 0.999105 0.0423088 -7.53991e-06
    outer loop
      vertex 15.998 21.5539 26.995
      vertex 15.9961 21.5977 21.0035
      vertex 15.9858 21.842 27.005
    endloop
  endfacet
  facet normal 0.99906 0.0433382 0
    outer loop
      vertex 15.9961 21.5977 21.0035
      vertex 15.998 21.5539 26.995
      vertex 15.998 21.5539 21.005
    endloop
  endfacet
  facet normal 0.706603 0.0299592 -0.706975
    outer loop
      vertex 15.998 21.5539 0.599991
      vertex 15.3981 21.5443 0
      vertex 15.3636 22.358 0
    endloop
  endfacet
  facet normal 0.706582 0.029925 -0.706998
    outer loop
      vertex 15.9622 22.3992 0.599991
      vertex 15.998 21.5539 0.599991
      vertex 15.3636 22.358 0
    endloop
  endfacet
  facet normal -0.704066 -0.0673036 -0.706938
    outer loop
      vertex 13.069 22.2 0
      vertex 12.4705 22.1588 0.599991
      vertex 12.4076 22.8168 0.599991
    endloop
  endfacet
  facet normal -0.704009 -0.0671749 -0.707007
    outer loop
      vertex 13.0032 22.8896 0
      vertex 13.069 22.2 0
      vertex 12.4076 22.8168 0.599991
    endloop
  endfacet
  facet normal -0.995462 -0.0951589 0
    outer loop
      vertex 12.4705 22.1588 0.599991
      vertex 12.4076 22.8168 47.4
      vertex 12.4076 22.8168 0.599991
    endloop
  endfacet
  facet normal -0.995462 -0.0951589 0
    outer loop
      vertex 12.4076 22.8168 47.4
      vertex 12.4705 22.1588 0.599991
      vertex 12.4705 22.1588 47.4
    endloop
  endfacet
  facet normal -0.704081 -0.0671818 0.706934
    outer loop
      vertex 13.069 22.2 48
      vertex 13.0032 22.8896 48
      vertex 12.4705 22.1588 47.4
    endloop
  endfacet
  facet normal -0.704001 -0.0672973 0.707004
    outer loop
      vertex 12.4705 22.1588 47.4
      vertex 13.0032 22.8896 48
      vertex 12.4076 22.8168 47.4
    endloop
  endfacet
  facet normal 0.704021 0.0672009 0.706993
    outer loop
      vertex 15.9622 22.3992 47.4
      vertex 15.8818 23.2415 47.4
      vertex 15.3636 22.358 48
    endloop
  endfacet
  facet normal 0.70401 0.067214 0.707002
    outer loop
      vertex 15.3636 22.358 48
      vertex 15.8818 23.2415 47.4
      vertex 15.2862 23.1687 48
    endloop
  endfacet
  facet normal 0.995476 0.0950106 0
    outer loop
      vertex 15.8818 23.2415 47.4
      vertex 15.9352 22.682 36.995
      vertex 15.8818 23.2415 37.0049
    endloop
  endfacet
  facet normal 0.995475 0.095021 -5.65654e-07
    outer loop
      vertex 15.9622 22.3992 47.4
      vertex 15.9352 22.682 36.995
      vertex 15.8818 23.2415 47.4
    endloop
  endfacet
  facet normal 0.995492 0.0948475 -5.32516e-06
    outer loop
      vertex 15.9352 22.682 36.995
      vertex 15.9622 22.3992 47.4
      vertex 15.9584 22.4385 37.0036
    endloop
  endfacet
  facet normal 0.995358 0.0962433 0
    outer loop
      vertex 15.9584 22.4385 37.0036
      vertex 15.9622 22.3992 47.4
      vertex 15.9622 22.3992 37.005
    endloop
  endfacet
  facet normal 0.995468 0.0950924 0
    outer loop
      vertex 15.9119 22.9264 11.0007
      vertex 15.8818 23.2415 0.599991
      vertex 15.8818 23.2415 10.9951
    endloop
  endfacet
  facet normal 0.995486 0.0949053 3.74061e-06
    outer loop
      vertex 15.9622 22.3992 0.599991
      vertex 15.9119 22.9264 11.0007
      vertex 15.9352 22.682 11.005
    endloop
  endfacet
  facet normal 0.995473 0.0950417 -0
    outer loop
      vertex 15.9622 22.3992 0.599991
      vertex 15.9352 22.682 11.005
      vertex 15.9622 22.3992 10.995
    endloop
  endfacet
  facet normal 0.995475 0.095021 -2.1806e-06
    outer loop
      vertex 15.9119 22.9264 11.0007
      vertex 15.9622 22.3992 0.599991
      vertex 15.8818 23.2415 0.599991
    endloop
  endfacet
  facet normal 0.995468 0.0950924 0
    outer loop
      vertex 15.9119 22.9264 27.0007
      vertex 15.8818 23.2415 21.0049
      vertex 15.8818 23.2415 26.9951
    endloop
  endfacet
  facet normal 0.995486 0.0949052 -0
    outer loop
      vertex 15.9352 22.682 20.995
      vertex 15.9119 22.9264 27.0007
      vertex 15.9352 22.682 27.005
    endloop
  endfacet
  facet normal 0.995476 0.0950107 -4.33142e-06
    outer loop
      vertex 15.9119 22.9264 27.0007
      vertex 15.9352 22.682 20.995
      vertex 15.8818 23.2415 21.0049
    endloop
  endfacet
  facet normal 0.995492 0.0948477 0
    outer loop
      vertex 15.9352 22.682 27.005
      vertex 15.9584 22.4385 21.0036
      vertex 15.9352 22.682 20.995
    endloop
  endfacet
  facet normal 0.995473 0.0950419 -7.95316e-06
    outer loop
      vertex 15.9622 22.3992 26.995
      vertex 15.9584 22.4385 21.0036
      vertex 15.9352 22.682 27.005
    endloop
  endfacet
  facet normal 0.995358 0.0962433 0
    outer loop
      vertex 15.9584 22.4385 21.0036
      vertex 15.9622 22.3992 26.995
      vertex 15.9622 22.3992 21.005
    endloop
  endfacet
  facet normal 0.704014 0.0672144 -0.706998
    outer loop
      vertex 15.9622 22.3992 0.599991
      vertex 15.3636 22.358 0
      vertex 15.2862 23.1687 0
    endloop
  endfacet
  facet normal 0.704006 0.0671994 -0.707008
    outer loop
      vertex 15.8818 23.2415 0.599991
      vertex 15.9622 22.3992 0.599991
      vertex 15.2862 23.1687 0
    endloop
  endfacet
  facet normal -0.69947 -0.104311 -0.707008
    outer loop
      vertex 13.0032 22.8896 0
      vertex 12.4076 22.8168 0.599991
      vertex 12.3101 23.4706 0.599991
    endloop
  endfacet
  facet normal -0.699478 -0.10433 -0.706998
    outer loop
      vertex 12.901 23.5748 0
      vertex 13.0032 22.8896 0
      vertex 12.3101 23.4706 0.599991
    endloop
  endfacet
  facet normal -0.989062 -0.147497 0
    outer loop
      vertex 12.4076 22.8168 0.599991
      vertex 12.3101 23.4706 47.4
      vertex 12.3101 23.4706 0.599991
    endloop
  endfacet
  facet normal -0.989062 -0.147497 0
    outer loop
      vertex 12.3101 23.4706 47.4
      vertex 12.4076 22.8168 0.599991
      vertex 12.4076 22.8168 47.4
    endloop
  endfacet
  facet normal -0.699473 -0.104329 0.707002
    outer loop
      vertex 13.0032 22.8896 48
      vertex 12.901 23.5748 48
      vertex 12.4076 22.8168 47.4
    endloop
  endfacet
  facet normal -0.699486 -0.104313 0.706993
    outer loop
      vertex 12.4076 22.8168 47.4
      vertex 12.901 23.5748 48
      vertex 12.3101 23.4706 47.4
    endloop
  endfacet
  facet normal 0.699465 0.104389 0.707002
    outer loop
      vertex 15.8818 23.2415 47.4
      vertex 15.7569 24.0784 47.4
      vertex 15.2862 23.1687 48
    endloop
  endfacet
  facet normal 0.699475 0.104379 0.706993
    outer loop
      vertex 15.2862 23.1687 48
      vertex 15.7569 24.0784 47.4
      vertex 15.166 23.9742 48
    endloop
  endfacet
  facet normal 0.989051 0.147572 0
    outer loop
      vertex 15.7569 24.0784 47.4
      vertex 15.8405 23.5181 36.995
      vertex 15.7569 24.0784 37.0049
    endloop
  endfacet
  facet normal 0.989046 0.147606 -1.88883e-06
    outer loop
      vertex 15.8818 23.2415 47.4
      vertex 15.8405 23.5181 36.995
      vertex 15.7569 24.0784 47.4
    endloop
  endfacet
  facet normal 0.989047 0.147601 -2.04924e-06
    outer loop
      vertex 15.8405 23.5181 36.995
      vertex 15.8818 23.2415 47.4
      vertex 15.8766 23.2762 37.0037
    endloop
  endfacet
  facet normal 0.988957 0.148201 0
    outer loop
      vertex 15.8766 23.2762 37.0037
      vertex 15.8818 23.2415 47.4
      vertex 15.8818 23.2415 37.0049
    endloop
  endfacet
  facet normal 0.989032 0.1477 0
    outer loop
      vertex 15.8043 23.761 11.0007
      vertex 15.7569 24.0784 0.599991
      vertex 15.7569 24.0784 10.9951
    endloop
  endfacet
  facet normal 0.989076 0.147405 7.37338e-06
    outer loop
      vertex 15.8818 23.2415 0.599991
      vertex 15.8043 23.761 11.0007
      vertex 15.8405 23.5181 11.005
    endloop
  endfacet
  facet normal 0.989036 0.147676 -0
    outer loop
      vertex 15.8818 23.2415 0.599991
      vertex 15.8405 23.5181 11.005
      vertex 15.8818 23.2415 10.9951
    endloop
  endfacet
  facet normal 0.989046 0.147606 -2.93157e-06
    outer loop
      vertex 15.8043 23.761 11.0007
      vertex 15.8818 23.2415 0.599991
      vertex 15.7569 24.0784 0.599991
    endloop
  endfacet
  facet normal 0.989032 0.1477 0
    outer loop
      vertex 15.8043 23.761 27.0007
      vertex 15.7569 24.0784 21.0049
      vertex 15.7569 24.0784 26.9951
    endloop
  endfacet
  facet normal 0.989076 0.147405 -0
    outer loop
      vertex 15.8405 23.5181 20.995
      vertex 15.8043 23.761 27.0007
      vertex 15.8405 23.5181 27.005
    endloop
  endfacet
  facet normal 0.989051 0.147572 -6.93568e-06
    outer loop
      vertex 15.8043 23.761 27.0007
      vertex 15.8405 23.5181 20.995
      vertex 15.7569 24.0784 21.0049
    endloop
  endfacet
  facet normal 0.989047 0.147601 0
    outer loop
      vertex 15.8405 23.5181 27.005
      vertex 15.8766 23.2762 21.0037
      vertex 15.8405 23.5181 20.995
    endloop
  endfacet
  facet normal 0.989036 0.147676 -3.1087e-06
    outer loop
      vertex 15.8818 23.2415 26.9951
      vertex 15.8766 23.2762 21.0037
      vertex 15.8405 23.5181 27.005
    endloop
  endfacet
  facet normal 0.988957 0.148201 0
    outer loop
      vertex 15.8766 23.2762 21.0037
      vertex 15.8818 23.2415 26.9951
      vertex 15.8818 23.2415 21.0049
    endloop
  endfacet
  facet normal 0.699462 0.104377 -0.707007
    outer loop
      vertex 15.8818 23.2415 0.599991
      vertex 15.2862 23.1687 0
      vertex 15.166 23.9742 0
    endloop
  endfacet
  facet normal 0.699468 0.104389 -0.706999
    outer loop
      vertex 15.7569 24.0784 0.599991
      vertex 15.8818 23.2415 0.599991
      vertex 15.166 23.9742 0
    endloop
  endfacet
  facet normal -0.697572 0.116429 0.706992
    outer loop
      vertex -13.7831 23.7303 13
      vertex -15.6408 24.0579 11.1131
      vertex -13.8647 23.2414 13
    endloop
  endfacet
  facet normal -0.697759 0.116598 0.70678
    outer loop
      vertex -15.8405 23.5181 11.005
      vertex -15.6408 24.0579 11.1131
      vertex -15.7569 24.0784 10.9951
    endloop
  endfacet
  facet normal -0.697557 0.116479 0.706999
    outer loop
      vertex -15.6408 24.0579 11.1131
      vertex -15.8405 23.5181 11.005
      vertex -13.8647 23.2414 13
    endloop
  endfacet
  facet normal -0.986356 0.164628 0
    outer loop
      vertex -13.8647 23.2414 13
      vertex -13.7831 23.7303 19
      vertex -13.7831 23.7303 13
    endloop
  endfacet
  facet normal -0.986356 0.164628 0
    outer loop
      vertex -13.7831 23.7303 19
      vertex -13.8647 23.2414 13
      vertex -13.8647 23.2414 19
    endloop
  endfacet
  facet normal -0.697576 0.116648 -0.706952
    outer loop
      vertex -14.6271 23.8791 19.8572
      vertex -15.8043 23.761 20.9993
      vertex -15.7569 24.0784 21.0049
    endloop
  endfacet
  facet normal -0.697548 0.116424 -0.707016
    outer loop
      vertex -13.8647 23.2414 19
      vertex -14.6271 23.8791 19.8572
      vertex -13.7831 23.7303 19
    endloop
  endfacet
  facet normal -0.697573 0.116373 -0.707
    outer loop
      vertex -15.8405 23.5181 20.995
      vertex -14.6271 23.8791 19.8572
      vertex -13.8647 23.2414 19
    endloop
  endfacet
  facet normal -0.697581 0.116478 -0.706975
    outer loop
      vertex -14.6271 23.8791 19.8572
      vertex -15.8405 23.5181 20.995
      vertex -15.8043 23.761 20.9993
    endloop
  endfacet
  facet normal -0.702741 0.0794463 0.706996
    outer loop
      vertex -15.8766 23.2762 10.9963
      vertex -13.8647 23.2414 13
      vertex -15.8405 23.5181 11.005
    endloop
  endfacet
  facet normal -0.70273 0.0796069 0.706989
    outer loop
      vertex -13.8647 23.2414 13
      vertex -15.8766 23.2762 10.9963
      vertex -13.9476 22.5096 13
    endloop
  endfacet
  facet normal -0.702426 0.0808077 0.707155
    outer loop
      vertex -15.8818 23.2415 10.9951
      vertex -13.9476 22.5096 13
      vertex -15.8766 23.2762 10.9963
    endloop
  endfacet
  facet normal -0.702726 0.0795797 0.706996
    outer loop
      vertex -13.9476 22.5096 13
      vertex -15.8818 23.2415 10.9951
      vertex -15.9352 22.682 11.005
    endloop
  endfacet
  facet normal -0.993645 0.112562 0
    outer loop
      vertex -13.9476 22.5096 13
      vertex -13.8647 23.2414 19
      vertex -13.8647 23.2414 13
    endloop
  endfacet
  facet normal -0.993645 0.112562 0
    outer loop
      vertex -13.8647 23.2414 19
      vertex -13.9476 22.5096 13
      vertex -13.9476 22.5096 19
    endloop
  endfacet
  facet normal -0.702719 0.0796204 -0.706999
    outer loop
      vertex -13.8647 23.2414 19
      vertex -15.8818 23.2415 21.0049
      vertex -15.8405 23.5181 20.995
    endloop
  endfacet
  facet normal -0.702715 0.0796918 -0.706995
    outer loop
      vertex -15.8818 23.2415 21.0049
      vertex -13.8647 23.2414 19
      vertex -15.9119 22.9264 20.9993
    endloop
  endfacet
  facet normal -0.702713 0.0796049 -0.707006
    outer loop
      vertex -13.9476 22.5096 19
      vertex -15.9119 22.9264 20.9993
      vertex -13.8647 23.2414 19
    endloop
  endfacet
  facet normal -0.70274 0.0794351 -0.706998
    outer loop
      vertex -15.9119 22.9264 20.9993
      vertex -13.9476 22.5096 19
      vertex -15.9352 22.682 20.995
    endloop
  endfacet
  facet normal -0.705956 0.0422918 0.706992
    outer loop
      vertex -15.9584 22.4385 10.9964
      vertex -13.9476 22.5096 13
      vertex -15.9352 22.682 11.005
    endloop
  endfacet
  facet normal -0.705952 0.0426336 0.706976
    outer loop
      vertex -13.9476 22.5096 13
      vertex -15.9584 22.4385 10.9964
      vertex -13.992 21.7744 13
    endloop
  endfacet
  facet normal -0.705866 0.0430647 0.707035
    outer loop
      vertex -15.9622 22.3992 10.995
      vertex -13.992 21.7744 13
      vertex -15.9584 22.4385 10.9964
    endloop
  endfacet
  facet normal -0.705956 0.0425885 0.706974
    outer loop
      vertex -13.992 21.7744 13
      vertex -15.9622 22.3992 10.995
      vertex -15.9858 21.842 11.005
    endloop
  endfacet
  facet normal -0.998181 0.0602819 0
    outer loop
      vertex -13.992 21.7744 13
      vertex -13.9476 22.5096 19
      vertex -13.9476 22.5096 13
    endloop
  endfacet
  facet normal -0.998181 0.0602819 0
    outer loop
      vertex -13.9476 22.5096 19
      vertex -13.992 21.7744 13
      vertex -13.992 21.7744 19
    endloop
  endfacet
  facet normal -0.705948 0.0423998 -0.706993
    outer loop
      vertex -13.9476 22.5096 19
      vertex -15.9622 22.3992 21.005
      vertex -15.9352 22.682 20.995
    endloop
  endfacet
  facet normal -0.705948 0.0425837 -0.706983
    outer loop
      vertex -15.9622 22.3992 21.005
      vertex -13.9476 22.5096 19
      vertex -15.9754 22.0874 20.9994
    endloop
  endfacet
  facet normal -0.705951 0.0426336 -0.706976
    outer loop
      vertex -13.992 21.7744 19
      vertex -15.9754 22.0874 20.9994
      vertex -13.9476 22.5096 19
    endloop
  endfacet
  facet normal -0.705956 0.0425942 -0.706974
    outer loop
      vertex -15.9754 22.0874 20.9994
      vertex -13.992 21.7744 19
      vertex -15.9858 21.842 20.995
    endloop
  endfacet
  facet normal -0.707221 0.00521945 0.706973
    outer loop
      vertex -15.9961 21.5977 10.9965
      vertex -13.992 21.7744 13
      vertex -15.9858 21.842 11.005
    endloop
  endfacet
  facet normal -0.707224 0.00528209 0.70697
    outer loop
      vertex -13.992 21.7744 13
      vertex -15.9961 21.5977 10.9965
      vertex -13.9975 21.038 13
    endloop
  endfacet
  facet normal -0.707055 0.00645459 0.707129
    outer loop
      vertex -15.998 21.5539 10.995
      vertex -13.9975 21.038 13
      vertex -15.9961 21.5977 10.9965
    endloop
  endfacet
  facet normal -0.7072 0.00536445 0.706993
    outer loop
      vertex -13.9975 21.038 13
      vertex -15.998 21.5539 10.995
      vertex -15.9921 21.0006 11.0051
    endloop
  endfacet
  facet normal -0.999972 0.00746856 0
    outer loop
      vertex -13.9975 21.038 13
      vertex -13.992 21.7744 19
      vertex -13.992 21.7744 13
    endloop
  endfacet
  facet normal -0.999972 0.00746856 0
    outer loop
      vertex -13.992 21.7744 19
      vertex -13.9975 21.038 13
      vertex -13.9975 21.038 19
    endloop
  endfacet
  facet normal -0.707217 0.00540888 -0.706975
    outer loop
      vertex -13.992 21.7744 19
      vertex -15.998 21.5539 21.005
      vertex -15.9858 21.842 20.995
    endloop
  endfacet
  facet normal -0.707211 0.00528212 -0.706983
    outer loop
      vertex -15.998 21.5539 21.005
      vertex -13.992 21.7744 19
      vertex -15.9947 21.2462 20.9994
    endloop
  endfacet
  facet normal -0.707211 0.00528199 -0.706983
    outer loop
      vertex -13.9975 21.038 19
      vertex -15.9947 21.2462 20.9994
      vertex -13.992 21.7744 19
    endloop
  endfacet
  facet normal -0.707201 0.00546719 -0.706992
    outer loop
      vertex -15.9947 21.2462 20.9994
      vertex -13.9975 21.038 19
      vertex -15.9921 21.0006 20.9949
    endloop
  endfacet
  facet normal -0.706523 -0.031783 0.706976
    outer loop
      vertex -13.9975 21.038 13
      vertex -15.9895 20.756 10.9966
      vertex -13.9644 20.3022 13
    endloop
  endfacet
  facet normal -0.706495 -0.0320781 0.70699
    outer loop
      vertex -15.9895 20.756 10.9966
      vertex -13.9975 21.038 13
      vertex -15.9921 21.0006 11.0051
    endloop
  endfacet
  facet normal -0.706516 -0.0318479 0.70698
    outer loop
      vertex -13.9644 20.3022 13
      vertex -15.989 20.7078 10.995
      vertex -15.9542 20.16 11.0051
    endloop
  endfacet
  facet normal -0.706434 -0.0308006 0.707109
    outer loop
      vertex -15.989 20.7078 10.995
      vertex -13.9644 20.3022 13
      vertex -15.9895 20.756 10.9966
    endloop
  endfacet
  facet normal -0.99899 -0.0449396 0
    outer loop
      vertex -13.9644 20.3022 13
      vertex -13.9975 21.038 19
      vertex -13.9975 21.038 13
    endloop
  endfacet
  facet normal -0.99899 -0.0449396 0
    outer loop
      vertex -13.9975 21.038 19
      vertex -13.9644 20.3022 13
      vertex -13.9644 20.3022 19
    endloop
  endfacet
  facet normal -0.706516 -0.0317344 -0.706985
    outer loop
      vertex -15.989 20.7078 21.005
      vertex -13.9975 21.038 19
      vertex -15.9698 20.4051 20.9994
    endloop
  endfacet
  facet normal -0.706502 -0.0318674 -0.706993
    outer loop
      vertex -13.9975 21.038 19
      vertex -15.989 20.7078 21.005
      vertex -15.9921 21.0006 20.9949
    endloop
  endfacet
  facet normal -0.706508 -0.0319874 -0.706982
    outer loop
      vertex -15.9698 20.4051 20.9994
      vertex -13.9644 20.3022 19
      vertex -15.9542 20.16 20.9949
    endloop
  endfacet
  facet normal -0.706507 -0.0317823 -0.706992
    outer loop
      vertex -13.9644 20.3022 19
      vertex -15.9698 20.4051 20.9994
      vertex -13.9975 21.038 19
    endloop
  endfacet
  facet normal -0.70387 -0.0689466 0.706975
    outer loop
      vertex -13.9644 20.3022 13
      vertex -15.9387 19.9159 10.9967
      vertex -13.8926 19.5692 13
    endloop
  endfacet
  facet normal -0.703858 -0.0690226 0.706979
    outer loop
      vertex -15.9387 19.9159 10.9967
      vertex -13.9644 20.3022 13
      vertex -15.9542 20.16 11.0051
    endloop
  endfacet
  facet normal -0.703863 -0.0689218 0.706984
    outer loop
      vertex -13.8926 19.5692 13
      vertex -15.9354 19.8634 10.9949
      vertex -15.8722 19.3226 11.0051
    endloop
  endfacet
  facet normal -0.703852 -0.0684834 0.707038
    outer loop
      vertex -15.9354 19.8634 10.9949
      vertex -13.8926 19.5692 13
      vertex -15.9387 19.9159 10.9967
    endloop
  endfacet
  facet normal -0.995237 -0.097487 0
    outer loop
      vertex -13.8926 19.5692 13
      vertex -13.9644 20.3022 19
      vertex -13.9644 20.3022 13
    endloop
  endfacet
  facet normal -0.995237 -0.097487 0
    outer loop
      vertex -13.9644 20.3022 19
      vertex -13.8926 19.5692 13
      vertex -13.8926 19.5692 19
    endloop
  endfacet
  facet normal -0.703866 -0.0689292 -0.70698
    outer loop
      vertex -15.9354 19.8634 21.0051
      vertex -13.9644 20.3022 19
      vertex -15.9007 19.5665 20.9995
    endloop
  endfacet
  facet normal -0.703866 -0.0689275 -0.70698
    outer loop
      vertex -13.9644 20.3022 19
      vertex -15.9354 19.8634 21.0051
      vertex -15.9542 20.16 20.9949
    endloop
  endfacet
  facet normal -0.703864 -0.0689135 -0.706984
    outer loop
      vertex -15.9007 19.5665 20.9995
      vertex -13.8926 19.5692 19
      vertex -15.8722 19.3226 20.9949
    endloop
  endfacet
  facet normal -0.703862 -0.0689458 -0.706983
    outer loop
      vertex -13.8926 19.5692 19
      vertex -15.9007 19.5665 20.9995
      vertex -13.9644 20.3022 19
    endloop
  endfacet
  facet normal -0.69927 -0.105822 0.706982
    outer loop
      vertex -13.8926 19.5692 13
      vertex -15.8438 19.0796 10.9968
      vertex -13.7824 18.841 13
    endloop
  endfacet
  facet normal -0.69926 -0.105872 0.706984
    outer loop
      vertex -15.8438 19.0796 10.9968
      vertex -13.8926 19.5692 13
      vertex -15.8722 19.3226 11.0051
    endloop
  endfacet
  facet normal -0.699282 -0.105735 0.706983
    outer loop
      vertex -13.7824 18.841 13
      vertex -15.8371 19.023 10.9949
      vertex -15.7462 18.4907 11.0052
    endloop
  endfacet
  facet normal -0.699259 -0.106504 0.70689
    outer loop
      vertex -15.8371 19.023 10.9949
      vertex -13.7824 18.841 13
      vertex -15.8438 19.0796 10.9968
    endloop
  endfacet
  facet normal -0.988742 -0.149628 0
    outer loop
      vertex -13.7824 18.841 13
      vertex -13.8926 19.5692 19
      vertex -13.8926 19.5692 13
    endloop
  endfacet
  facet normal -0.988742 -0.149628 0
    outer loop
      vertex -13.8926 19.5692 19
      vertex -13.7824 18.841 13
      vertex -13.7824 18.841 19
    endloop
  endfacet
  facet normal -0.699276 -0.105839 -0.706973
    outer loop
      vertex -15.8371 19.023 21.0051
      vertex -13.8926 19.5692 19
      vertex -15.7875 18.7327 20.9995
    endloop
  endfacet
  facet normal -0.699244 -0.10599 -0.706983
    outer loop
      vertex -13.8926 19.5692 19
      vertex -15.8371 19.023 21.0051
      vertex -15.8722 19.3226 20.9949
    endloop
  endfacet
  facet normal -0.699302 -0.105613 -0.706981
    outer loop
      vertex -15.7875 18.7327 20.9995
      vertex -13.7824 18.841 19
      vertex -15.7462 18.4907 20.9948
    endloop
  endfacet
  facet normal -0.699281 -0.105824 -0.706971
    outer loop
      vertex -13.7824 18.841 19
      vertex -15.7875 18.7327 20.9995
      vertex -13.8926 19.5692 19
    endloop
  endfacet
  facet normal -0.692734 -0.142503 0.706974
    outer loop
      vertex -13.7824 18.841 13
      vertex -15.705 18.2495 10.9969
      vertex -13.634 18.1196 13
    endloop
  endfacet
  facet normal -0.692696 -0.142649 0.706982
    outer loop
      vertex -15.705 18.2495 10.9969
      vertex -13.7824 18.841 13
      vertex -15.7462 18.4907 11.0052
    endloop
  endfacet
  facet normal -0.692727 -0.142534 0.706975
    outer loop
      vertex -13.634 18.1196 13
      vertex -15.6946 18.1889 10.9949
      vertex -15.5766 17.6665 11.0052
    endloop
  endfacet
  facet normal -0.692753 -0.142222 0.707012
    outer loop
      vertex -15.6946 18.1889 10.9949
      vertex -13.634 18.1196 13
      vertex -15.705 18.2495 10.9969
    endloop
  endfacet
  facet normal -0.97949 -0.201492 0
    outer loop
      vertex -13.634 18.1196 13
      vertex -13.7824 18.841 19
      vertex -13.7824 18.841 13
    endloop
  endfacet
  facet normal -0.97949 -0.201492 0
    outer loop
      vertex -13.7824 18.841 19
      vertex -13.634 18.1196 13
      vertex -13.634 18.1196 19
    endloop
  endfacet
  facet normal -0.692736 -0.142477 -0.706977
    outer loop
      vertex -15.6946 18.1889 21.0051
      vertex -13.7824 18.841 19
      vertex -15.6307 17.906 20.9995
    endloop
  endfacet
  facet normal -0.692713 -0.142564 -0.706983
    outer loop
      vertex -13.7824 18.841 19
      vertex -15.6946 18.1889 21.0051
      vertex -15.7462 18.4907 20.9948
    endloop
  endfacet
  facet normal -0.692712 -0.142601 -0.706976
    outer loop
      vertex -15.6307 17.906 20.9995
      vertex -13.634 18.1196 19
      vertex -15.5766 17.6665 20.9948
    endloop
  endfacet
  facet normal -0.692728 -0.142502 -0.706981
    outer loop
      vertex -13.634 18.1196 19
      vertex -15.6307 17.906 20.9995
      vertex -13.7824 18.841 19
    endloop
  endfacet
  facet normal -0.684295 -0.178708 0.706968
    outer loop
      vertex -13.634 18.1196 13
      vertex -15.5227 17.4278 10.997
      vertex -13.4479 17.407 13
    endloop
  endfacet
  facet normal -0.684266 -0.178798 0.706973
    outer loop
      vertex -15.5227 17.4278 10.997
      vertex -13.634 18.1196 13
      vertex -15.5766 17.6665 11.0052
    endloop
  endfacet
  facet normal -0.684304 -0.178647 0.706975
    outer loop
      vertex -13.4479 17.407 13
      vertex -15.5082 17.3636 10.9948
      vertex -15.364 16.8524 11.0052
    endloop
  endfacet
  facet normal -0.684286 -0.178777 0.706959
    outer loop
      vertex -15.5082 17.3636 10.9948
      vertex -13.4479 17.407 13
      vertex -15.5227 17.4278 10.997
    endloop
  endfacet
  facet normal -0.967549 -0.252682 0
    outer loop
      vertex -13.4479 17.407 13
      vertex -13.634 18.1196 19
      vertex -13.634 18.1196 13
    endloop
  endfacet
  facet normal -0.967549 -0.252682 0
    outer loop
      vertex -13.634 18.1196 19
      vertex -13.4479 17.407 13
      vertex -13.4479 17.407 19
    endloop
  endfacet
  facet normal -0.684279 -0.17876 -0.706971
    outer loop
      vertex -15.5082 17.3636 21.0052
      vertex -13.634 18.1196 19
      vertex -15.4306 17.0887 20.9996
    endloop
  endfacet
  facet normal -0.684268 -0.178793 -0.706973
    outer loop
      vertex -13.634 18.1196 19
      vertex -15.5082 17.3636 21.0052
      vertex -15.5766 17.6665 20.9948
    endloop
  endfacet
  facet normal -0.68434 -0.178517 -0.706973
    outer loop
      vertex -15.4306 17.0887 20.9996
      vertex -13.4479 17.407 19
      vertex -15.364 16.8524 20.9948
    endloop
  endfacet
  facet normal -0.6843 -0.178709 -0.706963
    outer loop
      vertex -13.4479 17.407 19
      vertex -15.4306 17.0887 20.9996
      vertex -13.634 18.1196 19
    endloop
  endfacet
  facet normal -0.673919 -0.214525 0.706974
    outer loop
      vertex -13.4479 17.407 13
      vertex -15.2975 16.6168 10.9971
      vertex -13.2245 16.7052 13
    endloop
  endfacet
  facet normal -0.673919 -0.214525 0.706974
    outer loop
      vertex -15.2975 16.6168 10.9971
      vertex -13.4479 17.407 13
      vertex -15.364 16.8524 11.0052
    endloop
  endfacet
  facet normal -0.673963 -0.214319 0.706994
    outer loop
      vertex -13.2245 16.7052 13
      vertex -15.2784 16.5493 10.9948
      vertex -15.1088 16.0506 11.0053
    endloop
  endfacet
  facet normal -0.673876 -0.21477 0.70694
    outer loop
      vertex -15.2784 16.5493 10.9948
      vertex -13.2245 16.7052 13
      vertex -15.2975 16.6168 10.9971
    endloop
  endfacet
  facet normal -0.952887 -0.303327 0
    outer loop
      vertex -13.2245 16.7052 13
      vertex -13.4479 17.407 19
      vertex -13.4479 17.407 13
    endloop
  endfacet
  facet normal -0.952887 -0.303327 0
    outer loop
      vertex -13.4479 17.407 19
      vertex -13.2245 16.7052 13
      vertex -13.2245 16.7052 19
    endloop
  endfacet
  facet normal -0.673962 -0.214427 -0.706963
    outer loop
      vertex -15.2784 16.5493 21.0052
      vertex -13.4479 17.407 19
      vertex -15.1878 16.283 20.9996
    endloop
  endfacet
  facet normal -0.673903 -0.214578 -0.706973
    outer loop
      vertex -13.4479 17.407 19
      vertex -15.2784 16.5493 21.0052
      vertex -15.364 16.8524 20.9948
    endloop
  endfacet
  facet normal -0.674 -0.214207 -0.706993
    outer loop
      vertex -15.1878 16.283 20.9996
      vertex -13.2245 16.7052 19
      vertex -15.1088 16.0506 20.9947
    endloop
  endfacet
  facet normal -0.673916 -0.214524 -0.706977
    outer loop
      vertex -13.2245 16.7052 19
      vertex -15.1878 16.283 20.9996
      vertex -13.4479 17.407 19
    endloop
  endfacet
  facet normal -0.661728 -0.249576 0.706985
    outer loop
      vertex -13.2245 16.7052 13
      vertex -15.03 15.8189 10.9972
      vertex -12.9646 16.0161 13
    endloop
  endfacet
  facet normal -0.661656 -0.249742 0.706994
    outer loop
      vertex -15.03 15.8189 10.9972
      vertex -13.2245 16.7052 13
      vertex -15.1088 16.0506 11.0053
    endloop
  endfacet
  facet normal -0.661729 -0.249573 0.706985
    outer loop
      vertex -12.9646 16.0161 13
      vertex -15.0059 15.7482 10.9948
      vertex -14.8118 15.2633 11.0053
    endloop
  endfacet
  facet normal -0.66173 -0.249568 0.706986
    outer loop
      vertex -15.0059 15.7482 10.9948
      vertex -12.9646 16.0161 13
      vertex -15.03 15.8189 10.9972
    endloop
  endfacet
  facet normal -0.935663 -0.352894 0
    outer loop
      vertex -12.9646 16.0161 13
      vertex -13.2245 16.7052 19
      vertex -13.2245 16.7052 13
    endloop
  endfacet
  facet normal -0.935663 -0.352894 0
    outer loop
      vertex -13.2245 16.7052 19
      vertex -12.9646 16.0161 13
      vertex -12.9646 16.0161 19
    endloop
  endfacet
  facet normal -0.66174 -0.249549 -0.706983
    outer loop
      vertex -15.0059 15.7482 21.0052
      vertex -13.2245 16.7052 19
      vertex -14.903 15.4912 20.9996
    endloop
  endfacet
  facet normal -0.661671 -0.2497 -0.706994
    outer loop
      vertex -13.2245 16.7052 19
      vertex -15.0059 15.7482 21.0052
      vertex -15.1088 16.0506 20.9947
    endloop
  endfacet
  facet normal -0.661717 -0.249602 -0.706986
    outer loop
      vertex -14.903 15.4912 20.9996
      vertex -12.9646 16.0161 19
      vertex -14.8118 15.2633 20.9947
    endloop
  endfacet
  facet normal -0.661726 -0.249576 -0.706987
    outer loop
      vertex -12.9646 16.0161 19
      vertex -14.903 15.4912 20.9996
      vertex -13.2245 16.7052 19
    endloop
  endfacet
  facet normal -0.64768 -0.28408 0.706972
    outer loop
      vertex -12.9646 16.0161 13
      vertex -14.7208 15.0361 10.9973
      vertex -12.6688 15.3417 13
    endloop
  endfacet
  facet normal -0.647585 -0.28427 0.706982
    outer loop
      vertex -14.7208 15.0361 10.9973
      vertex -12.9646 16.0161 13
      vertex -14.8118 15.2633 11.0053
    endloop
  endfacet
  facet normal -0.647622 -0.284178 0.706986
    outer loop
      vertex -12.6688 15.3417 13
      vertex -14.6915 14.9627 10.9948
      vertex -14.4738 14.4927 11.0053
    endloop
  endfacet
  facet normal -0.648051 -0.282776 0.707154
    outer loop
      vertex -14.6915 14.9627 10.9948
      vertex -12.6688 15.3417 13
      vertex -14.7208 15.0361 10.9973
    endloop
  endfacet
  facet normal -0.915783 -0.401673 0
    outer loop
      vertex -12.6688 15.3417 13
      vertex -12.9646 16.0161 19
      vertex -12.9646 16.0161 13
    endloop
  endfacet
  facet normal -0.915783 -0.401673 0
    outer loop
      vertex -12.9646 16.0161 19
      vertex -12.6688 15.3417 13
      vertex -12.6688 15.3417 19
    endloop
  endfacet
  facet normal -0.647577 -0.284219 -0.70701
    outer loop
      vertex -14.6915 14.9627 21.0052
      vertex -12.9646 16.0161 19
      vertex -14.577 14.7155 20.9997
    endloop
  endfacet
  facet normal -0.647734 -0.283918 -0.706987
    outer loop
      vertex -12.9646 16.0161 19
      vertex -14.6915 14.9627 21.0052
      vertex -14.8118 15.2633 20.9947
    endloop
  endfacet
  facet normal -0.647647 -0.284122 -0.706985
    outer loop
      vertex -14.577 14.7155 20.9997
      vertex -12.6688 15.3417 19
      vertex -14.4738 14.4927 20.9947
    endloop
  endfacet
  facet normal -0.647666 -0.284074 -0.706987
    outer loop
      vertex -12.6688 15.3417 19
      vertex -14.577 14.7155 20.9997
      vertex -12.9646 16.0161 19
    endloop
  endfacet
  facet normal -0.63184 -0.317745 0.706977
    outer loop
      vertex -12.6688 15.3417 13
      vertex -14.3709 14.2706 10.9974
      vertex -12.3379 14.6837 13
    endloop
  endfacet
  facet normal -0.631779 -0.317853 0.706983
    outer loop
      vertex -14.3709 14.2706 10.9974
      vertex -12.6688 15.3417 13
      vertex -14.4738 14.4927 11.0053
    endloop
  endfacet
  facet normal -0.631843 -0.317716 0.706987
    outer loop
      vertex -12.3379 14.6837 13
      vertex -14.3359 14.1949 10.9947
      vertex -14.0958 13.741 11.0053
    endloop
  endfacet
  facet normal -0.631957 -0.317404 0.707025
    outer loop
      vertex -14.3359 14.1949 10.9947
      vertex -12.3379 14.6837 13
      vertex -14.3709 14.2706 10.9974
    endloop
  endfacet
  facet normal -0.893393 -0.449276 0
    outer loop
      vertex -12.3379 14.6837 13
      vertex -12.6688 15.3417 19
      vertex -12.6688 15.3417 13
    endloop
  endfacet
  facet normal -0.893393 -0.449276 0
    outer loop
      vertex -12.6688 15.3417 19
      vertex -12.3379 14.6837 13
      vertex -12.3379 14.6837 19
    endloop
  endfacet
  facet normal -0.631954 -0.317538 -0.706968
    outer loop
      vertex -14.3359 14.1949 21.0053
      vertex -12.6688 15.3417 19
      vertex -14.2106 13.958 20.9997
    endloop
  endfacet
  facet normal -0.631833 -0.317743 -0.706984
    outer loop
      vertex -12.6688 15.3417 19
      vertex -14.3359 14.1949 21.0053
      vertex -14.4738 14.4927 20.9947
    endloop
  endfacet
  facet normal -0.631737 -0.317919 -0.70699
    outer loop
      vertex -14.2106 13.958 20.9997
      vertex -12.3379 14.6837 19
      vertex -14.0958 13.741 20.9947
    endloop
  endfacet
  facet normal -0.63182 -0.317734 -0.707
    outer loop
      vertex -12.3379 14.6837 19
      vertex -14.2106 13.958 20.9997
      vertex -12.6688 15.3417 19
    endloop
  endfacet
  facet normal -0.614269 -0.35049 0.706987
    outer loop
      vertex -12.3379 14.6837 13
      vertex -13.9813 13.5246 10.9975
      vertex -11.9729 14.044 13
    endloop
  endfacet
  facet normal -0.614264 -0.350498 0.706988
    outer loop
      vertex -13.9813 13.5246 10.9975
      vertex -12.3379 14.6837 13
      vertex -14.0958 13.741 11.0053
    endloop
  endfacet
  facet normal -0.614235 -0.350547 0.706988
    outer loop
      vertex -11.9729 14.044 13
      vertex -13.9403 13.447 10.9947
      vertex -13.6787 13.0102 11.0054
    endloop
  endfacet
  facet normal -0.614411 -0.350136 0.707038
    outer loop
      vertex -13.9403 13.447 10.9947
      vertex -11.9729 14.044 13
      vertex -13.9813 13.5246 10.9975
    endloop
  endfacet
  facet normal -0.86856 -0.495583 0
    outer loop
      vertex -11.9729 14.044 13
      vertex -12.3379 14.6837 19
      vertex -12.3379 14.6837 13
    endloop
  endfacet
  facet normal -0.86856 -0.495583 0
    outer loop
      vertex -12.3379 14.6837 19
      vertex -11.9729 14.044 13
      vertex -11.9729 14.044 19
    endloop
  endfacet
  facet normal -0.614127 -0.350688 -0.707012
    outer loop
      vertex -13.9403 13.447 21.0053
      vertex -12.3379 14.6837 19
      vertex -13.8048 13.2208 20.9998
    endloop
  endfacet
  facet normal -0.614314 -0.350408 -0.706989
    outer loop
      vertex -12.3379 14.6837 19
      vertex -13.9403 13.447 21.0053
      vertex -14.0958 13.741 20.9947
    endloop
  endfacet
  facet normal -0.614331 -0.350384 -0.706985
    outer loop
      vertex -13.8048 13.2208 20.9998
      vertex -11.9729 14.044 19
      vertex -13.6787 13.0102 20.9946
    endloop
  endfacet
  facet normal -0.614276 -0.350493 -0.706979
    outer loop
      vertex -11.9729 14.044 19
      vertex -13.8048 13.2208 20.9998
      vertex -12.3379 14.6837 19
    endloop
  endfacet
  facet normal -0.594947 -0.382356 0.706995
    outer loop
      vertex -11.9729 14.044 13
      vertex -13.553 12.8001 10.9976
      vertex -11.5747 13.4244 13
    endloop
  endfacet
  facet normal -0.595027 -0.382244 0.706989
    outer loop
      vertex -13.553 12.8001 10.9976
      vertex -11.9729 14.044 13
      vertex -13.6787 13.0102 11.0054
    endloop
  endfacet
  facet normal -0.594991 -0.382291 0.706993
    outer loop
      vertex -11.5747 13.4244 13
      vertex -13.5056 12.7211 10.9947
      vertex -13.2238 12.3023 11.0054
    endloop
  endfacet
  facet normal -0.594742 -0.382796 0.70693
    outer loop
      vertex -13.5056 12.7211 10.9947
      vertex -11.5747 13.4244 13
      vertex -13.553 12.8001 10.9976
    endloop
  endfacet
  facet normal -0.841249 -0.540648 0
    outer loop
      vertex -11.5747 13.4244 13
      vertex -11.9729 14.044 19
      vertex -11.9729 14.044 13
    endloop
  endfacet
  facet normal -0.841249 -0.540648 0
    outer loop
      vertex -11.9729 14.044 19
      vertex -11.5747 13.4244 13
      vertex -11.5747 13.4244 19
    endloop
  endfacet
  facet normal -0.595058 -0.382225 -0.706972
    outer loop
      vertex -13.5056 12.7211 21.0053
      vertex -11.9729 14.044 19
      vertex -13.3609 12.506 20.9998
    endloop
  endfacet
  facet normal -0.594937 -0.382388 -0.706987
    outer loop
      vertex -11.9729 14.044 19
      vertex -13.5056 12.7211 21.0053
      vertex -13.6787 13.0102 20.9946
    endloop
  endfacet
  facet normal -0.594937 -0.382373 -0.706994
    outer loop
      vertex -13.3609 12.506 20.9998
      vertex -11.5747 13.4244 19
      vertex -13.2238 12.3023 20.9946
    endloop
  endfacet
  facet normal -0.594947 -0.382356 -0.706995
    outer loop
      vertex -11.5747 13.4244 19
      vertex -13.3609 12.506 20.9998
      vertex -11.9729 14.044 19
    endloop
  endfacet
  facet normal -0.574083 -0.413036 0.706986
    outer loop
      vertex -11.5747 13.4244 13
      vertex -13.0871 12.0992 10.9977
      vertex -11.1446 12.8266 13
    endloop
  endfacet
  facet normal -0.573998 -0.413143 0.706993
    outer loop
      vertex -13.0871 12.0992 10.9977
      vertex -11.5747 13.4244 13
      vertex -13.2238 12.3023 11.0054
    endloop
  endfacet
  facet normal -0.573994 -0.413185 0.706972
    outer loop
      vertex -11.1446 12.8266 13
      vertex -13.0332 12.0191 10.9947
      vertex -12.7323 11.6194 11.0054
    endloop
  endfacet
  facet normal -0.574181 -0.412852 0.707015
    outer loop
      vertex -13.0332 12.0191 10.9947
      vertex -11.1446 12.8266 13
      vertex -13.0871 12.0992 10.9977
    endloop
  endfacet
  facet normal -0.811738 -0.584022 0
    outer loop
      vertex -11.1446 12.8266 13
      vertex -11.5747 13.4244 19
      vertex -11.5747 13.4244 13
    endloop
  endfacet
  facet normal -0.811738 -0.584022 0
    outer loop
      vertex -11.5747 13.4244 19
      vertex -11.1446 12.8266 13
      vertex -11.1446 12.8266 19
    endloop
  endfacet
  facet normal -0.573985 -0.413146 -0.707002
    outer loop
      vertex -13.0332 12.0191 21.0053
      vertex -11.5747 13.4244 19
      vertex -12.88 11.8155 20.9999
    endloop
  endfacet
  facet normal -0.574054 -0.413063 -0.706994
    outer loop
      vertex -11.5747 13.4244 19
      vertex -13.0332 12.0191 21.0053
      vertex -13.2238 12.3023 20.9946
    endloop
  endfacet
  facet normal -0.573978 -0.413206 -0.706972
    outer loop
      vertex -12.88 11.8155 20.9999
      vertex -11.1446 12.8266 19
      vertex -12.7323 11.6194 20.9946
    endloop
  endfacet
  facet normal -0.574087 -0.413039 -0.706982
    outer loop
      vertex -11.1446 12.8266 19
      vertex -12.88 11.8155 20.9999
      vertex -11.5747 13.4244 19
    endloop
  endfacet
  facet normal -0.551506 -0.442722 0.706992
    outer loop
      vertex -11.1446 12.8266 13
      vertex -12.5851 11.4237 10.9978
      vertex -10.6835 12.2522 13
    endloop
  endfacet
  facet normal -0.55174 -0.442458 0.706975
    outer loop
      vertex -12.5851 11.4237 10.9978
      vertex -11.1446 12.8266 13
      vertex -12.7323 11.6194 11.0054
    endloop
  endfacet
  facet normal -0.551523 -0.442722 0.706979
    outer loop
      vertex -10.6835 12.2522 13
      vertex -12.5244 11.3431 10.9946
      vertex -12.2056 10.9632 11.0054
    endloop
  endfacet
  facet normal -0.551223 -0.443193 0.706918
    outer loop
      vertex -12.5244 11.3431 10.9946
      vertex -10.6835 12.2522 13
      vertex -12.5851 11.4237 10.9978
    endloop
  endfacet
  facet normal -0.779821 -0.626002 0
    outer loop
      vertex -10.6835 12.2522 13
      vertex -11.1446 12.8266 19
      vertex -11.1446 12.8266 13
    endloop
  endfacet
  facet normal -0.779821 -0.626002 0
    outer loop
      vertex -11.1446 12.8266 19
      vertex -10.6835 12.2522 13
      vertex -10.6835 12.2522 19
    endloop
  endfacet
  facet normal -0.551664 -0.442572 -0.706963
    outer loop
      vertex -12.5244 11.3431 21.0054
      vertex -11.1446 12.8266 19
      vertex -12.3634 11.1512 20.9999
    endloop
  endfacet
  facet normal -0.551578 -0.442665 -0.706972
    outer loop
      vertex -11.1446 12.8266 19
      vertex -12.5244 11.3431 21.0054
      vertex -12.7323 11.6194 20.9946
    endloop
  endfacet
  facet normal -0.551389 -0.442884 -0.706982
    outer loop
      vertex -12.3634 11.1512 20.9999
      vertex -10.6835 12.2522 19
      vertex -12.2056 10.9632 20.9946
    endloop
  endfacet
  facet normal -0.551507 -0.442722 -0.706992
    outer loop
      vertex -10.6835 12.2522 19
      vertex -12.3634 11.1512 20.9999
      vertex -11.1446 12.8266 19
    endloop
  endfacet
  facet normal -0.52747 -0.471103 0.706992
    outer loop
      vertex -10.6835 12.2522 13
      vertex -12.0482 10.7756 10.9979
      vertex -10.1929 11.7029 13
    endloop
  endfacet
  facet normal -0.527621 -0.470949 0.706982
    outer loop
      vertex -12.0482 10.7756 10.9979
      vertex -10.6835 12.2522 13
      vertex -12.2056 10.9632 11.0054
    endloop
  endfacet
  facet normal -0.527462 -0.471125 0.706983
    outer loop
      vertex -10.1929 11.7029 13
      vertex -11.9805 10.6949 10.9946
      vertex -11.6451 10.3356 11.0054
    endloop
  endfacet
  facet normal -0.527338 -0.471298 0.70696
    outer loop
      vertex -11.9805 10.6949 10.9946
      vertex -10.1929 11.7029 13
      vertex -12.0482 10.7756 10.9979
    endloop
  endfacet
  facet normal -0.745834 -0.666132 0
    outer loop
      vertex -10.1929 11.7029 13
      vertex -10.6835 12.2522 19
      vertex -10.6835 12.2522 13
    endloop
  endfacet
  facet normal -0.745834 -0.666132 0
    outer loop
      vertex -10.6835 12.2522 19
      vertex -10.1929 11.7029 13
      vertex -10.1929 11.7029 19
    endloop
  endfacet
  facet normal -0.527357 -0.47122 -0.706998
    outer loop
      vertex -11.9805 10.6949 21.0054
      vertex -10.6835 12.2522 19
      vertex -11.8126 10.5151 21
    endloop
  endfacet
  facet normal -0.527533 -0.471051 -0.70698
    outer loop
      vertex -10.6835 12.2522 19
      vertex -11.9805 10.6949 21.0054
      vertex -12.2056 10.9632 20.9946
    endloop
  endfacet
  facet normal -0.527557 -0.47102 -0.706981
    outer loop
      vertex -11.8126 10.5151 21
      vertex -10.1929 11.7029 19
      vertex -11.6451 10.3356 20.9946
    endloop
  endfacet
  facet normal -0.527482 -0.471114 -0.706976
    outer loop
      vertex -10.1929 11.7029 19
      vertex -11.8126 10.5151 21
      vertex -10.6835 12.2522 19
    endloop
  endfacet
  facet normal -0.50197 -0.498176 0.706999
    outer loop
      vertex -10.1929 11.7029 13
      vertex -11.478 10.1566 10.998
      vertex -9.67415 11.1802 13
    endloop
  endfacet
  facet normal -0.502159 -0.498003 0.706986
    outer loop
      vertex -11.478 10.1566 10.998
      vertex -10.1929 11.7029 13
      vertex -11.6451 10.3356 11.0054
    endloop
  endfacet
  facet normal -0.502022 -0.49813 0.706994
    outer loop
      vertex -9.67415 11.1802 13
      vertex -11.4031 10.0764 10.9946
      vertex -11.0524 9.73843 11.0055
    endloop
  endfacet
  facet normal -0.501708 -0.498523 0.70694
    outer loop
      vertex -11.4031 10.0764 10.9946
      vertex -9.67415 11.1802 13
      vertex -11.478 10.1566 10.998
    endloop
  endfacet
  facet normal -0.709784 -0.70442 0
    outer loop
      vertex -9.67415 11.1802 13
      vertex -10.1929 11.7029 19
      vertex -10.1929 11.7029 13
    endloop
  endfacet
  facet normal -0.709784 -0.70442 0
    outer loop
      vertex -10.1929 11.7029 19
      vertex -9.67415 11.1802 13
      vertex -9.67415 11.1802 19
    endloop
  endfacet
  facet normal -0.502007 -0.49816 -0.706984
    outer loop
      vertex -11.4031 10.0764 21.0054
      vertex -10.1929 11.7029 19
      vertex -11.2291 9.90872 21
    endloop
  endfacet
  facet normal -0.502011 -0.498156 -0.706983
    outer loop
      vertex -10.1929 11.7029 19
      vertex -11.4031 10.0764 21.0054
      vertex -11.6451 10.3356 20.9946
    endloop
  endfacet
  facet normal -0.502044 -0.498108 -0.706994
    outer loop
      vertex -11.2291 9.90872 21
      vertex -9.67415 11.1802 19
      vertex -11.0524 9.73843 20.9945
    endloop
  endfacet
  facet normal -0.501976 -0.498183 -0.706989
    outer loop
      vertex -9.67415 11.1802 19
      vertex -11.2291 9.90872 21
      vertex -10.1929 11.7029 19
    endloop
  endfacet
  facet normal -0.475117 -0.523877 0.706977
    outer loop
      vertex -9.67415 11.1802 13
      vertex -10.876 9.56847 10.998
      vertex -9.12857 10.6854 13
    endloop
  endfacet
  facet normal -0.47488 -0.524072 0.706992
    outer loop
      vertex -10.876 9.56847 10.998
      vertex -9.67415 11.1802 13
      vertex -11.0524 9.73843 11.0055
    endloop
  endfacet
  facet normal -0.475123 -0.52386 0.706986
    outer loop
      vertex -9.12857 10.6854 13
      vertex -10.7938 9.48928 10.9946
      vertex -10.4291 9.17322 11.0055
    endloop
  endfacet
  facet normal -0.475272 -0.523693 0.707009
    outer loop
      vertex -10.7938 9.48928 10.9946
      vertex -9.12857 10.6854 13
      vertex -10.876 9.56847 10.998
    endloop
  endfacet
  facet normal -0.671794 -0.740738 0
    outer loop
      vertex -9.67415 11.1802 13
      vertex -9.12857 10.6854 19
      vertex -9.67415 11.1802 19
    endloop
  endfacet
  facet normal -0.671794 -0.740738 -0
    outer loop
      vertex -9.12857 10.6854 19
      vertex -9.67415 11.1802 13
      vertex -9.12857 10.6854 13
    endloop
  endfacet
  facet normal -0.47494 -0.524006 -0.707001
    outer loop
      vertex -10.7938 9.48928 21.0054
      vertex -9.67415 11.1802 19
      vertex -10.6145 9.33392 21.0001
    endloop
  endfacet
  facet normal -0.475007 -0.523954 -0.706994
    outer loop
      vertex -9.67415 11.1802 19
      vertex -10.7938 9.48928 21.0054
      vertex -11.0524 9.73843 20.9945
    endloop
  endfacet
  facet normal -0.475293 -0.52371 -0.706983
    outer loop
      vertex -10.6145 9.33392 21.0001
      vertex -9.12857 10.6854 19
      vertex -10.4291 9.17322 20.9945
    endloop
  endfacet
  facet normal -0.475121 -0.523882 -0.706971
    outer loop
      vertex -9.12857 10.6854 19
      vertex -10.6145 9.33392 21.0001
      vertex -9.67415 11.1802 19
    endloop
  endfacet
  facet normal -0.446841 -0.548184 0.706985
    outer loop
      vertex -9.12857 10.6854 13
      vertex -10.244 9.0128 10.9981
      vertex -8.55774 10.2201 13
    endloop
  endfacet
  facet normal -0.446834 -0.54819 0.706985
    outer loop
      vertex -10.244 9.0128 10.9981
      vertex -9.12857 10.6854 13
      vertex -10.4291 9.17322 11.0055
    endloop
  endfacet
  facet normal -0.446757 -0.548257 0.706981
    outer loop
      vertex -8.55774 10.2201 13
      vertex -10.1544 8.93519 10.9946
      vertex -9.98749 8.80537 10.9994
    endloop
  endfacet
  facet normal -0.447032 -0.547979 0.707022
    outer loop
      vertex -10.1544 8.93519 10.9946
      vertex -8.55774 10.2201 13
      vertex -10.244 9.0128 10.9981
    endloop
  endfacet
  facet normal -0.446875 -0.548149 0.70699
    outer loop
      vertex -8.55774 10.2201 13
      vertex -9.98749 8.80537 10.9994
      vertex -9.98749 8.36891 10.661
    endloop
  endfacet
  facet normal -0.631819 -0.775116 0
    outer loop
      vertex -9.12857 10.6854 13
      vertex -8.55774 10.2201 19
      vertex -9.12857 10.6854 19
    endloop
  endfacet
  facet normal -0.631819 -0.775116 -0
    outer loop
      vertex -8.55774 10.2201 19
      vertex -9.12857 10.6854 13
      vertex -8.55774 10.2201 13
    endloop
  endfacet
  facet normal -0.448083 -0.547412 -0.706797
    outer loop
      vertex -9.98749 8.80537 21.0006
      vertex -9.12857 10.6854 19
      vertex -9.98749 8.75424 21.0402
    endloop
  endfacet
  facet normal -0.446745 -0.548241 -0.707001
    outer loop
      vertex -10.1544 8.93519 21.0054
      vertex -9.12857 10.6854 19
      vertex -9.98749 8.80537 21.0006
    endloop
  endfacet
  facet normal -0.446906 -0.548129 -0.706986
    outer loop
      vertex -9.12857 10.6854 19
      vertex -10.1544 8.93519 21.0054
      vertex -10.4291 9.17322 20.9945
    endloop
  endfacet
  facet normal -0.446775 -0.548229 -0.706991
    outer loop
      vertex -9.98749 8.75424 21.0402
      vertex -8.55774 10.2201 19
      vertex -9.98749 8.36891 21.339
    endloop
  endfacet
  facet normal -0.446834 -0.548176 -0.706995
    outer loop
      vertex -8.55774 10.2201 19
      vertex -9.98749 8.75424 21.0402
      vertex -9.12857 10.6854 19
    endloop
  endfacet
  facet normal -0.417452 -0.570875 0.70699
    outer loop
      vertex -9.98749 8.36891 10.661
      vertex -7.96321 9.78535 13
      vertex -8.55774 10.2201 13
    endloop
  endfacet
  facet normal -0.417502 -0.570823 0.707002
    outer loop
      vertex -7.96321 9.78535 13
      vertex -9.98749 8.36891 10.661
      vertex -9.98749 8.16851 10.4992
    endloop
  endfacet
  facet normal -0.417413 -0.57091 0.706986
    outer loop
      vertex -9.98749 8.16851 10.4992
      vertex -9.66962 7.31792 10
      vertex -7.96321 9.78535 13
    endloop
  endfacet
  facet normal -0.417456 -0.570911 0.706959
    outer loop
      vertex -9.66962 7.31792 10
      vertex -9.98749 8.16851 10.4992
      vertex -9.98749 7.55035 10
    endloop
  endfacet
  facet normal -0.590269 -0.807206 0
    outer loop
      vertex -8.55774 10.2201 13
      vertex -7.96321 9.78535 19
      vertex -8.55774 10.2201 19
    endloop
  endfacet
  facet normal -0.590269 -0.807206 -0
    outer loop
      vertex -7.96321 9.78535 19
      vertex -8.55774 10.2201 13
      vertex -7.96321 9.78535 13
    endloop
  endfacet
  facet normal -0.417445 -0.570896 -0.706978
    outer loop
      vertex -9.98749 8.36891 21.339
      vertex -9.66962 7.31792 22
      vertex -9.98749 7.55035 22
    endloop
  endfacet
  facet normal -0.417423 -0.570897 -0.70699
    outer loop
      vertex -9.66962 7.31792 22
      vertex -9.98749 8.36891 21.339
      vertex -8.55774 10.2201 19
    endloop
  endfacet
  facet normal -0.417455 -0.570879 -0.706985
    outer loop
      vertex -7.96321 9.78535 19
      vertex -9.66962 7.31792 22
      vertex -8.55774 10.2201 19
    endloop
  endfacet
  facet normal 0.590249 0.807221 -0
    outer loop
      vertex -9.66962 7.31792 10
      vertex -9.98749 7.55035 22
      vertex -9.66962 7.31792 22
    endloop
  endfacet
  facet normal 0.590249 0.807221 0
    outer loop
      vertex -9.98749 7.55035 22
      vertex -9.66962 7.31792 10
      vertex -9.98749 7.55035 10
    endloop
  endfacet
  facet normal -0.386836 -0.592056 0.706985
    outer loop
      vertex -7.96321 9.78535 13
      vertex -9.66962 7.31792 10
      vertex -7.34666 9.38251 13
    endloop
  endfacet
  facet normal -0.38683 -0.59206 0.706984
    outer loop
      vertex -7.34666 9.38251 13
      vertex -9.66962 7.31792 10
      vertex -8.92094 6.82876 10
    endloop
  endfacet
  facet normal -0.546975 -0.837149 0
    outer loop
      vertex -7.96321 9.78535 13
      vertex -7.34666 9.38251 19
      vertex -7.96321 9.78535 19
    endloop
  endfacet
  facet normal -0.546975 -0.837149 -0
    outer loop
      vertex -7.34666 9.38251 19
      vertex -7.96321 9.78535 13
      vertex -7.34666 9.38251 13
    endloop
  endfacet
  facet normal -0.38683 -0.592059 -0.706985
    outer loop
      vertex -8.92094 6.82876 22
      vertex -9.66962 7.31792 22
      vertex -7.96321 9.78535 19
    endloop
  endfacet
  facet normal -0.386836 -0.592056 -0.706984
    outer loop
      vertex -7.34666 9.38251 19
      vertex -8.92094 6.82876 22
      vertex -7.96321 9.78535 19
    endloop
  endfacet
  facet normal 0.546966 0.837155 -0
    outer loop
      vertex -8.92094 6.82876 10
      vertex -9.66962 7.31792 22
      vertex -8.92094 6.82876 22
    endloop
  endfacet
  facet normal 0.546966 0.837155 0
    outer loop
      vertex -9.66962 7.31792 22
      vertex -8.92094 6.82876 10
      vertex -9.66962 7.31792 10
    endloop
  endfacet
  facet normal -0.355163 -0.611582 0.706984
    outer loop
      vertex -7.34666 9.38251 13
      vertex -8.92094 6.82876 10
      vertex -6.70977 9.01265 13
    endloop
  endfacet
  facet normal -0.355167 -0.611579 0.706985
    outer loop
      vertex -6.70977 9.01265 13
      vertex -8.92094 6.82876 10
      vertex -8.14758 6.37964 10
    endloop
  endfacet
  facet normal -0.502189 -0.864758 0
    outer loop
      vertex -7.34666 9.38251 13
      vertex -6.70977 9.01265 19
      vertex -7.34666 9.38251 19
    endloop
  endfacet
  facet normal -0.502189 -0.864758 -0
    outer loop
      vertex -6.70977 9.01265 19
      vertex -7.34666 9.38251 13
      vertex -6.70977 9.01265 13
    endloop
  endfacet
  facet normal -0.355168 -0.611579 -0.706984
    outer loop
      vertex -8.14758 6.37964 22
      vertex -8.92094 6.82876 22
      vertex -7.34666 9.38251 19
    endloop
  endfacet
  facet normal -0.355162 -0.611581 -0.706985
    outer loop
      vertex -6.70977 9.01265 19
      vertex -8.14758 6.37964 22
      vertex -7.34666 9.38251 19
    endloop
  endfacet
  facet normal 0.502196 0.864754 -0
    outer loop
      vertex -8.14758 6.37964 10
      vertex -8.92094 6.82876 22
      vertex -8.14758 6.37964 22
    endloop
  endfacet
  facet normal 0.502196 0.864754 0
    outer loop
      vertex -8.92094 6.82876 22
      vertex -8.14758 6.37964 10
      vertex -8.92094 6.82876 10
    endloop
  endfacet
  facet normal -0.322512 -0.629411 0.706985
    outer loop
      vertex -6.70977 9.01265 13
      vertex -8.14758 6.37964 10
      vertex -6.05431 8.67679 13
    endloop
  endfacet
  facet normal -0.322505 -0.629416 0.706984
    outer loop
      vertex -6.05431 8.67679 13
      vertex -8.14758 6.37964 10
      vertex -7.35166 5.97182 10
    endloop
  endfacet
  facet normal -0.456023 -0.889968 0
    outer loop
      vertex -6.70977 9.01265 13
      vertex -6.05431 8.67679 19
      vertex -6.70977 9.01265 19
    endloop
  endfacet
  facet normal -0.456023 -0.889968 -0
    outer loop
      vertex -6.05431 8.67679 19
      vertex -6.70977 9.01265 13
      vertex -6.05431 8.67679 13
    endloop
  endfacet
  facet normal -0.322505 -0.629415 -0.706985
    outer loop
      vertex -7.35166 5.97182 22
      vertex -8.14758 6.37964 22
      vertex -6.70977 9.01265 19
    endloop
  endfacet
  facet normal -0.322513 -0.629412 -0.706984
    outer loop
      vertex -6.05431 8.67679 19
      vertex -7.35166 5.97182 22
      vertex -6.70977 9.01265 19
    endloop
  endfacet
  facet normal 0.456012 0.889974 -0
    outer loop
      vertex -7.35166 5.97182 10
      vertex -8.14758 6.37964 22
      vertex -7.35166 5.97182 22
    endloop
  endfacet
  facet normal 0.456012 0.889974 0
    outer loop
      vertex -8.14758 6.37964 22
      vertex -7.35166 5.97182 10
      vertex -8.14758 6.37964 10
    endloop
  endfacet
  facet normal -0.288964 -0.645502 0.706984
    outer loop
      vertex -6.05431 8.67679 13
      vertex -7.35166 5.97182 10
      vertex -5.3821 8.37587 13
    endloop
  endfacet
  facet normal -0.288961 -0.645504 0.706984
    outer loop
      vertex -5.3821 8.37587 13
      vertex -7.35166 5.97182 10
      vertex -6.5354 5.60642 10
    endloop
  endfacet
  facet normal -0.408586 -0.91272 0
    outer loop
      vertex -6.05431 8.67679 13
      vertex -5.3821 8.37587 19
      vertex -6.05431 8.67679 19
    endloop
  endfacet
  facet normal -0.408586 -0.91272 -0
    outer loop
      vertex -5.3821 8.37587 19
      vertex -6.05431 8.67679 13
      vertex -5.3821 8.37587 13
    endloop
  endfacet
  facet normal -0.288961 -0.645504 -0.706984
    outer loop
      vertex -6.5354 5.60642 22
      vertex -7.35166 5.97182 22
      vertex -6.05431 8.67679 19
    endloop
  endfacet
  facet normal -0.288964 -0.645503 -0.706983
    outer loop
      vertex -5.3821 8.37587 19
      vertex -6.5354 5.60642 22
      vertex -6.05431 8.67679 19
    endloop
  endfacet
  facet normal 0.408581 0.912722 -0
    outer loop
      vertex -6.5354 5.60642 10
      vertex -7.35166 5.97182 22
      vertex -6.5354 5.60642 22
    endloop
  endfacet
  facet normal 0.408581 0.912722 0
    outer loop
      vertex -7.35166 5.97182 22
      vertex -6.5354 5.60642 10
      vertex -7.35166 5.97182 10
    endloop
  endfacet
  facet normal -0.254614 -0.659808 0.706983
    outer loop
      vertex -5.3821 8.37587 13
      vertex -6.5354 5.60642 10
      vertex -4.69499 8.11072 13
    endloop
  endfacet
  facet normal -0.254618 -0.659806 0.706984
    outer loop
      vertex -4.69499 8.11072 13
      vertex -6.5354 5.60642 10
      vertex -5.70106 5.28445 10
    endloop
  endfacet
  facet normal -0.360016 -0.932946 0
    outer loop
      vertex -5.3821 8.37587 13
      vertex -4.69499 8.11072 19
      vertex -5.3821 8.37587 19
    endloop
  endfacet
  facet normal -0.360016 -0.932946 -0
    outer loop
      vertex -4.69499 8.11072 19
      vertex -5.3821 8.37587 13
      vertex -4.69499 8.11072 13
    endloop
  endfacet
  facet normal -0.254618 -0.659806 -0.706984
    outer loop
      vertex -5.70106 5.28445 22
      vertex -6.5354 5.60642 22
      vertex -5.3821 8.37587 19
    endloop
  endfacet
  facet normal -0.254614 -0.659807 -0.706984
    outer loop
      vertex -4.69499 8.11072 19
      vertex -5.70106 5.28445 22
      vertex -5.3821 8.37587 19
    endloop
  endfacet
  facet normal 0.360021 0.932944 -0
    outer loop
      vertex -5.70106 5.28445 10
      vertex -6.5354 5.60642 22
      vertex -5.70106 5.28445 22
    endloop
  endfacet
  facet normal 0.360021 0.932944 0
    outer loop
      vertex -6.5354 5.60642 22
      vertex -5.70106 5.28445 10
      vertex -6.5354 5.60642 10
    endloop
  endfacet
  facet normal -0.219565 -0.672283 0.706984
    outer loop
      vertex -4.69499 8.11072 13
      vertex -5.70106 5.28445 10
      vertex -3.99489 7.88207 13
    endloop
  endfacet
  facet normal -0.219566 -0.672283 0.706984
    outer loop
      vertex -3.99489 7.88207 13
      vertex -5.70106 5.28445 10
      vertex -4.85093 5.0068 10
    endloop
  endfacet
  facet normal -0.310458 -0.950587 0
    outer loop
      vertex -4.69499 8.11072 13
      vertex -3.99489 7.88207 19
      vertex -4.69499 8.11072 19
    endloop
  endfacet
  facet normal -0.310458 -0.950587 -0
    outer loop
      vertex -3.99489 7.88207 19
      vertex -4.69499 8.11072 13
      vertex -3.99489 7.88207 13
    endloop
  endfacet
  facet normal -0.219566 -0.672283 -0.706984
    outer loop
      vertex -4.85093 5.0068 22
      vertex -5.70106 5.28445 22
      vertex -4.69499 8.11072 19
    endloop
  endfacet
  facet normal -0.219565 -0.672283 -0.706984
    outer loop
      vertex -3.99489 7.88207 19
      vertex -4.85093 5.0068 22
      vertex -4.69499 8.11072 19
    endloop
  endfacet
  facet normal 0.310459 0.950587 -0
    outer loop
      vertex -4.85093 5.0068 10
      vertex -5.70106 5.28445 22
      vertex -4.85093 5.0068 22
    endloop
  endfacet
  facet normal 0.310459 0.950587 0
    outer loop
      vertex -5.70106 5.28445 22
      vertex -4.85093 5.0068 10
      vertex -5.70106 5.28445 10
    endloop
  endfacet
  facet normal -0.183909 -0.682899 0.706984
    outer loop
      vertex -3.99489 7.88207 13
      vertex -4.85093 5.0068 10
      vertex -3.28373 7.69055 13
    endloop
  endfacet
  facet normal -0.183909 -0.682899 0.706984
    outer loop
      vertex -3.28373 7.69055 13
      vertex -4.85093 5.0068 10
      vertex -3.98738 4.77424 10
    endloop
  endfacet
  facet normal -0.260042 -0.965597 0
    outer loop
      vertex -3.99489 7.88207 13
      vertex -3.28373 7.69055 19
      vertex -3.99489 7.88207 19
    endloop
  endfacet
  facet normal -0.260042 -0.965597 -0
    outer loop
      vertex -3.28373 7.69055 19
      vertex -3.99489 7.88207 13
      vertex -3.28373 7.69055 13
    endloop
  endfacet
  facet normal -0.183909 -0.682899 -0.706984
    outer loop
      vertex -3.98738 4.77424 22
      vertex -4.85093 5.0068 22
      vertex -3.99489 7.88207 19
    endloop
  endfacet
  facet normal -0.183909 -0.682899 -0.706984
    outer loop
      vertex -3.98738 4.77424 22
      vertex -3.99489 7.88207 19
      vertex -3.28373 7.69055 19
    endloop
  endfacet
  facet normal 0.260042 0.965597 -0
    outer loop
      vertex -3.98738 4.77424 10
      vertex -4.85093 5.0068 22
      vertex -3.98738 4.77424 22
    endloop
  endfacet
  facet normal 0.260042 0.965597 0
    outer loop
      vertex -4.85093 5.0068 22
      vertex -3.98738 4.77424 10
      vertex -4.85093 5.0068 10
    endloop
  endfacet
  facet normal -0.147745 -0.691625 0.706984
    outer loop
      vertex -3.28373 7.69055 13
      vertex -3.98738 4.77424 10
      vertex -2.56348 7.53669 13
    endloop
  endfacet
  facet normal -0.147739 -0.691627 0.706983
    outer loop
      vertex -2.56348 7.53669 13
      vertex -3.98738 4.77424 10
      vertex -3.1128 4.58742 10
    endloop
  endfacet
  facet normal -0.208907 -0.977936 0
    outer loop
      vertex -3.28373 7.69055 13
      vertex -2.56348 7.53669 19
      vertex -3.28373 7.69055 19
    endloop
  endfacet
  facet normal -0.208907 -0.977936 -0
    outer loop
      vertex -2.56348 7.53669 19
      vertex -3.28373 7.69055 13
      vertex -2.56348 7.53669 13
    endloop
  endfacet
  facet normal -0.147739 -0.691626 -0.706984
    outer loop
      vertex -3.1128 4.58742 22
      vertex -3.98738 4.77424 22
      vertex -3.28373 7.69055 19
    endloop
  endfacet
  facet normal -0.147745 -0.691626 -0.706983
    outer loop
      vertex -3.1128 4.58742 22
      vertex -3.28373 7.69055 19
      vertex -2.56348 7.53669 19
    endloop
  endfacet
  facet normal 0.208898 0.977937 -0
    outer loop
      vertex -3.1128 4.58742 10
      vertex -3.98738 4.77424 22
      vertex -3.1128 4.58742 22
    endloop
  endfacet
  facet normal 0.208898 0.977937 0
    outer loop
      vertex -3.98738 4.77424 22
      vertex -3.1128 4.58742 10
      vertex -3.98738 4.77424 10
    endloop
  endfacet
  facet normal -0.11116 -0.69844 0.706983
    outer loop
      vertex -2.56348 7.53669 13
      vertex -3.1128 4.58742 10
      vertex -1.83614 7.42093 13
    endloop
  endfacet
  facet normal -0.111171 -0.698436 0.706985
    outer loop
      vertex -1.83614 7.42093 13
      vertex -3.1128 4.58742 10
      vertex -2.2296 4.44684 10
    endloop
  endfacet
  facet normal -0.157177 -0.98757 0
    outer loop
      vertex -2.56348 7.53669 13
      vertex -1.83614 7.42093 19
      vertex -2.56348 7.53669 19
    endloop
  endfacet
  facet normal -0.157177 -0.98757 -0
    outer loop
      vertex -1.83614 7.42093 19
      vertex -2.56348 7.53669 13
      vertex -1.83614 7.42093 13
    endloop
  endfacet
  facet normal -0.111171 -0.698438 -0.706983
    outer loop
      vertex -2.2296 4.44684 22
      vertex -3.1128 4.58742 22
      vertex -2.56348 7.53669 19
    endloop
  endfacet
  facet normal -0.11116 -0.698438 -0.706985
    outer loop
      vertex -2.2296 4.44684 22
      vertex -2.56348 7.53669 19
      vertex -1.83614 7.42093 19
    endloop
  endfacet
  facet normal 0.157192 0.987568 -0
    outer loop
      vertex -2.2296 4.44684 10
      vertex -3.1128 4.58742 22
      vertex -2.2296 4.44684 22
    endloop
  endfacet
  facet normal 0.157192 0.987568 0
    outer loop
      vertex -3.1128 4.58742 22
      vertex -2.2296 4.44684 10
      vertex -3.1128 4.58742 10
    endloop
  endfacet
  facet normal -0.074286 -0.703316 0.706985
    outer loop
      vertex -1.83614 7.42093 13
      vertex -2.2296 4.44684 10
      vertex -1.10372 7.34357 13
    endloop
  endfacet
  facet normal -0.0742803 -0.703318 0.706984
    outer loop
      vertex -1.10372 7.34357 13
      vertex -2.2296 4.44684 10
      vertex -1.34023 4.35291 10
    endloop
  endfacet
  facet normal -0.105038 -0.994468 0
    outer loop
      vertex -1.83614 7.42093 13
      vertex -1.10372 7.34357 19
      vertex -1.83614 7.42093 19
    endloop
  endfacet
  facet normal -0.105038 -0.994468 -0
    outer loop
      vertex -1.10372 7.34357 19
      vertex -1.83614 7.42093 13
      vertex -1.10372 7.34357 13
    endloop
  endfacet
  facet normal -0.0742802 -0.703317 -0.706985
    outer loop
      vertex -1.34023 4.35291 22
      vertex -2.2296 4.44684 22
      vertex -1.83614 7.42093 19
    endloop
  endfacet
  facet normal -0.0742861 -0.703317 -0.706984
    outer loop
      vertex -1.34023 4.35291 22
      vertex -1.83614 7.42093 19
      vertex -1.10372 7.34357 19
    endloop
  endfacet
  facet normal 0.10503 0.994469 -0
    outer loop
      vertex -1.34023 4.35291 10
      vertex -2.2296 4.44684 22
      vertex -1.34023 4.35291 22
    endloop
  endfacet
  facet normal 0.10503 0.994469 0
    outer loop
      vertex -2.2296 4.44684 22
      vertex -1.34023 4.35291 10
      vertex -2.2296 4.44684 10
    endloop
  endfacet
  facet normal -0.0371912 -0.706251 0.706984
    outer loop
      vertex -1.10372 7.34357 13
      vertex -1.34023 4.35291 10
      vertex -0.368247 7.30484 13
    endloop
  endfacet
  facet normal -0.0371918 -0.706251 0.706984
    outer loop
      vertex -0.368247 7.30484 13
      vertex -1.34023 4.35291 10
      vertex -0.447157 4.30588 10
    endloop
  endfacet
  facet normal -0.0525871 -0.998616 0
    outer loop
      vertex -1.10372 7.34357 13
      vertex -0.368247 7.30484 19
      vertex -1.10372 7.34357 19
    endloop
  endfacet
  facet normal -0.0525871 -0.998616 -0
    outer loop
      vertex -0.368247 7.30484 19
      vertex -1.10372 7.34357 13
      vertex -0.368247 7.30484 13
    endloop
  endfacet
  facet normal -0.0371918 -0.706251 -0.706984
    outer loop
      vertex -0.447157 4.30588 22
      vertex -1.34023 4.35291 22
      vertex -1.10372 7.34357 19
    endloop
  endfacet
  facet normal -0.0371912 -0.706251 -0.706984
    outer loop
      vertex -0.447157 4.30588 22
      vertex -1.10372 7.34357 19
      vertex -0.368247 7.30484 19
    endloop
  endfacet
  facet normal 0.052588 0.998616 -0
    outer loop
      vertex -0.447157 4.30588 10
      vertex -1.34023 4.35291 22
      vertex -0.447157 4.30588 22
    endloop
  endfacet
  facet normal 0.052588 0.998616 0
    outer loop
      vertex -1.34023 4.35291 22
      vertex -0.447157 4.30588 10
      vertex -1.34023 4.35291 10
    endloop
  endfacet
  facet normal 0 -0.707229 0.706984
    outer loop
      vertex -0.447157 4.30588 10
      vertex 0.368247 7.30484 13
      vertex -0.368247 7.30484 13
    endloop
  endfacet
  facet normal 0 -0.707229 0.706984
    outer loop
      vertex 0.368247 7.30484 13
      vertex -0.447157 4.30588 10
      vertex 0.447157 4.30588 10
    endloop
  endfacet
  facet normal 0 -1 0
    outer loop
      vertex -0.368247 7.30484 13
      vertex 0.368247 7.30484 19
      vertex -0.368247 7.30484 19
    endloop
  endfacet
  facet normal 0 -1 -0
    outer loop
      vertex 0.368247 7.30484 19
      vertex -0.368247 7.30484 13
      vertex 0.368247 7.30484 13
    endloop
  endfacet
  facet normal 0 -0.707229 -0.706984
    outer loop
      vertex -0.368247 7.30484 19
      vertex 0.447157 4.30588 22
      vertex -0.447157 4.30588 22
    endloop
  endfacet
  facet normal 0 -0.707229 -0.706984
    outer loop
      vertex 0.447157 4.30588 22
      vertex -0.368247 7.30484 19
      vertex 0.368247 7.30484 19
    endloop
  endfacet
  facet normal 0 1 -0
    outer loop
      vertex 0.447157 4.30588 10
      vertex -0.447157 4.30588 22
      vertex 0.447157 4.30588 22
    endloop
  endfacet
  facet normal 0 1 0
    outer loop
      vertex -0.447157 4.30588 22
      vertex 0.447157 4.30588 10
      vertex -0.447157 4.30588 10
    endloop
  endfacet
  facet normal 0.0371912 -0.706251 0.706984
    outer loop
      vertex 1.10372 7.34357 13
      vertex 0.368247 7.30484 13
      vertex 0.447157 4.30588 10
    endloop
  endfacet
  facet normal 0.0371918 -0.706251 0.706984
    outer loop
      vertex 1.10372 7.34357 13
      vertex 0.447157 4.30588 10
      vertex 1.34023 4.35291 10
    endloop
  endfacet
  facet normal 0.0525871 -0.998616 0
    outer loop
      vertex 0.368247 7.30484 13
      vertex 1.10372 7.34357 19
      vertex 0.368247 7.30484 19
    endloop
  endfacet
  facet normal 0.0525871 -0.998616 0
    outer loop
      vertex 1.10372 7.34357 19
      vertex 0.368247 7.30484 13
      vertex 1.10372 7.34357 13
    endloop
  endfacet
  facet normal 0.0371918 -0.706251 -0.706984
    outer loop
      vertex 0.447157 4.30588 22
      vertex 0.368247 7.30484 19
      vertex 1.34023 4.35291 22
    endloop
  endfacet
  facet normal 0.0371912 -0.706251 -0.706984
    outer loop
      vertex 1.34023 4.35291 22
      vertex 0.368247 7.30484 19
      vertex 1.10372 7.34357 19
    endloop
  endfacet
  facet normal -0.052588 0.998616 0
    outer loop
      vertex 1.34023 4.35291 10
      vertex 0.447157 4.30588 22
      vertex 1.34023 4.35291 22
    endloop
  endfacet
  facet normal -0.052588 0.998616 0
    outer loop
      vertex 0.447157 4.30588 22
      vertex 1.34023 4.35291 10
      vertex 0.447157 4.30588 10
    endloop
  endfacet
  facet normal 0.0742861 -0.703317 0.706984
    outer loop
      vertex 1.83614 7.42093 13
      vertex 1.10372 7.34357 13
      vertex 1.34023 4.35291 10
    endloop
  endfacet
  facet normal 0.0742802 -0.703317 0.706985
    outer loop
      vertex 1.83614 7.42093 13
      vertex 1.34023 4.35291 10
      vertex 2.2296 4.44684 10
    endloop
  endfacet
  facet normal 0.105038 -0.994468 0
    outer loop
      vertex 1.10372 7.34357 13
      vertex 1.83614 7.42093 19
      vertex 1.10372 7.34357 19
    endloop
  endfacet
  facet normal 0.105038 -0.994468 0
    outer loop
      vertex 1.83614 7.42093 19
      vertex 1.10372 7.34357 13
      vertex 1.83614 7.42093 13
    endloop
  endfacet
  facet normal 0.0742803 -0.703318 -0.706984
    outer loop
      vertex 1.34023 4.35291 22
      vertex 1.10372 7.34357 19
      vertex 2.2296 4.44684 22
    endloop
  endfacet
  facet normal 0.074286 -0.703316 -0.706985
    outer loop
      vertex 2.2296 4.44684 22
      vertex 1.10372 7.34357 19
      vertex 1.83614 7.42093 19
    endloop
  endfacet
  facet normal -0.10503 0.994469 0
    outer loop
      vertex 2.2296 4.44684 10
      vertex 1.34023 4.35291 22
      vertex 2.2296 4.44684 22
    endloop
  endfacet
  facet normal -0.10503 0.994469 0
    outer loop
      vertex 1.34023 4.35291 22
      vertex 2.2296 4.44684 10
      vertex 1.34023 4.35291 10
    endloop
  endfacet
  facet normal 0.11116 -0.698438 0.706985
    outer loop
      vertex 2.56348 7.53669 13
      vertex 1.83614 7.42093 13
      vertex 2.2296 4.44684 10
    endloop
  endfacet
  facet normal 0.111171 -0.698438 0.706983
    outer loop
      vertex 2.56348 7.53669 13
      vertex 2.2296 4.44684 10
      vertex 3.1128 4.58742 10
    endloop
  endfacet
  facet normal 0.157177 -0.98757 0
    outer loop
      vertex 1.83614 7.42093 13
      vertex 2.56348 7.53669 19
      vertex 1.83614 7.42093 19
    endloop
  endfacet
  facet normal 0.157177 -0.98757 0
    outer loop
      vertex 2.56348 7.53669 19
      vertex 1.83614 7.42093 13
      vertex 2.56348 7.53669 13
    endloop
  endfacet
  facet normal 0.111171 -0.698436 -0.706985
    outer loop
      vertex 2.2296 4.44684 22
      vertex 1.83614 7.42093 19
      vertex 3.1128 4.58742 22
    endloop
  endfacet
  facet normal 0.11116 -0.69844 -0.706983
    outer loop
      vertex 3.1128 4.58742 22
      vertex 1.83614 7.42093 19
      vertex 2.56348 7.53669 19
    endloop
  endfacet
  facet normal -0.157192 0.987568 0
    outer loop
      vertex 3.1128 4.58742 10
      vertex 2.2296 4.44684 22
      vertex 3.1128 4.58742 22
    endloop
  endfacet
  facet normal -0.157192 0.987568 0
    outer loop
      vertex 2.2296 4.44684 22
      vertex 3.1128 4.58742 10
      vertex 2.2296 4.44684 10
    endloop
  endfacet
  facet normal 0.147745 -0.691626 0.706983
    outer loop
      vertex 3.28373 7.69055 13
      vertex 2.56348 7.53669 13
      vertex 3.1128 4.58742 10
    endloop
  endfacet
  facet normal 0.147739 -0.691626 0.706984
    outer loop
      vertex 3.28373 7.69055 13
      vertex 3.1128 4.58742 10
      vertex 3.98738 4.77424 10
    endloop
  endfacet
  facet normal 0.208907 -0.977936 0
    outer loop
      vertex 2.56348 7.53669 13
      vertex 3.28373 7.69055 19
      vertex 2.56348 7.53669 19
    endloop
  endfacet
  facet normal 0.208907 -0.977936 0
    outer loop
      vertex 3.28373 7.69055 19
      vertex 2.56348 7.53669 13
      vertex 3.28373 7.69055 13
    endloop
  endfacet
  facet normal 0.147739 -0.691627 -0.706983
    outer loop
      vertex 3.1128 4.58742 22
      vertex 2.56348 7.53669 19
      vertex 3.98738 4.77424 22
    endloop
  endfacet
  facet normal 0.147745 -0.691625 -0.706984
    outer loop
      vertex 3.98738 4.77424 22
      vertex 2.56348 7.53669 19
      vertex 3.28373 7.69055 19
    endloop
  endfacet
  facet normal -0.208898 0.977937 0
    outer loop
      vertex 3.98738 4.77424 10
      vertex 3.1128 4.58742 22
      vertex 3.98738 4.77424 22
    endloop
  endfacet
  facet normal -0.208898 0.977937 0
    outer loop
      vertex 3.1128 4.58742 22
      vertex 3.98738 4.77424 10
      vertex 3.1128 4.58742 10
    endloop
  endfacet
  facet normal 0.183909 -0.682899 0.706984
    outer loop
      vertex 3.99489 7.88207 13
      vertex 3.28373 7.69055 13
      vertex 3.98738 4.77424 10
    endloop
  endfacet
  facet normal 0.183909 -0.682899 0.706984
    outer loop
      vertex 3.99489 7.88207 13
      vertex 3.98738 4.77424 10
      vertex 4.85093 5.0068 10
    endloop
  endfacet
  facet normal 0.260042 -0.965597 0
    outer loop
      vertex 3.28373 7.69055 13
      vertex 3.99489 7.88207 19
      vertex 3.28373 7.69055 19
    endloop
  endfacet
  facet normal 0.260042 -0.965597 0
    outer loop
      vertex 3.99489 7.88207 19
      vertex 3.28373 7.69055 13
      vertex 3.99489 7.88207 13
    endloop
  endfacet
  facet normal 0.183909 -0.682899 -0.706984
    outer loop
      vertex 3.98738 4.77424 22
      vertex 3.28373 7.69055 19
      vertex 4.85093 5.0068 22
    endloop
  endfacet
  facet normal 0.183909 -0.682899 -0.706984
    outer loop
      vertex 4.85093 5.0068 22
      vertex 3.28373 7.69055 19
      vertex 3.99489 7.88207 19
    endloop
  endfacet
  facet normal -0.260042 0.965597 0
    outer loop
      vertex 4.85093 5.0068 10
      vertex 3.98738 4.77424 22
      vertex 4.85093 5.0068 22
    endloop
  endfacet
  facet normal -0.260042 0.965597 0
    outer loop
      vertex 3.98738 4.77424 22
      vertex 4.85093 5.0068 10
      vertex 3.98738 4.77424 10
    endloop
  endfacet
  facet normal 0.219565 -0.672283 0.706984
    outer loop
      vertex 4.69499 8.11072 13
      vertex 3.99489 7.88207 13
      vertex 4.85093 5.0068 10
    endloop
  endfacet
  facet normal 0.219566 -0.672283 0.706984
    outer loop
      vertex 5.70106 5.28445 10
      vertex 4.69499 8.11072 13
      vertex 4.85093 5.0068 10
    endloop
  endfacet
  facet normal 0.310458 -0.950587 0
    outer loop
      vertex 3.99489 7.88207 13
      vertex 4.69499 8.11072 19
      vertex 3.99489 7.88207 19
    endloop
  endfacet
  facet normal 0.310458 -0.950587 0
    outer loop
      vertex 4.69499 8.11072 19
      vertex 3.99489 7.88207 13
      vertex 4.69499 8.11072 13
    endloop
  endfacet
  facet normal 0.219566 -0.672283 -0.706984
    outer loop
      vertex 4.85093 5.0068 22
      vertex 3.99489 7.88207 19
      vertex 5.70106 5.28445 22
    endloop
  endfacet
  facet normal 0.219565 -0.672283 -0.706984
    outer loop
      vertex 5.70106 5.28445 22
      vertex 3.99489 7.88207 19
      vertex 4.69499 8.11072 19
    endloop
  endfacet
  facet normal -0.310459 0.950587 0
    outer loop
      vertex 5.70106 5.28445 10
      vertex 4.85093 5.0068 22
      vertex 5.70106 5.28445 22
    endloop
  endfacet
  facet normal -0.310459 0.950587 0
    outer loop
      vertex 4.85093 5.0068 22
      vertex 5.70106 5.28445 10
      vertex 4.85093 5.0068 10
    endloop
  endfacet
  facet normal 0.254614 -0.659807 0.706984
    outer loop
      vertex 5.3821 8.37587 13
      vertex 4.69499 8.11072 13
      vertex 5.70106 5.28445 10
    endloop
  endfacet
  facet normal 0.254618 -0.659806 0.706984
    outer loop
      vertex 6.5354 5.60642 10
      vertex 5.3821 8.37587 13
      vertex 5.70106 5.28445 10
    endloop
  endfacet
  facet normal 0.360016 -0.932946 0
    outer loop
      vertex 4.69499 8.11072 13
      vertex 5.3821 8.37587 19
      vertex 4.69499 8.11072 19
    endloop
  endfacet
  facet normal 0.360016 -0.932946 0
    outer loop
      vertex 5.3821 8.37587 19
      vertex 4.69499 8.11072 13
      vertex 5.3821 8.37587 13
    endloop
  endfacet
  facet normal 0.254618 -0.659806 -0.706984
    outer loop
      vertex 5.70106 5.28445 22
      vertex 4.69499 8.11072 19
      vertex 6.5354 5.60642 22
    endloop
  endfacet
  facet normal 0.254614 -0.659808 -0.706983
    outer loop
      vertex 6.5354 5.60642 22
      vertex 4.69499 8.11072 19
      vertex 5.3821 8.37587 19
    endloop
  endfacet
  facet normal -0.360021 0.932944 0
    outer loop
      vertex 6.5354 5.60642 10
      vertex 5.70106 5.28445 22
      vertex 6.5354 5.60642 22
    endloop
  endfacet
  facet normal -0.360021 0.932944 0
    outer loop
      vertex 5.70106 5.28445 22
      vertex 6.5354 5.60642 10
      vertex 5.70106 5.28445 10
    endloop
  endfacet
  facet normal 0.288964 -0.645503 0.706983
    outer loop
      vertex 6.05431 8.67679 13
      vertex 5.3821 8.37587 13
      vertex 6.5354 5.60642 10
    endloop
  endfacet
  facet normal 0.288961 -0.645504 0.706984
    outer loop
      vertex 7.35166 5.97182 10
      vertex 6.05431 8.67679 13
      vertex 6.5354 5.60642 10
    endloop
  endfacet
  facet normal 0.408586 -0.91272 0
    outer loop
      vertex 5.3821 8.37587 13
      vertex 6.05431 8.67679 19
      vertex 5.3821 8.37587 19
    endloop
  endfacet
  facet normal 0.408586 -0.91272 0
    outer loop
      vertex 6.05431 8.67679 19
      vertex 5.3821 8.37587 13
      vertex 6.05431 8.67679 13
    endloop
  endfacet
  facet normal 0.288961 -0.645504 -0.706984
    outer loop
      vertex 6.5354 5.60642 22
      vertex 5.3821 8.37587 19
      vertex 7.35166 5.97182 22
    endloop
  endfacet
  facet normal 0.288964 -0.645502 -0.706984
    outer loop
      vertex 7.35166 5.97182 22
      vertex 5.3821 8.37587 19
      vertex 6.05431 8.67679 19
    endloop
  endfacet
  facet normal -0.408581 0.912722 0
    outer loop
      vertex 7.35166 5.97182 10
      vertex 6.5354 5.60642 22
      vertex 7.35166 5.97182 22
    endloop
  endfacet
  facet normal -0.408581 0.912722 0
    outer loop
      vertex 6.5354 5.60642 22
      vertex 7.35166 5.97182 10
      vertex 6.5354 5.60642 10
    endloop
  endfacet
  facet normal 0.322513 -0.629412 0.706984
    outer loop
      vertex 6.70977 9.01265 13
      vertex 6.05431 8.67679 13
      vertex 7.35166 5.97182 10
    endloop
  endfacet
  facet normal 0.322505 -0.629415 0.706985
    outer loop
      vertex 8.14758 6.37964 10
      vertex 6.70977 9.01265 13
      vertex 7.35166 5.97182 10
    endloop
  endfacet
  facet normal 0.456023 -0.889968 0
    outer loop
      vertex 6.05431 8.67679 13
      vertex 6.70977 9.01265 19
      vertex 6.05431 8.67679 19
    endloop
  endfacet
  facet normal 0.456023 -0.889968 0
    outer loop
      vertex 6.70977 9.01265 19
      vertex 6.05431 8.67679 13
      vertex 6.70977 9.01265 13
    endloop
  endfacet
  facet normal 0.322505 -0.629416 -0.706984
    outer loop
      vertex 7.35166 5.97182 22
      vertex 6.05431 8.67679 19
      vertex 8.14758 6.37964 22
    endloop
  endfacet
  facet normal 0.322512 -0.629411 -0.706985
    outer loop
      vertex 8.14758 6.37964 22
      vertex 6.05431 8.67679 19
      vertex 6.70977 9.01265 19
    endloop
  endfacet
  facet normal -0.456012 0.889974 0
    outer loop
      vertex 8.14758 6.37964 10
      vertex 7.35166 5.97182 22
      vertex 8.14758 6.37964 22
    endloop
  endfacet
  facet normal -0.456012 0.889974 0
    outer loop
      vertex 7.35166 5.97182 22
      vertex 8.14758 6.37964 10
      vertex 7.35166 5.97182 10
    endloop
  endfacet
  facet normal 0.355162 -0.611581 0.706985
    outer loop
      vertex 7.34666 9.38251 13
      vertex 6.70977 9.01265 13
      vertex 8.14758 6.37964 10
    endloop
  endfacet
  facet normal 0.355168 -0.611579 0.706984
    outer loop
      vertex 8.92094 6.82876 10
      vertex 7.34666 9.38251 13
      vertex 8.14758 6.37964 10
    endloop
  endfacet
  facet normal 0.502189 -0.864758 0
    outer loop
      vertex 6.70977 9.01265 13
      vertex 7.34666 9.38251 19
      vertex 6.70977 9.01265 19
    endloop
  endfacet
  facet normal 0.502189 -0.864758 0
    outer loop
      vertex 7.34666 9.38251 19
      vertex 6.70977 9.01265 13
      vertex 7.34666 9.38251 13
    endloop
  endfacet
  facet normal 0.355167 -0.611579 -0.706985
    outer loop
      vertex 8.14758 6.37964 22
      vertex 6.70977 9.01265 19
      vertex 8.92094 6.82876 22
    endloop
  endfacet
  facet normal 0.355163 -0.611582 -0.706984
    outer loop
      vertex 8.92094 6.82876 22
      vertex 6.70977 9.01265 19
      vertex 7.34666 9.38251 19
    endloop
  endfacet
  facet normal -0.502196 0.864754 0
    outer loop
      vertex 8.92094 6.82876 10
      vertex 8.14758 6.37964 22
      vertex 8.92094 6.82876 22
    endloop
  endfacet
  facet normal -0.502196 0.864754 0
    outer loop
      vertex 8.14758 6.37964 22
      vertex 8.92094 6.82876 10
      vertex 8.14758 6.37964 10
    endloop
  endfacet
  facet normal 0.386836 -0.592056 0.706984
    outer loop
      vertex 7.96321 9.78535 13
      vertex 7.34666 9.38251 13
      vertex 8.92094 6.82876 10
    endloop
  endfacet
  facet normal 0.38683 -0.592059 0.706985
    outer loop
      vertex 9.66962 7.31792 10
      vertex 7.96321 9.78535 13
      vertex 8.92094 6.82876 10
    endloop
  endfacet
  facet normal 0.546975 -0.837149 0
    outer loop
      vertex 7.34666 9.38251 13
      vertex 7.96321 9.78535 19
      vertex 7.34666 9.38251 19
    endloop
  endfacet
  facet normal 0.546975 -0.837149 0
    outer loop
      vertex 7.96321 9.78535 19
      vertex 7.34666 9.38251 13
      vertex 7.96321 9.78535 13
    endloop
  endfacet
  facet normal 0.38683 -0.59206 -0.706984
    outer loop
      vertex 8.92094 6.82876 22
      vertex 7.34666 9.38251 19
      vertex 9.66962 7.31792 22
    endloop
  endfacet
  facet normal 0.386836 -0.592056 -0.706985
    outer loop
      vertex 9.66962 7.31792 22
      vertex 7.34666 9.38251 19
      vertex 7.96321 9.78535 19
    endloop
  endfacet
  facet normal -0.546966 0.837155 0
    outer loop
      vertex 9.66962 7.31792 10
      vertex 8.92094 6.82876 22
      vertex 9.66962 7.31792 22
    endloop
  endfacet
  facet normal -0.546966 0.837155 0
    outer loop
      vertex 8.92094 6.82876 22
      vertex 9.66962 7.31792 10
      vertex 8.92094 6.82876 10
    endloop
  endfacet
  facet normal 0.417455 -0.570879 0.706985
    outer loop
      vertex 8.55774 10.2201 13
      vertex 7.96321 9.78535 13
      vertex 9.66962 7.31792 10
    endloop
  endfacet
  facet normal 0.417445 -0.570896 0.706978
    outer loop
      vertex 9.98749 8.36891 10.661
      vertex 9.66962 7.31792 10
      vertex 9.98749 7.55035 10
    endloop
  endfacet
  facet normal 0.417423 -0.570897 0.70699
    outer loop
      vertex 9.66962 7.31792 10
      vertex 9.98749 8.36891 10.661
      vertex 8.55774 10.2201 13
    endloop
  endfacet
  facet normal 0.590269 -0.807206 0
    outer loop
      vertex 7.96321 9.78535 13
      vertex 8.55774 10.2201 19
      vertex 7.96321 9.78535 19
    endloop
  endfacet
  facet normal 0.590269 -0.807206 0
    outer loop
      vertex 8.55774 10.2201 19
      vertex 7.96321 9.78535 13
      vertex 8.55774 10.2201 13
    endloop
  endfacet
  facet normal 0.417456 -0.570911 -0.706959
    outer loop
      vertex 9.66962 7.31792 22
      vertex 9.98749 8.16851 21.5008
      vertex 9.98749 7.55035 22
    endloop
  endfacet
  facet normal 0.417413 -0.57091 -0.706986
    outer loop
      vertex 9.98749 8.16851 21.5008
      vertex 9.66962 7.31792 22
      vertex 7.96321 9.78535 19
    endloop
  endfacet
  facet normal 0.417502 -0.570823 -0.707002
    outer loop
      vertex 7.96321 9.78535 19
      vertex 9.98749 8.36891 21.339
      vertex 9.98749 8.16851 21.5008
    endloop
  endfacet
  facet normal 0.417452 -0.570875 -0.70699
    outer loop
      vertex 9.98749 8.36891 21.339
      vertex 7.96321 9.78535 19
      vertex 8.55774 10.2201 19
    endloop
  endfacet
  facet normal -0.590249 0.807221 0
    outer loop
      vertex 9.98749 7.55035 10
      vertex 9.66962 7.31792 22
      vertex 9.98749 7.55035 22
    endloop
  endfacet
  facet normal -0.590249 0.807221 0
    outer loop
      vertex 9.66962 7.31792 22
      vertex 9.98749 7.55035 10
      vertex 9.66962 7.31792 10
    endloop
  endfacet
  facet normal 0.446834 -0.548176 0.706995
    outer loop
      vertex 8.55774 10.2201 13
      vertex 9.98749 8.75424 10.9598
      vertex 9.12857 10.6854 13
    endloop
  endfacet
  facet normal 0.446775 -0.548229 0.706991
    outer loop
      vertex 9.98749 8.75424 10.9598
      vertex 8.55774 10.2201 13
      vertex 9.98749 8.36891 10.661
    endloop
  endfacet
  facet normal 0.446906 -0.548129 0.706986
    outer loop
      vertex 9.12857 10.6854 13
      vertex 10.1544 8.93519 10.9946
      vertex 10.4291 9.17322 11.0055
    endloop
  endfacet
  facet normal 0.448083 -0.547412 0.706797
    outer loop
      vertex 9.98749 8.80537 10.9994
      vertex 9.12857 10.6854 13
      vertex 9.98749 8.75424 10.9598
    endloop
  endfacet
  facet normal 0.446745 -0.548241 0.707001
    outer loop
      vertex 10.1544 8.93519 10.9946
      vertex 9.12857 10.6854 13
      vertex 9.98749 8.80537 10.9994
    endloop
  endfacet
  facet normal 0.631819 -0.775116 0
    outer loop
      vertex 8.55774 10.2201 13
      vertex 9.12857 10.6854 19
      vertex 8.55774 10.2201 19
    endloop
  endfacet
  facet normal 0.631819 -0.775116 0
    outer loop
      vertex 9.12857 10.6854 19
      vertex 8.55774 10.2201 13
      vertex 9.12857 10.6854 13
    endloop
  endfacet
  facet normal 0.446875 -0.548149 -0.70699
    outer loop
      vertex 9.98749 8.36891 21.339
      vertex 8.55774 10.2201 19
      vertex 9.98749 8.80537 21.0006
    endloop
  endfacet
  facet normal 0.446757 -0.548257 -0.706981
    outer loop
      vertex 8.55774 10.2201 19
      vertex 10.1544 8.93519 21.0054
      vertex 9.98749 8.80537 21.0006
    endloop
  endfacet
  facet normal 0.447032 -0.547979 -0.707022
    outer loop
      vertex 10.1544 8.93519 21.0054
      vertex 8.55774 10.2201 19
      vertex 10.244 9.0128 21.0019
    endloop
  endfacet
  facet normal 0.446834 -0.54819 -0.706985
    outer loop
      vertex 10.244 9.0128 21.0019
      vertex 9.12857 10.6854 19
      vertex 10.4291 9.17322 20.9945
    endloop
  endfacet
  facet normal 0.446841 -0.548184 -0.706985
    outer loop
      vertex 9.12857 10.6854 19
      vertex 10.244 9.0128 21.0019
      vertex 8.55774 10.2201 19
    endloop
  endfacet
  facet normal 0.475121 -0.523882 0.706971
    outer loop
      vertex 9.12857 10.6854 13
      vertex 10.6145 9.33392 10.9999
      vertex 9.67415 11.1802 13
    endloop
  endfacet
  facet normal 0.475293 -0.52371 0.706983
    outer loop
      vertex 10.6145 9.33392 10.9999
      vertex 9.12857 10.6854 13
      vertex 10.4291 9.17322 11.0055
    endloop
  endfacet
  facet normal 0.475007 -0.523954 0.706994
    outer loop
      vertex 9.67415 11.1802 13
      vertex 10.7938 9.48928 10.9946
      vertex 11.0524 9.73843 11.0055
    endloop
  endfacet
  facet normal 0.47494 -0.524006 0.707001
    outer loop
      vertex 10.7938 9.48928 10.9946
      vertex 9.67415 11.1802 13
      vertex 10.6145 9.33392 10.9999
    endloop
  endfacet
  facet normal 0.671794 -0.740738 0
    outer loop
      vertex 9.12857 10.6854 13
      vertex 9.67415 11.1802 19
      vertex 9.12857 10.6854 19
    endloop
  endfacet
  facet normal 0.671794 -0.740738 0
    outer loop
      vertex 9.67415 11.1802 19
      vertex 9.12857 10.6854 13
      vertex 9.67415 11.1802 13
    endloop
  endfacet
  facet normal 0.475123 -0.52386 -0.706986
    outer loop
      vertex 9.12857 10.6854 19
      vertex 10.7938 9.48928 21.0054
      vertex 10.4291 9.17322 20.9945
    endloop
  endfacet
  facet normal 0.475272 -0.523693 -0.707009
    outer loop
      vertex 10.7938 9.48928 21.0054
      vertex 9.12857 10.6854 19
      vertex 10.876 9.56847 21.002
    endloop
  endfacet
  facet normal 0.47488 -0.524072 -0.706992
    outer loop
      vertex 10.876 9.56847 21.002
      vertex 9.67415 11.1802 19
      vertex 11.0524 9.73843 20.9945
    endloop
  endfacet
  facet normal 0.475117 -0.523877 -0.706977
    outer loop
      vertex 9.67415 11.1802 19
      vertex 10.876 9.56847 21.002
      vertex 9.12857 10.6854 19
    endloop
  endfacet
  facet normal 0.501976 -0.498183 0.706989
    outer loop
      vertex 9.67415 11.1802 13
      vertex 11.2291 9.90872 11
      vertex 10.1929 11.7029 13
    endloop
  endfacet
  facet normal 0.502044 -0.498108 0.706994
    outer loop
      vertex 11.2291 9.90872 11
      vertex 9.67415 11.1802 13
      vertex 11.0524 9.73843 11.0055
    endloop
  endfacet
  facet normal 0.502011 -0.498156 0.706983
    outer loop
      vertex 10.1929 11.7029 13
      vertex 11.4031 10.0764 10.9946
      vertex 11.6451 10.3356 11.0054
    endloop
  endfacet
  facet normal 0.502007 -0.49816 0.706984
    outer loop
      vertex 11.4031 10.0764 10.9946
      vertex 10.1929 11.7029 13
      vertex 11.2291 9.90872 11
    endloop
  endfacet
  facet normal 0.709784 -0.70442 0
    outer loop
      vertex 9.67415 11.1802 19
      vertex 10.1929 11.7029 13
      vertex 10.1929 11.7029 19
    endloop
  endfacet
  facet normal 0.709784 -0.70442 0
    outer loop
      vertex 10.1929 11.7029 13
      vertex 9.67415 11.1802 19
      vertex 9.67415 11.1802 13
    endloop
  endfacet
  facet normal 0.502022 -0.49813 -0.706994
    outer loop
      vertex 9.67415 11.1802 19
      vertex 11.4031 10.0764 21.0054
      vertex 11.0524 9.73843 20.9945
    endloop
  endfacet
  facet normal 0.501708 -0.498523 -0.70694
    outer loop
      vertex 11.4031 10.0764 21.0054
      vertex 9.67415 11.1802 19
      vertex 11.478 10.1566 21.002
    endloop
  endfacet
  facet normal 0.502159 -0.498003 -0.706986
    outer loop
      vertex 11.478 10.1566 21.002
      vertex 10.1929 11.7029 19
      vertex 11.6451 10.3356 20.9946
    endloop
  endfacet
  facet normal 0.50197 -0.498176 -0.706999
    outer loop
      vertex 10.1929 11.7029 19
      vertex 11.478 10.1566 21.002
      vertex 9.67415 11.1802 19
    endloop
  endfacet
  facet normal 0.527482 -0.471114 0.706976
    outer loop
      vertex 10.1929 11.7029 13
      vertex 11.8126 10.5151 11
      vertex 10.6835 12.2522 13
    endloop
  endfacet
  facet normal 0.527557 -0.47102 0.706981
    outer loop
      vertex 11.8126 10.5151 11
      vertex 10.1929 11.7029 13
      vertex 11.6451 10.3356 11.0054
    endloop
  endfacet
  facet normal 0.527533 -0.471051 0.70698
    outer loop
      vertex 10.6835 12.2522 13
      vertex 11.9805 10.6949 10.9946
      vertex 12.2056 10.9632 11.0054
    endloop
  endfacet
  facet normal 0.527357 -0.47122 0.706998
    outer loop
      vertex 11.9805 10.6949 10.9946
      vertex 10.6835 12.2522 13
      vertex 11.8126 10.5151 11
    endloop
  endfacet
  facet normal 0.745834 -0.666132 0
    outer loop
      vertex 10.1929 11.7029 19
      vertex 10.6835 12.2522 13
      vertex 10.6835 12.2522 19
    endloop
  endfacet
  facet normal 0.745834 -0.666132 0
    outer loop
      vertex 10.6835 12.2522 13
      vertex 10.1929 11.7029 19
      vertex 10.1929 11.7029 13
    endloop
  endfacet
  facet normal 0.527462 -0.471125 -0.706983
    outer loop
      vertex 10.1929 11.7029 19
      vertex 11.9805 10.6949 21.0054
      vertex 11.6451 10.3356 20.9946
    endloop
  endfacet
  facet normal 0.527338 -0.471298 -0.70696
    outer loop
      vertex 11.9805 10.6949 21.0054
      vertex 10.1929 11.7029 19
      vertex 12.0482 10.7756 21.0021
    endloop
  endfacet
  facet normal 0.527621 -0.470949 -0.706982
    outer loop
      vertex 12.0482 10.7756 21.0021
      vertex 10.6835 12.2522 19
      vertex 12.2056 10.9632 20.9946
    endloop
  endfacet
  facet normal 0.52747 -0.471103 -0.706992
    outer loop
      vertex 10.6835 12.2522 19
      vertex 12.0482 10.7756 21.0021
      vertex 10.1929 11.7029 19
    endloop
  endfacet
  facet normal 0.551507 -0.442722 0.706992
    outer loop
      vertex 10.6835 12.2522 13
      vertex 12.3634 11.1512 11.0001
      vertex 11.1446 12.8266 13
    endloop
  endfacet
  facet normal 0.551389 -0.442884 0.706982
    outer loop
      vertex 12.3634 11.1512 11.0001
      vertex 10.6835 12.2522 13
      vertex 12.2056 10.9632 11.0054
    endloop
  endfacet
  facet normal 0.551578 -0.442665 0.706972
    outer loop
      vertex 11.1446 12.8266 13
      vertex 12.5244 11.3431 10.9946
      vertex 12.7323 11.6194 11.0054
    endloop
  endfacet
  facet normal 0.551664 -0.442572 0.706963
    outer loop
      vertex 12.5244 11.3431 10.9946
      vertex 11.1446 12.8266 13
      vertex 12.3634 11.1512 11.0001
    endloop
  endfacet
  facet normal 0.779821 -0.626002 0
    outer loop
      vertex 10.6835 12.2522 19
      vertex 11.1446 12.8266 13
      vertex 11.1446 12.8266 19
    endloop
  endfacet
  facet normal 0.779821 -0.626002 0
    outer loop
      vertex 11.1446 12.8266 13
      vertex 10.6835 12.2522 19
      vertex 10.6835 12.2522 13
    endloop
  endfacet
  facet normal 0.551523 -0.442722 -0.706979
    outer loop
      vertex 10.6835 12.2522 19
      vertex 12.5244 11.3431 21.0054
      vertex 12.2056 10.9632 20.9946
    endloop
  endfacet
  facet normal 0.551223 -0.443193 -0.706918
    outer loop
      vertex 12.5244 11.3431 21.0054
      vertex 10.6835 12.2522 19
      vertex 12.5851 11.4237 21.0022
    endloop
  endfacet
  facet normal 0.55174 -0.442458 -0.706975
    outer loop
      vertex 12.5851 11.4237 21.0022
      vertex 11.1446 12.8266 19
      vertex 12.7323 11.6194 20.9946
    endloop
  endfacet
  facet normal 0.551506 -0.442722 -0.706992
    outer loop
      vertex 11.1446 12.8266 19
      vertex 12.5851 11.4237 21.0022
      vertex 10.6835 12.2522 19
    endloop
  endfacet
  facet normal 0.574087 -0.413039 0.706982
    outer loop
      vertex 11.1446 12.8266 13
      vertex 12.88 11.8155 11.0001
      vertex 11.5747 13.4244 13
    endloop
  endfacet
  facet normal 0.573978 -0.413206 0.706972
    outer loop
      vertex 12.88 11.8155 11.0001
      vertex 11.1446 12.8266 13
      vertex 12.7323 11.6194 11.0054
    endloop
  endfacet
  facet normal 0.574054 -0.413063 0.706994
    outer loop
      vertex 11.5747 13.4244 13
      vertex 13.0332 12.0191 10.9947
      vertex 13.2238 12.3023 11.0054
    endloop
  endfacet
  facet normal 0.573985 -0.413146 0.707002
    outer loop
      vertex 13.0332 12.0191 10.9947
      vertex 11.5747 13.4244 13
      vertex 12.88 11.8155 11.0001
    endloop
  endfacet
  facet normal 0.811738 -0.584022 0
    outer loop
      vertex 11.1446 12.8266 19
      vertex 11.5747 13.4244 13
      vertex 11.5747 13.4244 19
    endloop
  endfacet
  facet normal 0.811738 -0.584022 0
    outer loop
      vertex 11.5747 13.4244 13
      vertex 11.1446 12.8266 19
      vertex 11.1446 12.8266 13
    endloop
  endfacet
  facet normal 0.573994 -0.413185 -0.706972
    outer loop
      vertex 11.1446 12.8266 19
      vertex 13.0332 12.0191 21.0053
      vertex 12.7323 11.6194 20.9946
    endloop
  endfacet
  facet normal 0.574181 -0.412852 -0.707015
    outer loop
      vertex 13.0332 12.0191 21.0053
      vertex 11.1446 12.8266 19
      vertex 13.0871 12.0992 21.0023
    endloop
  endfacet
  facet normal 0.573998 -0.413143 -0.706993
    outer loop
      vertex 13.0871 12.0992 21.0023
      vertex 11.5747 13.4244 19
      vertex 13.2238 12.3023 20.9946
    endloop
  endfacet
  facet normal 0.574083 -0.413036 -0.706986
    outer loop
      vertex 11.5747 13.4244 19
      vertex 13.0871 12.0992 21.0023
      vertex 11.1446 12.8266 19
    endloop
  endfacet
  facet normal 0.594947 -0.382356 0.706995
    outer loop
      vertex 11.5747 13.4244 13
      vertex 13.3609 12.506 11.0002
      vertex 11.9729 14.044 13
    endloop
  endfacet
  facet normal 0.594937 -0.382373 0.706994
    outer loop
      vertex 13.3609 12.506 11.0002
      vertex 11.5747 13.4244 13
      vertex 13.2238 12.3023 11.0054
    endloop
  endfacet
  facet normal 0.594937 -0.382388 0.706987
    outer loop
      vertex 11.9729 14.044 13
      vertex 13.5056 12.7211 10.9947
      vertex 13.6787 13.0102 11.0054
    endloop
  endfacet
  facet normal 0.595058 -0.382225 0.706972
    outer loop
      vertex 13.5056 12.7211 10.9947
      vertex 11.9729 14.044 13
      vertex 13.3609 12.506 11.0002
    endloop
  endfacet
  facet normal 0.841249 -0.540648 0
    outer loop
      vertex 11.5747 13.4244 19
      vertex 11.9729 14.044 13
      vertex 11.9729 14.044 19
    endloop
  endfacet
  facet normal 0.841249 -0.540648 0
    outer loop
      vertex 11.9729 14.044 13
      vertex 11.5747 13.4244 19
      vertex 11.5747 13.4244 13
    endloop
  endfacet
  facet normal 0.594991 -0.382291 -0.706993
    outer loop
      vertex 11.5747 13.4244 19
      vertex 13.5056 12.7211 21.0053
      vertex 13.2238 12.3023 20.9946
    endloop
  endfacet
  facet normal 0.594742 -0.382796 -0.70693
    outer loop
      vertex 13.5056 12.7211 21.0053
      vertex 11.5747 13.4244 19
      vertex 13.553 12.8001 21.0024
    endloop
  endfacet
  facet normal 0.595027 -0.382244 -0.706989
    outer loop
      vertex 13.553 12.8001 21.0024
      vertex 11.9729 14.044 19
      vertex 13.6787 13.0102 20.9946
    endloop
  endfacet
  facet normal 0.594947 -0.382356 -0.706995
    outer loop
      vertex 11.9729 14.044 19
      vertex 13.553 12.8001 21.0024
      vertex 11.5747 13.4244 19
    endloop
  endfacet
  facet normal 0.614276 -0.350493 0.706979
    outer loop
      vertex 11.9729 14.044 13
      vertex 13.8048 13.2208 11.0002
      vertex 12.3379 14.6837 13
    endloop
  endfacet
  facet normal 0.614331 -0.350384 0.706985
    outer loop
      vertex 13.8048 13.2208 11.0002
      vertex 11.9729 14.044 13
      vertex 13.6787 13.0102 11.0054
    endloop
  endfacet
  facet normal 0.614314 -0.350408 0.706989
    outer loop
      vertex 12.3379 14.6837 13
      vertex 13.9403 13.447 10.9947
      vertex 14.0958 13.741 11.0053
    endloop
  endfacet
  facet normal 0.614127 -0.350688 0.707012
    outer loop
      vertex 13.9403 13.447 10.9947
      vertex 12.3379 14.6837 13
      vertex 13.8048 13.2208 11.0002
    endloop
  endfacet
  facet normal 0.86856 -0.495583 0
    outer loop
      vertex 11.9729 14.044 19
      vertex 12.3379 14.6837 13
      vertex 12.3379 14.6837 19
    endloop
  endfacet
  facet normal 0.86856 -0.495583 0
    outer loop
      vertex 12.3379 14.6837 13
      vertex 11.9729 14.044 19
      vertex 11.9729 14.044 13
    endloop
  endfacet
  facet normal 0.614235 -0.350547 -0.706988
    outer loop
      vertex 11.9729 14.044 19
      vertex 13.9403 13.447 21.0053
      vertex 13.6787 13.0102 20.9946
    endloop
  endfacet
  facet normal 0.614411 -0.350136 -0.707038
    outer loop
      vertex 13.9403 13.447 21.0053
      vertex 11.9729 14.044 19
      vertex 13.9813 13.5246 21.0025
    endloop
  endfacet
  facet normal 0.614264 -0.350498 -0.706988
    outer loop
      vertex 13.9813 13.5246 21.0025
      vertex 12.3379 14.6837 19
      vertex 14.0958 13.741 20.9947
    endloop
  endfacet
  facet normal 0.614269 -0.35049 -0.706987
    outer loop
      vertex 12.3379 14.6837 19
      vertex 13.9813 13.5246 21.0025
      vertex 11.9729 14.044 19
    endloop
  endfacet
  facet normal 0.63182 -0.317734 0.707
    outer loop
      vertex 12.3379 14.6837 13
      vertex 14.2106 13.958 11.0003
      vertex 12.6688 15.3417 13
    endloop
  endfacet
  facet normal 0.631737 -0.317919 0.70699
    outer loop
      vertex 14.2106 13.958 11.0003
      vertex 12.3379 14.6837 13
      vertex 14.0958 13.741 11.0053
    endloop
  endfacet
  facet normal 0.631833 -0.317743 0.706984
    outer loop
      vertex 12.6688 15.3417 13
      vertex 14.3359 14.1949 10.9947
      vertex 14.4738 14.4927 11.0053
    endloop
  endfacet
  facet normal 0.631954 -0.317538 0.706968
    outer loop
      vertex 14.3359 14.1949 10.9947
      vertex 12.6688 15.3417 13
      vertex 14.2106 13.958 11.0003
    endloop
  endfacet
  facet normal 0.893393 -0.449276 0
    outer loop
      vertex 12.3379 14.6837 19
      vertex 12.6688 15.3417 13
      vertex 12.6688 15.3417 19
    endloop
  endfacet
  facet normal 0.893393 -0.449276 0
    outer loop
      vertex 12.6688 15.3417 13
      vertex 12.3379 14.6837 19
      vertex 12.3379 14.6837 13
    endloop
  endfacet
  facet normal 0.631843 -0.317716 -0.706987
    outer loop
      vertex 12.3379 14.6837 19
      vertex 14.3359 14.1949 21.0053
      vertex 14.0958 13.741 20.9947
    endloop
  endfacet
  facet normal 0.631957 -0.317404 -0.707025
    outer loop
      vertex 14.3359 14.1949 21.0053
      vertex 12.3379 14.6837 19
      vertex 14.3709 14.2706 21.0026
    endloop
  endfacet
  facet normal 0.631779 -0.317853 -0.706983
    outer loop
      vertex 14.3709 14.2706 21.0026
      vertex 12.6688 15.3417 19
      vertex 14.4738 14.4927 20.9947
    endloop
  endfacet
  facet normal 0.63184 -0.317745 -0.706977
    outer loop
      vertex 12.6688 15.3417 19
      vertex 14.3709 14.2706 21.0026
      vertex 12.3379 14.6837 19
    endloop
  endfacet
  facet normal 0.647666 -0.284074 0.706987
    outer loop
      vertex 12.6688 15.3417 13
      vertex 14.577 14.7155 11.0003
      vertex 12.9646 16.0161 13
    endloop
  endfacet
  facet normal 0.647647 -0.284122 0.706985
    outer loop
      vertex 14.577 14.7155 11.0003
      vertex 12.6688 15.3417 13
      vertex 14.4738 14.4927 11.0053
    endloop
  endfacet
  facet normal 0.647734 -0.283918 0.706987
    outer loop
      vertex 12.9646 16.0161 13
      vertex 14.6915 14.9627 10.9948
      vertex 14.8118 15.2633 11.0053
    endloop
  endfacet
  facet normal 0.647577 -0.284219 0.70701
    outer loop
      vertex 14.6915 14.9627 10.9948
      vertex 12.9646 16.0161 13
      vertex 14.577 14.7155 11.0003
    endloop
  endfacet
  facet normal 0.915783 -0.401673 0
    outer loop
      vertex 12.6688 15.3417 19
      vertex 12.9646 16.0161 13
      vertex 12.9646 16.0161 19
    endloop
  endfacet
  facet normal 0.915783 -0.401673 0
    outer loop
      vertex 12.9646 16.0161 13
      vertex 12.6688 15.3417 19
      vertex 12.6688 15.3417 13
    endloop
  endfacet
  facet normal 0.647622 -0.284178 -0.706986
    outer loop
      vertex 12.6688 15.3417 19
      vertex 14.6915 14.9627 21.0052
      vertex 14.4738 14.4927 20.9947
    endloop
  endfacet
  facet normal 0.648051 -0.282776 -0.707154
    outer loop
      vertex 14.6915 14.9627 21.0052
      vertex 12.6688 15.3417 19
      vertex 14.7208 15.0361 21.0027
    endloop
  endfacet
  facet normal 0.647585 -0.28427 -0.706982
    outer loop
      vertex 14.7208 15.0361 21.0027
      vertex 12.9646 16.0161 19
      vertex 14.8118 15.2633 20.9947
    endloop
  endfacet
  facet normal 0.64768 -0.28408 -0.706972
    outer loop
      vertex 12.9646 16.0161 19
      vertex 14.7208 15.0361 21.0027
      vertex 12.6688 15.3417 19
    endloop
  endfacet
  facet normal 0.661726 -0.249576 0.706987
    outer loop
      vertex 12.9646 16.0161 13
      vertex 14.903 15.4912 11.0004
      vertex 13.2245 16.7052 13
    endloop
  endfacet
  facet normal 0.661717 -0.249602 0.706986
    outer loop
      vertex 14.903 15.4912 11.0004
      vertex 12.9646 16.0161 13
      vertex 14.8118 15.2633 11.0053
    endloop
  endfacet
  facet normal 0.661671 -0.2497 0.706994
    outer loop
      vertex 13.2245 16.7052 13
      vertex 15.0059 15.7482 10.9948
      vertex 15.1088 16.0506 11.0053
    endloop
  endfacet
  facet normal 0.66174 -0.249549 0.706983
    outer loop
      vertex 15.0059 15.7482 10.9948
      vertex 13.2245 16.7052 13
      vertex 14.903 15.4912 11.0004
    endloop
  endfacet
  facet normal 0.935663 -0.352894 0
    outer loop
      vertex 12.9646 16.0161 19
      vertex 13.2245 16.7052 13
      vertex 13.2245 16.7052 19
    endloop
  endfacet
  facet normal 0.935663 -0.352894 0
    outer loop
      vertex 13.2245 16.7052 13
      vertex 12.9646 16.0161 19
      vertex 12.9646 16.0161 13
    endloop
  endfacet
  facet normal 0.661729 -0.249573 -0.706985
    outer loop
      vertex 12.9646 16.0161 19
      vertex 15.0059 15.7482 21.0052
      vertex 14.8118 15.2633 20.9947
    endloop
  endfacet
  facet normal 0.66173 -0.249568 -0.706986
    outer loop
      vertex 15.0059 15.7482 21.0052
      vertex 12.9646 16.0161 19
      vertex 15.03 15.8189 21.0028
    endloop
  endfacet
  facet normal 0.661656 -0.249742 -0.706994
    outer loop
      vertex 15.03 15.8189 21.0028
      vertex 13.2245 16.7052 19
      vertex 15.1088 16.0506 20.9947
    endloop
  endfacet
  facet normal 0.661728 -0.249576 -0.706985
    outer loop
      vertex 13.2245 16.7052 19
      vertex 15.03 15.8189 21.0028
      vertex 12.9646 16.0161 19
    endloop
  endfacet
  facet normal 0.673916 -0.214524 0.706977
    outer loop
      vertex 13.2245 16.7052 13
      vertex 15.1878 16.283 11.0004
      vertex 13.4479 17.407 13
    endloop
  endfacet
  facet normal 0.674 -0.214207 0.706993
    outer loop
      vertex 15.1878 16.283 11.0004
      vertex 13.2245 16.7052 13
      vertex 15.1088 16.0506 11.0053
    endloop
  endfacet
  facet normal 0.673903 -0.214578 0.706973
    outer loop
      vertex 13.4479 17.407 13
      vertex 15.2784 16.5493 10.9948
      vertex 15.364 16.8524 11.0052
    endloop
  endfacet
  facet normal 0.673962 -0.214427 0.706963
    outer loop
      vertex 15.2784 16.5493 10.9948
      vertex 13.4479 17.407 13
      vertex 15.1878 16.283 11.0004
    endloop
  endfacet
  facet normal 0.952887 -0.303327 0
    outer loop
      vertex 13.2245 16.7052 19
      vertex 13.4479 17.407 13
      vertex 13.4479 17.407 19
    endloop
  endfacet
  facet normal 0.952887 -0.303327 0
    outer loop
      vertex 13.4479 17.407 13
      vertex 13.2245 16.7052 19
      vertex 13.2245 16.7052 13
    endloop
  endfacet
  facet normal 0.673963 -0.214319 -0.706994
    outer loop
      vertex 13.2245 16.7052 19
      vertex 15.2784 16.5493 21.0052
      vertex 15.1088 16.0506 20.9947
    endloop
  endfacet
  facet normal 0.673876 -0.21477 -0.70694
    outer loop
      vertex 15.2784 16.5493 21.0052
      vertex 13.2245 16.7052 19
      vertex 15.2975 16.6168 21.0029
    endloop
  endfacet
  facet normal 0.673919 -0.214525 -0.706974
    outer loop
      vertex 15.2975 16.6168 21.0029
      vertex 13.4479 17.407 19
      vertex 15.364 16.8524 20.9948
    endloop
  endfacet
  facet normal 0.673919 -0.214525 -0.706974
    outer loop
      vertex 13.4479 17.407 19
      vertex 15.2975 16.6168 21.0029
      vertex 13.2245 16.7052 19
    endloop
  endfacet
  facet normal 0.6843 -0.178709 0.706963
    outer loop
      vertex 13.4479 17.407 13
      vertex 15.4306 17.0887 11.0004
      vertex 13.634 18.1196 13
    endloop
  endfacet
  facet normal 0.68434 -0.178517 0.706973
    outer loop
      vertex 15.4306 17.0887 11.0004
      vertex 13.4479 17.407 13
      vertex 15.364 16.8524 11.0052
    endloop
  endfacet
  facet normal 0.684268 -0.178793 0.706973
    outer loop
      vertex 13.634 18.1196 13
      vertex 15.5082 17.3636 10.9948
      vertex 15.5766 17.6665 11.0052
    endloop
  endfacet
  facet normal 0.684279 -0.17876 0.706971
    outer loop
      vertex 15.5082 17.3636 10.9948
      vertex 13.634 18.1196 13
      vertex 15.4306 17.0887 11.0004
    endloop
  endfacet
  facet normal 0.967549 -0.252682 0
    outer loop
      vertex 13.4479 17.407 19
      vertex 13.634 18.1196 13
      vertex 13.634 18.1196 19
    endloop
  endfacet
  facet normal 0.967549 -0.252682 0
    outer loop
      vertex 13.634 18.1196 13
      vertex 13.4479 17.407 19
      vertex 13.4479 17.407 13
    endloop
  endfacet
  facet normal 0.684304 -0.178647 -0.706975
    outer loop
      vertex 13.4479 17.407 19
      vertex 15.5082 17.3636 21.0052
      vertex 15.364 16.8524 20.9948
    endloop
  endfacet
  facet normal 0.684286 -0.178777 -0.706959
    outer loop
      vertex 15.5082 17.3636 21.0052
      vertex 13.4479 17.407 19
      vertex 15.5227 17.4278 21.003
    endloop
  endfacet
  facet normal 0.684266 -0.178798 -0.706973
    outer loop
      vertex 15.5227 17.4278 21.003
      vertex 13.634 18.1196 19
      vertex 15.5766 17.6665 20.9948
    endloop
  endfacet
  facet normal 0.684295 -0.178708 -0.706968
    outer loop
      vertex 13.634 18.1196 19
      vertex 15.5227 17.4278 21.003
      vertex 13.4479 17.407 19
    endloop
  endfacet
  facet normal 0.692728 -0.142502 0.706981
    outer loop
      vertex 13.634 18.1196 13
      vertex 15.6307 17.906 11.0005
      vertex 13.7824 18.841 13
    endloop
  endfacet
  facet normal 0.692712 -0.142601 0.706976
    outer loop
      vertex 15.6307 17.906 11.0005
      vertex 13.634 18.1196 13
      vertex 15.5766 17.6665 11.0052
    endloop
  endfacet
  facet normal 0.692713 -0.142564 0.706983
    outer loop
      vertex 13.7824 18.841 13
      vertex 15.6946 18.1889 10.9949
      vertex 15.7462 18.4907 11.0052
    endloop
  endfacet
  facet normal 0.692736 -0.142477 0.706977
    outer loop
      vertex 15.6946 18.1889 10.9949
      vertex 13.7824 18.841 13
      vertex 15.6307 17.906 11.0005
    endloop
  endfacet
  facet normal 0.97949 -0.201492 0
    outer loop
      vertex 13.634 18.1196 19
      vertex 13.7824 18.841 13
      vertex 13.7824 18.841 19
    endloop
  endfacet
  facet normal 0.97949 -0.201492 0
    outer loop
      vertex 13.7824 18.841 13
      vertex 13.634 18.1196 19
      vertex 13.634 18.1196 13
    endloop
  endfacet
  facet normal 0.692727 -0.142534 -0.706975
    outer loop
      vertex 13.634 18.1196 19
      vertex 15.6946 18.1889 21.0051
      vertex 15.5766 17.6665 20.9948
    endloop
  endfacet
  facet normal 0.692753 -0.142222 -0.707012
    outer loop
      vertex 15.6946 18.1889 21.0051
      vertex 13.634 18.1196 19
      vertex 15.705 18.2495 21.0031
    endloop
  endfacet
  facet normal 0.692696 -0.142649 -0.706982
    outer loop
      vertex 15.705 18.2495 21.0031
      vertex 13.7824 18.841 19
      vertex 15.7462 18.4907 20.9948
    endloop
  endfacet
  facet normal 0.692734 -0.142503 -0.706974
    outer loop
      vertex 13.7824 18.841 19
      vertex 15.705 18.2495 21.0031
      vertex 13.634 18.1196 19
    endloop
  endfacet
  facet normal 0.699281 -0.105824 0.706971
    outer loop
      vertex 13.7824 18.841 13
      vertex 15.7875 18.7327 11.0005
      vertex 13.8926 19.5692 13
    endloop
  endfacet
  facet normal 0.699302 -0.105613 0.706981
    outer loop
      vertex 15.7875 18.7327 11.0005
      vertex 13.7824 18.841 13
      vertex 15.7462 18.4907 11.0052
    endloop
  endfacet
  facet normal 0.699244 -0.10599 0.706983
    outer loop
      vertex 13.8926 19.5692 13
      vertex 15.8371 19.023 10.9949
      vertex 15.8722 19.3226 11.0051
    endloop
  endfacet
  facet normal 0.699276 -0.105839 0.706973
    outer loop
      vertex 15.8371 19.023 10.9949
      vertex 13.8926 19.5692 13
      vertex 15.7875 18.7327 11.0005
    endloop
  endfacet
  facet normal 0.988742 -0.149628 0
    outer loop
      vertex 13.7824 18.841 19
      vertex 13.8926 19.5692 13
      vertex 13.8926 19.5692 19
    endloop
  endfacet
  facet normal 0.988742 -0.149628 0
    outer loop
      vertex 13.8926 19.5692 13
      vertex 13.7824 18.841 19
      vertex 13.7824 18.841 13
    endloop
  endfacet
  facet normal 0.699282 -0.105735 -0.706983
    outer loop
      vertex 13.7824 18.841 19
      vertex 15.8371 19.023 21.0051
      vertex 15.7462 18.4907 20.9948
    endloop
  endfacet
  facet normal 0.699259 -0.106504 -0.70689
    outer loop
      vertex 15.8371 19.023 21.0051
      vertex 13.7824 18.841 19
      vertex 15.8438 19.0796 21.0032
    endloop
  endfacet
  facet normal 0.69926 -0.105872 -0.706984
    outer loop
      vertex 15.8438 19.0796 21.0032
      vertex 13.8926 19.5692 19
      vertex 15.8722 19.3226 20.9949
    endloop
  endfacet
  facet normal 0.69927 -0.105822 -0.706982
    outer loop
      vertex 13.8926 19.5692 19
      vertex 15.8438 19.0796 21.0032
      vertex 13.7824 18.841 19
    endloop
  endfacet
  facet normal 0.703862 -0.0689458 0.706983
    outer loop
      vertex 13.8926 19.5692 13
      vertex 15.9007 19.5665 11.0005
      vertex 13.9644 20.3022 13
    endloop
  endfacet
  facet normal 0.703864 -0.0689135 0.706984
    outer loop
      vertex 15.9007 19.5665 11.0005
      vertex 13.8926 19.5692 13
      vertex 15.8722 19.3226 11.0051
    endloop
  endfacet
  facet normal 0.703866 -0.0689275 0.70698
    outer loop
      vertex 13.9644 20.3022 13
      vertex 15.9354 19.8634 10.9949
      vertex 15.9542 20.16 11.0051
    endloop
  endfacet
  facet normal 0.703866 -0.0689292 0.70698
    outer loop
      vertex 15.9354 19.8634 10.9949
      vertex 13.9644 20.3022 13
      vertex 15.9007 19.5665 11.0005
    endloop
  endfacet
  facet normal 0.995237 -0.097487 0
    outer loop
      vertex 13.8926 19.5692 19
      vertex 13.9644 20.3022 13
      vertex 13.9644 20.3022 19
    endloop
  endfacet
  facet normal 0.995237 -0.097487 0
    outer loop
      vertex 13.9644 20.3022 13
      vertex 13.8926 19.5692 19
      vertex 13.8926 19.5692 13
    endloop
  endfacet
  facet normal 0.703863 -0.0689218 -0.706984
    outer loop
      vertex 13.8926 19.5692 19
      vertex 15.9354 19.8634 21.0051
      vertex 15.8722 19.3226 20.9949
    endloop
  endfacet
  facet normal 0.703852 -0.0684834 -0.707038
    outer loop
      vertex 15.9354 19.8634 21.0051
      vertex 13.8926 19.5692 19
      vertex 15.9387 19.9159 21.0033
    endloop
  endfacet
  facet normal 0.703858 -0.0690226 -0.706979
    outer loop
      vertex 15.9387 19.9159 21.0033
      vertex 13.9644 20.3022 19
      vertex 15.9542 20.16 20.9949
    endloop
  endfacet
  facet normal 0.70387 -0.0689466 -0.706975
    outer loop
      vertex 13.9644 20.3022 19
      vertex 15.9387 19.9159 21.0033
      vertex 13.8926 19.5692 19
    endloop
  endfacet
  facet normal 0.706507 -0.0317823 0.706992
    outer loop
      vertex 13.9644 20.3022 13
      vertex 15.9698 20.4051 11.0006
      vertex 13.9975 21.038 13
    endloop
  endfacet
  facet normal 0.706508 -0.0319874 0.706982
    outer loop
      vertex 15.9698 20.4051 11.0006
      vertex 13.9644 20.3022 13
      vertex 15.9542 20.16 11.0051
    endloop
  endfacet
  facet normal 0.706502 -0.0318674 0.706993
    outer loop
      vertex 13.9975 21.038 13
      vertex 15.989 20.7078 10.995
      vertex 15.9921 21.0006 11.0051
    endloop
  endfacet
  facet normal 0.706516 -0.0317344 0.706985
    outer loop
      vertex 15.989 20.7078 10.995
      vertex 13.9975 21.038 13
      vertex 15.9698 20.4051 11.0006
    endloop
  endfacet
  facet normal 0.99899 -0.0449396 0
    outer loop
      vertex 13.9644 20.3022 19
      vertex 13.9975 21.038 13
      vertex 13.9975 21.038 19
    endloop
  endfacet
  facet normal 0.99899 -0.0449396 0
    outer loop
      vertex 13.9975 21.038 13
      vertex 13.9644 20.3022 19
      vertex 13.9644 20.3022 13
    endloop
  endfacet
  facet normal 0.706516 -0.0318479 -0.70698
    outer loop
      vertex 13.9644 20.3022 19
      vertex 15.989 20.7078 21.005
      vertex 15.9542 20.16 20.9949
    endloop
  endfacet
  facet normal 0.706434 -0.0308006 -0.707109
    outer loop
      vertex 15.989 20.7078 21.005
      vertex 13.9644 20.3022 19
      vertex 15.9895 20.756 21.0034
    endloop
  endfacet
  facet normal 0.706495 -0.0320781 -0.70699
    outer loop
      vertex 15.9895 20.756 21.0034
      vertex 13.9975 21.038 19
      vertex 15.9921 21.0006 20.9949
    endloop
  endfacet
  facet normal 0.706523 -0.031783 -0.706976
    outer loop
      vertex 13.9975 21.038 19
      vertex 15.9895 20.756 21.0034
      vertex 13.9644 20.3022 19
    endloop
  endfacet
  facet normal 0.707211 0.00528199 0.706983
    outer loop
      vertex 13.9975 21.038 13
      vertex 15.9947 21.2462 11.0006
      vertex 13.992 21.7744 13
    endloop
  endfacet
  facet normal 0.707201 0.00546719 0.706992
    outer loop
      vertex 15.9947 21.2462 11.0006
      vertex 13.9975 21.038 13
      vertex 15.9921 21.0006 11.0051
    endloop
  endfacet
  facet normal 0.707217 0.00540888 0.706975
    outer loop
      vertex 13.992 21.7744 13
      vertex 15.998 21.5539 10.995
      vertex 15.9858 21.842 11.005
    endloop
  endfacet
  facet normal 0.707211 0.00528212 0.706983
    outer loop
      vertex 15.998 21.5539 10.995
      vertex 13.992 21.7744 13
      vertex 15.9947 21.2462 11.0006
    endloop
  endfacet
  facet normal 0.999972 0.00746856 0
    outer loop
      vertex 13.9975 21.038 19
      vertex 13.992 21.7744 13
      vertex 13.992 21.7744 19
    endloop
  endfacet
  facet normal 0.999972 0.00746856 0
    outer loop
      vertex 13.992 21.7744 13
      vertex 13.9975 21.038 19
      vertex 13.9975 21.038 13
    endloop
  endfacet
  facet normal 0.707055 0.00645459 -0.707129
    outer loop
      vertex 15.998 21.5539 21.005
      vertex 13.9975 21.038 19
      vertex 15.9961 21.5977 21.0035
    endloop
  endfacet
  facet normal 0.7072 0.00536445 -0.706993
    outer loop
      vertex 13.9975 21.038 19
      vertex 15.998 21.5539 21.005
      vertex 15.9921 21.0006 20.9949
    endloop
  endfacet
  facet normal 0.707221 0.00521945 -0.706973
    outer loop
      vertex 15.9961 21.5977 21.0035
      vertex 13.992 21.7744 19
      vertex 15.9858 21.842 20.995
    endloop
  endfacet
  facet normal 0.707224 0.00528209 -0.70697
    outer loop
      vertex 13.992 21.7744 19
      vertex 15.9961 21.5977 21.0035
      vertex 13.9975 21.038 19
    endloop
  endfacet
  facet normal 0.705956 0.0425942 0.706974
    outer loop
      vertex 15.9754 22.0874 11.0006
      vertex 13.992 21.7744 13
      vertex 15.9858 21.842 11.005
    endloop
  endfacet
  facet normal 0.705951 0.0426336 0.706976
    outer loop
      vertex 13.992 21.7744 13
      vertex 15.9754 22.0874 11.0006
      vertex 13.9476 22.5096 13
    endloop
  endfacet
  facet normal 0.705948 0.0423998 0.706993
    outer loop
      vertex 13.9476 22.5096 13
      vertex 15.9622 22.3992 10.995
      vertex 15.9352 22.682 11.005
    endloop
  endfacet
  facet normal 0.705948 0.0425837 0.706983
    outer loop
      vertex 15.9622 22.3992 10.995
      vertex 13.9476 22.5096 13
      vertex 15.9754 22.0874 11.0006
    endloop
  endfacet
  facet normal 0.998181 0.0602819 0
    outer loop
      vertex 13.992 21.7744 19
      vertex 13.9476 22.5096 13
      vertex 13.9476 22.5096 19
    endloop
  endfacet
  facet normal 0.998181 0.0602819 0
    outer loop
      vertex 13.9476 22.5096 13
      vertex 13.992 21.7744 19
      vertex 13.992 21.7744 13
    endloop
  endfacet
  facet normal 0.705956 0.0425885 -0.706974
    outer loop
      vertex 13.992 21.7744 19
      vertex 15.9622 22.3992 21.005
      vertex 15.9858 21.842 20.995
    endloop
  endfacet
  facet normal 0.705866 0.0430647 -0.707035
    outer loop
      vertex 15.9622 22.3992 21.005
      vertex 13.992 21.7744 19
      vertex 15.9584 22.4385 21.0036
    endloop
  endfacet
  facet normal 0.705952 0.0426336 -0.706976
    outer loop
      vertex 13.9476 22.5096 19
      vertex 15.9584 22.4385 21.0036
      vertex 13.992 21.7744 19
    endloop
  endfacet
  facet normal 0.705956 0.0422918 -0.706992
    outer loop
      vertex 15.9584 22.4385 21.0036
      vertex 13.9476 22.5096 19
      vertex 15.9352 22.682 20.995
    endloop
  endfacet
  facet normal 0.70274 0.0794351 0.706998
    outer loop
      vertex 15.9119 22.9264 11.0007
      vertex 13.9476 22.5096 13
      vertex 15.9352 22.682 11.005
    endloop
  endfacet
  facet normal 0.702713 0.0796049 0.707006
    outer loop
      vertex 13.9476 22.5096 13
      vertex 15.9119 22.9264 11.0007
      vertex 13.8647 23.2414 13
    endloop
  endfacet
  facet normal 0.702719 0.0796204 0.706999
    outer loop
      vertex 13.8647 23.2414 13
      vertex 15.8818 23.2415 10.9951
      vertex 15.8405 23.5181 11.005
    endloop
  endfacet
  facet normal 0.702715 0.0796918 0.706995
    outer loop
      vertex 15.8818 23.2415 10.9951
      vertex 13.8647 23.2414 13
      vertex 15.9119 22.9264 11.0007
    endloop
  endfacet
  facet normal 0.993645 0.112562 0
    outer loop
      vertex 13.9476 22.5096 19
      vertex 13.8647 23.2414 13
      vertex 13.8647 23.2414 19
    endloop
  endfacet
  facet normal 0.993645 0.112562 0
    outer loop
      vertex 13.8647 23.2414 13
      vertex 13.9476 22.5096 19
      vertex 13.9476 22.5096 13
    endloop
  endfacet
  facet normal 0.702726 0.0795797 -0.706996
    outer loop
      vertex 13.9476 22.5096 19
      vertex 15.8818 23.2415 21.0049
      vertex 15.9352 22.682 20.995
    endloop
  endfacet
  facet normal 0.702426 0.0808077 -0.707155
    outer loop
      vertex 15.8818 23.2415 21.0049
      vertex 13.9476 22.5096 19
      vertex 15.8766 23.2762 21.0037
    endloop
  endfacet
  facet normal 0.70273 0.0796069 -0.706989
    outer loop
      vertex 13.8647 23.2414 19
      vertex 15.8766 23.2762 21.0037
      vertex 13.9476 22.5096 19
    endloop
  endfacet
  facet normal 0.702741 0.0794463 -0.706996
    outer loop
      vertex 15.8766 23.2762 21.0037
      vertex 13.8647 23.2414 19
      vertex 15.8405 23.5181 20.995
    endloop
  endfacet
  facet normal 0.697581 0.116478 0.706975
    outer loop
      vertex 14.6271 23.8791 12.1428
      vertex 15.8405 23.5181 11.005
      vertex 15.8043 23.761 11.0007
    endloop
  endfacet
  facet normal 0.697573 0.116373 0.707
    outer loop
      vertex 14.6271 23.8791 12.1428
      vertex 13.8647 23.2414 13
      vertex 15.8405 23.5181 11.005
    endloop
  endfacet
  facet normal 0.697548 0.116424 0.707016
    outer loop
      vertex 13.8647 23.2414 13
      vertex 14.6271 23.8791 12.1428
      vertex 13.7831 23.7303 13
    endloop
  endfacet
  facet normal 0.697576 0.116648 0.706952
    outer loop
      vertex 15.7569 24.0784 10.9951
      vertex 14.6271 23.8791 12.1428
      vertex 15.8043 23.761 11.0007
    endloop
  endfacet
  facet normal 0.986356 0.164628 0
    outer loop
      vertex 13.8647 23.2414 19
      vertex 13.7831 23.7303 13
      vertex 13.7831 23.7303 19
    endloop
  endfacet
  facet normal 0.986356 0.164628 0
    outer loop
      vertex 13.7831 23.7303 13
      vertex 13.8647 23.2414 19
      vertex 13.8647 23.2414 13
    endloop
  endfacet
  facet normal 0.697759 0.116598 -0.70678
    outer loop
      vertex 15.8405 23.5181 20.995
      vertex 15.6408 24.0579 20.8869
      vertex 15.7569 24.0784 21.0049
    endloop
  endfacet
  facet normal 0.697557 0.116479 -0.706999
    outer loop
      vertex 15.6408 24.0579 20.8869
      vertex 15.8405 23.5181 20.995
      vertex 13.8647 23.2414 19
    endloop
  endfacet
  facet normal 0.697572 0.116429 -0.706992
    outer loop
      vertex 13.8647 23.2414 19
      vertex 13.7831 23.7303 19
      vertex 15.6408 24.0579 20.8869
    endloop
  endfacet
  facet normal -0.697572 0.116429 0.706992
    outer loop
      vertex -13.7831 23.7303 29
      vertex -15.6408 24.0579 27.1131
      vertex -13.8647 23.2414 29
    endloop
  endfacet
  facet normal -0.697759 0.116598 0.70678
    outer loop
      vertex -15.8405 23.5181 27.005
      vertex -15.6408 24.0579 27.1131
      vertex -15.7569 24.0784 26.9951
    endloop
  endfacet
  facet normal -0.697557 0.116479 0.706999
    outer loop
      vertex -15.6408 24.0579 27.1131
      vertex -15.8405 23.5181 27.005
      vertex -13.8647 23.2414 29
    endloop
  endfacet
  facet normal -0.986356 0.164628 0
    outer loop
      vertex -13.8647 23.2414 29
      vertex -13.7831 23.7303 35
      vertex -13.7831 23.7303 29
    endloop
  endfacet
  facet normal -0.986356 0.164628 0
    outer loop
      vertex -13.7831 23.7303 35
      vertex -13.8647 23.2414 29
      vertex -13.8647 23.2414 35
    endloop
  endfacet
  facet normal -0.697576 0.116648 -0.706952
    outer loop
      vertex -14.6271 23.8791 35.8572
      vertex -15.8043 23.761 36.9993
      vertex -15.7569 24.0784 37.0049
    endloop
  endfacet
  facet normal -0.697548 0.116424 -0.707016
    outer loop
      vertex -13.8647 23.2414 35
      vertex -14.6271 23.8791 35.8572
      vertex -13.7831 23.7303 35
    endloop
  endfacet
  facet normal -0.697573 0.116373 -0.707
    outer loop
      vertex -15.8405 23.5181 36.995
      vertex -14.6271 23.8791 35.8572
      vertex -13.8647 23.2414 35
    endloop
  endfacet
  facet normal -0.697581 0.116478 -0.706975
    outer loop
      vertex -14.6271 23.8791 35.8572
      vertex -15.8405 23.5181 36.995
      vertex -15.8043 23.761 36.9993
    endloop
  endfacet
  facet normal -0.702741 0.0794463 0.706996
    outer loop
      vertex -15.8766 23.2762 26.9963
      vertex -13.8647 23.2414 29
      vertex -15.8405 23.5181 27.005
    endloop
  endfacet
  facet normal -0.70273 0.0796069 0.706989
    outer loop
      vertex -13.8647 23.2414 29
      vertex -15.8766 23.2762 26.9963
      vertex -13.9476 22.5096 29
    endloop
  endfacet
  facet normal -0.702426 0.0808077 0.707155
    outer loop
      vertex -15.8818 23.2415 26.9951
      vertex -13.9476 22.5096 29
      vertex -15.8766 23.2762 26.9963
    endloop
  endfacet
  facet normal -0.702726 0.0795797 0.706996
    outer loop
      vertex -13.9476 22.5096 29
      vertex -15.8818 23.2415 26.9951
      vertex -15.9352 22.682 27.005
    endloop
  endfacet
  facet normal -0.993645 0.112562 0
    outer loop
      vertex -13.9476 22.5096 29
      vertex -13.8647 23.2414 35
      vertex -13.8647 23.2414 29
    endloop
  endfacet
  facet normal -0.993645 0.112562 0
    outer loop
      vertex -13.8647 23.2414 35
      vertex -13.9476 22.5096 29
      vertex -13.9476 22.5096 35
    endloop
  endfacet
  facet normal -0.702719 0.0796204 -0.706999
    outer loop
      vertex -13.8647 23.2414 35
      vertex -15.8818 23.2415 37.0049
      vertex -15.8405 23.5181 36.995
    endloop
  endfacet
  facet normal -0.702715 0.0796918 -0.706995
    outer loop
      vertex -15.8818 23.2415 37.0049
      vertex -13.8647 23.2414 35
      vertex -15.9119 22.9264 36.9993
    endloop
  endfacet
  facet normal -0.702713 0.0796049 -0.707006
    outer loop
      vertex -13.9476 22.5096 35
      vertex -15.9119 22.9264 36.9993
      vertex -13.8647 23.2414 35
    endloop
  endfacet
  facet normal -0.70274 0.0794351 -0.706998
    outer loop
      vertex -15.9119 22.9264 36.9993
      vertex -13.9476 22.5096 35
      vertex -15.9352 22.682 36.995
    endloop
  endfacet
  facet normal -0.705956 0.0422918 0.706992
    outer loop
      vertex -15.9584 22.4385 26.9964
      vertex -13.9476 22.5096 29
      vertex -15.9352 22.682 27.005
    endloop
  endfacet
  facet normal -0.705952 0.0426336 0.706976
    outer loop
      vertex -13.9476 22.5096 29
      vertex -15.9584 22.4385 26.9964
      vertex -13.992 21.7744 29
    endloop
  endfacet
  facet normal -0.705866 0.0430647 0.707035
    outer loop
      vertex -15.9622 22.3992 26.995
      vertex -13.992 21.7744 29
      vertex -15.9584 22.4385 26.9964
    endloop
  endfacet
  facet normal -0.705956 0.0425885 0.706974
    outer loop
      vertex -13.992 21.7744 29
      vertex -15.9622 22.3992 26.995
      vertex -15.9858 21.842 27.005
    endloop
  endfacet
  facet normal -0.998181 0.0602819 0
    outer loop
      vertex -13.992 21.7744 29
      vertex -13.9476 22.5096 35
      vertex -13.9476 22.5096 29
    endloop
  endfacet
  facet normal -0.998181 0.0602819 0
    outer loop
      vertex -13.9476 22.5096 35
      vertex -13.992 21.7744 29
      vertex -13.992 21.7744 35
    endloop
  endfacet
  facet normal -0.705948 0.0423998 -0.706993
    outer loop
      vertex -13.9476 22.5096 35
      vertex -15.9622 22.3992 37.005
      vertex -15.9352 22.682 36.995
    endloop
  endfacet
  facet normal -0.705948 0.0425837 -0.706983
    outer loop
      vertex -15.9622 22.3992 37.005
      vertex -13.9476 22.5096 35
      vertex -15.9754 22.0874 36.9994
    endloop
  endfacet
  facet normal -0.705951 0.0426336 -0.706976
    outer loop
      vertex -13.992 21.7744 35
      vertex -15.9754 22.0874 36.9994
      vertex -13.9476 22.5096 35
    endloop
  endfacet
  facet normal -0.705956 0.0425942 -0.706974
    outer loop
      vertex -15.9754 22.0874 36.9994
      vertex -13.992 21.7744 35
      vertex -15.9858 21.842 36.995
    endloop
  endfacet
  facet normal -0.707221 0.00521945 0.706973
    outer loop
      vertex -15.9961 21.5977 26.9965
      vertex -13.992 21.7744 29
      vertex -15.9858 21.842 27.005
    endloop
  endfacet
  facet normal -0.707224 0.00528209 0.70697
    outer loop
      vertex -13.992 21.7744 29
      vertex -15.9961 21.5977 26.9965
      vertex -13.9975 21.038 29
    endloop
  endfacet
  facet normal -0.707055 0.00645459 0.707129
    outer loop
      vertex -15.998 21.5539 26.995
      vertex -13.9975 21.038 29
      vertex -15.9961 21.5977 26.9965
    endloop
  endfacet
  facet normal -0.7072 0.00536445 0.706993
    outer loop
      vertex -13.9975 21.038 29
      vertex -15.998 21.5539 26.995
      vertex -15.9921 21.0006 27.0051
    endloop
  endfacet
  facet normal -0.999972 0.00746856 0
    outer loop
      vertex -13.9975 21.038 29
      vertex -13.992 21.7744 35
      vertex -13.992 21.7744 29
    endloop
  endfacet
  facet normal -0.999972 0.00746856 0
    outer loop
      vertex -13.992 21.7744 35
      vertex -13.9975 21.038 29
      vertex -13.9975 21.038 35
    endloop
  endfacet
  facet normal -0.707217 0.00540888 -0.706975
    outer loop
      vertex -13.992 21.7744 35
      vertex -15.998 21.5539 37.005
      vertex -15.9858 21.842 36.995
    endloop
  endfacet
  facet normal -0.707211 0.00528212 -0.706983
    outer loop
      vertex -15.998 21.5539 37.005
      vertex -13.992 21.7744 35
      vertex -15.9947 21.2462 36.9994
    endloop
  endfacet
  facet normal -0.707211 0.00528199 -0.706983
    outer loop
      vertex -13.9975 21.038 35
      vertex -15.9947 21.2462 36.9994
      vertex -13.992 21.7744 35
    endloop
  endfacet
  facet normal -0.707201 0.00546719 -0.706992
    outer loop
      vertex -15.9947 21.2462 36.9994
      vertex -13.9975 21.038 35
      vertex -15.9921 21.0006 36.9949
    endloop
  endfacet
  facet normal -0.706523 -0.031783 0.706976
    outer loop
      vertex -13.9975 21.038 29
      vertex -15.9895 20.756 26.9966
      vertex -13.9644 20.3022 29
    endloop
  endfacet
  facet normal -0.706495 -0.0320781 0.70699
    outer loop
      vertex -15.9895 20.756 26.9966
      vertex -13.9975 21.038 29
      vertex -15.9921 21.0006 27.0051
    endloop
  endfacet
  facet normal -0.706516 -0.0318479 0.70698
    outer loop
      vertex -13.9644 20.3022 29
      vertex -15.989 20.7078 26.995
      vertex -15.9542 20.16 27.0051
    endloop
  endfacet
  facet normal -0.706434 -0.0308006 0.707109
    outer loop
      vertex -15.989 20.7078 26.995
      vertex -13.9644 20.3022 29
      vertex -15.9895 20.756 26.9966
    endloop
  endfacet
  facet normal -0.99899 -0.0449396 0
    outer loop
      vertex -13.9644 20.3022 29
      vertex -13.9975 21.038 35
      vertex -13.9975 21.038 29
    endloop
  endfacet
  facet normal -0.99899 -0.0449396 0
    outer loop
      vertex -13.9975 21.038 35
      vertex -13.9644 20.3022 29
      vertex -13.9644 20.3022 35
    endloop
  endfacet
  facet normal -0.706516 -0.0317344 -0.706985
    outer loop
      vertex -15.989 20.7078 37.005
      vertex -13.9975 21.038 35
      vertex -15.9698 20.4051 36.9994
    endloop
  endfacet
  facet normal -0.706502 -0.0318674 -0.706993
    outer loop
      vertex -13.9975 21.038 35
      vertex -15.989 20.7078 37.005
      vertex -15.9921 21.0006 36.9949
    endloop
  endfacet
  facet normal -0.706508 -0.0319874 -0.706982
    outer loop
      vertex -15.9698 20.4051 36.9994
      vertex -13.9644 20.3022 35
      vertex -15.9542 20.16 36.9949
    endloop
  endfacet
  facet normal -0.706507 -0.0317823 -0.706992
    outer loop
      vertex -13.9644 20.3022 35
      vertex -15.9698 20.4051 36.9994
      vertex -13.9975 21.038 35
    endloop
  endfacet
  facet normal -0.70387 -0.0689466 0.706975
    outer loop
      vertex -13.9644 20.3022 29
      vertex -15.9387 19.9159 26.9967
      vertex -13.8926 19.5692 29
    endloop
  endfacet
  facet normal -0.703858 -0.0690226 0.706979
    outer loop
      vertex -15.9387 19.9159 26.9967
      vertex -13.9644 20.3022 29
      vertex -15.9542 20.16 27.0051
    endloop
  endfacet
  facet normal -0.703863 -0.0689218 0.706984
    outer loop
      vertex -13.8926 19.5692 29
      vertex -15.9354 19.8634 26.9949
      vertex -15.8722 19.3226 27.0051
    endloop
  endfacet
  facet normal -0.703852 -0.0684834 0.707038
    outer loop
      vertex -15.9354 19.8634 26.9949
      vertex -13.8926 19.5692 29
      vertex -15.9387 19.9159 26.9967
    endloop
  endfacet
  facet normal -0.995237 -0.097487 0
    outer loop
      vertex -13.8926 19.5692 29
      vertex -13.9644 20.3022 35
      vertex -13.9644 20.3022 29
    endloop
  endfacet
  facet normal -0.995237 -0.097487 0
    outer loop
      vertex -13.9644 20.3022 35
      vertex -13.8926 19.5692 29
      vertex -13.8926 19.5692 35
    endloop
  endfacet
  facet normal -0.703866 -0.0689292 -0.70698
    outer loop
      vertex -15.9354 19.8634 37.0051
      vertex -13.9644 20.3022 35
      vertex -15.9007 19.5665 36.9995
    endloop
  endfacet
  facet normal -0.703866 -0.0689275 -0.70698
    outer loop
      vertex -13.9644 20.3022 35
      vertex -15.9354 19.8634 37.0051
      vertex -15.9542 20.16 36.9949
    endloop
  endfacet
  facet normal -0.703864 -0.0689135 -0.706984
    outer loop
      vertex -15.9007 19.5665 36.9995
      vertex -13.8926 19.5692 35
      vertex -15.8722 19.3226 36.9949
    endloop
  endfacet
  facet normal -0.703862 -0.0689458 -0.706983
    outer loop
      vertex -13.8926 19.5692 35
      vertex -15.9007 19.5665 36.9995
      vertex -13.9644 20.3022 35
    endloop
  endfacet
  facet normal -0.69927 -0.105822 0.706982
    outer loop
      vertex -13.8926 19.5692 29
      vertex -15.8438 19.0796 26.9968
      vertex -13.7824 18.841 29
    endloop
  endfacet
  facet normal -0.69926 -0.105872 0.706984
    outer loop
      vertex -15.8438 19.0796 26.9968
      vertex -13.8926 19.5692 29
      vertex -15.8722 19.3226 27.0051
    endloop
  endfacet
  facet normal -0.699282 -0.105735 0.706983
    outer loop
      vertex -13.7824 18.841 29
      vertex -15.8371 19.023 26.9949
      vertex -15.7462 18.4907 27.0052
    endloop
  endfacet
  facet normal -0.699259 -0.106504 0.70689
    outer loop
      vertex -15.8371 19.023 26.9949
      vertex -13.7824 18.841 29
      vertex -15.8438 19.0796 26.9968
    endloop
  endfacet
  facet normal -0.988742 -0.149628 0
    outer loop
      vertex -13.7824 18.841 29
      vertex -13.8926 19.5692 35
      vertex -13.8926 19.5692 29
    endloop
  endfacet
  facet normal -0.988742 -0.149628 0
    outer loop
      vertex -13.8926 19.5692 35
      vertex -13.7824 18.841 29
      vertex -13.7824 18.841 35
    endloop
  endfacet
  facet normal -0.699276 -0.105839 -0.706973
    outer loop
      vertex -15.8371 19.023 37.0051
      vertex -13.8926 19.5692 35
      vertex -15.7875 18.7327 36.9995
    endloop
  endfacet
  facet normal -0.699244 -0.10599 -0.706983
    outer loop
      vertex -13.8926 19.5692 35
      vertex -15.8371 19.023 37.0051
      vertex -15.8722 19.3226 36.9949
    endloop
  endfacet
  facet normal -0.699302 -0.105613 -0.706981
    outer loop
      vertex -15.7875 18.7327 36.9995
      vertex -13.7824 18.841 35
      vertex -15.7462 18.4907 36.9948
    endloop
  endfacet
  facet normal -0.699281 -0.105824 -0.706971
    outer loop
      vertex -13.7824 18.841 35
      vertex -15.7875 18.7327 36.9995
      vertex -13.8926 19.5692 35
    endloop
  endfacet
  facet normal -0.692734 -0.142503 0.706974
    outer loop
      vertex -13.7824 18.841 29
      vertex -15.705 18.2495 26.9969
      vertex -13.634 18.1196 29
    endloop
  endfacet
  facet normal -0.692696 -0.142649 0.706982
    outer loop
      vertex -15.705 18.2495 26.9969
      vertex -13.7824 18.841 29
      vertex -15.7462 18.4907 27.0052
    endloop
  endfacet
  facet normal -0.692727 -0.142534 0.706975
    outer loop
      vertex -13.634 18.1196 29
      vertex -15.6946 18.1889 26.9949
      vertex -15.5766 17.6665 27.0052
    endloop
  endfacet
  facet normal -0.692753 -0.142222 0.707012
    outer loop
      vertex -15.6946 18.1889 26.9949
      vertex -13.634 18.1196 29
      vertex -15.705 18.2495 26.9969
    endloop
  endfacet
  facet normal -0.97949 -0.201492 0
    outer loop
      vertex -13.634 18.1196 29
      vertex -13.7824 18.841 35
      vertex -13.7824 18.841 29
    endloop
  endfacet
  facet normal -0.97949 -0.201492 0
    outer loop
      vertex -13.7824 18.841 35
      vertex -13.634 18.1196 29
      vertex -13.634 18.1196 35
    endloop
  endfacet
  facet normal -0.692736 -0.142477 -0.706977
    outer loop
      vertex -15.6946 18.1889 37.0051
      vertex -13.7824 18.841 35
      vertex -15.6307 17.906 36.9995
    endloop
  endfacet
  facet normal -0.692713 -0.142564 -0.706983
    outer loop
      vertex -13.7824 18.841 35
      vertex -15.6946 18.1889 37.0051
      vertex -15.7462 18.4907 36.9948
    endloop
  endfacet
  facet normal -0.692712 -0.142601 -0.706976
    outer loop
      vertex -15.6307 17.906 36.9995
      vertex -13.634 18.1196 35
      vertex -15.5766 17.6665 36.9948
    endloop
  endfacet
  facet normal -0.692728 -0.142502 -0.706981
    outer loop
      vertex -13.634 18.1196 35
      vertex -15.6307 17.906 36.9995
      vertex -13.7824 18.841 35
    endloop
  endfacet
  facet normal -0.684295 -0.178708 0.706968
    outer loop
      vertex -13.634 18.1196 29
      vertex -15.5227 17.4278 26.997
      vertex -13.4479 17.407 29
    endloop
  endfacet
  facet normal -0.684266 -0.178798 0.706973
    outer loop
      vertex -15.5227 17.4278 26.997
      vertex -13.634 18.1196 29
      vertex -15.5766 17.6665 27.0052
    endloop
  endfacet
  facet normal -0.684304 -0.178647 0.706975
    outer loop
      vertex -13.4479 17.407 29
      vertex -15.5082 17.3636 26.9948
      vertex -15.364 16.8524 27.0052
    endloop
  endfacet
  facet normal -0.684286 -0.178777 0.706959
    outer loop
      vertex -15.5082 17.3636 26.9948
      vertex -13.4479 17.407 29
      vertex -15.5227 17.4278 26.997
    endloop
  endfacet
  facet normal -0.967549 -0.252682 0
    outer loop
      vertex -13.4479 17.407 29
      vertex -13.634 18.1196 35
      vertex -13.634 18.1196 29
    endloop
  endfacet
  facet normal -0.967549 -0.252682 0
    outer loop
      vertex -13.634 18.1196 35
      vertex -13.4479 17.407 29
      vertex -13.4479 17.407 35
    endloop
  endfacet
  facet normal -0.684279 -0.17876 -0.706971
    outer loop
      vertex -15.5082 17.3636 37.0052
      vertex -13.634 18.1196 35
      vertex -15.4306 17.0887 36.9996
    endloop
  endfacet
  facet normal -0.684268 -0.178793 -0.706973
    outer loop
      vertex -13.634 18.1196 35
      vertex -15.5082 17.3636 37.0052
      vertex -15.5766 17.6665 36.9948
    endloop
  endfacet
  facet normal -0.68434 -0.178517 -0.706973
    outer loop
      vertex -15.4306 17.0887 36.9996
      vertex -13.4479 17.407 35
      vertex -15.364 16.8524 36.9948
    endloop
  endfacet
  facet normal -0.6843 -0.178709 -0.706963
    outer loop
      vertex -13.4479 17.407 35
      vertex -15.4306 17.0887 36.9996
      vertex -13.634 18.1196 35
    endloop
  endfacet
  facet normal -0.673919 -0.214525 0.706974
    outer loop
      vertex -13.4479 17.407 29
      vertex -15.2975 16.6168 26.9971
      vertex -13.2245 16.7052 29
    endloop
  endfacet
  facet normal -0.673919 -0.214525 0.706974
    outer loop
      vertex -15.2975 16.6168 26.9971
      vertex -13.4479 17.407 29
      vertex -15.364 16.8524 27.0052
    endloop
  endfacet
  facet normal -0.673963 -0.214319 0.706994
    outer loop
      vertex -13.2245 16.7052 29
      vertex -15.2784 16.5493 26.9948
      vertex -15.1088 16.0506 27.0053
    endloop
  endfacet
  facet normal -0.673876 -0.21477 0.70694
    outer loop
      vertex -15.2784 16.5493 26.9948
      vertex -13.2245 16.7052 29
      vertex -15.2975 16.6168 26.9971
    endloop
  endfacet
  facet normal -0.952887 -0.303327 0
    outer loop
      vertex -13.2245 16.7052 29
      vertex -13.4479 17.407 35
      vertex -13.4479 17.407 29
    endloop
  endfacet
  facet normal -0.952887 -0.303327 0
    outer loop
      vertex -13.4479 17.407 35
      vertex -13.2245 16.7052 29
      vertex -13.2245 16.7052 35
    endloop
  endfacet
  facet normal -0.673962 -0.214427 -0.706963
    outer loop
      vertex -15.2784 16.5493 37.0052
      vertex -13.4479 17.407 35
      vertex -15.1878 16.283 36.9996
    endloop
  endfacet
  facet normal -0.673903 -0.214578 -0.706973
    outer loop
      vertex -13.4479 17.407 35
      vertex -15.2784 16.5493 37.0052
      vertex -15.364 16.8524 36.9948
    endloop
  endfacet
  facet normal -0.674 -0.214207 -0.706993
    outer loop
      vertex -15.1878 16.283 36.9996
      vertex -13.2245 16.7052 35
      vertex -15.1088 16.0506 36.9947
    endloop
  endfacet
  facet normal -0.673916 -0.214524 -0.706977
    outer loop
      vertex -13.2245 16.7052 35
      vertex -15.1878 16.283 36.9996
      vertex -13.4479 17.407 35
    endloop
  endfacet
  facet normal -0.661728 -0.249576 0.706985
    outer loop
      vertex -13.2245 16.7052 29
      vertex -15.03 15.8189 26.9972
      vertex -12.9646 16.0161 29
    endloop
  endfacet
  facet normal -0.661656 -0.249742 0.706994
    outer loop
      vertex -15.03 15.8189 26.9972
      vertex -13.2245 16.7052 29
      vertex -15.1088 16.0506 27.0053
    endloop
  endfacet
  facet normal -0.661729 -0.249573 0.706985
    outer loop
      vertex -12.9646 16.0161 29
      vertex -15.0059 15.7482 26.9948
      vertex -14.8118 15.2633 27.0053
    endloop
  endfacet
  facet normal -0.66173 -0.249568 0.706986
    outer loop
      vertex -15.0059 15.7482 26.9948
      vertex -12.9646 16.0161 29
      vertex -15.03 15.8189 26.9972
    endloop
  endfacet
  facet normal -0.935663 -0.352894 0
    outer loop
      vertex -12.9646 16.0161 29
      vertex -13.2245 16.7052 35
      vertex -13.2245 16.7052 29
    endloop
  endfacet
  facet normal -0.935663 -0.352894 0
    outer loop
      vertex -13.2245 16.7052 35
      vertex -12.9646 16.0161 29
      vertex -12.9646 16.0161 35
    endloop
  endfacet
  facet normal -0.66174 -0.249549 -0.706983
    outer loop
      vertex -15.0059 15.7482 37.0052
      vertex -13.2245 16.7052 35
      vertex -14.903 15.4912 36.9996
    endloop
  endfacet
  facet normal -0.661671 -0.2497 -0.706994
    outer loop
      vertex -13.2245 16.7052 35
      vertex -15.0059 15.7482 37.0052
      vertex -15.1088 16.0506 36.9947
    endloop
  endfacet
  facet normal -0.661717 -0.249602 -0.706986
    outer loop
      vertex -14.903 15.4912 36.9996
      vertex -12.9646 16.0161 35
      vertex -14.8118 15.2633 36.9947
    endloop
  endfacet
  facet normal -0.661726 -0.249576 -0.706987
    outer loop
      vertex -12.9646 16.0161 35
      vertex -14.903 15.4912 36.9996
      vertex -13.2245 16.7052 35
    endloop
  endfacet
  facet normal -0.64768 -0.28408 0.706972
    outer loop
      vertex -12.9646 16.0161 29
      vertex -14.7208 15.0361 26.9973
      vertex -12.6688 15.3417 29
    endloop
  endfacet
  facet normal -0.647585 -0.28427 0.706982
    outer loop
      vertex -14.7208 15.0361 26.9973
      vertex -12.9646 16.0161 29
      vertex -14.8118 15.2633 27.0053
    endloop
  endfacet
  facet normal -0.647622 -0.284178 0.706986
    outer loop
      vertex -12.6688 15.3417 29
      vertex -14.6915 14.9627 26.9948
      vertex -14.4738 14.4927 27.0053
    endloop
  endfacet
  facet normal -0.648051 -0.282776 0.707154
    outer loop
      vertex -14.6915 14.9627 26.9948
      vertex -12.6688 15.3417 29
      vertex -14.7208 15.0361 26.9973
    endloop
  endfacet
  facet normal -0.915783 -0.401673 0
    outer loop
      vertex -12.6688 15.3417 29
      vertex -12.9646 16.0161 35
      vertex -12.9646 16.0161 29
    endloop
  endfacet
  facet normal -0.915783 -0.401673 0
    outer loop
      vertex -12.9646 16.0161 35
      vertex -12.6688 15.3417 29
      vertex -12.6688 15.3417 35
    endloop
  endfacet
  facet normal -0.647577 -0.284219 -0.70701
    outer loop
      vertex -14.6915 14.9627 37.0052
      vertex -12.9646 16.0161 35
      vertex -14.577 14.7155 36.9997
    endloop
  endfacet
  facet normal -0.647734 -0.283918 -0.706987
    outer loop
      vertex -12.9646 16.0161 35
      vertex -14.6915 14.9627 37.0052
      vertex -14.8118 15.2633 36.9947
    endloop
  endfacet
  facet normal -0.647647 -0.284122 -0.706985
    outer loop
      vertex -14.577 14.7155 36.9997
      vertex -12.6688 15.3417 35
      vertex -14.4738 14.4927 36.9947
    endloop
  endfacet
  facet normal -0.647666 -0.284074 -0.706987
    outer loop
      vertex -12.6688 15.3417 35
      vertex -14.577 14.7155 36.9997
      vertex -12.9646 16.0161 35
    endloop
  endfacet
  facet normal -0.63184 -0.317745 0.706977
    outer loop
      vertex -12.6688 15.3417 29
      vertex -14.3709 14.2706 26.9974
      vertex -12.3379 14.6837 29
    endloop
  endfacet
  facet normal -0.631779 -0.317853 0.706983
    outer loop
      vertex -14.3709 14.2706 26.9974
      vertex -12.6688 15.3417 29
      vertex -14.4738 14.4927 27.0053
    endloop
  endfacet
  facet normal -0.631843 -0.317716 0.706987
    outer loop
      vertex -12.3379 14.6837 29
      vertex -14.3359 14.1949 26.9947
      vertex -14.0958 13.741 27.0053
    endloop
  endfacet
  facet normal -0.631957 -0.317404 0.707025
    outer loop
      vertex -14.3359 14.1949 26.9947
      vertex -12.3379 14.6837 29
      vertex -14.3709 14.2706 26.9974
    endloop
  endfacet
  facet normal -0.893393 -0.449276 0
    outer loop
      vertex -12.3379 14.6837 29
      vertex -12.6688 15.3417 35
      vertex -12.6688 15.3417 29
    endloop
  endfacet
  facet normal -0.893393 -0.449276 0
    outer loop
      vertex -12.6688 15.3417 35
      vertex -12.3379 14.6837 29
      vertex -12.3379 14.6837 35
    endloop
  endfacet
  facet normal -0.631954 -0.317538 -0.706968
    outer loop
      vertex -14.3359 14.1949 37.0053
      vertex -12.6688 15.3417 35
      vertex -14.2106 13.958 36.9997
    endloop
  endfacet
  facet normal -0.631833 -0.317743 -0.706984
    outer loop
      vertex -12.6688 15.3417 35
      vertex -14.3359 14.1949 37.0053
      vertex -14.4738 14.4927 36.9947
    endloop
  endfacet
  facet normal -0.631737 -0.317919 -0.70699
    outer loop
      vertex -14.2106 13.958 36.9997
      vertex -12.3379 14.6837 35
      vertex -14.0958 13.741 36.9947
    endloop
  endfacet
  facet normal -0.63182 -0.317734 -0.707
    outer loop
      vertex -12.3379 14.6837 35
      vertex -14.2106 13.958 36.9997
      vertex -12.6688 15.3417 35
    endloop
  endfacet
  facet normal -0.614269 -0.35049 0.706987
    outer loop
      vertex -12.3379 14.6837 29
      vertex -13.9813 13.5246 26.9975
      vertex -11.9729 14.044 29
    endloop
  endfacet
  facet normal -0.614264 -0.350498 0.706988
    outer loop
      vertex -13.9813 13.5246 26.9975
      vertex -12.3379 14.6837 29
      vertex -14.0958 13.741 27.0053
    endloop
  endfacet
  facet normal -0.614235 -0.350547 0.706988
    outer loop
      vertex -11.9729 14.044 29
      vertex -13.9403 13.447 26.9947
      vertex -13.6787 13.0102 27.0054
    endloop
  endfacet
  facet normal -0.614411 -0.350136 0.707038
    outer loop
      vertex -13.9403 13.447 26.9947
      vertex -11.9729 14.044 29
      vertex -13.9813 13.5246 26.9975
    endloop
  endfacet
  facet normal -0.86856 -0.495583 0
    outer loop
      vertex -11.9729 14.044 29
      vertex -12.3379 14.6837 35
      vertex -12.3379 14.6837 29
    endloop
  endfacet
  facet normal -0.86856 -0.495583 0
    outer loop
      vertex -12.3379 14.6837 35
      vertex -11.9729 14.044 29
      vertex -11.9729 14.044 35
    endloop
  endfacet
  facet normal -0.614127 -0.350688 -0.707012
    outer loop
      vertex -13.9403 13.447 37.0053
      vertex -12.3379 14.6837 35
      vertex -13.8048 13.2208 36.9998
    endloop
  endfacet
  facet normal -0.614314 -0.350408 -0.706989
    outer loop
      vertex -12.3379 14.6837 35
      vertex -13.9403 13.447 37.0053
      vertex -14.0958 13.741 36.9947
    endloop
  endfacet
  facet normal -0.614331 -0.350384 -0.706985
    outer loop
      vertex -13.8048 13.2208 36.9998
      vertex -11.9729 14.044 35
      vertex -13.6787 13.0102 36.9946
    endloop
  endfacet
  facet normal -0.614276 -0.350493 -0.706979
    outer loop
      vertex -11.9729 14.044 35
      vertex -13.8048 13.2208 36.9998
      vertex -12.3379 14.6837 35
    endloop
  endfacet
  facet normal -0.594947 -0.382356 0.706995
    outer loop
      vertex -11.9729 14.044 29
      vertex -13.553 12.8001 26.9976
      vertex -11.5747 13.4244 29
    endloop
  endfacet
  facet normal -0.595027 -0.382244 0.706989
    outer loop
      vertex -13.553 12.8001 26.9976
      vertex -11.9729 14.044 29
      vertex -13.6787 13.0102 27.0054
    endloop
  endfacet
  facet normal -0.594991 -0.382291 0.706993
    outer loop
      vertex -11.5747 13.4244 29
      vertex -13.5056 12.7211 26.9947
      vertex -13.2238 12.3023 27.0054
    endloop
  endfacet
  facet normal -0.594742 -0.382796 0.70693
    outer loop
      vertex -13.5056 12.7211 26.9947
      vertex -11.5747 13.4244 29
      vertex -13.553 12.8001 26.9976
    endloop
  endfacet
  facet normal -0.841249 -0.540648 0
    outer loop
      vertex -11.5747 13.4244 29
      vertex -11.9729 14.044 35
      vertex -11.9729 14.044 29
    endloop
  endfacet
  facet normal -0.841249 -0.540648 0
    outer loop
      vertex -11.9729 14.044 35
      vertex -11.5747 13.4244 29
      vertex -11.5747 13.4244 35
    endloop
  endfacet
  facet normal -0.595058 -0.382225 -0.706972
    outer loop
      vertex -13.5056 12.7211 37.0053
      vertex -11.9729 14.044 35
      vertex -13.3609 12.506 36.9998
    endloop
  endfacet
  facet normal -0.594937 -0.382388 -0.706987
    outer loop
      vertex -11.9729 14.044 35
      vertex -13.5056 12.7211 37.0053
      vertex -13.6787 13.0102 36.9946
    endloop
  endfacet
  facet normal -0.594937 -0.382373 -0.706994
    outer loop
      vertex -13.3609 12.506 36.9998
      vertex -11.5747 13.4244 35
      vertex -13.2238 12.3023 36.9946
    endloop
  endfacet
  facet normal -0.594947 -0.382356 -0.706995
    outer loop
      vertex -11.5747 13.4244 35
      vertex -13.3609 12.506 36.9998
      vertex -11.9729 14.044 35
    endloop
  endfacet
  facet normal -0.574083 -0.413036 0.706986
    outer loop
      vertex -11.5747 13.4244 29
      vertex -13.0871 12.0992 26.9977
      vertex -11.1446 12.8266 29
    endloop
  endfacet
  facet normal -0.573998 -0.413143 0.706993
    outer loop
      vertex -13.0871 12.0992 26.9977
      vertex -11.5747 13.4244 29
      vertex -13.2238 12.3023 27.0054
    endloop
  endfacet
  facet normal -0.573994 -0.413185 0.706972
    outer loop
      vertex -11.1446 12.8266 29
      vertex -13.0332 12.0191 26.9947
      vertex -12.7323 11.6194 27.0054
    endloop
  endfacet
  facet normal -0.574181 -0.412852 0.707015
    outer loop
      vertex -13.0332 12.0191 26.9947
      vertex -11.1446 12.8266 29
      vertex -13.0871 12.0992 26.9977
    endloop
  endfacet
  facet normal -0.811738 -0.584022 0
    outer loop
      vertex -11.1446 12.8266 29
      vertex -11.5747 13.4244 35
      vertex -11.5747 13.4244 29
    endloop
  endfacet
  facet normal -0.811738 -0.584022 0
    outer loop
      vertex -11.5747 13.4244 35
      vertex -11.1446 12.8266 29
      vertex -11.1446 12.8266 35
    endloop
  endfacet
  facet normal -0.573985 -0.413146 -0.707002
    outer loop
      vertex -13.0332 12.0191 37.0053
      vertex -11.5747 13.4244 35
      vertex -12.88 11.8155 36.9999
    endloop
  endfacet
  facet normal -0.574054 -0.413063 -0.706994
    outer loop
      vertex -11.5747 13.4244 35
      vertex -13.0332 12.0191 37.0053
      vertex -13.2238 12.3023 36.9946
    endloop
  endfacet
  facet normal -0.573978 -0.413206 -0.706972
    outer loop
      vertex -12.88 11.8155 36.9999
      vertex -11.1446 12.8266 35
      vertex -12.7323 11.6194 36.9946
    endloop
  endfacet
  facet normal -0.574087 -0.413039 -0.706982
    outer loop
      vertex -11.1446 12.8266 35
      vertex -12.88 11.8155 36.9999
      vertex -11.5747 13.4244 35
    endloop
  endfacet
  facet normal -0.551506 -0.442722 0.706992
    outer loop
      vertex -11.1446 12.8266 29
      vertex -12.5851 11.4237 26.9978
      vertex -10.6835 12.2522 29
    endloop
  endfacet
  facet normal -0.55174 -0.442458 0.706975
    outer loop
      vertex -12.5851 11.4237 26.9978
      vertex -11.1446 12.8266 29
      vertex -12.7323 11.6194 27.0054
    endloop
  endfacet
  facet normal -0.551523 -0.442722 0.706979
    outer loop
      vertex -10.6835 12.2522 29
      vertex -12.5244 11.3431 26.9946
      vertex -12.2056 10.9632 27.0054
    endloop
  endfacet
  facet normal -0.551223 -0.443193 0.706918
    outer loop
      vertex -12.5244 11.3431 26.9946
      vertex -10.6835 12.2522 29
      vertex -12.5851 11.4237 26.9978
    endloop
  endfacet
  facet normal -0.779821 -0.626002 0
    outer loop
      vertex -10.6835 12.2522 29
      vertex -11.1446 12.8266 35
      vertex -11.1446 12.8266 29
    endloop
  endfacet
  facet normal -0.779821 -0.626002 0
    outer loop
      vertex -11.1446 12.8266 35
      vertex -10.6835 12.2522 29
      vertex -10.6835 12.2522 35
    endloop
  endfacet
  facet normal -0.551664 -0.442572 -0.706963
    outer loop
      vertex -12.5244 11.3431 37.0054
      vertex -11.1446 12.8266 35
      vertex -12.3634 11.1512 36.9999
    endloop
  endfacet
  facet normal -0.551578 -0.442665 -0.706972
    outer loop
      vertex -11.1446 12.8266 35
      vertex -12.5244 11.3431 37.0054
      vertex -12.7323 11.6194 36.9946
    endloop
  endfacet
  facet normal -0.551389 -0.442884 -0.706982
    outer loop
      vertex -12.3634 11.1512 36.9999
      vertex -10.6835 12.2522 35
      vertex -12.2056 10.9632 36.9946
    endloop
  endfacet
  facet normal -0.551507 -0.442722 -0.706992
    outer loop
      vertex -10.6835 12.2522 35
      vertex -12.3634 11.1512 36.9999
      vertex -11.1446 12.8266 35
    endloop
  endfacet
  facet normal -0.52747 -0.471103 0.706992
    outer loop
      vertex -10.6835 12.2522 29
      vertex -12.0482 10.7756 26.9979
      vertex -10.1929 11.7029 29
    endloop
  endfacet
  facet normal -0.527621 -0.470949 0.706982
    outer loop
      vertex -12.0482 10.7756 26.9979
      vertex -10.6835 12.2522 29
      vertex -12.2056 10.9632 27.0054
    endloop
  endfacet
  facet normal -0.527462 -0.471125 0.706983
    outer loop
      vertex -10.1929 11.7029 29
      vertex -11.9805 10.6949 26.9946
      vertex -11.6451 10.3356 27.0054
    endloop
  endfacet
  facet normal -0.527338 -0.471298 0.70696
    outer loop
      vertex -11.9805 10.6949 26.9946
      vertex -10.1929 11.7029 29
      vertex -12.0482 10.7756 26.9979
    endloop
  endfacet
  facet normal -0.745834 -0.666132 0
    outer loop
      vertex -10.1929 11.7029 29
      vertex -10.6835 12.2522 35
      vertex -10.6835 12.2522 29
    endloop
  endfacet
  facet normal -0.745834 -0.666132 0
    outer loop
      vertex -10.6835 12.2522 35
      vertex -10.1929 11.7029 29
      vertex -10.1929 11.7029 35
    endloop
  endfacet
  facet normal -0.527357 -0.47122 -0.706998
    outer loop
      vertex -11.9805 10.6949 37.0054
      vertex -10.6835 12.2522 35
      vertex -11.8126 10.5151 37
    endloop
  endfacet
  facet normal -0.527533 -0.471051 -0.70698
    outer loop
      vertex -10.6835 12.2522 35
      vertex -11.9805 10.6949 37.0054
      vertex -12.2056 10.9632 36.9946
    endloop
  endfacet
  facet normal -0.527557 -0.47102 -0.706981
    outer loop
      vertex -11.8126 10.5151 37
      vertex -10.1929 11.7029 35
      vertex -11.6451 10.3356 36.9946
    endloop
  endfacet
  facet normal -0.527482 -0.471114 -0.706976
    outer loop
      vertex -10.1929 11.7029 35
      vertex -11.8126 10.5151 37
      vertex -10.6835 12.2522 35
    endloop
  endfacet
  facet normal -0.50197 -0.498176 0.706999
    outer loop
      vertex -10.1929 11.7029 29
      vertex -11.478 10.1566 26.998
      vertex -9.67415 11.1802 29
    endloop
  endfacet
  facet normal -0.502159 -0.498003 0.706986
    outer loop
      vertex -11.478 10.1566 26.998
      vertex -10.1929 11.7029 29
      vertex -11.6451 10.3356 27.0054
    endloop
  endfacet
  facet normal -0.502022 -0.49813 0.706994
    outer loop
      vertex -9.67415 11.1802 29
      vertex -11.4031 10.0764 26.9946
      vertex -11.0524 9.73843 27.0055
    endloop
  endfacet
  facet normal -0.501708 -0.498523 0.70694
    outer loop
      vertex -11.4031 10.0764 26.9946
      vertex -9.67415 11.1802 29
      vertex -11.478 10.1566 26.998
    endloop
  endfacet
  facet normal -0.709784 -0.70442 0
    outer loop
      vertex -9.67415 11.1802 29
      vertex -10.1929 11.7029 35
      vertex -10.1929 11.7029 29
    endloop
  endfacet
  facet normal -0.709784 -0.70442 0
    outer loop
      vertex -10.1929 11.7029 35
      vertex -9.67415 11.1802 29
      vertex -9.67415 11.1802 35
    endloop
  endfacet
  facet normal -0.502007 -0.49816 -0.706984
    outer loop
      vertex -11.4031 10.0764 37.0054
      vertex -10.1929 11.7029 35
      vertex -11.2291 9.90872 37
    endloop
  endfacet
  facet normal -0.502011 -0.498156 -0.706983
    outer loop
      vertex -10.1929 11.7029 35
      vertex -11.4031 10.0764 37.0054
      vertex -11.6451 10.3356 36.9946
    endloop
  endfacet
  facet normal -0.502044 -0.498108 -0.706994
    outer loop
      vertex -11.2291 9.90872 37
      vertex -9.67415 11.1802 35
      vertex -11.0524 9.73843 36.9945
    endloop
  endfacet
  facet normal -0.501976 -0.498183 -0.706989
    outer loop
      vertex -9.67415 11.1802 35
      vertex -11.2291 9.90872 37
      vertex -10.1929 11.7029 35
    endloop
  endfacet
  facet normal -0.475117 -0.523877 0.706977
    outer loop
      vertex -9.67415 11.1802 29
      vertex -10.876 9.56847 26.998
      vertex -9.12857 10.6854 29
    endloop
  endfacet
  facet normal -0.47488 -0.524072 0.706992
    outer loop
      vertex -10.876 9.56847 26.998
      vertex -9.67415 11.1802 29
      vertex -11.0524 9.73843 27.0055
    endloop
  endfacet
  facet normal -0.475123 -0.52386 0.706986
    outer loop
      vertex -9.12857 10.6854 29
      vertex -10.7938 9.48928 26.9946
      vertex -10.4291 9.17322 27.0055
    endloop
  endfacet
  facet normal -0.475272 -0.523693 0.707009
    outer loop
      vertex -10.7938 9.48928 26.9946
      vertex -9.12857 10.6854 29
      vertex -10.876 9.56847 26.998
    endloop
  endfacet
  facet normal -0.671794 -0.740738 0
    outer loop
      vertex -9.67415 11.1802 29
      vertex -9.12857 10.6854 35
      vertex -9.67415 11.1802 35
    endloop
  endfacet
  facet normal -0.671794 -0.740738 -0
    outer loop
      vertex -9.12857 10.6854 35
      vertex -9.67415 11.1802 29
      vertex -9.12857 10.6854 29
    endloop
  endfacet
  facet normal -0.47494 -0.524006 -0.707001
    outer loop
      vertex -10.7938 9.48928 37.0054
      vertex -9.67415 11.1802 35
      vertex -10.6145 9.33392 37.0001
    endloop
  endfacet
  facet normal -0.475007 -0.523954 -0.706994
    outer loop
      vertex -9.67415 11.1802 35
      vertex -10.7938 9.48928 37.0054
      vertex -11.0524 9.73843 36.9945
    endloop
  endfacet
  facet normal -0.475293 -0.52371 -0.706983
    outer loop
      vertex -10.6145 9.33392 37.0001
      vertex -9.12857 10.6854 35
      vertex -10.4291 9.17322 36.9945
    endloop
  endfacet
  facet normal -0.475121 -0.523882 -0.706971
    outer loop
      vertex -9.12857 10.6854 35
      vertex -10.6145 9.33392 37.0001
      vertex -9.67415 11.1802 35
    endloop
  endfacet
  facet normal -0.446841 -0.548184 0.706985
    outer loop
      vertex -9.12857 10.6854 29
      vertex -10.244 9.0128 26.9981
      vertex -8.55774 10.2201 29
    endloop
  endfacet
  facet normal -0.446834 -0.54819 0.706985
    outer loop
      vertex -10.244 9.0128 26.9981
      vertex -9.12857 10.6854 29
      vertex -10.4291 9.17322 27.0055
    endloop
  endfacet
  facet normal -0.446757 -0.548257 0.706981
    outer loop
      vertex -8.55774 10.2201 29
      vertex -10.1544 8.93519 26.9946
      vertex -9.98749 8.80537 26.9994
    endloop
  endfacet
  facet normal -0.447032 -0.547979 0.707022
    outer loop
      vertex -10.1544 8.93519 26.9946
      vertex -8.55774 10.2201 29
      vertex -10.244 9.0128 26.9981
    endloop
  endfacet
  facet normal -0.446875 -0.548149 0.70699
    outer loop
      vertex -8.55774 10.2201 29
      vertex -9.98749 8.80537 26.9994
      vertex -9.98749 8.36891 26.661
    endloop
  endfacet
  facet normal -0.631819 -0.775116 0
    outer loop
      vertex -9.12857 10.6854 29
      vertex -8.55774 10.2201 35
      vertex -9.12857 10.6854 35
    endloop
  endfacet
  facet normal -0.631819 -0.775116 -0
    outer loop
      vertex -8.55774 10.2201 35
      vertex -9.12857 10.6854 29
      vertex -8.55774 10.2201 29
    endloop
  endfacet
  facet normal -0.448083 -0.547412 -0.706797
    outer loop
      vertex -9.98749 8.80537 37.0006
      vertex -9.12857 10.6854 35
      vertex -9.98749 8.75424 37.0402
    endloop
  endfacet
  facet normal -0.446745 -0.548241 -0.707001
    outer loop
      vertex -10.1544 8.93519 37.0054
      vertex -9.12857 10.6854 35
      vertex -9.98749 8.80537 37.0006
    endloop
  endfacet
  facet normal -0.446906 -0.548129 -0.706986
    outer loop
      vertex -9.12857 10.6854 35
      vertex -10.1544 8.93519 37.0054
      vertex -10.4291 9.17322 36.9945
    endloop
  endfacet
  facet normal -0.446775 -0.548229 -0.706991
    outer loop
      vertex -9.98749 8.75424 37.0402
      vertex -8.55774 10.2201 35
      vertex -9.98749 8.36891 37.339
    endloop
  endfacet
  facet normal -0.446834 -0.548176 -0.706995
    outer loop
      vertex -8.55774 10.2201 35
      vertex -9.98749 8.75424 37.0402
      vertex -9.12857 10.6854 35
    endloop
  endfacet
  facet normal -0.417452 -0.570875 0.70699
    outer loop
      vertex -9.98749 8.36891 26.661
      vertex -7.96321 9.78535 29
      vertex -8.55774 10.2201 29
    endloop
  endfacet
  facet normal -0.417502 -0.570823 0.707002
    outer loop
      vertex -7.96321 9.78535 29
      vertex -9.98749 8.36891 26.661
      vertex -9.98749 8.16851 26.4992
    endloop
  endfacet
  facet normal -0.417413 -0.57091 0.706986
    outer loop
      vertex -9.98749 8.16851 26.4992
      vertex -9.66962 7.31792 26
      vertex -7.96321 9.78535 29
    endloop
  endfacet
  facet normal -0.417456 -0.570911 0.706959
    outer loop
      vertex -9.66962 7.31792 26
      vertex -9.98749 8.16851 26.4992
      vertex -9.98749 7.55035 26
    endloop
  endfacet
  facet normal -0.590269 -0.807206 0
    outer loop
      vertex -8.55774 10.2201 29
      vertex -7.96321 9.78535 35
      vertex -8.55774 10.2201 35
    endloop
  endfacet
  facet normal -0.590269 -0.807206 -0
    outer loop
      vertex -7.96321 9.78535 35
      vertex -8.55774 10.2201 29
      vertex -7.96321 9.78535 29
    endloop
  endfacet
  facet normal -0.417445 -0.570896 -0.706978
    outer loop
      vertex -9.98749 8.36891 37.339
      vertex -9.66962 7.31792 38
      vertex -9.98749 7.55035 38
    endloop
  endfacet
  facet normal -0.417423 -0.570897 -0.70699
    outer loop
      vertex -9.66962 7.31792 38
      vertex -9.98749 8.36891 37.339
      vertex -8.55774 10.2201 35
    endloop
  endfacet
  facet normal -0.417455 -0.570879 -0.706985
    outer loop
      vertex -7.96321 9.78535 35
      vertex -9.66962 7.31792 38
      vertex -8.55774 10.2201 35
    endloop
  endfacet
  facet normal 0.590249 0.807221 -0
    outer loop
      vertex -9.66962 7.31792 26
      vertex -9.98749 7.55035 38
      vertex -9.66962 7.31792 38
    endloop
  endfacet
  facet normal 0.590249 0.807221 0
    outer loop
      vertex -9.98749 7.55035 38
      vertex -9.66962 7.31792 26
      vertex -9.98749 7.55035 26
    endloop
  endfacet
  facet normal -0.386836 -0.592056 0.706985
    outer loop
      vertex -7.96321 9.78535 29
      vertex -9.66962 7.31792 26
      vertex -7.34666 9.38251 29
    endloop
  endfacet
  facet normal -0.38683 -0.59206 0.706984
    outer loop
      vertex -7.34666 9.38251 29
      vertex -9.66962 7.31792 26
      vertex -8.92094 6.82876 26
    endloop
  endfacet
  facet normal -0.546975 -0.837149 0
    outer loop
      vertex -7.96321 9.78535 29
      vertex -7.34666 9.38251 35
      vertex -7.96321 9.78535 35
    endloop
  endfacet
  facet normal -0.546975 -0.837149 -0
    outer loop
      vertex -7.34666 9.38251 35
      vertex -7.96321 9.78535 29
      vertex -7.34666 9.38251 29
    endloop
  endfacet
  facet normal -0.38683 -0.592059 -0.706985
    outer loop
      vertex -8.92094 6.82876 38
      vertex -9.66962 7.31792 38
      vertex -7.96321 9.78535 35
    endloop
  endfacet
  facet normal -0.386836 -0.592056 -0.706984
    outer loop
      vertex -7.34666 9.38251 35
      vertex -8.92094 6.82876 38
      vertex -7.96321 9.78535 35
    endloop
  endfacet
  facet normal 0.546966 0.837155 -0
    outer loop
      vertex -8.92094 6.82876 26
      vertex -9.66962 7.31792 38
      vertex -8.92094 6.82876 38
    endloop
  endfacet
  facet normal 0.546966 0.837155 0
    outer loop
      vertex -9.66962 7.31792 38
      vertex -8.92094 6.82876 26
      vertex -9.66962 7.31792 26
    endloop
  endfacet
  facet normal -0.355163 -0.611582 0.706984
    outer loop
      vertex -7.34666 9.38251 29
      vertex -8.92094 6.82876 26
      vertex -6.70977 9.01265 29
    endloop
  endfacet
  facet normal -0.355167 -0.611579 0.706985
    outer loop
      vertex -6.70977 9.01265 29
      vertex -8.92094 6.82876 26
      vertex -8.14758 6.37964 26
    endloop
  endfacet
  facet normal -0.502189 -0.864758 0
    outer loop
      vertex -7.34666 9.38251 29
      vertex -6.70977 9.01265 35
      vertex -7.34666 9.38251 35
    endloop
  endfacet
  facet normal -0.502189 -0.864758 -0
    outer loop
      vertex -6.70977 9.01265 35
      vertex -7.34666 9.38251 29
      vertex -6.70977 9.01265 29
    endloop
  endfacet
  facet normal -0.355168 -0.611579 -0.706984
    outer loop
      vertex -8.14758 6.37964 38
      vertex -8.92094 6.82876 38
      vertex -7.34666 9.38251 35
    endloop
  endfacet
  facet normal -0.355162 -0.611581 -0.706985
    outer loop
      vertex -6.70977 9.01265 35
      vertex -8.14758 6.37964 38
      vertex -7.34666 9.38251 35
    endloop
  endfacet
  facet normal 0.502196 0.864754 -0
    outer loop
      vertex -8.14758 6.37964 26
      vertex -8.92094 6.82876 38
      vertex -8.14758 6.37964 38
    endloop
  endfacet
  facet normal 0.502196 0.864754 0
    outer loop
      vertex -8.92094 6.82876 38
      vertex -8.14758 6.37964 26
      vertex -8.92094 6.82876 26
    endloop
  endfacet
  facet normal -0.322512 -0.629411 0.706985
    outer loop
      vertex -6.70977 9.01265 29
      vertex -8.14758 6.37964 26
      vertex -6.05431 8.67679 29
    endloop
  endfacet
  facet normal -0.322505 -0.629416 0.706984
    outer loop
      vertex -6.05431 8.67679 29
      vertex -8.14758 6.37964 26
      vertex -7.35166 5.97182 26
    endloop
  endfacet
  facet normal -0.456023 -0.889968 0
    outer loop
      vertex -6.70977 9.01265 29
      vertex -6.05431 8.67679 35
      vertex -6.70977 9.01265 35
    endloop
  endfacet
  facet normal -0.456023 -0.889968 -0
    outer loop
      vertex -6.05431 8.67679 35
      vertex -6.70977 9.01265 29
      vertex -6.05431 8.67679 29
    endloop
  endfacet
  facet normal -0.322505 -0.629415 -0.706985
    outer loop
      vertex -7.35166 5.97182 38
      vertex -8.14758 6.37964 38
      vertex -6.70977 9.01265 35
    endloop
  endfacet
  facet normal -0.322513 -0.629412 -0.706984
    outer loop
      vertex -6.05431 8.67679 35
      vertex -7.35166 5.97182 38
      vertex -6.70977 9.01265 35
    endloop
  endfacet
  facet normal 0.456012 0.889974 -0
    outer loop
      vertex -7.35166 5.97182 26
      vertex -8.14758 6.37964 38
      vertex -7.35166 5.97182 38
    endloop
  endfacet
  facet normal 0.456012 0.889974 0
    outer loop
      vertex -8.14758 6.37964 38
      vertex -7.35166 5.97182 26
      vertex -8.14758 6.37964 26
    endloop
  endfacet
  facet normal -0.288964 -0.645502 0.706984
    outer loop
      vertex -6.05431 8.67679 29
      vertex -7.35166 5.97182 26
      vertex -5.3821 8.37587 29
    endloop
  endfacet
  facet normal -0.288961 -0.645504 0.706984
    outer loop
      vertex -5.3821 8.37587 29
      vertex -7.35166 5.97182 26
      vertex -6.5354 5.60642 26
    endloop
  endfacet
  facet normal -0.408586 -0.91272 0
    outer loop
      vertex -6.05431 8.67679 29
      vertex -5.3821 8.37587 35
      vertex -6.05431 8.67679 35
    endloop
  endfacet
  facet normal -0.408586 -0.91272 -0
    outer loop
      vertex -5.3821 8.37587 35
      vertex -6.05431 8.67679 29
      vertex -5.3821 8.37587 29
    endloop
  endfacet
  facet normal -0.288961 -0.645504 -0.706984
    outer loop
      vertex -6.5354 5.60642 38
      vertex -7.35166 5.97182 38
      vertex -6.05431 8.67679 35
    endloop
  endfacet
  facet normal -0.288964 -0.645503 -0.706983
    outer loop
      vertex -5.3821 8.37587 35
      vertex -6.5354 5.60642 38
      vertex -6.05431 8.67679 35
    endloop
  endfacet
  facet normal 0.408581 0.912722 -0
    outer loop
      vertex -6.5354 5.60642 26
      vertex -7.35166 5.97182 38
      vertex -6.5354 5.60642 38
    endloop
  endfacet
  facet normal 0.408581 0.912722 0
    outer loop
      vertex -7.35166 5.97182 38
      vertex -6.5354 5.60642 26
      vertex -7.35166 5.97182 26
    endloop
  endfacet
  facet normal -0.254614 -0.659808 0.706983
    outer loop
      vertex -5.3821 8.37587 29
      vertex -6.5354 5.60642 26
      vertex -4.69499 8.11072 29
    endloop
  endfacet
  facet normal -0.254618 -0.659806 0.706984
    outer loop
      vertex -4.69499 8.11072 29
      vertex -6.5354 5.60642 26
      vertex -5.70106 5.28445 26
    endloop
  endfacet
  facet normal -0.360016 -0.932946 0
    outer loop
      vertex -5.3821 8.37587 29
      vertex -4.69499 8.11072 35
      vertex -5.3821 8.37587 35
    endloop
  endfacet
  facet normal -0.360016 -0.932946 -0
    outer loop
      vertex -4.69499 8.11072 35
      vertex -5.3821 8.37587 29
      vertex -4.69499 8.11072 29
    endloop
  endfacet
  facet normal -0.254618 -0.659806 -0.706984
    outer loop
      vertex -5.70106 5.28445 38
      vertex -6.5354 5.60642 38
      vertex -5.3821 8.37587 35
    endloop
  endfacet
  facet normal -0.254614 -0.659807 -0.706984
    outer loop
      vertex -4.69499 8.11072 35
      vertex -5.70106 5.28445 38
      vertex -5.3821 8.37587 35
    endloop
  endfacet
  facet normal 0.360021 0.932944 -0
    outer loop
      vertex -5.70106 5.28445 26
      vertex -6.5354 5.60642 38
      vertex -5.70106 5.28445 38
    endloop
  endfacet
  facet normal 0.360021 0.932944 0
    outer loop
      vertex -6.5354 5.60642 38
      vertex -5.70106 5.28445 26
      vertex -6.5354 5.60642 26
    endloop
  endfacet
  facet normal -0.219565 -0.672283 0.706984
    outer loop
      vertex -4.69499 8.11072 29
      vertex -5.70106 5.28445 26
      vertex -3.99489 7.88207 29
    endloop
  endfacet
  facet normal -0.219566 -0.672283 0.706984
    outer loop
      vertex -3.99489 7.88207 29
      vertex -5.70106 5.28445 26
      vertex -4.85093 5.0068 26
    endloop
  endfacet
  facet normal -0.310458 -0.950587 0
    outer loop
      vertex -4.69499 8.11072 29
      vertex -3.99489 7.88207 35
      vertex -4.69499 8.11072 35
    endloop
  endfacet
  facet normal -0.310458 -0.950587 -0
    outer loop
      vertex -3.99489 7.88207 35
      vertex -4.69499 8.11072 29
      vertex -3.99489 7.88207 29
    endloop
  endfacet
  facet normal -0.219566 -0.672283 -0.706984
    outer loop
      vertex -4.85093 5.0068 38
      vertex -5.70106 5.28445 38
      vertex -4.69499 8.11072 35
    endloop
  endfacet
  facet normal -0.219565 -0.672283 -0.706984
    outer loop
      vertex -3.99489 7.88207 35
      vertex -4.85093 5.0068 38
      vertex -4.69499 8.11072 35
    endloop
  endfacet
  facet normal 0.310459 0.950587 -0
    outer loop
      vertex -4.85093 5.0068 26
      vertex -5.70106 5.28445 38
      vertex -4.85093 5.0068 38
    endloop
  endfacet
  facet normal 0.310459 0.950587 0
    outer loop
      vertex -5.70106 5.28445 38
      vertex -4.85093 5.0068 26
      vertex -5.70106 5.28445 26
    endloop
  endfacet
  facet normal -0.183909 -0.682899 0.706984
    outer loop
      vertex -3.99489 7.88207 29
      vertex -4.85093 5.0068 26
      vertex -3.28373 7.69055 29
    endloop
  endfacet
  facet normal -0.183909 -0.682899 0.706984
    outer loop
      vertex -3.28373 7.69055 29
      vertex -4.85093 5.0068 26
      vertex -3.98738 4.77424 26
    endloop
  endfacet
  facet normal -0.260042 -0.965597 0
    outer loop
      vertex -3.99489 7.88207 29
      vertex -3.28373 7.69055 35
      vertex -3.99489 7.88207 35
    endloop
  endfacet
  facet normal -0.260042 -0.965597 -0
    outer loop
      vertex -3.28373 7.69055 35
      vertex -3.99489 7.88207 29
      vertex -3.28373 7.69055 29
    endloop
  endfacet
  facet normal -0.183909 -0.682899 -0.706984
    outer loop
      vertex -3.98738 4.77424 38
      vertex -4.85093 5.0068 38
      vertex -3.99489 7.88207 35
    endloop
  endfacet
  facet normal -0.183909 -0.682899 -0.706984
    outer loop
      vertex -3.98738 4.77424 38
      vertex -3.99489 7.88207 35
      vertex -3.28373 7.69055 35
    endloop
  endfacet
  facet normal 0.260042 0.965597 -0
    outer loop
      vertex -3.98738 4.77424 26
      vertex -4.85093 5.0068 38
      vertex -3.98738 4.77424 38
    endloop
  endfacet
  facet normal 0.260042 0.965597 0
    outer loop
      vertex -4.85093 5.0068 38
      vertex -3.98738 4.77424 26
      vertex -4.85093 5.0068 26
    endloop
  endfacet
  facet normal -0.147745 -0.691625 0.706984
    outer loop
      vertex -3.28373 7.69055 29
      vertex -3.98738 4.77424 26
      vertex -2.56348 7.53669 29
    endloop
  endfacet
  facet normal -0.147739 -0.691627 0.706983
    outer loop
      vertex -2.56348 7.53669 29
      vertex -3.98738 4.77424 26
      vertex -3.1128 4.58742 26
    endloop
  endfacet
  facet normal -0.208907 -0.977936 0
    outer loop
      vertex -3.28373 7.69055 29
      vertex -2.56348 7.53669 35
      vertex -3.28373 7.69055 35
    endloop
  endfacet
  facet normal -0.208907 -0.977936 -0
    outer loop
      vertex -2.56348 7.53669 35
      vertex -3.28373 7.69055 29
      vertex -2.56348 7.53669 29
    endloop
  endfacet
  facet normal -0.147739 -0.691626 -0.706984
    outer loop
      vertex -3.1128 4.58742 38
      vertex -3.98738 4.77424 38
      vertex -3.28373 7.69055 35
    endloop
  endfacet
  facet normal -0.147745 -0.691626 -0.706983
    outer loop
      vertex -3.1128 4.58742 38
      vertex -3.28373 7.69055 35
      vertex -2.56348 7.53669 35
    endloop
  endfacet
  facet normal 0.208898 0.977937 -0
    outer loop
      vertex -3.1128 4.58742 26
      vertex -3.98738 4.77424 38
      vertex -3.1128 4.58742 38
    endloop
  endfacet
  facet normal 0.208898 0.977937 0
    outer loop
      vertex -3.98738 4.77424 38
      vertex -3.1128 4.58742 26
      vertex -3.98738 4.77424 26
    endloop
  endfacet
  facet normal -0.11116 -0.69844 0.706983
    outer loop
      vertex -2.56348 7.53669 29
      vertex -3.1128 4.58742 26
      vertex -1.83614 7.42093 29
    endloop
  endfacet
  facet normal -0.111171 -0.698436 0.706985
    outer loop
      vertex -1.83614 7.42093 29
      vertex -3.1128 4.58742 26
      vertex -2.2296 4.44684 26
    endloop
  endfacet
  facet normal -0.157177 -0.98757 0
    outer loop
      vertex -2.56348 7.53669 29
      vertex -1.83614 7.42093 35
      vertex -2.56348 7.53669 35
    endloop
  endfacet
  facet normal -0.157177 -0.98757 -0
    outer loop
      vertex -1.83614 7.42093 35
      vertex -2.56348 7.53669 29
      vertex -1.83614 7.42093 29
    endloop
  endfacet
  facet normal -0.111171 -0.698438 -0.706983
    outer loop
      vertex -2.2296 4.44684 38
      vertex -3.1128 4.58742 38
      vertex -2.56348 7.53669 35
    endloop
  endfacet
  facet normal -0.11116 -0.698438 -0.706985
    outer loop
      vertex -2.2296 4.44684 38
      vertex -2.56348 7.53669 35
      vertex -1.83614 7.42093 35
    endloop
  endfacet
  facet normal 0.157192 0.987568 -0
    outer loop
      vertex -2.2296 4.44684 26
      vertex -3.1128 4.58742 38
      vertex -2.2296 4.44684 38
    endloop
  endfacet
  facet normal 0.157192 0.987568 0
    outer loop
      vertex -3.1128 4.58742 38
      vertex -2.2296 4.44684 26
      vertex -3.1128 4.58742 26
    endloop
  endfacet
  facet normal -0.074286 -0.703316 0.706985
    outer loop
      vertex -1.83614 7.42093 29
      vertex -2.2296 4.44684 26
      vertex -1.10372 7.34357 29
    endloop
  endfacet
  facet normal -0.0742803 -0.703318 0.706984
    outer loop
      vertex -1.10372 7.34357 29
      vertex -2.2296 4.44684 26
      vertex -1.34023 4.35291 26
    endloop
  endfacet
  facet normal -0.105038 -0.994468 0
    outer loop
      vertex -1.83614 7.42093 29
      vertex -1.10372 7.34357 35
      vertex -1.83614 7.42093 35
    endloop
  endfacet
  facet normal -0.105038 -0.994468 -0
    outer loop
      vertex -1.10372 7.34357 35
      vertex -1.83614 7.42093 29
      vertex -1.10372 7.34357 29
    endloop
  endfacet
  facet normal -0.0742802 -0.703317 -0.706985
    outer loop
      vertex -1.34023 4.35291 38
      vertex -2.2296 4.44684 38
      vertex -1.83614 7.42093 35
    endloop
  endfacet
  facet normal -0.0742861 -0.703317 -0.706984
    outer loop
      vertex -1.34023 4.35291 38
      vertex -1.83614 7.42093 35
      vertex -1.10372 7.34357 35
    endloop
  endfacet
  facet normal 0.10503 0.994469 -0
    outer loop
      vertex -1.34023 4.35291 26
      vertex -2.2296 4.44684 38
      vertex -1.34023 4.35291 38
    endloop
  endfacet
  facet normal 0.10503 0.994469 0
    outer loop
      vertex -2.2296 4.44684 38
      vertex -1.34023 4.35291 26
      vertex -2.2296 4.44684 26
    endloop
  endfacet
  facet normal -0.0371912 -0.706251 0.706984
    outer loop
      vertex -1.10372 7.34357 29
      vertex -1.34023 4.35291 26
      vertex -0.368247 7.30484 29
    endloop
  endfacet
  facet normal -0.0371918 -0.706251 0.706984
    outer loop
      vertex -0.368247 7.30484 29
      vertex -1.34023 4.35291 26
      vertex -0.447157 4.30588 26
    endloop
  endfacet
  facet normal -0.0525871 -0.998616 0
    outer loop
      vertex -1.10372 7.34357 29
      vertex -0.368247 7.30484 35
      vertex -1.10372 7.34357 35
    endloop
  endfacet
  facet normal -0.0525871 -0.998616 -0
    outer loop
      vertex -0.368247 7.30484 35
      vertex -1.10372 7.34357 29
      vertex -0.368247 7.30484 29
    endloop
  endfacet
  facet normal -0.0371918 -0.706251 -0.706984
    outer loop
      vertex -0.447157 4.30588 38
      vertex -1.34023 4.35291 38
      vertex -1.10372 7.34357 35
    endloop
  endfacet
  facet normal -0.0371912 -0.706251 -0.706984
    outer loop
      vertex -0.447157 4.30588 38
      vertex -1.10372 7.34357 35
      vertex -0.368247 7.30484 35
    endloop
  endfacet
  facet normal 0.052588 0.998616 -0
    outer loop
      vertex -0.447157 4.30588 26
      vertex -1.34023 4.35291 38
      vertex -0.447157 4.30588 38
    endloop
  endfacet
  facet normal 0.052588 0.998616 0
    outer loop
      vertex -1.34023 4.35291 38
      vertex -0.447157 4.30588 26
      vertex -1.34023 4.35291 26
    endloop
  endfacet
  facet normal 0 -0.707229 0.706984
    outer loop
      vertex -0.447157 4.30588 26
      vertex 0.368247 7.30484 29
      vertex -0.368247 7.30484 29
    endloop
  endfacet
  facet normal 0 -0.707229 0.706984
    outer loop
      vertex 0.368247 7.30484 29
      vertex -0.447157 4.30588 26
      vertex 0.447157 4.30588 26
    endloop
  endfacet
  facet normal 0 -1 0
    outer loop
      vertex -0.368247 7.30484 29
      vertex 0.368247 7.30484 35
      vertex -0.368247 7.30484 35
    endloop
  endfacet
  facet normal 0 -1 -0
    outer loop
      vertex 0.368247 7.30484 35
      vertex -0.368247 7.30484 29
      vertex 0.368247 7.30484 29
    endloop
  endfacet
  facet normal 0 -0.707229 -0.706984
    outer loop
      vertex -0.368247 7.30484 35
      vertex 0.447157 4.30588 38
      vertex -0.447157 4.30588 38
    endloop
  endfacet
  facet normal 0 -0.707229 -0.706984
    outer loop
      vertex 0.447157 4.30588 38
      vertex -0.368247 7.30484 35
      vertex 0.368247 7.30484 35
    endloop
  endfacet
  facet normal 0 1 -0
    outer loop
      vertex 0.447157 4.30588 26
      vertex -0.447157 4.30588 38
      vertex 0.447157 4.30588 38
    endloop
  endfacet
  facet normal 0 1 0
    outer loop
      vertex -0.447157 4.30588 38
      vertex 0.447157 4.30588 26
      vertex -0.447157 4.30588 26
    endloop
  endfacet
  facet normal 0.0371912 -0.706251 0.706984
    outer loop
      vertex 1.10372 7.34357 29
      vertex 0.368247 7.30484 29
      vertex 0.447157 4.30588 26
    endloop
  endfacet
  facet normal 0.0371918 -0.706251 0.706984
    outer loop
      vertex 1.10372 7.34357 29
      vertex 0.447157 4.30588 26
      vertex 1.34023 4.35291 26
    endloop
  endfacet
  facet normal 0.0525871 -0.998616 0
    outer loop
      vertex 0.368247 7.30484 29
      vertex 1.10372 7.34357 35
      vertex 0.368247 7.30484 35
    endloop
  endfacet
  facet normal 0.0525871 -0.998616 0
    outer loop
      vertex 1.10372 7.34357 35
      vertex 0.368247 7.30484 29
      vertex 1.10372 7.34357 29
    endloop
  endfacet
  facet normal 0.0371918 -0.706251 -0.706984
    outer loop
      vertex 0.447157 4.30588 38
      vertex 0.368247 7.30484 35
      vertex 1.34023 4.35291 38
    endloop
  endfacet
  facet normal 0.0371912 -0.706251 -0.706984
    outer loop
      vertex 1.34023 4.35291 38
      vertex 0.368247 7.30484 35
      vertex 1.10372 7.34357 35
    endloop
  endfacet
  facet normal -0.052588 0.998616 0
    outer loop
      vertex 1.34023 4.35291 26
      vertex 0.447157 4.30588 38
      vertex 1.34023 4.35291 38
    endloop
  endfacet
  facet normal -0.052588 0.998616 0
    outer loop
      vertex 0.447157 4.30588 38
      vertex 1.34023 4.35291 26
      vertex 0.447157 4.30588 26
    endloop
  endfacet
  facet normal 0.0742861 -0.703317 0.706984
    outer loop
      vertex 1.83614 7.42093 29
      vertex 1.10372 7.34357 29
      vertex 1.34023 4.35291 26
    endloop
  endfacet
  facet normal 0.0742802 -0.703317 0.706985
    outer loop
      vertex 1.83614 7.42093 29
      vertex 1.34023 4.35291 26
      vertex 2.2296 4.44684 26
    endloop
  endfacet
  facet normal 0.105038 -0.994468 0
    outer loop
      vertex 1.10372 7.34357 29
      vertex 1.83614 7.42093 35
      vertex 1.10372 7.34357 35
    endloop
  endfacet
  facet normal 0.105038 -0.994468 0
    outer loop
      vertex 1.83614 7.42093 35
      vertex 1.10372 7.34357 29
      vertex 1.83614 7.42093 29
    endloop
  endfacet
  facet normal 0.0742803 -0.703318 -0.706984
    outer loop
      vertex 1.34023 4.35291 38
      vertex 1.10372 7.34357 35
      vertex 2.2296 4.44684 38
    endloop
  endfacet
  facet normal 0.074286 -0.703316 -0.706985
    outer loop
      vertex 2.2296 4.44684 38
      vertex 1.10372 7.34357 35
      vertex 1.83614 7.42093 35
    endloop
  endfacet
  facet normal -0.10503 0.994469 0
    outer loop
      vertex 2.2296 4.44684 26
      vertex 1.34023 4.35291 38
      vertex 2.2296 4.44684 38
    endloop
  endfacet
  facet normal -0.10503 0.994469 0
    outer loop
      vertex 1.34023 4.35291 38
      vertex 2.2296 4.44684 26
      vertex 1.34023 4.35291 26
    endloop
  endfacet
  facet normal 0.11116 -0.698438 0.706985
    outer loop
      vertex 2.56348 7.53669 29
      vertex 1.83614 7.42093 29
      vertex 2.2296 4.44684 26
    endloop
  endfacet
  facet normal 0.111171 -0.698438 0.706983
    outer loop
      vertex 2.56348 7.53669 29
      vertex 2.2296 4.44684 26
      vertex 3.1128 4.58742 26
    endloop
  endfacet
  facet normal 0.157177 -0.98757 0
    outer loop
      vertex 1.83614 7.42093 29
      vertex 2.56348 7.53669 35
      vertex 1.83614 7.42093 35
    endloop
  endfacet
  facet normal 0.157177 -0.98757 0
    outer loop
      vertex 2.56348 7.53669 35
      vertex 1.83614 7.42093 29
      vertex 2.56348 7.53669 29
    endloop
  endfacet
  facet normal 0.111171 -0.698436 -0.706985
    outer loop
      vertex 2.2296 4.44684 38
      vertex 1.83614 7.42093 35
      vertex 3.1128 4.58742 38
    endloop
  endfacet
  facet normal 0.11116 -0.69844 -0.706983
    outer loop
      vertex 3.1128 4.58742 38
      vertex 1.83614 7.42093 35
      vertex 2.56348 7.53669 35
    endloop
  endfacet
  facet normal -0.157192 0.987568 0
    outer loop
      vertex 3.1128 4.58742 26
      vertex 2.2296 4.44684 38
      vertex 3.1128 4.58742 38
    endloop
  endfacet
  facet normal -0.157192 0.987568 0
    outer loop
      vertex 2.2296 4.44684 38
      vertex 3.1128 4.58742 26
      vertex 2.2296 4.44684 26
    endloop
  endfacet
  facet normal 0.147745 -0.691626 0.706983
    outer loop
      vertex 3.28373 7.69055 29
      vertex 2.56348 7.53669 29
      vertex 3.1128 4.58742 26
    endloop
  endfacet
  facet normal 0.147739 -0.691626 0.706984
    outer loop
      vertex 3.28373 7.69055 29
      vertex 3.1128 4.58742 26
      vertex 3.98738 4.77424 26
    endloop
  endfacet
  facet normal 0.208907 -0.977936 0
    outer loop
      vertex 2.56348 7.53669 29
      vertex 3.28373 7.69055 35
      vertex 2.56348 7.53669 35
    endloop
  endfacet
  facet normal 0.208907 -0.977936 0
    outer loop
      vertex 3.28373 7.69055 35
      vertex 2.56348 7.53669 29
      vertex 3.28373 7.69055 29
    endloop
  endfacet
  facet normal 0.147739 -0.691627 -0.706983
    outer loop
      vertex 3.1128 4.58742 38
      vertex 2.56348 7.53669 35
      vertex 3.98738 4.77424 38
    endloop
  endfacet
  facet normal 0.147745 -0.691625 -0.706984
    outer loop
      vertex 3.98738 4.77424 38
      vertex 2.56348 7.53669 35
      vertex 3.28373 7.69055 35
    endloop
  endfacet
  facet normal -0.208898 0.977937 0
    outer loop
      vertex 3.98738 4.77424 26
      vertex 3.1128 4.58742 38
      vertex 3.98738 4.77424 38
    endloop
  endfacet
  facet normal -0.208898 0.977937 0
    outer loop
      vertex 3.1128 4.58742 38
      vertex 3.98738 4.77424 26
      vertex 3.1128 4.58742 26
    endloop
  endfacet
  facet normal 0.183909 -0.682899 0.706984
    outer loop
      vertex 3.99489 7.88207 29
      vertex 3.28373 7.69055 29
      vertex 3.98738 4.77424 26
    endloop
  endfacet
  facet normal 0.183909 -0.682899 0.706984
    outer loop
      vertex 3.99489 7.88207 29
      vertex 3.98738 4.77424 26
      vertex 4.85093 5.0068 26
    endloop
  endfacet
  facet normal 0.260042 -0.965597 0
    outer loop
      vertex 3.28373 7.69055 29
      vertex 3.99489 7.88207 35
      vertex 3.28373 7.69055 35
    endloop
  endfacet
  facet normal 0.260042 -0.965597 0
    outer loop
      vertex 3.99489 7.88207 35
      vertex 3.28373 7.69055 29
      vertex 3.99489 7.88207 29
    endloop
  endfacet
  facet normal 0.183909 -0.682899 -0.706984
    outer loop
      vertex 3.98738 4.77424 38
      vertex 3.28373 7.69055 35
      vertex 4.85093 5.0068 38
    endloop
  endfacet
  facet normal 0.183909 -0.682899 -0.706984
    outer loop
      vertex 4.85093 5.0068 38
      vertex 3.28373 7.69055 35
      vertex 3.99489 7.88207 35
    endloop
  endfacet
  facet normal -0.260042 0.965597 0
    outer loop
      vertex 4.85093 5.0068 26
      vertex 3.98738 4.77424 38
      vertex 4.85093 5.0068 38
    endloop
  endfacet
  facet normal -0.260042 0.965597 0
    outer loop
      vertex 3.98738 4.77424 38
      vertex 4.85093 5.0068 26
      vertex 3.98738 4.77424 26
    endloop
  endfacet
  facet normal 0.219565 -0.672283 0.706984
    outer loop
      vertex 4.69499 8.11072 29
      vertex 3.99489 7.88207 29
      vertex 4.85093 5.0068 26
    endloop
  endfacet
  facet normal 0.219566 -0.672283 0.706984
    outer loop
      vertex 5.70106 5.28445 26
      vertex 4.69499 8.11072 29
      vertex 4.85093 5.0068 26
    endloop
  endfacet
  facet normal 0.310458 -0.950587 0
    outer loop
      vertex 3.99489 7.88207 29
      vertex 4.69499 8.11072 35
      vertex 3.99489 7.88207 35
    endloop
  endfacet
  facet normal 0.310458 -0.950587 0
    outer loop
      vertex 4.69499 8.11072 35
      vertex 3.99489 7.88207 29
      vertex 4.69499 8.11072 29
    endloop
  endfacet
  facet normal 0.219566 -0.672283 -0.706984
    outer loop
      vertex 4.85093 5.0068 38
      vertex 3.99489 7.88207 35
      vertex 5.70106 5.28445 38
    endloop
  endfacet
  facet normal 0.219565 -0.672283 -0.706984
    outer loop
      vertex 5.70106 5.28445 38
      vertex 3.99489 7.88207 35
      vertex 4.69499 8.11072 35
    endloop
  endfacet
  facet normal -0.310459 0.950587 0
    outer loop
      vertex 5.70106 5.28445 26
      vertex 4.85093 5.0068 38
      vertex 5.70106 5.28445 38
    endloop
  endfacet
  facet normal -0.310459 0.950587 0
    outer loop
      vertex 4.85093 5.0068 38
      vertex 5.70106 5.28445 26
      vertex 4.85093 5.0068 26
    endloop
  endfacet
  facet normal 0.254614 -0.659807 0.706984
    outer loop
      vertex 5.3821 8.37587 29
      vertex 4.69499 8.11072 29
      vertex 5.70106 5.28445 26
    endloop
  endfacet
  facet normal 0.254618 -0.659806 0.706984
    outer loop
      vertex 6.5354 5.60642 26
      vertex 5.3821 8.37587 29
      vertex 5.70106 5.28445 26
    endloop
  endfacet
  facet normal 0.360016 -0.932946 0
    outer loop
      vertex 4.69499 8.11072 29
      vertex 5.3821 8.37587 35
      vertex 4.69499 8.11072 35
    endloop
  endfacet
  facet normal 0.360016 -0.932946 0
    outer loop
      vertex 5.3821 8.37587 35
      vertex 4.69499 8.11072 29
      vertex 5.3821 8.37587 29
    endloop
  endfacet
  facet normal 0.254618 -0.659806 -0.706984
    outer loop
      vertex 5.70106 5.28445 38
      vertex 4.69499 8.11072 35
      vertex 6.5354 5.60642 38
    endloop
  endfacet
  facet normal 0.254614 -0.659808 -0.706983
    outer loop
      vertex 6.5354 5.60642 38
      vertex 4.69499 8.11072 35
      vertex 5.3821 8.37587 35
    endloop
  endfacet
  facet normal -0.360021 0.932944 0
    outer loop
      vertex 6.5354 5.60642 26
      vertex 5.70106 5.28445 38
      vertex 6.5354 5.60642 38
    endloop
  endfacet
  facet normal -0.360021 0.932944 0
    outer loop
      vertex 5.70106 5.28445 38
      vertex 6.5354 5.60642 26
      vertex 5.70106 5.28445 26
    endloop
  endfacet
  facet normal 0.288964 -0.645503 0.706983
    outer loop
      vertex 6.05431 8.67679 29
      vertex 5.3821 8.37587 29
      vertex 6.5354 5.60642 26
    endloop
  endfacet
  facet normal 0.288961 -0.645504 0.706984
    outer loop
      vertex 7.35166 5.97182 26
      vertex 6.05431 8.67679 29
      vertex 6.5354 5.60642 26
    endloop
  endfacet
  facet normal 0.408586 -0.91272 0
    outer loop
      vertex 5.3821 8.37587 29
      vertex 6.05431 8.67679 35
      vertex 5.3821 8.37587 35
    endloop
  endfacet
  facet normal 0.408586 -0.91272 0
    outer loop
      vertex 6.05431 8.67679 35
      vertex 5.3821 8.37587 29
      vertex 6.05431 8.67679 29
    endloop
  endfacet
  facet normal 0.288961 -0.645504 -0.706984
    outer loop
      vertex 6.5354 5.60642 38
      vertex 5.3821 8.37587 35
      vertex 7.35166 5.97182 38
    endloop
  endfacet
  facet normal 0.288964 -0.645502 -0.706984
    outer loop
      vertex 7.35166 5.97182 38
      vertex 5.3821 8.37587 35
      vertex 6.05431 8.67679 35
    endloop
  endfacet
  facet normal -0.408581 0.912722 0
    outer loop
      vertex 7.35166 5.97182 26
      vertex 6.5354 5.60642 38
      vertex 7.35166 5.97182 38
    endloop
  endfacet
  facet normal -0.408581 0.912722 0
    outer loop
      vertex 6.5354 5.60642 38
      vertex 7.35166 5.97182 26
      vertex 6.5354 5.60642 26
    endloop
  endfacet
  facet normal 0.322513 -0.629412 0.706984
    outer loop
      vertex 6.70977 9.01265 29
      vertex 6.05431 8.67679 29
      vertex 7.35166 5.97182 26
    endloop
  endfacet
  facet normal 0.322505 -0.629415 0.706985
    outer loop
      vertex 8.14758 6.37964 26
      vertex 6.70977 9.01265 29
      vertex 7.35166 5.97182 26
    endloop
  endfacet
  facet normal 0.456023 -0.889968 0
    outer loop
      vertex 6.05431 8.67679 29
      vertex 6.70977 9.01265 35
      vertex 6.05431 8.67679 35
    endloop
  endfacet
  facet normal 0.456023 -0.889968 0
    outer loop
      vertex 6.70977 9.01265 35
      vertex 6.05431 8.67679 29
      vertex 6.70977 9.01265 29
    endloop
  endfacet
  facet normal 0.322505 -0.629416 -0.706984
    outer loop
      vertex 7.35166 5.97182 38
      vertex 6.05431 8.67679 35
      vertex 8.14758 6.37964 38
    endloop
  endfacet
  facet normal 0.322512 -0.629411 -0.706985
    outer loop
      vertex 8.14758 6.37964 38
      vertex 6.05431 8.67679 35
      vertex 6.70977 9.01265 35
    endloop
  endfacet
  facet normal -0.456012 0.889974 0
    outer loop
      vertex 8.14758 6.37964 26
      vertex 7.35166 5.97182 38
      vertex 8.14758 6.37964 38
    endloop
  endfacet
  facet normal -0.456012 0.889974 0
    outer loop
      vertex 7.35166 5.97182 38
      vertex 8.14758 6.37964 26
      vertex 7.35166 5.97182 26
    endloop
  endfacet
  facet normal 0.355162 -0.611581 0.706985
    outer loop
      vertex 7.34666 9.38251 29
      vertex 6.70977 9.01265 29
      vertex 8.14758 6.37964 26
    endloop
  endfacet
  facet normal 0.355168 -0.611579 0.706984
    outer loop
      vertex 8.92094 6.82876 26
      vertex 7.34666 9.38251 29
      vertex 8.14758 6.37964 26
    endloop
  endfacet
  facet normal 0.502189 -0.864758 0
    outer loop
      vertex 6.70977 9.01265 29
      vertex 7.34666 9.38251 35
      vertex 6.70977 9.01265 35
    endloop
  endfacet
  facet normal 0.502189 -0.864758 0
    outer loop
      vertex 7.34666 9.38251 35
      vertex 6.70977 9.01265 29
      vertex 7.34666 9.38251 29
    endloop
  endfacet
  facet normal 0.355167 -0.611579 -0.706985
    outer loop
      vertex 8.14758 6.37964 38
      vertex 6.70977 9.01265 35
      vertex 8.92094 6.82876 38
    endloop
  endfacet
  facet normal 0.355163 -0.611582 -0.706984
    outer loop
      vertex 8.92094 6.82876 38
      vertex 6.70977 9.01265 35
      vertex 7.34666 9.38251 35
    endloop
  endfacet
  facet normal -0.502196 0.864754 0
    outer loop
      vertex 8.92094 6.82876 26
      vertex 8.14758 6.37964 38
      vertex 8.92094 6.82876 38
    endloop
  endfacet
  facet normal -0.502196 0.864754 0
    outer loop
      vertex 8.14758 6.37964 38
      vertex 8.92094 6.82876 26
      vertex 8.14758 6.37964 26
    endloop
  endfacet
  facet normal 0.386836 -0.592056 0.706984
    outer loop
      vertex 7.96321 9.78535 29
      vertex 7.34666 9.38251 29
      vertex 8.92094 6.82876 26
    endloop
  endfacet
  facet normal 0.38683 -0.592059 0.706985
    outer loop
      vertex 9.66962 7.31792 26
      vertex 7.96321 9.78535 29
      vertex 8.92094 6.82876 26
    endloop
  endfacet
  facet normal 0.546975 -0.837149 0
    outer loop
      vertex 7.34666 9.38251 29
      vertex 7.96321 9.78535 35
      vertex 7.34666 9.38251 35
    endloop
  endfacet
  facet normal 0.546975 -0.837149 0
    outer loop
      vertex 7.96321 9.78535 35
      vertex 7.34666 9.38251 29
      vertex 7.96321 9.78535 29
    endloop
  endfacet
  facet normal 0.38683 -0.59206 -0.706984
    outer loop
      vertex 8.92094 6.82876 38
      vertex 7.34666 9.38251 35
      vertex 9.66962 7.31792 38
    endloop
  endfacet
  facet normal 0.386836 -0.592056 -0.706985
    outer loop
      vertex 9.66962 7.31792 38
      vertex 7.34666 9.38251 35
      vertex 7.96321 9.78535 35
    endloop
  endfacet
  facet normal -0.546966 0.837155 0
    outer loop
      vertex 9.66962 7.31792 26
      vertex 8.92094 6.82876 38
      vertex 9.66962 7.31792 38
    endloop
  endfacet
  facet normal -0.546966 0.837155 0
    outer loop
      vertex 8.92094 6.82876 38
      vertex 9.66962 7.31792 26
      vertex 8.92094 6.82876 26
    endloop
  endfacet
  facet normal 0.417455 -0.570879 0.706985
    outer loop
      vertex 8.55774 10.2201 29
      vertex 7.96321 9.78535 29
      vertex 9.66962 7.31792 26
    endloop
  endfacet
  facet normal 0.417445 -0.570896 0.706978
    outer loop
      vertex 9.98749 8.36891 26.661
      vertex 9.66962 7.31792 26
      vertex 9.98749 7.55035 26
    endloop
  endfacet
  facet normal 0.417423 -0.570897 0.70699
    outer loop
      vertex 9.66962 7.31792 26
      vertex 9.98749 8.36891 26.661
      vertex 8.55774 10.2201 29
    endloop
  endfacet
  facet normal 0.590269 -0.807206 0
    outer loop
      vertex 7.96321 9.78535 29
      vertex 8.55774 10.2201 35
      vertex 7.96321 9.78535 35
    endloop
  endfacet
  facet normal 0.590269 -0.807206 0
    outer loop
      vertex 8.55774 10.2201 35
      vertex 7.96321 9.78535 29
      vertex 8.55774 10.2201 29
    endloop
  endfacet
  facet normal 0.417456 -0.570911 -0.706959
    outer loop
      vertex 9.66962 7.31792 38
      vertex 9.98749 8.16851 37.5008
      vertex 9.98749 7.55035 38
    endloop
  endfacet
  facet normal 0.417413 -0.57091 -0.706986
    outer loop
      vertex 9.98749 8.16851 37.5008
      vertex 9.66962 7.31792 38
      vertex 7.96321 9.78535 35
    endloop
  endfacet
  facet normal 0.417502 -0.570823 -0.707002
    outer loop
      vertex 7.96321 9.78535 35
      vertex 9.98749 8.36891 37.339
      vertex 9.98749 8.16851 37.5008
    endloop
  endfacet
  facet normal 0.417452 -0.570875 -0.70699
    outer loop
      vertex 9.98749 8.36891 37.339
      vertex 7.96321 9.78535 35
      vertex 8.55774 10.2201 35
    endloop
  endfacet
  facet normal -0.590249 0.807221 0
    outer loop
      vertex 9.98749 7.55035 26
      vertex 9.66962 7.31792 38
      vertex 9.98749 7.55035 38
    endloop
  endfacet
  facet normal -0.590249 0.807221 0
    outer loop
      vertex 9.66962 7.31792 38
      vertex 9.98749 7.55035 26
      vertex 9.66962 7.31792 26
    endloop
  endfacet
  facet normal 0.446834 -0.548176 0.706995
    outer loop
      vertex 8.55774 10.2201 29
      vertex 9.98749 8.75424 26.9598
      vertex 9.12857 10.6854 29
    endloop
  endfacet
  facet normal 0.446775 -0.548229 0.706991
    outer loop
      vertex 9.98749 8.75424 26.9598
      vertex 8.55774 10.2201 29
      vertex 9.98749 8.36891 26.661
    endloop
  endfacet
  facet normal 0.446906 -0.548129 0.706986
    outer loop
      vertex 9.12857 10.6854 29
      vertex 10.1544 8.93519 26.9946
      vertex 10.4291 9.17322 27.0055
    endloop
  endfacet
  facet normal 0.448083 -0.547412 0.706797
    outer loop
      vertex 9.98749 8.80537 26.9994
      vertex 9.12857 10.6854 29
      vertex 9.98749 8.75424 26.9598
    endloop
  endfacet
  facet normal 0.446745 -0.548241 0.707001
    outer loop
      vertex 10.1544 8.93519 26.9946
      vertex 9.12857 10.6854 29
      vertex 9.98749 8.80537 26.9994
    endloop
  endfacet
  facet normal 0.631819 -0.775116 0
    outer loop
      vertex 8.55774 10.2201 29
      vertex 9.12857 10.6854 35
      vertex 8.55774 10.2201 35
    endloop
  endfacet
  facet normal 0.631819 -0.775116 0
    outer loop
      vertex 9.12857 10.6854 35
      vertex 8.55774 10.2201 29
      vertex 9.12857 10.6854 29
    endloop
  endfacet
  facet normal 0.446875 -0.548149 -0.70699
    outer loop
      vertex 9.98749 8.36891 37.339
      vertex 8.55774 10.2201 35
      vertex 9.98749 8.80537 37.0006
    endloop
  endfacet
  facet normal 0.446757 -0.548257 -0.706981
    outer loop
      vertex 8.55774 10.2201 35
      vertex 10.1544 8.93519 37.0054
      vertex 9.98749 8.80537 37.0006
    endloop
  endfacet
  facet normal 0.447032 -0.547979 -0.707022
    outer loop
      vertex 10.1544 8.93519 37.0054
      vertex 8.55774 10.2201 35
      vertex 10.244 9.0128 37.0019
    endloop
  endfacet
  facet normal 0.446834 -0.54819 -0.706985
    outer loop
      vertex 10.244 9.0128 37.0019
      vertex 9.12857 10.6854 35
      vertex 10.4291 9.17322 36.9945
    endloop
  endfacet
  facet normal 0.446841 -0.548184 -0.706985
    outer loop
      vertex 9.12857 10.6854 35
      vertex 10.244 9.0128 37.0019
      vertex 8.55774 10.2201 35
    endloop
  endfacet
  facet normal 0.475121 -0.523882 0.706971
    outer loop
      vertex 9.12857 10.6854 29
      vertex 10.6145 9.33392 26.9999
      vertex 9.67415 11.1802 29
    endloop
  endfacet
  facet normal 0.475293 -0.52371 0.706983
    outer loop
      vertex 10.6145 9.33392 26.9999
      vertex 9.12857 10.6854 29
      vertex 10.4291 9.17322 27.0055
    endloop
  endfacet
  facet normal 0.475007 -0.523954 0.706994
    outer loop
      vertex 9.67415 11.1802 29
      vertex 10.7938 9.48928 26.9946
      vertex 11.0524 9.73843 27.0055
    endloop
  endfacet
  facet normal 0.47494 -0.524006 0.707001
    outer loop
      vertex 10.7938 9.48928 26.9946
      vertex 9.67415 11.1802 29
      vertex 10.6145 9.33392 26.9999
    endloop
  endfacet
  facet normal 0.671794 -0.740738 0
    outer loop
      vertex 9.12857 10.6854 29
      vertex 9.67415 11.1802 35
      vertex 9.12857 10.6854 35
    endloop
  endfacet
  facet normal 0.671794 -0.740738 0
    outer loop
      vertex 9.67415 11.1802 35
      vertex 9.12857 10.6854 29
      vertex 9.67415 11.1802 29
    endloop
  endfacet
  facet normal 0.475123 -0.52386 -0.706986
    outer loop
      vertex 9.12857 10.6854 35
      vertex 10.7938 9.48928 37.0054
      vertex 10.4291 9.17322 36.9945
    endloop
  endfacet
  facet normal 0.475272 -0.523693 -0.707009
    outer loop
      vertex 10.7938 9.48928 37.0054
      vertex 9.12857 10.6854 35
      vertex 10.876 9.56847 37.002
    endloop
  endfacet
  facet normal 0.47488 -0.524072 -0.706992
    outer loop
      vertex 10.876 9.56847 37.002
      vertex 9.67415 11.1802 35
      vertex 11.0524 9.73843 36.9945
    endloop
  endfacet
  facet normal 0.475117 -0.523877 -0.706977
    outer loop
      vertex 9.67415 11.1802 35
      vertex 10.876 9.56847 37.002
      vertex 9.12857 10.6854 35
    endloop
  endfacet
  facet normal 0.501976 -0.498183 0.706989
    outer loop
      vertex 9.67415 11.1802 29
      vertex 11.2291 9.90872 27
      vertex 10.1929 11.7029 29
    endloop
  endfacet
  facet normal 0.502044 -0.498108 0.706994
    outer loop
      vertex 11.2291 9.90872 27
      vertex 9.67415 11.1802 29
      vertex 11.0524 9.73843 27.0055
    endloop
  endfacet
  facet normal 0.502011 -0.498156 0.706983
    outer loop
      vertex 10.1929 11.7029 29
      vertex 11.4031 10.0764 26.9946
      vertex 11.6451 10.3356 27.0054
    endloop
  endfacet
  facet normal 0.502007 -0.49816 0.706984
    outer loop
      vertex 11.4031 10.0764 26.9946
      vertex 10.1929 11.7029 29
      vertex 11.2291 9.90872 27
    endloop
  endfacet
  facet normal 0.709784 -0.70442 0
    outer loop
      vertex 9.67415 11.1802 35
      vertex 10.1929 11.7029 29
      vertex 10.1929 11.7029 35
    endloop
  endfacet
  facet normal 0.709784 -0.70442 0
    outer loop
      vertex 10.1929 11.7029 29
      vertex 9.67415 11.1802 35
      vertex 9.67415 11.1802 29
    endloop
  endfacet
  facet normal 0.502022 -0.49813 -0.706994
    outer loop
      vertex 9.67415 11.1802 35
      vertex 11.4031 10.0764 37.0054
      vertex 11.0524 9.73843 36.9945
    endloop
  endfacet
  facet normal 0.501708 -0.498523 -0.70694
    outer loop
      vertex 11.4031 10.0764 37.0054
      vertex 9.67415 11.1802 35
      vertex 11.478 10.1566 37.002
    endloop
  endfacet
  facet normal 0.502159 -0.498003 -0.706986
    outer loop
      vertex 11.478 10.1566 37.002
      vertex 10.1929 11.7029 35
      vertex 11.6451 10.3356 36.9946
    endloop
  endfacet
  facet normal 0.50197 -0.498176 -0.706999
    outer loop
      vertex 10.1929 11.7029 35
      vertex 11.478 10.1566 37.002
      vertex 9.67415 11.1802 35
    endloop
  endfacet
  facet normal 0.527482 -0.471114 0.706976
    outer loop
      vertex 10.1929 11.7029 29
      vertex 11.8126 10.5151 27
      vertex 10.6835 12.2522 29
    endloop
  endfacet
  facet normal 0.527557 -0.47102 0.706981
    outer loop
      vertex 11.8126 10.5151 27
      vertex 10.1929 11.7029 29
      vertex 11.6451 10.3356 27.0054
    endloop
  endfacet
  facet normal 0.527533 -0.471051 0.70698
    outer loop
      vertex 10.6835 12.2522 29
      vertex 11.9805 10.6949 26.9946
      vertex 12.2056 10.9632 27.0054
    endloop
  endfacet
  facet normal 0.527357 -0.47122 0.706998
    outer loop
      vertex 11.9805 10.6949 26.9946
      vertex 10.6835 12.2522 29
      vertex 11.8126 10.5151 27
    endloop
  endfacet
  facet normal 0.745834 -0.666132 0
    outer loop
      vertex 10.1929 11.7029 35
      vertex 10.6835 12.2522 29
      vertex 10.6835 12.2522 35
    endloop
  endfacet
  facet normal 0.745834 -0.666132 0
    outer loop
      vertex 10.6835 12.2522 29
      vertex 10.1929 11.7029 35
      vertex 10.1929 11.7029 29
    endloop
  endfacet
  facet normal 0.527462 -0.471125 -0.706983
    outer loop
      vertex 10.1929 11.7029 35
      vertex 11.9805 10.6949 37.0054
      vertex 11.6451 10.3356 36.9946
    endloop
  endfacet
  facet normal 0.527338 -0.471298 -0.70696
    outer loop
      vertex 11.9805 10.6949 37.0054
      vertex 10.1929 11.7029 35
      vertex 12.0482 10.7756 37.0021
    endloop
  endfacet
  facet normal 0.527621 -0.470949 -0.706982
    outer loop
      vertex 12.0482 10.7756 37.0021
      vertex 10.6835 12.2522 35
      vertex 12.2056 10.9632 36.9946
    endloop
  endfacet
  facet normal 0.52747 -0.471103 -0.706992
    outer loop
      vertex 10.6835 12.2522 35
      vertex 12.0482 10.7756 37.0021
      vertex 10.1929 11.7029 35
    endloop
  endfacet
  facet normal 0.551507 -0.442722 0.706992
    outer loop
      vertex 10.6835 12.2522 29
      vertex 12.3634 11.1512 27.0001
      vertex 11.1446 12.8266 29
    endloop
  endfacet
  facet normal 0.551389 -0.442884 0.706982
    outer loop
      vertex 12.3634 11.1512 27.0001
      vertex 10.6835 12.2522 29
      vertex 12.2056 10.9632 27.0054
    endloop
  endfacet
  facet normal 0.551578 -0.442665 0.706972
    outer loop
      vertex 11.1446 12.8266 29
      vertex 12.5244 11.3431 26.9946
      vertex 12.7323 11.6194 27.0054
    endloop
  endfacet
  facet normal 0.551664 -0.442572 0.706963
    outer loop
      vertex 12.5244 11.3431 26.9946
      vertex 11.1446 12.8266 29
      vertex 12.3634 11.1512 27.0001
    endloop
  endfacet
  facet normal 0.779821 -0.626002 0
    outer loop
      vertex 10.6835 12.2522 35
      vertex 11.1446 12.8266 29
      vertex 11.1446 12.8266 35
    endloop
  endfacet
  facet normal 0.779821 -0.626002 0
    outer loop
      vertex 11.1446 12.8266 29
      vertex 10.6835 12.2522 35
      vertex 10.6835 12.2522 29
    endloop
  endfacet
  facet normal 0.551523 -0.442722 -0.706979
    outer loop
      vertex 10.6835 12.2522 35
      vertex 12.5244 11.3431 37.0054
      vertex 12.2056 10.9632 36.9946
    endloop
  endfacet
  facet normal 0.551223 -0.443193 -0.706918
    outer loop
      vertex 12.5244 11.3431 37.0054
      vertex 10.6835 12.2522 35
      vertex 12.5851 11.4237 37.0022
    endloop
  endfacet
  facet normal 0.55174 -0.442458 -0.706975
    outer loop
      vertex 12.5851 11.4237 37.0022
      vertex 11.1446 12.8266 35
      vertex 12.7323 11.6194 36.9946
    endloop
  endfacet
  facet normal 0.551506 -0.442722 -0.706992
    outer loop
      vertex 11.1446 12.8266 35
      vertex 12.5851 11.4237 37.0022
      vertex 10.6835 12.2522 35
    endloop
  endfacet
  facet normal 0.574087 -0.413039 0.706982
    outer loop
      vertex 11.1446 12.8266 29
      vertex 12.88 11.8155 27.0001
      vertex 11.5747 13.4244 29
    endloop
  endfacet
  facet normal 0.573978 -0.413206 0.706972
    outer loop
      vertex 12.88 11.8155 27.0001
      vertex 11.1446 12.8266 29
      vertex 12.7323 11.6194 27.0054
    endloop
  endfacet
  facet normal 0.574054 -0.413063 0.706994
    outer loop
      vertex 11.5747 13.4244 29
      vertex 13.0332 12.0191 26.9947
      vertex 13.2238 12.3023 27.0054
    endloop
  endfacet
  facet normal 0.573985 -0.413146 0.707002
    outer loop
      vertex 13.0332 12.0191 26.9947
      vertex 11.5747 13.4244 29
      vertex 12.88 11.8155 27.0001
    endloop
  endfacet
  facet normal 0.811738 -0.584022 0
    outer loop
      vertex 11.1446 12.8266 35
      vertex 11.5747 13.4244 29
      vertex 11.5747 13.4244 35
    endloop
  endfacet
  facet normal 0.811738 -0.584022 0
    outer loop
      vertex 11.5747 13.4244 29
      vertex 11.1446 12.8266 35
      vertex 11.1446 12.8266 29
    endloop
  endfacet
  facet normal 0.573994 -0.413185 -0.706972
    outer loop
      vertex 11.1446 12.8266 35
      vertex 13.0332 12.0191 37.0053
      vertex 12.7323 11.6194 36.9946
    endloop
  endfacet
  facet normal 0.574181 -0.412852 -0.707015
    outer loop
      vertex 13.0332 12.0191 37.0053
      vertex 11.1446 12.8266 35
      vertex 13.0871 12.0992 37.0023
    endloop
  endfacet
  facet normal 0.573998 -0.413143 -0.706993
    outer loop
      vertex 13.0871 12.0992 37.0023
      vertex 11.5747 13.4244 35
      vertex 13.2238 12.3023 36.9946
    endloop
  endfacet
  facet normal 0.574083 -0.413036 -0.706986
    outer loop
      vertex 11.5747 13.4244 35
      vertex 13.0871 12.0992 37.0023
      vertex 11.1446 12.8266 35
    endloop
  endfacet
  facet normal 0.594947 -0.382356 0.706995
    outer loop
      vertex 11.5747 13.4244 29
      vertex 13.3609 12.506 27.0002
      vertex 11.9729 14.044 29
    endloop
  endfacet
  facet normal 0.594937 -0.382373 0.706994
    outer loop
      vertex 13.3609 12.506 27.0002
      vertex 11.5747 13.4244 29
      vertex 13.2238 12.3023 27.0054
    endloop
  endfacet
  facet normal 0.594937 -0.382388 0.706987
    outer loop
      vertex 11.9729 14.044 29
      vertex 13.5056 12.7211 26.9947
      vertex 13.6787 13.0102 27.0054
    endloop
  endfacet
  facet normal 0.595058 -0.382225 0.706972
    outer loop
      vertex 13.5056 12.7211 26.9947
      vertex 11.9729 14.044 29
      vertex 13.3609 12.506 27.0002
    endloop
  endfacet
  facet normal 0.841249 -0.540648 0
    outer loop
      vertex 11.5747 13.4244 35
      vertex 11.9729 14.044 29
      vertex 11.9729 14.044 35
    endloop
  endfacet
  facet normal 0.841249 -0.540648 0
    outer loop
      vertex 11.9729 14.044 29
      vertex 11.5747 13.4244 35
      vertex 11.5747 13.4244 29
    endloop
  endfacet
  facet normal 0.594991 -0.382291 -0.706993
    outer loop
      vertex 11.5747 13.4244 35
      vertex 13.5056 12.7211 37.0053
      vertex 13.2238 12.3023 36.9946
    endloop
  endfacet
  facet normal 0.594742 -0.382796 -0.70693
    outer loop
      vertex 13.5056 12.7211 37.0053
      vertex 11.5747 13.4244 35
      vertex 13.553 12.8001 37.0024
    endloop
  endfacet
  facet normal 0.595027 -0.382244 -0.706989
    outer loop
      vertex 13.553 12.8001 37.0024
      vertex 11.9729 14.044 35
      vertex 13.6787 13.0102 36.9946
    endloop
  endfacet
  facet normal 0.594947 -0.382356 -0.706995
    outer loop
      vertex 11.9729 14.044 35
      vertex 13.553 12.8001 37.0024
      vertex 11.5747 13.4244 35
    endloop
  endfacet
  facet normal 0.614276 -0.350493 0.706979
    outer loop
      vertex 11.9729 14.044 29
      vertex 13.8048 13.2208 27.0002
      vertex 12.3379 14.6837 29
    endloop
  endfacet
  facet normal 0.614331 -0.350384 0.706985
    outer loop
      vertex 13.8048 13.2208 27.0002
      vertex 11.9729 14.044 29
      vertex 13.6787 13.0102 27.0054
    endloop
  endfacet
  facet normal 0.614314 -0.350408 0.706989
    outer loop
      vertex 12.3379 14.6837 29
      vertex 13.9403 13.447 26.9947
      vertex 14.0958 13.741 27.0053
    endloop
  endfacet
  facet normal 0.614127 -0.350688 0.707012
    outer loop
      vertex 13.9403 13.447 26.9947
      vertex 12.3379 14.6837 29
      vertex 13.8048 13.2208 27.0002
    endloop
  endfacet
  facet normal 0.86856 -0.495583 0
    outer loop
      vertex 11.9729 14.044 35
      vertex 12.3379 14.6837 29
      vertex 12.3379 14.6837 35
    endloop
  endfacet
  facet normal 0.86856 -0.495583 0
    outer loop
      vertex 12.3379 14.6837 29
      vertex 11.9729 14.044 35
      vertex 11.9729 14.044 29
    endloop
  endfacet
  facet normal 0.614235 -0.350547 -0.706988
    outer loop
      vertex 11.9729 14.044 35
      vertex 13.9403 13.447 37.0053
      vertex 13.6787 13.0102 36.9946
    endloop
  endfacet
  facet normal 0.614411 -0.350136 -0.707038
    outer loop
      vertex 13.9403 13.447 37.0053
      vertex 11.9729 14.044 35
      vertex 13.9813 13.5246 37.0025
    endloop
  endfacet
  facet normal 0.614264 -0.350498 -0.706988
    outer loop
      vertex 13.9813 13.5246 37.0025
      vertex 12.3379 14.6837 35
      vertex 14.0958 13.741 36.9947
    endloop
  endfacet
  facet normal 0.614269 -0.35049 -0.706987
    outer loop
      vertex 12.3379 14.6837 35
      vertex 13.9813 13.5246 37.0025
      vertex 11.9729 14.044 35
    endloop
  endfacet
  facet normal 0.63182 -0.317734 0.707
    outer loop
      vertex 12.3379 14.6837 29
      vertex 14.2106 13.958 27.0003
      vertex 12.6688 15.3417 29
    endloop
  endfacet
  facet normal 0.631737 -0.317919 0.70699
    outer loop
      vertex 14.2106 13.958 27.0003
      vertex 12.3379 14.6837 29
      vertex 14.0958 13.741 27.0053
    endloop
  endfacet
  facet normal 0.631833 -0.317743 0.706984
    outer loop
      vertex 12.6688 15.3417 29
      vertex 14.3359 14.1949 26.9947
      vertex 14.4738 14.4927 27.0053
    endloop
  endfacet
  facet normal 0.631954 -0.317538 0.706968
    outer loop
      vertex 14.3359 14.1949 26.9947
      vertex 12.6688 15.3417 29
      vertex 14.2106 13.958 27.0003
    endloop
  endfacet
  facet normal 0.893393 -0.449276 0
    outer loop
      vertex 12.3379 14.6837 35
      vertex 12.6688 15.3417 29
      vertex 12.6688 15.3417 35
    endloop
  endfacet
  facet normal 0.893393 -0.449276 0
    outer loop
      vertex 12.6688 15.3417 29
      vertex 12.3379 14.6837 35
      vertex 12.3379 14.6837 29
    endloop
  endfacet
  facet normal 0.631843 -0.317716 -0.706987
    outer loop
      vertex 12.3379 14.6837 35
      vertex 14.3359 14.1949 37.0053
      vertex 14.0958 13.741 36.9947
    endloop
  endfacet
  facet normal 0.631957 -0.317404 -0.707025
    outer loop
      vertex 14.3359 14.1949 37.0053
      vertex 12.3379 14.6837 35
      vertex 14.3709 14.2706 37.0026
    endloop
  endfacet
  facet normal 0.631779 -0.317853 -0.706983
    outer loop
      vertex 14.3709 14.2706 37.0026
      vertex 12.6688 15.3417 35
      vertex 14.4738 14.4927 36.9947
    endloop
  endfacet
  facet normal 0.63184 -0.317745 -0.706977
    outer loop
      vertex 12.6688 15.3417 35
      vertex 14.3709 14.2706 37.0026
      vertex 12.3379 14.6837 35
    endloop
  endfacet
  facet normal 0.647666 -0.284074 0.706987
    outer loop
      vertex 12.6688 15.3417 29
      vertex 14.577 14.7155 27.0003
      vertex 12.9646 16.0161 29
    endloop
  endfacet
  facet normal 0.647647 -0.284122 0.706985
    outer loop
      vertex 14.577 14.7155 27.0003
      vertex 12.6688 15.3417 29
      vertex 14.4738 14.4927 27.0053
    endloop
  endfacet
  facet normal 0.647734 -0.283918 0.706987
    outer loop
      vertex 12.9646 16.0161 29
      vertex 14.6915 14.9627 26.9948
      vertex 14.8118 15.2633 27.0053
    endloop
  endfacet
  facet normal 0.647577 -0.284219 0.70701
    outer loop
      vertex 14.6915 14.9627 26.9948
      vertex 12.9646 16.0161 29
      vertex 14.577 14.7155 27.0003
    endloop
  endfacet
  facet normal 0.915783 -0.401673 0
    outer loop
      vertex 12.6688 15.3417 35
      vertex 12.9646 16.0161 29
      vertex 12.9646 16.0161 35
    endloop
  endfacet
  facet normal 0.915783 -0.401673 0
    outer loop
      vertex 12.9646 16.0161 29
      vertex 12.6688 15.3417 35
      vertex 12.6688 15.3417 29
    endloop
  endfacet
  facet normal 0.647622 -0.284178 -0.706986
    outer loop
      vertex 12.6688 15.3417 35
      vertex 14.6915 14.9627 37.0052
      vertex 14.4738 14.4927 36.9947
    endloop
  endfacet
  facet normal 0.648051 -0.282776 -0.707154
    outer loop
      vertex 14.6915 14.9627 37.0052
      vertex 12.6688 15.3417 35
      vertex 14.7208 15.0361 37.0027
    endloop
  endfacet
  facet normal 0.647585 -0.28427 -0.706982
    outer loop
      vertex 14.7208 15.0361 37.0027
      vertex 12.9646 16.0161 35
      vertex 14.8118 15.2633 36.9947
    endloop
  endfacet
  facet normal 0.64768 -0.28408 -0.706972
    outer loop
      vertex 12.9646 16.0161 35
      vertex 14.7208 15.0361 37.0027
      vertex 12.6688 15.3417 35
    endloop
  endfacet
  facet normal 0.661726 -0.249576 0.706987
    outer loop
      vertex 12.9646 16.0161 29
      vertex 14.903 15.4912 27.0004
      vertex 13.2245 16.7052 29
    endloop
  endfacet
  facet normal 0.661717 -0.249602 0.706986
    outer loop
      vertex 14.903 15.4912 27.0004
      vertex 12.9646 16.0161 29
      vertex 14.8118 15.2633 27.0053
    endloop
  endfacet
  facet normal 0.661671 -0.2497 0.706994
    outer loop
      vertex 13.2245 16.7052 29
      vertex 15.0059 15.7482 26.9948
      vertex 15.1088 16.0506 27.0053
    endloop
  endfacet
  facet normal 0.66174 -0.249549 0.706983
    outer loop
      vertex 15.0059 15.7482 26.9948
      vertex 13.2245 16.7052 29
      vertex 14.903 15.4912 27.0004
    endloop
  endfacet
  facet normal 0.935663 -0.352894 0
    outer loop
      vertex 12.9646 16.0161 35
      vertex 13.2245 16.7052 29
      vertex 13.2245 16.7052 35
    endloop
  endfacet
  facet normal 0.935663 -0.352894 0
    outer loop
      vertex 13.2245 16.7052 29
      vertex 12.9646 16.0161 35
      vertex 12.9646 16.0161 29
    endloop
  endfacet
  facet normal 0.661729 -0.249573 -0.706985
    outer loop
      vertex 12.9646 16.0161 35
      vertex 15.0059 15.7482 37.0052
      vertex 14.8118 15.2633 36.9947
    endloop
  endfacet
  facet normal 0.66173 -0.249568 -0.706986
    outer loop
      vertex 15.0059 15.7482 37.0052
      vertex 12.9646 16.0161 35
      vertex 15.03 15.8189 37.0028
    endloop
  endfacet
  facet normal 0.661656 -0.249742 -0.706994
    outer loop
      vertex 15.03 15.8189 37.0028
      vertex 13.2245 16.7052 35
      vertex 15.1088 16.0506 36.9947
    endloop
  endfacet
  facet normal 0.661728 -0.249576 -0.706985
    outer loop
      vertex 13.2245 16.7052 35
      vertex 15.03 15.8189 37.0028
      vertex 12.9646 16.0161 35
    endloop
  endfacet
  facet normal 0.673916 -0.214524 0.706977
    outer loop
      vertex 13.2245 16.7052 29
      vertex 15.1878 16.283 27.0004
      vertex 13.4479 17.407 29
    endloop
  endfacet
  facet normal 0.674 -0.214207 0.706993
    outer loop
      vertex 15.1878 16.283 27.0004
      vertex 13.2245 16.7052 29
      vertex 15.1088 16.0506 27.0053
    endloop
  endfacet
  facet normal 0.673903 -0.214578 0.706973
    outer loop
      vertex 13.4479 17.407 29
      vertex 15.2784 16.5493 26.9948
      vertex 15.364 16.8524 27.0052
    endloop
  endfacet
  facet normal 0.673962 -0.214427 0.706963
    outer loop
      vertex 15.2784 16.5493 26.9948
      vertex 13.4479 17.407 29
      vertex 15.1878 16.283 27.0004
    endloop
  endfacet
  facet normal 0.952887 -0.303327 0
    outer loop
      vertex 13.2245 16.7052 35
      vertex 13.4479 17.407 29
      vertex 13.4479 17.407 35
    endloop
  endfacet
  facet normal 0.952887 -0.303327 0
    outer loop
      vertex 13.4479 17.407 29
      vertex 13.2245 16.7052 35
      vertex 13.2245 16.7052 29
    endloop
  endfacet
  facet normal 0.673963 -0.214319 -0.706994
    outer loop
      vertex 13.2245 16.7052 35
      vertex 15.2784 16.5493 37.0052
      vertex 15.1088 16.0506 36.9947
    endloop
  endfacet
  facet normal 0.673876 -0.21477 -0.70694
    outer loop
      vertex 15.2784 16.5493 37.0052
      vertex 13.2245 16.7052 35
      vertex 15.2975 16.6168 37.0029
    endloop
  endfacet
  facet normal 0.673919 -0.214525 -0.706974
    outer loop
      vertex 15.2975 16.6168 37.0029
      vertex 13.4479 17.407 35
      vertex 15.364 16.8524 36.9948
    endloop
  endfacet
  facet normal 0.673919 -0.214525 -0.706974
    outer loop
      vertex 13.4479 17.407 35
      vertex 15.2975 16.6168 37.0029
      vertex 13.2245 16.7052 35
    endloop
  endfacet
  facet normal 0.6843 -0.178709 0.706963
    outer loop
      vertex 13.4479 17.407 29
      vertex 15.4306 17.0887 27.0004
      vertex 13.634 18.1196 29
    endloop
  endfacet
  facet normal 0.68434 -0.178517 0.706973
    outer loop
      vertex 15.4306 17.0887 27.0004
      vertex 13.4479 17.407 29
      vertex 15.364 16.8524 27.0052
    endloop
  endfacet
  facet normal 0.684268 -0.178793 0.706973
    outer loop
      vertex 13.634 18.1196 29
      vertex 15.5082 17.3636 26.9948
      vertex 15.5766 17.6665 27.0052
    endloop
  endfacet
  facet normal 0.684279 -0.17876 0.706971
    outer loop
      vertex 15.5082 17.3636 26.9948
      vertex 13.634 18.1196 29
      vertex 15.4306 17.0887 27.0004
    endloop
  endfacet
  facet normal 0.967549 -0.252682 0
    outer loop
      vertex 13.4479 17.407 35
      vertex 13.634 18.1196 29
      vertex 13.634 18.1196 35
    endloop
  endfacet
  facet normal 0.967549 -0.252682 0
    outer loop
      vertex 13.634 18.1196 29
      vertex 13.4479 17.407 35
      vertex 13.4479 17.407 29
    endloop
  endfacet
  facet normal 0.684304 -0.178647 -0.706975
    outer loop
      vertex 13.4479 17.407 35
      vertex 15.5082 17.3636 37.0052
      vertex 15.364 16.8524 36.9948
    endloop
  endfacet
  facet normal 0.684286 -0.178777 -0.706959
    outer loop
      vertex 15.5082 17.3636 37.0052
      vertex 13.4479 17.407 35
      vertex 15.5227 17.4278 37.003
    endloop
  endfacet
  facet normal 0.684266 -0.178798 -0.706973
    outer loop
      vertex 15.5227 17.4278 37.003
      vertex 13.634 18.1196 35
      vertex 15.5766 17.6665 36.9948
    endloop
  endfacet
  facet normal 0.684295 -0.178708 -0.706968
    outer loop
      vertex 13.634 18.1196 35
      vertex 15.5227 17.4278 37.003
      vertex 13.4479 17.407 35
    endloop
  endfacet
  facet normal 0.692728 -0.142502 0.706981
    outer loop
      vertex 13.634 18.1196 29
      vertex 15.6307 17.906 27.0005
      vertex 13.7824 18.841 29
    endloop
  endfacet
  facet normal 0.692712 -0.142601 0.706976
    outer loop
      vertex 15.6307 17.906 27.0005
      vertex 13.634 18.1196 29
      vertex 15.5766 17.6665 27.0052
    endloop
  endfacet
  facet normal 0.692713 -0.142564 0.706983
    outer loop
      vertex 13.7824 18.841 29
      vertex 15.6946 18.1889 26.9949
      vertex 15.7462 18.4907 27.0052
    endloop
  endfacet
  facet normal 0.692736 -0.142477 0.706977
    outer loop
      vertex 15.6946 18.1889 26.9949
      vertex 13.7824 18.841 29
      vertex 15.6307 17.906 27.0005
    endloop
  endfacet
  facet normal 0.97949 -0.201492 0
    outer loop
      vertex 13.634 18.1196 35
      vertex 13.7824 18.841 29
      vertex 13.7824 18.841 35
    endloop
  endfacet
  facet normal 0.97949 -0.201492 0
    outer loop
      vertex 13.7824 18.841 29
      vertex 13.634 18.1196 35
      vertex 13.634 18.1196 29
    endloop
  endfacet
  facet normal 0.692727 -0.142534 -0.706975
    outer loop
      vertex 13.634 18.1196 35
      vertex 15.6946 18.1889 37.0051
      vertex 15.5766 17.6665 36.9948
    endloop
  endfacet
  facet normal 0.692753 -0.142222 -0.707012
    outer loop
      vertex 15.6946 18.1889 37.0051
      vertex 13.634 18.1196 35
      vertex 15.705 18.2495 37.0031
    endloop
  endfacet
  facet normal 0.692696 -0.142649 -0.706982
    outer loop
      vertex 15.705 18.2495 37.0031
      vertex 13.7824 18.841 35
      vertex 15.7462 18.4907 36.9948
    endloop
  endfacet
  facet normal 0.692734 -0.142503 -0.706974
    outer loop
      vertex 13.7824 18.841 35
      vertex 15.705 18.2495 37.0031
      vertex 13.634 18.1196 35
    endloop
  endfacet
  facet normal 0.699281 -0.105824 0.706971
    outer loop
      vertex 13.7824 18.841 29
      vertex 15.7875 18.7327 27.0005
      vertex 13.8926 19.5692 29
    endloop
  endfacet
  facet normal 0.699302 -0.105613 0.706981
    outer loop
      vertex 15.7875 18.7327 27.0005
      vertex 13.7824 18.841 29
      vertex 15.7462 18.4907 27.0052
    endloop
  endfacet
  facet normal 0.699244 -0.10599 0.706983
    outer loop
      vertex 13.8926 19.5692 29
      vertex 15.8371 19.023 26.9949
      vertex 15.8722 19.3226 27.0051
    endloop
  endfacet
  facet normal 0.699276 -0.105839 0.706973
    outer loop
      vertex 15.8371 19.023 26.9949
      vertex 13.8926 19.5692 29
      vertex 15.7875 18.7327 27.0005
    endloop
  endfacet
  facet normal 0.988742 -0.149628 0
    outer loop
      vertex 13.7824 18.841 35
      vertex 13.8926 19.5692 29
      vertex 13.8926 19.5692 35
    endloop
  endfacet
  facet normal 0.988742 -0.149628 0
    outer loop
      vertex 13.8926 19.5692 29
      vertex 13.7824 18.841 35
      vertex 13.7824 18.841 29
    endloop
  endfacet
  facet normal 0.699282 -0.105735 -0.706983
    outer loop
      vertex 13.7824 18.841 35
      vertex 15.8371 19.023 37.0051
      vertex 15.7462 18.4907 36.9948
    endloop
  endfacet
  facet normal 0.699259 -0.106504 -0.70689
    outer loop
      vertex 15.8371 19.023 37.0051
      vertex 13.7824 18.841 35
      vertex 15.8438 19.0796 37.0032
    endloop
  endfacet
  facet normal 0.69926 -0.105872 -0.706984
    outer loop
      vertex 15.8438 19.0796 37.0032
      vertex 13.8926 19.5692 35
      vertex 15.8722 19.3226 36.9949
    endloop
  endfacet
  facet normal 0.69927 -0.105822 -0.706982
    outer loop
      vertex 13.8926 19.5692 35
      vertex 15.8438 19.0796 37.0032
      vertex 13.7824 18.841 35
    endloop
  endfacet
  facet normal 0.703862 -0.0689458 0.706983
    outer loop
      vertex 13.8926 19.5692 29
      vertex 15.9007 19.5665 27.0005
      vertex 13.9644 20.3022 29
    endloop
  endfacet
  facet normal 0.703864 -0.0689135 0.706984
    outer loop
      vertex 15.9007 19.5665 27.0005
      vertex 13.8926 19.5692 29
      vertex 15.8722 19.3226 27.0051
    endloop
  endfacet
  facet normal 0.703866 -0.0689275 0.70698
    outer loop
      vertex 13.9644 20.3022 29
      vertex 15.9354 19.8634 26.9949
      vertex 15.9542 20.16 27.0051
    endloop
  endfacet
  facet normal 0.703866 -0.0689292 0.70698
    outer loop
      vertex 15.9354 19.8634 26.9949
      vertex 13.9644 20.3022 29
      vertex 15.9007 19.5665 27.0005
    endloop
  endfacet
  facet normal 0.995237 -0.097487 0
    outer loop
      vertex 13.8926 19.5692 35
      vertex 13.9644 20.3022 29
      vertex 13.9644 20.3022 35
    endloop
  endfacet
  facet normal 0.995237 -0.097487 0
    outer loop
      vertex 13.9644 20.3022 29
      vertex 13.8926 19.5692 35
      vertex 13.8926 19.5692 29
    endloop
  endfacet
  facet normal 0.703863 -0.0689218 -0.706984
    outer loop
      vertex 13.8926 19.5692 35
      vertex 15.9354 19.8634 37.0051
      vertex 15.8722 19.3226 36.9949
    endloop
  endfacet
  facet normal 0.703852 -0.0684834 -0.707038
    outer loop
      vertex 15.9354 19.8634 37.0051
      vertex 13.8926 19.5692 35
      vertex 15.9387 19.9159 37.0033
    endloop
  endfacet
  facet normal 0.703858 -0.0690226 -0.706979
    outer loop
      vertex 15.9387 19.9159 37.0033
      vertex 13.9644 20.3022 35
      vertex 15.9542 20.16 36.9949
    endloop
  endfacet
  facet normal 0.70387 -0.0689466 -0.706975
    outer loop
      vertex 13.9644 20.3022 35
      vertex 15.9387 19.9159 37.0033
      vertex 13.8926 19.5692 35
    endloop
  endfacet
  facet normal 0.706507 -0.0317823 0.706992
    outer loop
      vertex 13.9644 20.3022 29
      vertex 15.9698 20.4051 27.0006
      vertex 13.9975 21.038 29
    endloop
  endfacet
  facet normal 0.706508 -0.0319874 0.706982
    outer loop
      vertex 15.9698 20.4051 27.0006
      vertex 13.9644 20.3022 29
      vertex 15.9542 20.16 27.0051
    endloop
  endfacet
  facet normal 0.706502 -0.0318674 0.706993
    outer loop
      vertex 13.9975 21.038 29
      vertex 15.989 20.7078 26.995
      vertex 15.9921 21.0006 27.0051
    endloop
  endfacet
  facet normal 0.706516 -0.0317344 0.706985
    outer loop
      vertex 15.989 20.7078 26.995
      vertex 13.9975 21.038 29
      vertex 15.9698 20.4051 27.0006
    endloop
  endfacet
  facet normal 0.99899 -0.0449396 0
    outer loop
      vertex 13.9644 20.3022 35
      vertex 13.9975 21.038 29
      vertex 13.9975 21.038 35
    endloop
  endfacet
  facet normal 0.99899 -0.0449396 0
    outer loop
      vertex 13.9975 21.038 29
      vertex 13.9644 20.3022 35
      vertex 13.9644 20.3022 29
    endloop
  endfacet
  facet normal 0.706516 -0.0318479 -0.70698
    outer loop
      vertex 13.9644 20.3022 35
      vertex 15.989 20.7078 37.005
      vertex 15.9542 20.16 36.9949
    endloop
  endfacet
  facet normal 0.706434 -0.0308006 -0.707109
    outer loop
      vertex 15.989 20.7078 37.005
      vertex 13.9644 20.3022 35
      vertex 15.9895 20.756 37.0034
    endloop
  endfacet
  facet normal 0.706495 -0.0320781 -0.70699
    outer loop
      vertex 15.9895 20.756 37.0034
      vertex 13.9975 21.038 35
      vertex 15.9921 21.0006 36.9949
    endloop
  endfacet
  facet normal 0.706523 -0.031783 -0.706976
    outer loop
      vertex 13.9975 21.038 35
      vertex 15.9895 20.756 37.0034
      vertex 13.9644 20.3022 35
    endloop
  endfacet
  facet normal 0.707211 0.00528199 0.706983
    outer loop
      vertex 13.9975 21.038 29
      vertex 15.9947 21.2462 27.0006
      vertex 13.992 21.7744 29
    endloop
  endfacet
  facet normal 0.707201 0.00546719 0.706992
    outer loop
      vertex 15.9947 21.2462 27.0006
      vertex 13.9975 21.038 29
      vertex 15.9921 21.0006 27.0051
    endloop
  endfacet
  facet normal 0.707217 0.00540888 0.706975
    outer loop
      vertex 13.992 21.7744 29
      vertex 15.998 21.5539 26.995
      vertex 15.9858 21.842 27.005
    endloop
  endfacet
  facet normal 0.707211 0.00528212 0.706983
    outer loop
      vertex 15.998 21.5539 26.995
      vertex 13.992 21.7744 29
      vertex 15.9947 21.2462 27.0006
    endloop
  endfacet
  facet normal 0.999972 0.00746856 0
    outer loop
      vertex 13.9975 21.038 35
      vertex 13.992 21.7744 29
      vertex 13.992 21.7744 35
    endloop
  endfacet
  facet normal 0.999972 0.00746856 0
    outer loop
      vertex 13.992 21.7744 29
      vertex 13.9975 21.038 35
      vertex 13.9975 21.038 29
    endloop
  endfacet
  facet normal 0.707055 0.00645459 -0.707129
    outer loop
      vertex 15.998 21.5539 37.005
      vertex 13.9975 21.038 35
      vertex 15.9961 21.5977 37.0035
    endloop
  endfacet
  facet normal 0.7072 0.00536445 -0.706993
    outer loop
      vertex 13.9975 21.038 35
      vertex 15.998 21.5539 37.005
      vertex 15.9921 21.0006 36.9949
    endloop
  endfacet
  facet normal 0.707221 0.00521945 -0.706973
    outer loop
      vertex 15.9961 21.5977 37.0035
      vertex 13.992 21.7744 35
      vertex 15.9858 21.842 36.995
    endloop
  endfacet
  facet normal 0.707224 0.00528209 -0.70697
    outer loop
      vertex 13.992 21.7744 35
      vertex 15.9961 21.5977 37.0035
      vertex 13.9975 21.038 35
    endloop
  endfacet
  facet normal 0.705956 0.0425942 0.706974
    outer loop
      vertex 15.9754 22.0874 27.0006
      vertex 13.992 21.7744 29
      vertex 15.9858 21.842 27.005
    endloop
  endfacet
  facet normal 0.705951 0.0426336 0.706976
    outer loop
      vertex 13.992 21.7744 29
      vertex 15.9754 22.0874 27.0006
      vertex 13.9476 22.5096 29
    endloop
  endfacet
  facet normal 0.705948 0.0423998 0.706993
    outer loop
      vertex 13.9476 22.5096 29
      vertex 15.9622 22.3992 26.995
      vertex 15.9352 22.682 27.005
    endloop
  endfacet
  facet normal 0.705948 0.0425837 0.706983
    outer loop
      vertex 15.9622 22.3992 26.995
      vertex 13.9476 22.5096 29
      vertex 15.9754 22.0874 27.0006
    endloop
  endfacet
  facet normal 0.998181 0.0602819 0
    outer loop
      vertex 13.992 21.7744 35
      vertex 13.9476 22.5096 29
      vertex 13.9476 22.5096 35
    endloop
  endfacet
  facet normal 0.998181 0.0602819 0
    outer loop
      vertex 13.9476 22.5096 29
      vertex 13.992 21.7744 35
      vertex 13.992 21.7744 29
    endloop
  endfacet
  facet normal 0.705956 0.0425885 -0.706974
    outer loop
      vertex 13.992 21.7744 35
      vertex 15.9622 22.3992 37.005
      vertex 15.9858 21.842 36.995
    endloop
  endfacet
  facet normal 0.705866 0.0430647 -0.707035
    outer loop
      vertex 15.9622 22.3992 37.005
      vertex 13.992 21.7744 35
      vertex 15.9584 22.4385 37.0036
    endloop
  endfacet
  facet normal 0.705952 0.0426336 -0.706976
    outer loop
      vertex 13.9476 22.5096 35
      vertex 15.9584 22.4385 37.0036
      vertex 13.992 21.7744 35
    endloop
  endfacet
  facet normal 0.705956 0.0422918 -0.706992
    outer loop
      vertex 15.9584 22.4385 37.0036
      vertex 13.9476 22.5096 35
      vertex 15.9352 22.682 36.995
    endloop
  endfacet
  facet normal 0.70274 0.0794351 0.706998
    outer loop
      vertex 15.9119 22.9264 27.0007
      vertex 13.9476 22.5096 29
      vertex 15.9352 22.682 27.005
    endloop
  endfacet
  facet normal 0.702713 0.0796049 0.707006
    outer loop
      vertex 13.9476 22.5096 29
      vertex 15.9119 22.9264 27.0007
      vertex 13.8647 23.2414 29
    endloop
  endfacet
  facet normal 0.702719 0.0796204 0.706999
    outer loop
      vertex 13.8647 23.2414 29
      vertex 15.8818 23.2415 26.9951
      vertex 15.8405 23.5181 27.005
    endloop
  endfacet
  facet normal 0.702715 0.0796918 0.706995
    outer loop
      vertex 15.8818 23.2415 26.9951
      vertex 13.8647 23.2414 29
      vertex 15.9119 22.9264 27.0007
    endloop
  endfacet
  facet normal 0.993645 0.112562 0
    outer loop
      vertex 13.9476 22.5096 35
      vertex 13.8647 23.2414 29
      vertex 13.8647 23.2414 35
    endloop
  endfacet
  facet normal 0.993645 0.112562 0
    outer loop
      vertex 13.8647 23.2414 29
      vertex 13.9476 22.5096 35
      vertex 13.9476 22.5096 29
    endloop
  endfacet
  facet normal 0.702726 0.0795797 -0.706996
    outer loop
      vertex 13.9476 22.5096 35
      vertex 15.8818 23.2415 37.0049
      vertex 15.9352 22.682 36.995
    endloop
  endfacet
  facet normal 0.702426 0.0808077 -0.707155
    outer loop
      vertex 15.8818 23.2415 37.0049
      vertex 13.9476 22.5096 35
      vertex 15.8766 23.2762 37.0037
    endloop
  endfacet
  facet normal 0.70273 0.0796069 -0.706989
    outer loop
      vertex 13.8647 23.2414 35
      vertex 15.8766 23.2762 37.0037
      vertex 13.9476 22.5096 35
    endloop
  endfacet
  facet normal 0.702741 0.0794463 -0.706996
    outer loop
      vertex 15.8766 23.2762 37.0037
      vertex 13.8647 23.2414 35
      vertex 15.8405 23.5181 36.995
    endloop
  endfacet
  facet normal 0.697581 0.116478 0.706975
    outer loop
      vertex 14.6271 23.8791 28.1428
      vertex 15.8405 23.5181 27.005
      vertex 15.8043 23.761 27.0007
    endloop
  endfacet
  facet normal 0.697573 0.116373 0.707
    outer loop
      vertex 14.6271 23.8791 28.1428
      vertex 13.8647 23.2414 29
      vertex 15.8405 23.5181 27.005
    endloop
  endfacet
  facet normal 0.697548 0.116424 0.707016
    outer loop
      vertex 13.8647 23.2414 29
      vertex 14.6271 23.8791 28.1428
      vertex 13.7831 23.7303 29
    endloop
  endfacet
  facet normal 0.697576 0.116648 0.706952
    outer loop
      vertex 15.7569 24.0784 26.9951
      vertex 14.6271 23.8791 28.1428
      vertex 15.8043 23.761 27.0007
    endloop
  endfacet
  facet normal 0.986356 0.164628 0
    outer loop
      vertex 13.8647 23.2414 35
      vertex 13.7831 23.7303 29
      vertex 13.7831 23.7303 35
    endloop
  endfacet
  facet normal 0.986356 0.164628 0
    outer loop
      vertex 13.7831 23.7303 29
      vertex 13.8647 23.2414 35
      vertex 13.8647 23.2414 29
    endloop
  endfacet
  facet normal 0.697759 0.116598 -0.70678
    outer loop
      vertex 15.8405 23.5181 36.995
      vertex 15.6408 24.0579 36.8869
      vertex 15.7569 24.0784 37.0049
    endloop
  endfacet
  facet normal 0.697557 0.116479 -0.706999
    outer loop
      vertex 15.6408 24.0579 36.8869
      vertex 15.8405 23.5181 36.995
      vertex 13.8647 23.2414 35
    endloop
  endfacet
  facet normal 0.697572 0.116429 -0.706992
    outer loop
      vertex 13.8647 23.2414 35
      vertex 13.7831 23.7303 35
      vertex 15.6408 24.0579 36.8869
    endloop
  endfacet
  facet normal 0 0 -1
    outer loop
      vertex 15.5 -4 0
      vertex 13.0172 0 0
      vertex 15.5 -2.48283 0
    endloop
  endfacet
  facet normal 0 0 -1
    outer loop
      vertex 13.0172 0 0
      vertex -13.0172 0 0
      vertex 13.0172 0.00999451 0
    endloop
  endfacet
  facet normal 0 0 -1
    outer loop
      vertex 15.5 -4 0
      vertex -13.0172 0 0
      vertex 13.0172 0 0
    endloop
  endfacet
  facet normal 0 0 -1
    outer loop
      vertex -15.5 -4 0
      vertex -13.0172 0 0
      vertex 15.5 -4 0
    endloop
  endfacet
  facet normal 0 0 -1
    outer loop
      vertex -13.0172 0 0
      vertex -15.5 -4 0
      vertex -15.5 -2.48283 0
    endloop
  endfacet
  facet normal -0 0 -1
    outer loop
      vertex 13.0172 0.00999451 0
      vertex -13.0172 0 0
      vertex -13.0172 0.00999451 0
    endloop
  endfacet
  facet normal -0 0 1
    outer loop
      vertex -13.0172 0.00999451 48
      vertex 13.0172 0 48
      vertex 13.0172 0.00999451 48
    endloop
  endfacet
  facet normal 0 0 1
    outer loop
      vertex 13.0172 0 48
      vertex -13.0172 0.00999451 48
      vertex -13.0172 0 48
    endloop
  endfacet
  facet normal 0.707111 0.707103 0
    outer loop
      vertex 15.5 -2.48283 45.5172
      vertex 13.0172 0 47.401
      vertex 13.0172 0 48
    endloop
  endfacet
  facet normal 0.707111 0.707103 0
    outer loop
      vertex 15.5 -2.48283 45.5172
      vertex 13.0172 0 0.599999
      vertex 13.0172 0 47.401
    endloop
  endfacet
  facet normal 0.707111 0.707103 -0
    outer loop
      vertex 15.5 -2.48283 0
      vertex 13.0172 0 0.599999
      vertex 15.5 -2.48283 45.5172
    endloop
  endfacet
  facet normal 0.707111 0.707103 0
    outer loop
      vertex 13.0172 0 0.599999
      vertex 15.5 -2.48283 0
      vertex 13.0172 0 0
    endloop
  endfacet
  facet normal 1 0 0
    outer loop
      vertex 13.0172 0 0
      vertex 13.0172 0.00999451 0.590005
      vertex 13.0172 0 0.599999
    endloop
  endfacet
  facet normal 1 0 0
    outer loop
      vertex 13.0172 0.00999451 0.590005
      vertex 13.0172 0 0
      vertex 13.0172 0.00999451 0
    endloop
  endfacet
  facet normal 1 -0 0
    outer loop
      vertex 13.0172 0 48
      vertex 13.0172 0.00999451 47.411
      vertex 13.0172 0.00999451 48
    endloop
  endfacet
  facet normal 1 0 0
    outer loop
      vertex 13.0172 0.00999451 47.411
      vertex 13.0172 0 48
      vertex 13.0172 0 47.401
    endloop
  endfacet
  facet normal 0 1 -0
    outer loop
      vertex 13.0172 0.00999451 0
      vertex -13.0172 0.00999451 0.590005
      vertex 13.0172 0.00999451 0.590005
    endloop
  endfacet
  facet normal 0 1 0
    outer loop
      vertex -13.0172 0.00999451 0.590005
      vertex 13.0172 0.00999451 0
      vertex -13.0172 0.00999451 0
    endloop
  endfacet
  facet normal 0 1 -0
    outer loop
      vertex 13.0172 0.00999451 47.411
      vertex -13.0172 0.00999451 48
      vertex 13.0172 0.00999451 48
    endloop
  endfacet
  facet normal 0 1 0
    outer loop
      vertex -13.0172 0.00999451 48
      vertex 13.0172 0.00999451 47.411
      vertex -13.0172 0.00999451 47.411
    endloop
  endfacet
  facet normal -1 0 0
    outer loop
      vertex -13.0172 0 0
      vertex -13.0172 0.00999451 0.590005
      vertex -13.0172 0.00999451 0
    endloop
  endfacet
  facet normal -1 -0 0
    outer loop
      vertex -13.0172 0.00999451 0.590005
      vertex -13.0172 0 0
      vertex -13.0172 0 0.599999
    endloop
  endfacet
  facet normal -1 0 0
    outer loop
      vertex -13.0172 0 48
      vertex -13.0172 0.00999451 47.411
      vertex -13.0172 0 47.401
    endloop
  endfacet
  facet normal -1 0 0
    outer loop
      vertex -13.0172 0.00999451 47.411
      vertex -13.0172 0 48
      vertex -13.0172 0.00999451 48
    endloop
  endfacet
  facet normal -0.707111 0.707103 0
    outer loop
      vertex -13.0172 0 47.401
      vertex -15.5 -2.48283 45.5172
      vertex -13.0172 0 48
    endloop
  endfacet
  facet normal -0.707111 0.707103 0
    outer loop
      vertex -13.0172 0 0.599999
      vertex -15.5 -2.48283 45.5172
      vertex -13.0172 0 47.401
    endloop
  endfacet
  facet normal -0.707111 0.707103 0
    outer loop
      vertex -15.5 -2.48283 0
      vertex -13.0172 0 0.599999
      vertex -13.0172 0 0
    endloop
  endfacet
  facet normal -0.707111 0.707103 0
    outer loop
      vertex -13.0172 0 0.599999
      vertex -15.5 -2.48283 0
      vertex -15.5 -2.48283 45.5172
    endloop
  endfacet
  facet normal -1 0 0
    outer loop
      vertex -15.5 -4 44
      vertex -15.5 -2.48283 0
      vertex -15.5 -4 0
    endloop
  endfacet
  facet normal -1 0 0
    outer loop
      vertex -15.5 -2.48283 0
      vertex -15.5 -4 44
      vertex -15.5 -2.48283 45.5172
    endloop
  endfacet
  facet normal 0 -1 0
    outer loop
      vertex -15.5 -4 44
      vertex 0 -4 18.65
      vertex 15.5 -4 44
    endloop
  endfacet
  facet normal 0 -1 0
    outer loop
      vertex -15.5 -4 44
      vertex -0.198884 -4 18.638
      vertex 0 -4 18.65
    endloop
  endfacet
  facet normal 0 -1 0
    outer loop
      vertex -15.5 -4 44
      vertex -0.394869 -4 18.602
      vertex -0.198884 -4 18.638
    endloop
  endfacet
  facet normal 0 -1 0
    outer loop
      vertex -15.5 -4 44
      vertex -0.585095 -4 18.5428
      vertex -0.394869 -4 18.602
    endloop
  endfacet
  facet normal 0 -1 0
    outer loop
      vertex -15.5 -4 44
      vertex -0.76679 -4 18.461
      vertex -0.585095 -4 18.5428
    endloop
  endfacet
  facet normal 0 -1 0
    outer loop
      vertex -15.5 -4 44
      vertex -0.937303 -4 18.3579
      vertex -0.76679 -4 18.461
    endloop
  endfacet
  facet normal 0 -1 0
    outer loop
      vertex -15.5 -4 44
      vertex -1.09415 -4 18.235
      vertex -0.937303 -4 18.3579
    endloop
  endfacet
  facet normal 0 -1 0
    outer loop
      vertex -15.5 -4 44
      vertex -1.23504 -4 18.0941
      vertex -1.09415 -4 18.235
    endloop
  endfacet
  facet normal 0 -1 0
    outer loop
      vertex -15.5 -4 44
      vertex -1.35792 -4 17.9373
      vertex -1.23504 -4 18.0941
    endloop
  endfacet
  facet normal 0 -1 0
    outer loop
      vertex -15.5 -4 44
      vertex -1.461 -4 17.7668
      vertex -1.35792 -4 17.9373
    endloop
  endfacet
  facet normal 0 -1 0
    outer loop
      vertex -15.5 -4 44
      vertex -1.54277 -4 17.5851
      vertex -1.461 -4 17.7668
    endloop
  endfacet
  facet normal 0 -1 0
    outer loop
      vertex -15.5 -4 44
      vertex -1.60205 -4 17.3949
      vertex -1.54277 -4 17.5851
    endloop
  endfacet
  facet normal 0 -1 0
    outer loop
      vertex -15.5 -4 0
      vertex -1.60205 -4 17.3949
      vertex -15.5 -4 44
    endloop
  endfacet
  facet normal 0 -1 0
    outer loop
      vertex -1.60205 -4 17.3949
      vertex -15.5 -4 0
      vertex -1.63796 -4 17.1989
    endloop
  endfacet
  facet normal 0 -1 0
    outer loop
      vertex -1.63796 -4 17.1989
      vertex -15.5 -4 0
      vertex -1.64999 -4 17
    endloop
  endfacet
  facet normal 0 -1 -0
    outer loop
      vertex -1.64999 -4 17
      vertex -15.5 -4 0
      vertex -1.63796 -4 16.8011
    endloop
  endfacet
  facet normal 0 -1 -0
    outer loop
      vertex -1.63796 -4 16.8011
      vertex -15.5 -4 0
      vertex -1.60205 -4 16.6051
    endloop
  endfacet
  facet normal 0 -1 -0
    outer loop
      vertex -1.60205 -4 16.6051
      vertex -15.5 -4 0
      vertex -1.54277 -4 16.4149
    endloop
  endfacet
  facet normal 0 -1 -0
    outer loop
      vertex -0.198884 -4 15.362
      vertex -15.5 -4 0
      vertex 0 -4 15.35
    endloop
  endfacet
  facet normal 0 -1 -0
    outer loop
      vertex -0.394869 -4 15.398
      vertex -15.5 -4 0
      vertex -0.198884 -4 15.362
    endloop
  endfacet
  facet normal 0 -1 -0
    outer loop
      vertex -0.585095 -4 15.4572
      vertex -15.5 -4 0
      vertex -0.394869 -4 15.398
    endloop
  endfacet
  facet normal 0 -1 -0
    outer loop
      vertex -0.76679 -4 15.539
      vertex -15.5 -4 0
      vertex -0.585095 -4 15.4572
    endloop
  endfacet
  facet normal 0 -1 -0
    outer loop
      vertex -0.937303 -4 15.6421
      vertex -15.5 -4 0
      vertex -0.76679 -4 15.539
    endloop
  endfacet
  facet normal 0 -1 -0
    outer loop
      vertex -1.09415 -4 15.765
      vertex -15.5 -4 0
      vertex -0.937303 -4 15.6421
    endloop
  endfacet
  facet normal 0 -1 -0
    outer loop
      vertex -1.23504 -4 15.9059
      vertex -15.5 -4 0
      vertex -1.09415 -4 15.765
    endloop
  endfacet
  facet normal 0 -1 -0
    outer loop
      vertex -1.35792 -4 16.0627
      vertex -15.5 -4 0
      vertex -1.23504 -4 15.9059
    endloop
  endfacet
  facet normal 0 -1 -0
    outer loop
      vertex -1.461 -4 16.2332
      vertex -15.5 -4 0
      vertex -1.35792 -4 16.0627
    endloop
  endfacet
  facet normal 0 -1 -0
    outer loop
      vertex -1.54277 -4 16.4149
      vertex -15.5 -4 0
      vertex -1.461 -4 16.2332
    endloop
  endfacet
  facet normal 0 -1 0
    outer loop
      vertex 0.198884 -4 18.638
      vertex 15.5 -4 44
      vertex 0 -4 18.65
    endloop
  endfacet
  facet normal 0 -1 0
    outer loop
      vertex 0.394869 -4 18.602
      vertex 15.5 -4 44
      vertex 0.198884 -4 18.638
    endloop
  endfacet
  facet normal 0 -1 0
    outer loop
      vertex 0.585095 -4 18.5428
      vertex 15.5 -4 44
      vertex 0.394869 -4 18.602
    endloop
  endfacet
  facet normal 0 -1 0
    outer loop
      vertex 0.76679 -4 18.461
      vertex 15.5 -4 44
      vertex 0.585095 -4 18.5428
    endloop
  endfacet
  facet normal 0 -1 0
    outer loop
      vertex 0.937303 -4 18.3579
      vertex 15.5 -4 44
      vertex 0.76679 -4 18.461
    endloop
  endfacet
  facet normal 0 -1 0
    outer loop
      vertex 1.09415 -4 18.235
      vertex 15.5 -4 44
      vertex 0.937303 -4 18.3579
    endloop
  endfacet
  facet normal 0 -1 0
    outer loop
      vertex 1.23504 -4 18.0941
      vertex 15.5 -4 44
      vertex 1.09415 -4 18.235
    endloop
  endfacet
  facet normal 0 -1 0
    outer loop
      vertex 1.35792 -4 17.9373
      vertex 15.5 -4 44
      vertex 1.23504 -4 18.0941
    endloop
  endfacet
  facet normal 0 -1 0
    outer loop
      vertex 1.461 -4 17.7668
      vertex 15.5 -4 44
      vertex 1.35792 -4 17.9373
    endloop
  endfacet
  facet normal 0 -1 0
    outer loop
      vertex 1.54277 -4 17.5851
      vertex 15.5 -4 44
      vertex 1.461 -4 17.7668
    endloop
  endfacet
  facet normal 0 -1 0
    outer loop
      vertex 1.60205 -4 17.3949
      vertex 15.5 -4 44
      vertex 1.54277 -4 17.5851
    endloop
  endfacet
  facet normal 0 -1 0
    outer loop
      vertex 15.5 -4 0
      vertex 1.60205 -4 17.3949
      vertex 1.63796 -4 17.1989
    endloop
  endfacet
  facet normal 0 -1 0
    outer loop
      vertex 15.5 -4 0
      vertex 1.63796 -4 17.1989
      vertex 1.64999 -4 17
    endloop
  endfacet
  facet normal 0 -1 0
    outer loop
      vertex 15.5 -4 0
      vertex 1.64999 -4 17
      vertex 1.63796 -4 16.8011
    endloop
  endfacet
  facet normal 0 -1 0
    outer loop
      vertex 15.5 -4 0
      vertex 1.63796 -4 16.8011
      vertex 1.60205 -4 16.6051
    endloop
  endfacet
  facet normal 0 -1 0
    outer loop
      vertex 15.5 -4 0
      vertex 1.60205 -4 16.6051
      vertex 1.54277 -4 16.4149
    endloop
  endfacet
  facet normal 0 -1 0
    outer loop
      vertex 15.5 -4 0
      vertex 1.54277 -4 16.4149
      vertex 1.461 -4 16.2332
    endloop
  endfacet
  facet normal 0 -1 0
    outer loop
      vertex 15.5 -4 0
      vertex 0 -4 15.35
      vertex -15.5 -4 0
    endloop
  endfacet
  facet normal 0 -1 0
    outer loop
      vertex 0 -4 15.35
      vertex 15.5 -4 0
      vertex 0.198884 -4 15.362
    endloop
  endfacet
  facet normal 0 -1 0
    outer loop
      vertex 0.198884 -4 15.362
      vertex 15.5 -4 0
      vertex 0.394869 -4 15.398
    endloop
  endfacet
  facet normal 0 -1 0
    outer loop
      vertex 0.394869 -4 15.398
      vertex 15.5 -4 0
      vertex 0.585095 -4 15.4572
    endloop
  endfacet
  facet normal 0 -1 0
    outer loop
      vertex 0.585095 -4 15.4572
      vertex 15.5 -4 0
      vertex 0.76679 -4 15.539
    endloop
  endfacet
  facet normal 0 -1 0
    outer loop
      vertex 0.76679 -4 15.539
      vertex 15.5 -4 0
      vertex 0.937303 -4 15.6421
    endloop
  endfacet
  facet normal 0 -1 0
    outer loop
      vertex 1.60205 -4 17.3949
      vertex 15.5 -4 0
      vertex 15.5 -4 44
    endloop
  endfacet
  facet normal 0 -1 0
    outer loop
      vertex 1.35792 -4 16.0627
      vertex 15.5 -4 0
      vertex 1.461 -4 16.2332
    endloop
  endfacet
  facet normal 0 -1 0
    outer loop
      vertex 1.23504 -4 15.9059
      vertex 15.5 -4 0
      vertex 1.35792 -4 16.0627
    endloop
  endfacet
  facet normal 0 -1 0
    outer loop
      vertex 1.09415 -4 15.765
      vertex 15.5 -4 0
      vertex 1.23504 -4 15.9059
    endloop
  endfacet
  facet normal 0 -1 0
    outer loop
      vertex 0.937303 -4 15.6421
      vertex 15.5 -4 0
      vertex 1.09415 -4 15.765
    endloop
  endfacet
  facet normal 1 -0 0
    outer loop
      vertex 15.5 -4 44
      vertex 15.5 -2.48283 0
      vertex 15.5 -2.48283 45.5172
    endloop
  endfacet
  facet normal 1 0 0
    outer loop
      vertex 15.5 -2.48283 0
      vertex 15.5 -4 44
      vertex 15.5 -4 0
    endloop
  endfacet
  facet normal 2.25261e-05 -0.707114 0.7071
    outer loop
      vertex -15.5 -4 44
      vertex -13.0172 0 48
      vertex -15.5 -2.48283 45.5172
    endloop
  endfacet
  facet normal 0 -0.707107 0.707107
    outer loop
      vertex -13.0172 0 48
      vertex -15.5 -4 44
      vertex 13.0172 0 48
    endloop
  endfacet
  facet normal 0 -0.707107 0.707107
    outer loop
      vertex 15.5 -4 44
      vertex 13.0172 0 48
      vertex -15.5 -4 44
    endloop
  endfacet
  facet normal -2.25261e-05 -0.707114 0.7071
    outer loop
      vertex 13.0172 0 48
      vertex 15.5 -4 44
      vertex 15.5 -2.48283 45.5172
    endloop
  endfacet
  facet normal 0.0700944 -0.921382 0.382285
    outer loop
      vertex 0.198884 -4 18.638
      vertex 0.0271196 -4.59999 17.2234
      vertex 0.0538435 -4.59999 17.2185
    endloop
  endfacet
  facet normal -0.371049 -0.921384 0.115646
    outer loop
      vertex -1.54277 -4 17.5851
      vertex -1.60205 -4 17.3949
      vertex -0.21037 -4.59999 17.0798
    endloop
  endfacet
  facet normal -0.332592 -0.921385 0.201077
    outer loop
      vertex -1.35792 -4 17.9373
      vertex -1.461 -4 17.7668
      vertex -0.185163 -4.59999 17.1278
    endloop
  endfacet
  facet normal -0.387945 -0.921384 -0.0234639
    outer loop
      vertex -0.224991 -4.59999 17
      vertex -1.64999 -4 17
      vertex -1.63796 -4 16.8011
    endloop
  endfacet
  facet normal 0.0228882 -0.921396 -0.38795
    outer loop
      vertex 0.0271196 -4.59999 16.7766
      vertex 0 -4.59999 16.775
      vertex 0 -4 15.35
    endloop
  endfacet
  facet normal -0.159551 -0.921383 0.354396
    outer loop
      vertex -0.585095 -4 18.5428
      vertex -0.76679 -4 18.461
      vertex -0.0797825 -4.59999 17.2104
    endloop
  endfacet
  facet normal 0.115858 -0.92137 -0.371017
    outer loop
      vertex 0.0797825 -4.59999 16.7896
      vertex 0.0538435 -4.59999 16.7815
      vertex 0.394869 -4 15.398
    endloop
  endfacet
  facet normal 0.239719 -0.921379 -0.305933
    outer loop
      vertex 1.09415 -4 15.765
      vertex 0.127809 -4.59999 16.8148
      vertex 0.937303 -4 15.6421
    endloop
  endfacet
  facet normal -0.354478 -0.92138 0.159386
    outer loop
      vertex -0.199219 -4.59999 17.1046
      vertex -1.461 -4 17.7668
      vertex -0.21037 -4.59999 17.0798
    endloop
  endfacet
  facet normal 0.0234078 -0.921382 -0.387954
    outer loop
      vertex 0.0271196 -4.59999 16.7766
      vertex 0 -4 15.35
      vertex 0.198884 -4 15.362
    endloop
  endfacet
  facet normal 0.0702184 -0.921379 -0.382271
    outer loop
      vertex 0.394869 -4 15.398
      vertex 0.0538435 -4.59999 16.7815
      vertex 0.198884 -4 15.362
    endloop
  endfacet
  facet normal -0.354418 -0.921384 0.159498
    outer loop
      vertex -1.461 -4 17.7668
      vertex -1.54277 -4 17.5851
      vertex -0.21037 -4.59999 17.0798
    endloop
  endfacet
  facet normal 0.387945 -0.921384 -0.0234639
    outer loop
      vertex 1.64999 -4 17
      vertex 0.224991 -4.59999 17
      vertex 1.63796 -4 16.8011
    endloop
  endfacet
  facet normal -0.2011 -0.92138 0.332591
    outer loop
      vertex -0.76679 -4 18.461
      vertex -0.937303 -4 18.3579
      vertex -0.127809 -4.59999 17.1852
    endloop
  endfacet
  facet normal -0.382277 -0.921383 0.0701271
    outer loop
      vertex -0.218452 -4.59999 17.0538
      vertex -1.63796 -4 17.1989
      vertex -0.22335 -4.59999 17.0271
    endloop
  endfacet
  facet normal 0.159551 -0.921383 0.354396
    outer loop
      vertex 0.585095 -4 18.5428
      vertex 0.0797825 -4.59999 17.2104
      vertex 0.76679 -4 18.461
    endloop
  endfacet
  facet normal 0.0702184 -0.921379 0.382271
    outer loop
      vertex 0.198884 -4 18.638
      vertex 0.0538435 -4.59999 17.2185
      vertex 0.394869 -4 18.602
    endloop
  endfacet
  facet normal -0.371117 -0.921392 0.11536
    outer loop
      vertex -0.21037 -4.59999 17.0798
      vertex -1.60205 -4 17.3949
      vertex -0.218452 -4.59999 17.0538
    endloop
  endfacet
  facet normal -0.2011 -0.92138 -0.332591
    outer loop
      vertex -0.127809 -4.59999 16.8148
      vertex -0.937303 -4 15.6421
      vertex -0.76679 -4 15.539
    endloop
  endfacet
  facet normal -0.382287 -0.921385 -0.0700404
    outer loop
      vertex -0.218452 -4.59999 16.9462
      vertex -1.63796 -4 16.8011
      vertex -1.60205 -4 16.6051
    endloop
  endfacet
  facet normal 0.382277 -0.921383 -0.0701271
    outer loop
      vertex 0.22335 -4.59999 16.9729
      vertex 0.218452 -4.59999 16.9462
      vertex 1.63796 -4 16.8011
    endloop
  endfacet
  facet normal 0.332592 -0.921385 -0.201077
    outer loop
      vertex 1.461 -4 16.2332
      vertex 0.185163 -4.59999 16.8722
      vertex 1.35792 -4 16.0627
    endloop
  endfacet
  facet normal -0.159551 -0.921383 -0.354396
    outer loop
      vertex -0.0797825 -4.59999 16.7896
      vertex -0.76679 -4 15.539
      vertex -0.585095 -4 15.4572
    endloop
  endfacet
  facet normal -0.382287 -0.921385 0.0700404
    outer loop
      vertex -1.60205 -4 17.3949
      vertex -1.63796 -4 17.1989
      vertex -0.218452 -4.59999 17.0538
    endloop
  endfacet
  facet normal -0.306019 -0.921379 0.23961
    outer loop
      vertex -0.168407 -4.59999 17.1492
      vertex -1.23504 -4 18.0941
      vertex -0.185163 -4.59999 17.1278
    endloop
  endfacet
  facet normal 0.0700944 -0.921382 -0.382285
    outer loop
      vertex 0.0538435 -4.59999 16.7815
      vertex 0.0271196 -4.59999 16.7766
      vertex 0.198884 -4 15.362
    endloop
  endfacet
  facet normal -0.115858 -0.92137 0.371017
    outer loop
      vertex -0.0538435 -4.59999 17.2185
      vertex -0.394869 -4 18.602
      vertex -0.0797825 -4.59999 17.2104
    endloop
  endfacet
  facet normal 0.0228919 -0.92137 0.388011
    outer loop
      vertex 0.198884 -4 18.638
      vertex 0 -4.59999 17.225
      vertex 0.0271196 -4.59999 17.2234
    endloop
  endfacet
  facet normal -0.387941 -0.921385 -0.0234912
    outer loop
      vertex -0.224991 -4.59999 17
      vertex -1.63796 -4 16.8011
      vertex -0.22335 -4.59999 16.9729
    endloop
  endfacet
  facet normal -0.387945 -0.921384 0.0234639
    outer loop
      vertex -1.63796 -4 17.1989
      vertex -1.64999 -4 17
      vertex -0.224991 -4.59999 17
    endloop
  endfacet
  facet normal -0.387941 -0.921385 0.0234912
    outer loop
      vertex -0.22335 -4.59999 17.0271
      vertex -1.63796 -4 17.1989
      vertex -0.224991 -4.59999 17
    endloop
  endfacet
  facet normal -0.0234073 -0.921385 0.387945
    outer loop
      vertex 0 -4 18.65
      vertex -0.198884 -4 18.638
      vertex 0 -4.59999 17.225
    endloop
  endfacet
  facet normal -0.24007 -0.921393 -0.305617
    outer loop
      vertex -0.149196 -4.59999 16.8316
      vertex -1.09415 -4 15.765
      vertex -0.127809 -4.59999 16.8148
    endloop
  endfacet
  facet normal 0.354478 -0.92138 -0.159386
    outer loop
      vertex 0.21037 -4.59999 16.9202
      vertex 0.199219 -4.59999 16.8954
      vertex 1.461 -4 16.2332
    endloop
  endfacet
  facet normal 0.387941 -0.921385 -0.0234912
    outer loop
      vertex 0.224991 -4.59999 17
      vertex 0.22335 -4.59999 16.9729
      vertex 1.63796 -4 16.8011
    endloop
  endfacet
  facet normal -0.0234078 -0.921382 -0.387954
    outer loop
      vertex -0.0271196 -4.59999 16.7766
      vertex -0.198884 -4 15.362
      vertex 0 -4 15.35
    endloop
  endfacet
  facet normal 0.305909 -0.921384 -0.239733
    outer loop
      vertex 1.35792 -4 16.0627
      vertex 0.185163 -4.59999 16.8722
      vertex 1.23504 -4 15.9059
    endloop
  endfacet
  facet normal 0.305909 -0.921384 0.239733
    outer loop
      vertex 1.23504 -4 18.0941
      vertex 0.185163 -4.59999 17.1278
      vertex 1.35792 -4 17.9373
    endloop
  endfacet
  facet normal -0.239719 -0.921379 0.305933
    outer loop
      vertex -0.937303 -4 18.3579
      vertex -1.09415 -4 18.235
      vertex -0.127809 -4.59999 17.1852
    endloop
  endfacet
  facet normal 0.27475 -0.921378 -0.274908
    outer loop
      vertex 0.149196 -4.59999 16.8316
      vertex 1.23504 -4 15.9059
      vertex 0.168407 -4.59999 16.8508
    endloop
  endfacet
  facet normal 0.274833 -0.921382 -0.274813
    outer loop
      vertex 1.23504 -4 15.9059
      vertex 0.149196 -4.59999 16.8316
      vertex 1.09415 -4 15.765
    endloop
  endfacet
  facet normal -0.306019 -0.921379 -0.23961
    outer loop
      vertex -0.185163 -4.59999 16.8722
      vertex -1.23504 -4 15.9059
      vertex -0.168407 -4.59999 16.8508
    endloop
  endfacet
  facet normal -0.0702184 -0.921379 0.382271
    outer loop
      vertex -0.198884 -4 18.638
      vertex -0.394869 -4 18.602
      vertex -0.0538435 -4.59999 17.2185
    endloop
  endfacet
  facet normal 0.332592 -0.921385 0.201077
    outer loop
      vertex 1.35792 -4 17.9373
      vertex 0.185163 -4.59999 17.1278
      vertex 1.461 -4 17.7668
    endloop
  endfacet
  facet normal -0.115491 -0.921381 0.371105
    outer loop
      vertex -0.394869 -4 18.602
      vertex -0.585095 -4 18.5428
      vertex -0.0797825 -4.59999 17.2104
    endloop
  endfacet
  facet normal 0.115491 -0.921381 -0.371105
    outer loop
      vertex 0.585095 -4 15.4572
      vertex 0.0797825 -4.59999 16.7896
      vertex 0.394869 -4 15.398
    endloop
  endfacet
  facet normal -0.115491 -0.921381 -0.371105
    outer loop
      vertex -0.0797825 -4.59999 16.7896
      vertex -0.585095 -4 15.4572
      vertex -0.394869 -4 15.398
    endloop
  endfacet
  facet normal -0.239719 -0.921379 -0.305933
    outer loop
      vertex -0.127809 -4.59999 16.8148
      vertex -1.09415 -4 15.765
      vertex -0.937303 -4 15.6421
    endloop
  endfacet
  facet normal -0.16008 -0.9214 0.354114
    outer loop
      vertex -0.0797825 -4.59999 17.2104
      vertex -0.76679 -4 18.461
      vertex -0.104558 -4.59999 17.1992
    endloop
  endfacet
  facet normal -0.20046 -0.921401 0.332921
    outer loop
      vertex -0.104558 -4.59999 17.1992
      vertex -0.76679 -4 18.461
      vertex -0.127809 -4.59999 17.1852
    endloop
  endfacet
  facet normal -0.0702184 -0.921379 -0.382271
    outer loop
      vertex -0.0538435 -4.59999 16.7815
      vertex -0.394869 -4 15.398
      vertex -0.198884 -4 15.362
    endloop
  endfacet
  facet normal 0.16008 -0.9214 -0.354114
    outer loop
      vertex 0.104558 -4.59999 16.8008
      vertex 0.0797825 -4.59999 16.7896
      vertex 0.76679 -4 15.539
    endloop
  endfacet
  facet normal -0.305909 -0.921384 0.239733
    outer loop
      vertex -1.23504 -4 18.0941
      vertex -1.35792 -4 17.9373
      vertex -0.185163 -4.59999 17.1278
    endloop
  endfacet
  facet normal -0.305909 -0.921384 -0.239733
    outer loop
      vertex -0.185163 -4.59999 16.8722
      vertex -1.35792 -4 16.0627
      vertex -1.23504 -4 15.9059
    endloop
  endfacet
  facet normal -0.115858 -0.92137 -0.371017
    outer loop
      vertex -0.0797825 -4.59999 16.7896
      vertex -0.394869 -4 15.398
      vertex -0.0538435 -4.59999 16.7815
    endloop
  endfacet
  facet normal -0.24007 -0.921393 0.305617
    outer loop
      vertex -0.127809 -4.59999 17.1852
      vertex -1.09415 -4 18.235
      vertex -0.149196 -4.59999 17.1684
    endloop
  endfacet
  facet normal -0.274833 -0.921382 0.274813
    outer loop
      vertex -1.23504 -4 18.0941
      vertex -0.149196 -4.59999 17.1684
      vertex -1.09415 -4 18.235
    endloop
  endfacet
  facet normal -0.27475 -0.921378 0.274908
    outer loop
      vertex -0.149196 -4.59999 17.1684
      vertex -1.23504 -4 18.0941
      vertex -0.168407 -4.59999 17.1492
    endloop
  endfacet
  facet normal 0.0234073 -0.921385 0.387945
    outer loop
      vertex 0 -4 18.65
      vertex 0 -4.59999 17.225
      vertex 0.198884 -4 18.638
    endloop
  endfacet
  facet normal 0.371049 -0.921384 -0.115646
    outer loop
      vertex 1.60205 -4 16.6051
      vertex 0.21037 -4.59999 16.9202
      vertex 1.54277 -4 16.4149
    endloop
  endfacet
  facet normal 0.354478 -0.92138 0.159386
    outer loop
      vertex 1.461 -4 17.7668
      vertex 0.199219 -4.59999 17.1046
      vertex 0.21037 -4.59999 17.0798
    endloop
  endfacet
  facet normal -0.0700944 -0.921382 -0.382285
    outer loop
      vertex -0.0538435 -4.59999 16.7815
      vertex -0.198884 -4 15.362
      vertex -0.0271196 -4.59999 16.7766
    endloop
  endfacet
  facet normal 0.2011 -0.92138 -0.332591
    outer loop
      vertex 0.937303 -4 15.6421
      vertex 0.127809 -4.59999 16.8148
      vertex 0.76679 -4 15.539
    endloop
  endfacet
  facet normal -0.354478 -0.92138 -0.159386
    outer loop
      vertex -0.21037 -4.59999 16.9202
      vertex -1.461 -4 16.2332
      vertex -0.199219 -4.59999 16.8954
    endloop
  endfacet
  facet normal -0.20046 -0.921401 -0.332921
    outer loop
      vertex -0.127809 -4.59999 16.8148
      vertex -0.76679 -4 15.539
      vertex -0.104558 -4.59999 16.8008
    endloop
  endfacet
  facet normal 0.159551 -0.921383 -0.354396
    outer loop
      vertex 0.76679 -4 15.539
      vertex 0.0797825 -4.59999 16.7896
      vertex 0.585095 -4 15.4572
    endloop
  endfacet
  facet normal -0.354418 -0.921384 -0.159498
    outer loop
      vertex -0.21037 -4.59999 16.9202
      vertex -1.54277 -4 16.4149
      vertex -1.461 -4 16.2332
    endloop
  endfacet
  facet normal -0.371049 -0.921384 -0.115646
    outer loop
      vertex -0.21037 -4.59999 16.9202
      vertex -1.60205 -4 16.6051
      vertex -1.54277 -4 16.4149
    endloop
  endfacet
  facet normal 0.371117 -0.921392 -0.11536
    outer loop
      vertex 0.218452 -4.59999 16.9462
      vertex 0.21037 -4.59999 16.9202
      vertex 1.60205 -4 16.6051
    endloop
  endfacet
  facet normal -0.382277 -0.921383 -0.0701271
    outer loop
      vertex -0.22335 -4.59999 16.9729
      vertex -1.63796 -4 16.8011
      vertex -0.218452 -4.59999 16.9462
    endloop
  endfacet
  facet normal -0.371117 -0.921392 -0.11536
    outer loop
      vertex -0.218452 -4.59999 16.9462
      vertex -1.60205 -4 16.6051
      vertex -0.21037 -4.59999 16.9202
    endloop
  endfacet
  facet normal -0.332424 -0.921375 0.201403
    outer loop
      vertex -0.185163 -4.59999 17.1278
      vertex -1.461 -4 17.7668
      vertex -0.199219 -4.59999 17.1046
    endloop
  endfacet
  facet normal 0 -1 0
    outer loop
      vertex -0.0271196 -4.59999 17.2234
      vertex 0.0271196 -4.59999 17.2234
      vertex 0 -4.59999 17.225
    endloop
  endfacet
  facet normal 0 -1 0
    outer loop
      vertex -0.0538435 -4.59999 17.2185
      vertex 0.0271196 -4.59999 17.2234
      vertex -0.0271196 -4.59999 17.2234
    endloop
  endfacet
  facet normal 0 -1 0
    outer loop
      vertex -0.0538435 -4.59999 17.2185
      vertex 0.0538435 -4.59999 17.2185
      vertex 0.0271196 -4.59999 17.2234
    endloop
  endfacet
  facet normal 0 -1 0
    outer loop
      vertex -0.0797825 -4.59999 17.2104
      vertex 0.0538435 -4.59999 17.2185
      vertex -0.0538435 -4.59999 17.2185
    endloop
  endfacet
  facet normal 0 -1 0
    outer loop
      vertex -0.0797825 -4.59999 17.2104
      vertex 0.0797825 -4.59999 17.2104
      vertex 0.0538435 -4.59999 17.2185
    endloop
  endfacet
  facet normal 0 -1 0
    outer loop
      vertex -0.104558 -4.59999 17.1992
      vertex 0.0797825 -4.59999 17.2104
      vertex -0.0797825 -4.59999 17.2104
    endloop
  endfacet
  facet normal 0 -1 0
    outer loop
      vertex -0.104558 -4.59999 17.1992
      vertex 0.104558 -4.59999 17.1992
      vertex 0.0797825 -4.59999 17.2104
    endloop
  endfacet
  facet normal 0 -1 0
    outer loop
      vertex -0.127809 -4.59999 17.1852
      vertex 0.104558 -4.59999 17.1992
      vertex -0.104558 -4.59999 17.1992
    endloop
  endfacet
  facet normal 0 -1 0
    outer loop
      vertex -0.127809 -4.59999 17.1852
      vertex 0.127809 -4.59999 17.1852
      vertex 0.104558 -4.59999 17.1992
    endloop
  endfacet
  facet normal 0 -1 0
    outer loop
      vertex -0.149196 -4.59999 17.1684
      vertex 0.127809 -4.59999 17.1852
      vertex -0.127809 -4.59999 17.1852
    endloop
  endfacet
  facet normal 0 -1 0
    outer loop
      vertex -0.149196 -4.59999 17.1684
      vertex 0.149196 -4.59999 17.1684
      vertex 0.127809 -4.59999 17.1852
    endloop
  endfacet
  facet normal 0 -1 0
    outer loop
      vertex -0.168407 -4.59999 17.1492
      vertex 0.149196 -4.59999 17.1684
      vertex -0.149196 -4.59999 17.1684
    endloop
  endfacet
  facet normal 0 -1 0
    outer loop
      vertex -0.168407 -4.59999 17.1492
      vertex 0.168407 -4.59999 17.1492
      vertex 0.149196 -4.59999 17.1684
    endloop
  endfacet
  facet normal 0 -1 0
    outer loop
      vertex -0.185163 -4.59999 17.1278
      vertex 0.168407 -4.59999 17.1492
      vertex -0.168407 -4.59999 17.1492
    endloop
  endfacet
  facet normal 0 -1 0
    outer loop
      vertex -0.185163 -4.59999 17.1278
      vertex 0.185163 -4.59999 17.1278
      vertex 0.168407 -4.59999 17.1492
    endloop
  endfacet
  facet normal 0 -1 0
    outer loop
      vertex -0.199219 -4.59999 17.1046
      vertex 0.185163 -4.59999 17.1278
      vertex -0.185163 -4.59999 17.1278
    endloop
  endfacet
  facet normal 0 -1 0
    outer loop
      vertex -0.199219 -4.59999 17.1046
      vertex 0.199219 -4.59999 17.1046
      vertex 0.185163 -4.59999 17.1278
    endloop
  endfacet
  facet normal 0 -1 0
    outer loop
      vertex -0.21037 -4.59999 17.0798
      vertex 0.199219 -4.59999 17.1046
      vertex -0.199219 -4.59999 17.1046
    endloop
  endfacet
  facet normal 0 -1 0
    outer loop
      vertex -0.21037 -4.59999 17.0798
      vertex 0.21037 -4.59999 17.0798
      vertex 0.199219 -4.59999 17.1046
    endloop
  endfacet
  facet normal 0 -1 0
    outer loop
      vertex -0.218452 -4.59999 17.0538
      vertex 0.21037 -4.59999 17.0798
      vertex -0.21037 -4.59999 17.0798
    endloop
  endfacet
  facet normal 0 -1 0
    outer loop
      vertex -0.218452 -4.59999 17.0538
      vertex 0.218452 -4.59999 17.0538
      vertex 0.21037 -4.59999 17.0798
    endloop
  endfacet
  facet normal 0 -1 0
    outer loop
      vertex -0.22335 -4.59999 17.0271
      vertex 0.218452 -4.59999 17.0538
      vertex -0.218452 -4.59999 17.0538
    endloop
  endfacet
  facet normal 0 -1 0
    outer loop
      vertex -0.22335 -4.59999 17.0271
      vertex 0.22335 -4.59999 17.0271
      vertex 0.218452 -4.59999 17.0538
    endloop
  endfacet
  facet normal 0 -1 0
    outer loop
      vertex -0.224991 -4.59999 17
      vertex 0.22335 -4.59999 17.0271
      vertex -0.22335 -4.59999 17.0271
    endloop
  endfacet
  facet normal 0 -1 0
    outer loop
      vertex -0.224991 -4.59999 17
      vertex 0.224991 -4.59999 17
      vertex 0.22335 -4.59999 17.0271
    endloop
  endfacet
  facet normal 0 -1 0
    outer loop
      vertex -0.22335 -4.59999 16.9729
      vertex 0.224991 -4.59999 17
      vertex -0.224991 -4.59999 17
    endloop
  endfacet
  facet normal 0 -1 0
    outer loop
      vertex -0.22335 -4.59999 16.9729
      vertex 0.22335 -4.59999 16.9729
      vertex 0.224991 -4.59999 17
    endloop
  endfacet
  facet normal 0 -1 0
    outer loop
      vertex -0.218452 -4.59999 16.9462
      vertex 0.22335 -4.59999 16.9729
      vertex -0.22335 -4.59999 16.9729
    endloop
  endfacet
  facet normal 0 -1 0
    outer loop
      vertex -0.218452 -4.59999 16.9462
      vertex 0.218452 -4.59999 16.9462
      vertex 0.22335 -4.59999 16.9729
    endloop
  endfacet
  facet normal 0 -1 0
    outer loop
      vertex -0.21037 -4.59999 16.9202
      vertex 0.218452 -4.59999 16.9462
      vertex -0.218452 -4.59999 16.9462
    endloop
  endfacet
  facet normal 0 -1 0
    outer loop
      vertex -0.21037 -4.59999 16.9202
      vertex 0.21037 -4.59999 16.9202
      vertex 0.218452 -4.59999 16.9462
    endloop
  endfacet
  facet normal 0 -1 0
    outer loop
      vertex -0.199219 -4.59999 16.8954
      vertex 0.21037 -4.59999 16.9202
      vertex -0.21037 -4.59999 16.9202
    endloop
  endfacet
  facet normal 0 -1 0
    outer loop
      vertex -0.199219 -4.59999 16.8954
      vertex 0.199219 -4.59999 16.8954
      vertex 0.21037 -4.59999 16.9202
    endloop
  endfacet
  facet normal 0 -1 0
    outer loop
      vertex -0.185163 -4.59999 16.8722
      vertex 0.199219 -4.59999 16.8954
      vertex -0.199219 -4.59999 16.8954
    endloop
  endfacet
  facet normal 0 -1 0
    outer loop
      vertex -0.185163 -4.59999 16.8722
      vertex 0.185163 -4.59999 16.8722
      vertex 0.199219 -4.59999 16.8954
    endloop
  endfacet
  facet normal 0 -1 0
    outer loop
      vertex -0.168407 -4.59999 16.8508
      vertex 0.185163 -4.59999 16.8722
      vertex -0.185163 -4.59999 16.8722
    endloop
  endfacet
  facet normal 0 -1 0
    outer loop
      vertex -0.168407 -4.59999 16.8508
      vertex 0.168407 -4.59999 16.8508
      vertex 0.185163 -4.59999 16.8722
    endloop
  endfacet
  facet normal 0 -1 0
    outer loop
      vertex -0.149196 -4.59999 16.8316
      vertex 0.168407 -4.59999 16.8508
      vertex -0.168407 -4.59999 16.8508
    endloop
  endfacet
  facet normal 0 -1 0
    outer loop
      vertex -0.149196 -4.59999 16.8316
      vertex 0.149196 -4.59999 16.8316
      vertex 0.168407 -4.59999 16.8508
    endloop
  endfacet
  facet normal 0 -1 0
    outer loop
      vertex -0.127809 -4.59999 16.8148
      vertex 0.149196 -4.59999 16.8316
      vertex -0.149196 -4.59999 16.8316
    endloop
  endfacet
  facet normal 0 -1 0
    outer loop
      vertex -0.127809 -4.59999 16.8148
      vertex 0.127809 -4.59999 16.8148
      vertex 0.149196 -4.59999 16.8316
    endloop
  endfacet
  facet normal 0 -1 0
    outer loop
      vertex -0.104558 -4.59999 16.8008
      vertex 0.127809 -4.59999 16.8148
      vertex -0.127809 -4.59999 16.8148
    endloop
  endfacet
  facet normal 0 -1 0
    outer loop
      vertex -0.104558 -4.59999 16.8008
      vertex 0.104558 -4.59999 16.8008
      vertex 0.127809 -4.59999 16.8148
    endloop
  endfacet
  facet normal 0 -1 0
    outer loop
      vertex -0.0797825 -4.59999 16.7896
      vertex 0.104558 -4.59999 16.8008
      vertex -0.104558 -4.59999 16.8008
    endloop
  endfacet
  facet normal 0 -1 0
    outer loop
      vertex -0.0797825 -4.59999 16.7896
      vertex 0.0797825 -4.59999 16.7896
      vertex 0.104558 -4.59999 16.8008
    endloop
  endfacet
  facet normal 0 -1 0
    outer loop
      vertex -0.0538435 -4.59999 16.7815
      vertex 0.0797825 -4.59999 16.7896
      vertex -0.0797825 -4.59999 16.7896
    endloop
  endfacet
  facet normal 0 -1 0
    outer loop
      vertex -0.0538435 -4.59999 16.7815
      vertex 0.0538435 -4.59999 16.7815
      vertex 0.0797825 -4.59999 16.7896
    endloop
  endfacet
  facet normal 0 -1 0
    outer loop
      vertex -0.0271196 -4.59999 16.7766
      vertex 0.0538435 -4.59999 16.7815
      vertex -0.0538435 -4.59999 16.7815
    endloop
  endfacet
  facet normal 0 -1 0
    outer loop
      vertex -0.0271196 -4.59999 16.7766
      vertex 0.0271196 -4.59999 16.7766
      vertex 0.0538435 -4.59999 16.7815
    endloop
  endfacet
  facet normal -0 -1 0
    outer loop
      vertex 0.0271196 -4.59999 16.7766
      vertex -0.0271196 -4.59999 16.7766
      vertex 0 -4.59999 16.775
    endloop
  endfacet
  facet normal 0.382287 -0.921385 0.0700404
    outer loop
      vertex 1.60205 -4 17.3949
      vertex 0.218452 -4.59999 17.0538
      vertex 1.63796 -4 17.1989
    endloop
  endfacet
  facet normal -0.27475 -0.921378 -0.274908
    outer loop
      vertex -1.23504 -4 15.9059
      vertex -0.149196 -4.59999 16.8316
      vertex -0.168407 -4.59999 16.8508
    endloop
  endfacet
  facet normal -0.274833 -0.921382 -0.274813
    outer loop
      vertex -0.149196 -4.59999 16.8316
      vertex -1.23504 -4 15.9059
      vertex -1.09415 -4 15.765
    endloop
  endfacet
  facet normal 0.306019 -0.921379 -0.23961
    outer loop
      vertex 0.185163 -4.59999 16.8722
      vertex 0.168407 -4.59999 16.8508
      vertex 1.23504 -4 15.9059
    endloop
  endfacet
  facet normal -0.0228882 -0.921396 -0.38795
    outer loop
      vertex 0 -4.59999 16.775
      vertex -0.0271196 -4.59999 16.7766
      vertex 0 -4 15.35
    endloop
  endfacet
  facet normal 0.387941 -0.921385 0.0234912
    outer loop
      vertex 1.63796 -4 17.1989
      vertex 0.22335 -4.59999 17.0271
      vertex 0.224991 -4.59999 17
    endloop
  endfacet
  facet normal -0.0228919 -0.92137 0.388011
    outer loop
      vertex 0 -4.59999 17.225
      vertex -0.198884 -4 18.638
      vertex -0.0271196 -4.59999 17.2234
    endloop
  endfacet
  facet normal -0.0700944 -0.921382 0.382285
    outer loop
      vertex -0.0271196 -4.59999 17.2234
      vertex -0.198884 -4 18.638
      vertex -0.0538435 -4.59999 17.2185
    endloop
  endfacet
  facet normal -0.332592 -0.921385 -0.201077
    outer loop
      vertex -0.185163 -4.59999 16.8722
      vertex -1.461 -4 16.2332
      vertex -1.35792 -4 16.0627
    endloop
  endfacet
  facet normal -0.16008 -0.9214 -0.354114
    outer loop
      vertex -0.104558 -4.59999 16.8008
      vertex -0.76679 -4 15.539
      vertex -0.0797825 -4.59999 16.7896
    endloop
  endfacet
  facet normal 0.24007 -0.921393 0.305617
    outer loop
      vertex 1.09415 -4 18.235
      vertex 0.127809 -4.59999 17.1852
      vertex 0.149196 -4.59999 17.1684
    endloop
  endfacet
  facet normal 0.371117 -0.921392 0.11536
    outer loop
      vertex 1.60205 -4 17.3949
      vertex 0.21037 -4.59999 17.0798
      vertex 0.218452 -4.59999 17.0538
    endloop
  endfacet
  facet normal -0.332424 -0.921375 -0.201403
    outer loop
      vertex -0.199219 -4.59999 16.8954
      vertex -1.461 -4 16.2332
      vertex -0.185163 -4.59999 16.8722
    endloop
  endfacet
  facet normal 0.239719 -0.921379 0.305933
    outer loop
      vertex 0.937303 -4 18.3579
      vertex 0.127809 -4.59999 17.1852
      vertex 1.09415 -4 18.235
    endloop
  endfacet
  facet normal 0.2011 -0.92138 0.332591
    outer loop
      vertex 0.76679 -4 18.461
      vertex 0.127809 -4.59999 17.1852
      vertex 0.937303 -4 18.3579
    endloop
  endfacet
  facet normal 0.382287 -0.921385 -0.0700404
    outer loop
      vertex 1.63796 -4 16.8011
      vertex 0.218452 -4.59999 16.9462
      vertex 1.60205 -4 16.6051
    endloop
  endfacet
  facet normal 0.274833 -0.921382 0.274813
    outer loop
      vertex 0.149196 -4.59999 17.1684
      vertex 1.23504 -4 18.0941
      vertex 1.09415 -4 18.235
    endloop
  endfacet
  facet normal 0.27475 -0.921378 0.274908
    outer loop
      vertex 1.23504 -4 18.0941
      vertex 0.149196 -4.59999 17.1684
      vertex 0.168407 -4.59999 17.1492
    endloop
  endfacet
  facet normal 0.332424 -0.921375 0.201403
    outer loop
      vertex 1.461 -4 17.7668
      vertex 0.185163 -4.59999 17.1278
      vertex 0.199219 -4.59999 17.1046
    endloop
  endfacet
  facet normal 0.371049 -0.921384 0.115646
    outer loop
      vertex 1.54277 -4 17.5851
      vertex 0.21037 -4.59999 17.0798
      vertex 1.60205 -4 17.3949
    endloop
  endfacet
  facet normal 0.332424 -0.921375 -0.201403
    outer loop
      vertex 0.199219 -4.59999 16.8954
      vertex 0.185163 -4.59999 16.8722
      vertex 1.461 -4 16.2332
    endloop
  endfacet
  facet normal 0.382277 -0.921383 0.0701271
    outer loop
      vertex 1.63796 -4 17.1989
      vertex 0.218452 -4.59999 17.0538
      vertex 0.22335 -4.59999 17.0271
    endloop
  endfacet
  facet normal 0.387945 -0.921384 0.0234639
    outer loop
      vertex 1.63796 -4 17.1989
      vertex 0.224991 -4.59999 17
      vertex 1.64999 -4 17
    endloop
  endfacet
  facet normal 0.306019 -0.921379 0.23961
    outer loop
      vertex 1.23504 -4 18.0941
      vertex 0.168407 -4.59999 17.1492
      vertex 0.185163 -4.59999 17.1278
    endloop
  endfacet
  facet normal 0.354418 -0.921384 -0.159498
    outer loop
      vertex 1.54277 -4 16.4149
      vertex 0.21037 -4.59999 16.9202
      vertex 1.461 -4 16.2332
    endloop
  endfacet
  facet normal 0.16008 -0.9214 0.354114
    outer loop
      vertex 0.76679 -4 18.461
      vertex 0.0797825 -4.59999 17.2104
      vertex 0.104558 -4.59999 17.1992
    endloop
  endfacet
  facet normal 0.24007 -0.921393 -0.305617
    outer loop
      vertex 0.149196 -4.59999 16.8316
      vertex 0.127809 -4.59999 16.8148
      vertex 1.09415 -4 15.765
    endloop
  endfacet
  facet normal 0.20046 -0.921401 -0.332921
    outer loop
      vertex 0.127809 -4.59999 16.8148
      vertex 0.104558 -4.59999 16.8008
      vertex 0.76679 -4 15.539
    endloop
  endfacet
  facet normal 0.354418 -0.921384 0.159498
    outer loop
      vertex 1.461 -4 17.7668
      vertex 0.21037 -4.59999 17.0798
      vertex 1.54277 -4 17.5851
    endloop
  endfacet
  facet normal 0.115491 -0.921381 0.371105
    outer loop
      vertex 0.394869 -4 18.602
      vertex 0.0797825 -4.59999 17.2104
      vertex 0.585095 -4 18.5428
    endloop
  endfacet
  facet normal 0.115858 -0.92137 0.371017
    outer loop
      vertex 0.394869 -4 18.602
      vertex 0.0538435 -4.59999 17.2185
      vertex 0.0797825 -4.59999 17.2104
    endloop
  endfacet
  facet normal 0.20046 -0.921401 0.332921
    outer loop
      vertex 0.76679 -4 18.461
      vertex 0.104558 -4.59999 17.1992
      vertex 0.127809 -4.59999 17.1852
    endloop
  endfacet
  facet normal 0.261466 0 0.965213
    outer loop
      vertex -9.87975 -1.7 4.13189
      vertex -9.68827 -3.09999 4.08002
      vertex -9.68827 -1.7 4.08002
    endloop
  endfacet
  facet normal 0.261466 0 0.965213
    outer loop
      vertex -9.68827 -3.09999 4.08002
      vertex -9.87975 -1.7 4.13189
      vertex -9.87975 -3.09999 4.13189
    endloop
  endfacet
  facet normal 0.386598 0 0.922248
    outer loop
      vertex -10.2503 -1.7 4.27298
      vertex -10.0674 -3.09999 4.19631
      vertex -10.0674 -1.7 4.19631
    endloop
  endfacet
  facet normal 0.386598 0 0.922248
    outer loop
      vertex -10.0674 -3.09999 4.19631
      vertex -10.2503 -1.7 4.27298
      vertex -10.2503 -3.09999 4.27298
    endloop
  endfacet
  facet normal -0.0660841 0 0.997814
    outer loop
      vertex 9.09919 -1.7 4.00164
      vertex 9.29714 -3.09999 4.01475
      vertex 9.29714 -1.7 4.01475
    endloop
  endfacet
  facet normal -0.0660841 0 0.997814
    outer loop
      vertex 9.29714 -3.09999 4.01475
      vertex 9.09919 -1.7 4.00164
      vertex 9.09919 -3.09999 4.00164
    endloop
  endfacet
  facet normal -0.614342 0 0.78904
    outer loop
      vertex 10.7634 -1.7 4.57295
      vertex 10.9199 -3.09999 4.6948
      vertex 10.9199 -1.7 4.6948
    endloop
  endfacet
  facet normal -0.614342 0 0.78904
    outer loop
      vertex 10.9199 -3.09999 4.6948
      vertex 10.7634 -1.7 4.57295
      vertex 10.7634 -3.09999 4.57295
    endloop
  endfacet
  facet normal -0 0 1
    outer loop
      vertex -9.09919 -1.7 4.00164
      vertex 9.09919 -3.09999 4.00164
      vertex 9.09919 -1.7 4.00164
    endloop
  endfacet
  facet normal 0 0 1
    outer loop
      vertex 9.09919 -3.09999 4.00164
      vertex -9.09919 -1.7 4.00164
      vertex -9.09919 -3.09999 4.00164
    endloop
  endfacet
  facet normal -0.998779 0 0.0493996
    outer loop
      vertex 11.9898 -3.09999 6.75226
      vertex 11.9996 -1.7 6.9504
      vertex 11.9898 -1.7 6.75226
    endloop
  endfacet
  facet normal -0.998779 0 0.0493996
    outer loop
      vertex 11.9996 -1.7 6.9504
      vertex 11.9898 -3.09999 6.75226
      vertex 11.9996 -3.09999 6.9504
    endloop
  endfacet
  facet normal -0.131923 0 0.99126
    outer loop
      vertex 9.29714 -1.7 4.01475
      vertex 9.49378 -3.09999 4.04092
      vertex 9.49378 -1.7 4.04092
    endloop
  endfacet
  facet normal -0.131923 0 0.99126
    outer loop
      vertex 9.49378 -3.09999 4.04092
      vertex 9.29714 -1.7 4.01475
      vertex 9.29714 -3.09999 4.01475
    endloop
  endfacet
  facet normal 1 0 0
    outer loop
      vertex -12 -3.09999 29.5958
      vertex -12 -1.7 29.5958
      vertex -12 -2.38267 29.99
    endloop
  endfacet
  facet normal 1 0 0
    outer loop
      vertex -12 -3.09999 29.5958
      vertex -12 -2.38267 29.99
      vertex -12 -2.41731 29.99
    endloop
  endfacet
  facet normal 1 0 1.76636e-05
    outer loop
      vertex -12 -1.7 29.5958
      vertex -12 -3.09999 29.5958
      vertex -11.9996 -1.7 6.9504
    endloop
  endfacet
  facet normal 1 0 1.76636e-05
    outer loop
      vertex -11.9996 -1.7 6.9504
      vertex -12 -3.09999 29.5958
      vertex -11.9996 -3.09999 6.9504
    endloop
  endfacet
  facet normal -0.324698 0 0.945818
    outer loop
      vertex 9.87975 -1.7 4.13189
      vertex 10.0674 -3.09999 4.19631
      vertex 10.0674 -1.7 4.19631
    endloop
  endfacet
  facet normal -0.324698 0 0.945818
    outer loop
      vertex 10.0674 -3.09999 4.19631
      vertex 9.87975 -1.7 4.13189
      vertex 9.87975 -3.09999 4.13189
    endloop
  endfacet
  facet normal 0.0660841 0 0.997814
    outer loop
      vertex -9.29714 -1.7 4.01475
      vertex -9.09919 -3.09999 4.00164
      vertex -9.09919 -1.7 4.00164
    endloop
  endfacet
  facet normal 0.0660841 0 0.997814
    outer loop
      vertex -9.09919 -3.09999 4.00164
      vertex -9.29714 -1.7 4.01475
      vertex -9.29714 -3.09999 4.01475
    endloop
  endfacet
  facet normal -0.928449 0 0.37146
    outer loop
      vertex 11.7473 -3.09999 5.79491
      vertex 11.821 -1.7 5.97912
      vertex 11.7473 -1.7 5.79491
    endloop
  endfacet
  facet normal -0.928449 0 0.37146
    outer loop
      vertex 11.821 -1.7 5.97912
      vertex 11.7473 -3.09999 5.79491
      vertex 11.821 -3.09999 5.97912
    endloop
  endfacet
  facet normal 0.504642 0 0.863329
    outer loop
      vertex -10.5991 -1.7 4.46171
      vertex -10.4278 -3.09999 4.36158
      vertex -10.4278 -1.7 4.36158
    endloop
  endfacet
  facet normal 0.504642 0 0.863329
    outer loop
      vertex -10.4278 -3.09999 4.36158
      vertex -10.5991 -1.7 4.46171
      vertex -10.5991 -3.09999 4.46171
    endloop
  endfacet
  facet normal 0.998779 -0 0.0493996
    outer loop
      vertex -11.9996 -3.09999 6.9504
      vertex -11.9898 -1.7 6.75226
      vertex -11.9996 -1.7 6.9504
    endloop
  endfacet
  facet normal 0.998779 0 0.0493996
    outer loop
      vertex -11.9898 -1.7 6.75226
      vertex -11.9996 -3.09999 6.9504
      vertex -11.9898 -3.09999 6.75226
    endloop
  endfacet
  facet normal -0.712955 0 0.70121
    outer loop
      vertex 11.0681 -3.09999 4.82673
      vertex 11.2072 -1.7 4.96816
      vertex 11.0681 -1.7 4.82673
    endloop
  endfacet
  facet normal -0.712955 0 0.70121
    outer loop
      vertex 11.2072 -1.7 4.96816
      vertex 11.0681 -3.09999 4.82673
      vertex 11.2072 -3.09999 4.96816
    endloop
  endfacet
  facet normal 0.446609 0 0.894729
    outer loop
      vertex -10.4278 -1.7 4.36158
      vertex -10.2503 -3.09999 4.27298
      vertex -10.2503 -1.7 4.27298
    endloop
  endfacet
  facet normal 0.446609 0 0.894729
    outer loop
      vertex -10.2503 -3.09999 4.27298
      vertex -10.4278 -1.7 4.36158
      vertex -10.4278 -3.09999 4.36158
    endloop
  endfacet
  facet normal -1 0 -0
    outer loop
      vertex 12 -2.39999 30
      vertex 12 -2.38267 29.99
      vertex 12 -2.41731 29.99
    endloop
  endfacet
  facet normal -0.799043 0 0.601273
    outer loop
      vertex 11.3366 -3.09999 5.11847
      vertex 11.4559 -1.7 5.27701
      vertex 11.3366 -1.7 5.11847
    endloop
  endfacet
  facet normal -0.799043 0 0.601273
    outer loop
      vertex 11.4559 -1.7 5.27701
      vertex 11.3366 -3.09999 5.11847
      vertex 11.4559 -3.09999 5.27701
    endloop
  endfacet
  facet normal 0.131923 0 0.99126
    outer loop
      vertex -9.49378 -1.7 4.04092
      vertex -9.29714 -3.09999 4.01475
      vertex -9.29714 -1.7 4.01475
    endloop
  endfacet
  facet normal 0.131923 0 0.99126
    outer loop
      vertex -9.29714 -3.09999 4.01475
      vertex -9.49378 -1.7 4.04092
      vertex -9.49378 -3.09999 4.04092
    endloop
  endfacet
  facet normal -1 0 1.76636e-05
    outer loop
      vertex 12 -3.09999 29.5958
      vertex 12 -1.7 29.5958
      vertex 11.9996 -1.7 6.9504
    endloop
  endfacet
  facet normal -1 0 0
    outer loop
      vertex 12 -1.7 29.5958
      vertex 12 -3.09999 29.5958
      vertex 12 -2.38267 29.99
    endloop
  endfacet
  facet normal -1 0 1.76636e-05
    outer loop
      vertex 12 -3.09999 29.5958
      vertex 11.9996 -1.7 6.9504
      vertex 11.9996 -3.09999 6.9504
    endloop
  endfacet
  facet normal -1 -0 0
    outer loop
      vertex 12 -2.38267 29.99
      vertex 12 -3.09999 29.5958
      vertex 12 -2.41731 29.99
    endloop
  endfacet
  facet normal 0.324698 0 0.945818
    outer loop
      vertex -10.0674 -1.7 4.19631
      vertex -9.87975 -3.09999 4.13189
      vertex -9.87975 -1.7 4.13189
    endloop
  endfacet
  facet normal 0.324698 0 0.945818
    outer loop
      vertex -9.87975 -3.09999 4.13189
      vertex -10.0674 -1.7 4.19631
      vertex -10.0674 -3.09999 4.19631
    endloop
  endfacet
  facet normal 0.993257 -0 0.115935
    outer loop
      vertex -11.9898 -3.09999 6.75226
      vertex -11.9668 -1.7 6.55521
      vertex -11.9898 -1.7 6.75226
    endloop
  endfacet
  facet normal 0.993257 0 0.115935
    outer loop
      vertex -11.9668 -1.7 6.55521
      vertex -11.9898 -3.09999 6.75226
      vertex -11.9668 -3.09999 6.55521
    endloop
  endfacet
  facet normal 0.614342 0 0.78904
    outer loop
      vertex -10.9199 -1.7 4.6948
      vertex -10.7634 -3.09999 4.57295
      vertex -10.7634 -1.7 4.57295
    endloop
  endfacet
  facet normal 0.614342 0 0.78904
    outer loop
      vertex -10.7634 -3.09999 4.57295
      vertex -10.9199 -1.7 4.6948
      vertex -10.9199 -3.09999 4.6948
    endloop
  endfacet
  facet normal -0.757853 0 0.652426
    outer loop
      vertex 11.2072 -3.09999 4.96816
      vertex 11.3366 -1.7 5.11847
      vertex 11.2072 -1.7 4.96816
    endloop
  endfacet
  facet normal -0.757853 0 0.652426
    outer loop
      vertex 11.3366 -1.7 5.11847
      vertex 11.2072 -3.09999 4.96816
      vertex 11.3366 -3.09999 5.11847
    endloop
  endfacet
  facet normal -0.98358 0 0.180473
    outer loop
      vertex 11.931 -3.09999 6.3601
      vertex 11.9668 -1.7 6.55521
      vertex 11.931 -1.7 6.3601
    endloop
  endfacet
  facet normal -0.98358 0 0.180473
    outer loop
      vertex 11.9668 -1.7 6.55521
      vertex 11.931 -3.09999 6.3601
      vertex 11.9668 -3.09999 6.55521
    endloop
  endfacet
  facet normal 0.560641 0 0.828059
    outer loop
      vertex -10.7634 -1.7 4.57295
      vertex -10.5991 -3.09999 4.46171
      vertex -10.5991 -1.7 4.46171
    endloop
  endfacet
  facet normal 0.560641 0 0.828059
    outer loop
      vertex -10.5991 -3.09999 4.46171
      vertex -10.7634 -1.7 4.57295
      vertex -10.7634 -3.09999 4.57295
    endloop
  endfacet
  facet normal -0.197095 0 0.980384
    outer loop
      vertex 9.49378 -1.7 4.04092
      vertex 9.68827 -3.09999 4.08002
      vertex 9.68827 -1.7 4.08002
    endloop
  endfacet
  facet normal -0.197095 0 0.980384
    outer loop
      vertex 9.68827 -3.09999 4.08002
      vertex 9.49378 -1.7 4.04092
      vertex 9.49378 -3.09999 4.04092
    endloop
  endfacet
  facet normal -0.664917 0 0.746917
    outer loop
      vertex 10.9199 -1.7 4.6948
      vertex 11.0681 -3.09999 4.82673
      vertex 11.0681 -1.7 4.82673
    endloop
  endfacet
  facet normal -0.664917 0 0.746917
    outer loop
      vertex 11.0681 -3.09999 4.82673
      vertex 10.9199 -1.7 4.6948
      vertex 10.9199 -3.09999 4.6948
    endloop
  endfacet
  facet normal 0.902086 -0 0.431557
    outer loop
      vertex -11.7473 -3.09999 5.79491
      vertex -11.6617 -1.7 5.61598
      vertex -11.7473 -1.7 5.79491
    endloop
  endfacet
  facet normal 0.902086 0 0.431557
    outer loop
      vertex -11.6617 -1.7 5.61598
      vertex -11.7473 -3.09999 5.79491
      vertex -11.6617 -3.09999 5.61598
    endloop
  endfacet
  facet normal -0.560641 0 0.828059
    outer loop
      vertex 10.5991 -1.7 4.46171
      vertex 10.7634 -3.09999 4.57295
      vertex 10.7634 -1.7 4.57295
    endloop
  endfacet
  facet normal -0.560641 0 0.828059
    outer loop
      vertex 10.7634 -3.09999 4.57295
      vertex 10.5991 -1.7 4.46171
      vertex 10.5991 -3.09999 4.46171
    endloop
  endfacet
  facet normal 1 0 0
    outer loop
      vertex -12 -2.38267 29.99
      vertex -12 -2.39999 30
      vertex -12 -2.41731 29.99
    endloop
  endfacet
  facet normal 0.664917 0 0.746917
    outer loop
      vertex -11.0681 -1.7 4.82673
      vertex -10.9199 -3.09999 4.6948
      vertex -10.9199 -1.7 4.6948
    endloop
  endfacet
  facet normal 0.664917 0 0.746917
    outer loop
      vertex -10.9199 -3.09999 4.6948
      vertex -11.0681 -1.7 4.82673
      vertex -11.0681 -3.09999 4.82673
    endloop
  endfacet
  facet normal 0.837179 -0 0.546929
    outer loop
      vertex -11.5644 -3.09999 5.44309
      vertex -11.4559 -1.7 5.27701
      vertex -11.5644 -1.7 5.44309
    endloop
  endfacet
  facet normal 0.837179 0 0.546929
    outer loop
      vertex -11.4559 -1.7 5.27701
      vertex -11.5644 -3.09999 5.44309
      vertex -11.4559 -3.09999 5.27701
    endloop
  endfacet
  facet normal -0.504642 0 0.863329
    outer loop
      vertex 10.4278 -1.7 4.36158
      vertex 10.5991 -3.09999 4.46171
      vertex 10.5991 -1.7 4.46171
    endloop
  endfacet
  facet normal -0.504642 0 0.863329
    outer loop
      vertex 10.5991 -3.09999 4.46171
      vertex 10.4278 -1.7 4.36158
      vertex 10.4278 -3.09999 4.36158
    endloop
  endfacet
  facet normal 0.9694 -0 0.245488
    outer loop
      vertex -11.931 -3.09999 6.3601
      vertex -11.8823 -1.7 6.16779
      vertex -11.931 -1.7 6.3601
    endloop
  endfacet
  facet normal 0.9694 0 0.245488
    outer loop
      vertex -11.8823 -1.7 6.16779
      vertex -11.931 -3.09999 6.3601
      vertex -11.8823 -3.09999 6.16779
    endloop
  endfacet
  facet normal -0.261466 0 0.965213
    outer loop
      vertex 9.68827 -1.7 4.08002
      vertex 9.87975 -3.09999 4.13189
      vertex 9.87975 -1.7 4.13189
    endloop
  endfacet
  facet normal -0.261466 0 0.965213
    outer loop
      vertex 9.87975 -3.09999 4.13189
      vertex 9.68827 -1.7 4.08002
      vertex 9.68827 -3.09999 4.08002
    endloop
  endfacet
  facet normal 0.98358 -0 0.180473
    outer loop
      vertex -11.9668 -3.09999 6.55521
      vertex -11.931 -1.7 6.3601
      vertex -11.9668 -1.7 6.55521
    endloop
  endfacet
  facet normal 0.98358 0 0.180473
    outer loop
      vertex -11.931 -1.7 6.3601
      vertex -11.9668 -3.09999 6.55521
      vertex -11.931 -3.09999 6.3601
    endloop
  endfacet
  facet normal 0.871469 -0 0.49045
    outer loop
      vertex -11.6617 -3.09999 5.61598
      vertex -11.5644 -1.7 5.44309
      vertex -11.6617 -1.7 5.61598
    endloop
  endfacet
  facet normal 0.871469 0 0.49045
    outer loop
      vertex -11.5644 -1.7 5.44309
      vertex -11.6617 -3.09999 5.61598
      vertex -11.5644 -3.09999 5.44309
    endloop
  endfacet
  facet normal 0.799043 -0 0.601273
    outer loop
      vertex -11.4559 -3.09999 5.27701
      vertex -11.3366 -1.7 5.11847
      vertex -11.4559 -1.7 5.27701
    endloop
  endfacet
  facet normal 0.799043 0 0.601273
    outer loop
      vertex -11.3366 -1.7 5.11847
      vertex -11.4559 -3.09999 5.27701
      vertex -11.3366 -3.09999 5.11847
    endloop
  endfacet
  facet normal 0.197095 0 0.980384
    outer loop
      vertex -9.68827 -1.7 4.08002
      vertex -9.49378 -3.09999 4.04092
      vertex -9.49378 -1.7 4.04092
    endloop
  endfacet
  facet normal 0.197095 0 0.980384
    outer loop
      vertex -9.49378 -3.09999 4.04092
      vertex -9.68827 -1.7 4.08002
      vertex -9.68827 -3.09999 4.08002
    endloop
  endfacet
  facet normal -0.95106 0 0.309005
    outer loop
      vertex 11.821 -3.09999 5.97912
      vertex 11.8823 -1.7 6.16779
      vertex 11.821 -1.7 5.97912
    endloop
  endfacet
  facet normal -0.95106 0 0.309005
    outer loop
      vertex 11.8823 -1.7 6.16779
      vertex 11.821 -3.09999 5.97912
      vertex 11.8823 -3.09999 6.16779
    endloop
  endfacet
  facet normal -0.993257 0 0.115935
    outer loop
      vertex 11.9668 -3.09999 6.55521
      vertex 11.9898 -1.7 6.75226
      vertex 11.9668 -1.7 6.55521
    endloop
  endfacet
  facet normal -0.993257 0 0.115935
    outer loop
      vertex 11.9898 -1.7 6.75226
      vertex 11.9668 -3.09999 6.55521
      vertex 11.9898 -3.09999 6.75226
    endloop
  endfacet
  facet normal 0.928449 -0 0.37146
    outer loop
      vertex -11.821 -3.09999 5.97912
      vertex -11.7473 -1.7 5.79491
      vertex -11.821 -1.7 5.97912
    endloop
  endfacet
  facet normal 0.928449 0 0.37146
    outer loop
      vertex -11.7473 -1.7 5.79491
      vertex -11.821 -3.09999 5.97912
      vertex -11.7473 -3.09999 5.79491
    endloop
  endfacet
  facet normal -0.902086 0 0.431557
    outer loop
      vertex 11.6617 -3.09999 5.61598
      vertex 11.7473 -1.7 5.79491
      vertex 11.6617 -1.7 5.61598
    endloop
  endfacet
  facet normal -0.902086 0 0.431557
    outer loop
      vertex 11.7473 -1.7 5.79491
      vertex 11.6617 -3.09999 5.61598
      vertex 11.7473 -3.09999 5.79491
    endloop
  endfacet
  facet normal 0.95106 -0 0.309005
    outer loop
      vertex -11.8823 -3.09999 6.16779
      vertex -11.821 -1.7 5.97912
      vertex -11.8823 -1.7 6.16779
    endloop
  endfacet
  facet normal 0.95106 0 0.309005
    outer loop
      vertex -11.821 -1.7 5.97912
      vertex -11.8823 -3.09999 6.16779
      vertex -11.821 -3.09999 5.97912
    endloop
  endfacet
  facet normal -0.837179 0 0.546929
    outer loop
      vertex 11.4559 -3.09999 5.27701
      vertex 11.5644 -1.7 5.44309
      vertex 11.4559 -1.7 5.27701
    endloop
  endfacet
  facet normal -0.837179 0 0.546929
    outer loop
      vertex 11.5644 -1.7 5.44309
      vertex 11.4559 -3.09999 5.27701
      vertex 11.5644 -3.09999 5.44309
    endloop
  endfacet
  facet normal 0 -1 0
    outer loop
      vertex -11.9996 -1.7 6.9504
      vertex 12 -1.7 29.5958
      vertex -12 -1.7 29.5958
    endloop
  endfacet
  facet normal 0 -1 0
    outer loop
      vertex -11.9996 -1.7 6.9504
      vertex 11.9996 -1.7 6.9504
      vertex 12 -1.7 29.5958
    endloop
  endfacet
  facet normal 0 -1 0
    outer loop
      vertex -9.09919 -1.7 4.00164
      vertex -11.9996 -1.7 6.9504
      vertex -11.9898 -1.7 6.75226
    endloop
  endfacet
  facet normal 0 -1 0
    outer loop
      vertex -11.9996 -1.7 6.9504
      vertex -9.09919 -1.7 4.00164
      vertex 11.9996 -1.7 6.9504
    endloop
  endfacet
  facet normal 0 -1 0
    outer loop
      vertex -9.09919 -1.7 4.00164
      vertex -11.9898 -1.7 6.75226
      vertex -11.9668 -1.7 6.55521
    endloop
  endfacet
  facet normal 0 -1 0
    outer loop
      vertex 9.09919 -1.7 4.00164
      vertex 11.9996 -1.7 6.9504
      vertex -9.09919 -1.7 4.00164
    endloop
  endfacet
  facet normal 0 -1 0
    outer loop
      vertex -9.09919 -1.7 4.00164
      vertex -11.9668 -1.7 6.55521
      vertex -11.931 -1.7 6.3601
    endloop
  endfacet
  facet normal 0 -1 0
    outer loop
      vertex 11.9996 -1.7 6.9504
      vertex 9.09919 -1.7 4.00164
      vertex 11.9898 -1.7 6.75226
    endloop
  endfacet
  facet normal 0 -1 0
    outer loop
      vertex -9.09919 -1.7 4.00164
      vertex -11.931 -1.7 6.3601
      vertex -11.8823 -1.7 6.16779
    endloop
  endfacet
  facet normal 0 -1 0
    outer loop
      vertex 11.9898 -1.7 6.75226
      vertex 9.09919 -1.7 4.00164
      vertex 11.9668 -1.7 6.55521
    endloop
  endfacet
  facet normal 0 -1 0
    outer loop
      vertex -9.09919 -1.7 4.00164
      vertex -11.8823 -1.7 6.16779
      vertex -11.821 -1.7 5.97912
    endloop
  endfacet
  facet normal 0 -1 0
    outer loop
      vertex 11.9668 -1.7 6.55521
      vertex 9.09919 -1.7 4.00164
      vertex 11.931 -1.7 6.3601
    endloop
  endfacet
  facet normal 0 -1 0
    outer loop
      vertex -9.09919 -1.7 4.00164
      vertex -11.821 -1.7 5.97912
      vertex -11.7473 -1.7 5.79491
    endloop
  endfacet
  facet normal 0 -1 0
    outer loop
      vertex 11.931 -1.7 6.3601
      vertex 9.09919 -1.7 4.00164
      vertex 11.8823 -1.7 6.16779
    endloop
  endfacet
  facet normal 0 -1 0
    outer loop
      vertex -9.09919 -1.7 4.00164
      vertex -11.7473 -1.7 5.79491
      vertex -11.6617 -1.7 5.61598
    endloop
  endfacet
  facet normal 0 -1 0
    outer loop
      vertex 11.8823 -1.7 6.16779
      vertex 9.09919 -1.7 4.00164
      vertex 11.821 -1.7 5.97912
    endloop
  endfacet
  facet normal 0 -1 0
    outer loop
      vertex -9.09919 -1.7 4.00164
      vertex -11.6617 -1.7 5.61598
      vertex -11.5644 -1.7 5.44309
    endloop
  endfacet
  facet normal 0 -1 0
    outer loop
      vertex 11.821 -1.7 5.97912
      vertex 9.09919 -1.7 4.00164
      vertex 11.7473 -1.7 5.79491
    endloop
  endfacet
  facet normal 0 -1 0
    outer loop
      vertex -9.09919 -1.7 4.00164
      vertex -11.5644 -1.7 5.44309
      vertex -11.4559 -1.7 5.27701
    endloop
  endfacet
  facet normal 0 -1 0
    outer loop
      vertex 11.7473 -1.7 5.79491
      vertex 9.09919 -1.7 4.00164
      vertex 11.6617 -1.7 5.61598
    endloop
  endfacet
  facet normal 0 -1 0
    outer loop
      vertex -9.09919 -1.7 4.00164
      vertex -11.4559 -1.7 5.27701
      vertex -11.3366 -1.7 5.11847
    endloop
  endfacet
  facet normal 0 -1 0
    outer loop
      vertex 11.6617 -1.7 5.61598
      vertex 9.09919 -1.7 4.00164
      vertex 11.5644 -1.7 5.44309
    endloop
  endfacet
  facet normal 0 -1 0
    outer loop
      vertex -9.09919 -1.7 4.00164
      vertex -11.3366 -1.7 5.11847
      vertex -11.2072 -1.7 4.96816
    endloop
  endfacet
  facet normal 0 -1 0
    outer loop
      vertex 11.5644 -1.7 5.44309
      vertex 9.09919 -1.7 4.00164
      vertex 11.4559 -1.7 5.27701
    endloop
  endfacet
  facet normal 0 -1 0
    outer loop
      vertex -9.09919 -1.7 4.00164
      vertex -11.2072 -1.7 4.96816
      vertex -11.0681 -1.7 4.82673
    endloop
  endfacet
  facet normal 0 -1 0
    outer loop
      vertex 11.4559 -1.7 5.27701
      vertex 9.09919 -1.7 4.00164
      vertex 11.3366 -1.7 5.11847
    endloop
  endfacet
  facet normal 0 -1 0
    outer loop
      vertex -9.09919 -1.7 4.00164
      vertex -11.0681 -1.7 4.82673
      vertex -10.9199 -1.7 4.6948
    endloop
  endfacet
  facet normal 0 -1 0
    outer loop
      vertex 11.3366 -1.7 5.11847
      vertex 9.09919 -1.7 4.00164
      vertex 11.2072 -1.7 4.96816
    endloop
  endfacet
  facet normal 0 -1 0
    outer loop
      vertex -9.09919 -1.7 4.00164
      vertex -10.9199 -1.7 4.6948
      vertex -10.7634 -1.7 4.57295
    endloop
  endfacet
  facet normal 0 -1 0
    outer loop
      vertex 11.2072 -1.7 4.96816
      vertex 9.09919 -1.7 4.00164
      vertex 11.0681 -1.7 4.82673
    endloop
  endfacet
  facet normal 0 -1 0
    outer loop
      vertex -9.09919 -1.7 4.00164
      vertex -10.7634 -1.7 4.57295
      vertex -10.5991 -1.7 4.46171
    endloop
  endfacet
  facet normal 0 -1 0
    outer loop
      vertex 11.0681 -1.7 4.82673
      vertex 9.09919 -1.7 4.00164
      vertex 10.9199 -1.7 4.6948
    endloop
  endfacet
  facet normal 0 -1 0
    outer loop
      vertex -9.09919 -1.7 4.00164
      vertex -10.5991 -1.7 4.46171
      vertex -10.4278 -1.7 4.36158
    endloop
  endfacet
  facet normal 0 -1 0
    outer loop
      vertex 10.9199 -1.7 4.6948
      vertex 9.09919 -1.7 4.00164
      vertex 10.7634 -1.7 4.57295
    endloop
  endfacet
  facet normal 0 -1 0
    outer loop
      vertex -9.09919 -1.7 4.00164
      vertex -10.4278 -1.7 4.36158
      vertex -10.2503 -1.7 4.27298
    endloop
  endfacet
  facet normal 0 -1 0
    outer loop
      vertex 10.7634 -1.7 4.57295
      vertex 9.09919 -1.7 4.00164
      vertex 10.5991 -1.7 4.46171
    endloop
  endfacet
  facet normal 0 -1 0
    outer loop
      vertex -9.09919 -1.7 4.00164
      vertex -10.2503 -1.7 4.27298
      vertex -10.0674 -1.7 4.19631
    endloop
  endfacet
  facet normal 0 -1 0
    outer loop
      vertex 10.5991 -1.7 4.46171
      vertex 9.09919 -1.7 4.00164
      vertex 10.4278 -1.7 4.36158
    endloop
  endfacet
  facet normal 0 -1 0
    outer loop
      vertex -9.09919 -1.7 4.00164
      vertex -10.0674 -1.7 4.19631
      vertex -9.87975 -1.7 4.13189
    endloop
  endfacet
  facet normal 0 -1 0
    outer loop
      vertex 10.4278 -1.7 4.36158
      vertex 9.09919 -1.7 4.00164
      vertex 10.2503 -1.7 4.27298
    endloop
  endfacet
  facet normal 0 -1 0
    outer loop
      vertex -9.09919 -1.7 4.00164
      vertex -9.87975 -1.7 4.13189
      vertex -9.68827 -1.7 4.08002
    endloop
  endfacet
  facet normal 0 -1 0
    outer loop
      vertex 10.2503 -1.7 4.27298
      vertex 9.09919 -1.7 4.00164
      vertex 10.0674 -1.7 4.19631
    endloop
  endfacet
  facet normal 0 -1 0
    outer loop
      vertex -9.09919 -1.7 4.00164
      vertex -9.68827 -1.7 4.08002
      vertex -9.49378 -1.7 4.04092
    endloop
  endfacet
  facet normal 0 -1 0
    outer loop
      vertex 10.0674 -1.7 4.19631
      vertex 9.09919 -1.7 4.00164
      vertex 9.87975 -1.7 4.13189
    endloop
  endfacet
  facet normal 0 -1 0
    outer loop
      vertex -9.09919 -1.7 4.00164
      vertex -9.49378 -1.7 4.04092
      vertex -9.29714 -1.7 4.01475
    endloop
  endfacet
  facet normal 0 -1 0
    outer loop
      vertex 9.87975 -1.7 4.13189
      vertex 9.09919 -1.7 4.00164
      vertex 9.68827 -1.7 4.08002
    endloop
  endfacet
  facet normal 0 -1 0
    outer loop
      vertex 9.68827 -1.7 4.08002
      vertex 9.09919 -1.7 4.00164
      vertex 9.49378 -1.7 4.04092
    endloop
  endfacet
  facet normal 0 -1 0
    outer loop
      vertex 9.49378 -1.7 4.04092
      vertex 9.09919 -1.7 4.00164
      vertex 9.29714 -1.7 4.01475
    endloop
  endfacet
  facet normal -0.386598 0 0.922248
    outer loop
      vertex 10.0674 -1.7 4.19631
      vertex 10.2503 -3.09999 4.27298
      vertex 10.2503 -1.7 4.27298
    endloop
  endfacet
  facet normal -0.386598 0 0.922248
    outer loop
      vertex 10.2503 -3.09999 4.27298
      vertex 10.0674 -1.7 4.19631
      vertex 10.0674 -3.09999 4.19631
    endloop
  endfacet
  facet normal -0.9694 0 0.245488
    outer loop
      vertex 11.8823 -3.09999 6.16779
      vertex 11.931 -1.7 6.3601
      vertex 11.8823 -1.7 6.16779
    endloop
  endfacet
  facet normal -0.9694 0 0.245488
    outer loop
      vertex 11.931 -1.7 6.3601
      vertex 11.8823 -3.09999 6.16779
      vertex 11.931 -3.09999 6.3601
    endloop
  endfacet
  facet normal -0.871469 0 0.49045
    outer loop
      vertex 11.5644 -3.09999 5.44309
      vertex 11.6617 -1.7 5.61598
      vertex 11.5644 -1.7 5.44309
    endloop
  endfacet
  facet normal -0.871469 0 0.49045
    outer loop
      vertex 11.6617 -1.7 5.61598
      vertex 11.5644 -3.09999 5.44309
      vertex 11.6617 -3.09999 5.61598
    endloop
  endfacet
  facet normal 0.757853 -0 0.652426
    outer loop
      vertex -11.3366 -3.09999 5.11847
      vertex -11.2072 -1.7 4.96816
      vertex -11.3366 -1.7 5.11847
    endloop
  endfacet
  facet normal 0.757853 0 0.652426
    outer loop
      vertex -11.2072 -1.7 4.96816
      vertex -11.3366 -3.09999 5.11847
      vertex -11.2072 -3.09999 4.96816
    endloop
  endfacet
  facet normal 0.712955 -0 0.70121
    outer loop
      vertex -11.2072 -3.09999 4.96816
      vertex -11.0681 -1.7 4.82673
      vertex -11.2072 -1.7 4.96816
    endloop
  endfacet
  facet normal 0.712955 0 0.70121
    outer loop
      vertex -11.0681 -1.7 4.82673
      vertex -11.2072 -3.09999 4.96816
      vertex -11.0681 -3.09999 4.82673
    endloop
  endfacet
  facet normal -0.446609 0 0.894729
    outer loop
      vertex 10.2503 -1.7 4.27298
      vertex 10.4278 -3.09999 4.36158
      vertex 10.4278 -1.7 4.36158
    endloop
  endfacet
  facet normal -0.446609 0 0.894729
    outer loop
      vertex 10.4278 -3.09999 4.36158
      vertex 10.2503 -1.7 4.27298
      vertex 10.2503 -3.09999 4.27298
    endloop
  endfacet
  facet normal 0 0.500052 -0.865995
    outer loop
      vertex -12 -3.09999 29.5958
      vertex 12 -2.41731 29.99
      vertex 12 -3.09999 29.5958
    endloop
  endfacet
  facet normal 0 0.500052 -0.865995
    outer loop
      vertex -12 -2.41731 29.99
      vertex 12 -2.41731 29.99
      vertex -12 -3.09999 29.5958
    endloop
  endfacet
  facet normal 0 0.500011 -0.866019
    outer loop
      vertex 12 -2.41731 29.99
      vertex -12 -2.41731 29.99
      vertex 12 -2.39999 30
    endloop
  endfacet
  facet normal 0 0.500011 -0.866019
    outer loop
      vertex 12 -2.39999 30
      vertex -12 -2.41731 29.99
      vertex -12 -2.39999 30
    endloop
  endfacet
  facet normal 0 1 -0
    outer loop
      vertex 11.9996 -3.09999 6.9504
      vertex -12 -3.09999 29.5958
      vertex 12 -3.09999 29.5958
    endloop
  endfacet
  facet normal 0 1 0
    outer loop
      vertex 11.9996 -3.09999 6.9504
      vertex -11.9996 -3.09999 6.9504
      vertex -12 -3.09999 29.5958
    endloop
  endfacet
  facet normal 0 1 0
    outer loop
      vertex 9.09919 -3.09999 4.00164
      vertex 11.9996 -3.09999 6.9504
      vertex 11.9898 -3.09999 6.75226
    endloop
  endfacet
  facet normal 0 1 0
    outer loop
      vertex 11.9996 -3.09999 6.9504
      vertex 9.09919 -3.09999 4.00164
      vertex -11.9996 -3.09999 6.9504
    endloop
  endfacet
  facet normal 0 1 0
    outer loop
      vertex 9.09919 -3.09999 4.00164
      vertex 11.9898 -3.09999 6.75226
      vertex 11.9668 -3.09999 6.55521
    endloop
  endfacet
  facet normal 0 1 -0
    outer loop
      vertex -9.09919 -3.09999 4.00164
      vertex -11.9996 -3.09999 6.9504
      vertex 9.09919 -3.09999 4.00164
    endloop
  endfacet
  facet normal 0 1 0
    outer loop
      vertex 9.09919 -3.09999 4.00164
      vertex 11.9668 -3.09999 6.55521
      vertex 11.931 -3.09999 6.3601
    endloop
  endfacet
  facet normal 0 1 0
    outer loop
      vertex -11.9996 -3.09999 6.9504
      vertex -9.09919 -3.09999 4.00164
      vertex -11.9898 -3.09999 6.75226
    endloop
  endfacet
  facet normal 0 1 0
    outer loop
      vertex 9.09919 -3.09999 4.00164
      vertex 11.931 -3.09999 6.3601
      vertex 11.8823 -3.09999 6.16779
    endloop
  endfacet
  facet normal 0 1 0
    outer loop
      vertex -11.9898 -3.09999 6.75226
      vertex -9.09919 -3.09999 4.00164
      vertex -11.9668 -3.09999 6.55521
    endloop
  endfacet
  facet normal 0 1 0
    outer loop
      vertex 9.09919 -3.09999 4.00164
      vertex 11.8823 -3.09999 6.16779
      vertex 11.821 -3.09999 5.97912
    endloop
  endfacet
  facet normal 0 1 0
    outer loop
      vertex -11.9668 -3.09999 6.55521
      vertex -9.09919 -3.09999 4.00164
      vertex -11.931 -3.09999 6.3601
    endloop
  endfacet
  facet normal 0 1 0
    outer loop
      vertex 9.09919 -3.09999 4.00164
      vertex 11.821 -3.09999 5.97912
      vertex 11.7473 -3.09999 5.79491
    endloop
  endfacet
  facet normal 0 1 0
    outer loop
      vertex -11.931 -3.09999 6.3601
      vertex -9.09919 -3.09999 4.00164
      vertex -11.8823 -3.09999 6.16779
    endloop
  endfacet
  facet normal 0 1 0
    outer loop
      vertex 9.09919 -3.09999 4.00164
      vertex 11.7473 -3.09999 5.79491
      vertex 11.6617 -3.09999 5.61598
    endloop
  endfacet
  facet normal 0 1 0
    outer loop
      vertex -11.8823 -3.09999 6.16779
      vertex -9.09919 -3.09999 4.00164
      vertex -11.821 -3.09999 5.97912
    endloop
  endfacet
  facet normal 0 1 0
    outer loop
      vertex 9.09919 -3.09999 4.00164
      vertex 11.6617 -3.09999 5.61598
      vertex 11.5644 -3.09999 5.44309
    endloop
  endfacet
  facet normal 0 1 0
    outer loop
      vertex -11.821 -3.09999 5.97912
      vertex -9.09919 -3.09999 4.00164
      vertex -11.7473 -3.09999 5.79491
    endloop
  endfacet
  facet normal 0 1 0
    outer loop
      vertex 9.09919 -3.09999 4.00164
      vertex 11.5644 -3.09999 5.44309
      vertex 11.4559 -3.09999 5.27701
    endloop
  endfacet
  facet normal 0 1 0
    outer loop
      vertex -11.7473 -3.09999 5.79491
      vertex -9.09919 -3.09999 4.00164
      vertex -11.6617 -3.09999 5.61598
    endloop
  endfacet
  facet normal 0 1 0
    outer loop
      vertex 9.09919 -3.09999 4.00164
      vertex 11.4559 -3.09999 5.27701
      vertex 11.3366 -3.09999 5.11847
    endloop
  endfacet
  facet normal 0 1 0
    outer loop
      vertex -11.6617 -3.09999 5.61598
      vertex -9.09919 -3.09999 4.00164
      vertex -11.5644 -3.09999 5.44309
    endloop
  endfacet
  facet normal 0 1 0
    outer loop
      vertex 9.09919 -3.09999 4.00164
      vertex 11.3366 -3.09999 5.11847
      vertex 11.2072 -3.09999 4.96816
    endloop
  endfacet
  facet normal 0 1 0
    outer loop
      vertex -11.5644 -3.09999 5.44309
      vertex -9.09919 -3.09999 4.00164
      vertex -11.4559 -3.09999 5.27701
    endloop
  endfacet
  facet normal 0 1 0
    outer loop
      vertex 9.09919 -3.09999 4.00164
      vertex 11.2072 -3.09999 4.96816
      vertex 11.0681 -3.09999 4.82673
    endloop
  endfacet
  facet normal 0 1 0
    outer loop
      vertex -11.4559 -3.09999 5.27701
      vertex -9.09919 -3.09999 4.00164
      vertex -11.3366 -3.09999 5.11847
    endloop
  endfacet
  facet normal 0 1 0
    outer loop
      vertex 9.09919 -3.09999 4.00164
      vertex 11.0681 -3.09999 4.82673
      vertex 10.9199 -3.09999 4.6948
    endloop
  endfacet
  facet normal 0 1 0
    outer loop
      vertex -11.3366 -3.09999 5.11847
      vertex -9.09919 -3.09999 4.00164
      vertex -11.2072 -3.09999 4.96816
    endloop
  endfacet
  facet normal 0 1 0
    outer loop
      vertex 9.09919 -3.09999 4.00164
      vertex 10.9199 -3.09999 4.6948
      vertex 10.7634 -3.09999 4.57295
    endloop
  endfacet
  facet normal 0 1 0
    outer loop
      vertex -11.2072 -3.09999 4.96816
      vertex -9.09919 -3.09999 4.00164
      vertex -11.0681 -3.09999 4.82673
    endloop
  endfacet
  facet normal 0 1 0
    outer loop
      vertex 9.09919 -3.09999 4.00164
      vertex 10.7634 -3.09999 4.57295
      vertex 10.5991 -3.09999 4.46171
    endloop
  endfacet
  facet normal 0 1 0
    outer loop
      vertex -11.0681 -3.09999 4.82673
      vertex -9.09919 -3.09999 4.00164
      vertex -10.9199 -3.09999 4.6948
    endloop
  endfacet
  facet normal 0 1 0
    outer loop
      vertex 9.09919 -3.09999 4.00164
      vertex 10.5991 -3.09999 4.46171
      vertex 10.4278 -3.09999 4.36158
    endloop
  endfacet
  facet normal 0 1 0
    outer loop
      vertex -10.9199 -3.09999 4.6948
      vertex -9.09919 -3.09999 4.00164
      vertex -10.7634 -3.09999 4.57295
    endloop
  endfacet
  facet normal 0 1 0
    outer loop
      vertex 9.09919 -3.09999 4.00164
      vertex 10.4278 -3.09999 4.36158
      vertex 10.2503 -3.09999 4.27298
    endloop
  endfacet
  facet normal 0 1 0
    outer loop
      vertex -10.7634 -3.09999 4.57295
      vertex -9.09919 -3.09999 4.00164
      vertex -10.5991 -3.09999 4.46171
    endloop
  endfacet
  facet normal 0 1 0
    outer loop
      vertex 9.09919 -3.09999 4.00164
      vertex 10.2503 -3.09999 4.27298
      vertex 10.0674 -3.09999 4.19631
    endloop
  endfacet
  facet normal 0 1 0
    outer loop
      vertex -10.5991 -3.09999 4.46171
      vertex -9.09919 -3.09999 4.00164
      vertex -10.4278 -3.09999 4.36158
    endloop
  endfacet
  facet normal 0 1 0
    outer loop
      vertex 9.09919 -3.09999 4.00164
      vertex 10.0674 -3.09999 4.19631
      vertex 9.87975 -3.09999 4.13189
    endloop
  endfacet
  facet normal 0 1 0
    outer loop
      vertex -10.4278 -3.09999 4.36158
      vertex -9.09919 -3.09999 4.00164
      vertex -10.2503 -3.09999 4.27298
    endloop
  endfacet
  facet normal 0 1 0
    outer loop
      vertex 9.09919 -3.09999 4.00164
      vertex 9.87975 -3.09999 4.13189
      vertex 9.68827 -3.09999 4.08002
    endloop
  endfacet
  facet normal 0 1 0
    outer loop
      vertex -10.2503 -3.09999 4.27298
      vertex -9.09919 -3.09999 4.00164
      vertex -10.0674 -3.09999 4.19631
    endloop
  endfacet
  facet normal 0 1 0
    outer loop
      vertex 9.09919 -3.09999 4.00164
      vertex 9.68827 -3.09999 4.08002
      vertex 9.49378 -3.09999 4.04092
    endloop
  endfacet
  facet normal 0 1 0
    outer loop
      vertex -10.0674 -3.09999 4.19631
      vertex -9.09919 -3.09999 4.00164
      vertex -9.87975 -3.09999 4.13189
    endloop
  endfacet
  facet normal 0 1 0
    outer loop
      vertex 9.09919 -3.09999 4.00164
      vertex 9.49378 -3.09999 4.04092
      vertex 9.29714 -3.09999 4.01475
    endloop
  endfacet
  facet normal 0 1 0
    outer loop
      vertex -9.87975 -3.09999 4.13189
      vertex -9.09919 -3.09999 4.00164
      vertex -9.68827 -3.09999 4.08002
    endloop
  endfacet
  facet normal 0 1 0
    outer loop
      vertex -9.68827 -3.09999 4.08002
      vertex -9.09919 -3.09999 4.00164
      vertex -9.49378 -3.09999 4.04092
    endloop
  endfacet
  facet normal 0 1 0
    outer loop
      vertex -9.49378 -3.09999 4.04092
      vertex -9.09919 -3.09999 4.00164
      vertex -9.29714 -3.09999 4.01475
    endloop
  endfacet
  facet normal 0 -0.500011 -0.866019
    outer loop
      vertex -12 -2.38267 29.99
      vertex 12 -2.38267 29.99
      vertex 12 -2.39999 30
    endloop
  endfacet
  facet normal 0 -0.500057 -0.865992
    outer loop
      vertex 12 -2.38267 29.99
      vertex -12 -1.7 29.5958
      vertex 12 -1.7 29.5958
    endloop
  endfacet
  facet normal 0 -0.500011 -0.866019
    outer loop
      vertex -12 -2.38267 29.99
      vertex 12 -2.39999 30
      vertex -12 -2.39999 30
    endloop
  endfacet
  facet normal -0 -0.500057 -0.865992
    outer loop
      vertex 12 -2.38267 29.99
      vertex -12 -2.38267 29.99
      vertex -12 -1.7 29.5958
    endloop
  endfacet
endsolid OpenSCAD_Model
